guidance_factor,condition,structure_index,formula,chemical_system,num_sites,volume,predicted_dielectric_scalar,predicted_tensor
0,2,0,CsMn2Se2,Cs-Mn-Se,5,137.90248951696128,5.700613351364637,"[[6.216513022506032, -0.14558460067516638, -0.47247692120363455], [-0.14558460067516638, 6.187666376342325, -0.50932328723994], [-0.47247692120363455, -0.50932328723994, 4.697660655245551]]"
0,2,1,ErF6Ho,Er-F-Ho,8,163.00558252207463,2.0903748692318342,"[[2.0901739335277707, 0.00010647953409901088, 9.20813743042656e-05], [0.00010647953409901088, 2.0903022476742685, 5.114464897473772e-05], [9.20813743042656e-05, 5.114464897473772e-05, 2.0906484264934653]]"
0,2,2,Ca2MoO6Zn,Ca-Mo-O-Zn,10,123.93827778655822,5.090141237508804,"[[5.116726154798649, -0.037002607955744705, 0.09111381486675385], [-0.037002607955744705, 5.144408481315135, 0.06444185246584183], [0.09111381486675385, 0.06444185246584183, 5.009289076412625]]"
0,2,3,BO12Si5Sr,B-O-Si-Sr,19,278.76161858372063,2.44645005722677,"[[2.659204748348114, 0.05547941283144247, 0.025300207668920823], [0.05547941283144247, 2.207113316366081, 0.06913290930433405], [0.025300207668920823, 0.06913290930433405, 2.473032106966114]]"
0,2,4,Hf2Li4S6,Hf-Li-S,12,216.98731608157996,6.617602722851404,"[[6.5346053572358915, 0.00017854588084331133, 0.00039118852287570876], [0.00017854588084331133, 5.975096410097453, -0.0019156661291677333], [0.00039118852287570876, -0.0019156661291677333, 7.343106401220865]]"
0,2,5,As4Pt2,As-Pt,6,115.03433097319784,23.07402181450618,"[[23.806981752219276, -0.0027569376382966158, -0.0004947485631628213], [-0.0027569376382966158, 21.08935932065554, 0.0006029358196679728], [-0.0004947485631628213, 0.0006029358196679728, 24.32572437064373]]"
0,2,6,Ca4In2P4,Ca-In-P,10,243.83717482315276,10.094212934682988,"[[10.272926978542966, -0.00024069743460434844, -0.00018569146472436715], [-0.00024069743460434844, 9.538012147766366, -0.010724301802415138], [-0.00018569146472436715, -0.010724301802415138, 10.471699677739636]]"
0,2,7,CaCl2,Ca-Cl,3,100.66407008493668,2.283644483751084,"[[2.550706201028051, 7.171234608234194e-05, -0.00018572644281917758], [7.171234608234194e-05, 2.550826496083771, 1.8967429271202886e-06], [-0.00018572644281917758, 1.8967429271202886e-06, 1.7494007541414287]]"
0,2,8,C4,C,4,22.767310581291543,5.555459915795265,"[[5.555850015962558, -6.270248121427124e-05, 0.0005196289540607738], [-6.270248121427124e-05, 5.554966594010628, -0.0012560255728339548], [0.0005196289540607738, -0.0012560255728339548, 5.555563137412606]]"
0,2,9,Br4F2O2,Br-F-O,8,275.8847824102132,2.51280933548789,"[[1.3739805143916695, -0.7701338391970556, 0.056887679943798494], [-0.7701338391970556, 2.6294150953711566, 0.2798234093326606], [0.056887679943798494, 0.2798234093326606, 3.5350323967008466]]"
0,2,10,AsCa4I2P,As-Ca-I-P,8,246.77706628240136,5.829856235107267,"[[5.898994258084096, 0.00016302022471046166, 0.0003708467493593131], [0.00016302022471046166, 5.874159601983297, -0.04433471346948712], [0.0003708467493593131, -0.04433471346948712, 5.7164148452544055]]"
0,2,11,HClI2,Cl-H-I,4,165.9110355120676,3.577742947087624,"[[2.8987234649699385, 0.7570576380411159, 1.033436770564744], [0.7570576380411159, 3.558553984191099, 1.4884741593668251], [1.033436770564744, 1.4884741593668251, 4.275951392101833]]"
0,2,12,Ho4LiOS5,Ho-Li-O-S,11,210.7554450819044,6.958322869586535,"[[7.198481293073431, 5.960787946197753e-05, -4.607294389563178e-06], [5.960787946197753e-05, 6.982617310111558, 0.000947852898815216], [-4.607294389563178e-06, 0.000947852898815216, 6.693870005574617]]"
0,2,13,Mg2S2,Mg-S,4,85.62580779053268,4.478150029064495,"[[4.233721472528926, 0.0003292134089521234, -3.937204524247286e-05], [0.0003292134089521234, 4.238573263052043, -1.5005102612701842e-06], [-3.937204524247286e-05, -1.5005102612701842e-06, 4.962155351612515]]"
0,2,14,Ag2CdS4Si,Ag-Cd-S-Si,8,183.79758853460743,5.777906845172271,"[[5.820365249176541, -0.03415455715661263, -0.05994544207726026], [-0.03415455715661263, 5.807719969145791, -0.07201016022163334], [-0.05994544207726026, -0.07201016022163334, 5.705635317194476]]"
0,2,15,BaCu4Na3O4,Ba-Cu-Na-O,12,222.66790777177087,5.172859374697631,"[[3.016330463537012, -0.0040038010958225205, -0.03417717294812243], [-0.0040038010958225205, 9.386778612064305, 0.0024722347818125676], [-0.03417717294812243, 0.0024722347818125676, 3.115469048491575]]"
0,2,16,Br3,Br,3,132.44822727548367,5.193289799123248,"[[4.7444181838913435, -0.7225688677315371, -2.642768383594163], [-0.7225688677315371, 6.171611575407424, -1.5433532516375217], [-2.642768383594163, -1.5433532516375217, 4.663839638070976]]"
0,2,17,N4Nd2Sm2,N-Nd-Sm,8,133.92826140913513,9.700718955881865,"[[9.78835471257567, 6.0734427828329745e-06, 3.457438133092049e-05], [6.0734427828329745e-06, 9.759864003637826, -0.08269017536664737], [3.457438133092049e-05, -0.08269017536664737, 9.55393815143209]]"
0,2,18,BrCl4O13,Br-Cl-O,18,337.5753156536618,2.7613345472238806,"[[2.481632902951152, 0.06252630056485978, -0.32888401579632276], [0.06252630056485978, 2.6179605383846205, -0.20813689205530247], [-0.32888401579632276, -0.20813689205530247, 3.18441020033587]]"
0,2,19,Ba4O4Sb4,Ba-O-Sb,12,372.8322878168676,6.7443116624420325,"[[6.054523311169526, 0.0031280842708978395, -0.0019825033287580586], [0.0031280842708978395, 7.274787265231507, -0.9855434360207238], [-0.0019825033287580586, -0.9855434360207238, 6.903624410925066]]"
0,2,20,As2Dy2Li2O,As-Dy-Li-O,7,126.65582827676948,9.19040741899176,"[[9.685307156968301, -0.12223130529262578, -0.424095234563578], [-0.12223130529262578, 9.667741958575583, -0.4556364460014383], [-0.424095234563578, -0.4556364460014383, 8.218173141431395]]"
0,2,21,N3O10S3,N-O-S,16,466.6078348250421,1.746095628260725,"[[1.7197408963073753, 0.004817185588728762, -0.12802997153830356], [0.004817185588728762, 1.7627377238242357, 0.1239695248847453], [-0.12802997153830356, 0.1239695248847453, 1.7558082646505637]]"
0,2,22,H3O2Pb,H-O-Pb,6,72.78139260270845,3.717028016003725,"[[3.8911153701793904, 0.1996740910503555, 0.023217760093909738], [0.1996740910503555, 3.722371394315285, 0.01332010120631595], [0.023217760093909738, 0.01332010120631595, 3.537597283516501]]"
0,2,23,Cl2Co2Er2,Cl-Co-Er,6,137.89510566646095,8.015147074861789,"[[9.043016137389062, -0.059603455353845716, 0.5704201322686596], [-0.059603455353845716, 9.108475628061496, 0.3362390042563254], [0.5704201322686596, 0.3362390042563254, 5.893949459134804]]"
0,2,24,F4Mg2,F-Mg,6,76.51400664701947,1.7663022299434246,"[[1.893946494520378, 0.000405370435361228, 4.139547359943681e-06], [0.000405370435361228, 1.5074883263773726, -0.005408114591350443], [4.139547359943681e-06, -0.005408114591350443, 1.8974718689325232]]"
0,2,25,Br9FK9Zn,Br-F-K-Zn,20,752.2387291050367,2.416724537541663,"[[2.418377850642158, -0.002756193619751789, -0.007887592026325533], [-0.002756193619751789, 2.4471781936014523, -0.00929676367010823], [-0.007887592026325533, -0.00929676367010823, 2.3846175683813797]]"
0,2,26,Cu4FLi2O5,Cu-F-Li-O,12,126.8828550836389,8.359703184172469,"[[7.100117344843032, -0.11810806692952457, 2.5368599328244006], [-0.11810806692952457, 10.164126450289105, -0.6640612752126301], [2.5368599328244006, -0.6640612752126301, 7.8148657573852605]]"
0,2,27,Al4CuFGeO8,Al-Cu-F-Ge-O,15,227.35651329835449,2.976279312677812,"[[3.3374761695071387, 0.0892420747763777, 0.07951967254377756], [0.0892420747763777, 3.024291515166201, -0.04376286415422953], [0.07951967254377756, -0.04376286415422953, 2.5670702533600966]]"
0,2,28,H3ClO,Cl-H-O,5,67.18877089751771,2.349961243701985,"[[2.3830976276101903, -0.15867833994696054, -0.27366781058527534], [-0.15867833994696054, 2.455895986795352, -0.21878391048137924], [-0.27366781058527534, -0.21878391048137924, 2.2108901167004125]]"
0,2,29,Br4,Br,4,177.68178215298607,4.440091947823958,"[[3.9089772749152636, 0.05791173367924455, -2.9382512487075223], [0.05791173367924455, 3.032708003229775, 0.039878262075340495], [-2.9382512487075223, 0.039878262075340495, 6.378590565326837]]"
0,2,30,Ag2In4S8Sc,Ag-In-S-Sc,15,327.9844532195102,9.308301046267044,"[[9.540789419852963, -0.04860594366491935, 0.016173797229126183], [-0.04860594366491935, 9.2517999469709, -0.0792632346389473], [0.016173797229126183, -0.0792632346389473, 9.13231377197727]]"
0,2,31,Ba2N6Nb2,Ba-N-Nb,10,167.6992810221416,7.509574049491872,"[[9.397224065032308, 0.003456225845275166, -0.5206190851341371], [0.003456225845275166, 6.440513610489881, 0.007634243463311366], [-0.5206190851341371, 0.007634243463311366, 6.690984472953421]]"
0,2,32,RbTe2,Rb-Te,3,129.5020786114692,9.826337724752769,"[[17.667210846723176, -0.11274279770040783, 3.5824061474520956], [-0.11274279770040783, 5.34907221910765, -0.19221061484195406], [3.5824061474520956, -0.19221061484195406, 6.462730108427475]]"
0,2,33,Cs2S5Se2,Cs-S-Se,9,367.174159376091,3.5397219763367733,"[[3.7997852737197926, 0.289796921206401, -0.1203700493580236], [0.289796921206401, 3.4001704969896456, 0.002463190825840985], [-0.1203700493580236, 0.002463190825840985, 3.4192101583008814]]"
0,2,34,HF2K,F-H-K,4,71.48883200503056,1.724148838220733,"[[1.6525670916756916, 0.030496961805542643, -0.11870228840600179], [0.030496961805542643, 1.6237907522009203, -0.07521957598115077], [-0.11870228840600179, -0.07521957598115077, 1.8960886707855875]]"
0,2,35,Er7S12Ti,Er-S-Ti,20,447.6686170444926,7.234183046739894,"[[7.54110371477691, -0.00031486279135449957, 0.0002830716410630489], [-0.00031486279135449957, 7.038553146268865, -0.015440064159873996], [0.0002830716410630489, -0.015440064159873996, 7.122892279173912]]"
0,2,36,Cl6Rb2Zr,Cl-Rb-Zr,9,284.1334879904192,2.822891865822043,"[[2.822819278682622, 0.001214382390801286, 0.002837714842360103], [0.001214382390801286, 2.820045992547272, 0.00251530950534355], [0.002837714842360103, 0.00251530950534355, 2.825810326236235]]"
0,2,37,Ca2F2O2,Ca-F-O,6,82.78350807071885,2.945934007957429,"[[3.026259929146402, 0.05798939885717971, 0.02224853987610317], [0.05798939885717971, 3.0314668094998014, -0.026429923971701748], [0.02224853987610317, -0.026429923971701748, 2.780075285226083]]"
0,2,38,K2O5Sn2Zn,K-O-Sn-Zn,10,161.67876524211567,4.731200090426918,"[[4.667261123269531, 0.0814708810319158, -0.11259052527293932], [0.0814708810319158, 4.713976791135502, -0.14930105766171914], [-0.11259052527293932, -0.14930105766171914, 4.812362356875722]]"
0,2,39,CrO8Tm3,Cr-O-Tm,12,148.0246099119835,4.62211160411972,"[[4.680923885653455, -0.00034163570809655195, 0.0035761583990483355], [-0.00034163570809655195, 4.6808265290074615, 0.010939539865311057], [0.0035761583990483355, 0.010939539865311057, 4.504584397698243]]"
0,2,40,Cr4Li2O8,Cr-Li-O,14,247.35439530141335,6.893023116905606,"[[6.892202182728513, -0.0012892669611309705, -0.0011063129877550498], [-0.0012892669611309705, 6.892613392773863, 0.0025819131945566554], [-0.0011063129877550498, 0.0025819131945566554, 6.894253775214442]]"
0,2,41,H4K4,H-K,8,184.7808949419536,2.821726385338129,"[[2.8216779282652014, 9.037731066511445e-05, 0.00016458230826909233], [9.037731066511445e-05, 2.821521859253276, 0.00012970374968062788], [0.00016458230826909233, 0.00012970374968062788, 2.8219793684959122]]"
0,2,42,O2Zn2,O-Zn,4,49.67800567759407,6.207931475335658,"[[6.2072158150376735, -0.0006095363158601331, 0.0006446803751597674], [-0.0006095363158601331, 6.210244160498347, 0.0009805263776306793], [0.0006446803751597674, 0.0009805263776306793, 6.206334450470952]]"
0,2,43,H2Br2,Br-H,4,145.92964487514817,2.09346136554058,"[[1.935332892309425, -0.3307384014766448, -0.003283904878072007], [-0.3307384014766448, 2.152875534919991, -0.0031513216418364185], [-0.003283904878072007, -0.0031513216418364185, 2.192175669392323]]"
0,2,44,Ag3CuHf2S6,Ag-Cu-Hf-S,12,260.6616497515309,8.999995332950737,"[[9.670209548057516, 0.004630602335848974, -0.009280878261558332], [0.004630602335848974, 8.291814259979656, 0.5771350149328907], [-0.009280878261558332, 0.5771350149328907, 9.037962190815042]]"
0,2,45,BaOS,Ba-O-S,3,73.66645068383228,4.013713979542243,"[[4.024244915632664, -0.006146062239954981, -0.010712837206333715], [-0.006146062239954981, 4.017389589254743, -0.01658243722576831], [-0.010712837206333715, -0.01658243722576831, 3.9995074337393177]]"
0,2,46,O8P2Ta,O-P-Ta,11,150.87644410170554,3.829679953760361,"[[4.020388356344186, -4.93127983635466e-05, -0.0012396799514852632], [-4.93127983635466e-05, 4.02168284193638, -0.002012106088359079], [-0.0012396799514852632, -0.002012106088359079, 3.446968663000515]]"
0,2,47,Cs6P4,Cs-P,10,517.4721930277665,4.380016021602139,"[[4.660043092226096, -9.233227555937199e-05, -0.00032739487569953307], [-9.233227555937199e-05, 3.794622378666814, -0.0002018894655186437], [-0.00032739487569953307, -0.0002018894655186437, 4.685382593913508]]"
0,2,48,Cs3F6W,Cs-F-W,10,238.50652809005464,2.298716843026209,"[[2.298654702382251, 5.1121055558766864e-05, 2.054856532431065e-05], [5.1121055558766864e-05, 2.2987141566572014, 2.5616745824034474e-07], [2.054856532431065e-05, 2.5616745824034474e-07, 2.2987816700391743]]"
0,2,49,Mg2N2,Mg-N,4,50.85722832941541,5.170825793480623,"[[4.9382075971824735, 0.00020156201802998448, -0.00018572874015871347], [0.00020156201802998448, 4.932373413587564, 0.0004563649635276054], [-0.00018572874015871347, 0.0004563649635276054, 5.641896369671829]]"
0,2,50,AgAlS2,Ag-Al-S,4,88.35692148753569,6.031684209705261,"[[6.013218107599647, 0.002380974364722739, -0.021193113319051406], [0.002380974364722739, 6.008121599638147, -0.011771559020810696], [-0.021193113319051406, -0.011771559020810696, 6.073712921877986]]"
0,2,51,Mo2NaO4,Mo-Na-O,7,94.50849451063408,4.453982599456172,"[[5.365720876818166, 5.821772648938684e-05, -0.001722922076381087], [5.821772648938684e-05, 5.36619499955606, 0.00030334767844136795], [-0.001722922076381087, 0.00030334767844136795, 2.630031921994288]]"
0,2,52,F5La2O4W,F-La-O-W,12,172.0486186731029,3.706367291928862,"[[3.6553641317430925, -0.3143659902670946, 0.2970486153090506], [-0.3143659902670946, 3.8412393251779573, 0.10868469494091315], [0.2970486153090506, 0.10868469494091315, 3.622498418865539]]"
0,2,53,F12PbSb2,F-Pb-Sb,15,264.5916589172391,2.288073812561496,"[[2.2586782620235075, -0.16487796518471334, 0.13029227278475153], [-0.16487796518471334, 2.344525503416506, 0.10400753963581211], [0.13029227278475153, 0.10400753963581211, 2.2610176722444706]]"
0,2,54,C2Ba2O6,Ba-C-O,10,165.23983748090512,2.6763037173666318,"[[2.7525350239145334, 0.0015114903359916682, 0.2457700668590274], [0.0015114903359916682, 2.9434092037874304, -0.0007949185393814198], [0.2457700668590274, -0.0007949185393814198, 2.3329669243979314]]"
0,2,55,C2Ca6CoF4,C-Ca-Co-F,13,256.33955963744205,4.678983576637063,"[[5.107563802464746, -0.004332038524945545, -0.0003026929453744414], [-0.004332038524945545, 4.217844651950439, 0.080044120462153], [-0.0003026929453744414, 0.080044120462153, 4.711542275496003]]"
0,2,56,BaNaSb2,Ba-Na-Sb,4,130.11650308822985,12.7134705834445,"[[11.139418260524106, 1.8110719776597514e-05, -0.014491415369154853], [1.8110719776597514e-05, 11.140154439680485, -0.006184543014566847], [-0.014491415369154853, -0.006184543014566847, 15.860839050128913]]"
0,2,57,B2K2LuO6,B-K-Lu-O,11,153.35181038581828,2.723622470203819,"[[2.8403018248235994, 0.0032919176108727427, -0.001474890721739642], [0.0032919176108727427, 2.785920954688442, -0.17153012866268252], [-0.001474890721739642, -0.17153012866268252, 2.5446446310994166]]"
0,2,58,CuMn2O8P2Sr,Cu-Mn-O-P-Sr,14,228.62188561190365,3.487468699510527,"[[3.6973455309255114, -0.05323322512852298, 0.013932341521684153], [-0.05323322512852298, 3.0154581150271507, -0.2212950053337845], [0.013932341521684153, -0.2212950053337845, 3.749602452578918]]"
0,2,59,CuPdTe2,Cu-Pd-Te,4,90.96318027165408,16.817764963808838,"[[19.286645701785268, 0.002140253951589146, -0.0005509039318117207], [0.002140253951589146, 16.229846555480847, 1.7015257760962281], [-0.0005509039318117207, 1.7015257760962281, 14.936802634160394]]"
0,2,60,F13O3Sb4,F-O-Sb,20,319.720176613501,2.605919867020731,"[[2.7468683349237857, -0.15943014114826956, -0.05031919496821825], [-0.15943014114826956, 2.7012806665852755, -0.08667026671347956], [-0.05031919496821825, -0.08667026671347956, 2.369610599553133]]"
0,2,61,H3Na3O3,H-Na-O,9,110.26309145303814,2.2737840168312,"[[2.3048929062874506, -7.498237307567991e-05, 0.030065930988604692], [-7.498237307567991e-05, 2.3588752674677016, 0.0005290960802455273], [0.030065930988604692, 0.0005290960802455273, 2.1575838767384456]]"
0,2,62,Pd3S2Te2,Pd-S-Te,7,147.5480653622156,15.148641603597731,"[[15.950467032574721, 0.2586734891621851, -0.39222506436651183], [0.2586734891621851, 14.851219980008269, 0.9399836489419676], [-0.39222506436651183, 0.9399836489419676, 14.644237798210202]]"
0,2,63,Bi2Na3S6Sc,Bi-Na-S-Sc,12,276.7209157617773,7.5848513653725105,"[[8.77287775772401, -0.1787654757152761, -0.5642997717596745], [-0.1787654757152761, 8.546382687457752, -1.0305128707857993], [-0.5642997717596745, -1.0305128707857993, 5.4352936509357646]]"
0,2,64,As2O6Zn2,As-O-Zn,10,113.36425469662171,4.741816571433151,"[[4.745273864690843, -0.0033000510338546084, 0.009130095979182979], [-0.0033000510338546084, 4.748449794358112, 0.006328261329138211], [0.009130095979182979, 0.006328261329138211, 4.731726055250498]]"
0,2,65,Br8Mo3Se,Br-Mo-Se,12,400.0266064017154,6.193538325792581,"[[5.907682960218358, 0.05134363359991944, -0.13212845848420696], [0.05134363359991944, 6.453941629310561, -0.475709201896217], [-0.13212845848420696, -0.475709201896217, 6.218990387848823]]"
0,2,66,F13Ho3Na3,F-Ho-Na,19,256.2729034099412,2.2253354420693827,"[[2.210165009812095, -0.010035897669550563, 0.01879614635534109], [-0.010035897669550563, 2.2593759444492316, 0.05634483841038711], [0.01879614635534109, 0.05634483841038711, 2.206465371946819]]"
0,2,67,I8Zr2,I-Zr,10,467.5609550202483,4.489564378414685,"[[5.397570386241383, -0.23348970574658656, 0.8389875129646711], [-0.23348970574658656, 3.74833339133959, 0.42679332072041676], [0.8389875129646711, 0.42679332072041676, 4.3227893576630825]]"
0,2,68,Al2K2Li2O6,Al-K-Li-O,12,145.62088390534203,2.6642311457536763,"[[2.680266768694708, 0.004867966800275046, -0.0031020549156597897], [0.004867966800275046, 2.666931220538419, -0.019841007334528833], [-0.0031020549156597897, -0.019841007334528833, 2.645495448027902]]"
0,2,69,AsHg3O6,As-Hg-O,10,162.1502946765923,4.896975379527201,"[[4.902796583738143, -0.2873977279213366, -0.37958034406044044], [-0.2873977279213366, 4.999881037173692, -0.3160506252815376], [-0.37958034406044044, -0.3160506252815376, 4.7882485176697696]]"
0,2,70,O9Ta2V2,O-Ta-V,13,194.65215050463783,4.9591296255504895,"[[5.887895034294082, 0.00027190347888368476, -0.0009760229743697223], [0.00027190347888368476, 5.301976604564666, -0.03593543664452999], [-0.0009760229743697223, -0.03593543664452999, 3.68751723779272]]"
0,2,71,Ba2O2,Ba-O,4,88.46213022923011,5.228333317461113,"[[5.232595207651918, -1.1066318307211522e-06, 0.00014328028387829123], [-1.1066318307211522e-06, 5.229448668972881, 9.242560201056725e-06], [0.00014328028387829123, 9.242560201056725e-06, 5.22295607575854]]"
0,2,72,Ge2I4,Ge-I,6,231.42048387698784,7.220767969102901,"[[7.93814827582206, -0.005392591511082595, -0.0003176676417732873], [-0.005392591511082595, 6.620202196193738, -0.00609380174273508], [-0.0003176676417732873, -0.00609380174273508, 7.103953435292905]]"
0,2,73,F9Li2O3V4,F-Li-O-V,18,209.0756648932665,4.237993774006645,"[[5.367972075571872, 0.00014925423087328108, -0.0018036155614152263], [0.00014925423087328108, 3.6416724447937883, -0.0741375031357906], [-0.0018036155614152263, -0.0741375031357906, 3.7043368016542755]]"
0,2,74,H3Cl3K3N2Zr,Cl-H-K-N-Zr,12,259.5033189486019,3.0749279977525763,"[[3.371676185106888, -0.03751665691303556, -0.13268321815122486], [-0.03751665691303556, 2.9531409971775338, -0.14502271059463565], [-0.13268321815122486, -0.14502271059463565, 2.899966810973307]]"
0,2,75,KO2Pb,K-O-Pb,4,72.89136530515512,5.103108113074179,"[[5.495156317991313, -0.0009298129977031892, -0.0027507824186128274], [-0.0009298129977031892, 5.37277242490236, -0.3591639288839815], [-0.0027507824186128274, -0.3591639288839815, 4.441395596328867]]"
0,2,76,Ag5S8SbSi2,Ag-S-Sb-Si,16,395.0786622921679,6.467088802037684,"[[6.651133397341524, 0.24456960295308908, 0.011768783377029114], [0.24456960295308908, 6.422799625366983, -0.20677754189061912], [0.011768783377029114, -0.20677754189061912, 6.327333383404544]]"
0,2,77,N2NbYb,N-Nb-Yb,4,48.791710479745326,13.133863021316763,"[[16.118992500800776, -0.5021732689842994, 2.9108670514173793], [-0.5021732689842994, 16.635984179560776, 1.775418460875824], [2.9108670514173793, 1.775418460875824, 6.6466123835887405]]"
0,2,78,Au2Cs6O2,Au-Cs-O,10,405.8163359120276,3.62444558981038,"[[3.626785485966482, -0.03217529262225754, -0.01032459313282799], [-0.03217529262225754, 3.64138786427816, -0.043033014380510964], [-0.01032459313282799, -0.043033014380510964, 3.605163419186497]]"
0,2,79,As2Fe2LiO6,As-Fe-Li-O,11,162.04395383390062,4.2210730599570185,"[[4.059622922325855, -0.2427629003445352, 0.18998896524135378], [-0.2427629003445352, 4.050918938566643, 0.20701081185979936], [0.18998896524135378, 0.20701081185979936, 4.552677318978561]]"
0,2,80,H2CdO2,Cd-H-O,5,51.464353834076256,3.561736382174196,"[[3.6943468045468704, 0.05064724592409876, -0.0039381687223325555], [0.05064724592409876, 3.753479818749215, -4.1149439631911615e-06], [-0.0039381687223325555, -4.1149439631911615e-06, 3.2373825232265014]]"
0,2,81,Ca2O6Ti2,Ca-O-Ti,10,115.16684983014356,6.398705065974535,"[[6.528129504294628, -0.010014379566476205, 0.13380759853950216], [-0.010014379566476205, 6.293151618641096, -0.0008689196737244259], [0.13380759853950216, -0.0008689196737244259, 6.374834074987878]]"
0,2,82,Na2Sb2Se8Si2,Na-Sb-Se-Si,14,405.3220045487791,7.046137781618675,"[[6.434458615127126, -0.5492439694779099, 0.0023084070130755924], [-0.5492439694779099, 5.977444011492766, -0.0007286007173408542], [0.0023084070130755924, -0.0007286007173408542, 8.726510718236131]]"
0,2,83,AlB2Te2Ti,Al-B-Te-Ti,6,110.13359462716454,13.369105255941497,"[[14.69992567419692, -0.07828615998342311, 0.7602284502473666], [-0.07828615998342311, 14.784756298770956, 0.4470836656450331], [0.7602284502473666, 0.4470836656450331, 10.62263379485661]]"
0,2,84,CeCs3I6,Ce-Cs-I,10,547.2585215828723,4.3222960869443305,"[[4.322603402419503, 0.00020644249679983723, -0.0013224033178242229], [0.00020644249679983723, 4.3244026839896454, -0.001567620661593431], [-0.0013224033178242229, -0.001567620661593431, 4.3198821744238405]]"
0,2,85,F6Li2Ni2,F-Li-Ni,10,112.91672921906536,2.4851546121155206,"[[2.6412969437238303, 8.506053015780657e-06, 0.00018487966741816665], [8.506053015780657e-06, 2.638042801945164, 0.0010778016897092727], [0.00018487966741816665, 0.0010778016897092727, 2.1761240906775674]]"
0,2,86,H8Si2,H-Si,10,133.94942248420614,2.4449776807408776,"[[2.408890754037804, -0.05385615446646301, -0.0014298147147854684], [-0.05385615446646301, 2.3926346005366725, -0.0012747433146092807], [-0.0014298147147854684, -0.0012747433146092807, 2.533407687648154]]"
0,2,87,I4O4Sc4,I-O-Sc,12,295.929263261238,4.924155927316536,"[[5.783253723904647, 0.00011626741930789685, 0.0003109308633341655], [0.00011626741930789685, 5.48336597885565, -0.07833538076229232], [0.0003109308633341655, -0.07833538076229232, 3.505848079189313]]"
0,2,88,H2I2OSn2,H-I-O-Sn,7,203.10831945512865,6.171619033278567,"[[6.293254162902986, -0.49568298715688824, -0.39580691046648225], [-0.49568298715688824, 6.0562059068159195, -0.7897703880233207], [-0.39580691046648225, -0.7897703880233207, 6.165397030116797]]"
0,2,89,LiLu2Zn,Li-Lu-Zn,4,87.95985050787321,8.528271026552053,"[[8.527216821799946, 0.0004944772291473554, -0.003044831438965565], [0.0004944772291473554, 8.529292402320245, -0.0012168620642692353], [-0.003044831438965565, -0.0012168620642692353, 8.528303855535974]]"
0,2,90,Cr2N5Na5,Cr-N-Na,12,189.9397535594705,7.634018842239759,"[[10.814746179305684, -1.1529271300172703, 1.1289054981414166], [-1.1529271300172703, 5.240574040102077, -0.9421540778982077], [1.1289054981414166, -0.9421540778982077, 6.846736307311518]]"
0,2,91,F2Hg2,F-Hg,4,79.76561105725895,4.442878259547027,"[[3.784120225741485, 0.25673212499605175, 0.705574229910703], [0.25673212499605175, 3.835228511953706, 0.7838082614211833], [0.705574229910703, 0.7838082614211833, 5.709286040945888]]"
0,2,92,O4,O,4,105.6950286447121,1.8625867136161085,"[[1.8168581962640258, 0.002005729438988742, -0.0036118653065284525], [0.002005729438988742, 1.8263673942902086, -0.1003038657970229], [-0.0036118653065284525, -0.1003038657970229, 1.9445345502940912]]"
0,2,93,Hg2I6Sb,Hg-I-Sb,9,435.81363069889954,4.601489076516296,"[[3.1560527990857357, -0.6390426665359619, -0.009835608763482842], [-0.6390426665359619, 5.230877148252793, -0.030577183470267458], [-0.009835608763482842, -0.030577183470267458, 5.4175372822103585]]"
0,2,94,Ba2Fe2O7Sn,Ba-Fe-O-Sn,12,234.99869241922548,4.427048924375803,"[[4.517427999983923, -0.03388939005123691, 0.1344287216478909], [-0.03388939005123691, 4.5404693362456054, 0.08525218416656379], [0.1344287216478909, 0.08525218416656379, 4.223249436897881]]"
0,2,95,BrNa3O5Se,Br-Na-O-Se,10,160.17077132662342,2.8493429613298744,"[[2.9298785769689877, -0.026000663412988893, 0.022435698447057707], [-0.026000663412988893, 2.9112675949039737, -0.19111337898020184], [0.022435698447057707, -0.19111337898020184, 2.7068827121166628]]"
0,2,96,Ca2FeN9Ta4,Ca-Fe-N-Ta,16,210.0596626938115,9.073683048978644,"[[9.678991346796117, -0.0001291279217982762, -0.0022907940650466413], [-0.0001291279217982762, 8.239704210220848, 0.5163777093297007], [-0.0022907940650466413, 0.5163777093297007, 9.302353589918962]]"
0,2,97,C2Cs2N4,C-Cs-N,8,187.36094275956896,2.3819803583795847,"[[1.912461076983703, -0.0013302253845239433, 0.0016856077146137427], [-0.0013302253845239433, 2.636872254663247, -0.0005231334763529142], [0.0016856077146137427, -0.0005231334763529142, 2.596607743491805]]"
0,2,98,ClLa2N,Cl-La-N,4,88.87489174293738,7.899728954067481,"[[7.988875828732054, -0.011626837788151257, 0.07915625092872552], [-0.011626837788151257, 8.000666424341157, 0.047968650055694756], [0.07915625092872552, 0.047968650055694756, 7.709644609129233]]"
0,2,99,CuLiS,Cu-Li-S,3,42.757626519919214,8.068390004650114,"[[8.06949580167105, -0.000984050960375681, -0.0013980280729279453], [-0.000984050960375681, 8.0693312326316, -0.0009401563786767482], [-0.0013980280729279453, -0.0009401563786767482, 8.06634297964769]]"
0,2,100,AgBa2Se7,Ag-Ba-Se,10,334.5303891737425,7.563902254535584,"[[7.109587498170967, 0.10881712273327815, -0.6176814967988498], [0.10881712273327815, 6.9617278906885325, -0.07193142572020558], [-0.6176814967988498, -0.07193142572020558, 8.620391374747257]]"
0,2,101,Br2F2K2,Br-F-K,6,170.0463537201263,3.046430322868129,"[[2.2325520206506146, 0.0018196869717155256, 0.004602276399006474], [0.0018196869717155256, 4.665934155186295, 0.0051894794232407926], [0.004602276399006474, 0.0051894794232407926, 2.2408047927674755]]"
0,2,102,HAsBeCa,As-Be-Ca-H,4,58.63445233495876,8.55855420403829,"[[8.67210985817002, -0.0001468660249374147, -0.003931698008196247], [-0.0001468660249374147, 8.670937512561515, 0.0010275030313673477], [-0.003931698008196247, 0.0010275030313673477, 8.332615241383335]]"
0,2,103,H2NO2W,H-N-O-W,6,57.59032000982522,4.577559736817502,"[[4.19089810131727, 0.002232705769005559, -7.430867497154191e-05], [0.002232705769005559, 5.548013326909115, -0.7902654628727629], [-7.430867497154191e-05, -0.7902654628727629, 3.9937677822261204]]"
0,2,104,CrCu2MgSe8Y3,Cr-Cu-Mg-Se-Y,15,355.65595008184937,9.570366045984192,"[[10.326598664606776, 0.0007898147660355308, 0.00040027711590692], [0.0007898147660355308, 9.067296910172503, 0.1280403125672368], [0.00040027711590692, 0.1280403125672368, 9.317202563173298]]"
0,2,105,Br8Ca2Sr2,Br-Ca-Sr,12,440.623618584536,2.825230254108208,"[[2.8199619200333896, -0.0003428998224870273, 0.0012608488579186287], [-0.0003428998224870273, 2.8799717333148283, 8.828932227857105e-05], [0.0012608488579186287, 8.828932227857105e-05, 2.775757108976404]]"
0,2,106,F10O4Ti2V2,F-O-Ti-V,18,294.43237197606913,3.011275754958302,"[[3.9298321089330948, 0.009916869766542871, 0.010909329548193795], [0.009916869766542871, 3.1374454166700665, -0.21657786782362964], [0.010909329548193795, -0.21657786782362964, 1.9665497392717466]]"
0,2,107,CuK4O8V2,Cu-K-O-V,15,263.8160890615531,3.4545657125326144,"[[3.809666251415793, 0.00519536764280742, 0.002961021801075742], [0.00519536764280742, 3.0713949361105968, 0.21912898022973487], [0.002961021801075742, 0.21912898022973487, 3.4826359500714554]]"
0,2,108,Li6S7SbTa,Li-S-Sb-Ta,15,298.4795293161916,6.3201847601544765,"[[5.897229820703547, -0.12310206328865383, -0.018642918024026022], [-0.12310206328865383, 5.970472808731875, -0.0002870279265103753], [-0.018642918024026022, -0.0002870279265103753, 7.092851651028006]]"
0,2,109,H2Li2O2,H-Li-O,6,60.23029777406359,2.0318477872581,"[[2.0386904095695058, 0.018861915026213948, -0.020270600548069867], [0.018861915026213948, 2.0387254459848605, -0.014900892019472547], [-0.020270600548069867, -0.014900892019472547, 2.018127506219933]]"
0,2,110,FK5Mn3O7,F-K-Mn-O,16,298.52417336861265,4.098860342743106,"[[5.253264833146442, 0.0021953349138506125, -0.0009614776480569366], [0.0021953349138506125, 3.7725463126598617, 0.08930785423697556], [-0.0009614776480569366, 0.08930785423697556, 3.2707698824230125]]"
0,2,111,Au2Rb2Sb2,Au-Rb-Sb,6,211.66381693918635,9.270592802840833,"[[9.587687577779144, -1.1655398920009676, 0.3600243259110528], [-1.1655398920009676, 8.648490704689879, 1.171186157281962], [0.3600243259110528, 1.171186157281962, 9.575600126053471]]"
0,2,112,S11SbSn2Y2,S-Sb-Sn-Y,16,417.7313021866764,7.643010129902019,"[[7.679078514102986, -0.0013633844195502429, -0.0014736227844824], [-0.0013633844195502429, 8.040489810812906, 0.37114200125303953], [-0.0014736227844824, 0.37114200125303953, 7.20946206479016]]"
0,2,113,InO4Si,In-O-Si,6,64.91065684354382,4.2129889278904775,"[[4.172820417852076, -0.00032867074394093065, -0.0013445843137272193], [-0.00032867074394093065, 4.242551982113826, -0.2067070065418953], [-0.0013445843137272193, -0.2067070065418953, 4.223594383705528]]"
0,2,114,In2Na2S3,In-Na-S,7,185.1625956290364,5.725309631535211,"[[6.490445433746221, -0.00014485848473359543, -0.0010351281509825016], [-0.00014485848473359543, 5.870608009139738, -0.8617470818254362], [-0.0010351281509825016, -0.8617470818254362, 4.814875451719677]]"
0,2,115,Cl2Cs2,Cl-Cs,4,169.7152283452136,2.4583718548395006,"[[2.4582139865077623, 3.090136871253959e-05, -5.744851691635648e-05], [3.090136871253959e-05, 2.4581448692726005, -2.884402921327519e-05], [-5.744851691635648e-05, -2.884402921327519e-05, 2.4587567087381395]]"
0,2,116,KN4O3Rb3Si4,K-N-O-Rb-Si,15,295.6023330854624,3.059220003118417,"[[3.522064681121593, 0.046280706867599136, -0.0014924101324701833], [0.046280706867599136, 2.912078275760929, -0.09059499246003108], [-0.0014924101324701833, -0.09059499246003108, 2.7435170524727273]]"
0,2,117,HNaO,H-Na-O,3,29.991137511932592,2.5835706750396525,"[[2.4499075136174997, -0.00463121893971433, 0.09916658730428568], [-0.00463121893971433, 2.7810289178668857, -0.00653412713897927], [0.09916658730428568, -0.00653412713897927, 2.5197755936345723]]"
0,2,118,Na6O8Se2,Na-O-Se,16,213.4435311570124,2.8100642109223983,"[[2.779112379401302, -0.16099858217143512, 0.000694134031557312], [-0.16099858217143512, 2.685732464958799, 0.0009901349410726867], [0.000694134031557312, 0.0009901349410726867, 2.9653477884070956]]"
0,2,119,H2Rb2S,H-Rb-S,5,123.3799278388395,2.660575862283648,"[[2.660746923862872, -0.001567418501844634, 0.0032638810851413616], [-0.001567418501844634, 2.6586331255002853, 0.0012564443847492485], [0.0032638810851413616, 0.0012564443847492485, 2.6623475374877854]]"
0,2,120,HAgMnO8Te2,Ag-H-Mn-O-Te,13,198.71891649176604,3.5726789779353645,"[[3.7539115449735663, 0.13887470322970905, -0.09047281062120467], [0.13887470322970905, 3.638149303631402, -0.05979725033696667], [-0.09047281062120467, -0.05979725033696667, 3.325976085201126]]"
0,2,121,In2Ni3O12Sn3,In-Ni-O-Sn,20,249.512595267262,5.0857195027991935,"[[5.123938311206401, 0.0453911155745467, -0.01676775270990719], [0.0453911155745467, 5.033832842511993, -0.08689796731389524], [-0.01676775270990719, -0.08689796731389524, 5.099387354679188]]"
0,2,122,I3O13Te2,I-O-Te,18,274.88074842164554,5.11716926270906,"[[5.558729163432647, 0.1261573085806546, -0.028417445935282802], [0.1261573085806546, 5.097880324281958, 0.44256374391352016], [-0.028417445935282802, 0.44256374391352016, 4.6948983004125715]]"
0,2,123,NaO3V,Na-O-V,5,92.743402710161,2.742875897150262,"[[3.658087386237242, 0.0004389065617029679, -0.0008077426881700911], [0.0004389065617029679, 2.439644515169911, 0.3290969289181228], [-0.0008077426881700911, 0.3290969289181228, 2.1308957900436316]]"
0,2,124,CBaN2,Ba-C-N,4,83.83124034305695,2.931178021194242,"[[2.5554032796815704, 0.15954105889839604, -0.6159670382643289], [0.15954105889839604, 2.4077428705530535, -0.39344800979737493], [-0.6159670382643289, -0.39344800979737493, 3.830387913348104]]"
0,2,125,Li3O6Pt2,Li-O-Pt,11,135.6579965863633,5.2229223488880985,"[[4.214317902753158, -0.0073496568456197986, 0.0033408238837006952], [-0.0073496568456197986, 4.215133067993409, 0.009188947042820817], [0.0033408238837006952, 0.009188947042820817, 7.239316075917727]]"
0,2,126,Al2Na2O4,Al-Na-O,8,101.50443100347562,2.406202760250935,"[[2.4105433684832476, -0.00037391368926609426, 0.008118748115118061], [-0.00037391368926609426, 2.603912379326975, -0.0008174354117350243], [0.008118748115118061, -0.0008174354117350243, 2.2041525329425817]]"
0,2,127,Li2N4W2,Li-N-W,8,102.6904613602794,6.368951341145274,"[[5.971232599719977, 0.3394551136964364, 0.6063835657401826], [0.3394551136964364, 6.116677970629166, 0.7498720170982984], [0.6063835657401826, 0.7498720170982984, 7.018943453086685]]"
0,4,128,AgCl4Mn,Ag-Cl-Mn,6,179.69607397627607,3.0174957999469942,"[[3.531781929540672, 0.00473305971314577, 0.0008326154346361641], [0.00473305971314577, 3.2272573434460003, -0.5661915920843011], [0.0008326154346361641, -0.5661915920843011, 2.2934481268543103]]"
0,4,129,HfNa3Se4,Hf-Na-Se,8,199.60406480671463,6.606938193601903,"[[7.664360822061206, -0.00038255664436624877, 0.0003086904925113865], [-0.00038255664436624877, 5.9907475186552785, 0.6054994198072301], [0.0003086904925113865, 0.6054994198072301, 6.165706240089222]]"
0,4,130,Lu3Se8Zn3,Lu-Se-Zn,14,360.0709605543677,7.688486446396369,"[[7.635100945895432, -0.056530682762886, -0.00016517957836546682], [-0.056530682762886, 7.796080034679733, 0.07796750626789324], [-0.00016517957836546682, 0.07796750626789324, 7.634278358613943]]"
0,4,131,Ca9O10Tl,Ca-O-Tl,20,287.44367586757204,4.3414175796285255,"[[4.297048145611538, -0.000289604263272969, 0.00023161458596171429], [-0.000289604263272969, 4.3639341583510305, -0.0013204915109758463], [0.00023161458596171429, -0.0013204915109758463, 4.363270434923005]]"
0,4,132,CZr3,C-Zr,4,74.87268990999175,16.685182013565946,"[[16.906518050406454, -0.016260518345213425, 0.1515989267652374], [-0.016260518345213425, 16.92622693968199, 0.08864541351194664], [0.1515989267652374, 0.08864541351194664, 16.222801050609363]]"
0,4,133,I4InRb2,I-In-Rb,7,348.53074285346804,4.109069173831142,"[[4.437984150206032, -0.10817498106058412, -0.3234590083224037], [-0.10817498106058412, 4.417099246811408, -0.3558624581774111], [-0.3234590083224037, -0.3558624581774111, 3.4721241244759846]]"
0,4,134,F9Mn5O,F-Mn-O,15,186.6036962375658,4.3449344713148585,"[[4.0023763108575485, -0.10674862037591154, -0.7424101697504563], [-0.10674862037591154, 4.9401186806303174, -0.08146069924025803], [-0.7424101697504563, -0.08146069924025803, 4.0923084224567114]]"
0,4,135,Ag2Cl3Ga2,Ag-Cl-Ga,7,198.68334058906933,5.049844130653312,"[[5.207302725791412, -0.005916469245242163, 0.08362392181712353], [-0.005916469245242163, 5.220656571022212, 0.048814764516365294], [0.08362392181712353, 0.048814764516365294, 4.721573095146314]]"
0,4,136,H3Ca2I,Ca-H-I,6,117.12234482817053,4.254673347928869,"[[4.192306217788722, 0.007277010232998269, -0.05044973600091971], [0.007277010232998269, 4.182869284266122, -0.027744293265141797], [-0.05044973600091971, -0.027744293265141797, 4.388844541731761]]"
0,4,137,Na2O2Zn,Na-O-Zn,5,73.13899431367156,3.0369073889211102,"[[2.776339182135026, 0.06029466826052255, 0.220231626757483], [0.06029466826052255, 2.780946330960141, 0.2286418938793581], [0.220231626757483, 0.2286418938793581, 3.5534366536681623]]"
0,4,138,Cl2S6Ta3,Cl-S-Ta,11,267.259017247394,6.590236185364286,"[[7.606785076028747, -1.1641819377209632, -2.0908674627125836], [-1.1641819377209632, 7.284064686499469, -2.6246627636268554], [-2.0908674627125836, -2.6246627636268554, 4.879858793564643]]"
0,4,139,CHN3,C-H-N,5,52.86525346743837,2.7047884355114604,"[[3.680486276993138, 0.07532180295633531, 1.1275975842996022], [0.07532180295633531, 1.8899965168032877, -0.06202318366190499], [1.1275975842996022, -0.06202318366190499, 2.543882512737956]]"
0,4,140,AuCl2Rb,Au-Cl-Rb,4,121.78385734487335,3.9010710914434767,"[[4.82427601580756, 0.0012246379254844258, -0.0003517895247857891], [0.0012246379254844258, 2.054568547604372, -0.000602426021616339], [-0.0003517895247857891, -0.000602426021616339, 4.824368710918498]]"
0,4,141,Fe5LiO8Rb,Fe-Li-O-Rb,15,188.61096421480076,5.049347049803728,"[[5.8357986915377325, -0.0004573785191846986, 0.0008742399966852421], [-0.0004573785191846986, 5.067001748465648, 0.25621165044980815], [0.0008742399966852421, 0.25621165044980815, 4.245240709407806]]"
0,4,142,B3Ca2S8Y2,B-Ca-S-Y,15,345.02262596869446,4.974135784391375,"[[5.031494457676405, -0.03294169108183072, -0.30528306117009535], [-0.03294169108183072, 4.59483548827908, -0.08107774070117965], [-0.30528306117009535, -0.08107774070117965, 5.2960774072186405]]"
0,4,143,GeNOPr,Ge-N-O-Pr,4,72.80126173108617,6.433071125568655,"[[5.880554942867828, -0.0013520190779612994, 0.0063078349674231095], [-0.0013520190779612994, 6.173236363377539, 0.06105741501874047], [0.0063078349674231095, 0.06105741501874047, 7.245422070460597]]"
0,4,144,CaKN3O9,Ca-K-N-O,14,205.4284637258089,2.3447156103246485,"[[2.5238145971260884, -0.1346942311726388, -0.019256332414594585], [-0.1346942311726388, 2.1948770275854637, -0.407966366956679], [-0.019256332414594585, -0.407966366956679, 2.3154552062623934]]"
0,4,145,AsLiO4Tl2,As-Li-O-Tl,8,133.4631440767604,4.892349317442819,"[[4.800264642744569, 0.14112501978892752, -0.17860305116178726], [0.14112501978892752, 4.887647834180264, -0.23851314446687957], [-0.17860305116178726, -0.23851314446687957, 4.98913547540362]]"
0,4,146,NaO8Se3,Na-O-Se,12,178.4955725406727,3.3997195286988853,"[[3.893018437887855, -0.17850976956080356, 0.5626302152937188], [-0.17850976956080356, 3.1197626411368207, 0.4703251203362569], [0.5626302152937188, 0.4703251203362569, 3.1863775070719806]]"
0,4,147,K2LiNa,K-Li-Na,4,194.7311092692535,3.507514738590181,"[[3.514159351664512, 1.535031868623019e-05, -0.00027071301612762366], [1.535031868623019e-05, 3.514145352846943, 0.0003440567793704016], [-0.00027071301612762366, 0.0003440567793704016, 3.4942395112590905]]"
0,4,148,Li2N2,Li-N,4,40.56708321098579,3.1825841135629727,"[[3.2650066670304536, -0.003578549930206672, -0.004363978976677201], [-0.003578549930206672, 3.2871979664148867, 0.4299489325068889], [-0.004363978976677201, 0.4299489325068889, 2.9955477072435768]]"
0,4,149,F3O6Re2,F-O-Re,11,486.1524399003843,1.9552857368743777,"[[2.025058057924396, -0.12371144191812816, -0.13876275965213541], [-0.12371144191812816, 1.9417193573565976, 0.014385014642631588], [-0.13876275965213541, 0.014385014642631588, 1.89907979534214]]"
0,4,150,Al2O2,Al-O,4,50.40229140887484,3.883417978965429,"[[4.149403825586595, 0.0008133416637842488, 0.0045612022420469175], [0.0008133416637842488, 4.143056122545283, 0.00860456641888685], [0.0045612022420469175, 0.00860456641888685, 3.3577939887644095]]"
0,4,151,F10Na2Zr2,F-Na-Zr,14,249.3283687092283,1.9148187284638187,"[[1.838681822081067, -0.1627741498353783, 0.010405566152824187], [-0.1627741498353783, 1.9008905242198941, 0.009195477861880155], [0.010405566152824187, 0.009195477861880155, 2.004883839090495]]"
0,4,152,I2NaTl,I-Na-Tl,4,161.67148247607318,4.457986694639305,"[[4.477803825804912, -0.0029028088727010436, 0.018807209119911267], [-0.0029028088727010436, 4.481516914900639, 0.011937084576012192], [0.018807209119911267, 0.011937084576012192, 4.4146393432123645]]"
0,4,153,GeSe2,Ge-Se,3,77.08967093415234,9.24367699150458,"[[11.60611362442202, -0.0002626906835541747, -0.007304364008420354], [-0.0002626906835541747, 11.599944650936562, -0.013124542976221537], [-0.007304364008420354, -0.013124542976221537, 4.5249726991551515]]"
0,4,154,Mg2O4Si,Mg-O-Si,7,88.54765889048329,2.70627218434826,"[[2.768989765912948, -0.0005650888253930697, -0.0007402069178597607], [-0.0005650888253930697, 2.768915035195217, -0.0006419674021644111], [-0.0007402069178597607, -0.0006419674021644111, 2.580911751936616]]"
0,4,155,As5Cl11,As-Cl,16,678.427078805892,2.5780405168592835,"[[2.6733056094435437, -0.08791686966810092, -0.052639972977669904], [-0.08791686966810092, 2.4045006740742507, -0.1287889036795768], [-0.052639972977669904, -0.1287889036795768, 2.656315267060055]]"
0,4,156,KS2Ti,K-S-Ti,4,84.63148117327718,7.878657487911752,"[[9.379724909463281, -0.18006083982719132, 1.2314045021702111], [-0.18006083982719132, 9.569623895915344, 0.7406537477526663], [1.2314045021702111, 0.7406537477526663, 4.686623658356629]]"
0,4,157,BMnO6VZn2,B-Mn-O-V-Zn,11,121.998513408787,4.683808091485267,"[[4.805763946359523, -0.08602636495256726, -0.2711641132859115], [-0.08602636495256726, 4.878390695672385, -0.18268489408680474], [-0.2711641132859115, -0.18268489408680474, 4.367269632423895]]"
0,4,158,Al2Ba2Mg2P2Sb2,Al-Ba-Mg-P-Sb,10,273.03836301564513,9.895347913080364,"[[10.220724174111803, -0.001660269217444356, -0.5588655340560515], [-0.001660269217444356, 10.313306791107482, -0.004793592160568992], [-0.5588655340560515, -0.004793592160568992, 9.152012774021793]]"
0,4,159,K6P2,K-P,8,337.35045213029326,4.532197428792601,"[[4.703367149592877, 0.00016447707822533775, -0.0001526233290443177], [0.00016447707822533775, 4.445844115500423, -0.006600333713431414], [-0.0001526233290443177, -0.006600333713431414, 4.447381021284507]]"
0,4,160,Fe2Li5RbSb4,Fe-Li-Rb-Sb,12,277.1476919924923,10.578956721968792,"[[10.522812751382395, -0.010289209065753813, 0.07992924524207021], [-0.010289209065753813, 10.322808050060162, -0.05117664423218335], [0.07992924524207021, -0.05117664423218335, 10.89124936446382]]"
0,4,161,H2Ba2Cl2O2,Ba-Cl-H-O,8,154.77637030127187,3.455805090249476,"[[3.937090512037959, 0.00010555277061999858, -0.2495500920500172], [0.00010555277061999858, 3.1637541597652485, -6.996678399809928e-05], [-0.2495500920500172, -6.996678399809928e-05, 3.2665705989452185]]"
0,4,162,H4S2,H-S,6,107.00387255729557,2.46376748765473,"[[2.4941415550104473, 0.0007291966670859254, 0.0001870125026537143], [0.0007291966670859254, 2.493646967268358, 0.0008068834985680385], [0.0001870125026537143, 0.0008068834985680385, 2.4035139406853867]]"
0,4,163,Cr2Li2O4,Cr-Li-O,8,69.92543214258984,5.120239180736028,"[[4.826654749306561, -0.0010532014218021348, 0.0012195026707608777], [-0.0010532014218021348, 5.1442711700251875, -0.4224741188467365], [0.0012195026707608777, -0.4224741188467365, 5.3897916228763325]]"
0,4,164,P8,P,8,175.90544287109216,14.119236022074332,"[[16.200686718187594, -0.002192948005078309, -0.009713554463550385], [-0.002192948005078309, 16.171518572301768, -0.019622645125172325], [-0.009713554463550385, -0.019622645125172325, 9.985502775733634]]"
0,4,165,Cl3InO6S2,Cl-In-O-S,12,290.86361854972137,2.30278487424742,"[[2.3362162120914927, -0.042420449634085304, 0.04967891487522792], [-0.042420449634085304, 2.7846480775213402, -0.16355985195035594], [0.04967891487522792, -0.16355985195035594, 1.7874903331294265]]"
0,4,166,C2Cl6N4Nd4,C-Cl-N-Nd,16,346.67016246963306,4.100719787152632,"[[4.4344043707677185, 0.2231767348995813, 0.185690906582096], [0.2231767348995813, 3.769263100986054, 0.030434923469441735], [0.185690906582096, 0.030434923469441735, 4.098491889704122]]"
0,4,167,Li7O5,Li-O,12,108.03106422873712,3.068074909341,"[[3.018678226459583, 0.09474175223111649, -0.010176125174104765], [0.09474175223111649, 3.1025894669955614, -0.07465755470710517], [-0.010176125174104765, -0.07465755470710517, 3.0829570345678574]]"
0,4,168,Hg2Ni2O4,Hg-Ni-O,8,106.7285790283941,6.943105793470866,"[[6.905660386863513, 0.00597479690812047, 0.040161105722984154], [0.00597479690812047, 6.896314238079068, 0.016828824107372374], [0.040161105722984154, 0.016828824107372374, 7.027342755470022]]"
0,4,169,I12Te2,I-Te,14,856.7412718708439,6.3012216118186215,"[[6.121620387580553, -0.46551431492739836, -0.43147063009912173], [-0.46551431492739836, 6.613445657645335, -1.0207735495522763], [-0.43147063009912173, -1.0207735495522763, 6.168598790229977]]"
0,4,170,I8,I,8,382.46245304121953,7.02174674181203,"[[3.0172610982396084, -0.001839411557185307, 0.06260144260283243], [-0.001839411557185307, 2.7856681292445518, 0.02868792816760179], [0.06260144260283243, 0.02868792816760179, 15.262310997951932]]"
0,4,171,Ag8Se4,Ag-Se,12,254.1883963613576,13.575740499760164,"[[14.191374887320706, -0.0034977616769306693, -0.0024025459966042395], [-0.0034977616769306693, 13.66051756842714, 0.0016381213670905448], [-0.0024025459966042395, 0.0016381213670905448, 12.875329043532652]]"
0,4,172,PdRbTl2,Pd-Rb-Tl,4,113.61578793901695,14.010833563043292,"[[15.786908201077198, 0.00019233240580302695, -0.0039527225197022765], [0.00019233240580302695, 15.786470079398748, -0.007840369913652308], [-0.0039527225197022765, -0.007840369913652308, 10.459122408653931]]"
0,4,173,Na4O6Sc2,Na-O-Sc,12,147.9387546178383,3.5249851202900846,"[[3.5591238818847164, 9.607844892608253e-05, -0.00016832530982800934], [9.607844892608253e-05, 3.301457589899102, -0.0010909353486383488], [-0.00016832530982800934, -0.0010909353486383488, 3.714373889086437]]"
0,4,174,Ba3LuN3O6Si3,Ba-Lu-N-O-Si,16,263.7143490994998,3.866944218601101,"[[4.170169858946846, -0.2627773362826524, 0.04979568695118994], [-0.2627773362826524, 3.8382655384232582, -0.027473661444146584], [0.04979568695118994, -0.027473661444146584, 3.592397258433203]]"
0,4,175,Cd2NaS2,Cd-Na-S,5,115.71491517005008,7.033268350024993,"[[7.134029896371884, 0.00760630245174061, 0.004846578367569241], [0.00760630245174061, 7.185186342376941, -0.019167625284530462], [0.004846578367569241, -0.019167625284530462, 6.780588811326152]]"
0,4,176,CaHgI6Na2,Ca-Hg-I-Na,10,397.3022588864092,4.148060219722018,"[[4.152620197484747, -0.00748895308190048, 0.019888508439746214], [-0.00748895308190048, 4.158903051661909, 0.016892371943517285], [0.019888508439746214, 0.016892371943517285, 4.132657410019403]]"
0,4,177,F3ORb2Sn,F-O-Rb-Sn,7,142.331109777012,2.818989920811619,"[[3.246653621176309, -0.04395699280914654, -0.24906978268289154], [-0.04395699280914654, 2.806852156314736, -0.16046693654403468], [-0.24906978268289154, -0.16046693654403468, 2.403463984943813]]"
0,4,178,Ba2O4,Ba-O,6,104.58158347152444,3.463963217824088,"[[3.509486155759795, 0.07298321343584345, 0.002158872937942303], [0.07298321343584345, 3.4690398069362263, 0.001715442639429712], [0.002158872937942303, 0.001715442639429712, 3.413363690776241]]"
0,4,179,F12K3Na3Nb2,F-K-Na-Nb,20,318.84838058453226,2.2934399165930235,"[[2.3242964938895416, 0.003235995862499257, -0.0002654823772367429], [0.003235995862499257, 2.323023201224034, 0.00033137787730824704], [-0.0002654823772367429, 0.00033137787730824704, 2.2330000546654962]]"
0,4,180,Hf3Te8,Hf-Te,11,362.7029690353853,16.377820518625057,"[[17.386020285401823, 2.3658359721403706, 0.0006961575148568289], [2.3658359721403706, 20.041775750835605, -0.4284891147490029], [0.0006961575148568289, -0.4284891147490029, 11.705665519637758]]"
0,4,181,Ba3Be2CdO6,Ba-Be-Cd-O,12,204.39832578593484,3.549625908401844,"[[3.512344634460431, -0.0021773777734940196, -0.00045856121656486615], [-0.0021773777734940196, 3.510490152146502, 0.0007105449454468502], [-0.00045856121656486615, 0.0007105449454468502, 3.6260429385985975]]"
0,4,182,BrCl4Li,Br-Cl-Li,6,167.87419846879322,3.2510914291036848,"[[2.975030367097377, 0.46860171251800364, 0.30218290416433496], [0.46860171251800364, 3.2599238267059985, 0.38234203528552707], [0.30218290416433496, 0.38234203528552707, 3.518320093507679]]"
0,4,183,Co2Hf2Na2S6,Co-Hf-Na-S,12,236.19806677839892,6.761429979099852,"[[8.119077295557998, -0.001992026422394118, 0.002557244638174669], [-0.001992026422394118, 6.433901246304371, 2.111975142105511], [0.002557244638174669, 2.111975142105511, 5.731311395437185]]"
0,4,184,ClK3O,Cl-K-O,5,141.70181348990886,2.990262233125351,"[[2.990115109013906, 5.847770598007209e-05, 4.7743977632651896e-05], [5.847770598007209e-05, 2.99041187243775, -6.819453502032334e-05], [4.7743977632651896e-05, -6.819453502032334e-05, 2.990259717924397]]"
0,4,185,Au4Sb2Si,Au-Sb-Si,7,158.75510699701996,20.329998283293676,"[[18.088674490349337, -0.0027612833892935542, 0.01548738830385178], [-0.0027612833892935542, 17.875995284140004, -1.3120956018965573], [0.01548738830385178, -1.3120956018965573, 25.025325075391667]]"
0,4,186,Mg4P8Yb4,Mg-P-Yb,16,345.61554989576905,8.794534497271483,"[[8.075015129905468, 0.0011991253738871455, -0.0004367346973743727], [0.0011991253738871455, 9.288726141272235, -0.0010754061044627944], [-0.0004367346973743727, -0.0010754061044627944, 9.019862220636744]]"
0,4,187,Au2Cu2S4,Au-Cu-S,8,223.39366363334295,5.821725235921458,"[[7.566506285691246, -0.2666605037246526, 1.9969502618149355], [-0.2666605037246526, 7.03124689084505, 0.7354433720357509], [1.9969502618149355, 0.7354433720357509, 2.8674225312280823]]"
0,4,188,Ga4P4S,Ga-P-S,9,184.1215036897192,10.38399268211287,"[[10.289785038420966, 0.009999958304539959, -0.09655780170968702], [0.009999958304539959, 10.332808749401377, -0.1355854471165778], [-0.09655780170968702, -0.1355854471165778, 10.52938425851627]]"
0,4,189,As4LiTi3,As-Li-Ti,8,142.14606683401186,16.99764653816368,"[[16.997765087674168, -2.2659955431767855e-05, 5.079520214558789e-05], [-2.2659955431767855e-05, 16.997548884271062, 4.726317553879219e-05], [5.079520214558789e-05, 4.726317553879219e-05, 16.9976256425458]]"
0,4,190,Al2Cs2O4,Al-Cs-O,8,138.18808205354142,3.070517208731703,"[[3.070836520558588, 4.891724744203167e-05, 8.866092589968033e-05], [4.891724744203167e-05, 3.070501989775343, -0.00014820736794067714], [8.866092589968033e-05, -0.00014820736794067714, 3.070213115861179]]"
0,4,191,Fe6O6,Fe-O,12,150.25212911493503,5.272588937386312,"[[4.9564752702953925, -0.02827840951013639, 0.0005734786392736462], [-0.02827840951013639, 4.930823022579742, 0.0006329797806380304], [0.0005734786392736462, 0.0006329797806380304, 5.9304685192838065]]"
0,4,192,H11N,H-N,12,117.92144430391696,1.2663992734691627,"[[1.274276847216322, -0.001566498411984046, -0.001803648656067111], [-0.001566498411984046, 1.2840535923709062, -0.021733526940730285], [-0.001803648656067111, -0.021733526940730285, 1.2408673808202595]]"
0,4,193,HBr2Sm,Br-H-Sm,4,104.79676041661926,3.9249004786230457,"[[4.443998956761054, -0.06721675630553635, -0.4367205807919087], [-0.06721675630553635, 4.513169068447801, -0.2656286431228167], [-0.4367205807919087, -0.2656286431228167, 2.8175334106602805]]"
0,4,194,Cl2F3N2Pr,Cl-F-N-Pr,8,230.626883351963,2.439613734798124,"[[2.422048349531226, -5.737673568297397e-05, -0.021828585353966336], [-5.737673568297397e-05, 2.4218982471161463, 0.0011487747336469218], [-0.021828585353966336, 0.0011487747336469218, 2.4748946077470007]]"
0,4,195,Cu2O8W2,Cu-O-W,12,136.9310320050823,7.84384400298572,"[[7.749876054800419, -0.004066269387471899, -0.0037751709059231794], [-0.004066269387471899, 7.064910680772185, -0.0005963643839812109], [-0.0037751709059231794, -0.0005963643839812109, 8.716745273384555]]"
0,4,196,As3I9,As-I,12,790.5545184687853,3.989983617413403,"[[3.75688580158328, 0.027344318331229567, -0.1408076245622242], [0.027344318331229567, 4.249457223214128, -0.25286137550996485], [-0.1408076245622242, -0.25286137550996485, 3.9636078274428015]]"
0,4,197,Al2Na2Se4,Al-Na-Se,8,215.06966000071944,4.722901588487719,"[[5.303768575381641, 0.011121966666287193, -0.4040817348979309], [0.011121966666287193, 4.337317603456235, -0.043127105744419435], [-0.4040817348979309, -0.043127105744419435, 4.52761858662528]]"
0,4,198,Li4S6Ti2,Li-S-Ti,12,196.7878116759414,7.418789706453057,"[[8.130769118523514, -0.003416772467626611, 0.003930263014731041], [-0.003416772467626611, 7.047050825691364, -0.023332089260444028], [0.003930263014731041, -0.023332089260444028, 7.078549175144294]]"
0,4,199,HBeNZn,Be-H-N-Zn,4,44.37594455728583,3.4878666174801225,"[[4.074383173522716, -4.9801480003761354e-05, -0.0005266739618838568], [-4.9801480003761354e-05, 4.074153360736695, -0.0006320773412020607], [-0.0005266739618838568, -0.0006320773412020607, 2.31506331818096]]"
0,4,200,F4FeKNa,F-Fe-K-Na,7,110.35335776721014,2.3061437212645632,"[[2.4823598949113928, -0.06544455672228938, -0.1838705780349015], [-0.06544455672228938, 2.475607568675641, -0.20561130144499706], [-0.1838705780349015, -0.20561130144499706, 1.9604637002066576]]"
0,4,201,BaNa2O10PbTe2,Ba-Na-O-Pb-Te,16,253.33692897028493,3.6035196323189314,"[[3.4749217989712933, -0.0003882559023961157, 0.003470789066058947], [-0.0003882559023961157, 3.475615209356969, 0.002196084427205702], [0.003470789066058947, 0.002196084427205702, 3.8600218886285282]]"
0,4,202,I13Te7,I-Te,20,1119.0945293230352,7.48422909625645,"[[7.7625920117800415, -0.22629268534602312, 0.1977174554414959], [-0.22629268534602312, 7.092112941004993, 0.1720081618878178], [0.1977174554414959, 0.1720081618878178, 7.597982335984318]]"
0,4,203,H3In2O3S2,H-In-O-S,10,152.30999542247804,3.624984526283459,"[[3.73264911003838, -0.010240823791901605, 0.05330686556908067], [-0.010240823791901605, 3.7170666014685327, -0.19256942763968954], [0.05330686556908067, -0.19256942763968954, 3.4252378673434625]]"
0,4,204,CuMg3O3,Cu-Mg-O,7,87.59325451934404,4.633604219927697,"[[4.602553926131796, 0.00032351685920509437, -0.0002647126670369285], [0.00032351685920509437, 4.603803867405911, -0.0001831576091923189], [-0.0002647126670369285, -0.0001831576091923189, 4.6944548662453816]]"
0,4,205,Mn2N2P2Sr2Tm2,Mn-N-P-Sr-Tm,10,186.23622609489587,9.013014599167676,"[[9.178820153084226, 0.00025287233693567187, 5.227314633506702e-05], [0.00025287233693567187, 10.311844588413253, -0.002856692210208703], [5.227314633506702e-05, -0.002856692210208703, 7.5483790560055635]]"
0,4,206,AgCuS2,Ag-Cu-S,4,80.44048351461153,8.08696965845787,"[[7.625476977295143, 0.2547950331018853, -0.7074014181145135], [0.2547950331018853, 6.60149244822702, 2.45814396758358], [-0.7074014181145135, 2.45814396758358, 10.03393954985145]]"
0,4,207,CsKO12W4,Cs-K-O-W,18,277.57399253012665,5.262280768817348,"[[4.931215777147885, -0.01694750668645814, -0.03327537151769244], [-0.01694750668645814, 4.934304861473373, -0.019529923423645647], [-0.03327537151769244, -0.019529923423645647, 5.921321667830788]]"
0,4,208,FeN2O4V3,Fe-N-O-V,10,119.7529263131028,7.341781035108482,"[[8.244897382159929, -0.07475106402718629, -0.5340761559006062], [-0.07475106402718629, 7.59287482117113, -0.3072437373923725], [-0.5340761559006062, -0.3072437373923725, 6.187570901994394]]"
0,4,209,Cl4Ti2,Cl-Ti,6,130.58905436781922,6.746995452318319,"[[9.29466393152328, -0.00039505942003945766, 0.0009966741040763232], [-0.00039505942003945766, 9.294731940813872, 0.001989557361703491], [0.0009966741040763232, 0.001989557361703491, 1.6515904846178024]]"
0,4,210,F6Sn2,F-Sn,8,148.98735692682186,2.701098501681504,"[[2.6664395736406314, 0.03606952194705672, -0.08899879386186359], [0.03606952194705672, 2.6386124750135957, -0.06396412672286617], [-0.08899879386186359, -0.06396412672286617, 2.798243456390285]]"
0,4,211,Ba6Br2O2Se2,Ba-Br-O-Se,12,402.4553523886594,5.122256821670167,"[[4.988112813417568, 4.5488261960180255e-05, 0.0009551866142560265], [4.5488261960180255e-05, 4.988148940667515, 0.000922461170383622], [0.0009551866142560265, 0.000922461170383622, 5.390508710925411]]"
0,4,212,BrLi,Br-Li,2,51.07739550091777,2.4486751825990294,"[[2.4502233691216495, -0.0014286165416062262, -0.0010650965076660808], [-0.0014286165416062262, 2.4494054081267596, -0.000413325946308334], [-0.0010650965076660808, -0.000413325946308334, 2.4463967705486795]]"
0,4,213,S6,S,6,186.17570409989983,3.77762164103736,"[[3.5908005233551115, -1.4567321826571602, -0.5915755937266064], [-1.4567321826571602, 4.1264452747334355, -0.49065642112014696], [-0.5915755937266064, -0.49065642112014696, 3.6156191250235357]]"
0,4,214,CsFe2Te2,Cs-Fe-Te,5,138.29950455304132,7.525095013579192,"[[8.26269028507304, -0.12078230773818054, -0.5145535033748463], [-0.12078230773818054, 8.247120578533789, -0.5431707231712449], [-0.5145535033748463, -0.5431707231712449, 6.065474177130744]]"
0,4,215,CdN2Si,Cd-N-Si,4,49.48495134993956,7.551336125713391,"[[7.87988637594738, 0.0017904616104970617, 0.0015138530269827985], [0.0017904616104970617, 7.8817957919056605, 0.0003900319352260987], [0.0015138530269827985, 0.0003900319352260987, 6.892326209287133]]"
0,4,216,H6Mg2,H-Mg,8,102.26759041236,2.3184061369470808,"[[2.5704066641201733, 0.0003513580418110652, -0.001052352648119993], [0.0003513580418110652, 2.5769499318637927, -0.01216993414676888], [-0.001052352648119993, -0.01216993414676888, 1.8078618148572767]]"
0,4,217,Br4Sc2,Br-Sc,6,179.36221452755433,4.159271776599163,"[[5.300756173826901, -0.0003707166420738135, 0.0011215009778861819], [-0.0003707166420738135, 5.298808027037807, -7.869719444515414e-06], [0.0011215009778861819, -7.869719444515414e-06, 1.878251128932782]]"
0,4,218,K2Se2,K-Se,4,141.7432168306556,4.570349584318609,"[[4.1820519646062415, 0.11383976946837528, -0.00980112145237063], [0.11383976946837528, 5.3674285362746, 0.27998088986475167], [-0.00980112145237063, 0.27998088986475167, 4.161568252074982]]"
0,4,219,HBiCs2I6,Bi-Cs-H-I,10,485.8496730291564,3.7192848723288847,"[[3.6497651137061924, 0.004337064875769136, -0.02822728149489273], [0.004337064875769136, 3.5080227575827148, 0.015067603744753882], [-0.02822728149489273, 0.015067603744753882, 4.000066745697744]]"
0,4,220,Pb8Rb2S8,Pb-Rb-S,18,589.2690702437668,6.633424571740352,"[[9.112122552774789, -0.004800910957269708, -0.006638003026081506], [-0.004800910957269708, 5.398112201335185, 0.008172064324858655], [-0.006638003026081506, 0.008172064324858655, 5.39003896111108]]"
0,4,221,Cd3InS4,Cd-In-S,8,211.3509230346064,6.8287095370098045,"[[6.8204824220031695, 0.0074555835003641295, 0.010991911131233456], [0.0074555835003641295, 6.824220942541745, 0.013738023554753918], [0.010991911131233456, 0.013738023554753918, 6.8414252464845005]]"
0,4,222,FO11Y8,F-O-Y,20,299.6704293517281,4.157338536683956,"[[4.13216552289013, 0.002123325448612011, 0.0006287512506140547], [0.002123325448612011, 4.205586839281337, 0.016639659310946655], [0.0006287512506140547, 0.016639659310946655, 4.134263247880401]]"
0,4,223,O6S2Y6,O-S-Y,14,234.0667151220129,5.2696880946170666,"[[5.525159143249994, 0.031883272591127096, 0.07886891951014512], [0.031883272591127096, 5.143116789830305, -0.1599789517038805], [0.07886891951014512, -0.1599789517038805, 5.140788350770899]]"
0,4,224,KOSbY,K-O-Sb-Y,4,129.5289993581684,6.304838866773564,"[[8.51434621938426, -0.0004915743335040797, 0.0009439866351190037], [-0.0004915743335040797, 6.063630128243103, -0.5298830082812237], [0.0009439866351190037, -0.5298830082812237, 4.336540252693329]]"
0,4,225,Al2As2Hg,Al-As-Hg,5,128.99341208129366,10.266858594424155,"[[10.78416147576888, -0.10763704406241824, -0.40724194668978503], [-0.10763704406241824, 10.771546214955926, -0.43337346027061613], [-0.40724194668978503, -0.43337346027061613, 9.244868092547662]]"
0,4,226,Ag4S6Sr3,Ag-S-Sr,13,329.3801713800172,6.109690136591705,"[[5.8483115476027825, -0.0009711270679912343, 0.00039718613159710995], [-0.0009711270679912343, 5.84844766909686, 0.005870431756109409], [0.00039718613159710995, 0.005870431756109409, 6.632311193075471]]"
0,4,227,H2As2FeMg2MnO10,As-Fe-H-Mg-Mn-O,18,244.2020796324655,2.82791833251982,"[[2.8367603720204952, -0.13245017461753422, -0.05769127009675725], [-0.13245017461753422, 2.861968166994102, 0.003982625037702044], [-0.05769127009675725, 0.003982625037702044, 2.785026458544862]]"
0,4,228,Cr3FLi3O5,Cr-F-Li-O,12,114.54674649253904,5.073386998455425,"[[5.42245695435911, 2.80351196801633e-07, 0.000553442866254125], [2.80351196801633e-07, 5.42245492625661, -0.00021425737312047717], [0.000553442866254125, -0.00021425737312047717, 4.375249114750555]]"
0,4,229,K2Na2O2,K-Na-O,6,103.47220384088912,3.173649825963829,"[[3.1308960312284135, -0.00013438132481395187, -0.002127024149540707], [-0.00013438132481395187, 3.1335843738307854, -0.00040479605755692707], [-0.002127024149540707, -0.00040479605755692707, 3.2564690728322896]]"
0,4,230,Br2Lu2O2,Br-Lu-O,6,129.58909938464848,4.023958514893214,"[[4.460094499634989, 5.609425752659477e-07, -0.00021941898832489207], [5.609425752659477e-07, 4.460093344571002, 0.0006009515459496952], [-0.00021941898832489207, 0.0006009515459496952, 3.1516877004736514]]"
0,4,231,F2KRb,F-K-Rb,4,87.43484153088643,2.0374834585635724,"[[2.043316530738943, -0.0005789257475355571, 7.474115220894081e-05], [-0.0005789257475355571, 2.0439190913854905, 0.00011601775457970761], [7.474115220894081e-05, 0.00011601775457970761, 2.0252147535662837]]"
0,4,232,H2ClCu,Cl-Cu-H,4,84.95258228418979,3.09626581376214,"[[3.4238003097879126, -0.10900686344030945, 0.4759500999882841], [-0.10900686344030945, 3.547524547400076, 0.2946276147429252], [0.4759500999882841, 0.2946276147429252, 2.3174725840984314]]"
0,4,233,N4,N,4,99.88220209002326,1.6031502403347215,"[[1.593966284192581, -0.14345359322211548, -0.0005234334961604041], [-0.14345359322211548, 1.6882911701026364, 8.103129564039998e-05], [-0.0005234334961604041, 8.103129564039998e-05, 1.5271932667089474]]"
0,4,234,In2Te4Tl2,In-Te-Tl,8,271.14207221182875,12.076017636985837,"[[11.573222698373321, 0.005031290197063403, 0.003144167657353395], [0.005031290197063403, 11.711970611332946, 0.4704049047054423], [0.003144167657353395, 0.4704049047054423, 12.942859601251229]]"
0,4,235,O8Pt2S2,O-Pt-S,12,210.99512371482,3.4686799487075017,"[[3.6288389738370803, 0.07821426599714064, -1.357517542282364], [0.07821426599714064, 4.391300721784359, 0.06204221764565814], [-1.357517542282364, 0.06204221764565814, 2.385900150501066]]"
0,4,236,Mn2Tm2,Mn-Tm,4,80.73600989120803,10.220476918581316,"[[10.373057418817897, 0.002869420670544018, -0.7991611399599321], [0.002869420670544018, 11.406419086055237, 0.005263481079019852], [-0.7991611399599321, 0.005263481079019852, 8.881954250870816]]"
0,4,237,Ca3CeN6Zr2,Ca-Ce-N-Zr,12,171.4085563396352,10.679178016854648,"[[9.098534701010445, -0.7121385949726046, -0.01890947466387824], [-0.7121385949726046, 11.366601969426865, -0.003280226823544615], [-0.01890947466387824, -0.003280226823544615, 11.57239738012664]]"
0,4,238,AgBO8Se2,Ag-B-O-Se,12,166.21867452155513,3.450377987935299,"[[3.5025469551936066, -0.08376112680180393, 0.19811626050570183], [-0.08376112680180393, 3.24559074384578, -0.0749396821472992], [0.19811626050570183, -0.0749396821472992, 3.6029962647665092]]"
0,4,239,Cl6Y2,Cl-Y,8,216.866099699292,3.7471462252036662,"[[4.028630366523609, 7.569064598114668e-05, -1.7363805409789886e-05], [7.569064598114668e-05, 3.5408302927488524, 0.010439307645151382], [-1.7363805409789886e-05, 0.010439307645151382, 3.671978016338536]]"
0,4,240,As2O12Sb5,As-O-Sb,19,362.6692480740985,3.893908122462405,"[[3.826784576762882, -0.029750882781963035, 0.2572818731907783], [-0.029750882781963035, 4.02992454617338, 0.011306806085381106], [0.2572818731907783, 0.011306806085381106, 3.825015244450947]]"
0,4,241,F7O8STa4,F-O-S-Ta,20,315.86005822186775,3.3891341954297296,"[[3.6453793293276946, 0.00828209639152944, -0.004514986370507631], [0.00828209639152944, 3.309288587248736, 0.2578510237189873], [-0.004514986370507631, 0.2578510237189873, 3.212734669712759]]"
0,4,242,CuF6LiPd,Cu-F-Li-Pd,9,110.30874150161962,3.5876651556887773,"[[3.7551706188580365, 0.0038080845736509963, 0.0034493615221189724], [0.0038080845736509963, 3.752315546515271, 0.002166162195728298], [0.0034493615221189724, 0.002166162195728298, 3.255509301693026]]"
0,4,243,S9,S,9,303.57139706571604,4.035240858033157,"[[2.6047798135499534, -0.11899118354149774, 0.32417943602885724], [-0.11899118354149774, 6.719810255658565, -0.5688118942442532], [0.32417943602885724, -0.5688118942442532, 2.78113250489095]]"
0,4,244,H8Ba2Be2,Ba-Be-H,12,152.41069609503555,3.773638814518757,"[[3.782745305426525, 0.10416202819232882, 0.13992692484316097], [0.10416202819232882, 3.7972279234305786, -0.14803626750659601], [0.13992692484316097, -0.14803626750659601, 3.740943214699164]]"
0,4,245,K2Lu2S4,K-Lu-S,8,201.1315676043236,5.312901077819126,"[[5.725124460060043, -0.0004064237681414445, -0.0006762792553175021], [-0.0004064237681414445, 5.724300945556303, -0.0012714203930651819], [-0.0006762792553175021, -0.0012714203930651819, 4.489277827841036]]"
0,4,246,I2Rh2Te4,I-Rh-Te,8,239.82342811736063,15.308168283445278,"[[16.799412058502103, -0.47020528421403984, 0.7663808115172005], [-0.47020528421403984, 15.581327974212115, -1.1090224245575306], [0.7663808115172005, -1.1090224245575306, 13.543764817621609]]"
0,4,247,Ti2VZn,Ti-V-Zn,4,61.16553530911771,17.818077751056666,"[[17.831838031974968, -0.0005307629084212318, -0.0010404560840574291], [-0.0005307629084212318, 17.81168634015731, 8.708351419243835e-05], [-0.0010404560840574291, 8.708351419243835e-05, 17.810708881037726]]"
0,4,248,Bi2KSr2,Bi-K-Sr,5,208.4220512699076,12.944750135588208,"[[14.185892273247921, -0.20600490623986462, -0.8691435896480202], [-0.20600490623986462, 14.15913913175664, -0.9219459980623108], [-0.8691435896480202, -0.9219459980623108, 10.489219001760057]]"
0,4,249,AuGe2K5MnS9,Au-Ge-K-Mn-S,18,552.9426041686377,4.203145499760571,"[[4.842222557367014, 0.30007526945160073, 0.04258283197196991], [0.30007526945160073, 3.64402810187794, 0.39361288526840194], [0.04258283197196991, 0.39361288526840194, 4.12318584003676]]"
0,4,250,Ge3N12P3RbSi,Ge-N-P-Rb-Si,20,294.1917380631891,3.748580326413784,"[[3.8991254704596474, 0.16496036435092654, 0.1047749643008865], [0.16496036435092654, 3.749219131675048, -0.1842883710331526], [0.1047749643008865, -0.1842883710331526, 3.5973963771066555]]"
0,4,251,Ba2Ir2Li2NaO9,Ba-Ir-Li-Na-O,16,207.39637480101803,4.846824400704158,"[[4.923094433648762, -0.000368727771388274, -0.000928087859430254], [-0.000368727771388274, 4.740899532095979, -7.391341550632082e-05], [-0.000928087859430254, -7.391341550632082e-05, 4.876479236367736]]"
0,4,252,AlLa2NiO6,Al-La-Ni-O,10,113.3662158038119,5.674700944695751,"[[5.67377708529388, 0.0013137526324300858, 0.0011665457222663643], [0.0013137526324300858, 5.6744623371650835, 0.0017354079838527755], [0.0011665457222663643, 0.0017354079838527755, 5.6758634116282956]]"
0,4,253,MgO9Si4,Mg-O-Si,14,185.50964003881788,2.458515313822401,"[[2.4628578544816397, -0.0038391152224346065, 0.034121753708236266], [-0.0038391152224346065, 2.457894739256815, -0.02225522115957591], [0.034121753708236266, -0.02225522115957591, 2.4547933477287494]]"
0,4,254,H3NaZn,H-Na-Zn,5,50.90766328589429,4.439930850510253,"[[4.4414470793300875, -7.564746277825824e-05, -0.00013974220203747046], [-7.564746277825824e-05, 4.439283671510404, -0.00013533746607892445], [-0.00013974220203747046, -0.00013533746607892445, 4.439061800690265]]"
0,4,255,H4IrK2Rh,H-Ir-K-Rh,8,118.15416037840262,7.688685282136556,"[[7.685428591102476, 0.004392185615813335, 0.0026737201244109365], [0.004392185615813335, 7.685012732314677, 0.005210519981809612], [0.0026737201244109365, 0.005210519981809612, 7.695614522992513]]"
0,8,256,MoO5V,Mo-O-V,7,115.39075779101528,6.80058176784945,"[[3.9778244277574077, -0.12315303829562026, -0.21705031830786123], [-0.12315303829562026, 8.31741897695294, -0.6427256121799855], [-0.21705031830786123, -0.6427256121799855, 8.106501898838005]]"
0,8,257,GeNa3S4,Ge-Na-S,8,174.19185607827308,4.787761465789259,"[[4.787778758792349, -0.003436147321942466, -0.003625498184884809], [-0.003436147321942466, 4.775263502287731, -0.005240171865277917], [-0.003625498184884809, -0.005240171865277917, 4.800242136287698]]"
0,8,258,Cs2O10PbTi3Tl2,Cs-O-Pb-Ti-Tl,18,366.81594417761767,4.406327646628076,"[[4.444556516078449, -0.22483496885952323, -0.06913424477427722], [-0.22483496885952323, 4.340012659872396, -0.19658259803625988], [-0.06913424477427722, -0.19658259803625988, 4.434413763933386]]"
0,8,259,F4Mo2O4,F-Mo-O,10,151.2206594125823,4.035789742764801,"[[3.832652953407875, -0.0035580400386002902, -0.0017073899493674416], [-0.0035580400386002902, 4.634660281092589, -0.8941773699971779], [-0.0017073899493674416, -0.8941773699971779, 3.64005599379394]]"
0,8,260,Ag2Bi2Se4,Ag-Bi-Se,8,202.90251408543872,15.784585207001612,"[[16.065166498182712, -9.003801219946867e-05, -4.93550418203883e-05], [-9.003801219946867e-05, 15.194138557897352, 0.016088022858162604], [-4.93550418203883e-05, 0.016088022858162604, 16.094450564924763]]"
0,8,261,As4CrRb4,As-Cr-Rb,9,350.8410748688275,7.243715248846397,"[[7.911821184272397, 0.3853266610224537, 0.5648039589125207], [0.3853266610224537, 7.151760517534515, -0.3781389782984648], [0.5648039589125207, -0.3781389782984648, 6.667564044732278]]"
0,8,262,AgLiS2,Ag-Li-S,4,78.48781514040066,7.309499118835578,"[[5.272062753925614, -1.693200269645382, 0.22264245594703175], [-1.693200269645382, 8.162312177710742, -0.06647641620572861], [0.22264245594703175, -0.06647641620572861, 8.494122424870378]]"
0,8,263,CaCl3Cs,Ca-Cl-Cs,5,163.73864707567444,2.72055284411614,"[[2.7205485964677893, -0.00011007798582956715, -0.00015948852612303037], [-0.00011007798582956715, 2.720557715379085, -0.00010495989093533715], [-0.00015948852612303037, -0.00010495989093533715, 2.720552220501544]]"
0,8,264,B2K2Na2O6,B-K-Na-O,12,170.76947566200326,2.41098424288209,"[[2.544355632522459, -0.0021265142636057695, -0.001241775872550165], [-0.0021265142636057695, 2.5379061931122284, 0.0010439372186559705], [-0.001241775872550165, 0.0010439372186559705, 2.1506909030115824]]"
0,8,265,Cs2Hg2P2Sc2,Cs-Hg-P-Sc,8,305.57852309061906,6.868402645302383,"[[8.203480147148387, -6.615670871274446e-05, -0.004368217558687687], [-6.615670871274446e-05, 8.215020825075491, -0.008197054402715873], [-0.004368217558687687, -0.008197054402715873, 4.186706963683269]]"
0,8,266,I2Se6,I-Se,8,397.0111490838415,5.891118070084829,"[[3.4031880758812103, -1.034752931999558, 0.1709849999221805], [-1.034752931999558, 9.15744045806513, 0.8240110592357949], [0.1709849999221805, 0.8240110592357949, 5.112725676308145]]"
0,8,267,F10Sb2,F-Sb,12,223.0485614477761,1.655419710505061,"[[1.60396744799851, 0.015462590982373002, 0.07774153425840498], [0.015462590982373002, 1.4748429948575947, 0.01804838549389986], [0.07774153425840498, 0.01804838549389986, 1.8874486886590784]]"
0,8,268,I8Sn2,I-Sn,10,653.4870903319203,2.691650613445018,"[[2.6888625810206115, -0.0001820433907503846, -0.0004423096727146391], [-0.0001820433907503846, 2.6930019982393643, -0.00028231898504296895], [-0.0004423096727146391, -0.00028231898504296895, 2.6930872610750765]]"
0,8,269,CrOTe6Y4,Cr-O-Te-Y,12,380.04457688790814,9.24819905960354,"[[10.917342507916297, -0.0028489508212949694, 0.0024894077349145653], [-0.0028489508212949694, 8.622561831018778, 0.6526678511187716], [0.0024894077349145653, 0.6526678511187716, 8.204692839875543]]"
0,8,270,Er2O2Se,Er-O-Se,5,86.83173880033708,5.987005290516013,"[[6.217179215811054, -0.07298226317868069, -0.22253810954016262], [-0.07298226317868069, 6.2027306569956755, -0.2435338019659473], [-0.22253810954016262, -0.2435338019659473, 5.541105998741308]]"
0,8,271,CaO3Zn2,Ca-O-Zn,6,70.88769773743473,5.146956966122974,"[[4.977320405523486, -0.030279722604741884, 0.05826769770106879], [-0.030279722604741884, 5.317814255191762, -0.08740363830341723], [0.05826769770106879, -0.08740363830341723, 5.1457362376536775]]"
0,8,272,FLi4NbO4,F-Li-Nb-O,10,97.31537200517144,3.644537885317469,"[[3.810708638452932, -0.12414773921118709, 0.22654155270252718], [-0.12414773921118709, 3.7824655446060502, 0.30706973932866966], [0.22654155270252718, 0.30706973932866966, 3.3404394728934235]]"
0,8,273,AsLi2Sn,As-Li-Sn,4,81.96158175672207,10.401790326310786,"[[9.63483656620473, 0.34728116142804266, -1.3131812293473721], [0.34728116142804266, 9.312538615028572, -0.8398056041303052], [-1.3131812293473721, -0.8398056041303052, 12.257995797699053]]"
0,8,274,Cl3In,Cl-In,4,153.95330244899878,2.378959729000959,"[[2.5271423734928753, 0.036259044987622016, -0.03144163972133237], [0.036259044987622016, 2.1821746248813625, 0.12417170164313056], [-0.03144163972133237, 0.12417170164313056, 2.4275621886286407]]"
0,8,275,O6SbV2,O-Sb-V,9,166.12685616470338,4.501910809240595,"[[4.8001321373715795, -0.028565128025678718, -0.05171032670331652], [-0.028565128025678718, 4.161529797221125, -0.19466514098282992], [-0.05171032670331652, -0.19466514098282992, 4.544070493129079]]"
0,8,276,Cs2F6Mn,Cs-F-Mn,9,190.85185900487792,2.247305998126517,"[[2.2472380725445795, -5.2549515224409585e-05, -7.333477631258915e-05], [-5.2549515224409585e-05, 2.247222103317901, 0.0003757825402009146], [-7.333477631258915e-05, 0.0003757825402009146, 2.2474578185170726]]"
0,8,277,BrCs2F12La3,Br-Cs-F-La,18,414.6180533689984,2.435518777327672,"[[2.34249217976891, -0.03997634384708653, -0.05249893337493748], [-0.03997634384708653, 2.362356966081811, 0.20568520300180604], [-0.05249893337493748, 0.20568520300180604, 2.6017071861322956]]"
0,8,278,H3CuSr,Cu-H-Sr,5,52.76594753031232,7.360464100025799,"[[7.360880533867882, 0.00045187460400204283, -0.0001345769899030574], [0.00045187460400204283, 7.360239183597704, 1.1465040845212859e-05], [-0.0001345769899030574, 1.1465040845212859e-05, 7.3602725826118105]]"
0,8,279,Rb2S6,Rb-S,8,295.16619135047705,3.346173394624808,"[[2.958829201037855, 0.0034309273509793973, -0.02064249572446185], [0.0034309273509793973, 3.874968404304682, 0.005961865851180389], [-0.02064249572446185, 0.005961865851180389, 3.2047225785318836]]"
0,8,280,Cl8Pd4,Cl-Pd,12,330.49497706338315,4.496190419163919,"[[4.562980613781877, 0.8274613120107676, -0.44507274160553895], [0.8274613120107676, 3.8624702263685253, -1.8316063179808102], [-0.44507274160553895, -1.8316063179808102, 5.0631204173413495]]"
0,8,281,Cl10Hf2,Cl-Hf,12,525.2544443564877,2.209769095599483,"[[1.8318890959099412, 0.08306112750817701, -0.0032395130334071758], [0.08306112750817701, 1.8875223106661947, -0.00683175822043504], [-0.0032395130334071758, -0.00683175822043504, 2.909895880222314]]"
0,8,282,CaP2Zn2,Ca-P-Zn,5,97.37076627685248,11.467667779794768,"[[11.742069959201997, -0.0005060552938595639, 0.0007057917084762118], [-0.0005060552938595639, 11.74115651469626, -0.00021153904025167876], [0.0007057917084762118, -0.00021153904025167876, 10.919776865486059]]"
0,8,283,H2Li3O11S3Zn,H-Li-O-S-Zn,20,264.287178746804,2.308539799503375,"[[2.261834971340825, -0.07792237457598902, 0.10299338485059556], [-0.07792237457598902, 2.3894522392940267, 0.08666728871258465], [0.10299338485059556, 0.08666728871258465, 2.2743321878752756]]"
0,8,284,As2BaClO7S,As-Ba-Cl-O-S,12,265.1676053829267,2.7377602290267373,"[[2.7226268475369513, -0.06370884013480031, 0.02943523583238496], [-0.06370884013480031, 2.794863883950528, -0.06153894033137647], [0.02943523583238496, -0.06153894033137647, 2.695789955592732]]"
0,8,285,O2Sc2,O-Sc,4,58.97113908608602,5.287136011375195,"[[5.099988089293894, 0.027623377181890722, -0.1707868933477625], [0.027623377181890722, 5.070857559008918, -0.1033418279221627], [-0.1707868933477625, -0.1033418279221627, 5.690562385822774]]"
0,8,286,K3LiP2,K-Li-P,6,195.77867044436115,6.060471565899778,"[[6.036867304538528, -0.12174672312476292, 0.20725718782842587], [-0.12174672312476292, 5.677772870761506, -0.3004083065445592], [0.20725718782842587, -0.3004083065445592, 6.466774522399301]]"
0,8,287,Ba2Mn3O6Sr,Ba-Mn-O-Sr,12,206.8383042115716,6.614346279522096,"[[6.473674362915283, 0.0022150858929295717, 0.0020331186597914485], [0.0022150858929295717, 6.4743837837821205, -0.001874311695907711], [0.0020331186597914485, -0.001874311695907711, 6.894980691868888]]"
0,8,288,Ge4O6,Ge-O,10,178.16266227245418,3.465401766927792,"[[3.283380753072816, -0.3121190422044558, -0.29830306789467304], [-0.3121190422044558, 3.5373668883660123, 0.23502442804148016], [-0.29830306789467304, 0.23502442804148016, 3.575457659344546]]"
0,8,289,GdLiS2,Gd-Li-S,4,86.21180464699549,6.753862384099004,"[[6.9783022313901455, 0.00015421835335995097, -0.00041070523204497403], [0.00015421835335995097, 6.977568027604158, 5.436201484231985e-05], [-0.00041070523204497403, 5.436201484231985e-05, 6.30571689330271]]"
0,8,290,CdO2Tl,Cd-O-Tl,4,70.62915294211942,7.291340756219427,"[[6.938204258253455, 0.04762626975391176, -0.30963599496088123], [0.04762626975391176, 6.887319504400385, -0.18663287234115644], [-0.30963599496088123, -0.18663287234115644, 8.04849850600444]]"
0,8,291,BaO8P2Zr,Ba-O-P-Zr,12,189.03562124442,3.101586393647876,"[[3.146771794417994, 0.0434003968496861, -0.06643070594130922], [0.0434003968496861, 3.098611163798525, -0.041453234662591834], [-0.06643070594130922, -0.041453234662591834, 3.0593762227271073]]"
0,8,292,Be2Na2O2,Be-Na-O,6,102.55785425342026,3.099610807721441,"[[3.3670294842105535, -2.1397388583388474e-05, -0.0009050584059129256], [-2.1397388583388474e-05, 3.4269045189808747, -0.0011426268514229544], [-0.0009050584059129256, -0.0011426268514229544, 2.504898419972895]]"
0,8,293,H6Mo3O11,H-Mo-O,20,329.83995051715345,2.675037743202669,"[[2.6602671625577807, -0.23452192917040354, -0.10165212124305405], [-0.23452192917040354, 2.7108875667355035, -0.053745344633412545], [-0.10165212124305405, -0.053745344633412545, 2.653958500314724]]"
0,8,294,Cu3NiS2,Cu-Ni-S,6,91.89470055657526,11.043631976601178,"[[8.641030953989501, 0.02604461346081533, -0.47023620106135094], [0.02604461346081533, 12.293037234425933, 0.17645756610714977], [-0.47023620106135094, 0.17645756610714977, 12.196827741388097]]"
0,8,295,H6AlLiMg,Al-H-Li-Mg,9,79.01373322703861,4.800363086452998,"[[4.817733111730557, 0.0001360942227696507, 0.00016249887438451048], [0.0001360942227696507, 4.818796211065693, 0.00020758063496067406], [0.00016249887438451048, 0.00020758063496067406, 4.764559936562743]]"
0,8,296,C2CsO6V,C-Cs-O-V,10,147.8566188134527,2.695435311592973,"[[3.090054352056592, -0.15035633031186688, 0.6026025717812791], [-0.15035633031186688, 3.2158770669341554, 0.3886298212920703], [0.6026025717812791, 0.3886298212920703, 1.7803745157881734]]"
0,8,297,C4Al6Fe,Al-C-Fe,11,134.28007207418833,8.948216078878682,"[[8.830409293554341, 0.0002615271236294621, 0.0005380455362781032], [0.0002615271236294621, 8.830376913437378, -0.00028367092892053357], [0.0005380455362781032, -0.00028367092892053357, 9.183862029644322]]"
0,8,298,Li2MgNa2O10V3,Li-Mg-Na-O-V,18,276.9344687341725,3.0543672960168995,"[[2.850506550933294, -0.06967197454196687, 0.22612900167230662], [-0.06967197454196687, 3.0601570281718957, -0.07079307818462813], [0.22612900167230662, -0.07079307818462813, 3.2524383089455107]]"
0,8,299,AgRb2Se2,Ag-Rb-Se,5,160.69720132805537,6.39690319180729,"[[8.539687623018954, 0.23544626180511846, 1.1150501207170587], [0.23544626180511846, 5.354054688063128, -0.7623823028990014], [1.1150501207170587, -0.7623823028990014, 5.296967264339787]]"
0,8,300,HgO6Ta2,Hg-O-Ta,9,127.56977101551124,4.998079571224327,"[[5.048546134621703, -0.0007067716165556888, -0.0004010072108541997], [-0.0007067716165556888, 5.428423662255318, 0.43857845692820635], [-0.0004010072108541997, 0.43857845692820635, 4.517268916795959]]"
0,8,301,Br8Co2CsPt,Br-Co-Cs-Pt,12,461.1893392161234,3.592014699566198,"[[4.126028852510126, -0.11458381227652845, -0.0029782952014057846], [-0.11458381227652845, 2.810747027090758, -0.298968438368698], [-0.0029782952014057846, -0.298968438368698, 3.8392682190977103]]"
0,8,302,Li5Ni2O7Te,Li-Ni-O-Te,15,155.68325086243007,4.366289946179992,"[[4.834763988838557, 0.0007414125626675438, -0.0007866203076180914], [0.0007414125626675438, 3.689158613207783, 0.19621861358079323], [-0.0007866203076180914, 0.19621861358079323, 4.574947236493636]]"
0,8,303,C4Ba4N12,Ba-C-N,20,375.1045878174042,3.276662356316029,"[[2.688280698518761, 0.012085604009548521, -0.034747771295571606], [0.012085604009548521, 3.027282543371971, -0.10873920272429313], [-0.034747771295571606, -0.10873920272429313, 4.114423827057357]]"
0,8,304,F8In2Li2,F-In-Li,12,144.9643755861254,2.512051237417708,"[[2.5917609441942027, -0.0012062695245929668, 0.0005671504072956118], [-0.0012062695245929668, 2.3958966629051797, -0.0006020138665708219], [0.0005671504072956118, -0.0006020138665708219, 2.548496105153741]]"
0,8,305,MgSe2Tl,Mg-Se-Tl,4,100.9671283529481,9.036346840620311,"[[9.07563827418998, 0.0003575894600492638, 6.753731213444007e-05], [0.0003575894600492638, 9.07499540418584, 0.000275923399151295], [6.753731213444007e-05, 0.000275923399151295, 8.958406843485115]]"
0,8,306,Ba2LaO8Zn2Zr,Ba-La-O-Zn-Zr,14,206.59355687033084,4.854599361524172,"[[5.067135923225339, 2.0163490860084953e-05, 0.0006334352307108467], [2.0163490860084953e-05, 5.069233267561773, -0.00014647183942597915], [0.0006334352307108467, -0.00014647183942597915, 4.427428893785403]]"
0,8,307,CoF6K2,Co-F-K,9,143.35021952095082,2.581950995149924,"[[2.5819599902313546, 0.00010204305476438136, -0.00027784940219139975], [0.00010204305476438136, 2.581822741760763, -0.00022479105065354831], [-0.00027784940219139975, -0.00022479105065354831, 2.582070253457655]]"
0,8,308,F6NbZn,F-Nb-Zn,8,128.24210549501336,2.6000125032199253,"[[2.6022848939384526, -0.0042920527771461775, 0.013988506801126161], [-0.0042920527771461775, 2.6084920441837016, 0.007378049089881064], [0.013988506801126161, 0.007378049089881064, 2.5892605715376242]]"
0,8,309,F2LiNa,F-Li-Na,4,42.79253338041324,1.6199898778672337,"[[1.6152088415824029, 0.001163811072530986, -0.005385125867283567], [0.001163811072530986, 1.6134279013048787, -0.0033183637259918504], [-0.005385125867283567, -0.0033183637259918504, 1.6313328907144191]]"
0,8,310,Cr3Se4,Cr-Se,7,138.5510997967369,17.26911244208841,"[[17.996983348377604, 0.07862539695958225, -0.4083820208807355], [0.07862539695958225, 17.167394442808337, 0.2809913116437519], [-0.4083820208807355, 0.2809913116437519, 16.642959535079292]]"
0,8,311,I8,I,8,472.8160993606572,6.913849885533748,"[[5.1531523165594, -0.39284408107904656, -0.7060388744743198], [-0.39284408107904656, 4.55859586701696, 4.469026631542791], [-0.7060388744743198, 4.469026631542791, 11.029801473024884]]"
0,8,312,Hf6MnP2,Hf-Mn-P,9,166.0490361927164,14.924006712528133,"[[15.351900694453377, 0.00026641739924226655, -0.0005636147399471648], [0.00026641739924226655, 14.710281893101964, 0.004156124495995397], [-0.0005636147399471648, 0.004156124495995397, 14.70983755002904]]"
0,8,313,Ga2Li2S4,Ga-Li-S,8,164.16697364992032,4.969742207109369,"[[4.892714042986858, 0.06968207359723448, 0.11919088802002187], [0.06968207359723448, 4.924140390564818, 0.14831848480458054], [0.11919088802002187, 0.14831848480458054, 5.092372187776428]]"
0,8,314,CuIO5PbSr2,Cu-I-O-Pb-Sr,10,190.0057642038313,7.910524909209479,"[[8.87694044251676, -0.0005598450491728083, -0.00571896392402813], [-0.0005598450491728083, 8.685213992878387, -0.18529210560653012], [-0.00571896392402813, -0.18529210560653012, 6.1694202922332915]]"
0,8,315,NaS2Zn,Na-S-Zn,4,99.49048643460212,4.163282032010678,"[[4.473704306629658, -3.6742778866915877e-05, 7.536270447004387e-06], [-3.6742778866915877e-05, 4.474345024614121, 0.0004900263745542697], [7.536270447004387e-06, 0.0004900263745542697, 3.541796764788254]]"
0,8,316,Cl7CuKLi4,Cl-Cu-K-Li,13,275.4199040682775,3.2851973028441583,"[[3.619638107039331, -3.721015731463859e-05, -0.0003589508731965065], [-3.721015731463859e-05, 3.4027938628858174, -0.0001441650492245111], [-0.0003589508731965065, -0.0001441650492245111, 2.8331599386073267]]"
0,8,317,Cl5Li3MnNa,Cl-Li-Mn-Na,10,197.5429901859148,2.508790097028,"[[2.514836716472743, 0.00811576713794501, 0.028236094771167532], [0.00811576713794501, 2.5441954866808305, -0.01954568573827676], [0.028236094771167532, -0.01954568573827676, 2.4673380879304245]]"
0,8,318,Ga2Li2Te4,Ga-Li-Te,8,250.1315001338974,7.292629316421283,"[[7.152621936277138, 0.13378236751699873, 0.21803996407835827], [0.13378236751699873, 7.222667918112234, 0.28277081359668793], [0.21803996407835827, 0.28277081359668793, 7.502598094874478]]"
0,8,319,Ba4I6Si2,Ba-I-Si,12,484.5501712178717,5.8741619543775245,"[[6.7518215123797285, 0.0011177329083869817, -0.00030751436732283333], [0.0011177329083869817, 5.661659277317041, 0.14338759885880517], [-0.00030751436732283333, 0.14338759885880517, 5.209005073435802]]"
0,8,320,Cu2O9Ru2Tl,Cu-O-Ru-Tl,14,185.0688188191183,9.676908413781362,"[[9.703488650898121, -0.11088277860429734, -0.11983074463863154], [-0.11088277860429734, 10.091529076445939, -0.4648889311292637], [-0.11983074463863154, -0.4648889311292637, 9.235707514000032]]"
0,8,321,As3O6,As-O,9,135.1013119667441,3.882060650441314,"[[4.020327392050978, 0.06430579121376284, -0.2639284440709374], [0.06430579121376284, 3.976414221839887, 0.10079499701771868], [-0.2639284440709374, 0.10079499701771868, 3.649440337433078]]"
0,8,322,LiNbO8P2,Li-Nb-O-P,12,198.69492720416727,2.752621885733828,"[[2.8097399669728884, -0.12446440814941784, -0.030145960181467688], [-0.12446440814941784, 2.7943934242610253, 0.031146953564381383], [-0.030145960181467688, 0.031146953564381383, 2.653732265967568]]"
0,8,323,HBaGeMg4N7Si2,Ba-Ge-H-Mg-N-Si,16,225.82219937495148,4.834339254766248,"[[4.7042263318241995, 0.2100003752412631, 0.18864966177881928], [0.2100003752412631, 4.795180223403745, 0.09818363570370592], [0.18864966177881928, 0.09818363570370592, 5.003611209070798]]"
0,8,324,CsO8S3,Cs-O-S,12,265.2829597201298,2.0800165667527994,"[[2.1298505172792677, 0.029445338472610688, -0.060403123781050304], [0.029445338472610688, 1.9680084638786672, -0.03923855563749329], [-0.060403123781050304, -0.03923855563749329, 2.142190719100462]]"
0,8,325,GaK2S4Tb,Ga-K-S-Tb,8,206.2368820534269,4.553219459164473,"[[4.3914724916507, 0.2743876987067092, -0.18896373242948286], [0.2743876987067092, 4.7771316368148735, -0.36397241238555156], [-0.18896373242948286, -0.36397241238555156, 4.491054249027841]]"
0,8,326,Cu2Li4P2,Cu-Li-P,8,117.62669243454296,9.803785481223874,"[[8.390701746389801, -1.1928167303524086, -0.3470475216545703], [-1.1928167303524086, 8.874529889299827, -0.29004671566676293], [-0.3470475216545703, -0.29004671566676293, 12.146124807981998]]"
0,8,327,F2LiNa,F-Li-Na,4,42.94414953859035,1.6242962410116597,"[[1.6192473298326293, 0.0017418031177394416, -0.005786095569046995], [0.0017418031177394416, 1.61710903999856, -0.003679277451764753], [-0.005786095569046995, -0.003679277451764753, 1.6365323532037888]]"
0,8,328,H2Br2,Br-H,4,142.04357401512084,2.1045202726810626,"[[2.1489047610749985, -0.0023982074649194474, 0.34643693337287546], [-0.0023982074649194474, 2.2113860266639844, -0.0007882987142933928], [0.34643693337287546, -0.0007882987142933928, 1.953270030304205]]"
0,8,329,AuLiPSi2,Au-Li-P-Si,5,102.36194454030854,9.473193556735854,"[[10.540431635774464, 0.0013956570261235315, -0.0010033291047093], [0.0013956570261235315, 10.540878939902068, -0.004248473988348537], [-0.0010033291047093, -0.004248473988348537, 7.338270094531026]]"
0,8,330,FeO8V3,Fe-O-V,12,290.45771283214697,3.900799673091968,"[[3.9467771084881678, -0.004220765952954528, -0.0019743866629817093], [-0.004220765952954528, 3.9414440865278064, 0.004329392932792308], [-0.0019743866629817093, 0.004329392932792308, 3.8141778242599287]]"
0,8,331,Cu3P3S13Ti,Cu-P-S-Ti,20,710.6135895823106,4.773982207475564,"[[3.412545527271496, 0.1254634123862536, -0.15495889764069218], [0.1254634123862536, 5.839513001574569, 0.13170348347127567], [-0.15495889764069218, 0.13170348347127567, 5.06988809358063]]"
0,8,332,Br6Rb2Sr2,Br-Rb-Sr,10,419.9316174227386,2.685522772772161,"[[2.690230818210624, -0.006255495085004678, -0.016085615241571854], [-0.006255495085004678, 2.694840586780141, -0.011274024605200664], [-0.016085615241571854, -0.011274024605200664, 2.671496913325717]]"
0,8,333,O2Tl2,O-Tl,4,81.28184344841968,7.073002916954299,"[[7.118834117491443, 0.001892010073016474, 0.00019940746062208753], [0.001892010073016474, 7.1226243983002275, -0.0005795353440394674], [0.00019940746062208753, -0.0005795353440394674, 6.977550235071226]]"
0,8,334,BrI2O6S2Te,Br-I-O-S-Te,12,368.8065702435167,3.857071731456511,"[[4.141603769157104, 0.14926494178958136, -0.5002856284940278], [0.14926494178958136, 4.7300418275453895, -0.8726573794606302], [-0.5002856284940278, -0.8726573794606302, 2.699569597667039]]"
0,8,335,Ba2F8Li2,Ba-F-Li,12,194.5967722957927,2.527914122962706,"[[2.601788944135431, -0.09744725813866513, -0.059797542162617935], [-0.09744725813866513, 2.448846991166908, -0.22268817541695685], [-0.059797542162617935, -0.22268817541695685, 2.533106433585778]]"
0,8,336,F10K2NiSc2,F-K-Ni-Sc,15,211.1918613149542,2.4131895291317957,"[[2.211013154266201, -0.08858626789332419, 0.03423395358572609], [-0.08858626789332419, 2.2508604641027308, 0.11310303220550509], [0.03423395358572609, 0.11310303220550509, 2.777694969026454]]"
0,8,337,O3ScTi,O-Sc-Ti,5,83.99265419191012,4.049992109786513,"[[4.324248804446119, 0.000575470139316901, 0.0005957899734155325], [0.000575470139316901, 4.134058744357694, 0.5110357695646665], [0.0005957899734155325, 0.5110357695646665, 3.6916687805557227]]"
0,8,338,Ba2P4Si2Zn2,Ba-P-Si-Zn,10,237.23973505000336,10.903566775882988,"[[12.151463814391109, -0.0015997612939287107, 0.7376110830889665], [-0.0015997612939287107, 10.824734104568732, 0.005077716024465592], [0.7376110830889665, 0.005077716024465592, 9.734502408689119]]"
0,8,339,CH2LiN,C-H-Li-N,5,47.0287477559745,2.902863397559973,"[[2.984214895627828, -0.027119329954353743, -0.08614038722159359], [-0.027119329954353743, 2.9413118164544514, -0.07366499188323798], [-0.08614038722159359, -0.07366499188323798, 2.783063480597639]]"
0,8,340,As8O12,As-O,20,380.32437123058185,3.276533358180697,"[[3.1057906008098426, -0.002352295156813155, 0.0023049714173704315], [-0.002352295156813155, 3.1202770336119245, 0.03382931454577878], [0.0023049714173704315, 0.03382931454577878, 3.603532440120323]]"
0,8,341,BrClPdTe,Br-Cl-Pd-Te,4,124.10595729197114,6.25520545572013,"[[8.42126135685473, 0.0036212934534177498, -0.01438984137211769], [0.0036212934534177498, 6.349000346077025, 0.15800637265033513], [-0.01438984137211769, 0.15800637265033513, 3.9953546642286364]]"
0,8,342,AuSn,Au-Sn,2,48.2441273330107,22.854439129807275,"[[22.87654058512565, -0.02858695464476718, -0.06566818280149692], [-0.02858695464476718, 22.920645944640224, -0.04866607194540287], [-0.06566818280149692, -0.04866607194540287, 22.766130859655956]]"
0,8,343,CsSeTl2,Cs-Se-Tl,4,180.65434731168725,7.822462109566388,"[[8.119928153210811, 9.782091782729193e-05, 0.0005090188959977897], [9.782091782729193e-05, 8.125899496337528, 0.0011395639583318897], [0.0005090188959977897, 0.0011395639583318897, 7.221558679150821]]"
0,8,344,HCs,Cs-H,2,66.33780566801067,3.126230607711552,"[[3.1263710162728944, 0.0012674060740375825, 0.0009039695602208654], [0.0012674060740375825, 3.1253473968061902, 0.0004501760618425661], [0.0009039695602208654, 0.0004501760618425661, 3.126973410055569]]"
0,8,345,Cu3Li9O8,Cu-Li-O,20,200.8988744678066,5.615701440281289,"[[5.919344656066956, -0.3424895423546661, -0.016123441323638976], [-0.3424895423546661, 5.274072429206346, 0.1857635412721771], [-0.016123441323638976, 0.1857635412721771, 5.653687235570567]]"
0,8,346,AsBeLiO4,As-Be-Li-O,7,77.63901937654462,3.0095542967493127,"[[2.994323779730568, 0.017666403327067343, 0.02312708110434521], [0.017666403327067343, 3.0060199607633575, 0.030835250259714862], [0.02312708110434521, 0.030835250259714862, 3.028319149754013]]"
0,8,347,LiMnTl2,Li-Mn-Tl,4,87.64712414911828,13.327647660259029,"[[13.199264443788556, 0.004731163361130224, -0.07569360195595778], [0.004731163361130224, 13.196179284650514, -0.04351742704797094], [-0.07569360195595778, -0.04351742704797094, 13.587499252338015]]"
0,8,348,Ag4BaCs2F9,Ag-Ba-Cs-F,16,302.5729846546313,4.20414100311953,"[[4.120362215489823, 0.027585322979721258, -0.12096930924949682], [0.027585322979721258, 4.099018732304742, -0.07774519949611693], [-0.12096930924949682, -0.07774519949611693, 4.393042061564026]]"
0,8,349,HS2Y,H-S-Y,4,90.2295105196369,4.749450154184153,"[[4.64430828254108, 0.028131473463331065, -0.1341185289544181], [0.028131473463331065, 4.618459300721878, -0.0850373274572692], [-0.1341185289544181, -0.0850373274572692, 4.9855828792895]]"
0,8,350,Cs2F6HgZr,Cs-F-Hg-Zr,10,270.4700640682125,3.089724497728009,"[[3.090311490758021, -0.00019127376712883314, -0.00032911309649853574], [-0.00019127376712883314, 3.089331817654105, -0.0001133708209436428], [-0.00032911309649853574, -0.0001133708209436428, 3.0895301847719003]]"
0,8,351,H7O4,H-O,11,141.4174099186392,1.914800177176493,"[[1.9955102529398774, 0.039377977171257655, 0.006711609035619597], [0.039377977171257655, 1.9579912004106712, 0.09212034033581525], [0.006711609035619597, 0.09212034033581525, 1.7908990781789318]]"
0,8,352,S2Zn2,S-Zn,4,81.0741809063405,5.804652558457334,"[[5.797593111506868, -0.0013366928733473309, -0.0002570655960377894], [-0.0013366928733473309, 5.795807010269573, 0.00030826910599715524], [-0.0002570655960377894, 0.00030826910599715524, 5.820557553595557]]"
0,8,353,CuIO6Sr,Cu-I-O-Sr,9,127.37432577693464,6.612673902445958,"[[8.223983307865902, -0.0002182464130248318, 0.0011614954609302608], [-0.0002182464130248318, 8.224768921466477, -0.0018517000887197706], [0.0011614954609302608, -0.0018517000887197706, 3.389269478005491]]"
0,8,354,H2K,H-K,3,56.66490630232486,2.22669037458434,"[[2.197759545537593, 1.8395328931913207e-05, 0.0005849505632998431], [1.8395328931913207e-05, 2.284549201260465, 0.0001913663969883793], [0.0005849505632998431, 0.0001913663969883793, 2.19776237695496]]"
0,8,355,H6Mn2S4,H-Mn-S,12,260.25759825139613,3.1091039342451707,"[[3.359046574832806, 0.05495195329901243, -0.15562934066817133], [0.05495195329901243, 2.9231247557249502, -0.021669628161979166], [-0.15562934066817133, -0.021669628161979166, 3.045140472177755]]"
0,8,356,Lu4Nb2O13Y,Lu-Nb-O-Y,20,256.6786711806784,4.625686984817892,"[[4.67370784692311, 0.22368740005770588, -0.13517290984523112], [0.22368740005770588, 4.572946433406972, 0.08348840869983253], [-0.13517290984523112, 0.08348840869983253, 4.630406674123597]]"
0,8,357,As4Ba2HgIn3KRb,As-Ba-Hg-In-K-Rb,12,421.2384716089181,11.55066506143013,"[[13.156733453926751, 0.0017504133914528497, -0.0010200021901924149], [0.0017504133914528497, 13.156186431557048, 0.0003081242990457335], [-0.0010200021901924149, 0.0003081242990457335, 8.339075298806591]]"
0,8,358,CsK2S2,Cs-K-S,5,187.38700944721336,2.9481597557419845,"[[2.99850570003219, -0.0002355050423031779, -0.00014619530795426713], [-0.0002355050423031779, 2.9986798050025896, -8.387269012445145e-05], [-0.00014619530795426713, -8.387269012445145e-05, 2.847293762191174]]"
0,8,359,Li2S4V2,Li-S-V,8,176.8379152805556,5.401871882212021,"[[7.833966893213493, 0.0010381000267501844, -0.0005002676417767451], [0.0010381000267501844, 4.051026462766224, -0.0016530345679815405], [-0.0005002676417767451, -0.0016530345679815405, 4.320622290656345]]"
0,8,360,F2NO,F-N-O,4,61.32744440044263,2.194824405823091,"[[2.1407819262959973, -0.4447030005857804, 0.24478086223214984], [-0.4447030005857804, 2.283918579918567, 0.2211918715255349], [0.24478086223214984, 0.2211918715255349, 2.1597727112547074]]"
0,8,361,F11Nb4O3,F-Nb-O,18,285.3258465391279,3.493494150402212,"[[3.345832776317079, -0.06538649010281722, 0.21937233854085503], [-0.06538649010281722, 3.4148135840283342, -0.18171513331390113], [0.21937233854085503, -0.18171513331390113, 3.719836090861224]]"
0,8,362,As2I8Rb2,As-I-Rb,12,595.7694308819218,4.250533161416964,"[[4.938684515477623, 0.016977945758883634, -0.002345043260701763], [0.016977945758883634, 4.173502957056365, 0.003847189679245075], [-0.002345043260701763, 0.003847189679245075, 3.6394120117169053]]"
0,8,363,CaCdS2,Ca-Cd-S,4,88.95115747788695,7.022303798738144,"[[6.951562873163008, 2.683895911704365e-05, 0.00027173908943801256], [2.683895911704365e-05, 6.951561883223011, 5.547538268049913e-05], [0.00027173908943801256, 5.547538268049913e-05, 7.1637866398284125]]"
0,8,364,Cs4K2P4,Cs-K-P,10,389.9847581712413,5.61468925318415,"[[6.163610240246815, 0.00020344020753682265, 0.00027524475402230484], [0.00020344020753682265, 5.341474100114697, 0.0021143144672995913], [0.00027524475402230484, 0.0021143144672995913, 5.338983419190946]]"
0,8,365,Cl2IY,Cl-I-Y,4,120.27675354793524,6.497852864396378,"[[8.357132782718237, -0.0026182124749852607, 0.0019972399801393057], [-0.0026182124749852607, 8.355268252478428, -0.003914601497028565], [0.0019972399801393057, -0.003914601497028565, 2.7811575579924703]]"
0,8,366,Ba2F8V2,Ba-F-V,12,197.99515759403525,2.546615632562569,"[[2.8487354273948955, -0.0008071102093170142, -0.14901238912879003], [-0.0008071102093170142, 2.4317312837629688, -0.004574122009099141], [-0.14901238912879003, -0.004574122009099141, 2.359380186529846]]"
0,8,367,CuS4Sn2,Cu-S-Sn,7,174.2570057593951,11.123809370690855,"[[11.280394488661393, -0.0036408843761895284, -0.0010397927752242681], [-0.0036408843761895284, 11.045405783813916, -0.0007349007311515525], [-0.0010397927752242681, -0.0007349007311515525, 11.045627839597259]]"
0,8,368,Rb4Se6Sn2,Rb-Se-Sn,12,535.9271350354826,4.446703034238346,"[[4.396766678055285, -0.18898059636817213, -0.16491342989737307], [-0.18898059636817213, 4.887142530952359, 0.7175373155273276], [-0.16491342989737307, 0.7175373155273276, 4.056199893707395]]"
0,8,369,As2Hf2O8,As-Hf-O,12,138.13164364025002,5.00794141922056,"[[5.2505009203769895, 0.15105934720210448, 0.24610099095339272], [0.15105934720210448, 5.020928560738271, -0.13529818276605116], [0.24610099095339272, -0.13529818276605116, 4.752394776546417]]"
0,8,370,O2Zn2,O-Zn,4,49.75041796013348,5.393926436781872,"[[5.41415410790862, 0.0012202711376419657, 0.0006445183695670172], [0.0012202711376419657, 5.414396465314213, 0.0008736620078949207], [0.0006445183695670172, 0.0008736620078949207, 5.353228737122788]]"
0,8,371,Na2O3Pd,Na-O-Pd,6,71.38032970435208,5.55110257257115,"[[5.985949087014186, -0.0785116821357956, -0.31912004346880196], [-0.0785116821357956, 5.977330786526901, -0.33709953638542267], [-0.31912004346880196, -0.33709953638542267, 4.6900278441723575]]"
0,8,372,HCuO2,Cu-H-O,4,40.70451901475478,9.116807000607588,"[[13.218621796768424, -0.04275487855458065, 0.010307321317719673], [-0.04275487855458065, 4.005332284509893, 0.5910519763817477], [0.010307321317719673, 0.5910519763817477, 10.126466920544445]]"
0,8,373,Br5Cs4Cu,Br-Cs-Cu,10,602.5965186733745,2.5399950530325,"[[2.491759375912768, -0.07484474235012539, 0.003776228435296734], [-0.07484474235012539, 2.536684790383291, -0.004402877500687419], [0.003776228435296734, -0.004402877500687419, 2.591540992801441]]"
0,8,374,C3NO2S2,C-N-O-S,8,230.38414056523092,1.69383964305796,"[[1.402090929976692, 0.29805473400241245, -0.018755037319839074], [0.29805473400241245, 2.4416877669508006, -0.08300706416888823], [-0.018755037319839074, -0.08300706416888823, 1.2377402322463875]]"
0,8,375,H2NaPd,H-Na-Pd,4,46.24393400661227,7.340207784262952,"[[7.366229361748511, -0.0004241431010943398, -0.00021775592474978405], [-0.0004241431010943398, 7.366332780231226, -0.00019317698701131974], [-0.00021775592474978405, -0.00019317698701131974, 7.2880612108091185]]"
0,8,376,O6V2,O-V,8,121.45705570920836,4.332588482938794,"[[5.15388240904934, 0.0020685043666339394, 0.012539222780356558], [0.0020685043666339394, 5.147902475571711, -0.002573122951808129], [0.012539222780356558, -0.002573122951808129, 2.6959805641953363]]"
0,8,377,As3Ba2Ti2,As-Ba-Ti,7,229.7395478957193,9.647207735456677,"[[12.094771321314585, -0.3654001734819578, -1.6373845458512608], [-0.3654001734819578, 12.063616420228529, -1.7082079398599073], [-1.6373845458512608, -1.7082079398599073, 4.783235464826912]]"
0,8,378,HCu2O,Cu-H-O,4,40.40981446687501,12.75670720726084,"[[12.660312351851681, -0.0012808507565234628, -0.0017805535949992348], [-0.0012808507565234628, 12.664276046079362, 0.005917564391269054], [-0.0017805535949992348, 0.005917564391269054, 12.945533223851479]]"
0,8,379,CLuV,C-Lu-V,3,45.18780803538576,10.481980772872593,"[[11.988532523529411, -0.00019372318752364494, 0.0024438161977894915], [-0.00019372318752364494, 11.9878572699889, -0.0011805130776049704], [0.0024438161977894915, -0.0011805130776049704, 7.46955252509947]]"
0,8,380,F2MnO2Ti,F-Mn-O-Ti,6,74.25303548090457,5.294852367863047,"[[6.5997948645755855, -0.00010999804405435802, -0.004382614120681003], [-0.00010999804405435802, 4.371872577925449, -0.7337992539345923], [-0.004382614120681003, -0.7337992539345923, 4.912889661088105]]"
0,8,381,Br8Cs5Cu4I3,Br-Cs-Cu-I,20,874.3672340297653,3.713229397280681,"[[3.738366617298498, 0.029810650085314958, -0.02193340864011215], [0.029810650085314958, 3.756436361402888, 0.1047690107208233], [-0.02193340864011215, 0.1047690107208233, 3.6448852131406553]]"
0,8,382,Hg4I2Sb2,Hg-I-Sb,8,320.2071989221874,10.03623297023036,"[[9.998835624057, 0.01595432428014801, 0.059511544897692954], [0.01595432428014801, 10.008574565389118, 0.07726339399021596], [0.059511544897692954, 0.07726339399021596, 10.101288721244972]]"
0,8,383,CuLa3O2P2,Cu-La-O-P,8,169.8553707891793,8.742306919096,"[[9.056120041899451, -0.01714246796297144, 0.17041533757834262], [-0.01714246796297144, 9.07317893108564, 0.10003193179156546], [0.17041533757834262, 0.10003193179156546, 8.097621784302913]]"
0,12,384,Pb2Rb3S5,Pb-Rb-S,10,333.19744213712346,4.932160460943652,"[[5.59272608435599, 0.03596783923096436, -0.20016187846124708], [0.03596783923096436, 4.504989436495081, 0.16637516365436483], [-0.20016187846124708, 0.16637516365436483, 4.698765861979886]]"
0,12,385,B2ClFe2O8Si,B-Cl-Fe-O-Si,14,250.5246669410593,2.5056413389135077,"[[2.7698696545831467, -0.23453830602605535, -0.11540918771146907], [-0.23453830602605535, 2.419198975566349, 0.26226977615231856], [-0.11540918771146907, 0.26226977615231856, 2.3278553865910254]]"
0,12,386,H2As4Li2Pd4Se3Zr,As-H-Li-Pd-Se-Zr,16,283.8773064689313,14.86520722871831,"[[14.899497347715663, -0.7425572682073185, 0.3621578102288404], [-0.7425572682073185, 14.911030395122516, 0.05638208728615327], [0.3621578102288404, 0.05638208728615327, 14.785093943316742]]"
0,12,387,F3Nb2O3,F-Nb-O,8,131.00178758024603,5.327829929330763,"[[5.70032508733426, 0.0008157077845584046, -0.0017598175759042552], [0.0008157077845584046, 5.3225264866842386, 0.5299635709478077], [-0.0017598175759042552, 0.5299635709478077, 4.960638213973791]]"
0,12,388,As4Ba2O6,As-Ba-O,12,276.934111745985,3.741650521948924,"[[3.5002097192955923, -0.1541714609250635, -0.08986466423095858], [-0.1541714609250635, 3.717181717929034, 0.13844462789005593], [-0.08986466423095858, 0.13844462789005593, 4.007560128622142]]"
0,12,389,Cl4In2,Cl-In,6,202.07050209901425,3.3180112157168367,"[[3.7828490448618375, 0.001530312602431504, -0.0008043275090670325], [0.001530312602431504, 3.7834660630665224, 0.0016047304870711202], [-0.0008043275090670325, 0.0016047304870711202, 2.387718539222151]]"
0,12,390,AgCs5O4Rb2,Ag-Cs-O-Rb,12,407.2168836954459,3.685268246529631,"[[3.6482726859389176, 0.00012970186486475048, -0.0002707768892753987], [0.00012970186486475048, 3.602898292078442, -0.004153552446385399], [-0.0002707768892753987, -0.004153552446385399, 3.8046337615715338]]"
0,12,391,F9Li2Pb3Rb2,F-Li-Pb-Rb,16,296.346106332299,2.8432140713633767,"[[2.8341625032657407, 2.3934580309498495e-05, -5.906830952934518e-05], [2.3934580309498495e-05, 2.831066012115132, -0.011601607495414322], [-5.906830952934518e-05, -0.011601607495414322, 2.864413698709255]]"
0,12,392,K4Se10Ti4,K-Se-Ti,18,505.1831380925372,7.398403242137514,"[[9.962832807253342, 0.0006740346152524607, -0.001442645870916164], [0.0006740346152524607, 3.9224822927363516, 1.0354670613907984], [-0.001442645870916164, 1.0354670613907984, 8.30989462642285]]"
0,12,393,Dy4MnRb2Se8,Dy-Mn-Rb-Se,15,499.4821916102086,5.779485135004808,"[[6.427642247268925, -0.0005811048887559606, 0.0002800849663788468], [-0.0005811048887559606, 5.210882023689779, 0.3671579803972669], [0.0002800849663788468, 0.3671579803972669, 5.699931134055716]]"
0,12,394,F8Zn4,F-Zn,12,144.2795607801812,2.5896433069702667,"[[2.518025096340465, -0.00136387357841748, -5.0644394443439233e-05], [-0.00136387357841748, 2.6773344601798046, 0.0007138567454804071], [-5.0644394443439233e-05, 0.0007138567454804071, 2.5735703643905294]]"
0,12,395,AuCl2Na,Au-Cl-Na,4,115.59509540725251,2.6956108005593578,"[[2.2272075361099843, 0.0009820025003048887, 0.0024899544277239218], [0.0009820025003048887, 2.3772996243860467, 0.4376882905979823], [0.0024899544277239218, 0.4376882905979823, 3.482325241182043]]"
0,12,396,Li4Na2Pd2,Li-Na-Pd,8,153.03648920641058,9.1855913543617,"[[9.948832064750615, 0.010554245423923057, -1.0279269363626913], [0.010554245423923057, 10.21799600521425, 0.036910149884377345], [-1.0279269363626913, 0.036910149884377345, 7.389945993120236]]"
0,12,397,I4MgZn,I-Mg-Zn,6,215.34661767917893,4.424083933928629,"[[4.864241720368717, -0.001704530177160699, -0.00030592869468225835], [-0.001704530177160699, 3.6377949395706555, 0.0008246103668275608], [-0.00030592869468225835, 0.0008246103668275608, 4.770215141846512]]"
0,12,398,Br2O2Zn2,Br-O-Zn,6,131.77567903568385,4.050895091178012,"[[4.7925063106496335, 0.00047479009612333694, -0.002859005808288972], [0.00047479009612333694, 3.82694927667017, -0.007041563819359249], [-0.002859005808288972, -0.007041563819359249, 3.533229686214229]]"
0,12,399,Nb2Nd2O9,Nb-Nd-O,13,182.9860539559051,4.83884132836986,"[[4.777665517859579, 0.00017220840031193614, -0.0007113267061894164], [0.00017220840031193614, 5.1698099304440746, -0.02164331537477269], [-0.0007113267061894164, -0.02164331537477269, 4.56904853680592]]"
0,12,400,F6SnZn,F-Sn-Zn,8,116.75424979576836,2.3739337859805665,"[[2.3734731556199162, 0.0006005615283445907, -0.0025919075418331257], [0.0006005615283445907, 2.371387428956748, -0.0010502294073545945], [-0.0025919075418331257, -0.0010502294073545945, 2.376940773365033]]"
0,12,401,Cl6RbRe,Cl-Rb-Re,8,263.70393374378915,3.0982757197047444,"[[2.8934259025273255, 0.10449137052382991, 0.00059119811070474], [0.10449137052382991, 3.1926684291225604, -0.0009118618395169778], [0.00059119811070474, -0.0009118618395169778, 3.208732827464348]]"
0,12,402,As2Ba2Cd2CsO2,As-Ba-Cd-Cs-O,9,273.9464497094369,6.904593982598429,"[[7.531026458998518, 6.048615042825816e-06, 0.00816181047592979], [6.048615042825816e-06, 7.535776994283824, -0.003958388193575238], [0.00816181047592979, -0.003958388193575238, 5.646978494512943]]"
0,12,403,Er2O7Pb2Zn,Er-O-Pb-Zn,12,199.51319597307284,4.923023974811508,"[[4.733811032247159, 0.03834564446816321, 0.2773848239399874], [0.03834564446816321, 4.655516214091389, 0.041778083170750914], [0.2773848239399874, 0.041778083170750914, 5.379744678095976]]"
0,12,404,AlAuMn2,Al-Au-Mn,4,60.42072293434126,17.588126617178066,"[[17.585534274050115, 0.003653000502919354, -0.003018366660028379], [0.003653000502919354, 17.58602894007237, 0.019019670096551096], [-0.003018366660028379, 0.019019670096551096, 17.592816637411712]]"
0,12,405,Ba12N3Pt5,Ba-N-Pt,20,696.2050780490781,11.25446872254056,"[[11.39991279839717, -0.10582471445926928, 0.2454175168332225], [-0.10582471445926928, 11.101471349304202, 0.10229405367587072], [0.2454175168332225, 0.10229405367587072, 11.262022019920314]]"
0,12,406,GaNaP3Se2VW,Ga-Na-P-Se-V-W,9,181.89155573860305,10.932812354574788,"[[12.822120206585074, -3.411813557523868e-05, 0.0015513950366487991], [-3.411813557523868e-05, 12.822195227869257, 0.0015298094169932843], [0.0015513950366487991, 0.0015298094169932843, 7.154121629270032]]"
0,12,407,B2BiLi2O6,B-Bi-Li-O,11,120.73666027931068,3.6270677167221272,"[[3.873935471080501, -0.40787485248920496, -0.15078749352190168], [-0.40787485248920496, 3.7122669531387262, 0.11345184906052407], [-0.15078749352190168, 0.11345184906052407, 3.295000725947154]]"
0,12,408,I4Rb2Sr,I-Rb-Sr,7,370.42862377789714,3.239067348753192,"[[3.2625450453413634, -0.009256331605599305, -0.02365318465963443], [-0.009256331605599305, 3.260301698122197, -0.025888603537701563], [-0.02365318465963443, -0.025888603537701563, 3.1943553027960125]]"
0,12,409,Li3Mn3O6,Li-Mn-O,12,113.77514813959444,6.622089253092672,"[[6.245202240561202, 0.23036697327275335, -1.3014968139959409], [0.23036697327275335, 7.269876693522151, 0.2095659365800085], [-1.3014968139959409, 0.2095659365800085, 6.3511888251946615]]"
0,12,410,ClO4Sb2Y,Cl-O-Sb-Y,8,128.9421410243557,5.62774820033732,"[[5.804896867806878, 3.0594698600896627e-06, 0.0010946864078769266], [3.0594698600896627e-06, 5.805053052738836, 0.001039942509738248], [0.0010946864078769266, 0.001039942509738248, 5.27329468046625]]"
0,12,411,Cl2Si4,Cl-Si,6,167.713958910213,6.568680006743269,"[[8.011687805141088, -0.00017295223902014277, 0.10411137222789021], [-0.00017295223902014277, 6.97941557510738, -0.02852689608427367], [0.10411137222789021, -0.02852689608427367, 4.714936639981332]]"
0,12,412,CdF6V,Cd-F-V,8,112.23461222446208,2.6781685864697344,"[[2.745506054822732, 0.037374461474532564, -0.05112601660123973], [0.037374461474532564, 2.8052960818873114, 0.36784985545630816], [-0.05112601660123973, 0.36784985545630816, 2.483703622699162]]"
0,12,413,BaNa2Rb4Sb3,Ba-Na-Rb-Sb,10,435.4410180443666,7.119658671370709,"[[7.288326511801488, 0.00021988809920355526, 0.0007419491480601619], [0.00021988809920355526, 7.129922688251772, -0.15452659642450178], [0.0007419491480601619, -0.15452659642450178, 6.940726814058866]]"
0,12,414,CsNbO4Tl2,Cs-Nb-O-Tl,8,197.1363293602589,4.403704409493059,"[[4.474743873806174, -0.0958803636271196, -0.12680578060111056], [-0.0958803636271196, 4.4115179537806055, -0.1748309406709056], [-0.12680578060111056, -0.1748309406709056, 4.324851400892399]]"
0,12,415,F2O6Si2Ta,F-O-Si-Ta,11,179.1932658184208,2.987568278264036,"[[3.3302938521162924, 3.6022770476626534e-06, -9.244903144873402e-05], [3.6022770476626534e-06, 3.3301338450527433, -0.0005665826243502497], [-9.244903144873402e-05, -0.0005665826243502497, 2.3022771376230713]]"
0,12,416,O13Te3W2,O-Te-W,18,268.0808021283268,5.561309804494676,"[[5.554419897458613, -0.07638116469835188, -0.23864258252472015], [-0.07638116469835188, 5.019141415690642, 0.2566423528522066], [-0.23864258252472015, 0.2566423528522066, 6.110368100334773]]"
0,12,417,F2O2,F-O,4,58.34974076595833,2.759014061295306,"[[2.6316472363578103, 0.5291924957784772, -0.6936887477845831], [0.5291924957784772, 2.6834101699648545, -0.7169523185515031], [-0.6936887477845831, -0.7169523185515031, 2.9619847775632544]]"
0,12,418,CdCl8Ga2,Cd-Cl-Ga,11,364.0383073972855,2.4544277925669986,"[[2.654302321525058, 0.043709382288473174, 0.10078103208633805], [0.043709382288473174, 2.294083702329818, 0.23828128726194409], [0.10078103208633805, 0.23828128726194409, 2.414897353846119]]"
0,12,419,Er2I2,Er-I,4,133.6879727910254,7.486432676628308,"[[8.505317668513241, 1.3723443637901858e-05, -0.0016790529383163275], [1.3723443637901858e-05, 8.5051934115128, -0.0007742991715948414], [-0.0016790529383163275, -0.0007742991715948414, 5.4487869498588895]]"
0,12,420,HCoO2,Co-H-O,4,31.02880701341081,9.182848195078789,"[[10.063244176737369, 0.0023802428502991985, 0.005520924556155215], [0.0023802428502991985, 9.700246360801128, -0.9071212046761259], [0.005520924556155215, -0.9071212046761259, 7.785054047697868]]"
0,12,421,As4Li5PdRu2,As-Li-Pd-Ru,12,205.29104515958187,13.014713759919903,"[[13.608980918174607, -0.9363002604954965, -1.3631575103982445], [-0.9363002604954965, 14.563078761567184, -2.2673752719352147], [-1.3631575103982445, -2.2673752719352147, 10.872081600017923]]"
0,12,422,As4Ba4Li4,As-Ba-Li,12,322.3538472627613,10.708481178055044,"[[10.105083092170718, -0.0018924531957706266, 0.0005773675445642222], [-0.0018924531957706266, 10.281306185714682, 0.010799576922317988], [0.0005773675445642222, 0.010799576922317988, 11.739054256279731]]"
0,12,423,Na2Se2,Na-Se,4,97.32348702933164,6.665559322505595,"[[6.308888537819346, -0.0032121415472367997, 0.0024162821671192105], [-0.0032121415472367997, 7.193904621088351, 1.2360381435219945], [0.0024162821671192105, 1.2360381435219945, 6.49388480860909]]"
0,12,424,HN5Y6,H-N-Y,12,178.55055762910115,8.901850403630343,"[[9.100655691165898, -0.0003314113101997444, 0.00020713867433697945], [-0.0003314113101997444, 9.100775541968694, 0.0007110939143707823], [0.00020713867433697945, 0.0007110939143707823, 8.504119977756446]]"
0,12,425,H3AsO7Re,As-H-O-Re,12,160.30275827116083,3.4713058850186296,"[[4.158214863635913, -0.147042821267811, 0.25035575851620523], [-0.147042821267811, 3.239054832560238, -0.148669334005094], [0.25035575851620523, -0.148669334005094, 3.0166479588597377]]"
0,12,426,Na3O4S4Sb2Sn3,Na-O-S-Sb-Sn,16,347.3264119167185,6.380402200862523,"[[6.101444485898924, -0.02404606146838749, 0.1597718191177582], [-0.02404606146838749, 6.393889738332377, -0.14272402541535664], [0.1597718191177582, -0.14272402541535664, 6.645872378356275]]"
0,12,427,Ca2Co3F10Li3O2,Ca-Co-F-Li-O,20,258.5679578836579,2.7895450720051858,"[[2.6491484311678115, -0.016376906281694945, 0.014252595127214718], [-0.016376906281694945, 2.802310603682671, 0.17144650421834468], [0.014252595127214718, 0.17144650421834468, 2.917176181165073]]"
0,12,428,Cs3Ga2Se9Sn2,Cs-Ga-Se-Sn,16,678.8980225135723,4.150704446894109,"[[5.27066532194353, -0.08033937435056092, 0.12030293266120343], [-0.08033937435056092, 3.599218810302234, 0.21522739399169064], [0.12030293266120343, 0.21522739399169064, 3.582229208436563]]"
0,12,429,Cd2NaO7S2,Cd-Na-O-S,12,193.9475892501058,2.9352937042347107,"[[3.0305776677303826, -0.0033318074749892975, -0.007605853381206318], [-0.0033318074749892975, 3.03125584818358, 0.00444069679358769], [-0.007605853381206318, 0.00444069679358769, 2.744047596790167]]"
0,12,430,FNa2Nb2O5,F-Na-Nb-O,10,134.0849493724439,5.6810314768957255,"[[4.244677734692469, 0.0010069667195240538, -0.005727868101862005], [0.0010069667195240538, 6.3992957438765625, -0.00036162956755094974], [-0.005727868101862005, -0.00036162956755094974, 6.399120952118145]]"
0,12,431,H2K2,H-K,4,107.26732252313718,2.536960097201143,"[[2.5726562845875667, 6.070816508675004e-05, 5.160380321900938e-07], [6.070816508675004e-05, 2.572776264157797, -9.402735923997403e-05], [5.160380321900938e-07, -9.402735923997403e-05, 2.4654477428580637]]"
0,12,432,KO2,K-O,3,54.10061678642677,2.312229355350231,"[[2.311633808965437, -0.0036879739852800097, -0.0027258296729058417], [-0.0036879739852800097, 2.3096251227191265, -0.0032598302985896144], [-0.0027258296729058417, -0.0032598302985896144, 2.3154291343661275]]"
0,12,433,Al2Ba6S8,Al-Ba-S,16,496.6723049579816,4.846996580301673,"[[5.102585674052957, 0.3970717164482283, 0.0003563535016990378], [0.3970717164482283, 4.552426901830189, -0.00034951081510184077], [0.0003563535016990378, -0.00034951081510184077, 4.885977165021872]]"
0,12,434,Cd3F2O4Se,Cd-F-O-Se,10,142.36863676965976,4.376377364232972,"[[3.9401397360751655, -0.0008339134525140389, 0.0002598675987999983], [-0.0008339134525140389, 4.557791179603851, -0.0024020287368291316], [0.0002598675987999983, -0.0024020287368291316, 4.631201177019896]]"
0,12,435,La2ORh,La-O-Rh,4,84.43607937502065,13.857526361352845,"[[14.41401065355519, -0.09413308662478463, 0.5249309874330669], [-0.09413308662478463, 14.514085444271862, 0.3211381728492893], [0.5249309874330669, 0.3211381728492893, 12.644482986231486]]"
0,12,436,Mg3O3,Mg-O,6,74.01675621603654,3.0412524092996507,"[[3.0410243684441074, -9.086825397293171e-06, -2.615154476373386e-05], [-9.086825397293171e-06, 3.0411565924735027, 0.00012035816670184763], [-2.615154476373386e-05, 0.00012035816670184763, 3.041576266981341]]"
0,12,437,K2O4S2,K-O-S,8,169.34742653278616,2.2646004863900457,"[[2.092185718910946, -0.001160999634374642, -0.11453454677677298], [-0.001160999634374642, 2.2729541013853063, -0.000542842628011246], [-0.11453454677677298, -0.000542842628011246, 2.428661638873884]]"
0,12,438,Cd3O7Y2,Cd-O-Y,12,189.52335908250936,4.5692226129646745,"[[4.575471257062144, 0.00019289030413968935, 0.00014063053258202404], [0.00019289030413968935, 4.576422080194073, -0.0001901326098064071], [0.00014063053258202404, -0.0001901326098064071, 4.555774501637805]]"
0,12,439,CaLaMoO6,Ca-La-Mo-O,9,136.33055131694238,4.657196140736836,"[[4.592870974257212, -1.1506723958816787e-05, 0.0025085713661454237], [-1.1506723958816787e-05, 4.6840389952575565, -0.004214478872403117], [0.0025085713661454237, -0.004214478872403117, 4.694678452695739]]"
0,12,440,Fe2MoO11P2,Fe-Mo-O-P,16,249.0540966489082,4.23171998118188,"[[4.1451273223885385, 0.8039924963410193, 0.24607294078389866], [0.8039924963410193, 4.577293315708869, 0.6957837335173788], [0.24607294078389866, 0.6957837335173788, 3.972739305448235]]"
0,12,441,H4Na4O4,H-Na-O,12,129.64067140657357,2.111058306138572,"[[1.95292420911836, -0.0023147449355736937, -0.003971955989434025], [-0.0023147449355736937, 2.16002553363976, 0.00014295018470908657], [-0.003971955989434025, 0.00014295018470908657, 2.2202251756575957]]"
0,12,442,O4Sc2Se5,O-Sc-Se,11,209.11745645722883,6.771898172135373,"[[6.729270406520804, 0.004658860630144693, 0.13157186509970722], [0.004658860630144693, 7.148988584837432, 0.012283020869912493], [0.13157186509970722, 0.012283020869912493, 6.437435525047881]]"
0,12,443,Rb5S7Y3,Rb-S-Y,15,469.34252888393496,4.765734627887401,"[[5.0214025418911055, 0.02815424073180879, 0.16150748235265538], [0.02815424073180879, 5.003642602494005, 0.11865640775836553], [0.16150748235265538, 0.11865640775836553, 4.2721587392770966]]"
0,12,444,Li2O6S2,Li-O-S,10,153.17307364823682,2.117513214250493,"[[2.018318313378588, -0.12134560074110078, 0.10147565009128127], [-0.12134560074110078, 2.1318511002591105, 0.07637390485571648], [0.10147565009128127, 0.07637390485571648, 2.202370229113783]]"
0,12,445,Cu2Ga3S3,Cu-Ga-S,8,167.09979311958745,9.700706154206708,"[[9.721654582892523, -0.0038106255850799565, 0.001974991293950751], [-0.0038106255850799565, 9.694527371637301, -0.026049047212281098], [0.001974991293950751, -0.026049047212281098, 9.685936508090293]]"
0,12,446,Br2Cu2Se2,Br-Cu-Se,6,157.73124375452335,7.768132352104093,"[[10.01422420768084, 0.00032307476093355316, -0.0012649374046270446], [0.00032307476093355316, 7.0364350023457085, 2.514008089530297], [-0.0012649374046270446, 2.514008089530297, 6.253737846285727]]"
0,12,447,Ag3Au2Cu2S5,Ag-Au-Cu-S,12,250.69311800309865,10.912857700426844,"[[10.643347775214838, 0.27434299860606565, 0.9822154090183073], [0.27434299860606565, 11.361419535984695, 0.5000832545303077], [0.9822154090183073, 0.5000832545303077, 10.733805790080993]]"
0,12,448,Al2Cs4N4Se2,Al-Cs-N-Se,12,333.7289133287374,5.303892964871571,"[[5.4610578898061855, 0.021250971424544806, -0.02484333148561363], [0.021250971424544806, 5.300728191697064, 0.3919738132568145], [-0.02484333148561363, 0.3919738132568145, 5.149892813111463]]"
0,12,449,AgO2Rb2,Ag-O-Rb,5,125.29097843287056,3.28737998934932,"[[3.0060565874638305, 0.07844240446970092, 0.25406873235370303], [0.07844240446970092, 3.0220187120620863, 0.2778080584488701], [0.25406873235370303, 0.2778080584488701, 3.834064668522039]]"
0,12,450,Bi5O11Sc2,Bi-O-Sc,18,270.0571445631293,6.274268888387492,"[[6.115777272299699, 0.08436682379819131, -0.33514387624462233], [0.08436682379819131, 6.207258788920557, 0.23821024632145513], [-0.33514387624462233, 0.23821024632145513, 6.499770603942217]]"
0,12,451,BaK2N4Re,Ba-K-N-Re,8,158.85169855593566,6.087979527658039,"[[5.301819188707915, -0.14271672469392602, 0.22375051088732642], [-0.14271672469392602, 6.927886616524211, -0.5084892871184639], [0.22375051088732642, -0.5084892871184639, 6.034232777741996]]"
0,12,452,F6MoRb,F-Mo-Rb,8,157.94545024556058,2.166060210436166,"[[2.1280584287175737, 0.033750946333127974, -0.09554543871463822], [0.033750946333127974, 2.101316418410164, -0.06421050469790114], [-0.09554543871463822, -0.06421050469790114, 2.2688057841807616]]"
0,12,453,HgS2Sr,Hg-S-Sr,4,137.08863119522934,4.557738874444833,"[[3.6127414516897085, 0.19005497324954793, -1.0182955705752137], [0.19005497324954793, 3.418256638996818, -0.6225806211530336], [-1.0182955705752137, -0.6225806211530336, 6.642218532647973]]"
0,12,454,H4BCs3,B-Cs-H,8,325.9569885233762,2.5428188519467185,"[[2.6027630684209724, -0.025102094049359137, 0.05493897767306966], [-0.025102094049359137, 2.4858515362275857, 0.04315674855098747], [0.05493897767306966, 0.04315674855098747, 2.539841951191601]]"
0,12,455,C4H15N,C-H-N,20,300.6122940342626,1.5575538722014883,"[[1.5316045236677553, -0.006744681445016063, 0.05547406365939511], [-0.006744681445016063, 1.5593769433521125, 0.0190066199084818], [0.05547406365939511, 0.0190066199084818, 1.581680149584596]]"
0,12,456,Li2P2RbSe6,Li-P-Rb-Se,11,310.1053028602922,5.234599481545629,"[[5.9273002131758155, -0.04285853573392738, -0.13448520441329956], [-0.04285853573392738, 5.900898252330655, -0.18371138630536082], [-0.13448520441329956, -0.18371138630536082, 3.8755999791304165]]"
0,12,457,B2CeK2O6,B-Ce-K-O,11,161.32922595122955,3.5614239135265606,"[[3.7607141583015316, -0.10271886250064292, 0.3729437372248445], [-0.10271886250064292, 3.857311383028851, 0.2422619463722093], [0.3729437372248445, 0.2422619463722093, 3.0662461992492953]]"
0,12,458,Br2Cl2,Br-Cl,4,139.40906875781062,4.581381395084691,"[[2.4427093434377016, 0.26551429886209593, 0.0012302202558868928], [0.26551429886209593, 2.6500356967939562, 0.002485559352008058], [0.0012302202558868928, 0.002485559352008058, 8.651399145022417]]"
0,12,459,H2Al2GeN,Al-Ge-H-N,6,78.26254462617209,8.585633807939331,"[[9.028110954265554, -0.06669366926823207, 0.4165909034299648], [-0.06669366926823207, 9.098214663054181, 0.251574299665016], [0.4165909034299648, 0.251574299665016, 7.630575806498256]]"
0,12,460,O12Re3Sr3,O-Re-Sr,18,318.8592259534485,2.753500521790734,"[[2.661742353285898, -0.030986414897162882, 0.1746252328757564], [-0.030986414897162882, 2.7033834158168824, 0.09521526788763963], [0.1746252328757564, 0.09521526788763963, 2.895375796269422]]"
0,12,461,CsGa3I8,Cs-Ga-I,12,630.4201377123252,3.653617648668249,"[[3.602217590854952, -0.18080420698748165, -0.0625138645052668], [-0.18080420698748165, 3.7441512674587543, -0.04268826853490831], [-0.0625138645052668, -0.04268826853490831, 3.6144840876910393]]"
0,12,462,F2Rb2,F-Rb,4,113.75972223923652,1.7772780411293063,"[[1.7614758757600095, -0.00037069909161814005, -0.0008197085124829169], [-0.00037069909161814005, 1.7604459994610313, -0.0019974802009714056], [-0.0008197085124829169, -0.0019974802009714056, 1.8099122481668786]]"
0,12,463,S2Sn2,S-Sn,4,135.62497398048444,9.250523736596795,"[[10.444307335094212, 0.0016538529586462324, 0.006478576741572982], [0.0016538529586462324, 10.312070392508753, -0.6805464159375466], [0.006478576741572982, -0.6805464159375466, 6.995193482187425]]"
0,12,464,O2S2Sc2,O-S-Sc,6,89.11276006670711,6.320875179967872,"[[6.738625778372813, 0.002723291904751216, -0.003257886213699818], [0.002723291904751216, 6.809422637586667, 0.15996557766165856], [-0.003257886213699818, 0.15996557766165856, 5.414577123944137]]"
0,12,465,F6Rb2Zn,F-Rb-Zn,9,150.88113534060486,2.4373158757603552,"[[2.398029647437992, 0.0003173565573479375, 0.00033680065011018715], [0.0003173565573479375, 2.456106082848792, 0.0005988370454127899], [0.00033680065011018715, 0.0005988370454127899, 2.4578118969942824]]"
0,12,466,Cl11Hg3Na4,Cl-Hg-Na,18,518.1058417664602,2.958414633312445,"[[3.072720352532117, -0.06433519952181996, 0.24339845587180434], [-0.06433519952181996, 2.966565424855411, 0.011930816900478411], [0.24339845587180434, 0.011930816900478411, 2.835958122549806]]"
0,12,467,F2O4Rb2Tl4,F-O-Rb-Tl,12,287.5310634694893,4.431887545063699,"[[4.881025868157005, -5.704209960643733e-05, 0.0019753165413623043], [-5.704209960643733e-05, 3.9366296562309446, -0.531842440064971], [0.0019753165413623043, -0.531842440064971, 4.478007110803148]]"
0,12,468,Al2MnTe4,Al-Mn-Te,7,231.27660036000503,7.7102338929597565,"[[7.617153852194154, -0.0005345495297167988, -0.0028309500185855463], [-0.0005345495297167988, 7.617430263856865, -0.00013240012601492795], [-0.0028309500185855463, -0.00013240012601492795, 7.8961175628282545]]"
0,12,469,Ba4HgNd2Se10Sn,Ba-Hg-Nd-Se-Sn,18,566.520520229008,8.24936656079746,"[[8.74911447428322, -0.00893268329458943, 0.0063334148077794595], [-0.00893268329458943, 7.772155215053562, 0.035725128498298786], [0.0063334148077794595, 0.035725128498298786, 8.2268299930556]]"
0,12,470,AgCrO2,Ag-Cr-O,4,50.56219765628983,7.293463746130922,"[[7.483931000054452, -0.014019747291348977, -0.12324856081357619], [-0.014019747291348977, 7.494013925591318, -0.07585582563063825], [-0.12324856081357619, -0.07585582563063825, 6.902446312747004]]"
0,12,471,F6NbNi,F-Nb-Ni,8,121.17832264792308,2.4137612313749086,"[[2.4105545421480215, 0.0029839455496637707, -0.008852677278905619], [0.0029839455496637707, 2.4080090462024613, -0.00674885255455302], [-0.008852677278905619, -0.00674885255455302, 2.4227201057742422]]"
0,12,472,Na2O4Y2,Na-O-Y,8,111.69683312588108,3.583856283896284,"[[3.6000920887796126, -0.01119578833172457, -0.02219427400519241], [-0.01119578833172457, 3.597925650184011, -0.02794502706782211], [-0.02219427400519241, -0.02794502706782211, 3.5535511127252293]]"
0,12,473,I7PtTe,I-Pt-Te,9,442.5445476658032,5.983660681032958,"[[7.7818564673288115, 0.11077324907394046, 0.3554261923148153], [0.11077324907394046, 4.7289430710781595, 0.40481109581280994], [0.3554261923148153, 0.40481109581280994, 5.440182504691901]]"
0,12,474,Cu2K2PS5,Cu-K-P-S,10,279.05201544734047,4.3071457147295975,"[[4.861286538551898, 0.6090223415698517, 0.07604663205459455], [0.6090223415698517, 4.350746229508527, -0.7576548744952998], [0.07604663205459455, -0.7576548744952998, 3.709404376128365]]"
0,12,475,GaLiS2,Ga-Li-S,4,82.87739580209285,5.021194075021525,"[[5.238721215475816, -0.001381483991097275, 0.001626675950689838], [-0.001381483991097275, 5.235842651390047, -0.0026504137816638065], [0.001626675950689838, -0.0026504137816638065, 4.589018358198717]]"
0,12,476,K4N4,K-N,8,348.80239255349846,2.752624521897802,"[[2.3688014882320463, -0.02248326201176243, 0.12587395030076393], [-0.02248326201176243, 3.079478156776869, -0.09214512264215491], [0.12587395030076393, -0.09214512264215491, 2.809593920684489]]"
0,12,477,GeHg3S2,Ge-Hg-S,6,175.17986460877464,10.8296236361219,"[[11.172392748889521, -0.005834463703398524, -0.010895611756182224], [-0.005834463703398524, 11.185540181070204, -0.0030554085971364058], [-0.010895611756182224, -0.0030554085971364058, 10.130937978405974]]"
0,12,478,NaO8S2V,Na-O-S-V,12,133.18877308465636,2.805344654984385,"[[2.74139837086668, 0.10450448942682053, -0.06896025019664913], [0.10450448942682053, 2.895541235977561, -0.13678840823207658], [-0.06896025019664913, -0.13678840823207658, 2.779094358108912]]"
0,12,479,F2O2Ti2,F-O-Ti,6,65.90517815859049,6.272337446746959,"[[7.598514979941051, -0.006186390122081761, 0.003945426420303587], [-0.006186390122081761, 7.598583914451836, 0.005119041796943175], [0.003945426420303587, 0.005119041796943175, 3.6199134458479865]]"
0,12,480,FLi2O,F-Li-O,4,41.72114340065494,2.678625740925474,"[[2.666450839218972, 0.0017703146450201133, -1.442510013979527e-05], [0.0017703146450201133, 2.6696314202605613, 2.2635449096689205e-05], [-1.442510013979527e-05, 2.2635449096689205e-05, 2.6997949632968874]]"
0,12,481,Br6Se2,Br-Se,8,386.5799902860645,3.743935060463748,"[[2.38578457287437, -0.4233855502236911, 0.8178440339272921], [-0.4233855502236911, 4.550187962281919, 0.1884116823407245], [0.8178440339272921, 0.1884116823407245, 4.295832646234956]]"
0,12,482,KO8Ru2Sc,K-O-Ru-Sc,12,221.27786900009536,3.522176708579764,"[[3.5870637219667514, 0.0006741787720234021, -5.0826386781982145e-05], [0.0006741787720234021, 3.5877552767796983, 0.002262312228131103], [-5.0826386781982145e-05, 0.002262312228131103, 3.3917111269928406]]"
0,12,483,C9N11,C-N,20,422.5377039003734,2.113757129099469,"[[3.2427992086255517, -0.8659217771472393, -0.052000499287924315], [-0.8659217771472393, 1.8274691106028402, 0.10372879923159815], [-0.052000499287924315, 0.10372879923159815, 1.2710030680700126]]"
0,12,484,As4Br3O4,As-Br-O,11,277.1482973761671,3.934719132808501,"[[3.723944815134956, -0.04587812309559286, 0.3017652486475686], [-0.04587812309559286, 4.9282043269558695, 0.3761039372428144], [0.3017652486475686, 0.3761039372428144, 3.1520082563346787]]"
0,12,485,Cr4Te6,Cr-Te,10,252.05175888061584,18.90490780086289,"[[18.750333764003507, 0.1757388930754763, -0.4548705259784652], [0.1757388930754763, 18.62117724673787, -0.31782821474155687], [-0.4548705259784652, -0.31782821474155687, 19.34321239184731]]"
0,12,486,H3FO,F-H-O,5,42.48548378577544,1.9979237898076108,"[[2.090702736615736, 0.0007842807437147404, 1.3144766807534283e-05], [0.0007842807437147404, 1.9727967126543242, 0.13498098775722614], [1.3144766807534283e-05, 0.13498098775722614, 1.9302719201527723]]"
0,12,487,CHCsN2,C-Cs-H-N,5,97.91260275912016,2.442612258810182,"[[3.4290042595614794, -0.2971980558659551, -0.564733219151402], [-0.2971980558659551, 1.8796954039319707, 0.04305897931528763], [-0.564733219151402, 0.04305897931528763, 2.0191371129370954]]"
0,12,488,HgSe2Yb,Hg-Se-Yb,4,135.2929460252382,6.23124386489414,"[[4.919742983446685, 0.24395781484597642, -1.3513354802265236], [0.24395781484597642, 4.669911906567083, -0.8271973948876331], [-1.3513354802265236, -0.8271973948876331, 9.104076704668653]]"
0,12,489,F5Fe4Li4O3,F-Fe-Li-O,16,184.17114113739137,2.6904601670104253,"[[2.9321276717592117, 0.027062639517681883, -0.04685853962944063], [0.027062639517681883, 2.5175287455695745, 0.17696550175161133], [-0.04685853962944063, 0.17696550175161133, 2.621724083702491]]"
0,12,490,Ge6K6Na6,Ge-K-Na,18,713.1800848333918,7.071458173560411,"[[6.764073967215488, -0.28633529013568115, -1.0106621085911984], [-0.28633529013568115, 7.874137698424873, -0.5077089451627069], [-1.0106621085911984, -0.5077089451627069, 6.576162855040877]]"
0,12,491,H8Al2Na4,Al-H-Na,14,237.4576952968686,3.303736781148851,"[[3.314765101440339, -0.0038009341602864336, -0.0022571814546672527], [-0.0038009341602864336, 3.3154749885036727, 0.00016879204335471537], [-0.0022571814546672527, 0.00016879204335471537, 3.2809702535025416]]"
0,12,492,InNaSe2,In-Na-Se,4,127.00754990170194,5.587745856408681,"[[5.817036731998635, 0.0004244391136675234, 0.0036649328117583885], [0.0004244391136675234, 5.809409558555681, 0.0015277846534469896], [0.0036649328117583885, 0.0015277846534469896, 5.136791278671725]]"
0,12,493,CuS2Sn,Cu-S-Sn,4,81.17942491923769,13.013801702184304,"[[12.969581443310922, -0.0008558399097338378, 0.0042189300751075375], [-0.0008558399097338378, 12.967737782089138, -0.006850931193353403], [0.0042189300751075375, -0.006850931193353403, 13.104085881152852]]"
0,12,494,Cl2CrIn,Cl-Cr-In,4,104.36318976502076,7.69036332243019,"[[8.125553013700992, -0.1679136795289788, -0.2931526835961631], [-0.1679136795289788, 7.756405857850177, -0.5842307095747495], [-0.2931526835961631, -0.5842307095747495, 7.189131095739397]]"
0,12,495,H5As6Se3Tl4,As-H-Se-Tl,18,427.85809186707365,9.521353874351211,"[[8.805948568787182, -0.8233339911969932, 0.6574910861695007], [-0.8233339911969932, 10.121764158496127, 0.4485273494497069], [0.6574910861695007, 0.4485273494497069, 9.63634889577033]]"
0,12,496,F4V2,F-V,6,80.02906342538049,1.1606023665891856,"[[0.9103574479467835, 0.0010184526555969207, 0.0010044163736337107], [0.0010184526555969207, 1.2776307626133656, -0.00044640578024467186], [0.0010044163736337107, -0.00044640578024467186, 1.2938188892074072]]"
0,12,497,F6FeLiSr,F-Fe-Li-Sr,9,127.69101256859028,2.256477725603934,"[[2.2810012295397457, 0.00040711123866971516, 0.0021429823748615605], [0.00040711123866971516, 2.2801866420301034, -0.0005659692278168803], [0.0021429823748615605, -0.0005659692278168803, 2.2082453052419546]]"
0,12,498,Ag2O8Re2,Ag-O-Re,12,327.63768773032666,2.489957138446261,"[[2.46785766142758, -0.0053967133251330976, 0.0455115089892496], [-0.0053967133251330976, 2.4874328198706372, -0.016361481805684665], [0.0455115089892496, -0.016361481805684665, 2.51458093404057]]"
0,12,499,Mg3Mn2O8Te,Mg-Mn-O-Te,14,168.9486812658389,6.034734988448084,"[[6.130822233712554, -0.12034376106276364, 0.31247603202990537], [-0.12034376106276364, 6.22209186636987, 0.2142637640823761], [0.31247603202990537, 0.2142637640823761, 5.751290865261825]]"
0,12,500,I8Sn4,I-Sn,12,539.7986368674287,7.306040274216333,"[[6.303928641356404, 0.0008629564776431153, -0.006380354698117426], [0.0008629564776431153, 8.188829812533886, -0.0021141227648308262], [-0.006380354698117426, -0.0021141227648308262, 7.425362368758711]]"
0,12,501,Cr2La2O9,Cr-La-O,13,193.31518848351985,4.340724891188169,"[[4.24243222137023, 0.20886995513360607, 0.11763122465185444], [0.20886995513360607, 4.19704350007314, 0.1096880427577721], [0.11763122465185444, 0.1096880427577721, 4.5826989521211345]]"
0,12,502,HfP2Y,Hf-P-Y,4,80.5649923540957,13.666102643195098,"[[13.786047502138285, -0.02268286214808638, 0.12471707692268585], [-0.02268286214808638, 13.80921405008598, 0.07613364012943186], [0.12471707692268585, 0.07613364012943186, 13.403046377361033]]"
0,12,503,Cr2O6Tm2,Cr-O-Tm,10,108.59093182353809,5.844490769745718,"[[6.111210771913008, 0.0003666681073618284, -0.00041229739844891167], [0.0003666681073618284, 5.374495789840973, 4.691929322446406e-05], [-0.00041229739844891167, 4.691929322446406e-05, 6.0477657474831705]]"
0,12,504,HCl6I2Zn,Cl-H-I-Zn,10,461.7306943660338,2.68387949265516,"[[2.3657161199001986, -0.2959997306371559, 0.3551391410154709], [-0.2959997306371559, 3.2963290051159966, -0.36244782925768804], [0.3551391410154709, -0.36244782925768804, 2.389593352949285]]"
0,12,505,As2Fe2Rb2,As-Fe-Rb,6,186.7805284601914,7.58906846584297,"[[9.523813246865627, 0.00013569657370793265, 0.011486181400259038], [0.00013569657370793265, 9.5282329713305, 0.0010760227973837105], [0.011486181400259038, 0.0010760227973837105, 3.7151591793327756]]"
0,12,506,Cu2Na2Se4,Cu-Na-Se,8,186.55399277945813,8.893408182799476,"[[8.197043936849344, -0.913555353510921, 0.4458647892825952], [-0.913555353510921, 9.564054228488137, 1.8570363408802302], [0.4458647892825952, 1.8570363408802302, 8.919126383060949]]"
0,12,507,O4Ta2,O-Ta,6,71.88882744131809,6.623505893371976,"[[6.97215541760816, 0.0009937309718954397, 0.0006423244328712583], [0.0009937309718954397, 6.449094326105201, 0.0007975345961015117], [0.0006423244328712583, 0.0007975345961015117, 6.449267936402565]]"
0,12,508,As4N2O5,As-N-O,11,319.0118056933379,2.7640270470433284,"[[3.5066389499531567, -0.24842722368502027, -0.15489826978580248], [-0.24842722368502027, 2.599802149725373, -0.7700532246584733], [-0.15489826978580248, -0.7700532246584733, 2.1856400414514567]]"
0,12,509,Au2O2Rb12,Au-O-Rb,16,898.3519727121669,3.7487811717460136,"[[3.716147211021746, -8.620964967471104e-05, 0.0006836711773377828], [-8.620964967471104e-05, 3.737965001133472, 0.010572072682414191], [0.0006836711773377828, 0.010572072682414191, 3.792231303082823]]"
0,12,510,H6O5Tl7,H-O-Tl,18,400.2589199527475,4.983148248579966,"[[5.188451583306336, -0.0793124450140783, -0.010055575476634337], [-0.0793124450140783, 4.471834568129837, -0.2174184452561317], [-0.010055575476634337, -0.2174184452561317, 5.289158594303722]]"
0,12,511,B4Cl4O6Sr2,B-Cl-O-Sr,16,283.428382013794,2.8244341357702063,"[[2.7520596327989852, -0.029357110873671134, 0.07846875978508243], [-0.029357110873671134, 2.7849525088893166, -0.19439010506565838], [0.07846875978508243, -0.19439010506565838, 2.9362902656223153]]"
1,2,512,As2BBe,As-B-Be,4,61.43450860010329,10.336769485011873,"[[10.347217594320066, -3.5356015901175706e-05, -0.0001832009689986644], [-3.5356015901175706e-05, 10.354796674977377, -0.0005791515539073891], [-0.0001832009689986644, -0.0005791515539073891, 10.308294185738172]]"
1,2,513,K8Ni2O6,K-Ni-O,16,335.67138209011466,3.410632242821953,"[[3.430848438920203, 0.14826454882197346, 0.13092155966311575], [0.14826454882197346, 3.408598077144502, -0.3352948940733695], [0.13092155966311575, -0.3352948940733695, 3.392450212401155]]"
1,2,514,CrF4Li,Cr-F-Li,6,68.51107587318383,2.630114281044412,"[[2.6367982631920484, 0.0011791150367102422, -0.000420382512364133], [0.0011791150367102422, 2.645999997561527, 0.3546922788292694], [-0.000420382512364133, 0.3546922788292694, 2.607544582379661]]"
1,2,515,H2K2Li2,H-K-Li,6,178.88651878855325,2.951576325684433,"[[3.0592722195824216, -5.668734885078247e-06, 0.00022744683544336197], [-5.668734885078247e-06, 3.059625580158501, 0.0001045579828045526], [0.00022744683544336197, 0.0001045579828045526, 2.7358311773123765]]"
1,2,516,I2Sn,I-Sn,3,145.14094310649278,4.809336115215351,"[[5.585992150739706, -0.11981055365188376, 0.743816707554411], [-0.11981055365188376, 5.718118740895874, 0.4492113188188542], [0.743816707554411, 0.4492113188188542, 3.1238974540104714]]"
1,2,517,F2NaRb,F-Na-Rb,4,71.35070488268731,1.9887090068399484,"[[2.010359294776258, -0.004834432579407811, 0.022771766156537036], [-0.004834432579407811, 2.015326855575902, 0.013935156467413517], [0.022771766156537036, 0.013935156467413517, 1.9404408701676847]]"
1,2,518,HClF2,Cl-F-H,4,87.56255136451664,1.91258337341726,"[[1.8770608518015857, -0.31624955217506867, 0.16800725586870988], [-0.31624955217506867, 1.981383194715619, -0.2035176206446173], [0.16800725586870988, -0.2035176206446173, 1.8793060737345748]]"
1,2,519,O7PSe2,O-P-Se,10,153.0387279962892,3.2835873536587123,"[[3.2328382314533206, -0.44074648227625157, 0.14068143413195813], [-0.44074648227625157, 3.786615241727618, 0.07656310353230394], [0.14068143413195813, 0.07656310353230394, 2.8313085877951965]]"
1,2,520,Cd2Cl3,Cd-Cl,5,139.41749784584803,3.345342282328013,"[[3.56519695436617, -8.653645914250049e-06, 0.0005666264261995126], [-8.653645914250049e-06, 3.564478215085582, -0.00038259847485663963], [0.0005666264261995126, -0.00038259847485663963, 2.906351677532284]]"
1,2,521,H5O,H-O,6,86.88872193526457,1.1401977526370712,"[[1.1446301568729702, 0.04237248225490403, 0.06157688298406958], [0.04237248225490403, 1.1584467462124077, -0.05255205495421326], [0.06157688298406958, -0.05255205495421326, 1.1175163548258353]]"
1,2,522,HO2Y,H-O-Y,4,49.88895882954412,3.3806381969960797,"[[3.4397224067173204, -0.020046464941115016, 0.08434111017155133], [-0.020046464941115016, 3.4591842183377293, 0.05304667081732417], [0.08434111017155133, 0.05304667081732417, 3.2430079659331876]]"
1,2,523,Be2P2,Be-P,4,55.36215909020649,10.373978116068216,"[[11.525035975326013, 0.012616624025165217, -0.0008452772961214527], [0.012616624025165217, 9.925259959497575, -0.0002674627381486381], [-0.0008452772961214527, -0.0002674627381486381, 9.671638413381068]]"
1,2,524,Pt2Se2Te2,Pt-Se-Te,6,138.87160428764813,17.00701014850563,"[[17.64953327291795, 0.0006543010080629127, -0.7438102761803148], [0.0006543010080629127, 17.90506728202833, 0.0016828164965124253], [-0.7438102761803148, 0.0016828164965124253, 15.466429890570593]]"
1,2,525,KPb2Sc,K-Pb-Sc,4,122.61312082116294,12.796009613636818,"[[14.473721914086312, 6.914469775248245e-05, 0.0011231070908045964], [6.914469775248245e-05, 14.473512409032717, -0.0016820901119182464], [0.0011231070908045964, -0.0016820901119182464, 9.440794517791424]]"
1,2,526,Ga2I5,Ga-I,7,372.9708006531122,3.282857945037401,"[[3.4056279449034705, -0.34324581885812594, 0.2036589359327002], [-0.34324581885812594, 3.6453872293632847, 0.14455811729096024], [0.2036589359327002, 0.14455811729096024, 2.7975586608454486]]"
1,2,527,Li6O9PV2,Li-O-P-V,18,207.7477780269488,3.285141306665342,"[[3.1465170944943366, -0.12701695160234525, 0.13843227938476496], [-0.12701695160234525, 3.3771044523077753, 0.015477299376201414], [0.13843227938476496, 0.015477299376201414, 3.331802373193914]]"
1,2,528,CH5O3S2,C-H-O-S,11,144.85189650216603,2.8178714278012094,"[[1.9594166720826067, -0.0016719406629951612, -0.019858678853886445], [-0.0016719406629951612, 2.7938793703933302, 0.08952496101214166], [-0.019858678853886445, 0.08952496101214166, 3.70031824092769]]"
1,2,529,H7CuK2Mg2,Cu-H-K-Mg,12,157.5594727264369,4.077523998924764,"[[4.348643409559186, 0.0005005037569531678, -0.12509834313398163], [0.0005005037569531678, 3.9596073013160717, -0.00023309301233438934], [-0.12509834313398163, -0.00023309301233438934, 3.9243212858990266]]"
1,2,530,AlBe2CsF8,Al-Be-Cs-F,12,183.37672299381592,1.9271407297990493,"[[1.9232329706102214, 0.003174125865511722, 0.0003382718339590527], [0.003174125865511722, 1.928652277671336, -0.003912773733311173], [0.0003382718339590527, -0.003912773733311173, 1.9295369411155898]]"
1,2,531,H10MgO7,H-Mg-O,18,172.18215344617164,2.291114595714045,"[[2.3548405572716047, -0.0012122612715907606, -0.00769209424268492], [-0.0012122612715907606, 2.2416838860227806, 0.05400129909237133], [-0.00769209424268492, 0.05400129909237133, 2.2768193438477478]]"
1,2,532,AgB2F8K,Ag-B-F-K,12,166.0257732861289,2.066919191630897,"[[2.030062169297899, -0.0010429074907678242, -0.0012977959062833806], [-0.0010429074907678242, 2.0536115608410883, 0.0474285916921909], [-0.0012977959062833806, 0.0474285916921909, 2.117083844753704]]"
1,2,533,F3Sc,F-Sc,4,67.80572019279418,2.321814484172485,"[[2.322815452236838, 0.0008923134912730651, 0.00012286453256101973], [0.0008923134912730651, 2.32263901735393, -0.0004105222605510974], [0.00012286453256101973, -0.0004105222605510974, 2.3199889829266875]]"
1,2,534,F6LiPt,F-Li-Pt,8,103.91175578137482,2.896670053066117,"[[2.885814405261188, 0.010338675107702647, -0.03808946803796836], [0.010338675107702647, 2.8730852116545855, -0.02786257183951565], [-0.03808946803796836, -0.02786257183951565, 2.9311105422825765]]"
1,2,535,HCrO2,Cr-H-O,4,35.79232282211877,4.491224060623201,"[[4.634038720878293, -0.040097075649904536, 0.18449643164750065], [-0.040097075649904536, 4.674211406203321, 0.1145941152326968], [0.18449643164750065, 0.1145941152326968, 4.165422054787988]]"
1,2,536,Cl8F8,Cl-F,16,415.1813381968647,2.347315623673127,"[[2.4161922249437966, 0.005939197189354604, 0.1344376086358803], [0.005939197189354604, 1.8814550910518684, -0.10160946786295522], [0.1344376086358803, -0.10160946786295522, 2.7442995550237175]]"
1,2,537,H4Ca2,Ca-H,6,71.82965346098588,4.5476734147285365,"[[4.450563250883134, 7.932352745602037e-05, 0.00023580734323061685], [7.932352745602037e-05, 4.449874276190535, 0.00011033453518539987], [0.00023580734323061685, 0.00011033453518539987, 4.742582717111942]]"
1,2,538,P2Rb2Sr2,P-Rb-Sr,6,223.1880869932271,6.147087575025566,"[[6.632189768541269, -6.389350337706524e-05, -0.0006483532486606604], [-6.389350337706524e-05, 6.633137185835043, 5.597507717809184e-05], [-0.0006483532486606604, 5.597507717809184e-05, 5.1759357707003835]]"
1,2,539,H8,H,8,111.24218706247116,0.6485111080949234,"[[0.6372664408104793, 0.00033861927826884944, 8.274654194724505e-05], [0.00033861927826884944, 0.6533965931836297, -0.00039998801695098564], [8.274654194724505e-05, -0.00039998801695098564, 0.6548702902906613]]"
1,2,540,Ga4Li8Mg2,Ga-Li-Mg,14,231.9123550648819,8.289724010030989,"[[7.899955629830572, 0.03049835207984417, 0.06281146109613162], [0.03049835207984417, 8.578318712469647, -0.7772729463608162], [0.06281146109613162, -0.7772729463608162, 8.390897687792748]]"
1,2,541,O3PbZr,O-Pb-Zr,5,76.59884510706782,6.174576820940456,"[[6.213195117354593, -0.2657991832491749, 0.296629067836326], [-0.2657991832491749, 6.187227942812164, 0.31125499496031417], [0.296629067836326, 0.31125499496031417, 6.123307402654606]]"
1,2,542,H3BaCs,Ba-Cs-H,5,141.3986069865825,3.176110807901253,"[[3.176481438274835, -3.1566140058676555e-06, -4.361593749875365e-06], [-3.1566140058676555e-06, 3.1762864586770503, 1.1963218680923845e-05], [-4.361593749875365e-06, 1.1963218680923845e-05, 3.175564526751878]]"
1,2,543,F11Fe2Na5,F-Fe-Na,18,299.0845656222441,1.8880595706006105,"[[1.9046616551069135, -8.400079120380996e-05, -0.0002048042138073361], [-8.400079120380996e-05, 2.0366303345519836, 0.02890142022183688], [-0.0002048042138073361, 0.02890142022183688, 1.7228867221429343]]"
1,2,544,NbO4Rb3,Nb-O-Rb,8,205.92678074223303,2.5639196855358386,"[[2.616370519153846, -0.11781290336611146, 0.013969537496406673], [-0.11781290336611146, 2.4745125318020205, 0.19626796371571156], [0.013969537496406673, 0.19626796371571156, 2.6008760056516484]]"
1,2,545,F6Na5,F-Na,11,165.98324794079494,1.7100763501790333,"[[1.6839314214573338, 0.0004466753994742894, 0.03446689210077374], [0.0004466753994742894, 1.6827418736726805, -6.935451372931023e-05], [0.03446689210077374, -6.935451372931023e-05, 1.7635557554070864]]"
1,2,546,H2Fe2OS3,Fe-H-O-S,8,172.058735216609,3.975070916915588,"[[4.481944891030802, 0.08716113940134718, -0.20174941785068753], [0.08716113940134718, 3.979547799440902, -0.14249498323749665], [-0.20174941785068753, -0.14249498323749665, 3.4637200602750604]]"
1,2,547,H10AlO7,Al-H-O,18,163.56519580761108,2.2179340092840474,"[[2.194260206223779, -0.017268207891145942, 0.02987822203791603], [-0.017268207891145942, 2.230439206422921, 0.04907757428010737], [0.02987822203791603, 0.04907757428010737, 2.2291026152054427]]"
1,2,548,H2Rb2S2,H-Rb-S,6,164.1081748592441,2.7897665606595736,"[[2.8828946687074533, -0.0007428019631512791, 0.0004221818846652312], [-0.0007428019631512791, 2.7081387405939923, 0.09757791014199985], [0.0004221818846652312, 0.09757791014199985, 2.7782662726772767]]"
1,2,549,H6Ba2Li2,Ba-H-Li,10,141.7012234190118,4.891785561955735,"[[4.5381731013373035, -0.0010447548658928454, -8.824172658814655e-06], [-0.0010447548658928454, 5.06832675200469, -0.0005725548409464594], [-8.824172658814655e-06, -0.0005725548409464594, 5.068856832525208]]"
1,2,550,C2Ca2O6,C-Ca-O,10,130.55894183573946,2.526367919629003,"[[2.747923548254129, -0.0018592094791580892, -0.337298295716175], [-0.0018592094791580892, 2.612273002325037, -0.01128414412918066], [-0.337298295716175, -0.01128414412918066, 2.218907208307845]]"
1,2,551,H4As2Li5NO8,As-H-Li-N-O,20,215.4713472284984,2.8843482638190028,"[[2.973335129420386, 0.0978319644001233, -0.004072269065904103], [0.0978319644001233, 2.8488405417596376, 0.04163075286990002], [-0.004072269065904103, 0.04163075286990002, 2.8308691202769847]]"
1,2,552,H2Cl2,Cl-H,4,99.56790144940254,2.247638599278685,"[[2.163866142648819, 0.18093623383235735, -0.0008256080287671109], [0.18093623383235735, 2.2706808605626514, 0.0010143366694559965], [-0.0008256080287671109, 0.0010143366694559965, 2.308368794624585]]"
1,2,553,CdK2Pd,Cd-K-Pd,4,118.9741989649419,9.032052232172594,"[[9.199586768156255, -0.17558013690660706, -0.2753799019988651], [-0.17558013690660706, 9.108705418658626, -0.35574900106025453], [-0.2753799019988651, -0.35574900106025453, 8.787864509702896]]"
1,2,554,F3KSn,F-K-Sn,5,117.17006787853605,2.4556937952177718,"[[2.766514155545009, 4.853999594600538e-05, 0.0005805011897174704], [4.853999594600538e-05, 2.766707224746271, 0.0006525462600278732], [0.0005805011897174704, 0.0006525462600278732, 1.8338600053620342]]"
1,2,555,B2ClLi2O6,B-Cl-Li-O,11,137.3807811997982,2.6328268795895293,"[[2.2576822302051824, 0.15336059331254503, 0.33329072746935734], [0.15336059331254503, 3.0111259880133985, 0.19872882484289311], [0.33329072746935734, 0.19872882484289311, 2.629672420550006]]"
1,2,556,BF4Rb,B-F-Rb,6,105.60463400714416,1.35933165904393,"[[1.359038346359463, 4.661040990863411e-05, 0.000263611603026437], [4.661040990863411e-05, 1.3594274762126257, 0.00018128717489170062], [0.000263611603026437, 0.00018128717489170062, 1.3595291545597006]]"
1,2,557,Cl6Cr2Rb2,Cl-Cr-Rb,10,254.206926693166,7.784241274422286,"[[7.7840767792827945, 0.0002743134015673556, -0.0004329273450275852], [0.0002743134015673556, 7.7844114492166945, -5.438320394381066e-05], [-0.0004329273450275852, -5.438320394381066e-05, 7.784235594767375]]"
1,2,558,F6MgP,F-Mg-P,8,107.92470958568826,1.8605595817194749,"[[1.8605319968314953, -0.0002536579213596543, -0.00018228976617735187], [-0.0002536579213596543, 1.8607206335275415, -0.00025136360730304867], [-0.00018228976617735187, -0.00025136360730304867, 1.8604261147993875]]"
1,2,559,CrF8Li2Mg,Cr-F-Li-Mg,12,136.55805117680006,2.4641531352692367,"[[2.439169884067296, -0.09807525075062161, 0.0021006596890140398], [-0.09807525075062161, 2.4575386789398714, 0.0016227213127176542], [0.0021006596890140398, 0.0016227213127176542, 2.495750842800543]]"
1,2,560,Cl6,Cl,6,213.54373600850656,2.6366913575052333,"[[2.2152581856245757, 0.06634381056557132, -0.07152003169632452], [0.06634381056557132, 2.2568191939134308, 0.12585240389148955], [-0.07152003169632452, 0.12585240389148955, 3.437996692977692]]"
1,2,561,Au2Cs11FO4S2,Au-Cs-F-O-S,20,715.0748421479665,3.543110271461816,"[[3.562541785816799, -0.20371681942888775, 0.042741188461497576], [-0.20371681942888775, 3.6297528501881877, -0.034397483010559844], [0.042741188461497576, -0.034397483010559844, 3.43703617838046]]"
1,2,562,H2O12Ta4,H-O-Ta,18,244.2742926104693,5.319767843932084,"[[5.2187905307698115, -0.38154193907152334, 0.00169989144921271], [-0.38154193907152334, 5.247389653285203, -0.001084719746339776], [0.00169989144921271, -0.001084719746339776, 5.493123347741238]]"
1,2,563,F2O2,F-O,4,64.0811624900516,3.096553184139322,"[[3.022515285556012, -0.3917106056088205, 0.0032907318231961335], [-0.3917106056088205, 3.2965512498427376, 0.06054727374354873], [0.0032907318231961335, 0.06054727374354873, 2.970593017019217]]"
1,2,564,F8,F,8,145.03692917687843,2.813646899627257,"[[2.8221279515190902, -0.0042578425665082765, 0.0005558727212927433], [-0.0042578425665082765, 2.807018259635106, 0.0010106213783115533], [0.0005558727212927433, 0.0010106213783115533, 2.811794487727573]]"
1,2,565,FeKLi3O9P2,Fe-K-Li-O-P,16,206.45510743610384,3.05152603618644,"[[2.7235831596769873, -0.10466071853325222, -0.20733670927757322], [-0.10466071853325222, 3.45439152265606, -0.016456114174871844], [-0.20733670927757322, -0.016456114174871844, 2.976603426226274]]"
1,2,566,BiLiMnO8P2,Bi-Li-Mn-O-P,13,182.31652031583724,3.320915396295438,"[[3.2774955220731745, 0.23671400595122505, -0.005403351235454929], [0.23671400595122505, 3.4652542775751836, -0.09896465364496505], [-0.005403351235454929, -0.09896465364496505, 3.219996389237956]]"
1,2,567,H2AuCsF8,Au-Cs-F-H,12,232.20529737126728,2.253998310558073,"[[2.246547774487478, 0.09888573735276754, -0.1585449514237762], [0.09888573735276754, 2.1535949666506875, -0.08824869062308581], [-0.1585449514237762, -0.08824869062308581, 2.361852190536057]]"
1,2,568,Al2Na2S4,Al-Na-S,8,189.62336527992332,3.7270427352267697,"[[3.8829814000309293, -0.00033704764835538846, 0.0008020969714304772], [-0.00033704764835538846, 3.7403535841592985, 9.988596414413658e-05], [0.0008020969714304772, 9.988596414413658e-05, 3.5577932214900825]]"
1,2,569,Cl2Rb6S,Cl-Rb-S,9,424.90803771049104,2.5805606571697237,"[[2.6715900471358593, -0.01420611764911224, -0.062345181846039086], [-0.01420611764911224, 2.670332646442489, -0.06510205072171298], [-0.062345181846039086, -0.06510205072171298, 2.3997592779308197]]"
1,2,570,F8HgP,F-Hg-P,10,155.60695753029614,1.770960297758904,"[[1.7612922696063296, 0.1433179987115267, 0.19727802913488826], [0.1433179987115267, 1.698254600992436, 0.1698378665871112], [0.19727802913488826, 0.1698378665871112, 1.8533340226779458]]"
1,2,571,F4,F,4,69.17681151183973,3.147474376941604,"[[3.1066832320783644, -0.12550360954318474, -0.008477836343771774], [-0.12550360954318474, 3.063433766118619, 0.0111482943674247], [-0.008477836343771774, 0.0111482943674247, 3.2723061326278295]]"
1,2,572,F4FeOTi,F-Fe-O-Ti,7,95.79933005967166,3.31032348972521,"[[4.516081254651847, -0.0639604467349442, 0.6749304822477614], [-0.0639604467349442, 2.5510709183383935, 0.1761347841816475], [0.6749304822477614, 0.1761347841816475, 2.863818296185389]]"
1,2,573,F12Ge3Na2Rb3,F-Ge-Na-Rb,20,383.0772060030648,2.1752276244898536,"[[2.2746782852767313, 0.0743014135347843, 0.03781902618640656], [0.0743014135347843, 2.0985375135694277, -0.056237472282679626], [0.03781902618640656, -0.056237472282679626, 2.1524670746234]]"
1,2,574,CaF3,Ca-F,4,93.3273944764024,1.7599495666936142,"[[1.7599356640779795, -6.794142036646926e-05, -9.625449968805795e-06], [-6.794142036646926e-05, 1.759966173325218, -1.2886925324628298e-05], [-9.625449968805795e-06, -1.2886925324628298e-05, 1.7599468626776444]]"
1,2,575,CrF3,Cr-F,4,58.58719918327316,2.448822015871028,"[[2.4488847844873503, 2.684697225788328e-05, 2.780393657728742e-05], [2.684697225788328e-05, 2.449755502475441, 2.0686552349487164e-05], [2.780393657728742e-05, 2.0686552349487164e-05, 2.447825760650294]]"
1,2,576,KLiO,K-Li-O,3,42.58220786405585,3.563818673035215,"[[3.1520224656895213, 0.0007547748396919951, 0.0003381800639244763], [0.0007547748396919951, 3.1528792961627827, 0.0003435095744171655], [0.0003381800639244763, 0.0003435095744171655, 4.386554257253344]]"
1,2,577,Cl2Li2,Cl-Li,4,82.7538800526664,2.383702655534318,"[[2.369197190446705, 0.0002933227004543622, 0.0019076010502619611], [0.0002933227004543622, 2.370101238391152, -0.0006863180415804398], [0.0019076010502619611, -0.0006863180415804398, 2.411809537765096]]"
1,2,578,C2NO7,C-N-O,10,153.52453876656728,2.29952354324848,"[[2.4576340322303705, 0.1165845110923454, 0.06732657615613333], [0.1165845110923454, 1.9374470959204881, 0.5118906489620171], [0.06732657615613333, 0.5118906489620171, 2.5034895015945824]]"
1,2,579,H4F4K2N2,F-H-K-N,12,169.28802189525658,2.056705681982488,"[[2.2912295107900733, -0.19103856086799287, 0.11424000901431451], [-0.19103856086799287, 1.9950142335033194, 0.5844906483815269], [0.11424000901431451, 0.5844906483815269, 1.8838733016540714]]"
1,2,580,H8Co2O6,Co-H-O,16,151.128444966454,2.6461947021493923,"[[2.7117748507760093, 0.20249503251669412, -0.0104972645090992], [0.20249503251669412, 2.6117295948776844, -0.0890048979956743], [-0.0104972645090992, -0.0890048979956743, 2.615079660794484]]"
1,2,581,BaILaO6,Ba-I-La-O,9,166.4054729138068,3.2760638432431954,"[[2.594706386060856, 0.00037982364806108244, -0.0003202698989527926], [0.00037982364806108244, 3.616891073595035, -0.00021341922449956988], [-0.0003202698989527926, -0.00021341922449956988, 3.616594070073696]]"
1,2,582,Cl4,Cl,4,145.02344890322786,2.455431274530266,"[[2.3657468414094187, 0.019913011266527073, 0.008134557373045333], [0.019913011266527073, 2.2701084279883363, 0.5342958999525047], [0.008134557373045333, 0.5342958999525047, 2.7304385541930416]]"
1,2,583,H6O4Rb2,H-O-Rb,12,153.1196200323031,2.309973239691744,"[[2.411266351851037, 0.001076808496041475, -0.004040055958569918], [0.001076808496041475, 2.2250457528757748, 0.028563350264389987], [-0.004040055958569918, 0.028563350264389987, 2.293607614348421]]"
1,2,584,B2N6Sr3,B-N-Sr,11,175.12449680290536,4.432545482881579,"[[4.7014527133624515, -0.10228232525993443, 0.41863329093746204], [-0.10228232525993443, 4.797393240616919, 0.26788567813766934], [0.41863329093746204, 0.26788567813766934, 3.798790494665367]]"
1,2,585,HPRb2,H-P-Rb,4,141.4768292627628,3.4902945482769385,"[[3.4772448848420887, 0.02532511944491022, -0.063008682630264], [0.02532511944491022, 3.4545838714114683, -0.03725808967891592], [-0.063008682630264, -0.03725808967891592, 3.5390548885772595]]"
1,2,586,Cs2O4V2,Cs-O-V,8,168.62194146800013,4.12670502890097,"[[4.127505272821913, -0.0013909094466393647, -0.002573363096524551], [-0.0013909094466393647, 4.127300590412996, -0.0001161173218177471], [-0.002573363096524551, -0.0001161173218177471, 4.1253092234680055]]"
1,2,587,O8Os2,O-Os,10,193.8014155154189,2.3544015975993475,"[[2.3218836705175203, 0.0009245571560002709, 0.001246489134557649], [0.0009245571560002709, 2.44764998723386, 0.00028763276395655943], [0.001246489134557649, 0.00028763276395655943, 2.2936711350466634]]"
1,2,588,K2Se7Zn5,K-Se-Zn,14,418.3216463408304,5.167783170199487,"[[5.708897529870827, -0.21840050880959175, -0.7426961344383866], [-0.21840050880959175, 5.219477248225228, -0.5815744102128263], [-0.7426961344383866, -0.5815744102128263, 4.574974732502403]]"
1,2,589,H6Si2,H-Si,8,76.66769674402867,3.3953475664695727,"[[3.3954946521514087, -0.0003338999063156281, -0.0011501710779742871], [-0.0003338999063156281, 3.396098018081937, -0.0007831317111072979], [-0.0011501710779742871, -0.0007831317111072979, 3.3944500291753696]]"
1,2,590,Al4F13Tl,Al-F-Tl,18,247.52356134769647,1.929679036279068,"[[1.735926013924271, 0.03628792968950745, -0.03988926987586089], [0.03628792968950745, 2.0687517448998443, -0.01334974935225245], [-0.03988926987586089, -0.01334974935225245, 1.9843593500130876]]"
1,2,591,CN3O2,C-N-O,6,250.13362423139216,0.8950067856197105,"[[1.1919479498627603, -0.0023300495534115096, -0.5759300293681742], [-0.0023300495534115096, 0.5028494849138901, 0.0035102058569567414], [-0.5759300293681742, 0.0035102058569567414, 0.9902229220824806]]"
1,2,592,Cd2S2,Cd-S,4,105.04864467937423,6.336488651459169,"[[6.326301741525307, 0.015864974787084176, -0.001260519689436919], [0.015864974787084176, 6.351768787394289, -0.0003003613603791923], [-0.001260519689436919, -0.0003003613603791923, 6.33139542545791]]"
1,2,593,H6Se2,H-Se,8,274.44629817987703,1.9012256392202644,"[[2.0967508411404627, 0.15537475258323316, 0.1274383117840232], [0.15537475258323316, 1.8102462384021194, 0.07742965595739719], [0.1274383117840232, 0.07742965595739719, 1.7966798381182112]]"
1,2,594,BaO3V,Ba-O-V,5,71.05119795436457,5.550573109866349,"[[6.249443698926605, 0.0014334817046491313, -2.6168776399934982e-05], [0.0014334817046491313, 4.153901936764017, 0.034393885024729696], [-2.6168776399934982e-05, 0.034393885024729696, 6.248373693908423]]"
1,2,595,ClF6Rb2,Cl-F-Rb,9,161.00025864634452,2.127647933721803,"[[2.0952196084575005, -0.011506064677352407, 0.017742863733674296], [-0.011506064677352407, 2.216079567979407, 0.10308462961705224], [0.017742863733674296, 0.10308462961705224, 2.071644624728501]]"
1,2,596,H9Cs2O5,Cs-H-O,16,228.01977485005364,2.1719123426043443,"[[2.124088691327375, -0.0782238976741486, -0.07207965123634048], [-0.0782238976741486, 2.2595731375202495, -0.061308273028166424], [-0.07207965123634048, -0.061308273028166424, 2.1320751989654094]]"
1,2,597,H12O6,H-O,18,162.12053388412306,2.1238006576422275,"[[2.143178572150206, -0.0007677893727220808, 0.01035307790589714], [-0.0007677893727220808, 2.018613766904682, 0.0005281472305680017], [0.01035307790589714, 0.0005281472305680017, 2.2096096338717945]]"
1,2,598,F2Rb2,F-Rb,4,95.82815879258963,2.0372841933695245,"[[2.036815487700194, 1.976217234540626e-06, 0.00035314909689130133], [1.976217234540626e-06, 2.0376036437919125, 4.755409793397344e-05], [0.00035314909689130133, 4.755409793397344e-05, 2.0374334486164702]]"
1,2,599,H4CsRb3,Cs-H-Rb,8,227.1880497500356,3.0502756184268534,"[[3.0503569015218757, 0.0001801866629718333, -0.00012506329185201013], [0.0001801866629718333, 3.0503816230289496, 2.751064120062668e-05], [-0.00012506329185201013, 2.751064120062668e-05, 3.050088330729735]]"
1,2,600,Br4Te2,Br-Te,6,265.02355495391544,5.307309217317727,"[[8.7297735061056, 0.031824778545013414, 0.0063029996626270905], [0.031824778545013414, 2.7753032329468903, -0.0320039850523007], [0.0063029996626270905, -0.0320039850523007, 4.416850912900691]]"
1,2,601,Ag2Cl9Rb,Ag-Cl-Rb,12,349.89365810067443,3.578427804375996,"[[4.0754026634843665, -0.0041407041935846035, -0.02434375167028968], [-0.0041407041935846035, 3.5689154469989655, 0.015332811195053083], [-0.02434375167028968, 0.015332811195053083, 3.0909653026446584]]"
1,2,602,CLiO2S,C-Li-O-S,5,69.84954298566544,3.398247745272339,"[[4.032338772228833, -0.0461247921510482, -0.07036513720181815], [-0.0461247921510482, 2.1875834813580237, -0.10756136295916077], [-0.07036513720181815, -0.10756136295916077, 3.9748209822301592]]"
1,2,603,Al2F8Na2,Al-F-Na,12,143.96837041221326,1.8760716306860128,"[[1.6902418038912068, 5.590525493994713e-05, -6.126117166125713e-05], [5.590525493994713e-05, 2.03380396561876, 0.03692870117623031], [-6.126117166125713e-05, 0.03692870117623031, 1.9041691225480735]]"
1,2,604,Co2F10Li2,Co-F-Li,14,209.94450925331532,3.351941172567921,"[[3.302081396518849, 0.08175646753140965, 0.04371709452914517], [0.08175646753140965, 3.2420029236156616, 0.06961442096136987], [0.04371709452914517, 0.06961442096136987, 3.511739197569254]]"
1,2,605,Al2Fe2O10Sr4,Al-Fe-O-Sr,18,237.624750915143,4.601097818843583,"[[4.76551053126413, -1.7960197647153744e-05, 0.0007612448831896737], [-1.7960197647153744e-05, 4.753162287260177, 0.0013084059556633435], [0.0007612448831896737, 0.0013084059556633435, 4.284620638006441]]"
1,2,606,O8Si2Zr2,O-Si-Zr,12,287.1355864560999,2.321069174859495,"[[2.317217744760069, 9.283761918115964e-05, -0.003529511997446304], [9.283761918115964e-05, 2.318039131358931, -0.001967767164682469], [-0.003529511997446304, -0.001967767164682469, 2.327950648459484]]"
1,2,607,NiO3Yb2,Ni-O-Yb,6,97.46152796103652,3.3392133092949847,"[[3.2624650009052387, 0.005984869191046427, -0.053015277359379664], [0.005984869191046427, 3.255650853197457, -0.033382812634155504], [-0.053015277359379664, -0.033382812634155504, 3.4995240737822555]]"
1,2,608,B2Br8Tl2,B-Br-Tl,12,446.7663305946721,2.890389732270826,"[[2.9727316131415686, 0.4412590293531752, -0.004767537019575026], [0.4412590293531752, 3.116635631049935, -0.0035741435104989275], [-0.004767537019575026, -0.0035741435104989275, 2.5818019526209723]]"
1,2,609,F3Hg3Na2O3,F-Hg-Na-O,11,195.1350081272447,3.3430246845266285,"[[3.8884603149711467, -0.00234811267496928, 0.0013618258076206723], [-0.00234811267496928, 3.016950599826972, 0.17681349487219736], [0.0013618258076206723, 0.17681349487219736, 3.1236631387817657]]"
1,2,610,CH3F2O5P,C-F-H-O-P,12,183.96028893525505,1.9093687981257892,"[[1.9015414107944395, -0.2939251407151748, -0.023233366101172645], [-0.2939251407151748, 1.953878495443099, -0.13787105670094102], [-0.023233366101172645, -0.13787105670094102, 1.8726864881398286]]"
1,2,611,Ba2FeO4Zn,Ba-Fe-O-Zn,8,129.43955227305818,4.748442114245493,"[[4.743045114036715, 3.0763947786328562e-06, 0.0021815370851473426], [3.0763947786328562e-06, 4.7336546563162205, 0.004601529170877561], [0.0021815370851473426, 0.004601529170877561, 4.768626572383544]]"
1,2,612,H4Br2O,Br-H-O,7,146.58989127731692,2.4793312909041285,"[[2.4779757267233458, -0.19614359815842164, -0.06252033960716928], [-0.19614359815842164, 2.4239125023371817, 0.29685935416323056], [-0.06252033960716928, 0.29685935416323056, 2.5361056436518585]]"
1,2,613,CdMn2O4Si,Cd-Mn-O-Si,8,111.35215266542193,4.512624920929558,"[[4.536662523110265, -0.025022487686731293, -0.03939700026427995], [-0.025022487686731293, 4.523355618995854, -0.05040231068531187], [-0.03939700026427995, -0.05040231068531187, 4.477856620682556]]"
1,2,614,C2Mg2O6,C-Mg-O,10,100.86583529269876,2.250873881785196,"[[1.9912933891329005, 0.0004402222695815468, -0.0001368122055858665], [0.0004402222695815468, 2.2125491544295706, 6.691983141136985e-05], [-0.0001368122055858665, 6.691983141136985e-05, 2.548779101793115]]"
1,2,615,H2Li2,H-Li,4,36.20502606434176,3.5966676724555757,"[[3.6094087830242403, -0.00013859132217746963, 0.0007917212580123896], [-0.00013859132217746963, 3.6090440371693635, -0.00010396686141360959], [0.0007917212580123896, -0.00010396686141360959, 3.5715501971731207]]"
1,2,616,Cl6K4,Cl-K,10,448.2831430306506,2.05743310409588,"[[1.988655258352558, -3.3232665066384664e-05, 8.408810140146063e-05], [-3.3232665066384664e-05, 2.1002567105589485, 0.0004332090226856744], [8.408810140146063e-05, 0.0004332090226856744, 2.083387343376135]]"
1,2,617,Be4O4,Be-O,8,55.85555878805581,2.792210481142707,"[[2.792182545725879, -0.00041326703241076666, 0.00018921058268219548], [-0.00041326703241076666, 2.792214505569957, -2.0627902794622738e-05], [0.00018921058268219548, -2.0627902794622738e-05, 2.7922343921322827]]"
1,2,618,BaF3,Ba-F,4,68.84498533992765,2.5362961484432947,"[[2.535384364774106, 0.00037510250304008944, 0.00026414552459702085], [0.00037510250304008944, 2.535927442861484, 0.0007072837897891947], [0.00026414552459702085, 0.0007072837897891947, 2.5375766376942948]]"
1,2,619,Ba2Se6Y2,Ba-Se-Y,10,309.7263951996982,7.537703551597841,"[[6.423049783468275, -0.0009681546183894714, -0.00021828186277599802], [-0.0009681546183894714, 8.095528302363272, 0.00042138593697425207], [-0.00021828186277599802, 0.00042138593697425207, 8.094532568961975]]"
1,2,620,BiCl6O2Pb3,Bi-Cl-O-Pb,12,303.8417928687842,5.208254565391434,"[[5.496171536929099, -0.0008768053798125421, 0.0004457943186032735], [-0.0008768053798125421, 5.187379438664254, 0.12332214988362324], [0.0004457943186032735, 0.12332214988362324, 4.941212720580946]]"
1,2,621,CsRb3,Cs-Rb,4,403.0271767709504,3.654328650289556,"[[3.6543286502895556, 0.0, 0.0], [0.0, 3.654328650289556, 0.0], [0.0, 0.0, 3.6543286502895556]]"
1,2,622,Al2F6,Al-F,8,104.4730554209648,1.84544653677188,"[[1.8841697018640038, -0.030646938819779777, 0.09174488817985492], [-0.030646938819779777, 1.908842184491898, 0.06118058584554929], [0.09174488817985492, 0.06118058584554929, 1.7433277239597378]]"
1,2,623,Cu2F6Li2,Cu-F-Li,10,112.55403407521727,3.669236739161485,"[[3.8947691577594616, -0.0003670034641027543, 0.036665699434349996], [-0.0003670034641027543, 4.54503769142437, 0.0018482491810414441], [0.036665699434349996, 0.0018482491810414441, 2.5679033683006267]]"
1,2,624,H2Cr2O5Ti,Cr-H-O-Ti,10,105.3094657711502,5.231399661322139,"[[5.605958515227816, 0.14987683138632096, 0.27885064998123954], [0.14987683138632096, 5.238581028594179, -0.14930026760639745], [0.27885064998123954, -0.14930026760639745, 4.849659440144419]]"
1,2,625,Cl2O8Re2Sr2,Cl-O-Re-Sr,14,290.928084149404,2.856222713035807,"[[2.8997508351194314, -0.03655964325582074, 0.04202116107599027], [-0.03655964325582074, 2.9144121324186174, 0.15862264388497735], [0.04202116107599027, 0.15862264388497735, 2.754505171569372]]"
1,2,626,LuO6SbSr2,Lu-O-Sb-Sr,10,142.39550196529362,4.233402895385832,"[[4.233508150470778, 0.0004555006617573407, 0.0020466854087276345], [0.0004555006617573407, 4.231659449866817, 0.0014417361565056987], [0.0020466854087276345, 0.0014417361565056987, 4.2350410858198995]]"
1,2,627,O4Rb5,O-Rb,9,264.24020231636644,3.006490670575745,"[[3.01722981121821, 0.06005357001237447, 0.100336415755159], [0.06005357001237447, 3.095110688158547, -0.05278849850469825], [0.100336415755159, -0.05278849850469825, 2.907131512350477]]"
1,2,628,Cd2Cs4O4,Cd-Cs-O,10,290.8091389553685,3.887303580963947,"[[3.774285806259112, -0.06733133481950633, -0.15230851917990404], [-0.06733133481950633, 3.819824369825664, 0.15674782754759822], [-0.15230851917990404, 0.15674782754759822, 4.067800566807069]]"
1,2,629,F8Pd2Rb2,F-Pd-Rb,12,252.17442471030444,2.4841030254155623,"[[2.4528690181144164, 0.0024857412659819913, 0.001020381080501897], [0.0024857412659819913, 2.5395990406343407, 0.13258784071507018], [0.001020381080501897, 0.13258784071507018, 2.459841017497931]]"
1,2,630,Br5K2Te,Br-K-Te,8,311.0977743331544,4.083745471009752,"[[4.201716879154989, 0.19954309975153026, 0.2095635563515031], [0.19954309975153026, 4.042463587421054, -0.3112952200847719], [0.2095635563515031, -0.3112952200847719, 4.007055946453213]]"
1,2,631,AlKO8P2,Al-K-O-P,12,176.178229332175,2.4126314937163,"[[2.3179729877751853, -0.03331662513099001, 0.17375088876003134], [-0.03331662513099001, 2.3569450390209465, 0.1049337137336281], [0.17375088876003134, 0.1049337137336281, 2.5629764543527687]]"
1,2,632,NdO7P2Rb2,Nd-O-P-Rb,12,212.69741387137387,2.441544301867712,"[[2.477081795341608, -0.017563463609203668, 0.059410482390269644], [-0.017563463609203668, 2.492541297508003, 0.04068308656042975], [0.059410482390269644, 0.04068308656042975, 2.3550098127535253]]"
1,2,633,CrF8Hg,Cr-F-Hg,10,164.01187639073507,2.3893353470597245,"[[2.368290913153538, 0.2179825054238488, 0.29569757072324826], [0.2179825054238488, 2.302973806998387, 0.24704951767280592], [0.29569757072324826, 0.24704951767280592, 2.496741321027248]]"
1,2,634,F5TbTl2,F-Tb-Tl,8,156.7648478899139,3.2311375913380997,"[[3.275370253154856, -0.0003934800597849535, 0.0019376582713600586], [-0.0003934800597849535, 3.264781184166855, 0.09140389831857403], [0.0019376582713600586, 0.09140389831857403, 3.153261336692589]]"
1,2,635,H5Na2RbSe4,H-Na-Rb-Se,12,334.9892763743041,2.6716200999449087,"[[2.6225383961369046, -0.06755379211579457, 0.11990364697328348], [-0.06755379211579457, 2.6038671841996224, -0.048240215981618643], [0.11990364697328348, -0.048240215981618643, 2.788454719498199]]"
1,2,636,H14N4NiO,H-N-Ni-O,20,209.4331266324876,2.409638538804121,"[[2.448801386232492, -0.21524149133457515, 0.20161944560251177], [-0.21524149133457515, 2.640442755438645, -0.08429957592385251], [0.20161944560251177, -0.08429957592385251, 2.139671474741229]]"
1,2,637,H6P2,H-P,8,131.25725536677214,3.183201466946856,"[[3.3058671468807628, 0.022202142869019136, 0.0975734708376884], [0.022202142869019136, 3.2314007695968328, 0.033771216285898346], [0.0975734708376884, 0.033771216285898346, 3.0123364843629696]]"
1,2,638,BaO9Si2Y2,Ba-O-Si-Y,14,215.98903211695668,3.3847493243697504,"[[3.295136894377952, 0.08585900029890334, 0.08137894079024144], [0.08585900029890334, 3.315709717690946, 0.11343703292279805], [0.08137894079024144, 0.11343703292279805, 3.543401361040354]]"
1,2,639,HF3,F-H,4,48.1330926028691,2.731285160493579,"[[2.886469218661234, -0.007494587283057459, 0.005360579085504918], [-0.007494587283057459, 2.58769336896194, -0.13276870463527302], [0.005360579085504918, -0.13276870463527302, 2.719692893857564]]"
1,4,640,H7B3Cs2,B-Cs-H,12,221.0957682400138,2.3782410732200896,"[[2.2758407271494265, -0.0685396248520047, -0.08950365505766741], [-0.0685396248520047, 2.454638456500744, 0.05661360194668885], [-0.08950365505766741, 0.05661360194668885, 2.4042440360100983]]"
1,4,641,I4O12Zn2,I-O-Zn,18,300.05339776774105,3.8178565807630647,"[[3.615835128795282, 0.05929256111188445, -0.04001717752678966], [0.05929256111188445, 3.936220136832485, -0.13353668124516543], [-0.04001717752678966, -0.13353668124516543, 3.901514476661428]]"
1,4,642,Li2Mn2O4,Li-Mn-O,8,78.6842332538677,5.179345964050465,"[[6.952504990566673, -0.001690836822174337, 0.004351015299748786], [-0.001690836822174337, 4.573547950177494, -0.025298107833247544], [0.004351015299748786, -0.025298107833247544, 4.011984951407227]]"
1,4,643,MgMoN2,Mg-Mo-N,4,39.790038298811176,10.386145655769315,"[[11.144491852305189, -0.12758327736954786, 0.7371930343275102], [-0.12758327736954786, 11.274936347729575, 0.4508272433463808], [0.7371930343275102, 0.4508272433463808, 8.739008767273186]]"
1,4,644,Ga2O8Si2,Ga-O-Si,12,204.21990630314733,2.3853971940041,"[[2.3593512745396743, -0.0003011589410475877, 0.02443663458478042], [-0.0003011589410475877, 2.362753128805098, -0.0005296573792017659], [0.02443663458478042, -0.0005296573792017659, 2.4340871786675247]]"
1,4,645,BaCsI2S,Ba-Cs-I-S,5,255.7934219790632,4.1918251650202025,"[[4.253384659062256, 0.0002506954116167762, -6.665519757614573e-05], [0.0002506954116167762, 4.161045167692776, -2.9773586204315034e-05], [-6.665519757614573e-05, -2.9773586204315034e-05, 4.161045668305579]]"
1,4,646,CsPbS4SnTl3,Cs-Pb-S-Sn-Tl,10,332.9603134262251,8.215841628875,"[[8.695662998454845, 0.001274613089436678, -0.0019657997187253486], [0.001274613089436678, 8.177145866654506, -0.4320335760998644], [-0.0019657997187253486, -0.4320335760998644, 7.77471602151565]]"
1,4,647,LiNi2O6Te,Li-Ni-O-Te,10,106.2087693571468,5.379301347604081,"[[5.50930081366738, -0.12288014778441189, 0.3419418867018996], [-0.12288014778441189, 5.5994125958082135, 0.23400179253723777], [0.3419418867018996, 0.23400179253723777, 5.029190633336652]]"
1,4,648,Mo2O8Y2,Mo-O-Y,12,151.59413960886323,5.317901991883435,"[[5.5513943078494155, 0.0011436557620250554, 0.09362381533954574], [0.0011436557620250554, 5.143050897116862, 9.37494455585312e-05], [0.09362381533954574, 9.37494455585312e-05, 5.259260770684026]]"
1,4,649,H5BK2,B-H-K,8,135.9336898577765,2.486929544035904,"[[2.5465086902255853, -0.00018277614482029242, -0.00013461759927466913], [-0.00018277614482029242, 2.365620866208224, -7.893641572512666e-05], [-0.00013461759927466913, -7.893641572512666e-05, 2.5486590756739016]]"
1,4,650,CuNd2O2Se,Cu-Nd-O-Se,6,113.099549851904,7.131618170478215,"[[7.7398168458497425, -0.0005189915770060969, 0.0004489238569071377], [-0.0005189915770060969, 7.736786624138442, -0.0013063684530995664], [0.0004489238569071377, -0.0013063684530995664, 5.918251041446463]]"
1,4,651,O6OsRb2,O-Os-Rb,9,180.04848761356533,2.973818178280235,"[[3.0067833327828195, 0.04560384335939528, 0.049034402509141664], [0.04560384335939528, 2.973373579807207, -0.07044472371198564], [0.049034402509141664, -0.07044472371198564, 2.941297622250678]]"
1,4,652,K8O8Pb2Ti2,K-O-Pb-Ti,20,493.1657293649126,3.535505518437185,"[[3.650213968326189, 0.024885249379410054, -0.049667894293478114], [0.024885249379410054, 3.3630782787080484, 0.10891287028615043], [-0.049667894293478114, 0.10891287028615043, 3.5932243082773194]]"
1,4,653,Ge3O7Rb2,Ge-O-Rb,12,230.44185380713327,2.7293058314138547,"[[2.8097117191347496, -0.038279833839615786, -0.06839555342090582], [-0.038279833839615786, 2.639767419688271, 0.0681093428908052], [-0.06839555342090582, 0.0681093428908052, 2.7384383554185416]]"
1,4,654,Ga3O8Os,Ga-O-Os,12,128.5068216188946,4.880647290245979,"[[4.754193913579615, 0.4997700446569845, 0.001172262046368166], [0.4997700446569845, 4.811097229988975, -0.0018094139931832131], [0.001172262046368166, -0.0018094139931832131, 5.07665072716935]]"
1,4,655,H3F2NNa2,F-H-N-Na,8,106.70281374829544,1.828820707410024,"[[1.8042939671017337, -0.00020966310351837726, -0.0005725925389259161], [-0.00020966310351837726, 1.71951753643951, 0.05201207688256483], [-0.0005725925389259161, 0.05201207688256483, 1.9626506186888273]]"
1,4,656,FeO4Sr2,Fe-O-Sr,7,95.95735240130858,4.814630645402192,"[[4.847229427639194, -0.010600127519556631, -0.03166552176794076], [-0.010600127519556631, 4.844098566668894, -0.0342346547396853], [-0.03166552176794076, -0.0342346547396853, 4.752563941898488]]"
1,4,657,BaO10Pd3Rh,Ba-O-Pd-Rh,15,221.18226286830648,7.875416924717233,"[[7.598589870999514, -0.3244078704386075, -0.18324488743126804], [-0.3244078704386075, 7.92777182815646, 0.4524376877659759], [-0.18324488743126804, 0.4524376877659759, 8.09988907499572]]"
1,4,658,F6NbTl2,F-Nb-Tl,9,182.945471789451,2.8311572577373667,"[[2.830695194484992, 0.0005988546714331354, 0.0020917230417669204], [0.0005988546714331354, 2.830146139783733, 0.001232880917263638], [0.0020917230417669204, 0.001232880917263638, 2.8326304389433776]]"
1,4,659,Ba2O6Re,Ba-O-Re,9,134.45570587315171,5.153001092134192,"[[5.2559042554846735, -0.0005807071712352637, -0.0024906070014865966], [-0.0005807071712352637, 5.096268070287756, -0.003501428919750233], [-0.0024906070014865966, -0.003501428919750233, 5.106830950630147]]"
1,4,660,CsNb2O8Sb,Cs-Nb-O-Sb,12,244.41296848237744,3.117361058686889,"[[3.1410175131147464, 8.364134806515199e-06, 0.020259376140298317], [8.364134806515199e-06, 3.1406797121470578, 0.013783378761561462], [0.020259376140298317, 0.013783378761561462, 3.070385950798863]]"
1,4,661,Ge2P4,Ge-P,6,131.58314445398238,11.93932429537396,"[[12.35586379517406, -0.12128800249699144, -0.4965067888292032], [-0.12128800249699144, 9.918392346525899, -0.9661765396288019], [-0.4965067888292032, -0.9661765396288019, 13.543716744421925]]"
1,4,662,Na3O4P,Na-O-P,8,112.71213238467604,2.1606803733951963,"[[2.183024658468934, -0.02074461767156248, -0.03592723664352456], [-0.02074461767156248, 2.1726608847884266, -0.045681290079421295], [-0.03592723664352456, -0.045681290079421295, 2.1263555769282245]]"
1,4,663,CsNbO8P2,Cs-Nb-O-P,12,217.03171967219447,3.287138844263932,"[[3.5172973966811782, 0.0006126629102308922, 3.228996084932859e-05], [0.0006126629102308922, 3.517741782527197, -0.0010598451055807117], [3.228996084932859e-05, -0.0010598451055807117, 2.826377353583425]]"
1,4,664,Cd4F8,Cd-F,12,174.66730830614827,2.634766736505468,"[[2.635199190764037, -0.0020908685646041413, -0.0010943034415144958], [-0.0020908685646041413, 2.6350965043215724, 0.0015798216737957318], [-0.0010943034415144958, 0.0015798216737957318, 2.6340045144307926]]"
1,4,665,Li2SiZn,Li-Si-Zn,4,56.4090211554858,9.87209826234443,"[[10.623340365238644, -0.560337821652698, -1.0780389986623728], [-0.560337821652698, 10.399861490643215, -1.298610136172207], [-1.0780389986623728, -1.298610136172207, 8.593092931151432]]"
1,4,666,Ga5Se3Te4,Ga-Se-Te,12,411.8498737749508,7.237787664498871,"[[7.855385276394119, -0.10366437649589601, -0.1314451958314152], [-0.10366437649589601, 5.854614569521325, 0.19132314363049485], [-0.1314451958314152, 0.19132314363049485, 8.003363147581169]]"
1,4,667,H3AuK,Au-H-K,5,60.585451922160594,5.30254919556883,"[[5.30267191458811, 3.0804728394575984e-05, -3.917905422966095e-05], [3.0804728394575984e-05, 5.302294435463422, -1.0998870249771998e-05], [-3.917905422966095e-05, -1.0998870249771998e-05, 5.3026812366549585]]"
1,4,668,Nd2O8P2,Nd-O-P,12,163.46150363322994,3.839279549203855,"[[3.956216366422879, 0.1836784754193261, 0.0011900775888869883], [0.1836784754193261, 4.010373200219635, -0.0006886800027698006], [0.0011900775888869883, -0.0006886800027698006, 3.551249080969053]]"
1,4,669,HClFO4Rb,Cl-F-H-O-Rb,8,133.26090844117397,2.0043656255885587,"[[1.8822291378942106, 0.024942206508581186, 0.11981765078390727], [0.024942206508581186, 2.204180125086806, -0.04157453815538108], [0.11981765078390727, -0.04157453815538108, 1.9266876137846605]]"
1,4,670,CoLi6N2Rb2,Co-Li-N-Rb,11,312.80122318119174,5.7914212419918805,"[[5.81096833886346, -0.09869593284947947, -0.18921256850796514], [-0.09869593284947947, 5.029653548736653, 0.4455608233963167], [-0.18921256850796514, 0.4455608233963167, 6.533641838375526]]"
1,4,671,Ca2ClN,Ca-Cl-N,4,77.8594145068348,4.526551616258674,"[[4.608175339706098, -0.012313600479113155, 0.07622858807234083], [-0.012313600479113155, 4.621230486120995, 0.046164045862734635], [0.07622858807234083, 0.046164045862734635, 4.350249022948932]]"
1,4,672,Li7Mg,Li-Mg,8,160.91163995861876,4.988692776663297,"[[4.988781257227011, 0.00013610521156938056, -0.00024973147953303107], [0.00013610521156938056, 4.9886718281771, 0.00042652454652504344], [-0.00024973147953303107, 0.00042652454652504344, 4.988625244585782]]"
1,4,673,CsK2Rb2,Cs-K-Rb,5,382.75968334763024,3.6698459136782975,"[[3.6753865972568693, -0.00014662379209847386, -0.00014055762640763331], [-0.00014662379209847386, 3.6754231851611987, -0.0023838309228364357], [-0.00014055762640763331, -0.0023838309228364357, 3.6587279586168258]]"
1,4,674,As3Pd4Rb5,As-Pd-Rb,12,458.97749645223337,8.30383714420313,"[[12.099119347233893, -0.12911244290899254, 0.9137052793355903], [-0.12911244290899254, 5.961479057014916, 0.7596714157506116], [0.9137052793355903, 0.7596714157506116, 6.850913028360584]]"
1,4,675,CrO2Pt,Cr-O-Pt,4,46.8822285226954,11.57751287955444,"[[12.224925689161205, -0.07788592448774571, 0.5352339551164836], [-0.07788592448774571, 12.306356561099724, 0.32146689295567105], [0.5352339551164836, 0.32146689295567105, 10.201256388402394]]"
1,4,676,AgBi2O11Sb2Si2,Ag-Bi-O-Sb-Si,18,296.553108637928,4.848558129878591,"[[4.847894748894547, 0.0610257809433982, 0.06627143899515896], [0.0610257809433982, 4.9349927605243975, 0.030504881530842735], [0.06627143899515896, 0.030504881530842735, 4.762786880216832]]"
1,4,677,CaIMgO6,Ca-I-Mg-O,9,117.96055487815748,3.080675414591669,"[[2.738514919763828, 0.000552797869690774, 0.00021827922930557874], [0.000552797869690774, 3.2517400123078826, 0.0007174314497161915], [0.00021827922930557874, 0.0007174314497161915, 3.251771311703295]]"
1,4,678,C5N10Rb3,C-N-Rb,18,394.9759344339628,1.9066171666787533,"[[1.7362775380126492, 0.3234915975816618, -0.1646375274363618], [0.3234915975816618, 2.216323728820857, -0.3002123547382748], [-0.1646375274363618, -0.3002123547382748, 1.767250233202753]]"
1,4,679,BaSe,Ba-Se,2,73.79588235952468,5.310888983805783,"[[5.310352887435016, 0.00037961089033279854, 0.0007884249161337811], [0.00037961089033279854, 5.31074383565015, 0.0004768962516441908], [0.0007884249161337811, 0.0004768962516441908, 5.311570228332183]]"
1,4,680,Al2Li2Se4,Al-Li-Se,8,191.18125608845995,5.099472159316641,"[[5.068222934565891, 0.02884556381367997, 0.04985910570759729], [0.02884556381367997, 5.082709289404963, 0.0633266732318073], [0.04985910570759729, 0.0633266732318073, 5.14748425397907]]"
1,4,681,Fe3N9Si6,Fe-N-Si,18,656.8211064853388,3.654969056796089,"[[4.555401605261259, 0.12264379341934224, 0.541682570915784], [0.12264379341934224, 4.4118904050133585, -0.3721152679625862], [0.541682570915784, -0.3721152679625862, 1.9976151601136496]]"
1,4,682,H6MnRb2,H-Mn-Rb,9,138.0753684854659,3.3101605758090096,"[[3.2517146930161034, 4.571217516958102e-06, 0.001179120792035149], [4.571217516958102e-06, 3.3392973823881555, 0.0010444833044253778], [0.001179120792035149, 0.0010444833044253778, 3.3394696520227716]]"
1,4,683,Cl6DyLi2Na,Cl-Dy-Li-Na,10,238.62057871210257,2.881337142889605,"[[2.880673840730573, 0.0008739832794719605, -0.001608714473761319], [0.0008739832794719605, 2.8801899288066988, -0.0011115528109312712], [-0.001608714473761319, -0.0011115528109312712, 2.883147659131544]]"
1,4,684,As2Ba2Hf2O,As-Ba-Hf-O,7,194.84500365538992,9.41126351231778,"[[11.078962684733996, -0.1908319572851078, -0.9750184385923037], [-0.1908319572851078, 11.06488104977792, -1.0114252444922767], [-0.9750184385923037, -1.0114252444922767, 6.089946802441416]]"
1,4,685,FOY,F-O-Y,3,40.27404895183433,3.692355845480866,"[[3.6929202546476283, -0.00047868924095734015, 0.0005810339556996628], [-0.00047868924095734015, 3.6911767672282214, 9.216758881075946e-06], [0.0005810339556996628, 9.216758881075946e-06, 3.692970514566749]]"
1,4,686,Li2O8Re2,Li-O-Re,12,184.0725845949171,2.665222167077293,"[[2.7420270199570806, -0.15402497753307745, 0.0021810605434477966], [-0.15402497753307745, 2.6981937515856083, -0.0019713981697744433], [0.0021810605434477966, -0.0019713981697744433, 2.5554457296891906]]"
1,4,687,O8Si2TaY,O-Si-Ta-Y,12,122.9773413785076,4.4828405128160265,"[[4.634953536814024, -0.09881830493976665, 0.20566791791562677], [-0.09881830493976665, 4.601067262082157, 0.24387106907745118], [0.20566791791562677, 0.24387106907745118, 4.212500739551901]]"
1,4,688,Ba2In2O6,Ba-In-O,10,157.13176674381194,4.80323294289254,"[[4.803201386133277, -1.8308931839711515e-05, -2.520005067963287e-05], [-1.8308931839711515e-05, 4.80331011454883, -1.1235890728186806e-05], [-2.520005067963287e-05, -1.1235890728186806e-05, 4.803187327995512]]"
1,4,689,Cs3LaO6Ta2,Cs-La-O-Ta,12,307.837042499538,2.877333419374793,"[[3.1754629908935925, 2.992201256085194e-05, 0.0011776262966749457], [2.992201256085194e-05, 3.175518009239649, -0.0010854926012631892], [0.0011776262966749457, -0.0010854926012631892, 2.2810192579911375]]"
1,4,690,C2O6Rb2,C-O-Rb,10,168.012111011496,2.395428116687768,"[[2.596238441826356, -0.0004609356521528944, -0.00031284088962588906], [-0.0004609356521528944, 2.7113552289460503, -0.0018242406449085371], [-0.00031284088962588906, -0.0018242406449085371, 1.8786906792908964]]"
1,4,691,HO2Pt,H-O-Pt,4,56.20564167197118,5.389758999752478,"[[3.7326759066918953, -2.78974205080458, 0.45961066880149737], [-2.78974205080458, 7.469141337722829, 0.23414322630727682], [0.45961066880149737, 0.23414322630727682, 4.967459754842707]]"
1,4,692,Bi2I2O4Sn2,Bi-I-O-Sn,10,248.9548317947227,6.3218500947061775,"[[6.858612533156802, 4.921740333978862e-05, 6.939604773507568e-05], [4.921740333978862e-05, 6.178915022802733, 0.22055525887916272], [6.939604773507568e-05, 0.22055525887916272, 5.928022728158996]]"
1,4,693,InKMo2O8,In-K-Mo-O,12,228.63936549494383,2.9590948288125283,"[[3.0830339402038898, 0.0024105343394156356, 0.0016523143401349595], [0.0024105343394156356, 3.0854934564195338, -0.0004581202098747723], [0.0016523143401349595, -0.0004581202098747723, 2.7087570898141604]]"
1,4,694,Cu2LiO9RuSr5,Cu-Li-O-Ru-Sr,18,294.97119611875297,5.720268957420839,"[[6.004824121715132, -0.5534202808108996, -0.1206746781512588], [-0.5534202808108996, 4.905624712853191, -0.0754986892253345], [-0.1206746781512588, -0.0754986892253345, 6.250358037694192]]"
1,4,695,CdCl3InS,Cd-Cl-In-S,6,186.82450351870628,3.4635492828810523,"[[3.8179425449621722, 0.00041026879986927263, 0.000806278597946524], [0.00041026879986927263, 3.8187471570217846, -0.0022263480461811253], [0.000806278597946524, -0.0022263480461811253, 2.753958146659197]]"
1,4,696,As2Li4Rb2S,As-Li-Rb-S,9,263.4515984804649,5.019263070589975,"[[5.109021214117078, -0.0761763281914587, -0.13598853734759617], [-0.0761763281914587, 5.075620196139896, -0.16689056407840955], [-0.13598853734759617, -0.16689056407840955, 4.8731478015129515]]"
1,4,697,Na6O8Sc2,Na-O-Sc,16,244.959572245292,2.9662696122061134,"[[2.779259706234252, 1.4344461225543127e-05, -0.00013312085328164762], [1.4344461225543127e-05, 3.0453581205127143, -0.00016758975805709314], [-0.00013312085328164762, -0.00016758975805709314, 3.0741910098713756]]"
1,4,698,AuBrF2PtRb7,Au-Br-F-Pt-Rb,12,504.2554094696167,3.745680632840017,"[[3.712621755251627, 0.03108207908122054, -0.03086638334692384], [0.03108207908122054, 3.8162174023546047, 0.03457635518955748], [-0.03086638334692384, 0.03457635518955748, 3.7082027409138165]]"
1,4,699,O13S3Tl3,O-S-Tl,19,365.1444295460318,2.962622921556623,"[[3.057617545169389, 0.046143332494079176, -0.12124754977860104], [0.046143332494079176, 2.855876366275375, -0.016945962644033002], [-0.12124754977860104, -0.016945962644033002, 2.974374853225104]]"
1,4,700,Cs2F6MgSi,Cs-F-Mg-Si,10,168.23996109899264,2.7361417395838035,"[[2.738313438140214, 0.001644461160576711, -0.001481452480778341], [0.001644461160576711, 2.7375363134625204, -0.0018608564826119412], [-0.001481452480778341, -0.0018608564826119412, 2.732575467148672]]"
1,4,701,Co2K2O4,Co-K-O,8,116.61695263666378,8.515942290056605,"[[4.158543722047583, -0.0036312943251380777, -0.0003616774900334281], [-0.0036312943251380777, 10.69458584105986, 0.0015746728523302644], [-0.0003616774900334281, 0.0015746728523302644, 10.694697307062373]]"
1,4,702,Ge7Mg5Na4,Ge-Mg-Na,16,376.8810117156157,10.431784910013407,"[[11.392087483014318, -0.0015053504771789213, 0.0025810927315269836], [-0.0015053504771789213, 10.074649278584904, -0.4971967709843886], [0.0025810927315269836, -0.4971967709843886, 9.828617968440998]]"
1,4,703,O8TaTe3,O-Ta-Te,12,232.0473585747473,4.0289802258047525,"[[3.999075563183483, -0.5552750800504348, -0.13733414515631923], [-0.5552750800504348, 4.139286340963813, 0.21114404671672168], [-0.13733414515631923, 0.21114404671672168, 3.9485787732669597]]"
1,4,704,Cr2O4,Cr-O,6,59.915406998004535,9.394477828382776,"[[10.143228373173313, 0.0013824095450675263, -0.004236121149022496], [0.0013824095450675263, 9.023219608056152, 0.005787664286164338], [-0.004236121149022496, 0.005787664286164338, 9.016985503918866]]"
1,4,705,AgBiCl4,Ag-Bi-Cl,6,198.12543730637256,3.904285907297945,"[[4.6718959346511735, -0.0011108364304033955, -0.00014534767990520024], [-0.0011108364304033955, 4.401373617763524, 0.14857310874000138], [-0.00014534767990520024, 0.14857310874000138, 2.6395881694791377]]"
1,4,706,H4O6S2,H-O-S,12,165.8437327939366,2.5743298352105324,"[[2.426773466524293, -0.4452437988429628, -0.045459928213729905], [-0.4452437988429628, 2.4419827136286436, -0.028417043205297268], [-0.045459928213729905, -0.028417043205297268, 2.8542333254786607]]"
1,4,707,Li2NaPb3,Li-Na-Pb,6,160.959864268387,11.832805068290504,"[[12.134372226738279, -0.0009150810938816492, -0.08809778878600157], [-0.0009150810938816492, 11.669856149575573, -0.003572933254458751], [-0.08809778878600157, -0.003572933254458751, 11.694186828557672]]"
1,4,708,AgNiO2,Ag-Ni-O,4,48.030305214536014,9.376348704116689,"[[9.95332860464739, -0.07564466390805832, -0.4503276439065553], [-0.07564466390805832, 10.020667378197825, -0.2734200461769899], [-0.4503276439065553, -0.2734200461769899, 8.155050129504845]]"
1,4,709,As6ClI2O9,As-Cl-I-O,18,426.51897026083896,3.622540978218281,"[[3.547360898954657, -0.09782773429884437, -0.25988620835693493], [-0.09782773429884437, 3.400540057107111, 0.19509720922477392], [-0.25988620835693493, 0.19509720922477392, 3.919721978593076]]"
1,4,710,BiF6Rb,Bi-F-Rb,8,155.6312478796203,2.2797574676957946,"[[2.278538949218901, 0.04217211468580312, 0.030895124831380537], [0.04217211468580312, 2.290551772619426, 0.036511463057504634], [0.030895124831380537, 0.036511463057504634, 2.270181681249057]]"
1,4,711,Ba4P8Zn8,Ba-P-Zn,20,437.2841230746786,12.460449579686232,"[[12.626646546044062, -0.0006106736715909547, -0.002084842698030518], [-0.0006106736715909547, 11.532703103407748, -0.008002872155535804], [-0.002084842698030518, -0.008002872155535804, 13.221999089606888]]"
1,4,712,Mn3Ni3O6,Mn-Ni-O,12,147.50214351561107,6.452488568557658,"[[7.455231872990717, -0.0006181365812299048, -0.0019278012542761243], [-0.0006181365812299048, 6.020785974099629, 0.12379084661860272], [-0.0019278012542761243, 0.12379084661860272, 5.881447858582627]]"
1,4,713,Br2Er,Br-Er,3,97.78497762958408,4.340597300215255,"[[4.870586449913271, -0.06583471498072414, 0.43878306599657585], [-0.06583471498072414, 4.941292537612739, 0.2643231376616187], [0.43878306599657585, 0.2643231376616187, 3.209912913119756]]"
1,4,714,CaS,Ca-S,2,47.43003060111517,5.033459911506507,"[[4.662969532626192, -0.0023569026746272396, -0.0007351407020138997], [-0.0023569026746272396, 4.660172273106454, -0.0005966364928401186], [-0.0007351407020138997, -0.0005966364928401186, 5.777237928786873]]"
1,4,715,H6Au2O4S2,Au-H-O-S,14,182.87751714931045,4.131460120767099,"[[3.599385414187367, -0.004249403479619026, 0.7137418297104327], [-0.004249403479619026, 4.222024918309567, -0.020661384705945387], [0.7137418297104327, -0.020661384705945387, 4.572970029804361]]"
1,4,716,Cl2Si2,Cl-Si,4,108.17569387662338,5.189462245635798,"[[5.855292119984116, -0.0024764059387862238, -0.005060952257698617], [-0.0024764059387862238, 5.712835792869429, -0.5100884675546346], [-0.005060952257698617, -0.5100884675546346, 4.000258824053847]]"
1,4,717,CdFRb3,Cd-F-Rb,5,197.0365888761941,4.110711836959124,"[[4.110711360925157, -0.00014973839127159646, 0.00017223665620273382], [-0.00014973839127159646, 4.110713975934481, 0.00010009589459833467], [0.00017223665620273382, 0.00010009589459833467, 4.110710174017733]]"
1,4,718,H3FNi3O11S2,F-H-Ni-O-S,20,229.17351534571176,3.1678285530571157,"[[3.4722278029857967, 0.08346137315251329, 0.001070239158133697], [0.08346137315251329, 3.283343882193705, 0.14393607088498525], [0.001070239158133697, 0.14393607088498525, 2.7479139739918446]]"
1,4,719,H2AsCs,As-Cs-H,4,96.3117113235406,4.725915057158331,"[[4.7164465048788795, -0.023483170910882714, -0.0020333299349276205], [-0.023483170910882714, 4.705652969379785, 0.002128273560407476], [-0.0020333299349276205, 0.002128273560407476, 4.755645697216332]]"
1,4,720,GaO4Ta,Ga-O-Ta,6,67.57316813895261,5.258047068911613,"[[5.802939675719756, -0.0007373744710843816, -0.0026880070108912285], [-0.0007373744710843816, 5.00921859368556, 0.7486740910019055], [-0.0026880070108912285, 0.7486740910019055, 4.9619829373295214]]"
1,4,721,H7N3Te2,H-N-Te,12,187.6788588472914,3.537064586830997,"[[2.716351146281524, -0.12206243050827241, 0.07073484294835211], [-0.12206243050827241, 3.373372892246658, 0.9034124859661093], [0.07073484294835211, 0.9034124859661093, 4.5214697219648095]]"
1,4,722,O4P2,O-P,6,98.01539257739384,1.845373828310158,"[[1.926904452577722, -0.12450339057870428, -0.2961488116507381], [-0.12450339057870428, 2.0127320863721123, -0.21038251709799982], [-0.2961488116507381, -0.21038251709799982, 1.596484945980638]]"
1,4,723,H2AgF6,Ag-F-H,9,126.1315837987045,3.216074105793785,"[[3.6646524355368078, 0.5429782599357438, 0.6150145780367607], [0.5429782599357438, 2.902306705683386, -0.8398919926993218], [0.6150145780367607, -0.8398919926993218, 3.0812631761611637]]"
1,4,724,Li4O6Ti2,Li-O-Ti,12,137.90352892348042,2.8451305250502874,"[[2.7873674916247206, -0.11549390433012938, -8.80978666698928e-05], [-0.11549390433012938, 2.6614143790647113, 0.0002752520922736237], [-8.80978666698928e-05, 0.0002752520922736237, 3.0866097044614302]]"
1,4,725,HDyO2,Dy-H-O,4,52.32980008468454,3.0901970959420777,"[[3.140321080548611, -0.017090578353122353, 0.07312844696133472], [-0.017090578353122353, 3.1569382116093863, 0.0455578815155285], [0.07312844696133472, 0.0455578815155285, 2.9733319956682345]]"
1,4,726,HB2Li,B-H-Li,4,29.81636292832949,6.795487576563168,"[[7.027653816392334, -0.0031387929655837627, 0.0013952230497721997], [-0.0031387929655837627, 7.025041025029889, -0.0004061051551483973], [0.0013952230497721997, -0.0004061051551483973, 6.333767888267278]]"
1,4,727,F9Li3Mn2,F-Li-Mn,14,172.56569559476983,2.2774906679106737,"[[2.4450853316903207, -0.014669486347891725, -0.10155681073568378], [-0.014669486347891725, 2.231648618372873, 0.0739627437031875], [-0.10155681073568378, 0.0739627437031875, 2.1557380536688275]]"
1,4,728,As3Br2O7,As-Br-O,12,227.30612867475824,3.8725526410741815,"[[3.7246502655119285, 0.3301676119663353, 0.872069994719192], [0.3301676119663353, 3.334702263402724, 0.48929670042332424], [0.872069994719192, 0.48929670042332424, 4.558305394307893]]"
1,4,729,AsCdClO2,As-Cd-Cl-O,5,83.86936251369997,4.389646932231764,"[[4.799557278706035, -0.12050104296737968, -0.3848518395892933], [-0.12050104296737968, 4.782475908526404, -0.41492044399802586], [-0.3848518395892933, -0.41492044399802586, 3.5869076094628523]]"
1,4,730,Li2NO3Sn4,Li-N-O-Sn,10,179.20894909588702,7.2338234122160125,"[[6.886564522471052, -0.15278713719119538, -0.21334270630097676], [-0.15278713719119538, 7.1963619705311554, 0.09327919955255162], [-0.21334270630097676, 0.09327919955255162, 7.618543743645833]]"
1,4,731,Ba2CsMoO5,Ba-Cs-Mo-O,9,170.2336717381923,4.506179138305599,"[[4.6467474434448235, 0.049354661037754946, 0.040609838819804976], [0.049354661037754946, 4.105893028896082, 0.1601499460242329], [0.040609838819804976, 0.1601499460242329, 4.765896942575889]]"
1,4,732,BiLiS2,Bi-Li-S,4,88.2953931363106,13.028855987812818,"[[12.97814720807725, -0.00475472929578858, -0.00045412293458774633], [-0.00475472929578858, 12.97875771071594, -0.0004916938596954565], [-0.00045412293458774633, -0.0004916938596954565, 13.129663044645266]]"
1,4,733,Br5Cs2Sb,Br-Cs-Sb,8,355.2381242071803,3.217963901965531,"[[3.2344939522957423, 0.02879494046006624, 0.030588931531602227], [0.02879494046006624, 3.209783849466231, -0.04739610436953396], [0.030588931531602227, -0.04739610436953396, 3.2096139041346206]]"
1,4,734,Li7N5,Li-N,12,108.66660782566736,4.687078427164091,"[[4.67855460137865, 0.14878638862141486, -0.002229242416355351], [0.14878638862141486, 4.523501371550549, -0.0005498081089623563], [-0.002229242416355351, -0.0005498081089623563, 4.859179308563073]]"
1,4,735,Ba2FMgO5Zr,Ba-F-Mg-O-Zr,10,148.42013100000813,4.083208171483377,"[[4.251201510847422, 6.377534812312699e-06, 0.00025057484836080266], [6.377534812312699e-06, 4.2332642037485675, -0.00040673754722957], [0.00025057484836080266, -0.00040673754722957, 3.7651587998541403]]"
1,4,736,O8P3Zn,O-P-Zn,12,179.0924222072385,2.21176668755939,"[[2.1843234947232326, -0.04613031556657672, 0.12883675870939243], [-0.04613031556657672, 2.1840085987737123, -0.12825039926741277], [0.12883675870939243, -0.12825039926741277, 2.2669679691812274]]"
1,4,737,Li2N2,Li-N,4,37.93839968802787,3.219873999779246,"[[3.1928577900116166, -0.1667420856083727, -0.17937799328909887], [-0.1667420856083727, 3.2503914150000965, 0.17739791435831445], [-0.17937799328909887, 0.17739791435831445, 3.2163727943260247]]"
1,4,738,MgN10Nb2Si3,Mg-N-Nb-Si,16,240.1041764183944,5.667786270684576,"[[5.899627666017244, -0.09602877975594383, -0.2327931727190114], [-0.09602877975594383, 5.9404923946036785, 0.0833323521488411], [-0.2327931727190114, 0.0833323521488411, 5.163238751432798]]"
1,4,739,Rb5Sb2Se5,Rb-Sb-Se,12,544.8713276344923,4.259021541029519,"[[4.325437046842083, -0.06544212631861765, -0.3048651091789067], [-0.06544212631861765, 4.277550953311636, -0.4576768426509284], [-0.3048651091789067, -0.4576768426509284, 4.174076622934836]]"
1,4,740,Hf2Li2NbO13TaW,Hf-Li-Nb-O-Ta-W,20,270.07423536427,4.197020027424863,"[[3.999090560867855, -0.047439475341338494, 0.1958980663792241], [-0.047439475341338494, 4.290209839637757, 0.18340757292486562], [0.1958980663792241, 0.18340757292486562, 4.3017596817689805]]"
1,4,741,CaO8Rb3V2,Ca-O-Rb-V,14,261.7167039451051,2.9709883457775894,"[[2.9548687498269177, 0.001558362151675781, 0.0006859037597542271], [0.001558362151675781, 2.9546019304516378, 0.0010595956012450912], [0.0006859037597542271, 0.0010595956012450912, 3.0034943570542123]]"
1,4,742,O13PSi6,O-P-Si,20,453.7515464332595,1.7978336265106865,"[[1.8970385017609255, 0.022389154469203545, -0.019685968491230523], [0.022389154469203545, 1.6509183479439042, -0.08019377670873216], [-0.019685968491230523, -0.08019377670873216, 1.8455440298272294]]"
1,4,743,HFeO2,Fe-H-O,4,37.84855456804473,4.11673251728427,"[[4.198135987739832, -0.021121704968219635, -0.09594042258770429], [-0.021121704968219635, 4.219432219991651, -0.059389131865338854], [-0.09594042258770429, -0.059389131865338854, 3.932629344121329]]"
1,4,744,AsAu5Zn2,As-Au-Zn,8,140.42716017603118,24.16386913858084,"[[24.064551981467307, -0.06252253175879165, 0.4440392880752077], [-0.06252253175879165, 24.04383400964387, -0.774592832925623], [0.4440392880752077, -0.774592832925623, 24.383221424631348]]"
1,4,745,Al3Li3O6,Al-Li-O,12,96.21338342428572,3.6751525906134206,"[[3.8703411978204576, 0.006880905531066445, -0.06972926056349862], [0.006880905531066445, 3.649503184593391, 0.11870190019987989], [-0.06972926056349862, 0.11870190019987989, 3.505613389426416]]"
1,4,746,Eu2F8Li2,Eu-F-Li,12,161.11849711359906,2.7004413007792376,"[[2.7926854428300465, -0.01049578567399864, -0.03128701918845504], [-0.01049578567399864, 2.582481230181831, -0.03126373746980516], [-0.03128701918845504, -0.03126373746980516, 2.726157229325836]]"
1,4,747,Li4S8Tm4,Li-S-Tm,16,317.1940548363961,6.1421979799101,"[[6.179044297869702, 0.011997067619405557, -0.044248331262175936], [0.011997067619405557, 6.119943713004548, 0.020969705548289058], [-0.044248331262175936, 0.020969705548289058, 6.127605928856048]]"
1,4,748,CsNS2,Cs-N-S,4,131.6433870372306,2.925876541526672,"[[2.720927224553368, 0.1400503473189964, 0.27738413514054766], [0.1400503473189964, 2.778724105837278, 0.33808965102895805], [0.27738413514054766, 0.33808965102895805, 3.2779782941893694]]"
1,4,749,AuBr5Cs2,Au-Br-Cs,8,337.29905035531823,3.380237568161926,"[[2.0541678460463584, -0.009308032535387803, -0.002593205857228769], [-0.009308032535387803, 4.043679633993392, -5.5706003440704534e-05], [-0.002593205857228769, -5.5706003440704534e-05, 4.042865224446029]]"
1,4,750,MoNbO4,Mo-Nb-O,6,75.12958280307299,7.081451358562315,"[[7.788661794707748, 0.0021082486250784717, -0.0013871929191629408], [0.0021082486250784717, 6.76585274691628, -1.6762096975190057], [-0.0013871929191629408, -1.6762096975190057, 6.689839534062919]]"
1,4,751,H8Ba3Mg,Ba-H-Mg,12,202.54430456841584,4.31926575551993,"[[4.309474839327895, 1.1005413870592354e-05, -0.00036250106189395696], [1.1005413870592354e-05, 4.268594090939287, 0.004090808885457925], [-0.00036250106189395696, 0.004090808885457925, 4.379728336292611]]"
1,4,752,Cs3CuLi6Se6,Cs-Cu-Li-Se,16,425.3766023959106,4.5171744881171785,"[[4.69954176284324, 0.07347645051194124, 0.03774985850119983], [0.07347645051194124, 4.4042507834488225, 0.13063649988484222], [0.03774985850119983, 0.13063649988484222, 4.447730918059475]]"
1,4,753,Br3Ga,Br-Ga,4,147.49345965636658,3.1212039749552307,"[[4.031088608231649, -0.013365891048951396, 0.365484389788969], [-0.013365891048951396, 2.6346250913528726, 0.04486419065661236], [0.365484389788969, 0.04486419065661236, 2.6978982252811705]]"
1,4,754,O3S2Zr2,O-S-Zr,7,118.62873102606548,6.130467708945571,"[[6.280217455173381, 0.004641972055968798, 0.002882299895693402], [0.004641972055968798, 6.142310605786648, -0.9550716808085951], [0.002882299895693402, -0.9550716808085951, 5.968875065876687]]"
1,4,755,KSe2Ti,K-Se-Ti,4,98.70522368980836,8.704554216831891,"[[10.731809518582676, -0.2442060865002552, 1.6549771722392548], [-0.2442060865002552, 10.990093895263847, 0.9991470201068906], [1.6549771722392548, 0.9991470201068906, 4.391759236649151]]"
1,4,756,HAlP,Al-H-P,3,55.97608460598006,6.26550654283512,"[[6.509405419126203, -0.16951293663112893, -0.5332119739289558], [-0.16951293663112893, 6.650160743929569, -0.3547760393222578], [-0.5332119739289558, -0.3547760393222578, 5.636953465449588]]"
1,4,757,C2O7Rb2Sb,C-O-Rb-Sb,12,219.4589666034925,2.4374700340577347,"[[2.8675821736137976, -0.05030659090978151, 0.14469747379059966], [-0.05030659090978151, 2.0960984790187402, 0.07554753244924393], [0.14469747379059966, 0.07554753244924393, 2.3487294495406665]]"
1,4,758,AgBa2NZn,Ag-Ba-N-Zn,5,139.49989124162246,11.509000990817611,"[[13.006972422923038, -0.0021392300733051955, 0.0018804590109544178], [-0.0021392300733051955, 10.760087294890782, -5.369222732182769e-06], [0.0018804590109544178, -5.369222732182769e-06, 10.75994325463903]]"
1,4,759,K2Se4Zn2,K-Se-Zn,8,246.51337863932528,5.456605155969856,"[[5.44299413130572, 0.3009626531536809, -0.08656693176201055], [0.3009626531536809, 5.806507853961117, 1.2127604713890818], [-0.08656693176201055, 1.2127604713890818, 5.120313482642735]]"
1,4,760,H2LiZn,H-Li-Zn,4,42.149031789007374,4.1292501739582566,"[[4.38763397900216, -0.0029609853965849413, 0.00046152649795182346], [-0.0029609853965849413, 4.388083288745957, 0.0008518112195807236], [0.00046152649795182346, 0.0008518112195807236, 3.612033254126651]]"
1,4,761,H6F2Mg3O5,F-H-Mg-O,16,157.61754223471644,2.260334152444618,"[[2.336483255804757, -0.008877790403055263, -0.022521029791110526], [-0.008877790403055263, 2.303437238844953, -0.048189692355572855], [-0.022521029791110526, -0.048189692355572855, 2.1410819626841433]]"
1,4,762,H3F4K,F-H-K,8,115.31285235535005,1.7723953978950795,"[[1.7815906225849114, -0.0342902308213355, -0.09124849032002007], [-0.0342902308213355, 1.7790739874853876, -0.09887366732180035], [-0.09124849032002007, -0.09887366732180035, 1.7565215836149395]]"
1,4,763,H7Cr3O10,Cr-H-O,20,230.3445285644507,3.3874227742966814,"[[3.3656541051318367, 0.18157488865806148, -0.09468423832565777], [0.18157488865806148, 3.3126764109876197, 0.1328288944481216], [-0.09468423832565777, 0.1328288944481216, 3.4839378067705873]]"
1,4,764,NaS2Y,Na-S-Y,4,92.35290436713332,5.129560481188172,"[[5.503938474561825, -0.07057637039651812, 0.383882670467826], [-0.07057637039651812, 5.5763847358033125, 0.23420050374055226], [0.383882670467826, 0.23420050374055226, 4.308358233199374]]"
1,4,765,BCs4Li2N3,B-Cs-Li-N,10,271.1161546029063,4.523797554048432,"[[4.355452558542412, 0.12945513250261706, -0.11243267282417906], [0.12945513250261706, 4.616559619493365, -0.3320768681325103], [-0.11243267282417906, -0.3320768681325103, 4.5993804841095205]]"
1,4,766,O2S2Se4Te2,O-S-Se-Te,10,288.35929191703127,6.164262477608484,"[[6.449247479349904, 0.23361521496293797, -0.2415517579589517], [0.23361521496293797, 5.6622368064616735, -0.4621018550325274], [-0.2415517579589517, -0.4621018550325274, 6.381303147013878]]"
1,4,767,H4Br3I5,Br-H-I,12,548.7832481479137,3.211864747159721,"[[2.8320990107070227, 0.21889323169873703, 0.712872569050063], [0.21889323169873703, 2.402216372734554, 0.13575813054373684], [0.712872569050063, 0.13575813054373684, 4.401278858037591]]"
1,8,768,KSb2Sn2,K-Sb-Sn,5,179.206178251295,13.31015853254356,"[[13.663960469665891, -0.1678876310550466, -0.4144774009425775], [-0.1678876310550466, 13.621629453280274, -0.4718076631058833], [-0.4144774009425775, -0.4718076631058833, 12.644885674684502]]"
1,8,769,Hg2S8Sn6,Hg-S-Sn,16,436.1339891015617,9.439895860590807,"[[8.198622021932543, -0.19983242852326782, 0.008285494505561491], [-0.19983242852326782, 8.795182902172359, 0.023236728117992326], [0.008285494505561491, 0.023236728117992326, 11.325882657667517]]"
1,8,770,Bi7O4S5,Bi-O-S,16,448.5942026404442,7.425815210402814,"[[9.193853488749195, -0.0004657642682058382, 0.002497161244764321], [-0.0004657642682058382, 7.907062631601886, 0.704524314669245], [0.002497161244764321, 0.704524314669245, 5.176529510857367]]"
1,8,771,Mn3O13P4,Mn-O-P,20,253.95538906826744,2.6311189084321867,"[[2.643646917780262, -0.030844084795658935, -0.021912506015018696], [-0.030844084795658935, 2.6291818058407395, -0.015381728286755573], [-0.021912506015018696, -0.015381728286755573, 2.6205280016755568]]"
1,8,772,Ba2Se5,Ba-Se,7,226.5760334741105,8.132903254673744,"[[6.346754441990144, -0.48782068037262755, 0.8479087187178849], [-0.48782068037262755, 10.394678215186236, -0.2534002658779606], [0.8479087187178849, -0.2534002658779606, 7.657277106844865]]"
1,8,773,Bi3Te4,Bi-Te,7,251.94863607724645,17.929387773510026,"[[19.27235881232886, -0.06852090291185295, 0.7051998104901884], [-0.06852090291185295, 19.347224020452604, 0.41453874797782087], [0.7051998104901884, 0.41453874797782087, 15.168580487748601]]"
1,8,774,F7FeLi3,F-Fe-Li,11,136.6625437811401,2.2111016928964258,"[[2.3893939767667933, 4.5763172146180545e-05, 2.4521932827900337e-05], [4.5763172146180545e-05, 2.2174150137219812, -0.021337534640045248], [2.4521932827900337e-05, -0.021337534640045248, 2.0264960882005014]]"
1,8,775,C2B2Ca2,B-C-Ca,6,96.35471396240884,7.081583195016383,"[[6.0538305268785955, 0.001189827305145508, 0.0010811616097665276], [0.001189827305145508, 6.059015311484593, 0.0013336897095449457], [0.0010811616097665276, 0.0013336897095449457, 9.131903746685959]]"
1,8,776,P4Sc8,P-Sc,12,225.9830063155561,14.3108657740487,"[[14.819761382244586, 0.0001428873613543006, -0.0004790651526100892], [0.0001428873613543006, 14.306871017750709, -0.00010630170438070194], [-0.0004790651526100892, -0.00010630170438070194, 13.8059649221508]]"
1,8,777,As2CoNa3O6,As-Co-Na-O,12,164.2457994240836,4.155597939888337,"[[4.493317274716494, -0.002742699295308884, 0.0010043964283553172], [-0.002742699295308884, 4.491458530300486, -0.0020233679635710167], [0.0010043964283553172, -0.0020233679635710167, 3.4820180146480317]]"
1,8,778,N6Re4,N-Re,10,110.64267078506236,13.69201272437502,"[[14.486154228089253, -0.0005580168177824776, 0.0007830642039611938], [-0.0005580168177824776, 13.326841725006224, 1.8088034384460927], [0.0007830642039611938, 1.8088034384460927, 13.263042220029595]]"
1,8,779,HgIn3P3,Hg-In-P,7,193.86939701838725,13.342095293067986,"[[12.520734684051973, 0.005565401821654789, -0.007759215633111118], [0.005565401821654789, 12.529190578699293, 0.006708223755262968], [-0.007759215633111118, 0.006708223755262968, 14.976360616452705]]"
1,8,780,Ba2O4Pb,Ba-O-Pb,7,129.0705658681548,5.165021001637605,"[[5.161308874615365, 0.0004959290438592462, 0.0021855826064994402], [0.0004959290438592462, 5.161833170131543, 0.0029571688193479806], [0.0021855826064994402, 0.0029571688193479806, 5.171920960165911]]"
1,8,781,LiO7TiV2,Li-O-Ti-V,11,135.22937227263117,5.404123740211356,"[[5.442723440367172, 0.18265881910175388, -0.25726588998267413], [0.18265881910175388, 5.47138601229037, 0.586590407174221], [-0.25726588998267413, 0.586590407174221, 5.298261767976524]]"
1,8,782,Ge4Li2N6,Ge-Li-N,12,136.17929737347916,5.131090754292981,"[[4.9959025660629734, -0.000349366153019606, -0.17144477098069025], [-0.000349366153019606, 5.204697745780648, -0.00019389973399699516], [-0.17144477098069025, -0.00019389973399699516, 5.1926719510353205]]"
1,8,783,Li2Nd4Se6,Li-Nd-Se,12,329.49865122680984,7.269655941534775,"[[6.9571027716239815, -0.000895801664683688, -0.00023144109555950964], [-0.000895801664683688, 7.740300061178703, -0.23668451978737462], [-0.00023144109555950964, -0.23668451978737462, 7.111564991801636]]"
1,8,784,S9Te11,S-Te,20,856.8168554481948,8.240734147804687,"[[8.003566301114637, 0.05728235411389157, 0.25584985005202077], [0.05728235411389157, 8.57301666981709, 0.6840099403775773], [0.25584985005202077, 0.6840099403775773, 8.145619472482336]]"
1,8,785,Mo4O11,Mo-O,15,252.0844051396872,4.186558222738757,"[[4.19501261178632, 0.31085611503128496, -0.19039687958330134], [0.31085611503128496, 4.32829027239563, 0.1473445442469342], [-0.19039687958330134, 0.1473445442469342, 4.036371784034319]]"
1,8,786,Ba6P9,Ba-P,15,457.1923212969013,8.984041839718472,"[[8.681612992907123, -0.43367789482399693, 0.2164764183464184], [-0.43367789482399693, 8.779628236649176, 0.1730894102246016], [0.2164764183464184, 0.1730894102246016, 9.490884289599116]]"
1,8,787,KPd2Rb2S4Zn,K-Pd-Rb-S-Zn,10,259.0867023397359,5.977154535575213,"[[8.04500374143864, 0.15756721594111336, -0.6979108688523795], [0.15756721594111336, 5.225102290944195, 0.8116196350811264], [-0.6979108688523795, 0.8116196350811264, 4.661357574342806]]"
1,8,788,S8Zr4,S-Zr,12,274.5175164611206,10.45491727062926,"[[9.661493387440723, -0.0001470632265412628, -0.0017945106896418805], [-0.0001470632265412628, 10.966339312832494, 0.003531685040237777], [-0.0017945106896418805, 0.003531685040237777, 10.736919111614563]]"
1,8,789,Ba2CdNiO6,Ba-Cd-Ni-O,10,142.18657800033253,6.036452614575677,"[[6.037018919705402, 3.7882852407101996e-05, -0.000823430726946736], [3.7882852407101996e-05, 6.0352145453251484, -0.0005875559539295762], [-0.000823430726946736, -0.0005875559539295762, 6.037124378696482]]"
1,8,790,Ag2SnTe3,Ag-Sn-Te,6,164.64757517152825,16.0553503329136,"[[15.969475061204042, 0.08297687473214392, 0.11536296208257894], [0.08297687473214392, 15.88443695159179, 0.2733651104963189], [0.11536296208257894, 0.2733651104963189, 16.312138985944962]]"
1,8,791,MnNOPt,Mn-N-O-Pt,4,79.00099338083378,8.714362749976225,"[[10.628825119890045, -0.26711748481235453, -1.5657108823000765], [-0.26711748481235453, 10.818833486927888, -1.0422075765903476], [-1.5657108823000765, -1.0422075765903476, 4.695429643110742]]"
1,8,792,Ag8Sn2Te2,Ag-Sn-Te,12,305.52569170052334,15.425875273715862,"[[14.276339527038898, -0.006183040869098565, 0.0011709796775694233], [-0.006183040869098565, 18.568658853254288, -1.307415435141276], [0.0011709796775694233, -1.307415435141276, 13.432627440854402]]"
1,8,793,O2Sb2,O-Sb,4,65.53090647105424,12.2811328830467,"[[12.84955965842339, 3.70644955522467e-05, -0.006771337453201472], [3.70644955522467e-05, 12.855690181134806, 0.00019931938098878668], [-0.006771337453201472, 0.00019931938098878668, 11.138148809581908]]"
1,8,794,Ag2Te2Tl2,Ag-Te-Tl,6,183.74622768474876,11.66233791522268,"[[11.884381371380478, 2.0084154001743117e-05, 0.006724790333635823], [2.0084154001743117e-05, 11.884985458545527, -0.0016705559724979448], [0.006724790333635823, -0.0016705559724979448, 11.21764691574203]]"
1,8,795,GaI2Li,Ga-I-Li,4,132.20305479289578,5.696382164776111,"[[5.651464474544596, 0.008941570755413679, -0.04623282590796625], [0.008941570755413679, 5.6429659930386205, -0.028255953424794186], [-0.04623282590796625, -0.028255953424794186, 5.794716026745116]]"
1,8,796,AuPdSe2,Au-Pd-Se,4,79.0275822577517,16.196399814172313,"[[16.20971103404627, -0.0008218522441596983, -0.00014907590610725664], [-0.0008218522441596983, 16.20865798967486, 0.000347537255846533], [-0.00014907590610725664, 0.000347537255846533, 16.170830418795806]]"
1,8,797,CuSTe,Cu-S-Te,3,68.83293135244914,13.441735375766308,"[[14.421328544839414, -0.24863958309437542, 0.32531701080392617], [-0.24863958309437542, 13.479572522719053, -2.151551063318166], [0.32531701080392617, -2.151551063318166, 12.424305059740457]]"
1,8,798,BaCaO6Rh,Ba-Ca-O-Rh,9,156.81029402783795,4.846410544250862,"[[4.364957260658693, -0.0019812370979397243, -0.001706942760205301], [-0.0019812370979397243, 5.087531796866461, -0.0007242377480860719], [-0.001706942760205301, -0.0007242377480860719, 5.086742575227431]]"
1,8,799,AgBaCr2O8,Ag-Ba-Cr-O,12,214.2353860018118,3.5560109936289925,"[[3.936207420947051, 0.003918857700468979, -0.009580362438120962], [0.003918857700468979, 3.9419795229872947, 0.008075342435499143], [-0.009580362438120962, 0.008075342435499143, 2.7898460369526292]]"
1,8,800,B6Ce2Rh3Ru9,B-Ce-Rh-Ru,20,269.156126739284,21.98551678332485,"[[21.977426735962688, 0.42814664202217406, 0.2042543370786931], [0.42814664202217406, 21.42704228808483, 0.26230395923222305], [0.2042543370786931, 0.26230395923222305, 22.552081325927027]]"
1,8,801,Cr2O8Sb2,Cr-O-Sb,12,135.64995848973126,5.1587268410209175,"[[4.982417101762726, 0.3037192019470546, -0.23418216839830025], [0.3037192019470546, 5.362041655198, -0.4165888494820821], [-0.23418216839830025, -0.4165888494820821, 5.131721766102025]]"
1,8,802,Li4SeTe,Li-Se-Te,6,123.29219389310424,5.108301758140915,"[[5.231105470770709, 0.0002647461271428663, 0.0005622842537061993], [0.0002647461271428663, 5.22810566064364, 0.0007476739486745913], [0.0005622842537061993, 0.0007476739486745913, 4.865694143008399]]"
1,8,803,Ag3Te3,Ag-Te,6,171.26715705485913,13.65835292972804,"[[17.758948999590636, 0.023911237269979117, -0.010620323358492681], [0.023911237269979117, 10.891079728466918, 0.004551406483073434], [-0.010620323358492681, 0.004551406483073434, 12.32503006112657]]"
1,8,804,IO6Tl2,I-O-Tl,9,139.99095336221123,5.183414706408646,"[[5.309476080142581, -0.3607242971026127, -0.1976297725173465], [-0.3607242971026127, 4.799917243786887, 0.2199330239493263], [-0.1976297725173465, 0.2199330239493263, 5.44085079529647]]"
1,8,805,Cu3Lu2O4P2,Cu-Lu-O-P,11,175.58131824511747,7.348175425826288,"[[8.53592123183542, -0.09756607238219585, -0.589460532507208], [-0.09756607238219585, 8.530776639562326, -0.6046602430610883], [-0.589460532507208, -0.6046602430610883, 4.9778284060811195]]"
1,8,806,PS2,P-S,3,73.99068383385138,7.142340118522917,"[[9.53323749732017, -0.005666197994000158, 0.30344354734966894], [-0.005666197994000158, 9.543696166559613, 0.1308557093449289], [0.30344354734966894, 0.1308557093449289, 2.3500866916889684]]"
1,8,807,FeNi2Pt,Fe-Ni-Pt,4,50.46137058585601,20.28284063687208,"[[22.14800667938027, -0.0003411495840328598, 0.00012317317778195807], [-0.0003411495840328598, 19.59890356324824, -0.19540976976726224], [0.00012317317778195807, -0.19540976976726224, 19.101611667987743]]"
1,8,808,Cu2Sb2Se8,Cu-Sb-Se,12,282.8295699433604,15.188422139079774,"[[15.8627114498074, 0.45988755987549035, -2.7613376102231378e-05], [0.45988755987549035, 14.619159037552445, 0.0027542645532383438], [-2.7613376102231378e-05, 0.0027542645532383438, 15.083395929879476]]"
1,8,809,LaO12Sr3Ti4,La-O-Sr-Ti,20,247.40702741168505,6.687641279668992,"[[6.711000923810579, 0.00013866547867920348, -0.002836653945178465], [0.00013866547867920348, 6.709666827289545, -0.00044329498292590246], [-0.002836653945178465, -0.00044329498292590246, 6.642256087906854]]"
1,8,810,Br6K2Pd2,Br-K-Pd,10,300.8386852152498,4.82246840825412,"[[5.827157374453935, 0.0009108030826651211, 0.0004158710229135106], [0.0009108030826651211, 4.321993612201082, 0.0009056823396133716], [0.0004158710229135106, 0.0009056823396133716, 4.318254238107346]]"
1,8,811,NaSe3,Na-Se,4,94.12142012707078,9.679272546320364,"[[9.676762325428196, 0.00551424767735261, 0.004802081263447974], [0.00551424767735261, 9.68088896987058, -0.0049695886909474464], [0.004802081263447974, -0.0049695886909474464, 9.680166343662322]]"
1,8,812,FO6TaV2,F-O-Ta-V,10,132.14563825591793,5.202121765210074,"[[4.952266532225634, -0.2766785817911843, 0.20144418271860792], [-0.2766785817911843, 5.309900891525971, -0.35116255537092683], [0.20144418271860792, -0.35116255537092683, 5.344197871878617]]"
1,8,813,Cd3CuI6,Cd-Cu-I,10,372.4638468156696,5.488612175819413,"[[5.980195883922156, -0.000375171755279073, -4.07165777935751e-06], [-0.000375171755279073, 5.98254370583569, -0.0002067927580921931], [-4.07165777935751e-06, -0.0002067927580921931, 4.503096937700392]]"
1,8,814,Ca3Cd2In2,Ca-Cd-In,7,197.2948026820528,12.179426750776916,"[[13.12437849647829, 0.004371121333867783, -0.005511163892164846], [0.004371121333867783, 11.807449469601242, 0.327186673284085], [-0.005511163892164846, 0.327186673284085, 11.606452286251216]]"
1,8,815,AgCrP2S6,Ag-Cr-P-S,10,239.8111217914321,6.656292898749496,"[[7.833899436430822, -0.4440149490024702, 1.8055320003297146], [-0.4440149490024702, 8.241280383611556, 1.1447459751407634], [1.8055320003297146, 1.1447459751407634, 3.89369887620611]]"
1,8,816,Cu2O8W2,Cu-O-W,12,137.89986044478016,9.810018506115885,"[[9.608858212762737, -0.0021334476782463017, -0.7745635433907702], [-0.0021334476782463017, 10.281981173330653, -0.0041791973297945414], [-0.7745635433907702, -0.0041791973297945414, 9.53921613225425]]"
1,8,817,FO4Sb3,F-O-Sb,8,153.73748919224414,4.80018534704813,"[[4.3765237690506655, 0.778510663547793, -0.06446994975820615], [0.778510663547793, 5.277475906065433, 0.03694182005763181], [-0.06446994975820615, 0.03694182005763181, 4.74655636602829]]"
1,8,818,K2Mn2P2,K-Mn-P,6,153.44906922506897,5.912244995457788,"[[6.915822434259436, 0.0003485828119025491, 0.0038916784564676653], [0.0003485828119025491, 6.915740618753684, 0.011045400892943633], [0.0038916784564676653, 0.011045400892943633, 3.905171933360242]]"
1,8,819,BiNbO4,Bi-Nb-O,6,91.06206893203333,5.944416840691686,"[[5.814126156024809, -0.01641647145364356, 0.026209185818993046], [-0.01641647145364356, 6.0966277001296305, 1.6525316460186155], [0.026209185818993046, 1.6525316460186155, 5.922496665920619]]"
1,8,820,Ba3Sb5,Ba-Sb,8,294.9090341173771,11.596411734994248,"[[11.984457307787501, 0.5459758275211438, 0.4158639554733023], [0.5459758275211438, 11.339555787730554, -0.9872366523668071], [0.4158639554733023, -0.9872366523668071, 11.465222109464683]]"
1,8,821,Hg3Na5O4,Hg-Na-O,12,227.7420525111208,4.491332402947664,"[[4.168274910676742, 0.0013973981182008994, -0.3972622119375169], [0.0013973981182008994, 4.024791888124483, -0.003490058535074495], [-0.3972622119375169, -0.003490058535074495, 5.280930410041768]]"
1,8,822,BiCd2Pr,Bi-Cd-Pr,4,114.3174315897978,18.230062707622903,"[[18.48223559016612, -3.9906794249495424e-05, 0.00039580656664871613], [-3.9906794249495424e-05, 18.4819010284498, 0.00017428354807326568], [0.00039580656664871613, 0.00017428354807326568, 17.72605150425278]]"
1,8,823,B2La2O7,B-La-O,11,136.4242178028543,3.9672153508604704,"[[4.248240955304853, -0.0025867348829169464, 0.053839585744580136], [-0.0025867348829169464, 3.9405736148908517, -1.017094918847175e-05], [0.053839585744580136, -1.017094918847175e-05, 3.7128314823857047]]"
1,8,824,Mn4Se8,Mn-Se,12,224.0590599327431,12.465331494014135,"[[12.46677007460676, 0.0016105567347094443, 0.0032266923400410415], [0.0016105567347094443, 12.465777625048329, -0.005746043965166842], [0.0032266923400410415, -0.005746043965166842, 12.463446782387319]]"
1,8,825,S4,S,4,124.54430386864038,4.271307448667513,"[[2.535335811449785, -0.20191130426783188, 0.5442861014024873], [-0.20191130426783188, 2.980728684188292, 0.23770730542762375], [0.5442861014024873, 0.23770730542762375, 7.297857850364462]]"
1,8,826,Br4Hg2MoSe3,Br-Hg-Mo-Se,10,405.9995329474717,4.785462551772838,"[[3.7944681100881015, 0.01983279567099238, 0.21907179557706757], [0.01983279567099238, 5.554867260261315, 0.427612120819856], [0.21907179557706757, 0.427612120819856, 5.007052284969094]]"
1,8,827,Nb2Rh2S8,Nb-Rh-S,12,223.1189076507292,13.380311517707106,"[[12.492901556672352, -0.0018980604359570244, 0.40627554764158214], [-0.0018980604359570244, 14.014345334316086, 0.00729259451691276], [0.40627554764158214, 0.00729259451691276, 13.633687662132866]]"
1,8,828,LiMnNa6S8Si2,Li-Mn-Na-S-Si,18,445.2917610833248,3.5455511099929424,"[[4.082550110562554, 0.022303634517127514, -0.19208665072468747], [0.022303634517127514, 3.2559829314869537, -0.0010822812780644944], [-0.19208665072468747, -0.0010822812780644944, 3.2981202879293186]]"
1,8,829,C2Hf6NO2,C-Hf-N-O,11,143.769568920352,10.79157491943621,"[[10.711254653176228, 0.10916274661043077, -0.005539685735480253], [0.10916274661043077, 10.852672975914286, -0.010816003669483437], [-0.005539685735480253, -0.010816003669483437, 10.810797129218122]]"
1,8,830,Ca8Sb4,Ca-Sb,12,382.2728743699233,10.91632593588884,"[[10.534115929555233, -0.19170798002472067, -0.010079921108347534], [-0.19170798002472067, 11.089799625762698, 0.028557759753438935], [-0.010079921108347534, 0.028557759753438935, 11.125062252348583]]"
1,8,831,GeNaSTe2,Ge-Na-S-Te,5,155.79424199779612,8.561213179200509,"[[10.26523017810416, 0.025589768021471247, -1.0289026578975033], [0.025589768021471247, 8.656144073072024, 0.07588039073282421], [-1.0289026578975033, 0.07588039073282421, 6.762265286425345]]"
1,8,832,AsS4Sb2,As-S-Sb,7,189.01272039751743,9.518106533702396,"[[10.523351283793728, -0.21567213926856726, -0.07164366991598003], [-0.21567213926856726, 10.446334354553859, -0.05419940901614887], [-0.07164366991598003, -0.05419940901614887, 7.584633962759609]]"
1,8,833,As3OPr2Zn2,As-O-Pr-Zn,8,182.26326571107623,12.403467254825472,"[[12.827239561275983, -0.021187241015640106, 0.21691827995708973], [-0.021187241015640106, 12.851447769735328, 0.12937937735370023], [0.21691827995708973, 0.12937937735370023, 11.531714433465106]]"
1,8,834,Ba2NbO9Pb2Ta,Ba-Nb-O-Pb-Ta,15,326.59988094315105,3.81560403707255,"[[3.6977596882112147, -0.0008908032448544893, -0.0060226342554649676], [-0.0008908032448544893, 3.5420333136845343, 0.04986199952298634], [-0.0060226342554649676, 0.04986199952298634, 4.207019109321897]]"
1,8,835,O8V5Zn,O-V-Zn,14,159.55402993081373,5.16277846379537,"[[5.162699131070668, 0.0032426141039312577, 0.007817367166538051], [0.0032426141039312577, 5.1642820778712695, -0.011547415400428099], [0.007817367166538051, -0.011547415400428099, 5.1613541824441755]]"
1,8,836,Bi6Pt4,Bi-Pt,10,285.5326719479316,23.010081841524467,"[[21.84879151341233, -0.29104133421883055, 0.45840829854419085], [-0.29104133421883055, 21.476216583561197, 0.8186412543321282], [0.45840829854419085, 0.8186412543321282, 25.70523742759987]]"
1,8,837,Pd2S4Sm2,Pd-S-Sm,8,171.64648928950967,11.28811797602649,"[[13.336217344357141, 0.0005025400051771763, 0.00024170076634069378], [0.0005025400051771763, 13.335854847827749, -0.001857171040295521], [0.00024170076634069378, -0.001857171040295521, 7.1922817358945705]]"
1,8,838,Bi2CaLi2,Bi-Ca-Li,5,133.32672206495735,14.213061473219293,"[[13.758637285428454, 0.19749983254904305, 0.5111030703776133], [0.19749983254904305, 13.810081271373011, 0.5746792265399338], [0.5111030703776133, 0.5746792265399338, 15.070465862856407]]"
1,8,839,Nb2Rb5S8,Nb-Rb-S,15,545.1492200668963,3.6246479197068617,"[[3.6539479484727386, -0.024182409725501314, 0.02199148092862432], [-0.024182409725501314, 3.6582545264218926, 0.002233419384108364], [0.02199148092862432, 0.002233419384108364, 3.5617412842259557]]"
1,8,840,Ga4P8Si2Sr2,Ga-P-Si-Sr,16,372.1809888720817,9.43807250390185,"[[9.577685804388736, 0.000908047445145694, -0.0016250431662814383], [0.000908047445145694, 9.050209955160248, -0.00018549555244944815], [-0.0016250431662814383, -0.00018549555244944815, 9.686321752156566]]"
1,8,841,CB2Ga3,B-C-Ga,6,86.32468095837831,8.491519594355244,"[[8.709708634571713, -0.02223070326349249, 0.16363640366539103], [-0.02223070326349249, 8.734656968021813, 0.09600627766341972], [0.16363640366539103, 0.09600627766341972, 8.030193180472198]]"
1,8,842,Bi2LiNaSe4,Bi-Li-Na-Se,8,210.02679270188665,13.962197456558014,"[[13.838961929159728, 0.11324756752557211, 0.19684513150724253], [0.11324756752557211, 13.88806959022464, 0.24476162898620332], [0.19684513150724253, 0.24476162898620332, 14.159560850289674]]"
1,8,843,CCoLi4N3Ni2,C-Co-Li-N-Ni,11,134.13268688907567,6.294200945177251,"[[5.661955884858736, 0.025060910948579176, -0.30447093030366335], [0.025060910948579176, 5.634547552631722, -0.18074415879811334], [-0.30447093030366335, -0.18074415879811334, 7.586099398041291]]"
1,8,844,As2O8Ta2,As-O-Ta,12,161.8794015384196,5.2156828779571285,"[[5.228705659893469, -0.002583050508361273, 0.0012819519083296595], [-0.002583050508361273, 4.96093205413967, -0.022613118649117702], [0.0012819519083296595, -0.022613118649117702, 5.457410919838248]]"
1,8,845,Pr2Rb2S4,Pr-Rb-S,8,242.8221967086323,5.2205964179224855,"[[5.587817498894459, 0.00033745190563143313, -0.0010988119609233625], [0.00033745190563143313, 5.588172289348789, -0.0009655547549873551], [-0.0010988119609233625, -0.0009655547549873551, 4.485799465524211]]"
1,8,846,Bi2N3O3,Bi-N-O,8,160.17051871482775,4.215563254205278,"[[4.32702304710619, -0.00010129591162839063, -0.26833539932459], [-0.00010129591162839063, 4.711759966504892, 0.0007426218841148579], [-0.26833539932459, 0.0007426218841148579, 3.6079067490047523]]"
1,8,847,Li2Na2S2,Li-Na-S,6,106.70620492037251,3.91225147419532,"[[3.9417719238390543, 0.0009382683052654414, -0.0005645316976338532], [0.0009382683052654414, 3.9416420406575035, -7.694635251639894e-05], [-0.0005645316976338532, -7.694635251639894e-05, 3.8533404580894004]]"
1,8,848,AuScSe2,Au-Sc-Se,4,107.19733123646216,10.116266199437751,"[[8.841200778533821, 0.13253919612104342, -1.0257842590493569], [0.13253919612104342, 8.698148815423064, -0.6430808653887884], [-1.0257842590493569, -0.6430808653887884, 12.809449004356367]]"
1,8,849,Mn2Tb2Te6Tl2,Mn-Tb-Te-Tl,12,403.0041101601315,9.404146928789157,"[[10.378207622700106, 0.0012051058345669361, 0.00040514310887552227], [0.0012051058345669361, 8.71449517074637, -0.009090126382002704], [0.00040514310887552227, -0.009090126382002704, 9.119737992921003]]"
1,8,850,CeK5Se5,Ce-K-Se,11,397.8907339436379,5.630030559028088,"[[5.757028600016701, 0.0003089804152850054, 0.00018695461706747362], [0.0003089804152850054, 5.846468522727231, -0.002312559894756289], [0.00018695461706747362, -0.002312559894756289, 5.2865945543403345]]"
1,8,851,H5BrI6Na5O2Te,Br-H-I-Na-O-Te,20,657.1112491730066,2.8948036846866416,"[[3.2910013031993097, 0.1836446588113029, -0.026940073075433068], [0.1836446588113029, 2.933428788550222, -0.0399912641555404], [-0.026940073075433068, -0.0399912641555404, 2.459980962310392]]"
1,8,852,Ni3Te6V3,Ni-Te-V,12,301.14390947866724,10.830250756869331,"[[12.99037067766766, -0.0005688987650405434, 0.000352038997847281], [-0.0005688987650405434, 6.738409453317757, 0.06591963198058856], [0.000352038997847281, 0.06591963198058856, 12.761972139622578]]"
1,8,853,HBa4Pb2,Ba-H-Pb,7,282.8624051021861,8.601069717417323,"[[8.504716720742428, 0.02414222500209704, 0.0833545598702378], [0.02414222500209704, 8.508634167374764, 0.08899129808060104], [0.0833545598702378, 0.08899129808060104, 8.789858264134773]]"
1,8,854,Se8SrTl3,Se-Sr-Tl,12,384.27704971811386,8.486133367055858,"[[8.754293848071567, -0.053285632809753944, 0.1092263057473358], [-0.053285632809753944, 8.589261998540799, 0.3087007505777567], [0.1092263057473358, 0.3087007505777567, 8.11484425455521]]"
1,8,855,As3Au4Ba2Pt,As-Au-Ba-Pt,10,240.0719061088308,16.610859552729167,"[[17.402311060446912, 3.033897267350802e-05, -0.001640200652881619], [3.033897267350802e-05, 17.405345492575332, 0.0035732783903983075], [-0.001640200652881619, 0.0035732783903983075, 15.024922105165246]]"
1,8,856,CBa5N3P2Sb9,Ba-C-N-P-Sb,20,645.9968051574299,10.086403677054674,"[[12.187015296968251, 0.09642850198319354, -0.1861935702970096], [0.09642850198319354, 8.707808391666207, 0.28028265567520205], [-0.1861935702970096, 0.28028265567520205, 9.364387342529565]]"
1,8,857,LiNO3Sc3,Li-N-O-Sc,8,85.2197788296555,7.017167378215412,"[[7.015794325659794, -0.0005005349387131359, 0.00016588728457305352], [-0.0005005349387131359, 7.016613088741719, -0.0005146015531102707], [0.00016588728457305352, -0.0005146015531102707, 7.019094720244725]]"
1,8,858,Li2PdSn,Li-Pd-Sn,4,65.09869542186985,14.866442273475634,"[[14.866006881444163, -0.006115156622692864, 0.007654338500241628], [-0.006115156622692864, 14.860322582977233, 0.01093969302420456], [0.007654338500241628, 0.01093969302420456, 14.872997356005518]]"
1,8,859,Ag6Se6,Ag-Se,12,310.42153506986267,11.138425629117064,"[[10.743136739444788, -0.008179744622640879, 0.25879914864014814], [-0.008179744622640879, 11.13688981096338, 0.3939533745347754], [0.25879914864014814, 0.3939533745347754, 11.535250336943031]]"
1,8,860,H4Cs2K2O4,Cs-H-K-O,12,220.40757640913407,2.790233632542988,"[[2.5599169058650215, 1.2359747216115454e-05, -0.0005746328174523426], [1.2359747216115454e-05, 2.9677261325269795, -0.011755307647128595], [-0.0005746328174523426, -0.011755307647128595, 2.843057859236966]]"
1,8,861,Cr2DyO8Tl,Cr-Dy-O-Tl,12,167.9053718036561,4.792033857556395,"[[4.611055197663318, 0.303152891782477, -0.20371434709662617], [0.303152891782477, 5.035224144975436, -0.40247839834976695], [-0.20371434709662617, -0.40247839834976695, 4.729822230030432]]"
1,8,862,NiSe4Te,Ni-Se-Te,6,156.983008722924,12.90207328367371,"[[16.75174368972416, 0.007304152107135623, -0.0030142411068215954], [0.007304152107135623, 5.686632744174498, 0.45896368301232254], [-0.0030142411068215954, 0.45896368301232254, 16.267843417122474]]"
1,8,863,Hf2I8,Hf-I,10,478.6196112188182,3.911644068561394,"[[3.3546940049757605, -0.03678035778230433, 0.0015996590721367037], [-0.03678035778230433, 4.933694365155316, 0.0018618216395938363], [0.0015996590721367037, 0.0018618216395938363, 3.446543835553106]]"
1,8,864,HgRb4Te5,Hg-Rb-Te,10,503.43135865786496,5.861186152060696,"[[7.737599858624682, -0.009046599987393412, 0.008215172574526076], [-0.009046599987393412, 7.7183869708009105, 0.0004608181304563096], [0.008215172574526076, 0.0004608181304563096, 2.127571626756499]]"
1,8,865,Mo4Se2Te6,Mo-Se-Te,12,323.3917244947919,13.054300651149015,"[[17.138826448016093, 6.510498984661211e-05, -0.0003100359429342135], [6.510498984661211e-05, 17.13895292893618, 0.0057419461421802705], [-0.0003100359429342135, 0.0057419461421802705, 4.885122576494767]]"
1,8,866,Cu6S8Ta2,Cu-S-Ta,16,306.6761112330624,11.30966152120826,"[[11.663489625097997, -0.00022239422054246168, 0.0003726634575477916], [-0.00022239422054246168, 11.0895539899749, -0.0008544376117318631], [0.0003726634575477916, -0.0008544376117318631, 11.175940948551888]]"
1,8,867,As8La2O2,As-La-O,12,279.31904858062643,13.70507189272512,"[[16.322582725834412, 0.0018360524665511286, 0.0012309902245707207], [0.0018360524665511286, 12.025494189964238, 0.13098662824361604], [0.0012309902245707207, 0.13098662824361604, 12.767138762376716]]"
1,8,868,Se5Ta7,Se-Ta,12,241.78147218646225,18.84320736509467,"[[21.814262811275746, -0.0006674617068636082, -0.002136458386186587], [-0.0006674617068636082, 20.996418136732352, -2.2115446745286533], [-0.002136458386186587, -2.2115446745286533, 13.718941147275906]]"
1,8,869,Ag5As4S7,Ag-As-S,16,344.230052037639,10.929955239110887,"[[11.563628630703288, -0.09108939815160164, -0.32095750987934274], [-0.09108939815160164, 11.861259221820484, 0.2415057963078171], [-0.32095750987934274, 0.2415057963078171, 9.364977864808882]]"
1,8,870,As2Rb2Zn2,As-Rb-Zn,6,175.0378084278325,10.335526260435346,"[[13.112649858554663, -0.004666602181837068, 0.0016044742407430096], [-0.004666602181837068, 4.772060233526521, -0.007885666123560545], [0.0016044742407430096, -0.007885666123560545, 13.121868689224852]]"
1,8,871,HBa2Li6P7,Ba-H-Li-P,16,312.913965538709,9.017043094923505,"[[8.055913711601494, -0.17002017581695855, 0.049890806712495], [-0.17002017581695855, 9.100636424855288, -0.7886671976127778], [0.049890806712495, -0.7886671976127778, 9.894579148313724]]"
1,8,872,BaP3Pb2,Ba-P-Pb,6,175.2059191172087,13.694570988793323,"[[11.965707685378762, -0.0044626796503691515, 0.623349661883429], [-0.0044626796503691515, 13.943699357341927, -0.0010932213474521726], [0.623349661883429, -0.0010932213474521726, 15.174305923659277]]"
1,8,873,Ba2N6,Ba-N,8,142.28958065360916,3.594022541213987,"[[3.114531374539177, 0.00030175529045486547, 0.0015338668074015957], [0.00030175529045486547, 3.834438742362921, 0.00024773135249824197], [0.0015338668074015957, 0.00024773135249824197, 3.833097506739864]]"
1,8,874,N3Nb5O2,N-Nb-O,10,134.40284786031086,13.450938192316327,"[[14.010663385698642, 0.0011349014302393212, 0.0017661440210751012], [0.0011349014302393212, 13.01700057702699, 0.013013405462054803], [0.0017661440210751012, 0.013013405462054803, 13.325150614223357]]"
1,8,875,BaCd2Cs2Se4,Ba-Cd-Cs-Se,9,330.4945964706739,5.061282295234645,"[[5.580103939437133, 0.18027561993742627, -0.10920275346700606], [0.18027561993742627, 4.412311403950229, 0.6859594276467651], [-0.10920275346700606, 0.6859594276467651, 5.191431542316574]]"
1,8,876,NaSe2Si,Na-Se-Si,4,104.21096122526326,5.00003889480482,"[[6.6534247786290655, 0.0037281936595148176, 0.0073650747740667665], [0.0037281936595148176, 4.15740062787644, -0.6777786076771248], [0.0073650747740667665, -0.6777786076771248, 4.189291277908956]]"
1,8,877,Cl6OsPdTl,Cl-Os-Pd-Tl,9,274.9954678845299,4.156621135128906,"[[4.950401997992059, -0.0856528119362214, 0.6810706693098134], [-0.0856528119362214, 3.4744275469458734, 0.17139908352435582], [0.6810706693098134, 0.17139908352435582, 4.045033860448785]]"
1,8,878,Ba4Ga2N2Sn2,Ba-Ga-N-Sn,10,296.0434250938667,10.03520110089233,"[[12.129075250266375, -0.0004926216542642713, -0.0007741913881156581], [-0.0004926216542642713, 9.969874808223686, 0.02034485146168502], [-0.0007741913881156581, 0.02034485146168502, 8.006653244186925]]"
1,8,879,Fe2In2Nb4Se8,Fe-In-Nb-Se,16,370.5059894480059,13.315861704676196,"[[15.283815850771042, 0.004754709534930153, -0.0032276365444247838], [0.004754709534930153, 10.87904026667961, 0.14083389225432044], [-0.0032276365444247838, 0.14083389225432044, 13.78472899657794]]"
1,8,880,CrInO8Sb2,Cr-In-O-Sb,12,144.1482078665994,4.832631990143998,"[[4.681931656795015, 0.27218389422252515, 0.00044288908858191185], [0.27218389422252515, 4.685710148281286, -0.004128875513242712], [0.00044288908858191185, -0.004128875513242712, 5.130254165355691]]"
1,8,881,PbS4TiTl2,Pb-S-Ti-Tl,8,200.0036536560884,10.01285201762822,"[[10.503943598907977, -0.0018576229132319304, -0.0016765557872542047], [-0.0018576229132319304, 10.110757436465102, -0.08297343392225724], [-0.0016765557872542047, -0.08297343392225724, 9.423855017511588]]"
1,8,882,N2O4Ta4,N-O-Ta,10,129.58902610143585,7.182593156791839,"[[8.738803629486135, -0.0023909119889515334, -0.009080799591577296], [-0.0023909119889515334, 8.238696141285207, -1.2137071619810667], [-0.009080799591577296, -1.2137071619810667, 4.570279699604176]]"
1,8,883,LiNa2S8V7,Li-Na-S-V,18,314.2232370562726,8.1246982121484,"[[10.320855315314702, 0.03875773066723553, -0.2356073355946551], [0.03875773066723553, 3.6372510551172965, 0.09534588343108666], [-0.2356073355946551, 0.09534588343108666, 10.415988266013208]]"
1,8,884,In2Nb2Se6,In-Nb-Se,10,267.9399538762765,11.567599265699917,"[[11.308889717477463, -0.0005115549165009252, -0.0038749538258279065], [-0.0005115549165009252, 11.715131821915227, 0.04257120053736427], [-0.0038749538258279065, 0.04257120053736427, 11.678776257707053]]"
1,8,885,Cd2Te2,Cd-Te,4,144.64870344504232,8.855371232362527,"[[8.866012197181078, -0.016540280864911272, -0.0032938260859282603], [-0.016540280864911272, 8.85482870573113, -0.014051354144938619], [-0.0032938260859282603, -0.014051354144938619, 8.845272794175376]]"
1,8,886,Li2Se6,Li-Se,8,221.7951967530369,6.997852720675237,"[[6.437303615070188, 0.3588650292986697, -1.0813957385949058], [0.3588650292986697, 6.780968569226661, -0.08011433692278355], [-1.0813957385949058, -0.08011433692278355, 7.775285977728855]]"
1,8,887,Ag2YZn,Ag-Y-Zn,4,80.91055118895774,16.147794952253395,"[[16.1340088919607, 0.010379235022246852, -0.0032377251266479234], [0.010379235022246852, 16.147600579325317, -0.0027953720501868824], [-0.0032377251266479234, -0.0027953720501868824, 16.16177538547417]]"
1,8,888,MgO6Sb2,Mg-O-Sb,9,101.25982045859568,4.824444975997429,"[[4.802790591423067, 0.0004589885711068207, 0.000643727447117624], [0.0004589885711068207, 4.835076202623501, -5.857572651894343e-05], [0.000643727447117624, -5.857572651894343e-05, 4.835468133945723]]"
1,8,889,As2Cd2Mg2,As-Cd-Mg,6,139.87561861420426,11.290610695551983,"[[11.437299419777082, -0.003449827675897932, 0.002417731521714725], [-0.003449827675897932, 11.363776107700241, -0.29471179808341624], [0.002417731521714725, -0.29471179808341624, 11.070756559178628]]"
1,8,890,InO2,In-O,3,41.64928951319503,4.829433155832355,"[[5.2472370794429875, 0.003619101803785165, 0.006554757313923012], [0.003619101803785165, 5.254792455047972, 0.006231468221673927], [0.006554757313923012, 0.006231468221673927, 3.9862699330061044]]"
1,8,891,K4Nb2Se6,K-Nb-Se,12,369.2988848389753,6.027220801086318,"[[8.048060388671901, -0.0032829142967116705, 0.00011481657439260502], [-0.0032829142967116705, 4.689749455950341, -0.0021009416234812374], [0.00011481657439260502, -0.0021009416234812374, 5.343852558636707]]"
1,8,892,As2I2,As-I,4,135.8683363838682,7.917993409070239,"[[9.843095685447878, 0.006195106646706374, 0.022195149075276453], [0.006195106646706374, 9.658468157703531, -0.8727324823465492], [0.022195149075276453, -0.8727324823465492, 4.252416384059312]]"
1,8,893,Cr2FLi5O8V2,Cr-F-Li-O-V,18,167.42668223802272,5.077975569842192,"[[4.428679994635759, -0.16558145288740303, 0.24023325534876655], [-0.16558145288740303, 4.966675455659876, -0.31055516649305637], [0.24023325534876655, -0.31055516649305637, 5.838571259230941]]"
1,8,894,C2Ag2I2La4,Ag-C-I-La,10,291.0794617975956,9.590494679729671,"[[10.745057738601794, 0.00023258957519057343, -0.0004922010984692433], [0.00023258957519057343, 9.584701429074665, 0.8952958076072264], [-0.0004922010984692433, 0.8952958076072264, 8.441724871512566]]"
1,8,895,Cd2Ga2O12Te4,Cd-Ga-O-Te,20,357.70235499391475,4.222504318581231,"[[4.220095088442955, -0.13584268375998185, -0.15506618350671494], [-0.13584268375998185, 4.17417865533494, -0.10069329849353706], [-0.15506618350671494, -0.10069329849353706, 4.273239211965802]]"
1,12,896,Ba3Cu3Li3P6,Ba-Cu-Li-P,15,333.8905513877188,10.349982160144338,"[[11.618727523845772, 0.005031397105675127, -0.006461149712063585], [0.005031397105675127, 10.181683234061035, 1.324783130772308], [-0.006461149712063585, 1.324783130772308, 9.24953572252621]]"
1,12,897,CHHf5Se2,C-H-Hf-Se,9,184.5682318980332,10.18068697845713,"[[10.744608051402368, -0.014300039989723621, 0.18997936619312997], [-0.014300039989723621, 10.76369973588297, 0.11424574385737939], [0.18997936619312997, 0.11424574385737939, 9.033753148086054]]"
1,12,898,Dy2Li2N3O3Si2,Dy-Li-N-O-Si,12,138.94377127254978,4.469489930449189,"[[4.701997689670325, 9.494534373483903e-05, -2.1002346382386776e-05], [9.494534373483903e-05, 4.5081636552010576, -0.1580415679993842], [-2.1002346382386776e-05, -0.1580415679993842, 4.198308446476183]]"
1,12,899,Rb2Se6,Rb-Se,8,288.97491852777256,6.323652038286821,"[[4.530613847741106, -0.6231925997358518, -1.6049895860959393], [-0.6231925997358518, 5.759201302113727, 0.9845320866558056], [-1.6049895860959393, 0.9845320866558056, 8.68114096500562]]"
1,12,900,I2In2S2,I-In-S,6,204.84236173668523,5.639739704069631,"[[7.019961364214547, -0.062338499362534106, -0.8000647005023239], [-0.062338499362534106, 5.856720229802179, -0.40700174517637017], [-0.8000647005023239, -0.40700174517637017, 4.042537518192164]]"
1,12,901,AgNb2Se6,Ag-Nb-Se,9,235.4679595249005,11.461594325800428,"[[14.035700632397269, 0.0009558840537648656, -0.003197526830868351], [0.0009558840537648656, 14.03579331230082, 0.00215226503076882], [-0.003197526830868351, 0.00215226503076882, 6.313289032703192]]"
1,12,902,La3Li2S3,La-Li-S,8,188.42630906841669,5.777262367975886,"[[5.658710011496113, 0.062924363792015, 0.22316223865670182], [0.062924363792015, 5.308785151527671, 0.21675704532708512], [0.22316223865670182, 0.21675704532708512, 6.364291940903869]]"
1,12,903,AsClZn2,As-Cl-Zn,4,98.11236081684363,7.915230065897262,"[[8.751467924552795, 0.0003450285768565601, 0.0032319552810553425], [0.0003450285768565601, 8.754955584918733, -0.004391768412806868], [0.0032319552810553425, -0.004391768412806868, 6.23926668822026]]"
1,12,904,O4Sr2,O-Sr,6,94.21471915421009,4.096088501068485,"[[2.6935605388317243, 0.0009544609919192148, 0.000576540411962679], [0.0009544609919192148, 5.195583244022596, -0.0011670091269433496], [0.000576540411962679, -0.0011670091269433496, 4.399121720351136]]"
1,12,905,As2K2O7Pr,As-K-O-Pr,12,261.4901425735443,2.4648151628222084,"[[2.6438471832349686, -0.0023063121209243847, 0.0029030466153137117], [-0.0023063121209243847, 2.6380943551859493, -0.003547372288797264], [0.0029030466153137117, -0.003547372288797264, 2.112503950045709]]"
1,12,906,As4Bi2Hg2,As-Bi-Hg,8,263.69889826256343,14.574970723973744,"[[14.260195483650362, -0.0013405688880426775, -0.0014414650588500367], [-0.0013405688880426775, 15.37291843271409, -0.009606409630529876], [-0.0014414650588500367, -0.009606409630529876, 14.09179825555678]]"
1,12,907,K2Li3O2Pt2Te,K-Li-O-Pt-Te,10,196.54646699202647,7.609720076059915,"[[7.910643564924653, -2.8879253948223536e-05, 0.00014655954710326993], [-2.8879253948223536e-05, 7.905580840198993, 0.0001304725680931861], [0.00014655954710326993, 0.0001304725680931861, 7.012935823056102]]"
1,12,908,Al2As2Sr,Al-As-Sr,5,124.64072655985214,9.540006969709005,"[[9.902443574942986, 9.176904208543814e-06, 0.0002756331079315566], [9.176904208543814e-06, 9.904271533832198, 5.32915408843774e-05], [0.0002756331079315566, 5.32915408843774e-05, 8.813305800351827]]"
1,12,909,N11Sr4V3,N-Sr-V,18,293.29248163452786,5.7312655342795935,"[[5.3875936142441745, -0.1504762968879029, 0.04145652275510078], [-0.1504762968879029, 5.020103997156154, -0.12127036442416868], [0.04145652275510078, -0.12127036442416868, 6.78609899143845]]"
1,12,910,LiSe2Zr,Li-Se-Zr,4,89.03477171301597,9.951766060709824,"[[12.081967154568124, 0.0005666415377047522, -0.010529759613915656], [0.0005666415377047522, 12.080121676378665, -0.013864248900798407], [-0.010529759613915656, -0.013864248900798407, 5.69320935118269]]"
1,12,911,P8Rb2,P-Rb,10,319.3625785043329,4.346543804304353,"[[4.4653758051498365, -0.09433628355015794, -0.179530680905007], [-0.09433628355015794, 4.433696590649529, -0.22063628477416408], [-0.179530680905007, -0.22063628477416408, 4.140559017113693]]"
1,12,912,MoTa3,Mo-Ta,4,70.10724147978911,29.865981060995,"[[29.54013438391111, 0.00010154398670389318, 0.07364937821280723], [0.00010154398670389318, 29.884635603782606, 0.0010891444346009735], [0.07364937821280723, 0.0010891444346009735, 30.173173195291277]]"
1,12,913,S7Sb3Tl5,S-Sb-Tl,15,480.30295318360623,7.88585481425901,"[[8.39879965033681, 0.0001647873067835259, -0.031221465691695056], [0.0001647873067835259, 7.560500644757714, -0.27235188997005644], [-0.031221465691695056, -0.27235188997005644, 7.698264147682498]]"
1,12,914,Cr2K4P4,Cr-K-P,10,290.14469707716324,6.421335497650182,"[[7.838770122913301, 0.0010639227416863117, -0.0010814567420107302], [0.0010639227416863117, 4.374470782698746, 0.6191098821625013], [-0.0010814567420107302, 0.6191098821625013, 7.050765587338496]]"
1,12,915,Li2O6Os2,Li-O-Os,10,112.93042501507456,4.813901883130868,"[[5.165153080153856, -0.10085977730886658, -0.5123350730096677], [-0.10085977730886658, 5.246862472927956, -0.2937368113264828], [-0.5123350730096677, -0.2937368113264828, 4.029690096310792]]"
1,12,916,InLiS2,In-Li-S,4,83.60253867635836,5.795515714520154,"[[6.146537637589598, -0.0014893930367095762, 0.0015454828466312145], [-0.0014893930367095762, 6.1419049544783375, 0.0018190100303828154], [0.0015454828466312145, 0.0018190100303828154, 5.098104551492528]]"
1,12,917,N2Na2S,N-Na-S,5,164.75671684564404,2.4881464585812467,"[[2.5406529766258212, -0.020620506353074903, 0.10976000211986514], [-0.020620506353074903, 2.757669615956627, 0.08269490705776864], [0.10976000211986514, 0.08269490705776864, 2.1661167831612924]]"
1,12,918,As6Ba2Cr2,As-Ba-Cr,10,250.0166653825965,14.79660057383977,"[[18.71582217095854, 0.0041224467204648745, -0.001759581864289933], [0.0041224467204648745, 13.105580659450416, -0.028690241222408812], [-0.001759581864289933, -0.028690241222408812, 12.568398891110359]]"
1,12,919,HgS8Sb5,Hg-S-Sb,14,391.0105365712734,10.812848216385817,"[[11.113916664803208, -0.2736697871834714, 0.8106984994276626], [-0.2736697871834714, 11.356429710575267, 0.5398896981921727], [0.8106984994276626, 0.5398896981921727, 9.96819827377898]]"
1,12,920,Br2Ca2,Br-Ca,4,113.64415889469298,4.45318323105976,"[[4.778944081960933, 0.0004110397735424796, 0.0003356501756774235], [0.0004110397735424796, 4.768964831847263, 0.0006210890988032676], [0.0003356501756774235, 0.0006210890988032676, 3.81164077937108]]"
1,12,921,Ca5Se8Zr2,Ca-Se-Zr,15,393.7113031916149,8.59018479468079,"[[7.832117239772027, 0.19671118639550944, 0.7131443894167175], [0.19671118639550944, 9.33149032125574, 0.3306306977026694], [0.7131443894167175, 0.3306306977026694, 8.606946823014603]]"
1,12,922,N2Sr3,N-Sr,5,130.74239683523572,5.901360470614331,"[[6.247265174700071, 0.00013746717502330713, -4.792908294054476e-05], [0.00013746717502330713, 6.24712571632215, 0.0001202608906438952], [-4.792908294054476e-05, 0.0001202608906438952, 5.209690520820776]]"
1,12,923,Rb3Se2,Rb-Se,5,207.2911924536716,4.262148558137642,"[[4.125859723920186, 0.4019996086015169, 0.022442250134406122], [0.4019996086015169, 4.581137686312578, -0.9551419994175135], [0.022442250134406122, -0.9551419994175135, 4.0794482641801615]]"
1,12,924,AsIn3Rb2S9Sb,As-In-Rb-S-Sb,16,511.7522563587768,5.1472369841439445,"[[5.32702471566867, -0.1471192093826483, -0.07468153259247218], [-0.1471192093826483, 4.9133507558918605, -0.038497375588370034], [-0.07468153259247218, -0.038497375588370034, 5.2013354808712995]]"
1,12,925,Cd2Te2,Cd-Te,4,144.92871084880113,8.83682545405714,"[[8.842754626330787, 0.002810466338946914, 0.00021679861590793311], [0.002810466338946914, 8.86011704962924, -0.0017461117177609404], [0.00021679861590793311, -0.0017461117177609404, 8.807604686211391]]"
1,12,926,Ag9Nb2O9,Ag-Nb-O,20,340.0148222880952,8.086427136889284,"[[8.502817941638481, -0.017072490791802144, 0.17526187195221915], [-0.017072490791802144, 7.896761132599866, 0.33112639703204516], [0.17526187195221915, 0.33112639703204516, 7.859702336429499]]"
1,12,927,Ba2O6Si2,Ba-O-Si,10,171.87438013978633,2.835287450838571,"[[2.7980443474670142, 0.0034616561402527834, -0.0007473844917028087], [0.0034616561402527834, 2.8766457077394456, -0.027839445173532946], [-0.0007473844917028087, -0.027839445173532946, 2.8311722973092524]]"
1,12,928,Na2Rb2S6Ti2,Na-Rb-S-Ti,12,322.48055960414763,4.0555491051551575,"[[4.878571454593795, -1.5520898139818067e-07, 0.0012248568051536598], [-1.5520898139818067e-07, 4.881583491239046, 0.0023390776233227872], [0.0012248568051536598, 0.0023390776233227872, 2.4064923696326304]]"
1,12,929,BiK3,Bi-K,4,163.44684597621037,8.14526650312544,"[[8.144926549197315, -0.0004458219568027442, -0.0030623316618674057], [-0.0004458219568027442, 8.146938530219892, -0.0021485602737904104], [-0.0030623316618674057, -0.0021485602737904104, 8.143934429959113]]"
1,12,930,KTe2V,K-Te-V,4,121.40837191634137,8.144883740497344,"[[10.181713917566666, -0.27157699875806135, 1.7573201986408218], [-0.27157699875806135, 10.468984651505865, 1.0586127604303504], [1.7573201986408218, 1.0586127604303504, 3.783952652419495]]"
1,12,931,N10P2Sr6,N-P-Sr,18,327.29811571370965,4.298327239262316,"[[3.7937129705113324, 0.0013022622272613584, 0.001256777172115283], [0.0013022622272613584, 4.38122707473171, 0.18543448150291322], [0.001256777172115283, 0.18543448150291322, 4.720041672543904]]"
1,12,932,Hf2Ni2O8,Hf-Ni-O,12,134.90377548849924,7.350800821041446,"[[6.910266100064663, -0.002961846020022169, 0.008190404602561508], [-0.002961846020022169, 7.888549825985682, 0.4965131721036375], [0.008190404602561508, 0.4965131721036375, 7.253586537073992]]"
1,12,933,HBaMgNb2O10P,Ba-H-Mg-Nb-O-P,16,252.60726960448392,3.479324970984468,"[[3.305667420073472, 0.02363047373586553, -0.3767048114216983], [0.02363047373586553, 3.3923307006739147, 0.24505752917879065], [-0.3767048114216983, 0.24505752917879065, 3.739976792206017]]"
1,12,934,In2Nb2O8,In-Nb-O,12,151.38012129437882,5.647680019812839,"[[5.612422127409117, 0.5657177946707886, -0.005432471166900702], [0.5657177946707886, 6.096371462873799, -0.000602833768242475], [-0.005432471166900702, -0.000602833768242475, 5.2342464691555985]]"
1,12,935,La4Se8Sn2,La-Se-Sn,14,442.8795435676846,9.399842246209658,"[[9.516496600524276, 0.02383044225181579, -0.24293708237633213], [0.02383044225181579, 9.518744505691565, 0.4546904108064105], [-0.24293708237633213, 0.4546904108064105, 9.164285632413135]]"
1,12,936,CuGeLiNd7PrS9,Cu-Ge-Li-Nd-Pr-S,20,472.2163830915399,8.255781354190484,"[[8.81733811545038, -0.0007474259549913922, -0.00021179080342673408], [-0.0007474259549913922, 8.279338096656234, 0.056784785947653904], [-0.00021179080342673408, 0.056784785947653904, 7.6706678504648425]]"
1,12,937,BaO8PbRe2,Ba-O-Pb-Re,12,257.0220107743726,3.203559577434348,"[[3.4100673496119875, -0.0006194457753063378, 0.00040786615568334566], [-0.0006194457753063378, 3.4089981187613514, -0.0012905670853789878], [0.00040786615568334566, -0.0012905670853789878, 2.791613263929706]]"
1,12,938,P20,P,20,514.440084474738,7.961750752431459,"[[9.573819851753736, 0.14325628625827203, -0.4521917778229234], [0.14325628625827203, 5.953381344946995, 0.2660714745225214], [-0.4521917778229234, 0.2660714745225214, 8.358051060593642]]"
1,12,939,O13Sb7,O-Sb,20,423.2293672870526,3.799518103344191,"[[4.100725635277498, -0.009820439875244925, 0.0632563895929995], [-0.009820439875244925, 4.060733617726015, 0.07907184607690497], [0.0632563895929995, 0.07907184607690497, 3.2370950570290637]]"
1,12,940,AlSb3Ta2,Al-Sb-Ta,6,124.93624719698118,24.753940839155444,"[[24.436284336284395, -2.1201200492113432e-07, 0.00018400276373105686], [-2.1201200492113432e-07, 24.44972600531169, 0.00012263333162853329], [0.00018400276373105686, 0.00012263333162853329, 25.375812175870244]]"
1,12,941,In3Se5,In-Se,8,239.6894290718988,8.497573077232033,"[[9.330480842322054, 0.05037401190025429, 0.1437485195348729], [0.05037401190025429, 9.273109820528665, 0.08183721069255483], [0.1437485195348729, 0.08183721069255483, 6.889128568845376]]"
1,12,942,As3Ca,As-Ca,4,96.33266001740115,16.011003275760434,"[[16.879224832986353, -0.08804291373825267, -0.010079909247976226], [-0.08804291373825267, 14.302109011854808, -0.26151273683446774], [-0.010079909247976226, -0.26151273683446774, 16.851675982440142]]"
1,12,943,I2N3O7,I-N-O,12,303.48763732686245,2.613880784832313,"[[2.3096594041680953, 0.13265252371141015, -0.041968960902965945], [0.13265252371141015, 3.148750091450312, 0.18915123770472847], [-0.041968960902965945, 0.18915123770472847, 2.3832328588785314]]"
1,12,944,Cu2GeSe3,Cu-Ge-Se,6,108.8828856177912,16.255342085243772,"[[16.594839137120825, 0.15881353463072806, -0.019597416255920354], [0.15881353463072806, 15.636294757427757, 0.5238644658104307], [-0.019597416255920354, 0.5238644658104307, 16.534892361182724]]"
1,12,945,I2P2Zn4,I-P-Zn,8,215.84180049407112,8.78289472170957,"[[9.359694425422285, -0.024219158265883115, 0.26080150211506437], [-0.024219158265883115, 9.386875013989405, 0.15228758843932358], [0.26080150211506437, 0.15228758843932358, 7.602114725717015]]"
1,12,946,Ba4Hg2O6,Ba-Hg-O,12,287.1491519929208,3.9175059198474727,"[[3.7154008622360983, 8.772074933149135e-05, 0.0003274033298929605], [8.772074933149135e-05, 3.7482657630520784, 0.14175918784881492], [0.0003274033298929605, 0.14175918784881492, 4.288851134254243]]"
1,12,947,As15Ba2,As-Ba,17,469.70754835064304,14.802407621717306,"[[16.244202266586598, -0.11526844502384047, -0.28449577941337356], [-0.11526844502384047, 13.738086093340435, -0.6400934917603656], [-0.28449577941337356, -0.6400934917603656, 14.42493450522487]]"
1,12,948,AgCu5Se4,Ag-Cu-Se,10,190.48356540780355,12.055236132448243,"[[11.320740302720411, -0.0006109491393874431, -0.00023642472864567803], [-0.0006109491393874431, 13.312099718445303, -0.0009823127644928958], [-0.00023642472864567803, -0.0009823127644928958, 11.53286837617902]]"
1,12,949,Ca3S8Tm3,Ca-S-Tm,14,333.453231089588,6.178731123989656,"[[6.231426571010607, -0.010315708922734026, -0.0021306982613374455], [-0.010315708922734026, 6.058509272742087, 0.06291569866733179], [-0.0021306982613374455, 0.06291569866733179, 6.246257528216274]]"
1,12,950,Cu2Li6S6Ti,Cu-Li-S-Ti,15,260.0746029393239,6.434035244742954,"[[7.172836346294829, -0.0033485832369791685, 0.0014870264714936304], [-0.0033485832369791685, 5.773508359161656, 0.28506902811104945], [0.0014870264714936304, 0.28506902811104945, 6.3557610287723785]]"
1,12,951,Au5LiSnTe12,Au-Li-Sn-Te,19,603.1147605566006,15.22115862519868,"[[16.349735615670554, -0.4816358349046035, -0.2638510184080675], [-0.4816358349046035, 14.09713624007918, -0.5175140801946306], [-0.2638510184080675, -0.5175140801946306, 15.216604019846308]]"
1,12,952,N2O4Tl4,N-O-Tl,10,248.8926578028296,3.976745830732172,"[[3.9412494664820703, -0.1008182822878741, -0.06008318890882001], [-0.1008182822878741, 4.0812114678413955, 0.21381550191028378], [-0.06008318890882001, 0.21381550191028378, 3.9077765578730497]]"
1,12,953,As4Pb2Sn2,As-Pb-Sn,8,206.79760993496888,19.68407803421629,"[[19.693006648905257, 0.005542633930792312, -0.012737976659298322], [0.005542633930792312, 19.677831502907633, -0.005733346591248744], [-0.012737976659298322, -0.005733346591248744, 19.681395950835995]]"
1,12,954,CaLiP4Si2,Ca-Li-P-Si,8,164.36269726753267,9.24796296460419,"[[9.267724046125094, -0.028048420653674497, -0.03794003677853432], [-0.028048420653674497, 9.243765556607196, -0.06423996413993399], [-0.03794003677853432, -0.06423996413993399, 9.232399291080275]]"
1,12,955,AgCo4Se9,Ag-Co-Se,14,281.2929165869709,13.340522804237438,"[[13.34054187118601, -0.002800018105204919, -0.001565645431326798], [-0.002800018105204919, 13.341186723309157, -0.0023041708704737663], [-0.001565645431326798, -0.0023041708704737663, 13.339839818217156]]"
1,12,956,CsLaSe2,Cs-La-Se,4,147.47069447214892,5.053465232179211,"[[5.350044885396324, -0.04712426558175368, 0.2724281974549364], [-0.04712426558175368, 5.400992454779848, 0.1656827343391966], [0.2724281974549364, 0.1656827343391966, 4.409358356361459]]"
1,12,957,Ba8Bi4,Ba-Bi,12,553.5523422649268,10.435885094670054,"[[10.55530070061027, 2.4917371170459508e-06, -0.00013448270700803413], [2.4917371170459508e-06, 10.435865865477261, -0.00040116980899330696], [-0.00013448270700803413, -0.00040116980899330696, 10.316488717922619]]"
1,12,958,Hg2S4Zn2,Hg-S-Zn,8,187.84879826916668,7.747587685058107,"[[7.8268625570049775, -0.06644875393023537, -0.1211628002471343], [-0.06644875393023537, 7.801034053446997, -0.1488599964425913], [-0.1211628002471343, -0.1488599964425913, 7.614866444722347]]"
1,12,959,LiO7P2Sc,Li-O-P-Sc,11,127.83875605182192,3.097125070396596,"[[3.0018678363476425, -0.06392862195922748, -0.03656613639939267], [-0.06392862195922748, 3.1541877420990447, 0.061196910856161094], [-0.03656613639939267, 0.061196910856161094, 3.1353196327431014]]"
1,12,960,Au2Ba2Li2S4,Au-Ba-Li-S,10,252.06175739691145,5.491085444791622,"[[5.556682907584984, -0.004693077081977614, 0.0047325187213216845], [-0.004693077081977614, 6.160502031606667, -0.04328156863602995], [0.0047325187213216845, -0.04328156863602995, 4.756071395183217]]"
1,12,961,I2In2,I-In,4,209.91874579827268,7.1174318689985325,"[[7.197450568253784, 0.002201333276011243, 0.0016094507724621642], [0.002201333276011243, 7.217894049387738, -0.009535260605814878], [0.0016094507724621642, -0.009535260605814878, 6.936950989354073]]"
1,12,962,N6Zr6,N-Zr,12,150.03544005453622,14.730329953561329,"[[14.74656787772166, 0.0009316932514514487, 2.0561550011550246e-05], [0.0009316932514514487, 14.74737637761511, 0.00020031729436977783], [2.0561550011550246e-05, 0.00020031729436977783, 14.697045605347213]]"
1,12,963,Cu4Ho4S8,Cu-Ho-S,16,295.5497710424912,9.190254933979512,"[[8.580583791926658, 0.16188171335042004, -0.0015871337542064012], [0.16188171335042004, 9.722930570282834, -0.00031705991699221113], [-0.0015871337542064012, -0.00031705991699221113, 9.267250439729045]]"
1,12,964,CMnN2,C-Mn-N,4,47.44900464437936,4.853571626506364,"[[3.797927304780938, 0.2897860970264495, -1.3535072468822191], [0.2897860970264495, 3.512605976432731, -0.8427114292302892], [-1.3535072468822191, -0.8427114292302892, 7.2501815983054225]]"
1,12,965,S4,S,4,103.70150247076192,7.036669930233056,"[[6.082659026891339, 1.6709493147067687, -1.6525476253067453], [1.6709493147067687, 7.858593629129414, 1.1266070429240351], [-1.6525476253067453, 1.1266070429240351, 7.168757134678411]]"
1,12,966,O6RuZn3,O-Ru-Zn,10,109.6513880176101,6.312437686497702,"[[6.305855052203047, 0.00728221034394667, -0.019633974787469546], [0.00728221034394667, 6.300174610164104, -0.013760394406742874], [-0.019633974787469546, -0.013760394406742874, 6.331283397125955]]"
1,12,967,Ca5O2P2,Ca-O-P,9,210.74760243132948,5.762649898461613,"[[6.271808380881612, 0.0012906037263683105, 0.0008962493486876839], [0.0012906037263683105, 5.826234202415149, -0.6112020652068475], [0.0008962493486876839, -0.6112020652068475, 5.189907112088076]]"
1,12,968,AuDy2Rh3Si4,Au-Dy-Rh-Si,10,171.22918892426773,23.404178296515,"[[24.09239633821419, 2.2363675536751123e-05, -0.0005967760509781495], [2.2363675536751123e-05, 24.082006301478298, -5.001650698979634e-05], [-0.0005967760509781495, -5.001650698979634e-05, 22.03813224985249]]"
1,12,969,Hg2S2,Hg-S,4,108.14145423648569,8.894884895089191,"[[8.772995341309628, -0.007541683887806298, -0.00034302617952948033], [-0.007541683887806298, 8.771805789880576, 0.008489170459445083], [-0.00034302617952948033, 0.008489170459445083, 9.139853554077373]]"
1,12,970,Cl4Tl4,Cl-Tl,8,278.09455464913304,4.010372492469358,"[[4.009599842733335, -0.0011350804042995414, 0.000814160524675321], [-0.0011350804042995414, 4.010271001478344, 0.0011747563684683963], [0.000814160524675321, 0.0011747563684683963, 4.011246633196393]]"
1,12,971,Sn7Te9,Sn-Te,16,565.0620128589445,14.934597286643884,"[[15.0649641251656, 0.0003675238621930383, -5.2170851983713014e-05], [0.0003675238621930383, 14.70486044427146, 0.3979527211867532], [-5.2170851983713014e-05, 0.3979527211867532, 15.033967290494592]]"
1,12,972,Cr2Hg2O5Se2,Cr-Hg-O-Se,11,286.5053835917888,4.536489756971847,"[[4.798207171265427, -0.22831791568218554, 0.0790990062044953], [-0.22831791568218554, 4.532152875512816, -0.548901486523228], [0.0790990062044953, -0.548901486523228, 4.279109224137296]]"
1,12,973,Cu2Hg2Rb2Se4,Cu-Hg-Rb-Se,10,310.3135601575589,6.430210290760396,"[[7.3209570472807, 0.0032705226042706453, -0.0009053179072384311], [0.0032705226042706453, 4.984021125403686, -0.13781171782286994], [-0.0009053179072384311, -0.13781171782286994, 6.985652699596798]]"
1,12,974,LiO2Ti,Li-O-Ti,4,36.8355551973651,7.155575028484537,"[[8.498256412309647, -0.24871433823224656, 1.3845461308516391], [-0.24871433823224656, 8.751987652647326, 0.8443531875315549], [1.3845461308516391, 0.8443531875315549, 4.216481020496639]]"
1,12,975,N3NbPr,N-Nb-Pr,5,70.65494796721026,11.271408026082204,"[[11.738530448640622, 6.783496803181286e-07, 0.0006465982335154362], [6.783496803181286e-07, 11.738581298302556, -0.0012424003174198457], [0.0006465982335154362, -0.0012424003174198457, 10.337112331303429]]"
1,12,976,N12Os2W4,N-Os-W,18,315.6556338260505,9.546422668341302,"[[8.938540657819111, -0.2529581225003787, -0.32830612723213776], [-0.2529581225003787, 9.451646099083662, 0.48205466416691534], [-0.32830612723213776, 0.48205466416691534, 10.24908124812114]]"
1,12,977,Li2P2S6,Li-P-S,10,229.1053108649068,5.510355326797412,"[[5.948606471510814, -0.23432482664926194, 0.8213517757564028], [-0.23432482664926194, 6.157590749176743, 0.5410930495695554], [0.8213517757564028, 0.5410930495695554, 4.424868759704674]]"
1,12,978,As2Pd2Se2,As-Pd-Se,6,120.8498925279189,17.662015758862808,"[[18.34162659863817, -0.0006989688153352052, 0.0009061514433603856], [-0.0006989688153352052, 17.39435624344516, -0.001137063035654836], [0.0009061514433603856, -0.001137063035654836, 17.2500644345051]]"
1,12,979,AgPdS2,Ag-Pd-S,4,77.35674334926841,11.985861326366866,"[[12.235576625133278, 0.00011806494011112594, -0.007688125353060359], [0.00011806494011112594, 12.232582032681577, 0.0012743920162412768], [-0.007688125353060359, 0.0012743920162412768, 11.489425321285749]]"
1,12,980,Cr2Cu2Hf2S8,Cr-Cu-Hf-S,14,262.4424985959841,11.638416404711077,"[[11.502370965081893, 0.03991165136712478, -0.12284640460902913], [0.03991165136712478, 11.770286825992262, -0.06759960901669966], [-0.12284640460902913, -0.06759960901669966, 11.642591423059072]]"
1,12,981,BeK2P2,Be-K-P,5,127.76554039650904,5.33321960932862,"[[6.0672446640939555, 0.01146720650930541, -0.298438887353066], [0.01146720650930541, 4.874828908837893, 0.047110331376362675], [-0.298438887353066, 0.047110331376362675, 5.057585255054018]]"
1,12,982,Ca6In2Te8,Ca-In-Te,16,535.4630750824355,8.441935699132365,"[[8.555818026127602, -2.0875866082783272e-05, 0.0002734367233438609], [-2.0875866082783272e-05, 8.555207512405945, -0.00018498949203620764], [0.0002734367233438609, -0.00018498949203620764, 8.214781558863544]]"
1,12,983,Al2BaCuO4Te,Al-Ba-Cu-O-Te,9,187.0063863092153,4.623423246111053,"[[5.338808336912488, 0.010463213754157466, 0.02044658192835387], [0.010463213754157466, 4.869397803638275, -0.6032974084299948], [0.02044658192835387, -0.6032974084299948, 3.6620635977823985]]"
1,12,984,O2S3Tl5,O-S-Tl,10,255.54695518431748,7.928192898637389,"[[7.888802792124008, 0.12003990266916009, -0.09819364154438648], [0.12003990266916009, 7.910684638887307, -0.2849496132841606], [-0.09819364154438648, -0.2849496132841606, 7.985091264900849]]"
1,12,985,Ag2SbSe3,Ag-Sb-Se,6,176.20514781465016,10.37116361960254,"[[11.274617197699413, 0.12556045181581152, -0.3860106228710774], [0.12556045181581152, 9.540991519803208, 0.3389912569773762], [-0.3860106228710774, 0.3389912569773762, 10.297882141304992]]"
1,12,986,CHf8N9,C-Hf-N,18,244.7045643089181,8.69916055227408,"[[8.529701440934998, 7.962347368021194e-05, 5.4473674511180605e-05], [7.962347368021194e-05, 9.14112985269174, -0.2612092324220649], [5.4473674511180605e-05, -0.2612092324220649, 8.426650363195508]]"
1,12,987,AgIrSe2,Ag-Ir-Se,4,92.40700114777658,11.284474645957363,"[[11.671839403873804, -0.04644426959586174, 0.312950543626501], [-0.04644426959586174, 11.719819663199493, 0.18992356467190405], [0.312950543626501, 0.18992356467190405, 10.461764870798799]]"
1,12,988,CuInSe2,Cu-In-Se,4,90.49617887282922,12.677750240333417,"[[13.500755576830983, 5.0107992045559016e-05, -0.0026258249583856587], [5.0107992045559016e-05, 13.5008008378809, 0.010878467752938303], [-0.0026258249583856587, 0.010878467752938303, 11.031694306288358]]"
1,12,989,HI3Te8,H-I-Te,12,443.9077585199252,13.037494651390844,"[[18.76731165815517, 0.007518870707514361, 0.003616790161208257], [0.007518870707514361, 8.416312410107334, -1.8650404006711538], [0.003616790161208257, -1.8650404006711538, 11.928859885910036]]"
1,12,990,As2Cs2S6,As-Cs-S,10,345.90213798249977,4.10990578710648,"[[4.224592397569414, -0.0892388667077853, 0.2693047792154764], [-0.0892388667077853, 4.298948825818868, 0.1763826835152554], [0.2693047792154764, 0.1763826835152554, 3.8061761379311543]]"
1,12,991,MoS6WZn,Mo-S-W-Zn,9,249.88039882877715,6.492865444721393,"[[8.43198123342121, 0.0002934957434777641, 0.013956952692950648], [0.0002934957434777641, 8.431525493363262, -0.019493995984779737], [0.013956952692950648, -0.019493995984779737, 2.6150896073797103]]"
1,12,992,BaS2Sr,Ba-S-Sr,4,123.87456931293188,5.116871116560021,"[[4.995655905280798, 0.019583716461923514, -0.11685716423132697], [0.019583716461923514, 4.975382091563668, -0.07075306046345442], [-0.11685716423132697, -0.07075306046345442, 5.379575352835594]]"
1,12,993,Cu2InSe2,Cu-In-Se,5,103.10795627775772,13.569384612741198,"[[13.651759821408504, -0.016001299409700676, -0.06252311010101674], [-0.016001299409700676, 13.653363435132048, -0.0692697827592693], [-0.06252311010101674, -0.0692697827592693, 13.403030581683051]]"
1,12,994,Au2Ba2K2S4,Au-Ba-K-S,10,309.10266304744886,4.843662992624277,"[[3.7986696560866213, -0.0017441964711022147, 7.402374901605261e-05], [-0.0017441964711022147, 6.326604599726526, -0.001789734485257373], [7.402374901605261e-05, -0.001789734485257373, 4.405714722059688]]"
1,12,995,GeHgKO4,Ge-Hg-K-O,7,128.60743111301915,3.4296878162193365,"[[3.5254530637069297, -0.15515654020165107, -0.15916160788195202], [-0.15515654020165107, 3.390665897658204, -0.24475296088795945], [-0.15916160788195202, -0.24475296088795945, 3.372944487292879]]"
1,12,996,As4Ge2Mg2,As-Ge-Mg,8,207.4210346570171,11.813290841565635,"[[12.176939517440841, -0.00023330217614894483, 0.00034751539270062127], [-0.00023330217614894483, 11.640159808010582, 0.000575411259720655], [0.00034751539270062127, 0.000575411259720655, 11.622773199245485]]"
1,12,997,P4S8,P-S,12,360.5486796227093,4.2295519598256535,"[[5.060522888528523, -0.06781323676034896, -0.012792816469875633], [-0.06781323676034896, 4.1571467246852105, -0.8800034778525323], [-0.012792816469875633, -0.8800034778525323, 3.470986266263229]]"
1,12,998,As2BaSr2,As-Ba-Sr,5,180.4070083229156,9.209557702571674,"[[9.297900942791149, -0.0008785885856293138, 0.0005809756057672886], [-0.0008785885856293138, 9.297555444861047, 0.0002706358352571887], [0.0005809756057672886, 0.0002706358352571887, 9.033216720062818]]"
1,12,999,Mo2Te8W2,Mo-Te-W,12,569.0310795876389,10.930969150104064,"[[14.170481900653941, 0.00026316975871154433, -0.03564401859083285], [0.00026316975871154433, 14.170327204886116, -0.045991939220036346], [-0.03564401859083285, -0.045991939220036346, 4.452098344772138]]"
1,12,1000,CsLa4Sb3Se10,Cs-La-Sb-Se,18,573.8258617893601,9.487814472099952,"[[9.24142811198516, -0.3808241725220152, 0.1829751327879931], [-0.3808241725220152, 9.034889930765296, 0.9015919264182826], [0.1829751327879931, 0.9015919264182826, 10.187125373549398]]"
1,12,1001,In2La2O6Sr6,In-La-O-Sr,16,369.0577524948336,6.130614411182528,"[[5.9703283681760375, 0.0006372721525979351, 0.0017809542038347624], [0.0006372721525979351, 6.781611705993131, -0.00023154860030566576], [0.0017809542038347624, -0.00023154860030566576, 5.639903159378411]]"
1,12,1002,Au5Hg3S8,Au-Hg-S,16,473.1642563126794,6.039113773825658,"[[7.427307714629179, -0.23594370000211903, 2.0240466864449207], [-0.23594370000211903, 7.01578862869864, 0.5568654437948244], [2.0240466864449207, 0.5568654437948244, 3.674244978149153]]"
1,12,1003,Ag3K4LiS4,Ag-K-Li-S,12,289.6551168326852,5.737118440033936,"[[6.164392908836517, -0.24085082880334607, -0.5446433861945192], [-0.24085082880334607, 6.091292651141194, -0.6336304072360659], [-0.5446433861945192, -0.6336304072360659, 4.955669760124099]]"
1,12,1004,HgNd3,Hg-Nd,4,122.9135649194728,11.946121810420363,"[[12.15520018579131, 0.009515456044351155, -0.1365060790894261], [0.009515456044351155, 11.792188736064633, 0.02275383417978779], [-0.1365060790894261, 0.02275383417978779, 11.890976509405155]]"
1,12,1005,Ag2SbTe3,Ag-Sb-Te,6,166.2519949522355,17.187765293652784,"[[17.21940146407555, 0.08371065713389356, 0.058222154804651975], [0.08371065713389356, 16.949620425671018, 0.27464263362753044], [0.058222154804651975, 0.27464263362753044, 17.394273991211787]]"
1,12,1006,Br6HfI2Tl3,Br-Hf-I-Tl,12,558.9598741929098,4.277407723977777,"[[3.768137608059654, -0.27456388369176005, -0.521049468924141], [-0.27456388369176005, 4.378255260583032, 0.23593142628047195], [-0.521049468924141, 0.23593142628047195, 4.6858303032906425]]"
1,12,1007,P5Ti4Yb,P-Ti-Yb,10,169.34467226647158,14.333277435648574,"[[14.80863750251373, -0.000626545358756114, 7.054526606418534e-05], [-0.000626545358756114, 14.80816409177295, -0.0005635270003522836], [7.054526606418534e-05, -0.0005635270003522836, 13.383030712659036]]"
1,12,1008,Cu3NaSe5Tl3,Cu-Na-Se-Tl,12,290.2188194692624,10.97778066179404,"[[11.193348090640619, 0.0006000808915816665, -0.0018610350121949562], [0.0006000808915816665, 10.888975065931135, -0.10565083689234792], [-0.0018610350121949562, -0.10565083689234792, 10.851018828810368]]"
1,12,1009,Bi4Te6Y8,Bi-Te-Y,18,609.6899602937805,13.036360151947704,"[[13.273407504198513, -0.0007160253143669665, 0.0018141719865917404], [-0.0007160253143669665, 12.777907500342593, 0.09493387674432231], [0.0018141719865917404, 0.09493387674432231, 13.057765451302]]"
1,12,1010,GeHg2Se3,Ge-Hg-Se,6,187.5539990553881,10.8666906131188,"[[10.76424277225696, 0.020536505484381573, 0.07900912409505792], [0.020536505484381573, 10.75292246018589, 0.08880792623856884], [0.07900912409505792, 0.08880792623856884, 11.082906606913554]]"
1,12,1011,Cu2Nd2P4Pd2,Cu-Nd-P-Pd,10,167.7246354241037,17.87771958989794,"[[18.740010064950383, -0.09979211083862229, -0.5067282197026839], [-0.09979211083862229, 18.731420025455908, -0.526788280952275], [-0.5067282197026839, -0.526788280952275, 16.16172867928752]]"
1,12,1012,CuRhS2,Cu-Rh-S,4,74.0245145363836,13.540344433169215,"[[14.15994868556375, -0.0879940220709875, 0.5520536708154223], [-0.0879940220709875, 14.254362436409586, 0.33102600967547074], [0.5520536708154223, 0.33102600967547074, 12.206722177534312]]"
1,12,1013,HRhS2,H-Rh-S,4,71.89645918382199,8.234354840355982,"[[11.277676352870383, -8.104689938212392e-05, 0.005331725203738933], [-8.104689938212392e-05, 11.27937941001899, -0.014887029209857744], [0.005331725203738933, -0.014887029209857744, 2.1460087581785703]]"
1,12,1014,NPb,N-Pb,2,34.014345735304744,15.05234570455786,"[[15.056600387993802, -0.001609291510005225, -0.009234134332830423], [-0.001609291510005225, 15.055174491580757, -0.0005689750393156905], [-0.009234134332830423, -0.0005689750393156905, 15.045262234099011]]"
1,12,1015,AsO2SeW2,As-O-Se-W,6,120.02785994400628,8.298942871205261,"[[9.511180021491931, 0.00016517106007853523, 0.021210302671533357], [0.00016517106007853523, 9.510321955764585, -0.0018651962913053173], [0.021210302671533357, -0.0018651962913053173, 5.875326636359269]]"
1,12,1016,Bi7KTe8,Bi-K-Te,16,616.3626808301233,14.413683501707782,"[[15.959355631210501, -0.006232978002896309, 0.00029655797255463353], [-0.006232978002896309, 13.442726319489939, 0.8736952362569144], [0.00029655797255463353, 0.8736952362569144, 13.838968554422907]]"
1,12,1017,Au2Se4Sn2Tl2,Au-Se-Sn-Tl,10,311.10498612376784,11.58906817898631,"[[10.202050805588788, 0.02032460018732688, -2.2245520538379395], [0.02032460018732688, 11.783432808494675, 0.023710925177798405], [-2.2245520538379395, 0.023710925177798405, 12.781720922875474]]"
1,12,1018,Cd2S6Zn4,Cd-S-Zn,12,264.7181761712406,6.044050802356232,"[[6.003370788945587, 0.00015436055951414566, 5.724065315152077e-05], [0.00015436055951414566, 6.041615907530515, -0.00033348415525970466], [5.724065315152077e-05, -0.00033348415525970466, 6.087165710592594]]"
1,12,1019,Au2Na2P4,Au-Na-P,8,180.3951933732873,10.593608364795411,"[[9.204832648019824, -0.04828086424975245, 4.0226765724907985], [-0.04828086424975245, 13.832790248772621, 0.05169049859470977], [4.0226765724907985, 0.05169049859470977, 8.743202197593774]]"
1,12,1020,As4BaO8,As-Ba-O,13,232.46480600223663,3.337146082372295,"[[3.2342202172798435, 0.055149192711154274, 0.052104120941767224], [0.055149192711154274, 3.511366847452226, -0.4178159847765611], [0.052104120941767224, -0.4178159847765611, 3.265851182384816]]"
1,12,1021,B2Ca4N4,B-Ca-N,10,189.1805288512224,3.681519246031343,"[[3.4587920318421514, 1.3127252061132706e-05, 0.0009515958091927009], [1.3127252061132706e-05, 3.446561292854182, 0.0009429459738761615], [0.0009515958091927009, 0.0009429459738761615, 4.139204413397693]]"
1,12,1022,O8ReSc3,O-Re-Sc,12,144.48038404127874,5.271785020225342,"[[5.424391597328367, 0.021052233119985782, -0.0018141818211164112], [0.021052233119985782, 5.31646730597525, -0.000514663303483952], [-0.0018141818211164112, -0.000514663303483952, 5.074496157372409]]"
1,12,1023,Rb2Se6Sn5,Rb-Se-Sn,13,435.0600944815545,9.613839364051676,"[[10.612058366223206, 0.00046845789515873065, -0.0005391561556028761], [0.00046845789515873065, 8.872049107229257, -0.7509324271409106], [-0.0005391561556028761, -0.7509324271409106, 9.357410618702563]]"
2,2,1024,BeF4Mg,Be-F-Mg,6,62.40956677731694,2.078531363947585,"[[2.1384566257781406, -0.010670795116376247, 0.0004067390627305513], [-0.010670795116376247, 1.9632390784929414, 0.0003755271822861542], [0.0004067390627305513, 0.0003755271822861542, 2.133898387571674]]"
2,2,1025,B2K4O6,B-K-O,12,212.1361114732788,2.496430416479364,"[[2.559644454818808, -0.0007979548828836896, 4.238260899853341e-05], [-0.0007979548828836896, 2.558656111745393, 0.00027470835137619623], [4.238260899853341e-05, 0.00027470835137619623, 2.370990682873889]]"
2,2,1026,BaF6La,Ba-F-La,8,241.25528688484613,1.913185059944177,"[[1.9129660991525188, 0.000262974379963016, 0.0001104023789634081], [0.000262974379963016, 1.913347431422793, 8.748999087720859e-05], [0.0001104023789634081, 8.748999087720859e-05, 1.9132416492572213]]"
2,2,1027,F14I2,F-I,16,278.9804709297336,1.948835451633784,"[[1.9754716968808739, 0.001249398913136875, 0.00018648830468000465], [0.001249398913136875, 1.8819635967094759, 7.401998635117916e-05], [0.00018648830468000465, 7.401998635117916e-05, 1.9890710613110023]]"
2,2,1028,H8O4,H-O,12,116.57930002180942,2.047091789962181,"[[2.055217203895243, 0.0023756414778083033, 0.0004458263277881067], [0.0023756414778083033, 2.042687570489588, 0.0011481416552854458], [0.0004458263277881067, 0.0011481416552854458, 2.0433705955017145]]"
2,2,1029,CH4,C-H,5,52.772131837059696,1.7669237517177427,"[[1.767472132338567, -0.004822255863473886, 0.004729790166734635], [-0.004822255863473886, 1.7626678447495596, -0.0010523683666395199], [0.004729790166734635, -0.0010523683666395199, 1.770631278065102]]"
2,2,1030,CdF6Ge,Cd-F-Ge,8,110.82605515873118,2.203309613886461,"[[2.2199439004678316, -0.0024375134679138796, 0.0011505962880964497], [-0.0024375134679138796, 2.21548328492298, 0.00036067250988610353], [0.0011505962880964497, 0.00036067250988610353, 2.1745016562685704]]"
2,2,1031,H2K2,H-K,4,239.606222603323,2.022882775884915,"[[2.0163730138432325, 0.0007457358500102658, -0.001937072929911099], [0.0007457358500102658, 2.0160739405453243, -0.0002182601368113516], [-0.001937072929911099, -0.0002182601368113516, 2.0362013732661866]]"
2,2,1032,Cl14K2,Cl-K,16,529.3753858896634,2.878770755277239,"[[2.331592587877288, -0.007460329730087356, 0.31127714875871443], [-0.007460329730087356, 3.059951117460097, 0.20299195536386053], [0.31127714875871443, 0.20299195536386053, 3.2447685604943315]]"
2,2,1033,Cl10O5W3,Cl-O-W,18,834.7685554590838,2.0312073440657663,"[[1.955449030113162, 0.177932037351277, 0.2057255841397513], [0.177932037351277, 1.8759541240180173, 0.11203328349473991], [0.2057255841397513, 0.11203328349473991, 2.2622188780661197]]"
2,2,1034,CrF6LiTl,Cr-F-Li-Tl,9,146.7910001383533,2.706272681943544,"[[2.7092916052047133, 0.002346805411995515, 0.00013247892972325682], [0.002346805411995515, 2.7105480687460988, -5.8141503903382174e-05], [0.00013247892972325682, -5.8141503903382174e-05, 2.6989783718798206]]"
2,2,1035,AuF7,Au-F,8,129.17148925726727,2.624176521008262,"[[2.633715518254442, -0.0971572565429335, 0.006738477610713031], [-0.0971572565429335, 2.6883134717240513, 0.006926613283176265], [0.006738477610713031, 0.006926613283176265, 2.550500573046294]]"
2,2,1036,F12Sb3,F-Sb,15,263.2282100364245,2.142368592884014,"[[2.105255274610403, -0.025389633817169743, -0.010269404921998473], [-0.025389633817169743, 2.191627065412488, -0.03727963591508453], [-0.010269404921998473, -0.03727963591508453, 2.130223438629152]]"
2,2,1037,Co4F8,Co-F,12,145.1479655856866,2.352553094328322,"[[2.420634555821717, 0.002221442939494671, 0.0013373572581677564], [0.002221442939494671, 2.1037017597884646, 0.002726258557779137], [0.0013373572581677564, 0.002726258557779137, 2.533322967374786]]"
2,2,1038,H10O5,H-O,15,133.2845324732506,2.1237180149927783,"[[2.1441643410563342, -0.025526676365484335, -0.01815237082743903], [-0.025526676365484335, 2.1155485640209744, 0.024104503089668477], [-0.01815237082743903, 0.024104503089668477, 2.1114411399010287]]"
2,2,1039,H12O6,H-O,18,144.43562608232708,2.232547714314293,"[[2.225178580450786, -0.0008422323015603154, -0.022227083429722096], [-0.0008422323015603154, 2.2541475417092016, -0.06074482652056276], [-0.022227083429722096, -0.06074482652056276, 2.2183170207828904]]"
2,2,1040,F4,F,4,93.18984817096629,2.3693287328600428,"[[2.208219152901468, -0.03771172412316784, 0.07689653343719373], [-0.03771172412316784, 2.2579467678385154, 0.030728984937822914], [0.07689653343719373, 0.030728984937822914, 2.641820277840144]]"
2,2,1041,Be4F14Sr2,Be-F-Sr,20,283.83992916910915,1.9786875618987596,"[[1.9801354918428629, -0.03196764608988217, -0.13495536166263744], [-0.03196764608988217, 1.9822799339072448, -0.040181253001233555], [-0.13495536166263744, -0.040181253001233555, 1.9736472599461694]]"
2,2,1042,BiCrF6,Bi-Cr-F,8,123.14834808360229,2.873513300340013,"[[2.8396034309761378, -0.0006320811891836668, 0.0017319081596024665], [-0.0006320811891836668, 2.838152525047073, -0.0008149791410139377], [0.0017319081596024665, -0.0008149791410139377, 2.9427839449968287]]"
2,2,1043,F4Li2Mn,F-Li-Mn,7,89.42416357801348,1.71838680962109,"[[1.8250984282838931, 0.023113432039587902, -0.04646054886977587], [0.023113432039587902, 1.6456000453686805, 0.07043252617328727], [-0.04646054886977587, 0.07043252617328727, 1.6844619552106963]]"
2,2,1044,CCl2Mg,C-Cl-Mg,4,88.88071691750726,3.245761231867107,"[[3.5632557385377424, -0.0005960322764660839, 0.005341061603450416], [-0.0005960322764660839, 3.5600414773453344, 0.0014381118028935597], [0.005341061603450416, 0.0014381118028935597, 2.6139864797182457]]"
2,2,1045,H3Cl5,Cl-H,8,232.1214197338305,2.2136488784432267,"[[2.104384735569534, -0.10292868224836096, 0.11169539736497487], [-0.10292868224836096, 2.0864446831827648, -0.24277284420658324], [0.11169539736497487, -0.24277284420658324, 2.45011721657738]]"
2,2,1046,F7I2,F-I,9,248.71149243670507,2.152987982083668,"[[1.9932767003954066, 0.027614772278278025, 0.10805563343459083], [0.027614772278278025, 2.0968366496010513, -0.35718163663115465], [0.10805563343459083, -0.35718163663115465, 2.368850596254545]]"
2,2,1047,F4O,F-O,5,84.80820074495335,3.113213318703695,"[[2.5320014746006607, 0.1514823393676287, -0.5097636344813263], [0.1514823393676287, 2.6233333626124504, -0.9088181687783398], [-0.5097636344813263, -0.9088181687783398, 4.184305118897972]]"
2,2,1048,Cs3F6Si,Cs-F-Si,10,227.18246576350643,2.079249322350413,"[[2.0787231118051013, -2.5045852692480175e-06, -0.0020591212355054243], [-2.5045852692480175e-06, 2.0803670326084, -0.0014801362011585134], [-0.0020591212355054243, -0.0014801362011585134, 2.078657822637738]]"
2,2,1049,BrClRb2,Br-Cl-Rb,4,162.48533448465585,2.4286151614093883,"[[2.4362007567636974, -4.338317570402855e-05, 7.567905550261199e-05], [-4.338317570402855e-05, 2.436258115747186, 0.00013661694240642673], [7.567905550261199e-05, 0.00013661694240642673, 2.4133866117172804]]"
2,2,1050,Cl6Li6,Cl-Li,12,257.801841996442,2.4785454081738907,"[[2.373889167627335, -0.0003466811704052686, 0.00024839891644111103], [-0.0003466811704052686, 2.3730543685441323, 0.00021525332478979035], [0.00024839891644111103, 0.00021525332478979035, 2.6886926883502063]]"
2,2,1051,H3ORb2,H-O-Rb,6,232.77895678094112,2.065153970604028,"[[1.9472062259477105, -0.015235160543325502, -0.02179516347399793], [-0.015235160543325502, 2.159212625125463, -0.0005013517679245203], [-0.02179516347399793, -0.0005013517679245203, 2.0890430607389083]]"
2,2,1052,Cl3F9,Cl-F,12,225.4084193979334,2.374751364739508,"[[2.4246501854887392, 0.009732334375185033, 0.1546633709128293], [0.009732334375185033, 2.9015180487702197, 0.07892721903795337], [0.1546633709128293, 0.07892721903795337, 1.798085859959565]]"
2,2,1053,HBrCdS,Br-Cd-H-S,4,111.18581659006952,3.2245246502564355,"[[3.22533168054789, 0.002169557363269004, -0.12162352529602065], [0.002169557363269004, 3.3592542373241554, -0.00022132172233156928], [-0.12162352529602065, -0.00022132172233156928, 3.0889880328972636]]"
2,2,1054,H4F8,F-H,12,137.46435031121032,2.15558876353881,"[[2.2167124467804764, -0.12265475322781046, 0.0456656944160851], [-0.12265475322781046, 2.10476131034835, -0.06618543127975547], [0.0456656944160851, -0.06618543127975547, 2.1452925334876034]]"
2,2,1055,H4O2,H-O,6,50.20733834120313,2.204390282537759,"[[2.3081175687071793, -0.04508086038634703, -0.00034802638321540725], [-0.04508086038634703, 2.336070962826177, 0.00010928433377016631], [-0.00034802638321540725, 0.00010928433377016631, 1.9689823160799234]]"
2,2,1056,H17Cs2Zn,Cs-H-Zn,20,351.46934100262536,1.6188378642848529,"[[1.7168251883753314, -0.007859338434627067, 0.018861582489706444], [-0.007859338434627067, 1.7050316532780454, -0.013469983643524542], [0.018861582489706444, -0.013469983643524542, 1.434656751201183]]"
2,2,1057,H2Cl8Ti,Cl-H-Ti,11,530.7593383222984,1.8670827557029528,"[[1.9702673783063203, -0.3017187973187001, -0.10209445650662465], [-0.3017187973187001, 1.9382543374987966, 0.15825840627897936], [-0.10209445650662465, 0.15825840627897936, 1.692726551303743]]"
2,2,1058,H6B2ORb2,B-H-O-Rb,11,192.8299668871158,2.016020478380798,"[[2.0880232339712443, -0.03145884692519565, 0.01008174285255715], [-0.03145884692519565, 1.9920300396256596, 0.007851038251333072], [0.01008174285255715, 0.007851038251333072, 1.9680081615454899]]"
2,2,1059,H4Cl4,Cl-H,8,204.0940301113467,2.2248709841683034,"[[2.2744959043063697, -0.0010706547176065333, -0.0004305808097796279], [-0.0010706547176065333, 2.403387271570673, -0.00326120095279341], [-0.0004305808097796279, -0.00326120095279341, 1.9967297766278695]]"
2,2,1060,H4F6Na2,F-H-Na,12,129.06087172122574,1.8118194886004584,"[[1.8095761056244797, 0.0011818994068809963, 0.02039962216665796], [0.0011818994068809963, 1.8986558082704295, 0.09623500734838154], [0.02039962216665796, 0.09623500734838154, 1.7272265519064653]]"
2,2,1061,H6F2P2,F-H-P,10,171.4240024131956,2.101189142138553,"[[2.1245289401625826, -0.0005731141216384539, 0.00023757888280809657], [-0.0005731141216384539, 2.001945137555928, 0.0016696616422486256], [0.00023757888280809657, 0.0016696616422486256, 2.177093348697149]]"
2,2,1062,H6MnSi,H-Mn-Si,8,75.25212469867895,4.342444105709344,"[[4.34072231723779, 0.0020979879980036666, -0.005516832876572309], [0.0020979879980036666, 4.339164294312785, -0.0037992779356036087], [-0.005516832876572309, -0.0037992779356036087, 4.347445705577459]]"
2,2,1063,H2AsBr,As-Br-H,4,111.62311426920824,4.718265353146146,"[[3.491216757970006, -0.6773679885130969, 0.43386487788262196], [-0.6773679885130969, 6.280161819116572, -1.6875247412541257], [0.43386487788262196, -1.6875247412541257, 4.383417482351863]]"
2,2,1064,F8,F,8,125.37473018181755,3.3701753479822467,"[[3.024057345837836, 0.0031099925842275372, -0.0023941311968431554], [0.0031099925842275372, 3.4975428896386207, -0.2944045894814531], [-0.0023941311968431554, -0.2944045894814531, 3.5889258084702846]]"
2,2,1065,H7ClO3,Cl-H-O,11,147.301557815665,2.0026136357222177,"[[2.1557682045356965, 0.007624753131598217, -0.008451329151551263], [0.007624753131598217, 1.9002173059644418, -0.12501140489943957], [-0.008451329151551263, -0.12501140489943957, 1.9518553966665135]]"
2,2,1066,H6Cl4,Cl-H,10,458.8482346278476,1.2220857970331958,"[[1.073088254773666, 0.0005424253182126134, 0.0008426967546003716], [0.0005424253182126134, 1.1788600580597512, 0.18976980154436257], [0.0008426967546003716, 0.18976980154436257, 1.4143090782661711]]"
2,2,1067,BiF8K2Rb,Bi-F-K-Rb,12,258.9963667931312,2.0060957492573506,"[[2.174543264254694, -0.08304382785728384, 0.0005800834197671451], [-0.08304382785728384, 1.8605068741424675, 0.0013567299942785279], [0.0005800834197671451, 0.0013567299942785279, 1.983237109374891]]"
2,2,1068,F6FeK2,F-Fe-K,9,145.1224833427993,2.095258508282805,"[[2.095017049658144, -0.0001672269486715352, 0.0001667437290877938], [-0.0001672269486715352, 2.095406615944196, -9.775788986779514e-05], [0.0001667437290877938, -9.775788986779514e-05, 2.095351859246074]]"
2,2,1069,H3O,H-O,4,156.9450108457272,1.197574462530125,"[[1.1996521728620149, 0.027154858822083874, -0.030019724161075408], [0.027154858822083874, 1.1995835570179323, 0.030044970776981417], [-0.030019724161075408, 0.030044970776981417, 1.193487657710428]]"
2,2,1070,Cd2F6MgNa,Cd-F-Mg-Na,10,148.37034480251853,2.3644218693939107,"[[2.3697437980682086, -0.0060334403553416235, 0.016142776897448467], [-0.0060334403553416235, 2.3744746862598882, 0.011219415378713193], [0.016142776897448467, 0.011219415378713193, 2.3490471238536363]]"
2,2,1071,B2BaF8,B-Ba-F,11,167.09975355208005,1.9830316610810013,"[[1.9185133921721698, 0.05942475211150407, 0.06441008129655652], [0.05942475211150407, 1.9797103343776323, 0.02220750512374805], [0.06441008129655652, 0.02220750512374805, 2.0508712566932026]]"
2,2,1072,CH3,C-H,4,113.75994623638032,1.4205561163717615,"[[1.3769995667599861, 0.02524896137214791, -0.15363024341201567], [0.02524896137214791, 1.52325660383149, 0.025982532092513014], [-0.15363024341201567, 0.025982532092513014, 1.3614121785238091]]"
2,2,1073,H6Hg,H-Hg,7,210.12378586172588,1.434573795491861,"[[3.0714197326369708, -0.04814891280675745, -0.06080419303275377], [-0.04814891280675745, 0.614660873554879, -0.0036700024869272124], [-0.06080419303275377, -0.0036700024869272124, 0.617640780283733]]"
2,2,1074,BFS,B-F-S,3,67.90095135238525,3.230269942531306,"[[2.4823518633325645, 0.07262268606485597, -0.4674311500426708], [0.07262268606485597, 4.909551238062177, 0.07849843430194373], [-0.4674311500426708, 0.07849843430194373, 2.2989067261991782]]"
2,2,1075,FNO,F-N-O,3,60.64659156918035,1.8572336258446895,"[[1.876686816311358, -0.16321033915049635, -0.5121766969424526], [-0.16321033915049635, 1.5098021820558043, 0.1612457715570625], [-0.5121766969424526, 0.1612457715570625, 2.1852118791669066]]"
2,2,1076,Br6HfRb2,Br-Hf-Rb,9,331.83061338423124,3.234155037808483,"[[3.2338619563637026, 0.0004367002380559416, 0.0008519417750153525], [0.0004367002380559416, 3.234203712889607, 0.0006813779131008579], [0.0008519417750153525, 0.0006813779131008579, 3.2343994441721384]]"
2,2,1077,H4Ca2,Ca-H,6,78.74107220262133,4.462474615841294,"[[4.4625204882097895, 1.627504633288694e-05, 0.00020119942034242644], [1.627504633288694e-05, 4.462349602243187, 0.00012479415966950568], [0.00020119942034242644, 0.00012479415966950568, 4.462553757070901]]"
2,2,1078,HNiO2,H-Ni-O,4,33.34048685496827,5.758467149095442,"[[7.334541499293517, 0.15877596025767293, 0.9303082084127189], [0.15877596025767293, 5.068373093279037, -0.45846381152854165], [0.9303082084127189, -0.45846381152854165, 4.872486854713773]]"
2,2,1079,F4K2Mn,F-K-Mn,7,121.83189519313746,2.0528716794732667,"[[2.1146998364932, -0.01987316597274812, -0.06021204618230761], [-0.01987316597274812, 2.1108883012228414, -0.06613947977341858], [-0.06021204618230761, -0.06613947977341858, 1.9330269007037566]]"
2,2,1080,H3P,H-P,4,73.11767009900878,3.112392084501901,"[[3.2268862859484915, 0.004024593909338148, -0.0020124055458359243], [0.004024593909338148, 3.228515160196941, -0.002555126747122786], [-0.0020124055458359243, -0.002555126747122786, 2.8817748073602707]]"
2,2,1081,C2Ca2O6,C-Ca-O,10,127.06174914345544,2.5691007546411053,"[[2.7260729042604135, -0.0787851807514491, -0.28460332790295245], [-0.0787851807514491, 2.7999560940934516, -0.1827163072453588], [-0.28460332790295245, -0.1827163072453588, 2.181273265569452]]"
2,2,1082,F4O4Si3,F-O-Si,11,175.48512718058248,2.231023117503762,"[[2.260028193674552, -0.02915066937900538, -0.015591541471181615], [-0.02915066937900538, 2.2601953848672154, 0.015662696022564846], [-0.015591541471181615, 0.015662696022564846, 2.1728457739695175]]"
2,2,1083,H3Mg,H-Mg,4,53.4259101561197,2.7950319514972084,"[[2.795032469977651, 0.00017421764061492488, -0.0002708641640453084], [0.00017421764061492488, 2.795014871665174, -7.005884538822051e-05], [-0.0002708641640453084, -7.005884538822051e-05, 2.7950485128488016]]"
2,2,1084,AuF5Rb2,Au-F-Rb,8,174.51502702022063,2.1640262395311134,"[[2.213056275335341, 0.06900186931853183, 0.08420894927203071], [0.06900186931853183, 2.1672276807411768, -0.12204309382281021], [0.08420894927203071, -0.12204309382281021, 2.1117947625168227]]"
2,2,1085,H4O2,H-O,6,41.97690797536836,2.4614947569324017,"[[2.386393521530574, 0.0016601893836629832, -0.0019148891757607175], [0.0016601893836629832, 2.4989520415625575, 9.143982331829596e-05], [-0.0019148891757607175, 9.143982331829596e-05, 2.4991387077040756]]"
2,2,1086,Li6N2,Li-N,8,89.05506907622481,6.34147784409421,"[[6.48788747607176, 0.0017850393131416738, -0.0027467982036346868], [0.0017850393131416738, 6.059321846273111, 0.00015585896319726894], [-0.0027467982036346868, 0.00015585896319726894, 6.4772242099377575]]"
2,2,1087,F8Ru2,F-Ru,10,151.40341825326456,4.327636603803032,"[[3.0429421208751237, -0.6638549591561137, 0.09635027716544145], [-0.6638549591561137, 5.710078728055357, -1.6129477875649154], [0.09635027716544145, -1.6129477875649154, 4.229888962478616]]"
2,2,1088,H13B3,B-H,16,367.2807765501568,1.3026557532533436,"[[1.2879800619143251, 0.009096482417924694, -0.0230757525178926], [0.009096482417924694, 1.2939035543616793, -0.026169060877438675], [-0.0230757525178926, -0.026169060877438675, 1.3260836434840264]]"
2,2,1089,F6LiV,F-Li-V,8,110.4684375013885,2.13386573961509,"[[2.163996830326956, -0.027643067719913886, 0.045024771600458], [-0.027643067719913886, 2.1586005775783206, 0.02652112998336305], [0.045024771600458, 0.02652112998336305, 2.0789998109399943]]"
2,2,1090,CaF6Pd,Ca-F-Pd,8,126.22483323969996,2.6912358725225984,"[[2.6691612919935213, 0.021677714348787985, -0.05720949080423232], [0.021677714348787985, 2.655068263544826, -0.03868662071438569], [-0.05720949080423232, -0.03868662071438569, 2.7494780620294503]]"
2,2,1091,Hg2PRb2Se6,Hg-P-Rb-Se,11,393.9912564267293,5.153106943428583,"[[4.802985961679512, -1.4097556649841565, -0.49912161576521147], [-1.4097556649841565, 5.417530474188358, 0.5118569992512261], [-0.49912161576521147, 0.5118569992512261, 5.238804394417879]]"
2,2,1092,H6F11V,F-H-V,18,237.22001255276805,1.8639610707532115,"[[1.9293931798684583, -0.021847296509239226, 0.04642309856040255], [-0.021847296509239226, 1.7358955671806668, -0.022233798317124104], [0.04642309856040255, -0.022233798317124104, 1.9265944652105091]]"
2,2,1093,CdF4Li,Cd-F-Li,6,74.38093910049581,2.3016056338619024,"[[2.3313047168394436, -1.146472555363327e-05, 0.0006697084351303876], [-1.146472555363327e-05, 2.330825461020775, 5.9800650286958426e-05], [0.0006697084351303876, 5.9800650286958426e-05, 2.2426867237254906]]"
2,2,1094,H3Ni,H-Ni,4,31.54000001843757,4.165435987680263,"[[4.165710206268475, 0.0012007297976168287, 0.0015955380727090654], [0.0012007297976168287, 4.164570246184731, 0.0005145758748596392], [0.0015955380727090654, 0.0005145758748596392, 4.166027510587588]]"
2,2,1095,HORb,H-O-Rb,3,53.4326135229917,2.7658663159588266,"[[2.754081342989673, -0.0008975869773319455, -0.004622024964849437], [-0.0008975869773319455, 2.783468601003229, 0.0012035402902723054], [-0.004622024964849437, 0.0012035402902723054, 2.760049003883577]]"
2,2,1096,H10NaOs,H-Na-Os,12,277.8278832161138,1.840201901111464,"[[1.6869724406893503, 0.03371558059451833, 0.005186291136004017], [0.03371558059451833, 1.7373100310029033, -0.0016523828427902373], [0.005186291136004017, -0.0016523828427902373, 2.0963232316421356]]"
2,2,1097,HO9S2,H-O-S,12,382.34831371820616,1.7872805301858925,"[[2.0111027424586947, -0.09291258058586664, -0.05610295471489617], [-0.09291258058586664, 1.682912239936871, 0.04989409131841523], [-0.05610295471489617, 0.04989409131841523, 1.6678266081621114]]"
2,2,1098,H6O2,H-O,8,66.98127315405341,1.810934439124859,"[[1.8205764304803218, 0.0001732337350440123, -0.0010348877271640633], [0.0001732337350440123, 1.8070378182780762, 0.010875738055761395], [-0.0010348877271640633, 0.010875738055761395, 1.80518906861618]]"
2,2,1099,F8Hg4,F-Hg,12,187.1376747643617,3.824667053206366,"[[3.8034086358304195, -0.0006399748938252788, 0.00848160132951659], [-0.0006399748938252788, 3.7722890062016154, -0.010984708345769012], [0.00848160132951659, -0.010984708345769012, 3.8983035175870615]]"
2,2,1100,H3B,B-H,4,36.89381085752613,2.0522605747189013,"[[2.5213447615145714, 0.008866902425322475, -0.2133950421722697], [0.008866902425322475, 1.8611950729052171, 0.03790995191041777], [-0.2133950421722697, 0.03790995191041777, 1.7742418897369143]]"
2,2,1101,Cl2K2MgO5P2,Cl-K-Mg-O-P,12,255.4437619353776,2.363135433649656,"[[2.1668127716802457, -0.017271407165544397, 0.0106252353225297], [-0.017271407165544397, 2.4459209410008427, 0.1387279721331479], [0.0106252353225297, 0.1387279721331479, 2.4766725882678764]]"
2,2,1102,F8Li2O2,F-Li-O,12,149.60292372401793,3.257496944430399,"[[1.997458311178132, -0.03487145595165243, -0.27437244901039676], [-0.03487145595165243, 3.943644805453761, -0.6264593267952066], [-0.27437244901039676, -0.6264593267952066, 3.8313877166593064]]"
2,2,1103,H10FN2O2,F-H-N-O,15,128.6552458198621,2.1879329731209585,"[[2.178954256686018, 0.05659057084488077, 0.02011769172636413], [0.05659057084488077, 2.142256618110443, 0.03769845709408255], [0.02011769172636413, 0.03769845709408255, 2.2425880445664155]]"
2,2,1104,H8,H,8,134.59949697539042,0.5947347975603005,"[[0.5948907390249832, -0.0018438025806125071, -0.002256261360732563], [-0.0018438025806125071, 0.5988027800398275, -0.005037973669473032], [-0.002256261360732563, -0.005037973669473032, 0.5905108736160906]]"
2,2,1105,F6LiTa,F-Li-Ta,8,125.7243831547862,2.0683401260805465,"[[2.068408189949296, 4.9563281352950525e-06, -0.00014215454960145887], [4.9563281352950525e-06, 2.068156640015068, -0.00013931718147267494], [-0.00014215454960145887, -0.00013931718147267494, 2.068455548277278]]"
2,2,1106,H6Pt2,H-Pt,8,79.60987669310936,7.169457504621622,"[[7.170929452673205, -0.0058111539893600786, -0.016920958275467156], [-0.0058111539893600786, 7.169876265693484, -0.02074632230861095], [-0.016920958275467156, -0.02074632230861095, 7.1675667954981765]]"
2,2,1107,C2H8,C-H,10,145.76967031046604,1.4867675820700204,"[[1.48739420372094, 0.0025623925888438883, 0.003719278348395283], [0.0025623925888438883, 1.4855909575028374, 0.010998621562646865], [0.003719278348395283, 0.010998621562646865, 1.487317584986284]]"
2,2,1108,F3K,F-K,4,61.619560370647896,2.36243071128104,"[[2.3550198880695636, 0.03260994523032168, 0.054258386533619876], [0.03260994523032168, 2.344148596636723, 0.04254161192709033], [0.054258386533619876, 0.04254161192709033, 2.388123649136834]]"
2,2,1109,F18,F,18,354.5621814293547,2.7557665523177177,"[[2.551013821200228, 0.0038879929553321787, 0.001768256374478842], [0.0038879929553321787, 2.671833831818645, -0.06849959888007388], [0.001768256374478842, -0.06849959888007388, 3.0444520039342793]]"
2,2,1110,F10Sb2,F-Sb,12,195.03093225558587,1.923080837530233,"[[1.908539602520482, -0.07906864782625596, 0.08347846573975808], [-0.07906864782625596, 1.9090512148978358, 0.07720195412840113], [0.08347846573975808, 0.07720195412840113, 1.9516516951723821]]"
2,2,1111,H11NO4,H-N-O,16,148.60643542365827,2.11730262572226,"[[2.1099009124276606, 0.03258737862136522, 0.027476407840410798], [0.03258737862136522, 2.091777062950312, -0.0051524072005351], [0.027476407840410798, -0.0051524072005351, 2.150229901788808]]"
2,2,1112,Cl8K2Sb2,Cl-K-Sb,12,420.7878259014314,2.7464464588734288,"[[2.5345510523652717, 0.09450077901817397, 0.017510234328567777], [0.09450077901817397, 2.8328793616946637, 0.14743985106504195], [0.017510234328567777, 0.14743985106504195, 2.8719089625603518]]"
2,2,1113,Cl6Cs2MgSn,Cl-Cs-Mg-Sn,10,340.5680596066835,3.120323431912837,"[[3.545334013497604, -0.0004252899076943058, 2.904675738226222e-05], [-0.0004252899076943058, 2.906921099443908, -0.0004281533128517799], [2.904675738226222e-05, -0.0004281533128517799, 2.9087151827969993]]"
2,2,1114,CoF3,Co-F,4,55.89758130990341,3.610277567323888,"[[3.6107868748256786, -0.0016508337137595402, 0.00139860776718026], [-0.0016508337137595402, 3.6099636595643507, 0.00012381263855760837], [0.00139860776718026, 0.00012381263855760837, 3.6100821675816324]]"
2,2,1115,H4,H,4,58.70914278857136,0.6341542690538587,"[[0.6334622896203842, 0.008781569459929707, -0.0006256965448596689], [0.008781569459929707, 0.633530676796534, -0.0010176774624678332], [-0.0006256965448596689, -0.0010176774624678332, 0.6354698407446583]]"
2,2,1116,F8Hg4,F-Hg,12,193.64809563463243,3.558760354563482,"[[3.2601799874633737, -0.00030393048445169593, 0.00032388166087730106], [-0.00030393048445169593, 3.585783988071144, 0.0005267869581345803], [0.00032388166087730106, 0.0005267869581345803, 3.8303170881559265]]"
2,2,1117,H6,H,6,79.98255431291753,0.6626863762359568,"[[0.6578684868833142, 0.0081411069032214, -0.0017348181929686373], [0.0081411069032214, 0.6649879087797489, -0.003846743995842947], [-0.0017348181929686373, -0.003846743995842947, 0.6652027330448071]]"
2,2,1118,CdCs2F3,Cd-Cs-F,6,156.68639206661416,2.6006576263930303,"[[2.6717051242726795, -0.002087830345453712, -0.031407553557166505], [-0.002087830345453712, 2.574282642221754, -0.008466494024151089], [-0.031407553557166505, -0.008466494024151089, 2.5559851126846587]]"
2,2,1119,CaF6Ta,Ca-F-Ta,8,158.09083535174244,1.9919589803428368,"[[1.9905006900600815, 0.00013841179228824894, -0.001150889201696958], [0.00013841179228824894, 1.9919429943892653, -0.0010414179533951454], [-0.001150889201696958, -0.0010414179533951454, 1.9934332565791628]]"
2,2,1120,H2Cl2,Cl-H,4,95.72236801293134,2.2739538295770063,"[[2.158156633667087, 0.1306364762431884, -0.0011737383219651133], [0.1306364762431884, 2.238117755049871, -0.0011138085786970549], [-0.0011737383219651133, -0.0011138085786970549, 2.4255871000140607]]"
2,2,1121,F6LiV,F-Li-V,8,98.0738218770542,2.730820236886513,"[[2.7077768993487035, 0.0035545858317985153, -0.0008778687835041856], [0.0035545858317985153, 2.718350921781534, 0.0026575375352468154], [-0.0008778687835041856, 0.0026575375352468154, 2.7663328895293025]]"
2,2,1122,H3BrN,Br-H-N,5,67.28954030929296,3.29863947509671,"[[3.3025516784466094, 0.02997290066640134, -0.049510733569828595], [0.02997290066640134, 3.317802288212664, 0.03898712334291295], [-0.049510733569828595, 0.03898712334291295, 3.275564458630858]]"
2,2,1123,K2MgO12Si5,K-Mg-O-Si,20,305.12053426867,2.213632206033978,"[[2.2456785277210223, -0.12819368326611527, -0.026695373051879193], [-0.12819368326611527, 2.22934324876539, 0.014353499831489666], [-0.026695373051879193, 0.014353499831489666, 2.16587484161552]]"
2,2,1124,H2MnO2,H-Mn-O,5,47.3269338443074,3.174073176711147,"[[3.125949748981044, 0.014531193471676888, 0.02879685939531952], [0.014531193471676888, 3.154940623135927, -0.0205998191603198], [0.02879685939531952, -0.0205998191603198, 3.241329158016472]]"
2,2,1125,H12,H,12,168.71788805750606,0.6465631024421662,"[[0.6463595424767359, 0.00272103719947544, -0.0014984807369968474], [0.00272103719947544, 0.648357680930038, -0.004872858014415938], [-0.0014984807369968474, -0.004872858014415938, 0.6449720839197239]]"
2,2,1126,F12,F,12,272.27213367755604,2.2011679362081846,"[[2.2663517824960007, -0.1612657286175667, 0.0013646926352145127], [-0.1612657286175667, 2.2481162058494513, 0.002331808296519963], [0.0013646926352145127, 0.002331808296519963, 2.0890358202791015]]"
2,2,1127,KO3Ta,K-O-Ta,5,65.79931577209649,5.112928433679769,"[[5.182860455113093, 0.0013320001626210588, 0.0017390063010045294], [0.0013320001626210588, 5.112627624246918, -0.07696704924423883], [0.0017390063010045294, -0.07696704924423883, 5.043297221679297]]"
2,2,1128,H8Cl2N2,Cl-H-N,12,128.61664859512837,2.653052015817448,"[[2.7481383108959094, -0.00030928511631451365, -9.532641746018135e-05], [-0.00030928511631451365, 2.4623079548961884, 0.0004002861682521093], [-9.532641746018135e-05, 0.0004002861682521093, 2.748709781660248]]"
2,2,1129,F6K2Pt,F-K-Pt,9,155.0723826035417,2.160821136289433,"[[2.160907128773066, 0.001653317786882222, 0.001488657718865321], [0.001653317786882222, 2.159559654062121, 0.0002233072276222868], [0.001488657718865321, 0.0002233072276222868, 2.1619966260331127]]"
2,2,1130,F7KPtRb,F-K-Pt-Rb,10,192.3212539143236,1.936784883774876,"[[1.9351697958882632, 0.0011521829212393735, -0.001028185461002118], [0.0011521829212393735, 1.9378597392969172, -0.0008688646358012229], [-0.001028185461002118, -0.0008688646358012229, 1.9373251161394471]]"
2,2,1131,H5P,H-P,6,138.49202329495913,2.05531618853597,"[[2.055100824583334, -0.025645214281394452, 0.01948672262174495], [-0.025645214281394452, 2.050326713983277, 0.02106253317759638], [0.01948672262174495, 0.02106253317759638, 2.0605210270413]]"
2,2,1132,F5RbSb,F-Rb-Sb,7,123.23912801173717,2.3743985859692924,"[[2.403788812135058, 0.0011371891218292047, 0.04901269952342624], [0.0011371891218292047, 2.4019237708627545, -0.04431553448394022], [0.04901269952342624, -0.04431553448394022, 2.3174831749100675]]"
2,2,1133,F8Fe2GaRb,F-Fe-Ga-Rb,12,220.85396549358893,2.067516868811917,"[[2.144203663880091, -0.01656922052513755, 0.08727209897533195], [-0.01656922052513755, 2.1598957932134546, 0.05066634507421793], [0.08727209897533195, 0.05066634507421793, 1.8984511493422047]]"
2,2,1134,F3Rb,F-Rb,4,69.99710456714071,2.6617005256235373,"[[2.6469266069751898, 0.08415498110602741, 0.13409717386710487], [0.08415498110602741, 2.6159148861581505, 0.11370425260056641], [0.13409717386710487, 0.11370425260056641, 2.7222600837372717]]"
2,2,1135,H4,H,4,48.95531636201791,0.6907085224349551,"[[0.6893509604168385, 0.0014085149532160046, -0.0014641172048580977], [0.0014085149532160046, 0.6916282476951704, 0.012704408916092466], [-0.0014641172048580977, 0.012704408916092466, 0.6911463591928565]]"
2,2,1136,H10Mo,H-Mo,11,264.1863711679105,1.830201716295683,"[[1.79015161343145, -0.02863208683309883, 0.005421379050608834], [-0.02863208683309883, 1.7950989011870098, 0.004265376168061913], [0.005421379050608834, 0.004265376168061913, 1.90535463426859]]"
2,2,1137,H4O2,H-O,6,48.97428562506708,2.2424427630243886,"[[2.1177158278519546, -0.07881120761659668, 0.003361046580981899], [-0.07881120761659668, 2.2754840748828102, -0.016992071261063585], [0.003361046580981899, -0.016992071261063585, 2.334128386338401]]"
2,2,1138,H12Rb2,H-Rb,14,389.73048895652346,1.0589913592622615,"[[1.0586173884553278, -0.023968171778791243, 0.017944899776668886], [-0.023968171778791243, 1.057595669997825, 0.018361714162373626], [0.017944899776668886, 0.018361714162373626, 1.0607610193336319]]"
2,2,1139,Cl8Li5Mn,Cl-Li-Mn,14,288.7563699276648,2.7449322569150216,"[[2.744925032061065, -0.00017670180923434845, 0.000548083279713983], [-0.00017670180923434845, 2.74531788333647, -8.529565468076998e-05], [0.000548083279713983, -8.529565468076998e-05, 2.744553855347532]]"
2,2,1140,H4Zn2,H-Zn,6,52.907073586519154,4.613353198334143,"[[5.241939088572993, -0.0007245124189383849, 0.00026718154427607014], [-0.0007245124189383849, 4.299135220272534, 0.002289963338455108], [0.00026718154427607014, 0.002289963338455108, 4.2989852861569045]]"
2,2,1141,HF5Li6,F-H-Li,12,102.52148091063904,1.5311753031980573,"[[1.5259195356067277, 0.0007508890682416993, -0.0028750344093680233], [0.0007508890682416993, 1.5325728801091834, -0.0012119301226372013], [-0.0028750344093680233, -0.0012119301226372013, 1.5350334938782606]]"
2,2,1142,H13N3O2,H-N-O,18,198.00715630501557,2.010394917203276,"[[2.0100151780370514, 0.00112971094694122, 0.03936108517681784], [0.00112971094694122, 2.038367267305046, -0.01029431273280699], [0.03936108517681784, -0.01029431273280699, 1.98280230626773]]"
2,2,1143,AlCl6Rb2,Al-Cl-Rb,9,265.0010579340497,2.84669976640228,"[[2.8469363520294606, -0.0003597551039928569, -4.23589010784017e-05], [-0.0003597551039928569, 2.8471596846740224, -0.0022184541013309435], [-4.23589010784017e-05, -0.0022184541013309435, 2.846003262503356]]"
2,2,1144,F6O4V2,F-O-V,12,198.71325884801988,2.676581504036124,"[[2.7756635533570346, -0.17088405407364038, -0.42367359740135047], [-0.17088405407364038, 3.1631524609740627, -0.3670677512594263], [-0.42367359740135047, -0.3670677512594263, 2.0909284977772753]]"
2,2,1145,H2Ba2O7Si3,Ba-H-O-Si,14,219.03539238583528,2.748754741136134,"[[2.6863513238284242, 0.044264050197426456, 0.014316799583012156], [0.044264050197426456, 2.8113364313494777, 0.06013384699624315], [0.014316799583012156, 0.06013384699624315, 2.7485764682305036]]"
2,2,1146,F11Nb3O2,F-Nb-O,16,269.60628506498404,2.612977836642043,"[[2.5345964177237366, 0.1214760591948881, 0.11427570071994926], [0.1214760591948881, 2.7316035235481433, 0.44009173534474066], [0.11427570071994926, 0.44009173534474066, 2.572733568654249]]"
2,2,1147,F4Li2,F-Li,6,66.80672352526014,2.3083161996229458,"[[2.685720393917221, 0.0009733264823861783, -0.0018011385516605528], [0.0009733264823861783, 2.069193869473216, 0.0005622121503998669], [-0.0018011385516605528, 0.0005622121503998669, 2.1700343354784004]]"
2,2,1148,F6Na2Zn2,F-Na-Zn,10,128.66349059674343,2.49614577059142,"[[2.6950897842237715, -0.012885459763451968, 0.05585302902690079], [-0.012885459763451968, 2.349062229402183, 0.040969228305438914], [0.05585302902690079, 0.040969228305438914, 2.444285298148303]]"
2,2,1149,C2NiO7,C-Ni-O,10,111.96493461747905,3.3068811468486614,"[[3.54139417796372, -0.13637680659980828, 0.45677412438795706], [-0.13637680659980828, 3.667787719351933, 0.30267552260407443], [0.45677412438795706, 0.30267552260407443, 2.7114615432303286]]"
2,2,1150,Cs2Li2O3,Cs-Li-O,7,133.2145018603586,3.7853567767978737,"[[3.813146974302577, -0.003964177498300889, 0.016045059003869447], [-0.003964177498300889, 3.8162230038112623, 0.008985779278324803], [0.016045059003869447, 0.008985779278324803, 3.7267003522797815]]"
2,2,1151,C3H2Li2N3O4,C-H-Li-N-O,14,149.69983880596868,2.554661190633572,"[[2.946328323626089, 0.025960188060892144, 0.20681881503845856], [0.025960188060892144, 2.7966442468961796, -0.17898511066530687], [0.20681881503845856, -0.17898511066530687, 1.9210110013784452]]"
2,4,1152,Cr2FeO7Rb2,Cr-Fe-O-Rb,12,199.11791003556036,3.876937493145008,"[[3.9383592196290835, -0.03352329666567468, 0.09995848077758475], [-0.03352329666567468, 3.956759945419498, 0.05766749014963075], [0.09995848077758475, 0.05766749014963075, 3.7356933143864395]]"
2,4,1153,MgO4W,Mg-O-W,6,162.31892411733585,1.0908625303743815,"[[1.0905949910938875, 0.0004938293727348402, 0.001091492892016631], [0.0004938293727348402, 1.0902263466672926, 0.0008359590057480568], [0.001091492892016631, 0.0008359590057480568, 1.0917662533619643]]"
2,4,1154,Li2OSbY,Li-O-Sb-Y,5,88.42351690850437,9.342150040201444,"[[7.866494252182154, 0.00041717677152741504, -0.0001742634762763346], [0.00041717677152741504, 10.08033986513172, 0.0001528140307778394], [-0.0001742634762763346, 0.0001528140307778394, 10.079616003290461]]"
2,4,1155,Al2B2Ho4Te12,Al-B-Ho-Te,20,683.3239719047049,8.178293352581191,"[[8.021063585988966, -0.08985182492102357, 0.0951377711692207], [-0.08985182492102357, 8.560526711054202, -0.22214574712516566], [0.0951377711692207, -0.22214574712516566, 7.953289760700402]]"
2,4,1156,Se2V,Se-V,3,71.95867221453992,9.010708684419436,"[[12.249083962789845, -0.3169180522784957, 2.3940969524260014], [-0.3169180522784957, 12.603729679379063, 1.4076644738661965], [2.3940969524260014, 1.4076644738661965, 2.1793124110894]]"
2,4,1157,Cu2K6Na4S6,Cu-K-Na-S,18,506.9648048867753,3.860772720946473,"[[3.7371374629451326, -0.00025262665748556235, 0.00021050268852372938], [-0.00025262665748556235, 4.138024619287315, 0.009304564660887355], [0.00021050268852372938, 0.009304564660887355, 3.707156080606973]]"
2,4,1158,CrF4Na3,Cr-F-Na,8,113.6678966258889,2.1521654185356494,"[[2.381192588223501, 0.10078260700477865, -0.012049019348336713], [0.10078260700477865, 2.094457518368189, -0.12129032106242785], [-0.012049019348336713, -0.12129032106242785, 1.980846149015259]]"
2,4,1159,GaIrLiMn,Ga-Ir-Li-Mn,4,54.85124289583524,14.430404130917289,"[[14.432795234818604, -0.0037097056541086342, -0.00015750150866229227], [-0.0037097056541086342, 14.428814795109417, -0.009465744178394554], [-0.00015750150866229227, -0.009465744178394554, 14.42960236282383]]"
2,4,1160,O4Rb8,O-Rb,12,326.3139657835833,3.390527530899968,"[[3.401972766394364, -0.0017717551845952216, -0.012031409081714906], [-0.0017717551845952216, 3.3887922111810362, -0.0062118071535350265], [-0.012031409081714906, -0.0062118071535350265, 3.3808176151245033]]"
2,4,1161,Hg2O4V2,Hg-O-V,8,135.11477641572313,8.1879661370099,"[[9.359201289737163, 0.008796903126505736, -0.49158576290275385], [0.008796903126505736, 9.187546164505951, 0.05905690702385295], [-0.49158576290275385, 0.05905690702385295, 6.017150956786575]]"
2,4,1162,Cl2O3Sr5,Cl-O-Sr,10,270.9931607214024,3.996130077345351,"[[4.058399822239774, 0.00018078755169344477, -0.00018089009358113087], [0.00018078755169344477, 4.0881867402881, 0.07002492282316372], [-0.00018089009358113087, 0.07002492282316372, 3.841803669508179]]"
2,4,1163,F2K2N2O4,F-K-N-O,10,186.91987733112228,2.0915749006038507,"[[1.6574242474956176, 7.981281965515667e-05, -0.00024589450359071717], [7.981281965515667e-05, 2.591909626527429, -0.003404537946026551], [-0.00024589450359071717, -0.003404537946026551, 2.025390827788506]]"
2,4,1164,H6N3Na3,H-N-Na,12,131.31970613589456,2.956414880350092,"[[2.946256842420395, -0.01754573437115486, 0.02863248907638033], [-0.01754573437115486, 2.9425232564498605, 0.049954068433396566], [0.02863248907638033, 0.049954068433396566, 2.9804645421800218]]"
2,4,1165,Ba2Cu2S6Sn,Ba-Cu-S-Sn,11,277.8311780932655,7.968786258965586,"[[8.199297349959375, -0.15795588022167092, 0.2232682717542173], [-0.15795588022167092, 8.360572877677601, 0.13408563341918858], [0.2232682717542173, 0.13408563341918858, 7.346488549259784]]"
2,4,1166,K2NbO6Ta,K-Nb-O-Ta,10,132.39049896514996,5.799962228284891,"[[5.800487683778552, 0.0003429928184277516, 0.0003599170892133822], [0.0003429928184277516, 5.799544197331061, -0.0007225879073831578], [0.0003599170892133822, -0.0007225879073831578, 5.7998548037450615]]"
2,4,1167,H2Li2Se2,H-Li-Se,6,148.50767333430284,2.7447034511374757,"[[2.4241665944683546, 0.0001289353523343518, -0.0002164400102758986], [0.0001289353523343518, 2.904976452913607, 9.20001875044884e-06], [-0.0002164400102758986, 9.20001875044884e-06, 2.9049673060304646]]"
2,4,1168,P4Sn2Zn2,P-Sn-Zn,8,185.42594267836515,13.436518775001488,"[[13.402245240248195, 0.027934384932704583, 0.05175327235988785], [0.027934384932704583, 13.413005970686651, 0.061977848783777816], [0.05175327235988785, 0.061977848783777816, 13.494305114069611]]"
2,4,1169,Br4Cs2,Br-Cs,6,258.60600066797315,3.584198401295815,"[[6.216843304332521, -0.0031036484054642985, -0.0028435982648295855], [-0.0031036484054642985, 2.268248989426712, 0.00027236849516389675], [-0.0028435982648295855, 0.00027236849516389675, 2.267502910128213]]"
2,4,1170,Cl6MnTl2,Cl-Mn-Tl,9,255.40201564601065,4.072508819356668,"[[3.228289917233766, -0.0008320602998451858, 0.0025170456838454884], [-0.0008320602998451858, 4.494387796427078, -0.0014218758004208843], [0.0025170456838454884, -0.0014218758004208843, 4.494848744409164]]"
2,4,1171,FeO8S2Sr,Fe-O-S-Sr,12,166.9911712109325,2.7644268536626737,"[[2.7443420613603724, -0.25939130718713155, 0.0013828774149167078], [-0.25939130718713155, 2.8638798977882662, -0.0006259399143032752], [0.0013828774149167078, -0.0006259399143032752, 2.685058601839385]]"
2,4,1172,HLiPSr,H-Li-P-Sr,4,68.24317366699667,7.135614256077371,"[[6.406335682495092, -0.003396184634632396, 0.0014643758064746399], [-0.003396184634632396, 6.406814747541809, -0.001331876420081343], [0.0014643758064746399, -0.001331876420081343, 8.593692338195217]]"
2,4,1173,O8Tm2V2,O-Tm-V,12,159.63586771906552,4.551222741353851,"[[4.3740182070417095, 0.28879899629337163, -0.2077018622028546], [0.28879899629337163, 4.774841421905634, -0.39257240875860616], [-0.2077018622028546, -0.39257240875860616, 4.504808595114209]]"
2,4,1174,H6Cs2O10P2,Cs-H-O-P,20,309.8437452389934,2.2610978092466345,"[[2.287798143781208, -0.004010015544088598, -0.049475222299637106], [-0.004010015544088598, 2.2385061050161483, -0.05789765818058185], [-0.049475222299637106, -0.05789765818058185, 2.256989178942545]]"
2,4,1175,I2NO2,I-N-O,5,184.240364481086,3.029505086707479,"[[2.777094275545829, -0.7468463631120394, 1.2510369291976406], [-0.7468463631120394, 2.6498747593643506, -1.13791721616003], [1.2510369291976406, -1.13791721616003, 3.6615462252122586]]"
2,4,1176,I6Li3Sc,I-Li-Sc,10,336.38391714017007,4.539871438310029,"[[4.505899874287951, 0.029444296896425703, 0.08757970470755791], [0.029444296896425703, 4.481983388941743, 0.05528961500500498], [0.08757970470755791, 0.05528961500500498, 4.631731051700396]]"
2,4,1177,K3Nb2O7,K-Nb-O,12,224.8563179588268,3.254113393618114,"[[3.622220814135349, 0.03597573498033158, 0.21501608460287844], [0.03597573498033158, 2.9760995413902687, -0.4062341820085644], [0.21501608460287844, -0.4062341820085644, 3.164019825328724]]"
2,4,1178,BaIO6Rh,Ba-I-O-Rh,9,144.92129228207773,4.971217278118206,"[[5.915142637904225, -0.0008223527809307164, -0.002262766014518774], [-0.0008223527809307164, 5.914187374085456, -0.0029871606255422235], [-0.002262766014518774, -0.0029871606255422235, 3.084321822364936]]"
2,4,1179,O4Rb2Y2,O-Rb-Y,8,140.78951021657866,3.839788650044272,"[[3.9632661915150296, 2.2845696456760528e-05, -0.00048558604747588686], [2.2845696456760528e-05, 3.9626928851999184, 0.00012475992562930143], [-0.00048558604747588686, 0.00012475992562930143, 3.5934068734178695]]"
2,4,1180,LiNa2RbSn2,Li-Na-Rb-Sn,6,242.0040541427493,7.823554769420209,"[[8.564544804127063, 0.0010282497046377012, -0.0002285678399131097], [0.0010282497046377012, 8.564649034184828, 0.0006021778003121121], [-0.0002285678399131097, 0.0006021778003121121, 6.341470469948729]]"
2,4,1181,Cu2O8Re2,Cu-O-Re,12,245.55734635395123,4.850489390001656,"[[5.2707561765446655, -0.03978682465504839, -0.46128631933360387], [-0.03978682465504839, 4.315547194316533, -0.05558147745077994], [-0.46128631933360387, -0.05558147745077994, 4.965164799143766]]"
2,4,1182,F5Na3OV,F-Na-O-V,10,146.7882798981833,1.998556426936412,"[[2.3732330283752865, 0.05105874809877157, -0.1426788950575445], [0.05105874809877157, 1.8759291348743496, 0.18346614615465545], [-0.1426788950575445, 0.18346614615465545, 1.7465071175595999]]"
2,4,1183,Cl8Pb2V2,Cl-Pb-V,12,326.65322000697887,4.33090792107387,"[[4.380261539208021, -0.021970563591871467, -0.018303048706631714], [-0.021970563591871467, 4.235481786153778, 0.18567738304603737], [-0.018303048706631714, 0.18567738304603737, 4.3769804378598085]]"
2,4,1184,H4Rb2S2,H-Rb-S,8,211.737774683978,2.2445027475487462,"[[2.062726273340078, -0.0019775414961011265, -0.00539667160938075], [-0.0019775414961011265, 2.3429514636364615, -0.05557035293076124], [-0.00539667160938075, -0.05557035293076124, 2.3278305056696986]]"
2,4,1185,Cl4,Cl,4,146.217393251845,2.491201954998341,"[[2.296442086226359, -0.012972208991156394, 0.5837340747695877], [-0.012972208991156394, 2.3024202648864196, -0.017506340746986093], [0.5837340747695877, -0.017506340746986093, 2.8747435138822452]]"
2,4,1186,CBaN2,Ba-C-N,4,83.88004097812332,2.925152912597744,"[[2.554084853955673, 0.1607603423921934, -0.6188312501458617], [0.1607603423921934, 2.404420505210886, -0.39507449090748387], [-0.6188312501458617, -0.39507449090748387, 3.816953378626671]]"
2,4,1187,CsO4S6Sc5,Cs-O-S-Sc,16,300.2210123035292,6.399141570998368,"[[6.5806046500919315, -4.3037408017764596e-05, -0.00023087534654590275], [-4.3037408017764596e-05, 6.0896745605118365, 0.006301124531279886], [-0.00023087534654590275, 0.006301124531279886, 6.527145502391338]]"
2,4,1188,Be2Li2S4Tl2,Be-Li-S-Tl,10,201.4747448519865,5.671312793191894,"[[6.0320721478519514, -0.0037416568234882788, -0.09786968617980549], [-0.0037416568234882788, 5.14113163133247, -0.005539221243684801], [-0.09786968617980549, -0.005539221243684801, 5.840734600391261]]"
2,4,1189,CFKNO,C-F-K-N-O,5,79.86397676996533,2.460675146442469,"[[2.3520871419302947, -0.17000189634955964, -0.3665331210153231], [-0.17000189634955964, 2.537299757348311, -0.2731975178138236], [-0.3665331210153231, -0.2731975178138236, 2.4926385400487994]]"
2,4,1190,Ba2F8Fe2,Ba-F-Fe,12,205.66976138988773,2.677817444507664,"[[2.7132831177025536, -0.021266942193983847, -0.03687664828943142], [-0.021266942193983847, 2.9611372540731113, 0.12944758911358342], [-0.03687664828943142, 0.12944758911358342, 2.3590319617473265]]"
2,4,1191,Br2Cd2S2,Br-Cd-S,6,201.97895781638317,4.122502206184875,"[[4.90841488186886, 0.000437759862759701, 0.00196750518530089], [0.000437759862759701, 4.344878681384545, -0.2585750554115671], [0.00196750518530089, -0.2585750554115671, 3.1142130553012217]]"
2,4,1192,Ba2O8P2,Ba-O-P,12,233.2807411867776,2.6601450289275124,"[[2.6695707174027503, 0.0010697565819905955, 0.003613758046816977], [0.0010697565819905955, 2.6721527719562945, -0.0008424536154864751], [0.003613758046816977, -0.0008424536154864751, 2.6387115974234923]]"
2,4,1193,CrNbO8,Cr-Nb-O,10,156.8735333743976,4.223148248626162,"[[4.551546134741784, 0.10637258822881425, 0.1248572344990194], [0.10637258822881425, 4.114766944470154, -0.32722950937070844], [0.1248572344990194, -0.32722950937070844, 4.003131666666549]]"
2,4,1194,Bi4O13V3,Bi-O-V,20,320.69152221673045,5.619492520672032,"[[5.36355072773016, 0.18340750082600593, 0.3534521668791922], [0.18340750082600593, 6.05005540315826, 0.291567656490742], [0.3534521668791922, 0.291567656490742, 5.444871431127678]]"
2,4,1195,Li2Zn2,Li-Zn,4,63.30027536686648,8.057544680893969,"[[9.085001468549615, -0.00023388388696237437, 0.003347382303420242], [-0.00023388388696237437, 9.073404047670572, 8.618976108258068e-05], [0.003347382303420242, 8.618976108258068e-05, 6.014228526461714]]"
2,4,1196,As2Ba4Li2O2,As-Ba-Li-O,10,257.73523897372246,8.1463453639003,"[[7.3574172421670605, 0.00021608340294990293, -0.00026846424698229144], [0.00021608340294990293, 8.043446559505128, -0.08259702381600068], [-0.00026846424698229144, -0.08259702381600068, 9.038172290028706]]"
2,4,1197,BiO2Tl,Bi-O-Tl,4,94.84977739835988,5.6497483364760415,"[[6.2774190758663995, -3.363917440231757e-05, 0.0010846181120081593], [-3.363917440231757e-05, 6.280106062313913, -0.0021018890581868586], [0.0010846181120081593, -0.0021018890581868586, 4.391719871247815]]"
2,4,1198,O13P3Sb4,O-P-Sb,20,356.73735474408704,3.5630331642142714,"[[3.4619499057369323, -0.03324978834105674, 0.11167054346571124], [-0.03324978834105674, 3.552606875334372, -0.17420764148251708], [0.11167054346571124, -0.17420764148251708, 3.674542711571509]]"
2,4,1199,H2Be2LiNO2,Be-H-Li-N-O,8,62.00494708940754,3.110358400009636,"[[3.4530857318791317, 0.1383745475119376, -0.09786539587659392], [0.1383745475119376, 2.8285914577040865, 0.16175106192039448], [-0.09786539587659392, 0.16175106192039448, 3.0493980104456875]]"
2,4,1200,MnO4S,Mn-O-S,6,107.39847740673476,2.634274426463238,"[[2.7169415362195837, 0.09998045887006098, -0.0045281271024685725], [0.09998045887006098, 2.625312817491787, -0.003359240747921462], [-0.0045281271024685725, -0.003359240747921462, 2.560568925678343]]"
2,4,1201,CdHg2InTe4,Cd-Hg-In-Te,8,299.7256006034658,10.32461425611467,"[[10.32771250441004, -0.0023393439543633186, -0.008047400075982513], [-0.0023393439543633186, 10.329990547640058, -0.007691287310610235], [-0.008047400075982513, -0.007691287310610235, 10.316139716293915]]"
2,4,1202,B6Fe2Y,B-Fe-Y,9,80.84843172385851,11.6711214746857,"[[10.816535642535817, 0.36596918164493353, -0.29002550330334975], [0.36596918164493353, 12.498653869232434, -1.226522902361087], [-0.29002550330334975, -1.226522902361087, 11.69817491228885]]"
2,4,1203,CoCuO2,Co-Cu-O,4,40.59139976662922,11.866816705591168,"[[12.85387903155931, -0.12983301632944627, 0.8586040264498255], [-0.12983301632944627, 13.002423246417669, 0.5067232093176842], [0.8586040264498255, 0.5067232093176842, 9.744147838796513]]"
2,4,1204,Be2Li2P2,Be-Li-P,6,81.33263529749982,8.447305650238514,"[[9.131091524321088, 2.2178246145807296e-05, -0.001717038117175134], [2.2178246145807296e-05, 9.096542693186313, -0.00226453556917856], [-0.001717038117175134, -0.00226453556917856, 7.114282733208143]]"
2,4,1205,B4O6,B-O,10,128.2887235361136,2.260987245768727,"[[1.8698919746004803, 0.0013843117391301382, 0.0831535920051103], [0.0013843117391301382, 3.079912724993139, -0.0031121726505649637], [0.0831535920051103, -0.0031121726505649637, 1.8331570377125614]]"
2,4,1206,Cl2KNa2O5Ta2,Cl-K-Na-O-Ta,12,233.9008384589878,2.8318643462908653,"[[2.8554796500644413, 0.02285480177430127, -0.008635038338178637], [0.02285480177430127, 2.7663702435527844, -0.11808447016386671], [-0.008635038338178637, -0.11808447016386671, 2.873743145255367]]"
2,4,1207,Ca2P2,Ca-P,4,91.9270975420644,9.378247751098089,"[[9.285718876451128, -0.0033628739404742403, 0.519899338667612], [-0.0033628739404742403, 10.98431212957002, -0.006413188703772793], [0.519899338667612, -0.006413188703772793, 7.864712247273112]]"
2,4,1208,Mn3O3,Mn-O,6,69.03834186610429,8.299401955641843,"[[8.297723371714136, -0.0016466236127009632, -0.0019392979691006055], [-0.0016466236127009632, 8.300893728671095, -0.0014291191694000478], [-0.0019392979691006055, -0.0014291191694000478, 8.299588766540298]]"
2,4,1209,Cl6Cs2GaK,Cl-Cs-Ga-K,10,323.77282337573865,2.741452905871448,"[[2.7413842506106496, -0.0001679695490328699, 0.0003646531219170623], [-0.0001679695490328699, 2.7417448931214503, 0.0003833345563871911], [0.0003646531219170623, 0.0003833345563871911, 2.7412295738822428]]"
2,4,1210,CrLi3O6V2,Cr-Li-O-V,12,113.2374963691738,4.447350262690299,"[[5.2174737888974265, 0.007668820913858626, -0.0025759656486721003], [0.007668820913858626, 4.403146180027697, 0.9142216812455305], [-0.0025759656486721003, 0.9142216812455305, 3.7214308191457754]]"
2,4,1211,ClF3,Cl-F,4,72.69403968237373,2.251957444950905,"[[2.038567132937832, -0.1358834172144872, 0.6650536856178373], [-0.1358834172144872, 2.4237480494658623, -0.15783483125773604], [0.6650536856178373, -0.15783483125773604, 2.2935571524490204]]"
2,4,1212,Ge2Li2Na2O8Zn2,Ge-Li-Na-O-Zn,16,200.0005651207884,2.92041146532041,"[[2.972310932057352, -0.004181223149110521, 6.786980249697852e-05], [-0.004181223149110521, 2.864230849396775, 0.0009248486028319349], [6.786980249697852e-05, 0.0009248486028319349, 2.924692614507103]]"
2,4,1213,Al2O4Rb2,Al-O-Rb,8,133.49888257173495,2.644157755756928,"[[2.643855626015957, -0.0004125757257833194, -0.000784165225157744], [-0.0004125757257833194, 2.6444701847278598, -0.00016642019756957975], [-0.000784165225157744, -0.00016642019756957975, 2.644147456526968]]"
2,4,1214,O8P2V2,O-P-V,12,136.16817607600737,3.599794915555568,"[[3.8526786529140122, -0.43734028444742146, 0.0016736301838985253], [-0.43734028444742146, 3.4807229004027542, -0.001335729856235007], [0.0016736301838985253, -0.001335729856235007, 3.465983193349936]]"
2,4,1215,N6Si2Zn4,N-Si-Zn,12,134.33384330126097,5.625165109742213,"[[5.535465684353153, 0.001072800255581367, 0.0004759499390917342], [0.001072800255581367, 5.656886703927307, 0.022351277367197907], [0.0004759499390917342, 0.022351277367197907, 5.683142940946179]]"
2,4,1216,Er4F2O7Ru,Er-F-O-Ru,14,232.9471566866557,3.6532528250968057,"[[4.320366384720242, -0.0018141493776785873, -0.0074902071503546], [-0.0018141493776785873, 3.7533006096323, -0.1963937352408918], [-0.0074902071503546, -0.1963937352408918, 2.8860914809378806]]"
2,4,1217,H2O4V2,H-O-V,8,76.8101917978272,4.092704608982712,"[[4.228689926640404, 0.0011421295423958626, -0.0004794959695419428], [0.0011421295423958626, 3.900348444445356, -0.004528606359854289], [-0.0004794959695419428, -0.004528606359854289, 4.149075455862376]]"
2,4,1218,B2Na2O8Y2,B-Na-O-Y,14,162.5440739427392,3.261892550169067,"[[3.159957955895655, 0.10755699587939412, 0.0001600457546268564], [0.10755699587939412, 3.2703026143437812, -2.0977151328675352e-05], [0.0001600457546268564, -2.0977151328675352e-05, 3.3554170802677654]]"
2,4,1219,H2Br2Ga2,Br-Ga-H,6,149.38237799802715,4.301153857708738,"[[4.333050728099795, -0.035906620300480106, 0.04065058394833241], [-0.035906620300480106, 4.3657341402197405, 0.02200661275006549], [0.04065058394833241, 0.02200661275006549, 4.204676704806677]]"
2,4,1220,Ba7S10Sb3,Ba-S-Sb,20,654.206380101875,5.752187796027553,"[[5.895736860859389, -0.12064923512431222, 0.22144643993252477], [-0.12064923512431222, 5.77487394950525, 0.03101927508745869], [0.22144643993252477, 0.03101927508745869, 5.585952577718024]]"
2,4,1221,CdNiO2,Cd-Ni-O,4,45.551509561737525,6.993823345456431,"[[7.290624540814844, -0.043909076822514645, 0.3148973851470212], [-0.043909076822514645, 7.33985200053107, 0.19203956212481468], [0.3148973851470212, 0.19203956212481468, 6.350993495023377]]"
2,4,1222,Ca2Ge3P5,Ca-Ge-P,10,232.3221265095556,12.10618386113282,"[[12.758570599826918, 0.001407731303586974, -0.000598594268255384], [0.001407731303586974, 11.280799376213697, 0.35106315689632783], [-0.000598594268255384, 0.35106315689632783, 12.279181607357845]]"
2,4,1223,Cs2Li2Se2,Cs-Li-Se,6,186.5745474582517,4.387812890354943,"[[4.665325481528716, -1.408584676045261e-05, 0.0007667553031789922], [-1.408584676045261e-05, 4.667259815026684, 0.0004534844086329461], [0.0007667553031789922, 0.0004534844086329461, 3.8308533745094353]]"
2,4,1224,AlNTi,Al-N-Ti,3,35.6527909980039,15.890650857129264,"[[17.643794399312817, 2.405610333900546e-06, -0.0069837279205909215], [2.405610333900546e-06, 17.644079607941205, -0.0006978592239211029], [-0.0069837279205909215, -0.0006978592239211029, 12.384078564133759]]"
2,4,1225,Cl6DyHo,Cl-Dy-Ho,8,237.437717900968,3.1211139541537194,"[[3.115537979761371, 0.005467595867367621, -0.015050353823972268], [0.005467595867367621, 3.1111342598823724, -0.01031231790856628], [-0.015050353823972268, -0.01031231790856628, 3.1366696228174145]]"
2,4,1226,Li2O2Zn,Li-O-Zn,5,49.16681752611471,4.098875335483855,"[[4.0130256708937155, 0.0037078177195214285, 0.0002377147638102176], [0.0037078177195214285, 4.0078119687767595, 0.0007338682437282435], [0.0002377147638102176, 0.0007338682437282435, 4.2757883667810885]]"
2,4,1227,Al4PbS8Tl,Al-Pb-S-Tl,14,354.880628893058,5.512890113095593,"[[4.975399833015714, 9.736207888307846e-05, 0.009499536203069911], [9.736207888307846e-05, 5.940312470570793, -1.3448420919265682e-05], [0.009499536203069911, -1.3448420919265682e-05, 5.622958035700271]]"
2,4,1228,AsSe2,As-Se,3,92.4496096686018,6.830762787274789,"[[8.714488006164473, -0.22042527583521343, 1.5089346714456495], [-0.22042527583521343, 8.945644961101111, 0.9146990698116163], [1.5089346714456495, 0.9146990698116163, 2.8321553945587854]]"
2,4,1229,H6Na4,H-Na,10,156.26255752842454,2.531605050816369,"[[2.549456439308857, -0.0048897334085613465, 0.020482024430502573], [-0.0048897334085613465, 2.530915111026054, 0.010181050388768502], [0.020482024430502573, 0.010181050388768502, 2.5144436021141976]]"
2,4,1230,N2SSr2,N-S-Sr,5,104.10663102709223,3.634059741565711,"[[3.534086585275505, 0.0612463840112576, 0.0017014986681595991], [0.0612463840112576, 3.553488983974983, -0.0012577380775639444], [0.0017014986681595991, -0.0012577380775639444, 3.814603655446647]]"
2,4,1231,HgK7O,Hg-K-O,9,443.8286374386669,3.739440565379133,"[[3.7518524764817536, 0.02076758645908993, 0.008938671443377072], [0.02076758645908993, 3.7216024290758223, -0.02846466891072838], [0.008938671443377072, -0.02846466891072838, 3.7448667905798234]]"
2,4,1232,Ba2Cl2O4Rb2,Ba-Cl-O-Rb,10,261.8339510028376,2.7303971200573134,"[[2.9975375671541946, 0.008854707463254756, 0.02372306179152292], [0.008854707463254756, 2.7738563357650365, 0.04782265622305539], [0.02372306179152292, 0.04782265622305539, 2.419797457252711]]"
2,4,1233,K5S11,K-S,16,501.3522451426573,3.4255459567424063,"[[3.313327647825082, 0.16435308636215185, -0.07944305841827598], [0.16435308636215185, 3.831895716711189, -0.05231665435666215], [-0.07944305841827598, -0.05231665435666215, 3.1314145056909486]]"
2,4,1234,K2O4Sb2,K-O-Sb,8,170.55397772665583,3.258339818797285,"[[3.5915602911591016, -0.0002323130825693667, 0.0006925788712177571], [-0.0002323130825693667, 3.3347571744905817, 0.20012841592622502], [0.0006925788712177571, 0.20012841592622502, 2.8487019907421702]]"
2,4,1235,H3MnNa,H-Mn-Na,5,47.28088627093689,5.136443616155806,"[[5.136945133973118, 0.0005800895581265484, 0.00037082253040751715], [0.0005800895581265484, 5.136589958493804, 0.0001138392435959645], [0.00037082253040751715, 0.0001138392435959645, 5.135795756000498]]"
2,4,1236,Mn2N5Na8O4P,Mn-N-Na-O-P,20,277.4372010137256,4.855561697356287,"[[4.761453022882427, -0.07916265318692313, -0.011564805071867891], [-0.07916265318692313, 4.29557009251131, 0.026945078520311878], [-0.011564805071867891, 0.026945078520311878, 5.509661976675125]]"
2,4,1237,Cl4Sr2,Cl-Sr,6,232.08600894523303,2.2919037973431045,"[[2.4089399427201412, -0.007134101782294014, 0.06653308408640349], [-0.007134101782294014, 2.4166456371312073, 0.03920389579099622], [0.06653308408640349, 0.03920389579099622, 2.050125812177966]]"
2,4,1238,MnO6Sb3,Mn-O-Sb,10,159.4573832359653,5.111998188653029,"[[5.170942813187962, -0.06936499854117162, 0.21518341536631788], [-0.06936499854117162, 5.240923160398952, 0.13798457072358733], [0.21518341536631788, 0.13798457072358733, 4.9241285923721705]]"
2,4,1239,C4,C,4,188.46895140657583,3.80267652183022,"[[2.155371615388208, 2.0363612320134252, -0.8676431760829846], [2.0363612320134252, 6.928126142337309, -2.312201504765063], [-0.8676431760829846, -2.312201504765063, 2.3245318077651436]]"
2,4,1240,C2NaO6SZn2,C-Na-O-S-Zn,12,162.35744242003403,3.102150407642613,"[[2.8496606178621793, -0.07841475002048455, -0.3681327053885575], [-0.07841475002048455, 3.3234606050932287, 0.12442779978377677], [-0.3681327053885575, 0.12442779978377677, 3.133329999972431]]"
2,4,1241,MnO6Ta2,Mn-O-Ta,9,106.1614019645911,5.990459476692302,"[[5.603742867980349, 0.003061672732489339, 0.0008198458172893596], [0.003061672732489339, 6.184587770949281, 0.00015810912912874952], [0.0008198458172893596, 0.00015810912912874952, 6.183047791147278]]"
2,4,1242,AsK2Na,As-K-Na,4,120.79970101639638,6.855164949230055,"[[6.857451597936711, -0.0010669338532795474, 0.0013961615734976098], [-0.0010669338532795474, 6.851020012255895, -0.006245895404855241], [0.0013961615734976098, -0.006245895404855241, 6.8570232374975575]]"
2,4,1243,H3Li2O10P2Si,H-Li-O-P-Si,18,210.46288907857567,2.3455267342740957,"[[2.2177312437666865, 0.02848196183576282, 0.025538434970570362], [0.02848196183576282, 2.315591374668985, 0.02812528705469622], [0.025538434970570362, 0.02812528705469622, 2.503257584386617]]"
2,4,1244,Al2La5Li3Se10,Al-La-Li-Se,20,527.647357311759,6.85355869205974,"[[7.044344602446324, -5.808863897218463e-05, 6.989104155608291e-05], [-5.808863897218463e-05, 6.989052371516968, 0.017582572573869318], [6.989104155608291e-05, 0.017582572573869318, 6.5272791022159256]]"
2,4,1245,C2O6Rb2,C-O-Rb,10,168.32363332124814,2.379339670887434,"[[2.5373835338601873, -0.0008891375584814686, -0.006380305936716373], [-0.0008891375584814686, 2.6688978825922636, -0.003530143156372237], [-0.006380305936716373, -0.003530143156372237, 1.931737596209851]]"
2,4,1246,O4,O,4,89.98276720279586,1.9468530870816487,"[[1.9393595785730229, 0.0009111969481521866, -0.033176914306802155], [0.0009111969481521866, 1.9194187540225889, -0.0018492490582549905], [-0.033176914306802155, -0.0018492490582549905, 1.9817809286493357]]"
2,4,1247,Cr2O8Pd2,Cr-O-Pd,12,129.62090242272237,9.028940708399022,"[[8.643798179984064, -0.0011364141811241462, -0.0013289393336896993], [-0.0011364141811241462, 9.413338768346494, -0.5147490013816375], [-0.0013289393336896993, -0.5147490013816375, 9.029685176866504]]"
2,4,1248,H2KNa,H-K-Na,4,69.71057520679348,3.0295556254730425,"[[3.0316114866727633, -0.0017005968940154287, 0.003889583236845462], [-0.0017005968940154287, 3.0302211228699045, 0.002735043102667171], [0.003889583236845462, 0.002735043102667171, 3.026834266876456]]"
2,4,1249,Ag2Na4S4,Ag-Na-S,10,230.19677129618609,5.200132190074785,"[[5.787320443861873, 0.0001033211468761032, -0.0023642847282185717], [0.0001033211468761032, 4.780124363193904, -0.0024922598168309593], [-0.0023642847282185717, -0.0024922598168309593, 5.032951763168578]]"
2,4,1250,Ag2AuGaO4,Ag-Au-Ga-O,8,123.75534661297874,6.540910736213406,"[[6.588893228252997, -0.04349900723294827, -0.08682486829732265], [-0.04349900723294827, 6.578723708689951, -0.1194526352462488], [-0.08682486829732265, -0.1194526352462488, 6.455115271697271]]"
2,4,1251,Br6RbTa,Br-Rb-Ta,8,323.8056699096699,3.417647249795984,"[[3.471747244187489, 0.1595791697160124, 0.11616720246585782], [0.1595791697160124, 3.424519437234421, 0.12809259755434343], [0.11616720246585782, 0.12809259755434343, 3.3566750679660413]]"
2,4,1252,Ga3InN3O,Ga-In-N-O,8,105.28151473083084,6.673683616069798,"[[6.434854104353494, 0.0009473147159783304, -0.0017050155157482762], [0.0009473147159783304, 6.435420003318833, -0.00014362209686411646], [-0.0017050155157482762, -0.00014362209686411646, 7.150776740537072]]"
2,4,1253,C2H2K4O8,C-H-K-O,16,265.87194512719424,2.2079669311947296,"[[2.6195941679021346, 0.00010525066444451981, -0.00471864197398366], [0.00010525066444451981, 1.8600813875146114, 0.003742729993697636], [-0.00471864197398366, 0.003742729993697636, 2.144225238167443]]"
2,4,1254,AuCsSe2,Au-Cs-Se,4,169.26742893820298,6.867675749769535,"[[10.76537276517374, 0.5980678548026966, 1.9152978776436411], [0.5980678548026966, 5.466782849300775, -2.153677225040207], [1.9152978776436411, -2.153677225040207, 4.37087163483409]]"
2,4,1255,Cl4Cr2,Cl-Cr,6,150.34267224889385,6.228717230246216,"[[7.4448668281128185, 0.0006721958981254654, -0.002095090290273225], [0.0006721958981254654, 5.620725375561496, -0.02336608329341186], [-0.002095090290273225, -0.02336608329341186, 5.620559487064337]]"
2,4,1256,BCdO4Zn,B-Cd-O-Zn,7,90.13946131075912,3.2838550975800067,"[[3.2768840101691663, 0.012009012081248325, 0.015530650600689205], [0.012009012081248325, 3.2833575354946314, 0.02069572405142976], [0.015530650600689205, 0.02069572405142976, 3.2913237470762247]]"
2,4,1257,Cs6I2O2,Cs-I-O,10,417.8488300385212,2.5270539217666,"[[2.531810682074857, -0.0003141816484553731, -0.0003044502485317466], [-0.0003141816484553731, 2.5261558115202414, 0.00010096983840405838], [-0.0003044502485317466, 0.00010096983840405838, 2.5231952717047]]"
2,4,1258,GaMgS4Tl,Ga-Mg-S-Tl,7,177.34132040364656,5.648052418537445,"[[5.520876342273612, 0.09876490281272403, 0.1853192588780198], [0.09876490281272403, 5.559320318769523, 0.22514119140494843], [0.1853192588780198, 0.22514119140494843, 5.8639605945692]]"
2,4,1259,BiFO2Rb,Bi-F-O-Rb,5,90.04836113045594,5.929593493921068,"[[6.822557681333495, -5.8347763298255144e-05, -0.0003311930549790541], [-5.8347763298255144e-05, 6.82124510638019, 0.00021076775245161292], [-0.0003311930549790541, 0.00021076775245161292, 4.14497769404952]]"
2,4,1260,Br2Cl4,Br-Cl,6,246.22862743679912,2.759000995247593,"[[2.0438609847540836, 0.23630016543121013, -0.5204128116473774], [0.23630016543121013, 2.5194127941589315, -0.8466585563071478], [-0.5204128116473774, -0.8466585563071478, 3.7137292068297625]]"
2,4,1261,Na2O6Pb3,Na-O-Pb,11,178.57226003467497,5.553567686621999,"[[5.380963220120181, 0.0001491077179781709, -0.0001564805351780965], [0.0001491077179781709, 5.561003978885963, 0.1504539440037023], [-0.0001564805351780965, 0.1504539440037023, 5.718735860859853]]"
2,4,1262,Cl3Li3O9,Cl-Li-O,15,220.97259800083452,2.246269053734144,"[[2.098716610503007, 0.12484213817351184, 0.012475652929607155], [0.12484213817351184, 2.3070366217342166, -0.05766989306786135], [0.012475652929607155, -0.05766989306786135, 2.3330539289652066]]"
2,4,1263,B2O4Rb2,B-O-Rb,8,125.7353447931004,2.578099371159257,"[[2.4221349396938847, -0.00012948158656543753, -0.00232645886702245], [-0.00012948158656543753, 2.9490082187900164, 0.0010265452068030844], [-0.00232645886702245, 0.0010265452068030844, 2.36315495499387]]"
2,4,1264,FeS4Si,Fe-S-Si,6,136.6569275678363,5.667561365895483,"[[5.572052445606279, 0.11951332952203245, 0.17254309010411759], [0.11951332952203245, 5.637764228585205, 0.22287445986225574], [0.17254309010411759, 0.22287445986225574, 5.79286742349496]]"
2,4,1265,FeGe2O7Sm,Fe-Ge-O-Sm,11,145.08127209146198,4.168371535978182,"[[4.2967157958290265, -0.05745624507972068, -0.0725671225095848], [-0.05745624507972068, 4.116748885802894, 0.07341081787195486], [-0.0725671225095848, 0.07341081787195486, 4.091649926302624]]"
2,4,1266,Li3Mn2O8Si2,Li-Mn-O-Si,15,182.56170258396327,3.387722157762106,"[[3.403736395212068, -0.08730732201663945, -0.1580061677960779], [-0.08730732201663945, 3.4051671977343245, 0.16726497790585768], [-0.1580061677960779, 0.16726497790585768, 3.3542628803399266]]"
2,4,1267,B4Na4O8,B-Na-O,16,193.5375936270673,2.369683784150048,"[[2.3429958326021176, 0.024848216628365342, -0.03383471186352292], [0.024848216628365342, 2.476340577185334, -0.22532104388410193], [-0.03383471186352292, -0.22532104388410193, 2.2897149426626897]]"
2,4,1268,B2N4Y2,B-N-Y,8,91.6346864411762,5.105407770608709,"[[4.805018677781577, 0.5487031673381355, -0.08148875569356198], [0.5487031673381355, 5.122737502940651, -0.11000964959331135], [-0.08148875569356198, -0.11000964959331135, 5.3884671311039]]"
2,4,1269,Ba3O5Si,Ba-O-Si,9,161.9848508752665,3.910196244684718,"[[4.065637539981116, 0.07945911789235881, 0.20010327143474216], [0.07945911789235881, 4.099798144989331, 0.24761686271467118], [0.20010327143474216, 0.24761686271467118, 3.5651530490837047]]"
2,4,1270,Nd2O8Ta2,Nd-O-Ta,12,165.70420908248815,4.333001154175857,"[[4.349642862119616, -0.008737807996711778, -0.024438893200570033], [-0.008737807996711778, 4.339888397259625, -0.027460116999227895], [-0.024438893200570033, -0.027460116999227895, 4.309472203148333]]"
2,4,1271,As2Hg2Se2Sr2,As-Hg-Se-Sr,8,239.24575045919423,9.516063540801865,"[[8.892199467903264, -0.002823330594935073, -0.5391746327556795], [-0.002823330594935073, 10.80546871403351, -0.005755063443339333], [-0.5391746327556795, -0.005755063443339333, 8.850522440468826]]"
2,4,1272,MgNaO6P2,Mg-Na-O-P,10,131.22026586999422,2.1488343238302297,"[[2.3005822292558533, -0.00017553217092496843, -0.000121393207113511], [-0.00017553217092496843, 2.198772647116641, -0.18940376484333304], [-0.000121393207113511, -0.18940376484333304, 1.9471480951181923]]"
2,4,1273,BrCl2Se3,Br-Cl-Se,6,222.0887949722454,4.550324047934105,"[[4.396101163742182, -0.5444563765622726, 0.014356225998037176], [-0.5444563765622726, 4.87876518221239, 0.8471101690625441], [0.014356225998037176, 0.8471101690625441, 4.376105797847739]]"
2,4,1274,H6P2Rb2,H-P-Rb,10,187.1094693144693,3.5491405770043265,"[[3.5472447522141963, 0.003607206420766657, 0.007135749235126907], [0.003607206420766657, 3.570650150014416, 0.0004237628198792932], [0.007135749235126907, 0.0004237628198792932, 3.5295268287843666]]"
2,4,1275,CaMnO2,Ca-Mn-O,4,50.78812794740908,5.423399172428252,"[[5.571205434287598, -0.03064187065769753, 0.15946565383757844], [-0.03064187065769753, 5.606217434964214, 0.09548115559815201], [0.15946565383757844, 0.09548115559815201, 5.092774648032944]]"
2,4,1276,AsCrO4,As-Cr-O,6,60.17513057153,6.157275394391188,"[[6.882973025775942, -0.0033475395456118973, 0.0008457874519113824], [-0.0033475395456118973, 5.935400659501879, -1.8793975747821041], [0.0008457874519113824, -1.8793975747821041, 5.653452497895743]]"
2,4,1277,Na3O8Pd5,Na-O-Pd,16,201.3648336519927,9.01944927240413,"[[9.202003855925582, 0.8528717500566562, 0.16179492469958962], [0.8528717500566562, 8.398865094332011, 1.7647719917372924], [0.16179492469958962, 1.7647719917372924, 9.457478866954794]]"
2,4,1278,As2Mn2Na2,As-Mn-Na,6,110.75829117654172,10.344869590559457,"[[11.472554187868163, 1.6076666524450925e-06, -0.0001643087382780296], [1.6076666524450925e-06, 11.473789360900666, -0.00125756080168847], [-0.0001643087382780296, -0.00125756080168847, 8.088265222909545]]"
2,4,1279,C2MgO7Sb2,C-Mg-O-Sb,12,211.02074149025333,3.2971379742067075,"[[3.295463824249714, 0.23710643511555513, 0.04011379533627987], [0.23710643511555513, 3.1267090275922436, 0.3470029426796045], [0.04011379533627987, 0.3470029426796045, 3.4692410707781662]]"
2,8,1280,Ca6Cd2P4,Ca-Cd-P,12,324.4203538485611,8.361736888062245,"[[8.624177469846376, -9.369476236202194e-05, -0.00025107099895702696], [-9.369476236202194e-05, 8.504368458658973, -0.0019622351211503446], [-0.00025107099895702696, -0.0019622351211503446, 7.956664735681386]]"
2,8,1281,Ba2Bi2CoSr2,Ba-Bi-Co-Sr,7,276.1059052922907,12.529426803686263,"[[12.135838269475578, 0.10316438657508858, 0.3472671529830857], [0.10316438657508858, 12.151467432166587, 0.37451610128110113], [0.3472671529830857, 0.37451610128110113, 13.300974709416618]]"
2,8,1282,Mo6NdS8,Mo-Nd-S,15,279.76794794224634,10.673472366773998,"[[10.67123555311763, -0.23857120723841982, 0.24035330249850811], [-0.23857120723841982, 10.67615406357848, 0.24252814835814682], [0.24035330249850811, 0.24252814835814682, 10.67302748362589]]"
2,8,1283,Li2N8Nb4Sr2,Li-N-Nb-Sr,16,187.3439720634648,11.498898268202788,"[[13.424101080387446, -0.0005441191758725659, -0.0012317010489014504], [-0.0005441191758725659, 11.860152768466946, -0.002810092121751547], [-0.0012317010489014504, -0.002810092121751547, 9.212440955753971]]"
2,8,1284,CuGaIn2Te4,Cu-Ga-In-Te,8,273.98062004861936,11.630825379797628,"[[11.441953273349323, 0.1601756748562513, 0.2913748776839031], [0.1601756748562513, 11.508012616678089, 0.3590642286273115], [0.2913748776839031, 0.3590642286273115, 11.942510249365476]]"
2,8,1285,Cu2Er2Te4,Cu-Er-Te,8,224.87331958602485,11.97195074325316,"[[9.701984595949934, -0.0007096637148882717, -0.0006552814692052353], [-0.0007096637148882717, 13.106996278412293, 0.0018472107110162784], [-0.0006552814692052353, 0.0018472107110162784, 13.10687135539725]]"
2,8,1286,CdHg4Te5,Cd-Hg-Te,10,365.8540738013069,11.06774703577721,"[[11.070314281820806, 0.0005645252181022481, 0.002346019572685581], [0.0005645252181022481, 11.064946685699734, 0.0009962412549088875], [0.002346019572685581, 0.0009962412549088875, 11.067980139811084]]"
2,8,1287,N9P4Sr5,N-P-Sr,18,283.0025098130045,5.014463492984178,"[[5.126337671114724, 0.21290469594939462, 0.09819829776386046], [0.21290469594939462, 5.277893432564008, 0.03000622025964019], [0.09819829776386046, 0.03000622025964019, 4.6391593752738025]]"
2,8,1288,Ag2I2,Ag-I,4,173.53274392533223,7.4542550361445405,"[[9.654636532154875, -0.0366425237846036, -0.1298990980082891], [-0.0366425237846036, 9.649952987983433, -0.10245103428335335], [-0.1298990980082891, -0.10245103428335335, 3.0581755882953146]]"
2,8,1289,Pd5Sb4Sr2,Pd-Sb-Sr,11,259.36403452177245,18.160724199752057,"[[15.256258765393637, 1.7893275279534058, 0.6230971695193077], [1.7893275279534058, 17.679191533696404, 1.183711709407945], [0.6230971695193077, 1.183711709407945, 21.546722300166135]]"
2,8,1290,CdO6Se3,Cd-O-Se,10,172.78763652304696,3.830582682017056,"[[4.125303434667408, 0.07811082947440116, 0.3405893490880265], [0.07811082947440116, 3.4792304632315494, 0.13806041870357152], [0.3405893490880265, 0.13806041870357152, 3.8872141481522116]]"
2,8,1291,In4Se6Tl2,In-Se-Tl,12,374.8763056350135,8.789605529566979,"[[9.5197065441526, -0.0006764175235247599, -0.000414632912435854], [-0.0006764175235247599, 8.781200511850955, -0.1506996776571526], [-0.000414632912435854, -0.1506996776571526, 8.067909532697383]]"
2,8,1292,Ba4N4,Ba-N,8,195.1585869116521,7.157230239740848,"[[7.157259080568852, -7.97941625001049e-05, -3.337015434424827e-05], [-7.97941625001049e-05, 7.158092594628803, 3.193895184374681e-05], [-3.337015434424827e-05, 3.193895184374681e-05, 7.156339044024883]]"
2,8,1293,Te16,Te,16,504.6617055550295,16.338433519256267,"[[16.336718604038264, 0.0003566902676819327, 0.0016968743660842553], [0.0003566902676819327, 16.339584207990658, -1.6497940707395442e-05], [0.0016968743660842553, -1.6497940707395442e-05, 16.33899774573987]]"
2,8,1294,Ba4Ca4Sb4,Ba-Ca-Sb,12,450.8412751536616,9.746743524269672,"[[10.181381145983485, 0.0017907077544797169, 0.0004809990052851191], [0.0017907077544797169, 9.371336792031974, 0.002799287912928378], [0.0004809990052851191, 0.002799287912928378, 9.687512634793551]]"
2,8,1295,K4Sb8,K-Sb,12,479.3159092463825,9.390822418692055,"[[9.801256347937098, 0.38694310155124073, -2.309973410628068], [0.38694310155124073, 8.198325489580085, -0.004658328806946233], [-2.309973410628068, -0.004658328806946233, 10.172885418558984]]"
2,8,1296,Ag3AsS4,Ag-As-S,8,187.263096163418,8.183509475866247,"[[8.22803471888837, -0.03913662662029053, -0.07019894153242554], [-0.03913662662029053, 8.212592906048263, -0.08674196805514038], [-0.07019894153242554, -0.08674196805514038, 8.10990080266211]]"
2,8,1297,Ag9Se9,Ag-Se,18,421.7638650483183,11.76508664584994,"[[10.335339513254356, 0.17569373924056372, 0.13388274690474183], [0.17569373924056372, 13.21963126821561, 0.015597105831008751], [0.13388274690474183, 0.015597105831008751, 11.740289156079848]]"
2,8,1298,Se4Zn4,Se-Zn,8,189.1948784696069,7.281673569534594,"[[7.2697183394042035, 0.001438993911233496, -0.005424308067887475], [0.001438993911233496, 7.26818857727687, -0.003300763157447834], [-0.005424308067887475, -0.003300763157447834, 7.3071137919227045]]"
2,8,1299,Ag4As2S6,Ag-As-S,12,275.3236685199537,8.49889550690673,"[[8.873402302393067, -0.17449080818531795, -0.32851347475407233], [-0.17449080818531795, 8.613018535385542, -0.5959901800857018], [-0.32851347475407233, -0.5959901800857018, 8.01026568294159]]"
2,8,1300,Mn4Se4,Mn-Se,8,158.73609899960508,11.245011093213206,"[[10.755835112882844, -0.0005701253718856734, -0.00021617835251794772], [-0.0005701253718856734, 12.212119157193948, -0.0003037556163067191], [-0.00021617835251794772, -0.0003037556163067191, 10.767079009562822]]"
2,8,1301,Al2Sb6Se12,Al-Sb-Se,20,609.2560819880306,11.446509185095962,"[[13.804859013582949, 0.0013083101525714154, -0.004710575950244786], [0.0013083101525714154, 11.623888860932045, -0.5503549367260477], [-0.004710575950244786, -0.5503549367260477, 8.910779680772894]]"
2,8,1302,Cl2Pr4S4,Cl-Pr-S,10,279.08120828478985,6.096752962310116,"[[6.3450908889825754, 0.06649769160320552, -0.07615700689942222], [0.06649769160320552, 5.886511760370508, 0.2672793550566569], [-0.07615700689942222, 0.2672793550566569, 6.05865623757726]]"
2,8,1303,N6Ti4,N-Ti,10,108.59673112937394,12.954322516763566,"[[12.95756157595761, 6.500553920587219e-05, 0.006089780713503049], [6.500553920587219e-05, 12.956230310350595, 0.004118905936519554], [0.006089780713503049, 0.004118905936519554, 12.949175663982496]]"
2,8,1304,Bi2In2Te2,Bi-In-Te,6,187.5454188053089,18.258191574298426,"[[19.38335751677016, -4.4354495120593493e-05, -0.004519734039549416], [-4.4354495120593493e-05, 19.403246352099295, 0.010431230954094048], [-0.004519734039549416, 0.010431230954094048, 15.987970854025825]]"
2,8,1305,Sb14Tl2,Sb-Tl,16,503.7730674230764,23.468854346232792,"[[24.641578441111875, -0.00031157825454687887, 0.00027782499351205575], [-0.00031157825454687887, 22.517070785707535, 0.6735607899931031], [0.00027782499351205575, 0.6735607899931031, 23.24791381187898]]"
2,8,1306,Ag3Te8,Ag-Te,11,319.15921088452285,17.182948479649273,"[[17.175382606339266, 0.6673260673898791, 0.582758415709873], [0.6673260673898791, 17.270334689759856, 0.6261092996854519], [0.582758415709873, 0.6261092996854519, 17.1031281428487]]"
2,8,1307,BaCeP16,Ba-Ce-P,18,415.3837899494145,9.617131548071733,"[[7.8873633512222465, -0.6191411467620023, 0.06572837986270708], [-0.6191411467620023, 10.485103227385666, -0.08830239883300292], [0.06572837986270708, -0.08830239883300292, 10.478928065607283]]"
2,8,1308,Cu2Hg2Te4Tl2,Cu-Hg-Te-Tl,10,345.7370215115152,10.39392883927125,"[[10.64970379314481, -0.005680954874511184, 0.0038677586959150728], [-0.005680954874511184, 10.315316603814178, -0.7256499748637024], [0.0038677586959150728, -0.7256499748637024, 10.216766120854766]]"
2,8,1309,La3Mg,La-Mg,4,135.9730373022317,9.751245485519526,"[[10.164853663515508, -1.4639804359097788e-05, -6.965644449297934e-05], [-1.4639804359097788e-05, 9.739741984906235, -0.00028502974275957434], [-6.965644449297934e-05, -0.00028502974275957434, 9.34914080813683]]"
2,8,1310,OSmTe2,O-Sm-Te,4,102.9865793114004,11.705303402322633,"[[11.356987480297397, 2.3813405831442305, -0.03009405898226927], [2.3813405831442305, 14.438544310640092, -0.2359129398989391], [-0.03009405898226927, -0.2359129398989391, 9.320378416030406]]"
2,8,1311,Sb3Te4,Sb-Te,7,243.7883134462843,20.05908424661534,"[[20.067063239690967, 0.007101679588061619, 0.033199572454908476], [0.007101679588061619, 20.023238003645112, -0.003028848799849949], [0.033199572454908476, -0.003028848799849949, 20.086951496509926]]"
2,8,1312,LiP4Si3V,Li-P-Si-V,9,161.08352857044122,11.5765359938178,"[[11.521726096743725, 0.042893888278856714, 0.08154556612182813], [0.042893888278856714, 11.539166068817698, 0.10022804634376888], [0.08154556612182813, 0.10022804634376888, 11.668715815891987]]"
2,8,1313,Cr4Cu2O3S5,Cr-Cu-O-S,14,226.9079738230401,10.222498260303473,"[[10.198304330864351, 0.2802223477843287, -0.062427866436650596], [0.2802223477843287, 9.724817576494926, 0.3371593920249339], [-0.062427866436650596, 0.3371593920249339, 10.744372873551141]]"
2,8,1314,Cr3NaSe6,Cr-Na-Se,10,241.62060365360196,10.060138428015662,"[[12.183112734807473, -0.8634428918750372, 3.3872904628076026], [-0.8634428918750372, 12.973223353285372, 2.1995240285587028], [3.3872904628076026, 2.1995240285587028, 5.024079195954151]]"
2,8,1315,Nd4S8Y2,Nd-S-Y,14,307.04769734249453,8.484778881642187,"[[8.496122720639294, 0.00016512477242903317, 0.017212168745606646], [0.00016512477242903317, 8.475362322332119, 0.00026417704842835767], [0.017212168745606646, 0.00026417704842835767, 8.482851601955156]]"
2,8,1316,Ba2InNP,Ba-In-N-P,5,136.11401544133167,12.714074985381629,"[[15.925839945165201, 0.00037993993238987037, -0.0021305207756800123], [0.00037993993238987037, 11.108200863879835, 0.00027249590550706786], [-0.0021305207756800123, 0.00027249590550706786, 11.108184147099841]]"
2,8,1317,Ge4S8,Ge-S,12,271.7896061435911,7.98487994530529,"[[8.968414453404723, -0.7574348632810081, 2.3123561212254184], [-0.7574348632810081, 9.597257558758436, 1.5437744793662398], [2.3123561212254184, 1.5437744793662398, 5.388967823752714]]"
2,8,1318,Ba5CuGa3Se9,Ba-Cu-Ga-Se,18,549.9454638455848,6.847410243117589,"[[7.384959535488928, -0.00038073547715105824, -0.00030672200214079876], [-0.00038073547715105824, 7.325280069175531, -0.15959740871883077], [-0.00030672200214079876, -0.15959740871883077, 5.831991124688313]]"
2,8,1319,MnRb2Te4,Mn-Rb-Te,7,356.03235343751004,7.251368310230828,"[[9.242798889245371, -0.0007230814480272425, -0.0011800600968051912], [-0.0007230814480272425, 6.227182223320244, -0.085492772834247], [-0.0011800600968051912, -0.085492772834247, 6.28412381812687]]"
2,8,1320,Al2HoLa2SrTe8,Al-Ho-La-Sr-Te,14,522.2741328383895,7.598224878579668,"[[8.287641845360895, -0.00031104173197240746, -1.1622848353189794e-05], [-0.00031104173197240746, 7.75796135237236, -0.030408167647315493], [-1.1622848353189794e-05, -0.030408167647315493, 6.749071438005758]]"
2,8,1321,Bi2Hg2Sb5,Bi-Hg-Sb,9,300.46052379021984,18.47965360735076,"[[16.798233069704068, -0.06622604622118555, 0.5608867692512228], [-0.06622604622118555, 19.54525948298995, -0.24043267195202137], [0.5608867692512228, -0.24043267195202137, 19.095468269358264]]"
2,8,1322,Se3,Se,3,95.9733418369346,8.549012246133573,"[[6.033150405095942, -0.021379752510485014, 0.015316850813994247], [-0.021379752510485014, 6.048404786038111, -0.02194906809765877], [0.015316850813994247, -0.02194906809765877, 13.565481547266668]]"
2,8,1323,Cu4Sb2Te4,Cu-Sb-Te,10,242.18194060741413,16.32341096300594,"[[14.856881516042096, 0.005462112859976268, -0.0047386805061952475], [0.005462112859976268, 14.85556643195613, 0.0015664264673089362], [-0.0047386805061952475, 0.0015664264673089362, 19.25778494101959]]"
2,8,1324,Co2Ge2Zn2,Co-Ge-Zn,6,89.37626699323282,18.005148948029177,"[[17.090705829156395, 0.021413664007899944, 0.010762725504369965], [0.021413664007899944, 17.094641564744332, 0.004243092066390076], [0.010762725504369965, 0.004243092066390076, 19.830099450186804]]"
2,8,1325,As3Bi5Pb4,As-Bi-Pb,12,372.2003922216533,19.80437762838384,"[[20.642941470363002, 0.0006229564762622197, -9.478733223786943e-05], [0.0006229564762622197, 19.854086807756502, -0.2298175121318897], [-9.478733223786943e-05, -0.2298175121318897, 18.916104607032015]]"
2,8,1326,Ag2I2,Ag-I,4,145.7934619820045,4.7983260085427375,"[[4.801235270516085, -0.007143995851890634, 0.0014356759537715246], [-0.007143995851890634, 4.7940877702657945, -0.0009546516750619609], [0.0014356759537715246, -0.0009546516750619609, 4.799654984846334]]"
2,8,1327,Bi3Li2Pd6,Bi-Li-Pd,11,210.37820130914608,21.193626821304974,"[[21.781450444220734, -0.0034634441200986753, 0.003461884232612753], [-0.0034634441200986753, 21.440307153309185, -0.643347083384652], [0.003461884232612753, -0.643347083384652, 20.35912286638501]]"
2,8,1328,As3Au3S11Sr3,As-Au-S-Sr,20,592.894544785421,5.374393066911459,"[[5.840992955778791, 0.0671427402578949, 0.25896085174786043], [0.0671427402578949, 5.254911006421008, -0.09167566731221072], [0.25896085174786043, -0.09167566731221072, 5.027275238534575]]"
2,8,1329,Se4SrZn3,Se-Sr-Zn,8,218.5699752770037,6.311527045942871,"[[6.520507117136082, -0.1942067936325704, -0.3326394694300899], [-0.1942067936325704, 6.431421634252484, -0.4185168360931437], [-0.3326394694300899, -0.4185168360931437, 5.9826523864400425]]"
2,8,1330,N5Sn9,N-Sn,14,308.33179273735703,11.868622514896542,"[[12.102515834276833, -0.10064117710637967, -0.014004545186116758], [-0.10064117710637967, 11.587713757594678, 0.019028801072399324], [-0.014004545186116758, 0.019028801072399324, 11.915637952818116]]"
2,8,1331,Er3O6W,Er-O-W,10,138.21725398280637,4.452319864134725,"[[4.2176301273054255, 0.05718970524114291, 0.21014360234547905], [0.05718970524114291, 4.552217845122584, 0.16364906417857572], [0.21014360234547905, 0.16364906417857572, 4.587111619976164]]"
2,8,1332,CaO7W2,Ca-O-W,10,148.78786987222114,4.587482505414664,"[[5.008492415216506, -0.5546129701414428, 0.1094065616307009], [-0.5546129701414428, 4.911988983932278, 0.2678926744508502], [0.1094065616307009, 0.2678926744508502, 3.841966117095206]]"
2,8,1333,AlCuNi2,Al-Cu-Ni,4,46.717842474038925,14.944491555567774,"[[15.885171405555752, -0.0007253192396577031, 0.00047615582456647415], [-0.0007253192396577031, 14.101009157540547, -0.000411997095813665], [0.00047615582456647415, -0.000411997095813665, 14.84729410360703]]"
2,8,1334,Mn4Te6Ti,Mn-Te-Ti,11,282.01919444391285,13.689940626577409,"[[14.11731110047091, 0.26762333077162553, 0.01911725230600129], [0.26762333077162553, 13.542393800076045, 0.03780928509835228], [0.01911725230600129, 0.03780928509835228, 13.410116979185272]]"
2,8,1335,CrSe8,Cr-Se,9,267.8578129714441,8.050950986754843,"[[9.335231229865485, 0.29387807766429985, -0.3495421333075282], [0.29387807766429985, 6.385475755986782, 2.0925157063953272], [-0.3495421333075282, 2.0925157063953272, 8.432145974412268]]"
2,8,1336,In5O8Pt,In-O-Pt,14,201.76976163686643,6.384280100585937,"[[6.397653563462283, 0.3756266937030713, -0.10082500398536827], [0.3756266937030713, 6.244558129506812, 0.35082052323817015], [-0.10082500398536827, 0.35082052323817015, 6.510628608788716]]"
2,8,1337,LaN3Ta,La-N-Ta,5,70.1712875513547,13.103879040078262,"[[13.611983236205814, -6.502277658488961e-06, 0.0004691612611313111], [-6.502277658488961e-06, 13.6088186641415, 0.0004126751161005397], [0.0004691612611313111, 0.0004126751161005397, 12.090835219887468]]"
2,8,1338,Ag5P2Se10Zr,Ag-P-Se-Zr,18,454.19057775722047,9.924637067120438,"[[9.507098065183921, -0.3020963293502669, 0.07130366221875256], [-0.3020963293502669, 9.903932188968714, -0.2042627010006172], [0.07130366221875256, -0.2042627010006172, 10.362880947208684]]"
2,8,1339,Ag5Te5Tm,Ag-Te-Tm,11,367.965414377684,10.462718445422915,"[[10.85533863479453, 0.0011895296245925102, -2.9085413932410423e-05], [0.0011895296245925102, 10.276819279436642, 1.6024097719544164], [-2.9085413932410423e-05, 1.6024097719544164, 10.255997422037575]]"
2,8,1340,Se4Sn2,Se-Sn,6,177.46105281224789,11.381814011499268,"[[12.678376132534321, -0.0023261751476680373, 0.004607060578507038], [-0.0023261751476680373, 12.674435681231113, 0.011566836672027256], [0.004607060578507038, 0.011566836672027256, 8.79263022073237]]"
2,8,1341,As4Mg3Tl5,As-Mg-Tl,12,351.71257016692846,10.600707667023244,"[[10.82127940668712, 4.679483150548876e-05, -4.0506975056363546e-05], [4.679483150548876e-05, 9.902973877592876, 0.057192229202462135], [-4.0506975056363546e-05, 0.057192229202462135, 11.077869716789744]]"
2,8,1342,La6PbPt3,La-Pb-Pt,10,329.22488774791145,15.8241080810219,"[[16.60438032198949, -0.0017672393103347164, 0.00015823666889394058], [-0.0017672393103347164, 16.601123441791565, -0.0006578095986274234], [0.00015823666889394058, -0.0006578095986274234, 14.266820479284643]]"
2,8,1343,Cu3LiY,Cu-Li-Y,5,82.635466658228,16.436357629300396,"[[15.863187707103464, 0.20498783864686468, 0.5863861753403565], [0.20498783864686468, 15.906259070149908, 0.6506973404173085], [0.5863861753403565, 0.6506973404173085, 17.539626110647795]]"
2,8,1344,Li2SnY,Li-Sn-Y,4,79.91054995079166,11.630658133032094,"[[11.632097685201781, 0.00017791273836838828, -0.00012006945555821315], [0.00017791273836838828, 11.628864171173655, -0.00010960337494198421], [-0.00012006945555821315, -0.00010960337494198421, 11.631012542720853]]"
2,8,1345,Pd5RhTe6,Pd-Rh-Te,12,265.5550551381625,20.37800885077194,"[[20.035017957809583, 0.00036650788839405165, -0.00010653350391011001], [0.00036650788839405165, 20.120292587450866, 0.5935991225865481], [-0.00010653350391011001, 0.5935991225865481, 20.97871600705538]]"
2,8,1346,CaS2Tm,Ca-S-Tm,4,86.96518159549528,6.734702600296554,"[[6.802916437126097, 0.00011597770602362657, 1.4090757201940093e-06], [0.00011597770602362657, 6.801656971622017, 0.0005981103592584783], [1.4090757201940093e-06, 0.0005981103592584783, 6.599534392141548]]"
2,8,1347,Cu2O2,Cu-O,4,44.513800637655606,10.76116056169172,"[[9.902254763978899, -0.049672633995164396, -0.008922915471112711], [-0.049672633995164396, 9.854536895367763, 0.003634800101726892], [-0.008922915471112711, 0.003634800101726892, 12.526690025728506]]"
2,8,1348,Mg2Te2,Mg-Te,4,138.74320199447743,5.48701801937565,"[[5.477224009826358, 0.00033281691972780763, -0.001520862335110393], [0.00033281691972780763, 5.477609355144751, -0.0001012089861619519], [-0.001520862335110393, -0.0001012089861619519, 5.506220693155841]]"
2,8,1349,LaNb8P7,La-Nb-P,16,287.68680194392334,17.689152293719033,"[[17.93423803041514, -0.00026857643744941016, -0.0005409906872295416], [-0.00026857643744941016, 17.865101940300537, -1.1874618972070525], [-0.0005409906872295416, -1.1874618972070525, 17.268116910441424]]"
2,8,1350,Bi4Pb8,Bi-Pb,12,387.3796527418898,23.535658038441863,"[[23.776671619296792, -0.0003745160042649348, 0.0005372391413261865], [-0.0003745160042649348, 23.15476413177569, -0.008432855644376035], [0.0005372391413261865, -0.008432855644376035, 23.675538364253114]]"
2,8,1351,Ba2N6W2,Ba-N-W,10,141.84474374725866,11.357995664202178,"[[11.674295666953812, -0.4060196943727403, 1.0254396138653112], [-0.4060196943727403, 11.96345374953049, 0.7243295442151514], [1.0254396138653112, 0.7243295442151514, 10.436237576122233]]"
2,8,1352,BaEuSe2,Ba-Eu-Se,4,131.31890574935434,6.706427187049719,"[[6.742837409195092, -0.006506248174213333, 0.03726940349918714], [-0.006506248174213333, 6.747702989763556, 0.023125884185794844], [0.03726940349918714, 0.023125884185794844, 6.628741162190506]]"
2,8,1353,AgLuS2,Ag-Lu-S,4,102.41358002657029,5.788646915677727,"[[5.1847854043838435, 0.00027641074129693176, 0.000870151198437324], [0.00027641074129693176, 5.349068345191755, 0.5131395656847834], [0.000870151198437324, 0.5131395656847834, 6.83208699745758]]"
2,8,1354,Cu2P4S10Tl4,Cu-P-S-Tl,20,527.3539894872081,6.853291963035734,"[[7.363502121108201, 0.0357264094293638, -0.5800893728765001], [0.0357264094293638, 7.011171307737322, 0.08846532770408293], [-0.5800893728765001, 0.08846532770408293, 6.18520246026168]]"
2,8,1355,LiN8Nb3Sr4,Li-N-Nb-Sr,16,266.2741185230016,7.060650239459831,"[[7.250956251352747, -0.002016530079419232, 0.8354750922563648], [-0.002016530079419232, 7.045562293334173, -0.009230666857484877], [0.8354750922563648, -0.009230666857484877, 6.8854321736925765]]"
2,8,1356,Ag3Cu,Ag-Cu,4,66.3612383187716,19.16887119339888,"[[19.59002865513879, -0.0056236957835158335, 0.001365414656784064], [-0.0056236957835158335, 19.578474065910275, 0.003816567780382986], [0.001365414656784064, 0.003816567780382986, 18.338110859147573]]"
2,8,1357,La2SeTe,La-Se-Te,4,124.45345061665108,9.956843208818832,"[[10.005854860272084, -0.008346851514368234, 0.053045914394937305], [-0.008346851514368234, 10.017014733765988, 0.03181614894891991], [0.053045914394937305, 0.03181614894891991, 9.847660032418428]]"
2,8,1358,Se2TeTi,Se-Te-Ti,4,93.25986679675049,15.03756997539521,"[[15.105277507710468, 0.0001949428331504545, -0.022020406061048457], [0.0001949428331504545, 15.105203715314227, -0.011002184114995312], [-0.022020406061048457, -0.011002184114995312, 14.902228703160926]]"
2,8,1359,Ag2Cu2Se2,Ag-Cu-Se,6,123.65929124244464,12.098425133095938,"[[11.798646745419795, -0.22920954857951967, -0.14480959614499347], [-0.22920954857951967, 12.285357610233726, -0.09465850860667593], [-0.14480959614499347, -0.09465850860667593, 12.211271043634298]]"
2,8,1360,Er4N4,Er-N,8,113.97738012674382,9.401172719072424,"[[9.401067950235749, 8.520259530217905e-06, 6.477904927098208e-07], [8.520259530217905e-06, 9.401312318703399, -3.4618507450642477e-06], [6.477904927098208e-07, -3.4618507450642477e-06, 9.401137888278129]]"
2,8,1361,Cu2Nb2Si2,Cu-Nb-Si,6,86.65391122814322,19.40862137195526,"[[19.602437725885824, -0.0006518062394409101, -0.0021252102153741593], [-0.0006518062394409101, 19.602204675872056, -0.0022027031395531987], [-0.0021252102153741593, -0.0022027031395531987, 19.0212217141079]]"
2,8,1362,CrTe,Cr-Te,2,47.73614771064845,16.396289288988843,"[[17.874344440836143, 0.00031300195026804755, -0.0025122564837825163], [0.00031300195026804755, 15.655104889622454, -0.0019064066909557284], [-0.0025122564837825163, -0.0019064066909557284, 15.659418536507953]]"
2,8,1363,Br4Sm6,Br-Sm,10,321.75908727622,7.417497327985405,"[[8.562806987702901, -0.0002779482383896053, 0.0004480045184260788], [-0.0002779482383896053, 6.565039921194347, -0.15201112280870804], [0.0004480045184260788, -0.15201112280870804, 7.1246450750589725]]"
2,8,1364,CaGaN2,Ca-Ga-N,4,48.16685798862196,8.462984245138566,"[[8.972601101805298, -0.09272251145602248, 0.5197416572282512], [-0.09272251145602248, 9.06740099681066, 0.316697678676724], [0.5197416572282512, 0.316697678676724, 7.348950636799748]]"
2,8,1365,Ca2Mg2Rh4,Ca-Mg-Rh,8,152.59865248396534,21.33581636615982,"[[21.575258336379594, -0.006681009906792098, 0.003685893933309853], [-0.006681009906792098, 21.59798817994518, -0.0008107617038245328], [0.003685893933309853, -0.0008107617038245328, 20.834202582154656]]"
2,8,1366,CuGa5S6,Cu-Ga-S,12,267.6533742690052,7.104769103183592,"[[7.797494760673767, -0.010650331813489476, 0.013831346947667812], [-0.010650331813489476, 7.176800285953289, 0.02932399257059271], [0.013831346947667812, 0.02932399257059271, 6.340012262923721]]"
2,8,1367,LiN2Ta,Li-N-Ta,4,38.74844153362668,11.68665730627586,"[[11.66978451490131, 0.0010784734994826828, -0.2982316790470989], [0.0010784734994826828, 11.892115257212172, -0.0007792508097693421], [-0.2982316790470989, -0.0007792508097693421, 11.4980721467141]]"
2,8,1368,Ba4BiMoN10Nb3,Ba-Bi-Mo-N-Nb,19,351.64146759951507,8.890751916526947,"[[10.562368355437616, -0.0011537450067672953, -3.4975149933298304e-05], [-0.0011537450067672953, 7.566817132000318, 0.2547520947115063], [-3.4975149933298304e-05, 0.2547520947115063, 8.543070262142901]]"
2,8,1369,Au2Ge2S6Tl2,Au-Ge-S-Tl,12,349.60351931454784,5.945627350463632,"[[7.566678896991369, 0.015261947012484126, -0.015265443946426966], [0.015261947012484126, 5.675092455388023, 0.15861795084489103], [-0.015265443946426966, 0.15861795084489103, 4.595110699011504]]"
2,8,1370,CuO14P3Ta2,Cu-O-P-Ta,20,254.2896581701716,4.805923396481906,"[[4.8683298319536865, 0.36992443051362695, -0.45796474803361076], [0.36992443051362695, 4.793340834750304, 0.3988896225932695], [-0.45796474803361076, 0.3988896225932695, 4.756099522741725]]"
2,8,1371,Br2Li4N6Re3,Br-Li-N-Re,15,239.8852836657964,6.430275805770148,"[[5.976673505111777, 0.5294490200370395, 0.049727659383529084], [0.5294490200370395, 6.671268950568957, 0.011750185083005318], [0.049727659383529084, 0.011750185083005318, 6.642884961629712]]"
2,8,1372,Cd2Te2,Cd-Te,4,144.62488697736558,8.855698779337253,"[[8.860240123465575, -0.019361677829622226, -0.008879825214198049], [-0.019361677829622226, 8.877196533232341, -0.006165120922884357], [-0.008879825214198049, -0.006165120922884357, 8.829659681313847]]"
2,8,1373,Sr3Te3,Sr-Te,6,273.7091777851357,5.466867383076125,"[[5.855744197181485, 9.776641941562813e-06, 0.00220625664673117], [9.776641941562813e-06, 5.855844020889265, -0.003565364939896666], [0.00220625664673117, -0.003565364939896666, 4.689013931157625]]"
2,8,1374,Fe2Lu6O12,Fe-Lu-O,20,265.3279752779876,4.364027949384815,"[[4.458840946742648, -6.524156598437313e-05, -0.00036538672735141503], [-6.524156598437313e-05, 4.262686357928378, -0.1525585601063851], [-0.00036538672735141503, -0.1525585601063851, 4.370556543483418]]"
2,8,1375,O2Sr2,O-Sr,4,70.44604499615033,5.6735960153538985,"[[5.6720743613115845, -0.0006772800337770943, -0.00025052940670764135], [-0.0006772800337770943, 5.671862158791, -0.0003712619237179638], [-0.00025052940670764135, -0.0003712619237179638, 5.676851525959111]]"
2,8,1376,Ba4Se4,Ba-Se,8,299.5298504557562,5.380610544619331,"[[5.377373426429039, -0.00040917352373556927, -2.0771249646781053e-05], [-0.00040917352373556927, 5.374977045034724, -2.1420342632459387e-05], [-2.0771249646781053e-05, -2.1420342632459387e-05, 5.389481162394229]]"
2,8,1377,Ba2N8Nb4V2,Ba-N-Nb-V,16,215.1821686227738,14.39426256391594,"[[17.506023715752352, -0.0004741677403752621, -0.0006997083008377918], [-0.0004741677403752621, 11.743736764031487, -0.45281226805171787], [-0.0006997083008377918, -0.45281226805171787, 13.933027211963969]]"
2,8,1378,Bi2K2Te6Zn2,Bi-K-Te-Zn,12,451.5210926965802,8.521541971752333,"[[10.37181940502634, -0.0010261513002553465, 0.0021289354879590154], [-0.0010261513002553465, 8.227790067510112, 2.255292924945652], [0.0021289354879590154, 2.255292924945652, 6.965016442720543]]"
2,8,1379,BeCaPt,Be-Ca-Pt,3,57.77876097743359,14.945432039885306,"[[16.500184378793318, -0.0002176368050059083, 0.003964362112857203], [-0.0002176368050059083, 16.498987020148498, 0.0017933296389911636], [0.003964362112857203, 0.0017933296389911636, 11.83712472071412]]"
2,8,1380,LiSbZn,Li-Sb-Zn,3,65.36764713524406,11.401225604472074,"[[11.404625959097066, -0.00439557643371949, -0.00211395688011044], [-0.00439557643371949, 11.406577788540371, -0.00256919850230922], [-0.00211395688011044, -0.00256919850230922, 11.392473065778779]]"
2,8,1381,Mn2S2,Mn-S,4,70.36901372456722,5.29458123648668,"[[6.04702036220919, -0.10902090476741647, 0.6738272703108976], [-0.10902090476741647, 6.16062988674728, 0.4089034047798515], [0.6738272703108976, 0.4089034047798515, 3.6760934605035698]]"
2,8,1382,Te2Zn2,Te-Zn,4,118.50169777569884,8.787591979228294,"[[8.760615871070984, -0.0006136661253071072, -4.804714118335984e-06], [-0.0006136661253071072, 8.758087895118477, -1.0575612675127238e-05], [-4.804714118335984e-06, -1.0575612675127238e-05, 8.844072171495418]]"
2,8,1383,Ag3Ni3S6,Ag-Ni-S,12,207.44968974683587,11.30199867423922,"[[10.964449907932922, 0.43760841356436764, 0.34744792747617925], [0.43760841356436764, 11.58853681821091, 0.011756965409105074], [0.34744792747617925, 0.011756965409105074, 11.353009296573836]]"
2,8,1384,Rb2Sb4,Rb-Sb,6,247.8592942354408,10.50624121923463,"[[13.587619718933677, -0.0080661604669013, 0.002570209058017243], [-0.0080661604669013, 13.558770304069615, 0.006192640988336619], [0.002570209058017243, 0.006192640988336619, 4.372333634700596]]"
2,8,1385,Cu4K3PdSe7,Cu-K-Pd-Se,15,378.5336707987497,8.111789596581252,"[[9.40974758549033, -0.0015439312856628396, 0.0023938356711063436], [-0.0015439312856628396, 8.457893658921618, 0.09856866791377838], [0.0023938356711063436, 0.09856866791377838, 6.467727545331805]]"
2,8,1386,Cr2O11Sb3Sr2,Cr-O-Sb-Sr,18,296.0408619928703,4.068840549794086,"[[3.978613572955444, -0.1218366144161229, -0.3078418473254418], [-0.1218366144161229, 4.470997895385307, -0.428119673953466], [-0.3078418473254418, -0.428119673953466, 3.7569101810415066]]"
2,8,1387,I6K2V,I-K-V,9,372.54223303590106,5.294550551065318,"[[5.29077966487378, 0.0033436071506604734, 0.003920285842685574], [0.0033436071506604734, 5.293625855835029, 0.001503824283189594], [0.003920285842685574, 0.001503824283189594, 5.299246132487143]]"
2,8,1388,Au4In8,Au-In,12,287.8857655960469,18.75206301926076,"[[19.1514200998803, 0.0003342942828651821, -0.010566825550548336], [0.0003342942828651821, 18.591037604138982, -5.707855158691664e-06], [-0.010566825550548336, -5.707855158691664e-06, 18.51373135376296]]"
2,8,1389,Nb2Se6,Nb-Se,8,177.8560344435703,15.346048030878128,"[[18.737807441038832, 0.005085767729903119, -0.0001192400738426816], [0.005085767729903119, 8.140569263949155, 0.030638413672757315], [-0.0001192400738426816, 0.030638413672757315, 19.15976738764639]]"
2,8,1390,Bi2CaIO4,Bi-Ca-I-O,8,155.01404437327764,6.501297955671228,"[[6.987711949270366, 3.627107624703401e-07, -0.0007741885178928195], [3.627107624703401e-07, 6.985769211919292, -0.0008992827007516193], [-0.0007741885178928195, -0.0008992827007516193, 5.530412705824022]]"
2,8,1391,HfS2,Hf-S,3,78.1870880253653,6.672651171859766,"[[8.481102882467521, -5.259774845424317e-05, -0.001854259783515302], [-5.259774845424317e-05, 8.481111119152335, 0.00017170386559818508], [-0.001854259783515302, 0.00017170386559818508, 3.0557395139594425]]"
2,8,1392,Bi2Cd4Te8,Bi-Cd-Te,14,513.9756321113663,11.479789167062217,"[[11.301982363876137, -0.055311288204965094, -0.00037642062635767474], [-0.055311288204965094, 11.25797011188444, -0.0005261710622519947], [-0.00037642062635767474, -0.0005261710622519947, 11.879415025426061]]"
2,8,1393,In3LiMo2O8,In-Li-Mo-O,14,186.2593981682423,5.301851240101265,"[[5.3336995850040365, -0.07550224880490883, -0.1527803337945081], [-0.07550224880490883, 5.374895382869102, -0.11577258046336616], [-0.1527803337945081, -0.11577258046336616, 5.196958752430658]]"
2,8,1394,C4,C,4,45.638998535332505,7.10873377807062,"[[10.24187839841273, -0.1724694956600282, -1.034083078921138], [-0.1724694956600282, 10.08402456177555, -1.610796079595501], [-1.034083078921138, -1.610796079595501, 1.0002983740235851]]"
2,8,1395,AsLi2S4Sb,As-Li-S-Sb,8,167.44090272214572,9.154872652734806,"[[8.133469591982282, -0.5365495070457641, -0.5899223072632562], [-0.5365495070457641, 9.676850998894885, -0.21652549290969886], [-0.5899223072632562, -0.21652549290969886, 9.654297367327247]]"
2,8,1396,S4Sb8,S-Sb,12,366.54146969598406,12.097447492553613,"[[15.30259257056969, 0.020155498671675244, -0.00726256360324809], [0.020155498671675244, 8.379109295174151, 1.7490235951181465], [-0.00726256360324809, 1.7490235951181465, 12.610640611916992]]"
2,8,1397,Ag2SbSiTe4,Ag-Sb-Si-Te,8,273.598362413368,11.685228432239972,"[[11.95983023801159, -0.2653646093919032, -0.427268932830377], [-0.2653646093919032, 11.833866323277055, -0.5457444117751443], [-0.427268932830377, -0.5457444117751443, 11.261988735431268]]"
2,8,1398,AsP2SiTl,As-P-Si-Tl,5,116.3458945956344,10.927121567119968,"[[12.001010032869647, -0.49829733997517095, -1.2527019305460523], [-0.49829733997517095, 11.88174039864829, -1.4098688870686968], [-1.2527019305460523, -1.4098688870686968, 8.898614269841975]]"
2,8,1399,BaO6Ta2,Ba-O-Ta,9,136.5367757520094,5.176166552706686,"[[5.693489295699165, 0.0010440656598237404, -0.0003691420516637274], [0.0010440656598237404, 4.816238709533926, 0.14640383622308267], [-0.0003691420516637274, 0.14640383622308267, 5.018771652886966]]"
2,8,1400,Nb2Se8Ta,Nb-Se-Ta,11,241.29375073420312,15.233877090097792,"[[16.300613764664178, 0.38352622077113074, 0.2184474702485939], [0.38352622077113074, 13.274947780738106, 2.0297761641139984], [0.2184474702485939, 2.0297761641139984, 16.126069724891103]]"
2,8,1401,As2In2Sr2,As-In-Sr,6,187.2955969172183,12.91547703955989,"[[13.130593677456238, -0.04057806079715263, -0.1607364493539386], [-0.04057806079715263, 13.140579434347885, -0.1751750656217238], [-0.1607364493539386, -0.1751750656217238, 12.475258006875551]]"
2,8,1402,In2La4Te6,In-La-Te,12,437.0824471825092,11.28119089651205,"[[11.267598831413746, 0.0015200454785766766, -0.00031932283548693916], [0.0015200454785766766, 11.755258132472848, 0.22532633647466288], [-0.00031932283548693916, 0.22532633647466288, 10.82071572564956]]"
2,8,1403,Al2As4K2Rb2,Al-As-K-Rb,10,311.97664467976216,7.526329162365208,"[[7.998204894264908, 0.08555506285210543, 0.13539397250383758], [0.08555506285210543, 7.19880229209991, -0.40624242134675637], [0.13539397250383758, -0.40624242134675637, 7.381980300730802]]"
2,8,1404,Cu2Te4Zn2,Cu-Te-Zn,8,220.92295124829047,11.442582089702992,"[[11.406716611282176, 0.02925235033491975, 0.05400980500430244], [0.02925235033491975, 11.418199723361022, 0.06505065174596547], [0.05400980500430244, 0.06505065174596547, 11.502829934465781]]"
2,8,1405,In2MgS4,In-Mg-S,7,187.3196300699272,5.725055303775221,"[[6.11275843993147, -0.30734850221399057, -0.5703203939924408], [-0.30734850221399057, 5.988898833232148, -0.6944073803054166], [-0.5703203939924408, -0.6944073803054166, 5.073508638162043]]"
2,8,1406,Ag4P2S6,Ag-P-S,12,245.6760677690588,9.006059206683284,"[[9.26611317171629, -0.023966535931334455, -0.014643543436739985], [-0.023966535931334455, 9.339358055084231, -0.005059457104341641], [-0.014643543436739985, -0.005059457104341641, 8.412706393249321]]"
2,8,1407,Ba2Te2,Ba-Te,4,176.77973977625308,5.810481338307857,"[[5.810640664905696, -0.00033879494692679713, -0.000540826887602888], [-0.00033879494692679713, 5.810844293259728, 0.0005169600035642359], [-0.000540826887602888, 0.0005169600035642359, 5.809959056758149]]"
2,12,1408,OsZr5,Os-Zr,6,125.00496171076288,21.964115692312927,"[[22.437763794312062, 0.00033206406477257454, -0.13277777628109794], [0.00033206406477257454, 21.567921387015875, 0.00021442047073942777], [-0.13277777628109794, 0.00021442047073942777, 21.886661895610835]]"
2,12,1409,La4N10Ti4,La-N-Ti,18,257.89365346907334,11.296307453410009,"[[12.649728244046154, 0.0005038166164481647, -0.00010901919804198795], [0.0005038166164481647, 10.308545367136405, 0.9994175707792088], [-0.00010901919804198795, 0.9994175707792088, 10.930648749047469]]"
2,12,1410,Ir2S6,Ir-S,8,172.19013529223673,8.294319775371557,"[[9.48134747220774, -0.001823434334957103, -0.01529864485948615], [-0.001823434334957103, 8.051773086785367, -0.23897699213533993], [-0.01529864485948615, -0.23897699213533993, 7.3498387671215575]]"
2,12,1411,Cd2Hg5Sr2,Cd-Hg-Sr,9,260.3702372154316,10.834738030819691,"[[10.929860258030404, 0.14370684486152216, -0.16829780526006538], [0.14370684486152216, 10.823812808338214, 0.2495562615696892], [-0.16829780526006538, 0.2495562615696892, 10.750541026090469]]"
2,12,1412,BaCa2P2,Ba-Ca-P,5,155.91974620211303,7.328159877592274,"[[7.288628041349067, -0.0007869743641151303, -0.0006918784073101227], [-0.0007869743641151303, 7.288610202393758, -3.3220076874600914e-05], [-0.0006918784073101227, -3.3220076874600914e-05, 7.407241389033997]]"
2,12,1413,Ca2Se10,Ca-Se,12,329.1408551138756,9.658647246630116,"[[8.37990391200818, 0.3202235810804512, -1.8023316636184965], [0.3202235810804512, 10.303156792972885, 1.2837763061112966], [-1.8023316636184965, 1.2837763061112966, 10.292881034909273]]"
2,12,1414,Cu3Nb2Rb4Te7,Cu-Nb-Rb-Te,16,604.9224752135486,7.141832762340555,"[[9.825081026688435, 0.005531708832886147, -0.00544784091993009], [0.005531708832886147, 5.900936517587536, -0.09660654101107076], [-0.00544784091993009, -0.09660654101107076, 5.699480742745696]]"
2,12,1415,S8Ta4,S-Ta,12,267.27357266834565,11.053743868138849,"[[15.218713726745374, -0.004418893063358754, 0.0036566701567509645], [-0.004418893063358754, 8.33716203618004, 5.5034293790685345], [0.0036566701567509645, 5.5034293790685345, 9.605355841491129]]"
2,12,1416,Ag2P8,Ag-P,10,207.2483317366436,13.22779288763718,"[[12.338399199953146, 0.1731234761658968, -0.5380980307541067], [0.1731234761658968, 14.020218825111085, -0.5454319286339603], [-0.5380980307541067, -0.5454319286339603, 13.324760637847296]]"
2,12,1417,Ca2HfLaO6,Ca-Hf-La-O,10,151.52431555253432,3.873816569184153,"[[3.8929241709641405, -0.021985141152533878, 0.05783946534557832], [-0.021985141152533878, 3.9101598995100395, 0.04027746915592518], [0.05783946534557832, 0.04027746915592518, 3.8183656370782773]]"
2,12,1418,NiReRh2,Ni-Re-Rh,4,53.88902340711626,31.48505942627172,"[[31.168870222042095, 0.24623729987846055, 0.4587918763828409], [0.24623729987846055, 31.278680391064327, 0.5583250600195955], [0.4587918763828409, 0.5583250600195955, 32.007627665708746]]"
2,12,1419,As2Ba2Bi2Cu2,As-Ba-Bi-Cu,8,225.9872291273338,15.967533168416807,"[[18.819454705745095, 0.00023789271472254863, -0.0008533829129570922], [0.00023789271472254863, 18.815848151183292, -0.0036769081791476334], [-0.0008533829129570922, -0.0036769081791476334, 10.26729664832204]]"
2,12,1420,Ba2NbSe4,Ba-Nb-Se,7,214.10684130979527,6.722028139414469,"[[6.784278591220909, -0.019896206244005787, -0.05936790692853081], [-0.019896206244005787, 6.780987180559368, -0.0643106697561734], [-0.05936790692853081, -0.0643106697561734, 6.600818646463136]]"
2,12,1421,Ba2S4,Ba-S,6,163.9086998672438,8.073499226294603,"[[6.735149182455698, 0.0007670376928193761, 0.0031850475437915837], [0.0007670376928193761, 8.73984733306524, 0.0005584985271807701], [0.0031850475437915837, 0.0005584985271807701, 8.74550116336287]]"
2,12,1422,NdS9Sc6,Nd-S-Sc,16,336.66498160249967,8.1353849122504,"[[8.51307353770573, 0.00019862520887120626, -0.00019269647229004696], [0.00019862520887120626, 7.725137633984149, 0.00010837082861648753], [-0.00019269647229004696, 0.00010837082861648753, 8.167943565061325]]"
2,12,1423,Cs4Se2,Cs-Se,6,298.2077096473145,3.4436761379475285,"[[3.4447102320486835, 1.0589764234663867e-05, 0.00015457520014094944], [1.0589764234663867e-05, 3.4441736350883976, 2.369682645815032e-05], [0.00015457520014094944, 2.369682645815032e-05, 3.4421445467055007]]"
2,12,1424,P8Se12,P-Se,20,715.8056950319282,5.57418080334276,"[[3.5328786889517105, -0.09772486669314588, -0.09710887759945892], [-0.09772486669314588, 6.4631726088516475, -1.0260489570777476], [-0.09710887759945892, -1.0260489570777476, 6.726491112224926]]"
2,12,1425,CuTe2V,Cu-Te-V,4,87.31194322735989,16.456752916307206,"[[16.55830599574098, -0.018542031200763857, 0.10056364702253028], [-0.018542031200763857, 16.572624107164824, 0.06689894942193222], [0.10056364702253028, 0.06689894942193222, 16.239328646015828]]"
2,12,1426,LiN9Nb2V4Yb2,Li-N-Nb-V-Yb,18,196.39761261296624,12.139548077617397,"[[14.496375082183647, -0.0008154976014281819, -0.0010264151877604432], [-0.0008154976014281819, 10.578564286178587, -0.36885594118471954], [-0.0010264151877604432, -0.36885594118471954, 11.343704864489954]]"
2,12,1427,S6Sb6,S-Sb,12,329.840174625981,12.58934421786248,"[[14.716624301065291, -0.0018665104486202519, -0.0014074293968924247], [-0.0018665104486202519, 10.39696180265602, 1.0599310216240363], [-0.0014074293968924247, 1.0599310216240363, 12.654446549866126]]"
2,12,1428,Ag2CsNbS4,Ag-Cs-Nb-S,8,249.97956458849976,4.755989667095194,"[[5.381457500751025, 0.03201191874438136, 0.5829377108490512], [0.03201191874438136, 4.277330967855809, -0.0714639987654166], [0.5829377108490512, -0.0714639987654166, 4.60918053267875]]"
2,12,1429,La3Li3Te6,La-Li-Te,12,383.9335471767251,8.683220773716942,"[[8.71645215576686, 0.00011924078944813734, -0.0011341735667961647], [0.00011924078944813734, 8.815848948683207, 0.3290868990527505], [-0.0011341735667961647, 0.3290868990527505, 8.517361216700756]]"
2,12,1430,LiPrZn4,Li-Pr-Zn,6,111.29684244628248,11.352673420105276,"[[11.360015326849883, 0.0007756555995087471, -0.006613235777802034], [0.0007756555995087471, 11.349134014322727, -0.0024281546315596198], [-0.006613235777802034, -0.0024281546315596198, 11.34887091914322]]"
2,12,1431,P6Sc6,P-Sc,12,225.26953786415075,13.76583462429428,"[[13.921740405841874, 0.00021893327757852265, 0.0007948597664226866], [0.00021893327757852265, 14.19866261597212, -0.27296063583689717], [0.0007948597664226866, -0.27296063583689717, 13.177100851068857]]"
2,12,1432,AuSb8,Au-Sb,9,256.8549448246527,27.553564710973337,"[[28.149325444176345, -0.026653838223743228, 0.25687655180258845], [-0.026653838223743228, 27.3930511320869, 0.12059889448796667], [0.25687655180258845, 0.12059889448796667, 27.118317556656766]]"
2,12,1433,Bi4Sn,Bi-Sn,5,163.69132182007507,25.750375245867748,"[[25.885167261636223, -0.021414631517310906, 0.1259539982434564], [-0.021414631517310906, 25.908436882222635, 0.07505187217584058], [0.1259539982434564, 0.07505187217584058, 25.457521593744406]]"
2,12,1434,Ba4Nb4S12,Ba-Nb-S,20,539.6203468141799,6.096172429317569,"[[6.210609932410484, 0.3840780896813778, 0.028953687357380273], [0.3840780896813778, 5.496850869037632, 0.7562859386773704], [0.028953687357380273, 0.7562859386773704, 6.581056486504587]]"
2,12,1435,Cu4S8Tm4,Cu-S-Tm,16,308.6518238626945,8.687138104320892,"[[9.029470401553882, -0.0001749653290097104, -7.7943319333556e-05], [-0.0001749653290097104, 8.342479704067475, 0.011993360158432404], [-7.7943319333556e-05, 0.011993360158432404, 8.689464207341318]]"
2,12,1436,Na4Sb4Zn4,Na-Sb-Zn,12,293.2510116310378,13.100837661448198,"[[14.315736557397123, -0.000684154475777706, -0.0002477586417858493], [-0.000684154475777706, 11.263060546514785, -0.004088488815086722], [-0.0002477586417858493, -0.004088488815086722, 13.723715880432682]]"
2,12,1437,HNbSe2,H-Nb-Se,4,80.99744091764576,9.541445848105283,"[[12.614764268392948, -3.1376921066132286e-05, -0.009188524373358301], [-3.1376921066132286e-05, 12.614566848196782, -0.007995806146413006], [-0.009188524373358301, -0.007995806146413006, 3.3950064277261176]]"
2,12,1438,Ba2Bi10,Ba-Bi,12,426.3314489205753,17.93123006532205,"[[19.605801033835025, -0.0031746603096384756, -0.002607222585940203], [-0.0031746603096384756, 19.05145442144842, -0.4491598778011261], [-0.002607222585940203, -0.4491598778011261, 15.136434740682713]]"
2,12,1439,Cr2Se8,Cr-Se,10,316.2253344112197,5.737149616776381,"[[3.5366332467242567, 0.06633377527011897, 0.020164612889660014], [0.06633377527011897, 3.37551654101955, 0.03344922327208872], [0.020164612889660014, 0.03344922327208872, 10.299299062585334]]"
2,12,1440,N9Nb4Ta3Ti4,N-Nb-Ta-Ti,20,232.3015029688681,17.25446974888313,"[[17.702810862529642, -0.0007459912317325839, -0.0003435223027882666], [-0.0007459912317325839, 16.87216149551201, -0.19849753238801324], [-0.0003435223027882666, -0.19849753238801324, 17.188436888607715]]"
2,12,1441,Ca7N2P2S,Ca-N-P-S,12,285.5337000615766,6.881242084897991,"[[6.9863408747443145, 0.00046605370345161333, 0.0032848981431009977], [0.00046605370345161333, 6.955630205344673, -0.046785271672654775], [0.0032848981431009977, -0.046785271672654775, 6.701755174604983]]"
2,12,1442,CaLaPS,Ca-La-P-S,4,103.39564987878823,7.824946275874051,"[[7.906407433905911, -0.016372998683870432, 0.08906011113204622], [-0.016372998683870432, 7.923260457746039, 0.05448680777406464], [0.08906011113204622, 0.05448680777406464, 7.645170935970202]]"
2,12,1443,Cu2Hf2Li2S6,Cu-Hf-Li-S,12,221.8556438064518,9.187354270292406,"[[9.512416383355239, -0.01104396937822013, -0.1539594913812713], [-0.01104396937822013, 8.087515185981848, 0.5952445219930443], [-0.1539594913812713, 0.5952445219930443, 9.962131241540133]]"
2,12,1444,Cu2Te7Zn6,Cu-Te-Zn,15,431.0836518594313,9.690206238577188,"[[9.659798145382537, 0.00012294668644983697, 8.781862965581741e-05], [0.00012294668644983697, 9.822251283625064, 0.2926567537542899], [8.781862965581741e-05, 0.2926567537542899, 9.588569286723954]]"
2,12,1445,O2PtY,O-Pt-Y,4,65.19469334697243,7.631215538268627,"[[7.622442094746277, 0.00020287331544102848, -0.0032724729447935965], [0.00020287331544102848, 7.622147001489382, -0.0023455627402441085], [-0.0032724729447935965, -0.0023455627402441085, 7.649057518570218]]"
2,12,1446,Ba2Cu4Te6,Ba-Cu-Te,12,353.19334608251506,11.186240250943598,"[[12.679411839552246, 0.3133434630862457, -0.5860814604133002], [0.3133434630862457, 10.282345485365829, -0.03604751541160567], [-0.5860814604133002, -0.03604751541160567, 10.596963427912721]]"
2,12,1447,Cr2Cu4Rb2Se4,Cr-Cu-Rb-Se,12,288.6993310219713,7.442927424247291,"[[9.563549318586306, -0.0015735444534614846, 0.0009536534638537534], [-0.0015735444534614846, 5.060135967582384, -0.2585424218504725], [0.0009536534638537534, -0.2585424218504725, 7.70509698657318]]"
2,12,1448,Rb2Te8,Rb-Te,10,397.1439858589195,13.75323070343238,"[[19.937654111117464, -0.0017450161868120251, 0.0027601109592440757], [-0.0017450161868120251, 12.754341360110176, -0.12994076649831154], [0.0027601109592440757, -0.12994076649831154, 8.567696639069506]]"
2,12,1449,In2Sb2Te6,In-Sb-Te,10,390.5644356601244,10.98253486595874,"[[14.353257434662918, 0.007825607657235093, -3.759468929417451e-05], [0.007825607657235093, 10.965834843491928, 1.0774970083879025], [-3.759468929417451e-05, 1.0774970083879025, 7.6285123197213665]]"
2,12,1450,Ge2Li4MgN6Zr,Ge-Li-Mg-N-Zr,14,167.294444798693,6.285905182517624,"[[6.3325617775486025, 0.0001772697982174605, 0.013086473167191453], [0.0001772697982174605, 6.332316092535128, 0.007378956604765923], [0.013086473167191453, 0.007378956604765923, 6.192837677469137]]"
2,12,1451,Ca4N8Ta3Zr,Ca-N-Ta-Zr,16,233.43737262294252,8.471691368517304,"[[9.399493822033891, -0.0001784049763173106, 0.0002544975279292357], [-0.0001784049763173106, 8.947167696897266, -0.23123623385356518], [0.0002544975279292357, -0.23123623385356518, 7.06841258662075]]"
2,12,1452,Te9Tl11,Te-Tl,20,708.0489869547353,14.585877340917468,"[[14.58138157979729, 0.10004048698524257, 0.02565048649444374], [0.10004048698524257, 14.557340646943622, -0.6603037374806539], [0.02565048649444374, -0.6603037374806539, 14.618909796011488]]"
2,12,1453,CuInTe2,Cu-In-Te,4,124.58905342886362,12.243636699478383,"[[11.842899233006921, 0.002393164564416838, 0.002127285012935959], [0.002393164564416838, 11.839643427268639, 0.0031861375338876827], [0.002127285012935959, 0.0031861375338876827, 13.048367438159588]]"
2,12,1454,AsAuBa3S6Sr,As-Au-Ba-S-Sr,12,360.9857590610935,5.553917882365771,"[[5.7480059200178975, -0.00243451829222134, -0.004224658927435157], [-0.00243451829222134, 5.7483131263715705, -0.0012928980959759809], [-0.004224658927435157, -0.0012928980959759809, 5.165434600707842]]"
2,12,1455,Cu2O6Pt2,Cu-O-Pt,10,124.99758111980384,10.906153553440085,"[[12.61319797467129, -0.001546307811258837, -0.00013935517447874934], [-0.001546307811258837, 9.734747555561198, 0.7418992610577035], [-0.00013935517447874934, 0.7418992610577035, 10.370515130087767]]"
2,12,1456,Bi2Se4,Bi-Se,6,168.32557501025542,15.750897533010532,"[[15.827404824055845, -0.0023876187316203877, -0.005877569116413489], [-0.0023876187316203877, 15.811036545372543, 6.0594086073024965e-05], [-0.005877569116413489, 6.0594086073024965e-05, 15.614251229603218]]"
2,12,1457,AgRhSe2,Ag-Rh-Se,4,84.8060917882175,14.505918321869098,"[[15.129895096055396, -0.005821611340455816, -0.0047766121428608165], [-0.005821611340455816, 15.130372736619927, -7.141575454835931e-05], [-0.0047766121428608165, -7.141575454835931e-05, 13.257487132931978]]"
2,12,1458,HoSiTe10,Ho-Si-Te,12,435.772766812508,15.65492902115472,"[[17.454621163885882, 0.009482301062064378, -0.0026749023718727984], [0.009482301062064378, 13.30463132966007, 1.4713731834458423], [-0.0026749023718727984, 1.4713731834458423, 16.205534569918207]]"
2,12,1459,Ca11P6,Ca-P,17,436.3410744903968,8.46689020576724,"[[8.604618138524264, 4.287899100315011e-05, 0.00022440542270011827], [4.287899100315011e-05, 8.44363755008145, -0.12793261477313392], [0.00022440542270011827, -0.12793261477313392, 8.352414928696012]]"
2,12,1460,Cu4Se12Zr4,Cu-Se-Zr,20,484.9525966028419,12.49037582445073,"[[11.508034812545372, -0.06451677697993462, -0.759869881179312], [-0.06451677697993462, 13.471683667919326, -0.6071498659315246], [-0.759869881179312, -0.6071498659315246, 12.49140899288749]]"
2,12,1461,Al2Bi2S2,Al-Bi-S,6,172.89714134582624,7.825198373876067,"[[9.085394413626888, -0.0008382065757322973, -0.0009807647355545184], [-0.0008382065757322973, 8.424224571945945, -0.5729284195769595], [-0.0009807647355545184, -0.5729284195769595, 5.965976136055372]]"
2,12,1462,Bi4S6,Bi-S,10,334.09305623831443,8.716683429316838,"[[9.557622715282273, -0.001976350495555472, 0.0014329349965815645], [-0.001976350495555472, 7.903853307354961, 1.4025261783977554], [0.0014329349965815645, 1.4025261783977554, 8.688574265313287]]"
2,12,1463,Dy2SbSe,Dy-Sb-Se,4,107.46990860892842,13.307184567812904,"[[13.667079640673043, -0.0720907597872948, 0.38518071331828113], [-0.0720907597872948, 13.73908929776673, 0.23650679422901977], [0.38518071331828113, 0.23650679422901977, 12.515384764998936]]"
2,12,1464,Cu2I6Rb2,Cu-I-Rb,10,495.0373657276232,4.110979733269247,"[[4.4273173203076635, 0.12465909058123423, -0.07947741444555607], [0.12465909058123423, 3.628734505978335, -0.14623927312989207], [-0.07947741444555607, -0.14623927312989207, 4.276887373521745]]"
2,12,1465,N2Ta8,N-Ta,10,156.93960797743347,23.942207271405124,"[[22.491466428231984, 0.00036125199613843014, -0.00026532870212807834], [0.00036125199613843014, 24.675015728306754, -0.03378906256582369], [-0.00026532870212807834, -0.03378906256582369, 24.66013965767665]]"
2,12,1466,Te10,Te,10,338.16630603752094,18.2987868119849,"[[21.65586018691532, 0.005701764933161406, -0.005768425843984345], [0.005701764933161406, 16.804846235802586, 5.2706463229682345], [-0.005768425843984345, 5.2706463229682345, 16.4356540132368]]"
2,12,1467,Mo2Se2Te4W,Mo-Se-Te-W,9,248.30647664609063,10.169130653621524,"[[13.51322032312842, 1.5740239173327395e-05, -0.004195722838217629], [1.5740239173327395e-05, 13.513361781693199, -0.003090664003034638], [-0.004195722838217629, -0.003090664003034638, 3.480809856042954]]"
2,12,1468,Co4S8,Co-S,12,188.810865813273,10.226081298023416,"[[10.838625499937267, -0.0009745409618860226, -0.002389874347012021], [-0.0009745409618860226, 10.933537900476294, -0.25994278435105966], [-0.002389874347012021, -0.25994278435105966, 8.906080493656686]]"
2,12,1469,Bi2La2,Bi-La,4,148.94100842817696,19.097452891226123,"[[19.343016266915154, -0.00014973259108937, 0.0005809560859222262], [-0.00014973259108937, 19.3425587836412, 5.723306084554564e-05], [0.0005809560859222262, 5.723306084554564e-05, 18.606783623122023]]"
2,12,1470,AgSbSe2,Ag-Sb-Se,4,99.79598069438995,15.084900660953982,"[[15.983339635907667, -0.005767650793877466, 0.0025667035023147714], [-0.005767650793877466, 15.98952596253708, 0.01930186195995691], [0.0025667035023147714, 0.01930186195995691, 13.281836384417202]]"
2,12,1471,As4O2Sc8,As-O-Sc,14,276.09423478608915,12.69484091386301,"[[12.377356728899656, 0.0006671716621748511, 0.0015624764370992716], [0.0006671716621748511, 12.376417720374528, -0.00020196294916009045], [0.0015624764370992716, -0.00020196294916009045, 13.33074829231484]]"
2,12,1472,Pr6Se4Te2,Pr-Se-Te,12,351.5913036454282,10.349417792820564,"[[10.310612339832263, 0.0006963424593810844, -0.00042286915677404105], [0.0006963424593810844, 10.391266576809903, -0.03387867814264276], [-0.00042286915677404105, -0.03387867814264276, 10.346374461819527]]"
2,12,1473,Cu3Nb2Te4,Cu-Nb-Te,9,204.44791424206215,16.76407274178796,"[[19.31265998542895, 0.003093201349973077, -0.004930777959976732], [0.003093201349973077, 15.952499218256474, 1.0413363394144899], [-0.004930777959976732, 1.0413363394144899, 15.027059021678447]]"
2,12,1474,Ag2As3Se6,Ag-As-Se,11,262.7702262197716,11.766699101032494,"[[11.961555623240363, 0.004590133352442492, 0.4301078988321273], [0.004590133352442492, 12.54436609215012, -0.0012817760724034243], [0.4301078988321273, -0.0012817760724034243, 10.794175587706983]]"
2,12,1475,Cu2SbTe5,Cu-Sb-Te,8,259.23651101106844,12.935841935243795,"[[12.429288238673143, -1.1760758992219935, -0.16443826332023817], [-1.1760758992219935, 13.310825724768165, -0.764415836096573], [-0.16443826332023817, -0.764415836096573, 13.067411842290083]]"
2,12,1476,Ba2LaSb4Zn2,Ba-La-Sb-Zn,9,293.4765652534583,13.484486433587628,"[[13.63727941961223, 0.2298462759226454, -0.12258860375361892], [0.2298462759226454, 13.580815650962057, 0.8138573437643007], [-0.12258860375361892, 0.8138573437643007, 13.235364230188605]]"
2,12,1477,Hf2Se2Te2Tl2,Hf-Se-Te-Tl,8,228.88262910128532,12.704318064184726,"[[12.945887675907821, 0.05571207420184898, -0.09562715165667837], [0.05571207420184898, 12.679256188720775, 0.28425914173225114], [-0.09562715165667837, 0.28425914173225114, 12.487810327925585]]"
2,12,1478,Ag2Te2,Ag-Te,4,104.429046251699,16.103026515185274,"[[15.633037963749354, 0.01969812245234854, 0.015178426804496239], [0.01969812245234854, 16.51021846110743, 0.6867715283669591], [0.015178426804496239, 0.6867715283669591, 16.16582312069904]]"
2,12,1479,Cu2NaS2,Cu-Na-S,5,85.6349463631835,8.717334614511119,"[[9.665864960346818, 8.116538074227659e-05, 0.0019978175600039462], [8.116538074227659e-05, 9.66572035156539, 0.00031654927617926973], [0.0019978175600039462, 0.00031654927617926973, 6.82041853162115]]"
2,12,1480,BaBr2,Ba-Br,3,117.5195047172142,3.205784433729084,"[[3.204417133705133, -0.0003063974733289268, 0.003255270506094434], [-0.0003063974733289268, 3.205042116901236, 0.0018701271545199939], [0.003255270506094434, 0.0018701271545199939, 3.2078940505808826]]"
2,12,1481,Sn6Te8,Sn-Te,14,431.4090832807518,16.159868724064506,"[[16.155169752781028, 0.0050015756514037914, 0.0026831028907171976], [0.0050015756514037914, 16.163345487919248, 0.0029685477975412706], [0.0026831028907171976, 0.0029685477975412706, 16.16109093149322]]"
2,12,1482,MoNb3Se8,Mo-Nb-Se,12,298.5958570787579,12.373976851709903,"[[15.94419781972178, 0.00024646701138071896, -0.004252802228420326], [0.00024646701138071896, 15.942163776352562, 0.012776841492918446], [-0.004252802228420326, 0.012776841492918446, 5.235568959055374]]"
2,12,1483,Ba2Cu2Nd2Se6,Ba-Cu-Nd-Se,12,330.8743887524173,8.218062894529373,"[[8.378270092886021, 0.0020580235966461647, 0.00014006885593973573], [0.0020580235966461647, 7.970739354738923, -0.0032870192215728356], [0.00014006885593973573, -0.0032870192215728356, 8.305179235963172]]"
2,12,1484,BiSb5Se10,Bi-Sb-Se,16,478.1328803024688,14.494751723714936,"[[17.506978302823825, 0.003589019475276474, -0.0022865824431463773], [0.003589019475276474, 12.396627155979166, 1.3466657171057557], [-0.0022865824431463773, 1.3466657171057557, 13.580649712341813]]"
2,12,1485,Cu2Hg2Te4,Cu-Hg-Te,8,242.43368475970848,13.668968397577416,"[[13.591046703341974, 0.001998526496206007, -0.0014167506330213704], [0.001998526496206007, 13.407326493801985, -0.004255035559786941], [-0.0014167506330213704, -0.004255035559786941, 14.008531995588303]]"
2,12,1486,Ag2Hf3Se8Ti,Ag-Hf-Se-Ti,14,349.04125861662163,10.979055111367842,"[[12.182872950835852, 0.05231599818959135, 0.1839476329062214], [0.05231599818959135, 8.784913148566062, -0.08715608928468067], [0.1839476329062214, -0.08715608928468067, 11.969379234701607]]"
2,12,1487,Ag2BaS4Si,Ag-Ba-S-Si,8,188.9483284788492,5.91074931458891,"[[6.142661923242492, 0.3829679589921244, 0.38975094125290494], [0.3829679589921244, 5.803653431834781, -0.6031288643268852], [0.38975094125290494, -0.6031288643268852, 5.785932588689456]]"
2,12,1488,BaCoLiN2,Ba-Co-Li-N,5,66.22069669845492,13.418101740392077,"[[15.467617917424397, 0.00222594319620035, 0.0002113012818569124], [0.00222594319620035, 11.516578667258685, -0.00042622955892267374], [0.0002113012818569124, -0.00042622955892267374, 13.27010863649314]]"
2,12,1489,CoTe2,Co-Te,3,74.27345279655742,17.014985695036216,"[[19.583093558783492, 0.0005276035559012129, 0.0005429657239882106], [0.0005276035559012129, 19.57731919490569, -0.0010408835722703986], [0.0005429657239882106, -0.0010408835722703986, 11.88454433141947]]"
2,12,1490,Cr3Li3S6,Cr-Li-S,12,220.1556498617748,9.213295201023268,"[[11.478155115517119, 0.007331574230441732, -0.0024272767501075203], [0.007331574230441732, 8.351772736115475, -1.9731312358591593], [-0.0024272767501075203, -1.9731312358591593, 7.809957751437214]]"
2,12,1491,Cu2Hf2Mo2,Cu-Hf-Mo,6,99.00503549279928,19.91128530439408,"[[20.459164103477875, -0.00033488870546389686, 0.0022528890080699337], [-0.00033488870546389686, 20.459212127812947, 0.0007058350329316688], [0.0022528890080699337, 0.0007058350329316688, 18.815479681891425]]"
2,12,1492,Ge2K2Se6,Ge-K-Se,10,344.5524136558468,4.961048943049549,"[[4.58018072261071, -0.17437833457148672, -0.08991587219470201], [-0.17437833457148672, 4.104297456269753, 0.16756689704436534], [-0.08991587219470201, 0.16756689704436534, 6.198668650268183]]"
2,12,1493,Se2SmY,Se-Sm-Y,4,99.29875330074896,8.957735883381304,"[[9.002976379341298, -0.008436954788743449, 0.0462169737534297], [-0.008436954788743449, 9.011447923129696, 0.028360363176203024], [0.0462169737534297, 0.028360363176203024, 8.85878334767293]]"
2,12,1494,Ga2Se6Te2,Ga-Se-Te,10,311.6850468588492,9.626712153221504,"[[12.952681545744515, -0.15612122924425886, -0.27876317330143424], [-0.15612122924425886, 6.229777431071875, -0.7489418294368728], [-0.27876317330143424, -0.7489418294368728, 9.697677482848114]]"
2,12,1495,Na4Se8,Na-Se,12,334.29837408685046,6.801356196996284,"[[8.133844811387874, 0.998610117768242, 0.7769600701484181], [0.998610117768242, 6.560119328854665, 0.5727631780815533], [0.7769600701484181, 0.5727631780815533, 5.710104450746311]]"
2,12,1496,As4Ce2LaSr,As-Ce-La-Sr,8,229.1902378082681,14.528663490520756,"[[15.256906979598655, 0.00033225828179851154, 0.00024521454952329975], [0.00033225828179851154, 14.906315618179935, -0.7493637200506996], [0.00024521454952329975, -0.7493637200506996, 13.422767873783672]]"
2,12,1497,Cu2Te6Ti2Tl2,Cu-Te-Ti-Tl,12,339.5571547700061,12.19666718284857,"[[13.578581579895413, -0.001655062774429059, 0.0010894256074543193], [-0.001655062774429059, 10.528831856394573, -0.6765440871042131], [0.0010894256074543193, -0.6765440871042131, 12.48258811225572]]"
2,12,1498,Ag5In3Se8,Ag-In-Se,16,457.3008247452456,9.541192159398728,"[[9.588584344354212, 0.13923308626840666, -0.020054806180406892], [0.13923308626840666, 9.501019987357834, 0.0538360484521142], [-0.020054806180406892, 0.0538360484521142, 9.533972146484134]]"
2,12,1499,Au2Bi2S4,Au-Bi-S,8,236.75853868986613,9.616907927150772,"[[8.763012148333896, -0.0008131888261611719, 0.002189501687191369], [-0.0008131888261611719, 8.762154477096578, -0.004843061544355891], [0.002189501687191369, -0.004843061544355891, 11.325557156021844]]"
2,12,1500,N2Na4O4Ta2,N-Na-O-Ta,12,184.64374502115103,3.640866735466021,"[[3.707802449139704, 0.00011695156563934637, 0.00019877372350621413], [0.00011695156563934637, 3.493691688291375, -0.2221430953384383], [0.00019877372350621413, -0.2221430953384383, 3.721106068966985]]"
2,12,1501,Fe2Ge4Hf4,Fe-Ge-Hf,10,168.5713378744647,15.9912609247582,"[[15.935917626497467, 0.03776918115405485, -0.2503239698657085], [0.03776918115405485, 15.052926356422875, -0.16220483958658605], [-0.2503239698657085, -0.16220483958658605, 16.98493879135425]]"
2,12,1502,Sb2Se2,Sb-Se,4,120.65071746181538,14.64622186974311,"[[16.200387512297617, -0.18535553504886196, 1.2747129996730937], [-0.18535553504886196, 16.401543605892407, 0.7664371791253756], [1.2747129996730937, 0.7664371791253756, 11.3367344910393]]"
2,12,1503,CoCuIn4S8,Co-Cu-In-S,14,352.9067326581251,7.949956982797018,"[[8.484603090957481, 0.00020731145324080088, -0.00039647562591428663], [0.00020731145324080088, 8.486283907059667, -0.0003750524397504488], [-0.00039647562591428663, -0.0003750524397504488, 6.8789839503739065]]"
2,12,1504,Ba4N10Nb3Zn3,Ba-N-Nb-Zn,20,375.0259572282605,6.816766138964565,"[[6.964604651951376, -0.046152980434257446, -0.01908319571883468], [-0.046152980434257446, 6.542516835964647, -0.0026521306431253043], [-0.01908319571883468, -0.0026521306431253043, 6.943176928977671]]"
2,12,1505,Ag2Au4Pd2,Ag-Au-Pd,8,140.55915918716371,26.239431624223236,"[[26.73179470543798, 0.003953604550141505, -7.444457951589146e-05], [0.003953604550141505, 26.328927926341006, 0.0036878412263459458], [-7.444457951589146e-05, 0.0036878412263459458, 25.657572240890705]]"
2,12,1506,Au2Ca3Sb4,Au-Ca-Sb,9,249.94293850790743,18.71572505109769,"[[14.026632535305875, -0.005054486739377492, 0.014332934764610466], [-0.005054486739377492, 25.608285559001175, 0.0015353174176035683], [0.014332934764610466, 0.0015353174176035683, 16.51225705898603]]"
2,12,1507,Cu4S4Ta,Cu-S-Ta,9,162.78382804495556,9.098087946597026,"[[9.04928115729078, 0.041310394816213646, 0.0745530681189116], [0.041310394816213646, 9.065603380715075, 0.09052682077082594], [0.0745530681189116, 0.09052682077082594, 9.179379301785223]]"
2,12,1508,Bi4O4S,Bi-O-S,9,191.8138160741312,6.775425704975558,"[[7.06192785052026, 1.6207221945634552e-05, -0.002101981610613674], [1.6207221945634552e-05, 7.064965118688062, 0.0009114870423462757], [-0.002101981610613674, 0.0009114870423462757, 6.199384145718358]]"
2,12,1509,In2Ta2Te4,In-Ta-Te,8,236.09095606184647,12.446183170820984,"[[12.169461981415148, 0.0005590803378334874, -0.008423725458189233], [0.0005590803378334874, 12.17066896706602, -0.007588704813687379], [-0.008423725458189233, -0.007588704813687379, 12.998418563981781]]"
2,12,1510,CaSe5Sr2,Ca-Se-Sr,8,219.4842394339523,8.277090288920556,"[[9.749945423934934, 0.00045067255884371934, 0.004371039085514466], [0.00045067255884371934, 7.88892814946711, 1.7014444945054699], [0.004371039085514466, 1.7014444945054699, 7.192397293359625]]"
2,12,1511,AuIn2Se2,Au-In-Se,5,121.81041484150168,15.611660885477482,"[[15.837724983651501, -0.017727812851055506, 0.17300574787278755], [-0.017727812851055506, 15.858430682084995, 0.1016211247120831], [0.17300574787278755, 0.1016211247120831, 15.138826990695957]]"
2,12,1512,As2Au2Se6,As-Au-Se,10,351.0530181514226,6.700618931339439,"[[7.425096687283036, 0.585330709147694, 1.2062232326189422], [0.585330709147694, 9.259791207421141, -0.20563528514018997], [1.2062232326189422, -0.20563528514018997, 3.416968899314144]]"
2,12,1513,Ag6CdGa,Ag-Cd-Ga,8,145.08468517353242,16.78272413282676,"[[16.793005565557767, -0.0008011571130093586, -0.0022546871088483834], [-0.0008011571130093586, 16.79257661824186, -0.0026100825301832455], [-0.0022546871088483834, -0.0026100825301832455, 16.76259021468066]]"
2,12,1514,AgInSe2,Ag-In-Se,4,118.0687871043372,8.836383587520226,"[[8.747229587050745, -0.0009700145827967938, 0.0009932816190744913], [-0.0009700145827967938, 8.753381270111102, 0.0007812269041703192], [0.0009932816190744913, 0.0007812269041703192, 9.008539905398832]]"
2,12,1515,Fe2Se10Si4,Fe-Se-Si,16,462.3927759597093,5.291406458308519,"[[6.2049761809896955, 0.17118278115114355, -0.16174748502003808], [0.17118278115114355, 4.0891734592535185, 0.060842381014813735], [-0.16174748502003808, 0.060842381014813735, 5.5800697346823425]]"
2,12,1516,Ba5Mn2NbSnTe11,Ba-Mn-Nb-Sn-Te,20,725.9659584048779,9.147353342530334,"[[9.82866760831012, 4.9620635292747224e-05, -0.0006038901388004711], [4.9620635292747224e-05, 9.143263717552584, -0.022666206767739838], [-0.0006038901388004711, -0.022666206767739838, 8.4701287017283]]"
2,12,1517,Cr5Rb2Te7,Cr-Rb-Te,14,443.27010197368105,10.802750349833891,"[[13.020909052123454, 0.0013648936265432407, -0.0029825314166996883], [0.0013648936265432407, 9.481760852406305, 0.4030934737166502], [-0.0029825314166996883, 0.4030934737166502, 9.905581144971912]]"
2,12,1518,Pb3Te9,Pb-Te,12,393.4272993462937,17.216977828175025,"[[16.710254677566933, 0.0020670824794769057, 0.0013205049903624328], [0.0020670824794769057, 17.37357116289138, 0.2980507234906135], [0.0013205049903624328, 0.2980507234906135, 17.567107644066777]]"
2,12,1519,Pd2Re6W,Pd-Re-W,9,135.4491410874671,28.974340463664443,"[[29.143512656814348, -0.001449158986520295, 0.0002043946894812493], [-0.001449158986520295, 28.56816645534424, -0.1149713187910812], [0.0002043946894812493, -0.1149713187910812, 29.211342278834746]]"
2,12,1520,S2Sn2,S-Sn,4,306.37848754886284,4.978731248618721,"[[6.808251687154783, 0.06751110853930484, 0.14131268635384267], [0.06751110853930484, 4.658934617934392, 0.32123736999623426], [0.14131268635384267, 0.32123736999623426, 3.469007440766987]]"
2,12,1521,LiN11Ta8,Li-N-Ta,20,228.1168038159892,12.895155945482813,"[[13.535408276896709, -0.00016955356377290742, 0.0008554080423344474], [-0.00016955356377290742, 13.228455385218538, 0.36046792309590364], [0.0008554080423344474, 0.36046792309590364, 11.921604174333199]]"
2,12,1522,As5Ba6,As-Ba,11,408.5884561157709,11.442910860086329,"[[10.641499107065377, -0.21753563913605295, -0.12262573639400856], [-0.21753563913605295, 12.543155337605818, 0.9414479490588081], [-0.12262573639400856, 0.9414479490588081, 11.144078135587785]]"
2,12,1523,Fe2Nb4O4Ti2,Fe-Nb-O-Ti,12,165.14653590260664,13.66519657044578,"[[15.704093363756723, -0.0022611462496962393, 0.00182482681518101], [-0.0022611462496962393, 12.980917010987792, 0.9831983625163468], [0.00182482681518101, 0.9831983625163468, 12.310579336592834]]"
2,12,1524,Ag6S8Ta2,Ag-S-Ta,16,393.9001863589806,7.661500906953074,"[[7.8580270087977215, -0.0002481452955979607, -0.0002569795237075385], [-0.0002481452955979607, 7.4810942996469025, 0.0062931147820940855], [-0.0002569795237075385, 0.0062931147820940855, 7.645381412414599]]"
2,12,1525,Cu2Pd4Sb2,Cu-Pd-Sb,8,129.13742561425695,25.956607325435048,"[[25.96767094739758, 0.0014901334288754849, -0.01703102587118551], [0.0014901334288754849, 25.925902336776975, -0.027373610336562697], [-0.01703102587118551, -0.027373610336562697, 25.97624869213059]]"
2,12,1526,CdIn2Te4,Cd-In-Te,7,260.282005221155,9.637452416666031,"[[9.600581451670896, 0.03479479581173039, 0.045582154234088366], [0.03479479581173039, 9.61705983781839, 0.0660867162769531], [0.045582154234088366, 0.0660867162769531, 9.694715960508814]]"
2,12,1527,K4Mn4S8,K-Mn-S,16,414.7456788707056,4.883454340804742,"[[5.127370942535399, 0.007881063832859001, 0.0005462601904415497], [0.007881063832859001, 4.34173965437742, 0.0028462846326173107], [0.0005462601904415497, 0.0028462846326173107, 5.181252425501408]]"
2,12,1528,Cr4S8Zn2,Cr-S-Zn,14,252.4750603400379,10.389388878050896,"[[10.390106005076188, 0.0003211489862752141, -0.0007268769558093947], [0.0003211489862752141, 10.38969290559414, 0.0002635189810397874], [-0.0007268769558093947, 0.0002635189810397874, 10.388367723482357]]"
2,12,1529,Dy2Ga2Se8,Dy-Ga-Se,12,312.31105887910365,8.169629580907975,"[[7.99663538391312, 0.5131098246945801, -0.579688610251895], [0.5131098246945801, 8.185116928261154, 0.41382348289011517], [-0.579688610251895, 0.41382348289011517, 8.327136430549649]]"
2,12,1530,Cu2Mo2S4,Cu-Mo-S,8,126.4081461573576,12.899475495416786,"[[14.976925415474803, 0.0029592466342956256, -0.006699418025449166], [0.0029592466342956256, 11.420794754026359, -0.03679927278514904], [-0.006699418025449166, -0.03679927278514904, 12.300706316749196]]"
2,12,1531,LiN5Zr4,Li-N-Zr,10,120.2341393097669,14.362079200054042,"[[15.040705656238478, -0.06319417975605998, 0.1453981886867244], [-0.06319417975605998, 13.603428078123585, 0.27529536222646406], [0.1453981886867244, 0.27529536222646406, 14.442103865800066]]"
2,12,1532,CuLaNi2,Cu-La-Ni,4,70.83203314533029,13.82492892667493,"[[14.408162280161045, -0.2917489063399063, -1.0433698662023012], [-0.2917489063399063, 14.657195044298499, -0.6830155663164864], [-1.0433698662023012, -0.6830155663164864, 12.40942945556525]]"
2,12,1533,Se2Ta,Se-Ta,3,70.92928128868601,13.731907532768638,"[[17.145225923480673, -0.0003673169573858158, -0.002421663117232049], [-0.0003673169573858158, 17.144476415350333, 0.007829393302663986], [-0.002421663117232049, 0.007829393302663986, 6.906020259474906]]"
2,12,1534,CaPr2Rh,Ca-Pr-Rh,4,137.97452160455168,13.881541905042615,"[[15.696117286435856, -0.15620446881635067, 1.244628064334709], [-0.15620446881635067, 15.862998983499006, 0.739162101208831], [1.244628064334709, 0.739162101208831, 10.085509445192988]]"
2,12,1535,Ag4Sb2Se6,Ag-Sb-Se,12,319.9854465593681,12.139206357803271,"[[14.312315880699687, -0.00012446179160016316, -0.0014123287246346002], [-0.00012446179160016316, 11.493679288299182, -0.6442193627780495], [-0.0014123287246346002, -0.6442193627780495, 10.611623904410932]]"
5,2,1536,Cl2F10,Cl-F,12,205.04254030735456,1.9163059595373744,"[[1.996051234519705, 0.007496998539580707, -0.00040716916034715263], [0.007496998539580707, 1.7452762565625441, 0.0071559067698826265], [-0.00040716916034715263, 0.0071559067698826265, 2.007590387529874]]"
5,2,1537,H8F2O2,F-H-O,12,140.53640531678317,1.513863213888028,"[[1.5210780768231953, -0.018738249600487134, -0.030327184665141595], [-0.018738249600487134, 1.5155143206565214, 0.08206153471943298], [-0.030327184665141595, 0.08206153471943298, 1.504997244184368]]"
5,2,1538,H14,H,14,136.08102913790347,0.7728535940051272,"[[0.7809444429896993, -0.00017132509101021039, -0.0039022155221304427], [-0.00017132509101021039, 0.7636851560193338, 0.004149939305931997], [-0.0039022155221304427, 0.004149939305931997, 0.7739311830063486]]"
5,2,1539,H2F2,F-H,4,38.296231574879904,1.9634628789015125,"[[2.042408893213766, 0.0020177760730151146, 0.28738284320503393], [0.0020177760730151146, 1.9959875572314618, -0.0030047256633678474], [0.28738284320503393, -0.0030047256633678474, 1.8519921862593094]]"
5,2,1540,FK6,F-K,7,421.1044292299394,3.1361845935153894,"[[3.1272902878346374, 0.0014626342468544973, 0.006280202820656775], [0.0014626342468544973, 3.1274496584223566, 0.006505653597670904], [0.006280202820656775, 0.006505653597670904, 3.153813834289176]]"
5,2,1541,H6F5O,F-H-O,12,119.41931637605346,1.9408099196261297,"[[1.8676463760793625, 0.08643935952083169, 0.036540289874551275], [0.08643935952083169, 1.9458662310794703, 0.05762845565308973], [0.036540289874551275, 0.05762845565308973, 2.008917151719557]]"
5,2,1542,C2F8,C-F,10,146.09529189737032,2.240938308106469,"[[2.1938440371409698, -0.06593410675226918, 0.0009312101459877007], [-0.06593410675226918, 2.158891707288474, -0.0015671693787634735], [0.0009312101459877007, -0.0015671693787634735, 2.3700791798899647]]"
5,2,1543,F10Si2,F-Si,12,244.47609304297677,1.5045345232463985,"[[1.4710550192608323, 0.031348962383709586, -0.007132532826370512], [0.031348962383709586, 1.5281464791231414, -0.017426579361191182], [-0.007132532826370512, -0.017426579361191182, 1.51440207135522]]"
5,2,1544,F4,F,4,93.14322334340147,2.3819732735928665,"[[2.2153491860964367, 0.04204250237956724, 0.01791982559395564], [0.04204250237956724, 2.2595230614673323, -0.019251463324954473], [0.01791982559395564, -0.019251463324954473, 2.671047573214831]]"
5,2,1545,ClF8Zr,Cl-F-Zr,10,291.6903802395104,1.7456484879933925,"[[1.605418653920172, 0.17759737438194953, -0.043890904818092144], [0.17759737438194953, 1.8376152509825279, 0.026663385029888825], [-0.043890904818092144, 0.026663385029888825, 1.7939115590774772]]"
5,2,1546,HF6Si,F-H-Si,8,180.4259849472409,1.5776774002751957,"[[1.2565598676752923, 0.07564993614682844, -0.09373581897154298], [0.07564993614682844, 1.529421966494442, 0.04109646625526134], [-0.09373581897154298, 0.04109646625526134, 1.9470503666558532]]"
5,2,1547,H7O2,H-O,9,154.4190919988303,1.3781585288418994,"[[1.2465623130224672, -0.06789044246222997, -0.003308494400141685], [-0.06789044246222997, 1.3028846815369262, -0.011140324506946643], [-0.003308494400141685, -0.011140324506946643, 1.5850285919663045]]"
5,2,1548,HAlO2,Al-H-O,4,31.262653388832,2.8668565157306776,"[[2.883842419535339, -0.006757925651634909, 0.023767717996404675], [-0.006757925651634909, 2.8887603362698986, 0.014372945502265706], [0.023767717996404675, 0.014372945502265706, 2.827966791386793]]"
5,2,1549,ClF6Rb,Cl-F-Rb,8,182.84273630761865,1.9829515617613855,"[[1.9825819065010568, -0.0007980630172638538, 0.00297106538325184], [-0.0007980630172638538, 1.9859635290780768, 0.002075212857302386], [0.00297106538325184, 0.002075212857302386, 1.9803092497050228]]"
5,2,1550,F12,F,12,190.4700533936569,3.286153233139137,"[[3.2998533110502346, -0.06503501945485747, 0.010388695454123357], [-0.06503501945485747, 3.4393444033747893, 0.006561672045286684], [0.010388695454123357, 0.006561672045286684, 3.1192619849923875]]"
5,2,1551,H4B2F12,B-F-H,18,850.8287448127488,1.1232206008377472,"[[1.113244482945038, -0.012312952221107858, 0.02225626019345283], [-0.012312952221107858, 1.1162143006108554, -0.006987469185702967], [0.02225626019345283, -0.006987469185702967, 1.1402030189573482]]"
5,2,1552,H11,H,11,104.01078203036452,0.7834664789081339,"[[0.7787233133374777, -0.009290234139457542, 0.0015226141039723653], [-0.009290234139457542, 0.7832314402917608, -0.006471305726728912], [0.0015226141039723653, -0.006471305726728912, 0.7884446830951634]]"
5,2,1553,ClF8Li,Cl-F-Li,10,150.920249582933,2.082346312161151,"[[2.1375391614584602, -0.044350620067789615, 0.06580362329177615], [-0.044350620067789615, 2.1538325674852925, 0.0723980638204121], [0.06580362329177615, 0.0723980638204121, 1.9556672075397]]"
5,2,1554,H7FO2,F-H-O,10,91.76026110488566,1.678208848714459,"[[1.658542031450904, 0.003399211631851862, 0.03517250980554589], [0.003399211631851862, 1.6419335352065352, 0.023428480096708844], [0.03517250980554589, 0.023428480096708844, 1.734150979485938]]"
5,2,1555,H7F2N2,F-H-N,11,77.59425641390945,2.35730600932584,"[[2.363418394037237, 0.04781919567965479, 6.068124790741722e-05], [0.04781919567965479, 2.3658301885758166, -0.0029039130311378633], [6.068124790741722e-05, -0.0029039130311378633, 2.342669445364467]]"
5,2,1556,H6AlF11,Al-F-H,18,230.78778845537988,1.908121406123609,"[[1.8368719921195782, -0.015552144398184158, 0.023680452716430656], [-0.015552144398184158, 1.8178474514069196, 0.0708575747323443], [0.023680452716430656, 0.0708575747323443, 2.0696447748443307]]"
5,2,1557,F8,F,8,156.26598696715496,2.734805441922437,"[[2.802091735682659, -0.001339861316379026, 0.00480671509555484], [-0.001339861316379026, 2.539801783499353, -0.001872680967933127], [0.00480671509555484, -0.001872680967933127, 2.862522806585298]]"
5,2,1558,H16,H,16,230.7910999173883,0.6372841750460173,"[[0.6391147723145126, 0.0010393483683949836, 0.0015089770065048057], [0.0010393483683949836, 0.6397882789701492, 0.002165594470205096], [0.0015089770065048057, 0.002165594470205096, 0.6329494738533902]]"
5,2,1559,H3ClO,Cl-H-O,5,66.60596129604214,2.36976563228751,"[[2.3933422404134634, 0.16471665826882542, -0.2715513656101834], [0.16471665826882542, 2.470584122480694, 0.21646076840212705], [-0.2715513656101834, 0.21646076840212705, 2.2453705339683716]]"
5,2,1560,F12,F,12,211.55709845006197,3.0457499799691043,"[[2.8275996593232313, -0.010388451435495641, -0.0051648663984519986], [-0.010388451435495641, 3.204545033207844, 0.09517683970773788], [-0.0051648663984519986, 0.09517683970773788, 3.1051052473762373]]"
5,2,1561,F2GaK,F-Ga-K,4,91.21429026398452,2.467570334128604,"[[2.585239263398089, 0.00015458699495726037, -0.0025448093319734694], [0.00015458699495726037, 2.5840800978373566, 0.0030472957848373125], [-0.0025448093319734694, 0.0030472957848373125, 2.2333916411503654]]"
5,2,1562,F8Si2,F-Si,10,173.39811614064874,1.353341394549109,"[[1.3976550551379965, 0.000493532225808285, 6.292719165105177e-05], [0.000493532225808285, 1.3552844376145246, 2.1776842990686177e-05], [6.292719165105177e-05, 2.1776842990686177e-05, 1.3070846908948075]]"
5,2,1563,H4,H,4,52.86373190956313,0.6554562342116395,"[[0.6452927379723024, 0.0004190104410811417, 0.00010642523634858447], [0.0004190104410811417, 0.6458255900250973, 8.31245996017497e-05], [0.00010642523634858447, 8.31245996017497e-05, 0.6752503746375185]]"
5,2,1564,Br2F8,Br-F,10,191.10910908734263,2.185290088571736,"[[2.142662548723873, -0.0017762138082256277, 0.0008058568831538287], [-0.0017762138082256277, 2.146178635577847, 0.0037207533268546313], [0.0008058568831538287, 0.0037207533268546313, 2.2670290814134857]]"
5,2,1565,C2H18,C-H,20,381.5752144456197,0.9940762869117306,"[[0.9968745682485879, 0.006641372806641938, 0.0012004109088488092], [0.006641372806641938, 0.9935247930093499, -0.001494619766560874], [0.0012004109088488092, -0.001494619766560874, 0.9918294994772544]]"
5,2,1566,AlF3,Al-F,4,48.03157875937504,1.8485273149574628,"[[1.84852545555701, 0.0006703275268690976, 0.0009179016935166016], [0.0006703275268690976, 1.848517718853686, 0.0008345402891797799], [0.0009179016935166016, 0.0008345402891797799, 1.8485387704616925]]"
5,2,1567,H12,H,12,205.82648893210367,0.600463722154885,"[[0.5977206490064567, -0.00011982481453384972, -0.00010883299639561314], [-0.00011982481453384972, 0.6006309764358123, 3.844159305556094e-05], [-0.00010883299639561314, 3.844159305556094e-05, 0.6030395410223853]]"
5,2,1568,H3K,H-K,4,71.3521072347599,1.8029942820641096,"[[1.80254135025256, 0.0089695148743037, 0.011725106262811792], [0.0089695148743037, 1.8003300719273772, 0.0103570400672674], [0.011725106262811792, 0.0103570400672674, 1.8061114240123937]]"
5,2,1569,Cl2K,Cl-K,3,88.06137432503229,2.735797740985349,"[[2.407000449897947, -0.5776935449286776, 0.4236349161344508], [-0.5776935449286776, 3.141777468682747, -0.7709015462330483], [0.4236349161344508, -0.7709015462330483, 2.658615304375352]]"
5,2,1570,F4,F,4,78.54744724763783,2.733098544275253,"[[2.6005064812009526, 0.13153624372469644, 0.035884133617552785], [0.13153624372469644, 2.793875915309096, -0.08882855510167861], [0.035884133617552785, -0.08882855510167861, 2.8049132363157123]]"
5,2,1571,H7F8,F-H,15,152.52757090138573,2.052870006241362,"[[2.084017638198039, -0.03192497954314235, -0.03349109855181807], [-0.03192497954314235, 2.0779124581239996, -0.0669990210913908], [-0.03349109855181807, -0.0669990210913908, 1.996679922402045]]"
5,2,1572,H6O3,H-O,9,76.1496775801476,2.16299904499467,"[[2.1416158176066427, 0.00017142280946840402, 0.0008366248014950976], [0.00017142280946840402, 2.142744018182559, -0.00011157736437208112], [0.0008366248014950976, -0.00011157736437208112, 2.2046372991948076]]"
5,2,1573,H4B2F2,B-F-H,8,83.22534501689796,1.319446746377208,"[[1.3219614075000659, 0.01780252754731307, 0.0004326384978988843], [0.01780252754731307, 1.304610469444384, 0.00037241783828847184], [0.0004326384978988843, 0.00037241783828847184, 1.3317683621871728]]"
5,2,1574,F10NaRb,F-Na-Rb,12,221.4523525714278,2.477049731199471,"[[2.3858779071887, -0.11674659079256731, -0.11358970959880171], [-0.11674659079256731, 2.6040138938384985, 0.017934560726197864], [-0.11358970959880171, 0.017934560726197864, 2.441257392571214]]"
5,2,1575,C3H11F2,C-F-H,16,152.8615241399427,1.7977943141905814,"[[1.8134909069772023, -0.0005650570363096805, 0.0020468835313880163], [-0.0005650570363096805, 1.7650521321877664, 0.010069387619354195], [0.0020468835313880163, 0.010069387619354195, 1.814839903406775]]"
5,2,1576,Cl6Co2,Cl-Co,8,179.50178227260912,4.528310313472049,"[[5.026314698544026, -0.26268050094285733, 0.9305436959294859], [-0.26268050094285733, 5.260067384126451, 0.6041422095942527], [0.9305436959294859, 0.6041422095942527, 3.2985488577456694]]"
5,2,1577,AsF3,As-F,4,76.01156281619475,1.6564882131220993,"[[1.560379321906301, -0.0025151354009411726, 0.1310546320010908], [-0.0025151354009411726, 1.7324567633562287, -0.08404694085875021], [0.1310546320010908, -0.08404694085875021, 1.6766285541037678]]"
5,2,1578,H2F2,F-H,4,38.22977002252669,1.963006495729786,"[[1.99724551260262, -0.0008880258844655755, 0.00025092497656137666], [-0.0008880258844655755, 2.04399113770336, -0.2904924646145214], [0.00025092497656137666, -0.2904924646145214, 1.8477828368833793]]"
5,2,1579,H4Cs,Cs-H,5,168.41513267398466,1.3994032213394358,"[[1.3464257297482394, 0.08933901566595961, -0.0007769456404689771], [0.08933901566595961, 1.3921414004770094, -0.0013643895580713577], [-0.0007769456404689771, -0.0013643895580713577, 1.4596425337930594]]"
5,2,1580,H3F3,F-H,6,60.90826196685376,1.9866261067000957,"[[2.081921426428569, -0.006438426922073577, 0.02006172434264358], [-0.006438426922073577, 1.9770366763095932, 0.04155605586107123], [0.02006172434264358, 0.04155605586107123, 1.9009202173621251]]"
5,2,1581,H4,H,4,59.215979415118696,0.631529575782728,"[[0.6323142049050234, -0.008552434826698601, -2.6671406885711558e-05], [-0.008552434826698601, 0.6317120825965142, -0.0006736364634954316], [-2.6671406885711558e-05, -0.0006736364634954316, 0.6305624398466463]]"
5,2,1582,F4V2,F-V,6,80.02542868403042,1.1597389925208796,"[[0.9090171421491563, -0.001982934278047346, 0.0029892257119165746], [-0.001982934278047346, 1.2910877053954994, 2.2365445337459997e-05], [0.0029892257119165746, 2.2365445337459997e-05, 1.2791121300179824]]"
5,2,1583,H2F2,F-H,4,36.831363181394096,1.9498174657844096,"[[1.8440025471010577, 0.11129607729150372, -0.0022412425396074295], [0.11129607729150372, 1.922694320413803, 0.0026986615955449213], [-0.0022412425396074295, 0.0026986615955449213, 2.0827555298383693]]"
5,2,1584,H4Na,H-Na,5,52.93065405064188,1.9342366206586084,"[[1.887425050508451, -5.455919312244297e-05, -0.00011145647963707754], [-5.455919312244297e-05, 1.9596974628559791, 0.00012040544570889608], [-0.00011145647963707754, 0.00012040544570889608, 1.9555873486113953]]"
5,2,1585,ClF7,Cl-F,8,109.17495794611276,2.457125967969479,"[[2.4559240437737655, -0.1787687081876838, -0.11689507610593942], [-0.1787687081876838, 2.391754714025714, -0.14932726457495596], [-0.11689507610593942, -0.14932726457495596, 2.5236991461089575]]"
5,2,1586,H13Cs,Cs-H,14,263.4848470554052,0.997695313688368,"[[0.9957715146323324, -0.00796427305865974, -0.013550737247973626], [-0.00796427305865974, 1.0162038921668852, -0.011008260500076361], [-0.013550737247973626, -0.011008260500076361, 0.9811105342658871]]"
5,2,1587,F4,F,4,70.71866670445249,3.0418541979781737,"[[2.928539688193906, 0.0027874311547855042, -0.16649914179568198], [0.0027874311547855042, 3.1494092716100726, -0.0027048379963740357], [-0.16649914179568198, -0.0027048379963740357, 3.047613634130543]]"
5,2,1588,H4F2,F-H,6,90.44025643331064,1.2853923997924144,"[[1.3197560417565917, 0.005844294146873563, 0.014098632206459863], [0.005844294146873563, 1.3461651407646007, -0.16969502445981188], [0.014098632206459863, -0.16969502445981188, 1.1902560168560516]]"
5,2,1589,HBrF4,Br-F-H,6,96.02779440034648,2.521297636110072,"[[2.1914908089253604, 0.15134020597362552, -0.41288115881414855], [0.15134020597362552, 3.0176362288012917, 0.33379350610253494], [-0.41288115881414855, 0.33379350610253494, 2.354765870603563]]"
5,2,1590,H6F5,F-H,11,172.26845053359472,1.4455947684546198,"[[1.4863668241876837, 0.003296417429547068, -0.016977118465049942], [0.003296417429547068, 1.4456922214849286, 0.025357009503230995], [-0.016977118465049942, 0.025357009503230995, 1.4047252596912463]]"
5,2,1591,H8B2,B-H,10,240.4791016432755,1.3092654129319563,"[[1.311468260738335, 0.0013961839201729845, 0.0007310300312511204], [0.0013961839201729845, 1.3087543102441606, 0.0006527474099938308], [0.0007310300312511204, 0.0006527474099938308, 1.307573667813374]]"
5,2,1592,HClF6,Cl-F-H,8,125.03554527844544,1.9862593495760417,"[[1.9088236625770862, 0.15468417578612118, 0.29353735591813185], [0.15468417578612118, 1.9679905062860727, -0.09037381452741854], [0.29353735591813185, -0.09037381452741854, 2.0819638798649667]]"
5,2,1593,F5LiSi,F-Li-Si,7,80.09750047992786,1.8467498104850384,"[[1.8865204439340024, 0.0033377996952405915, 0.02574280700968379], [0.0033377996952405915, 1.8260263464898536, -0.008173685765734467], [0.02574280700968379, -0.008173685765734467, 1.8277026410312596]]"
5,2,1594,H12F5NO,F-H-N-O,19,161.7244073943493,1.804116419515212,"[[1.7857591411675822, -0.020845859920987277, -0.014610442220828098], [-0.020845859920987277, 1.8312299513886632, 0.035323780298233], [-0.014610442220828098, 0.035323780298233, 1.7953601659893912]]"
5,2,1595,H6LiNaPt,H-Li-Na-Pt,9,91.06385142105198,4.486383511255515,"[[5.2476108959192755, 0.06236748176686644, 0.4578110789318372], [0.06236748176686644, 4.025638926465072, -0.12195142348135468], [0.4578110789318372, -0.12195142348135468, 4.185900711382197]]"
5,2,1596,BrF9,Br-F,10,193.8736684916475,2.03911258340512,"[[2.049932544221458, -0.03603521662238068, -0.05602334928907541], [-0.03603521662238068, 2.034498456752241, -0.005545160790026175], [-0.05602334928907541, -0.005545160790026175, 2.0329067492416604]]"
5,2,1597,H4F6,F-H,10,110.6589477714682,2.0462513697971385,"[[2.0324731185058713, -0.06309816923976345, -0.0929840100914203], [-0.06309816923976345, 2.0300464877453623, -0.046593745910329394], [-0.0929840100914203, -0.046593745910329394, 2.0762345031401814]]"
5,2,1598,CH4,C-H,5,68.06569487353102,1.5507750973081436,"[[1.5385128181824772, 0.0273165620206127, -0.045156285669218525], [0.0273165620206127, 1.5347317291310398, -0.038843241987868336], [-0.045156285669218525, -0.038843241987868336, 1.5790807446109132]]"
5,2,1599,F18,F,18,298.43399975480844,3.093554391980028,"[[2.7440830999713883, -0.006526783695872932, 0.0046702784432032605], [-0.006526783695872932, 3.303255370439194, -0.15902191739015278], [0.0046702784432032605, -0.15902191739015278, 3.2333247055295002]]"
5,2,1600,F3N,F-N,4,59.16010408996174,2.286506654387292,"[[2.281138012355284, -0.30931318740691527, 0.48646907359403607], [-0.30931318740691527, 2.464936755957611, 0.2984683921939501], [0.48646907359403607, 0.2984683921939501, 2.1134451948489823]]"
5,2,1601,H3F3,F-H,6,56.135296317976426,1.9408775855417624,"[[1.8906898975265745, 0.0011966106596583434, 0.00033823478483585015], [0.0011966106596583434, 1.895343549293246, 0.0012584277460197418], [0.00033823478483585015, 0.0012584277460197418, 2.0365993098054656]]"
5,2,1602,F17P3,F-P,20,335.9189258122385,1.596733680399047,"[[1.6296343773065902, -0.06494079245501357, 0.0024607848395132017], [-0.06494079245501357, 1.6088997954160422, 0.030113591397407293], [0.0024607848395132017, 0.030113591397407293, 1.5516668684745096]]"
5,2,1603,ClF6,Cl-F,7,117.11822711870352,2.462138360240345,"[[2.4943312622710594, -0.12000812100538027, -0.1639524787371524], [-0.12000812100538027, 2.4720030285468915, -0.07786126254645459], [-0.1639524787371524, -0.07786126254645459, 2.420080789903085]]"
5,2,1604,H11Cl2N3,Cl-H-N,16,164.93776228663404,2.5415197342107656,"[[2.6518066664504465, -0.030476671938628786, -0.00288046707469471], [-0.030476671938628786, 2.332393402628725, -0.001331296315589144], [-0.00288046707469471, -0.001331296315589144, 2.640359133553125]]"
5,2,1605,F6MgPb,F-Mg-Pb,8,137.27648007507915,2.021768811684752,"[[2.0222040516874524, -9.959941533397665e-05, 0.00028395931499884355], [-9.959941533397665e-05, 2.0214897290255482, 0.00019128711219987962], [0.00028395931499884355, 0.00019128711219987962, 2.0216126543412565]]"
5,2,1606,F5,F,5,98.55055877326208,2.515258379972144,"[[2.433768579933699, -0.02426573118341796, 0.1037843828147794], [-0.02426573118341796, 2.5654353078952736, -0.050087594826940106], [0.1037843828147794, -0.050087594826940106, 2.5465712520874604]]"
5,2,1607,H3Al,Al-H,4,45.48716234185338,3.836847385688508,"[[4.07889637047335, 0.10404439793592617, 0.26912065208891445], [0.10404439793592617, 4.041895076587359, -0.30230220346247083], [0.26912065208891445, -0.30230220346247083, 3.3897507100048143]]"
5,2,1608,CaF4Na,Ca-F-Na,6,84.56060976793941,2.0988350730456555,"[[2.083628924002193, 3.025125356962662e-05, 2.0309288438568204e-05], [3.025125356962662e-05, 2.1293648299186487, -1.6379855273501496e-05], [2.0309288438568204e-05, -1.6379855273501496e-05, 2.083511465216123]]"
5,2,1609,F8,F,8,148.00004495758233,2.777996339072603,"[[2.8209978580362236, -0.21529912005781576, 0.011157389823907482], [-0.21529912005781576, 2.6917531534584427, 0.0011681443134761264], [0.011157389823907482, 0.0011681443134761264, 2.821238005723144]]"
5,2,1610,H6K2Pt,H-K-Pt,9,137.83903623103444,2.715024322562156,"[[2.716231180296647, 0.00045701462685063075, -0.0002053458493901461], [0.00045701462685063075, 2.7116745853221116, -0.00015642998990709477], [-0.0002053458493901461, -0.00015642998990709477, 2.717167202067707]]"
5,2,1611,H12K2,H-K,14,354.9934019417939,1.1279881276851436,"[[1.1562131869908367, -0.01234515680668617, 0.0032010641931952627], [-0.01234515680668617, 1.1291348243547894, -0.0018013421180159868], [0.0032010641931952627, -0.0018013421180159868, 1.098616371709805]]"
5,2,1612,H3,H,3,43.06510138579785,0.6348885832857106,"[[0.6542846830549253, -0.007120642055892157, 0.09311372651808422], [-0.007120642055892157, 0.56423570467331, 0.007738470019407327], [0.09311372651808422, 0.007738470019407327, 0.6861453621288968]]"
5,2,1613,H15NO4,H-N-O,20,392.1706732673789,1.4375532977641072,"[[1.4241348738088837, -0.006124909821529621, -0.03943057089028942], [-0.006124909821529621, 1.4682302488344043, -0.023725048565031586], [-0.03943057089028942, -0.023725048565031586, 1.4202947706490348]]"
5,2,1614,F5,F,5,85.16733053420856,3.0535663475761474,"[[3.1602429596112978, -0.3322659284254493, 0.004632415654301236], [-0.3322659284254493, 3.1451630830337485, 0.0017453222882734488], [0.004632415654301236, 0.0017453222882734488, 2.8552930000833956]]"
5,2,1615,H6F12,F-H,18,215.89636498343893,2.2529540416498244,"[[2.07139485174302, 0.002033285553943848, -0.0010096664422104523], [0.002033285553943848, 2.160935864198582, -0.2336367112448918], [-0.0010096664422104523, -0.2336367112448918, 2.5265314090078705]]"
5,2,1616,F4,F,4,78.16362167685242,2.803320705163449,"[[2.8068476572535466, 0.060628137282956414, -0.028492436262292167], [0.060628137282956414, 2.694598130026935, -0.22218037459891612], [-0.028492436262292167, -0.22218037459891612, 2.9085163282098656]]"
5,2,1617,H8O2,H-O,10,145.1626954085989,1.3176945019603536,"[[1.3905216959956872, 0.014173699696270461, 0.056232688487999026], [0.014173699696270461, 1.3716949256414737, 0.019988752893584226], [0.056232688487999026, 0.019988752893584226, 1.1908668842439007]]"
5,2,1618,H12,H,12,189.65708955262207,0.61157164909141,"[[0.6044900916567376, -0.0011822753123348342, 0.00042649913569063293], [-0.0011822753123348342, 0.6138961852406897, 0.003032795634595864], [0.00042649913569063293, 0.003032795634595864, 0.6163286703768028]]"
5,2,1619,F3I,F-I,4,94.47550002526516,2.5808944540807803,"[[2.4477716214993555, -0.4328844692535626, 0.0748936602843412], [-0.4328844692535626, 2.5194411027120287, -0.6463774526759805], [0.0748936602843412, -0.6463774526759805, 2.775470638030958]]"
5,2,1620,ClF8,Cl-F,9,134.686238871094,2.2321493463328905,"[[2.2370069785837527, -0.08153993266578363, 0.0026012589110423583], [-0.08153993266578363, 2.2580304562025275, -0.005306104642815851], [0.0026012589110423583, -0.005306104642815851, 2.201410604212393]]"
5,2,1621,H8F6,F-H,14,160.09433834382105,1.5430318100894598,"[[1.5195981486083503, 0.061825812069425945, -0.025205268947087214], [0.061825812069425945, 1.5886240013094208, -0.018049250922515924], [-0.025205268947087214, -0.018049250922515924, 1.5208732803506093]]"
5,2,1622,Ca2F12,Ca-F,14,215.9917859700397,2.8679623828990057,"[[3.224131847214435, 0.05164804583809375, -0.13199887574051578], [0.05164804583809375, 2.791639782140473, -0.028483713348771977], [-0.13199887574051578, -0.028483713348771977, 2.5881155193421104]]"
5,2,1623,H4,H,4,48.8541738883362,0.691510444145854,"[[0.6952054175776368, 0.0030843981059889476, -0.002384156450138232], [0.0030843981059889476, 0.6854076617068365, 0.006109694089853762], [-0.002384156450138232, 0.006109694089853762, 0.6939182531530892]]"
5,2,1624,CF5,C-F,6,95.5213674375356,2.233769600364104,"[[2.2248928320527024, 0.0014868194723730202, -0.00034081264513316744], [0.0014868194723730202, 2.2295204103880875, -0.0007402856379172658], [-0.00034081264513316744, -0.0007402856379172658, 2.2468955586515222]]"
5,2,1625,F9Li2O2,F-Li-O,13,186.58572369018012,2.778697132252105,"[[2.94192365542377, -0.14914686723927215, 0.2276197235565111], [-0.14914686723927215, 2.5322876816738087, -0.08358036383452443], [0.2276197235565111, -0.08358036383452443, 2.8618800596587364]]"
5,2,1626,CsF,Cs-F,2,77.21496612977778,2.124893053418317,"[[2.1247320117508925, 0.0001640553867698805, 0.0006478245621511267], [0.0001640553867698805, 2.124595889939991, 0.0005071628859012013], [0.0006478245621511267, 0.0005071628859012013, 2.1253512585640664]]"
5,2,1627,H10,H,10,151.3798553082744,0.6246593101153985,"[[0.6270384485854086, -0.0025585629175190333, -0.0015953709196231565], [-0.0025585629175190333, 0.6241596104101732, -0.003565893213427231], [-0.0015953709196231565, -0.003565893213427231, 0.6227798713506139]]"
5,2,1628,Cl17F3,Cl-F,20,1086.0405252823473,1.9048778954243,"[[1.1966207746236395, -0.011804560915852526, 0.011648405063073165], [-0.011804560915852526, 1.8984728231398562, -0.3720587328702346], [0.011648405063073165, -0.3720587328702346, 2.6195400885094027]]"
5,2,1629,H2F2,F-H,4,37.96967174277188,1.9827978796916088,"[[2.013760157700264, 0.006762407432648796, -0.009750594061563757], [0.006762407432648796, 2.069163732113378, 0.2741218465781903], [-0.009750594061563757, 0.2741218465781903, 1.8654697492611845]]"
5,2,1630,F6GeKLi,F-Ge-K-Li,9,136.2288546492228,2.0067517269792288,"[[1.9930396601593934, -0.0016469596977480617, -0.0018463192012489948], [-0.0016469596977480617, 1.9895046662442788, -0.001272125198465943], [-0.0018463192012489948, -0.001272125198465943, 2.0377108545340166]]"
5,2,1631,H2F5W,F-H-W,8,127.83114967132492,2.020618620379342,"[[2.388969679933562, 0.04822830717820937, 0.2969531168759541], [0.04822830717820937, 1.7929737734799793, 0.031533874793865525], [0.2969531168759541, 0.031533874793865525, 1.8799124077244849]]"
5,2,1632,C4H15Cl,C-Cl-H,20,268.0007017699301,1.6433100158308236,"[[1.641233430346344, -0.0031181287496068583, 0.008869995930668258], [-0.0031181287496068583, 1.6371457065559902, 0.0009392450102577411], [0.008869995930668258, 0.0009392450102577411, 1.651550910590137]]"
5,2,1633,C2F6,C-F,8,127.0598927725171,2.564100781048476,"[[2.6111608329954636, 0.45831826700639083, 0.0009388967861051253], [0.45831826700639083, 2.3187526488814054, -0.0069721910592622244], [0.0009388967861051253, -0.0069721910592622244, 2.762388861268559]]"
5,2,1634,H16,H,16,212.2786991123308,0.6643010356106347,"[[0.665579919144551, 0.00027277387338453594, 0.0008823941481214134], [0.00027277387338453594, 0.655468473946252, -0.000514414402838267], [0.0008823941481214134, -0.000514414402838267, 0.6718547137411014]]"
5,2,1635,H4F3LiN,F-H-Li-N,9,67.41407642647502,2.0945745118348613,"[[2.1393873962796945, 0.003251718864835835, 0.00209734902987117], [0.003251718864835835, 2.0712652821571735, -1.9152187458161494e-05], [0.00209734902987117, -1.9152187458161494e-05, 2.0730708570677168]]"
5,2,1636,H3Li,H-Li,4,68.78999997291893,1.5372726313894756,"[[1.6097315228402929, -0.016874286214190282, 0.0816066287702692], [-0.016874286214190282, 1.624798399513966, 0.05269441748870672], [0.0816066287702692, 0.05269441748870672, 1.377287971814169]]"
5,2,1637,H11O5,H-O,16,185.3743975387125,1.7682436786696034,"[[1.7224621014797397, -0.003975335322877588, -0.02311863993177675], [-0.003975335322877588, 1.7128605308108837, 0.027144307275750942], [-0.02311863993177675, 0.027144307275750942, 1.869408403718187]]"
5,2,1638,H6F6,F-H,12,114.7236166328061,1.966520395361706,"[[1.9441644266204454, -0.04912815202678486, 0.09295093005470709], [-0.04912815202678486, 1.9160353861759776, 0.16528679380870032], [0.09295093005470709, 0.16528679380870032, 2.0393613732886955]]"
5,2,1639,B2F9Ge,B-F-Ge,12,180.41919505761155,1.935242835957756,"[[1.9051709624031876, -0.08188223406883988, -0.2519285530753002], [-0.08188223406883988, 1.8309314125094325, 0.14904986261449585], [-0.2519285530753002, 0.14904986261449585, 2.069626132960648]]"
5,2,1640,H4Cl8,Cl-H,12,389.696521833252,2.2258386131871646,"[[2.62079326537876, -0.022788534675226586, -0.3953640405705649], [-0.022788534675226586, 1.8013537210368988, 0.030735521627063857], [-0.3953640405705649, 0.030735521627063857, 2.2553688531458356]]"
5,2,1641,H18Cl2,Cl-H,20,314.469400231175,1.1070393325899046,"[[1.0615701658835182, 0.052832986288116786, 0.017300704611672272], [0.052832986288116786, 1.1855778945710531, 0.07493456005538429], [0.017300704611672272, 0.07493456005538429, 1.0739699373151428]]"
5,2,1642,HCl7,Cl-H,8,320.3047302829673,2.348985790766973,"[[2.238822447823833, 0.222491133619962, 0.06509016635648614], [0.222491133619962, 2.519145017824326, -0.17344056106424877], [0.06509016635648614, -0.17344056106424877, 2.288989906652761]]"
5,2,1643,H4,H,4,85.6343321488524,0.5529439770320651,"[[0.5231132961746948, -0.0364748210340196, -0.01125332079305678], [-0.0364748210340196, 0.5672560666725074, 0.017059066760654162], [-0.01125332079305678, 0.017059066760654162, 0.5684625682489929]]"
5,2,1644,Cl2F11,Cl-F,13,184.5875714059397,2.195782122806372,"[[2.288958085403064, -0.04884120511780785, -0.06933538146880013], [-0.04884120511780785, 2.1308484517551913, -0.10147455504755087], [-0.06933538146880013, -0.10147455504755087, 2.1675398312608603]]"
5,2,1645,F8,F,8,153.8458651379333,2.8365201464230565,"[[2.5702810229607644, 0.005277083480526756, -0.0024866703284713285], [0.005277083480526756, 2.9437177692532996, -0.07606814068584336], [-0.0024866703284713285, -0.07606814068584336, 2.9955616470551076]]"
5,2,1646,H6K2Si,H-K-Si,9,125.07008317591382,2.2972702798047924,"[[2.297353751677961, 0.00026281788422712434, 0.00035499407783001877], [0.00026281788422712434, 2.2968271771114517, 0.00027900483999208556], [0.00035499407783001877, 0.00027900483999208556, 2.2976299106249662]]"
5,2,1647,F8Si2,F-Si,10,164.09225034394592,1.624864687945836,"[[1.624147155848975, -0.0017679383956295022, -0.0009030298445737439], [-0.0017679383956295022, 1.62865760157618, -0.0023696695335076426], [-0.0009030298445737439, -0.0023696695335076426, 1.621789306412354]]"
5,2,1648,H2ClO,Cl-H-O,4,77.99805065910566,2.070935802537925,"[[1.9418775826354855, 0.4636599907678245, -0.32662884740691783], [0.4636599907678245, 2.1037591012721055, -0.6428567515424114], [-0.32662884740691783, -0.6428567515424114, 2.1671707237061835]]"
5,2,1649,CaF2,Ca-F,3,42.05649272622377,2.310160332430649,"[[2.310745587427379, -0.0001191904091401601, -0.00047565347856987235], [-0.0001191904091401601, 2.30938240412344, -0.00029899939250734264], [-0.00047565347856987235, -0.00029899939250734264, 2.3103530057411263]]"
5,2,1650,H16N2,H-N,18,246.52644250701897,1.2590779267606629,"[[1.221420009912935, -0.00040195274121166254, -0.003557128529832416], [-0.00040195274121166254, 1.2985100094345052, -0.012573553579699323], [-0.003557128529832416, -0.012573553579699323, 1.257303760934548]]"
5,2,1651,CdF4Mg,Cd-F-Mg,6,72.85094388747422,2.633676017112565,"[[2.6495089752008556, -0.00012231538303922974, -0.001122144421508821], [-0.00012231538303922974, 2.649313160888342, -0.0008669079595860992], [-0.001122144421508821, -0.0008669079595860992, 2.6022059152484993]]"
5,2,1652,H4F3Si2,F-H-Si,9,180.8634550405208,1.1489621198753508,"[[1.235306574948367, -0.038789735761728165, -0.08606423214621747], [-0.038789735761728165, 1.0822373366646276, 0.021760594624671007], [-0.08606423214621747, 0.021760594624671007, 1.1293424480130574]]"
5,2,1653,H8Na2,H-Na,10,273.1098890184072,1.2014420792020524,"[[1.2085484463735432, -0.012501892663430056, -0.007668292029839594], [-0.012501892663430056, 1.2051173817852363, 0.01444056234745151], [-0.007668292029839594, 0.01444056234745151, 1.1906604094473778]]"
5,2,1654,F,F,1,18.847108906321004,2.45568002191229,"[[2.2612181410666903, -1.4938159800775888e-05, -1.3896982259668804e-05], [-1.4938159800775888e-05, 2.2381163691603407, -0.005978727269628308], [-1.3896982259668804e-05, -0.005978727269628308, 2.867705555509838]]"
5,2,1655,H4F8LiMn,F-H-Li-Mn,14,153.2345774721089,2.0878786970475134,"[[2.399504578776192, -0.07703674216443654, -0.09478240368967832], [-0.07703674216443654, 1.9061753792964136, 0.0281332683875963], [-0.09478240368967832, 0.0281332683875963, 1.9579561330699344]]"
5,2,1656,H10,H,10,135.47462501903237,0.6578570754235996,"[[0.6615775211849765, -0.002325913190439785, 0.005214681517454225], [-0.002325913190439785, 0.6622896482309927, 0.007434211908715443], [0.005214681517454225, 0.007434211908715443, 0.6497040568548297]]"
5,2,1657,H8O2,H-O,10,118.0964943445752,1.436043514608559,"[[1.5537302294245554, -0.000829010690103428, -0.055956700299732216], [-0.000829010690103428, 1.4564566982441272, -0.004032852873117169], [-0.055956700299732216, -0.004032852873117169, 1.297943616156995]]"
5,2,1658,H2F2,F-H,4,37.19225160345045,1.9388220487374703,"[[1.9399645660410798, -0.0019958274615451675, -0.06498029918821809], [-0.0019958274615451675, 1.9773900868024383, -0.0001373562334048708], [-0.06498029918821809, -0.0001373562334048708, 1.8991114933688926]]"
5,2,1659,H14,H,14,208.8380943908049,0.6286757550039487,"[[0.6341136396445479, 0.0028750048336336894, 0.0026520918017209237], [0.0028750048336336894, 0.6259966740815053, 0.0025918632242109144], [0.0026520918017209237, 0.0025918632242109144, 0.6259169512857929]]"
5,2,1660,H16O4,H-O,20,150.8855152607767,1.702199636809245,"[[1.6960586977406018, 0.0006684831187881172, 0.0006504884306123376], [0.0006684831187881172, 1.699244685046362, 0.009599368338237654], [0.0006504884306123376, 0.009599368338237654, 1.7112955276407706]]"
5,2,1661,CoF8FeLi2,Co-F-Fe-Li,12,135.20541796833365,2.675467911143276,"[[2.5563650037557637, -0.36670338683543324, -0.006826020302627741], [-0.36670338683543324, 2.61344983354683, -0.007077128099535116], [-0.006826020302627741, -0.007077128099535116, 2.8565888961272345]]"
5,2,1662,H4F14N2,F-H-N,20,272.3240692669713,1.7822951803993208,"[[1.7664711901353298, -0.002015541712855466, 0.002452528194203019], [-0.002015541712855466, 1.734818279703772, -0.06332369102769154], [0.002452528194203019, -0.06332369102769154, 1.8455960713588597]]"
5,2,1663,H12,H,12,171.61250563298702,0.6399696950411853,"[[0.6342674827752915, 0.0017053818758789665, -0.005935855160445665], [0.0017053818758789665, 0.6373053145486745, -0.0009930221146537811], [-0.005935855160445665, -0.0009930221146537811, 0.6483362877995901]]"
5,4,1664,Ba2P2Si2,Ba-P-Si,6,174.02792738383337,11.485511800386703,"[[12.238191053164087, -0.0005313991593791639, -0.0005133977545167266], [-0.0005313991593791639, 9.568955121399169, 0.9767291291804227], [-0.0005133977545167266, 0.9767291291804227, 12.649389226596867]]"
5,4,1665,B2Ba2GaO6Tl,B-Ba-Ga-O-Tl,12,218.3218073257953,3.3296962559436256,"[[3.5205213031757188, 0.0005237168232976023, 0.001758762183506155], [0.0005237168232976023, 3.5222194842991703, -0.001000257684013899], [0.001758762183506155, -0.001000257684013899, 2.9463479803559887]]"
5,4,1666,CB10Sm,B-C-Sm,12,106.35838885047067,9.014700520027516,"[[9.193279655437445, 0.1363693036170404, -0.1789243303359722], [0.1363693036170404, 8.734525724312968, 0.04204302467241826], [-0.1789243303359722, 0.04204302467241826, 9.116296180332133]]"
5,4,1667,C3N4O2Sc,C-N-O-Sc,10,150.97949685085962,3.015426591596299,"[[2.3079387185277414, 0.171901302517806, -0.41229496997520315], [0.171901302517806, 2.7310762805244613, -0.7473543984637327], [-0.41229496997520315, -0.7473543984637327, 4.007264775736697]]"
5,4,1668,O7V4,O-V,11,137.80096074032255,6.612984225375237,"[[6.93632644029939, -0.13679064904364968, -0.647733792839211], [-0.13679064904364968, 6.45527441302526, 0.09616606846189885], [-0.647733792839211, 0.09616606846189885, 6.44735182280106]]"
5,4,1669,O8P2Rb2,O-P-Rb,12,206.5930017539181,2.508235679186533,"[[2.6304225871585296, -0.002586678204658921, 0.002036434605659538], [-0.002586678204658921, 2.484809865093288, -0.008040152548718467], [0.002036434605659538, -0.008040152548718467, 2.4094745853077826]]"
5,4,1670,Cs3O4W,Cs-O-W,8,250.4136450837294,2.6603852455169297,"[[2.672350629647748, 0.017130175342525075, 0.022249997159992797], [0.017130175342525075, 2.6604347416820686, -0.031316573023950835], [0.022249997159992797, -0.031316573023950835, 2.6483703652209716]]"
5,4,1671,CFO2,C-F-O,4,63.46164763820696,2.192627001277122,"[[2.021035424845513, -0.0027240026355512615, 0.40773990677171246], [-0.0027240026355512615, 2.6064340415694525, 0.00348347686761105], [0.40773990677171246, 0.00348347686761105, 1.9504115374164006]]"
5,4,1672,F6K2MnNi,F-K-Mn-Ni,10,144.30778977035718,2.162566814979496,"[[2.1624590071096947, -7.059425353470851e-05, 0.0006735103226985904], [-7.059425353470851e-05, 2.162472567880875, 0.0006407075656214053], [0.0006735103226985904, 0.0006407075656214053, 2.1627688699479184]]"
5,4,1673,Li4P3Tl2,Li-P-Tl,9,169.5333316965093,10.457410667102163,"[[10.106669044238217, 1.4695137720232504e-07, -0.0008442060651589665], [1.4695137720232504e-07, 10.101318235712125, 0.0003592702070919141], [-0.0008442060651589665, 0.0003592702070919141, 11.164244721356145]]"
5,4,1674,RbS2Y,Rb-S-Y,4,111.12296878032411,5.437392685998373,"[[5.848588852788626, -0.05858544487269474, 0.36314625321383004], [-0.05858544487269474, 5.908772391172669, 0.22053429329391508], [0.36314625321383004, 0.22053429329391508, 4.554816814033821]]"
5,4,1675,H2Cd2N2,Cd-H-N,6,79.508190076078,6.126870212823527,"[[5.616379545457075, 0.0031340882292943324, -0.008683924941925478], [0.0031340882292943324, 6.382882025905188, 0.00019790132134362204], [-0.008683924941925478, 0.00019790132134362204, 6.381349067108317]]"
5,4,1676,H2FLiO,F-H-Li-O,5,55.23792547962399,1.898999030946808,"[[1.8693146344418372, -0.0117773817204587, -0.020888625916425006], [-0.0117773817204587, 1.8303485323215063, 0.20657359420462912], [-0.020888625916425006, 0.20657359420462912, 1.99733392607708]]"
5,4,1677,C3Ca3O9,C-Ca-O,15,193.21519949552956,2.6446142870132348,"[[2.701098127919088, 0.09990156607027482, 0.1626812077722505], [0.09990156607027482, 2.8670606676622503, -0.24376291896109345], [0.1626812077722505, -0.24376291896109345, 2.3656840654583644]]"
5,4,1678,C3O7Sr2,C-O-Sr,12,160.01471954452754,2.686197530589167,"[[2.3612760980714094, -0.4834637450836047, -0.17193461831874352], [-0.4834637450836047, 2.6950108652511076, -0.18400647952759427], [-0.17193461831874352, -0.18400647952759427, 3.002305628444986]]"
5,4,1679,H2CaCuS,Ca-Cu-H-S,5,68.08151277391893,6.891706358365852,"[[7.2827423666540945, -0.20581563201477787, 0.7195041946767938], [-0.20581563201477787, 7.460901222729145, 0.47015608427071487], [0.7195041946767938, 0.47015608427071487, 5.931475485714319]]"
5,4,1680,C2Ba2N4O2,Ba-C-N-O,10,155.09320200113444,3.682419947002357,"[[3.1040285357397672, 0.0020750162683455045, -0.0022488993535760365], [0.0020750162683455045, 3.9796193136412628, 0.03390220688412488], [-0.0022488993535760365, 0.03390220688412488, 3.963611991626044]]"
5,4,1681,H5P2Rb2,H-P-Rb,9,162.16003118693976,3.7313689759716495,"[[3.597419494857897, 0.02240747084458066, 0.019830430262378924], [0.02240747084458066, 3.854836983231332, -0.04971100854200639], [0.019830430262378924, -0.04971100854200639, 3.741850449825719]]"
5,4,1682,B3BaO6,B-Ba-O,10,129.25554563557577,2.764134470665537,"[[2.84157989442035, -0.30514418213181405, -0.181020246761865], [-0.30514418213181405, 2.910337756262271, 0.20268560516858025], [-0.181020246761865, 0.20268560516858025, 2.5404857613139913]]"
5,4,1683,H3BrO2,Br-H-O,6,86.88750362754061,2.546738272181959,"[[3.4243738873834384, -0.05851643444662279, -0.10869014277386659], [-0.05851643444662279, 2.0750893667148693, 0.0803492368736871], [-0.10869014277386659, 0.0803492368736871, 2.1407515624475715]]"
5,4,1684,As4Cl2O6,As-Cl-O,12,367.04200261668194,2.4937796004251305,"[[2.8362184343643904, -0.04295856915863779, 0.001471270973689998], [-0.04295856915863779, 2.1543405298216847, -0.46307529986601953], [0.001471270973689998, -0.46307529986601953, 2.490779837089317]]"
5,4,1685,H3Zn,H-Zn,4,41.29444924790178,3.422305740932046,"[[3.4225844765872906, 0.00042301568811416526, 0.002150158228473761], [0.00042301568811416526, 3.422649846209758, -0.0009855149845933154], [0.002150158228473761, -0.0009855149845933154, 3.421682899999088]]"
5,4,1686,C4N4Sr3,C-N-Sr,11,203.3379177117136,3.3851398210203456,"[[3.0339491247683816, 0.0009650983317813476, 0.001262257342825222], [0.0009650983317813476, 3.522423901981808, 0.5415725702728252], [0.001262257342825222, 0.5415725702728252, 3.599046436310848]]"
5,4,1687,Cs3O4Pt,Cs-O-Pt,8,194.3413513195584,3.8162485669472495,"[[3.3399914473457666, -0.9605488851267346, -0.0038630645556078755], [-0.9605488851267346, 3.645162673198969, -0.003158493584300339], [-0.0038630645556078755, -0.003158493584300339, 4.463591580297011]]"
5,4,1688,KTaTe2,K-Ta-Te,4,115.39809302994182,10.57314867193688,"[[12.697316426314389, 0.0008863449019862548, 0.0005233281606929261], [0.0008863449019862548, 12.699099605196613, -0.0011812432549802901], [0.0005233281606929261, -0.0011812432549802901, 6.323029984299643]]"
5,4,1689,Cl3Zn,Cl-Zn,4,185.17429885193243,1.953706327791568,"[[2.151791903791216, 0.0033149816692589875, -0.08121320760243621], [0.0033149816692589875, 1.8325031732781134, 0.012413857425803703], [-0.08121320760243621, 0.012413857425803703, 1.8768239063053742]]"
5,4,1690,O3RbTa,O-Rb-Ta,5,68.3545853822271,5.348782877671685,"[[5.361080263244839, -0.13617231959384543, -0.07101552654711106], [-0.13617231959384543, 5.237565640677609, -0.09253073765182718], [-0.07101552654711106, -0.09253073765182718, 5.447702729092605]]"
5,4,1691,N2O3SbSn2,N-O-Sb-Sn,8,106.56441632792894,7.3469966031088605,"[[7.537027820649699, -0.012007606736360213, 0.10732028956917014], [-0.012007606736360213, 7.5500997053155725, 0.06320701761097551], [0.10732028956917014, 0.06320701761097551, 6.953862283361311]]"
5,4,1692,Ga2Li6MnO8Rh,Ga-Li-Mn-O-Rh,18,193.4783792354059,4.615202968546283,"[[4.323732350428398, 0.035549729224714645, 0.001863871227777119], [0.035549729224714645, 4.360556546795162, 0.0009843311120557334], [0.001863871227777119, 0.0009843311120557334, 5.161320008415291]]"
5,4,1693,Cd2Mg6Zn2,Cd-Mg-Zn,10,216.43402713718604,9.708959305559723,"[[10.220999423240185, 0.00255233742684462, 0.0014274416214809587], [0.00255233742684462, 9.446629289666763, 0.06404540761335449], [0.0014274416214809587, 0.06404540761335449, 9.459249203772229]]"
5,4,1694,LiO8Sb2V,Li-O-Sb-V,12,167.06110528284776,4.0921963114920645,"[[2.803654084858961, 0.6975206429486123, -0.08449491990916878], [0.6975206429486123, 4.459437052160985, -0.2394899080611541], [-0.08449491990916878, -0.2394899080611541, 5.013497797456249]]"
5,4,1695,CN2,C-N,3,40.73841870101686,2.4492395471091126,"[[2.0351181205775966, 1.3808807797253388, 0.3137726721573353], [1.3808807797253388, 3.4849663181070665, 0.7925122457911381], [0.3137726721573353, 0.7925122457911381, 1.8276342026426746]]"
5,4,1696,I6Li2Pb2,I-Li-Pb,10,395.7350806201587,5.4248399322017375,"[[5.46259834381718, -0.034075239882724546, 0.0983877868054101], [-0.034075239882724546, 5.488106433840805, 0.06771112597376316], [0.0983877868054101, 0.06771112597376316, 5.323815018947227]]"
5,4,1697,Ba2Li2O2,Ba-Li-O,6,124.92006066752433,4.994053817107779,"[[4.939010842758121, -3.78402441553741e-06, 0.0009025375749872817], [-3.78402441553741e-06, 4.936828746494114, 0.0002745768964490853], [0.0009025375749872817, 0.0002745768964490853, 5.106321862071104]]"
5,4,1698,N7P4,N-P,11,354.0817862025332,2.6927674615107207,"[[2.999605082123027, -0.11859952182077384, 0.30947235844918736], [-0.11859952182077384, 3.260418882200029, 0.05022226695534291], [0.30947235844918736, 0.05022226695534291, 1.8182784202091082]]"
5,4,1699,LiS2Ta,Li-S-Ta,4,64.65490253383035,10.085488912676992,"[[12.008799891925438, 0.004328961992729016, -0.0001765999979179913], [0.004328961992729016, 12.008193821699166, -0.00596765189071153], [-0.0001765999979179913, -0.00596765189071153, 6.239473024406373]]"
5,4,1700,Li6Mg3O6,Li-Mg-O,15,161.5660898685979,3.136753692257105,"[[3.028183415780793, -0.00037567747858067703, -0.0003253646893899063], [-0.00037567747858067703, 3.0246474753130768, 0.0006701560209298843], [-0.0003253646893899063, 0.0006701560209298843, 3.357430185677444]]"
5,4,1701,CH6NaRb,C-H-Na-Rb,9,124.0839393848063,2.2753706524765174,"[[2.3771043579836846, 8.885814175869773e-05, -0.0723644756734634], [8.885814175869773e-05, 2.222404596177838, 8.927911379261874e-05], [-0.0723644756734634, 8.927911379261874e-05, 2.22660300326803]]"
5,4,1702,F2Ge2Sr2Zn2,F-Ge-Sr-Zn,8,163.95571721729405,7.969822222536739,"[[9.819021111657781, -4.332513820018494e-05, 0.0030702636269131015], [-4.332513820018494e-05, 9.81755821605824, 0.002214247433781274], [0.0030702636269131015, 0.002214247433781274, 4.272887339894195]]"
5,4,1703,Li2O7W2,Li-O-W,11,136.1259406697932,4.658126390786425,"[[5.436469350674168, -0.7031100304866849, 0.2556488991099891], [-0.7031100304866849, 4.123422452341074, 0.15342730927074705], [0.2556488991099891, 0.15342730927074705, 4.414487369344034]]"
5,4,1704,FN2Na3,F-N-Na,6,83.92065939622144,3.1766149836826485,"[[3.1358184955951125, 0.0015509943520149688, -0.0030112481874778087], [0.0015509943520149688, 3.236855711718957, -0.18331379483878527], [-0.0030112481874778087, -0.18331379483878527, 3.1571707437338747]]"
5,4,1705,Li4Se4,Li-Se,8,177.7263052515826,5.332651057708506,"[[5.179260496760367, 0.0001644260107730214, 0.00019852466959008712], [0.0001644260107730214, 5.4623282499572205, 0.002386584310642474], [0.00019852466959008712, 0.002386584310642474, 5.35636442640793]]"
5,4,1706,C4K4N8,C-K-N,16,373.00455676227847,1.7580146575055753,"[[1.4191453237197005, -0.26731150577075546, -0.30286711484321405], [-0.26731150577075546, 1.8305792750792536, 0.6483158692585966], [-0.30286711484321405, 0.6483158692585966, 2.024319373717774]]"
5,4,1707,Cl5O4,Cl-O,9,250.55374926873588,2.5781426686945994,"[[2.226229982194097, -0.12268053996094251, 0.08967102696353806], [-0.12268053996094251, 2.172967090900301, -0.14645108278169774], [0.08967102696353806, -0.14645108278169774, 3.335230932989399]]"
5,4,1708,Cs3K,Cs-K,4,444.8463332430198,3.85519890386627,"[[3.8551989038662695, 0.0, 0.0], [0.0, 3.8551989038662704, 0.0], [0.0, 0.0, 3.8551989038662695]]"
5,4,1709,Ba2Li3O3,Ba-Li-O,8,175.77188871553278,4.17898592776188,"[[4.218800419012904, -0.00013277642835062578, 0.0031182330265454084], [-0.00013277642835062578, 4.2188145671597, 0.00172602509406255], [0.0031182330265454084, 0.00172602509406255, 4.099342797113035]]"
5,4,1710,Li6O2,Li-O,8,86.66156741332928,3.633956950776472,"[[3.646361439639596, 0.0009646591272378502, 3.848621405466588e-05], [0.0009646591272378502, 3.6479334140228716, -3.771612745551253e-06], [3.848621405466588e-05, -3.771612745551253e-06, 3.6075759986669467]]"
5,4,1711,CuLi2O4P,Cu-Li-O-P,8,84.29800945265464,3.1170773224428667,"[[3.0540869741748944, 0.0555548600703452, 0.09521787349923115], [0.0555548600703452, 3.07090106156806, 0.12145232171366596], [0.09521787349923115, 0.12145232171366596, 3.2262439315856426]]"
5,4,1712,K5N5O3Sr,K-N-O-Sr,14,312.627830646966,2.7336760316321853,"[[2.619650774333125, -0.10588743982640532, -0.009750839982366215], [-0.10588743982640532, 2.7723236951248085, 0.037149171547097584], [-0.009750839982366215, 0.037149171547097584, 2.80905362543862]]"
5,4,1713,C2Cs2O6,C-Cs-O,10,193.8842673564056,2.4059156271807693,"[[2.3806690611605053, 0.0033792001728427164, 0.0001440056245686446], [0.0033792001728427164, 2.041549287418808, 0.003526617553310267], [0.0001440056245686446, 0.003526617553310267, 2.7955285329629938]]"
5,4,1714,BrMnO3Sr2,Br-Mn-O-Sr,7,133.34543784314175,6.002089481170676,"[[6.412529189106189, -0.06780719683467652, -0.2883614918206955], [-0.06780719683467652, 6.40783143243737, -0.3035503189086413], [-0.2883614918206955, -0.3035503189086413, 5.185907821968466]]"
5,4,1715,CoF12FeZr,Co-F-Fe-Zr,15,235.12541460731248,3.740174950743476,"[[3.8139130120674807, 0.021165421787487045, -0.024991624769082788], [0.021165421787487045, 3.7769734893227103, -0.027981820572696024], [-0.024991624769082788, -0.027981820572696024, 3.629638350840237]]"
5,4,1716,F8Sn2,F-Sn,10,154.59045190164662,2.2149133083263104,"[[2.2579011741466526, -0.2640537702951364, 0.04124534574579805], [-0.2640537702951364, 2.3681578110622197, 0.029779735934611227], [0.04124534574579805, 0.029779735934611227, 2.0186809397700594]]"
5,4,1717,K5Li7,K-Li,12,506.1578055641262,3.4829742272419715,"[[3.474424809921339, 0.0018458357095329806, -0.009213351529391364], [0.0018458357095329806, 3.472605291029736, -0.005638271665902564], [-0.009213351529391364, -0.005638271665902564, 3.5018925807748404]]"
5,4,1718,Cl3LiNSr2,Cl-Li-N-Sr,7,154.08672362842003,3.3980146615058424,"[[3.466009178417903, 0.036283280226651525, 0.04653974235131532], [0.036283280226651525, 3.0911278087324052, 0.14901786611069262], [0.04653974235131532, 0.14901786611069262, 3.6369069973672175]]"
5,4,1719,Ba2Cs3O2,Ba-Cs-O,7,466.0319132992316,3.8595999037658544,"[[4.0882211952137535, -0.011573372325101272, -0.08918181313555323], [-0.011573372325101272, 4.087647876080923, -0.09043495639266176], [-0.08918181313555323, -0.09043495639266176, 3.402930640002887]]"
5,4,1720,C2Li2N4,C-Li-N,8,94.04024666371564,3.3967663983792846,"[[2.833040816665557, -0.000975948430332502, -0.0010370742132959736], [-0.000975948430332502, 3.6895189764834044, -0.1753123260819469], [-0.0010370742132959736, -0.1753123260819469, 3.6677394019888947]]"
5,4,1721,Cs4KO9P2,Cs-K-O-P,16,358.8921621669624,2.4098460554383543,"[[2.349806858104349, 0.011988105975144901, -0.06353722538665428], [0.011988105975144901, 2.338626997388694, -0.03923148980909111], [-0.06353722538665428, -0.03923148980909111, 2.5411043108220173]]"
5,4,1722,H8BaN3,Ba-H-N,12,302.8292266602061,2.112349406572026,"[[2.2146657482904275, -0.0034743829217624565, -0.030018792098372014], [-0.0034743829217624565, 2.046713555613028, -0.022300822861053966], [-0.030018792098372014, -0.022300822861053966, 2.0756689158126203]]"
5,4,1723,FeO6SbSr2,Fe-O-Sb-Sr,10,130.2073255209208,5.211870712637778,"[[5.121418904985805, -0.00022762390534771586, -0.0005650864226826589], [-0.00022762390534771586, 5.25945710979952, -0.005587126224976297], [-0.0005650864226826589, -0.005587126224976297, 5.254736123128011]]"
5,4,1724,B3CdO6,B-Cd-O,10,113.88265391611534,2.923172049940157,"[[2.8289249506834797, 0.030472112527329197, 0.06816053379380718], [0.030472112527329197, 2.814145677297674, 0.07902916507191649], [0.06816053379380718, 0.07902916507191649, 3.126445521839315]]"
5,4,1725,As2LiO8Sr3,As-Li-O-Sr,14,202.56091207687803,3.228031628261151,"[[3.275363126139632, -0.00035654629983768307, -0.0006604035289018554], [-0.00035654629983768307, 3.2720654356724697, -0.0002874891369424586], [-0.0006604035289018554, -0.0002874891369424586, 3.1366663229713496]]"
5,4,1726,Rb4Se10Si4,Rb-Se-Si,18,616.7667002446734,4.336825751042791,"[[5.213605052042898, -0.405528287147275, 0.0022529035590634996], [-0.405528287147275, 3.7319292835600373, 0.0005295795572340896], [0.0022529035590634996, 0.0005295795572340896, 4.06494291752544]]"
5,4,1727,H2O4Y2,H-O-Y,8,90.54218672836966,3.842259999750373,"[[3.915451673517371, -8.410446800144109e-05, 6.314966527596752e-05], [-8.410446800144109e-05, 3.9698964857108487, -0.08911477707533501], [6.314966527596752e-05, -0.08911477707533501, 3.641431840022898]]"
5,4,1728,FLi5Mn3O6,F-Li-Mn-O,15,153.0107892927995,5.895569443242915,"[[4.755113968311487, 0.031129017549291493, 0.09219070943047279], [0.031129017549291493, 7.019679407028158, 0.09430112096685991], [0.09219070943047279, 0.09430112096685991, 5.911914954389098]]"
5,4,1729,O4VW,O-V-W,6,161.15103031399772,3.567943531221991,"[[3.5560433393467012, -0.029949293591653305, -0.03300048012539866], [-0.029949293591653305, 3.570494797677246, 0.04201838796876328], [-0.03300048012539866, 0.04201838796876328, 3.577292456642026]]"
5,4,1730,O2PtRb2,O-Pt-Rb,5,128.67061772986554,3.103762603889475,"[[2.878363953200161, 0.07113823591271755, 0.2165579753573793], [0.07113823591271755, 2.8932653135105673, 0.23841273234011184], [0.2165579753573793, 0.23841273234011184, 3.5396585449576987]]"
5,4,1731,AuCa2O6Sc,Au-Ca-O-Sc,10,150.59676240303594,4.702697197858252,"[[5.080882249544174, -0.0034544106019134776, 0.006143159762625329], [-0.0034544106019134776, 4.849836509451588, 0.32650574828424933], [0.006143159762625329, 0.32650574828424933, 4.177372834578995]]"
5,4,1732,Ga2Na2O4,Ga-Na-O,8,107.87171093893052,3.087929632487026,"[[3.0668137037026053, 0.02822932562887258, 0.03645805720409609], [0.02822932562887258, 3.084312542203987, 0.048955211061490825], [0.03645805720409609, 0.048955211061490825, 3.1126626515544844]]"
5,4,1733,HoNaO7P2,Ho-Na-O-P,11,146.41594620407594,2.811890519573907,"[[2.455502575781809, 0.027899941341567473, 0.11837675525785432], [0.027899941341567473, 2.9353302715545824, -0.23825890512059766], [0.11837675525785432, -0.23825890512059766, 3.044838711385326]]"
5,4,1734,Li6S3,Li-S,9,141.20171015194586,3.9051813625184297,"[[3.905925600004502, 0.00043731426591717024, 0.00025620414334938174], [0.00043731426591717024, 3.9063563475255525, -0.0001968806321472599], [0.00025620414334938174, -0.0001968806321472599, 3.9032621400252356]]"
5,4,1735,B2K4P2S10,B-K-P-S,18,496.8239762007081,3.565479422042636,"[[4.581202603208328, -0.22228754118688734, -0.14488327126448677], [-0.22228754118688734, 2.8442392736008393, -0.01723699551454003], [-0.14488327126448677, -0.01723699551454003, 3.2709963893187397]]"
5,4,1736,N2O6,N-O,8,127.94382756854571,1.999792497960996,"[[2.2626294764930885, -0.0021140857778179224, -6.400032860208562e-05], [-0.0021140857778179224, 1.7309319749650944, -0.3265903486169775], [-6.400032860208562e-05, -0.3265903486169775, 2.0058160424248066]]"
5,4,1737,Li7MnO8V2,Li-Mn-O-V,18,185.460654638358,4.524663808181781,"[[5.500441440197715, 0.00132252481713721, -0.0011108825533641575], [0.00132252481713721, 3.58098513423653, -0.12333625806658918], [-0.0011108825533641575, -0.12333625806658918, 4.492564850111103]]"
5,4,1738,H2K2O9P2S,H-K-O-P-S,16,246.63758399209743,2.320766509381299,"[[2.468152207152867, 0.06215648239474042, 0.21325896975759823], [0.06215648239474042, 2.363911960481547, -0.05822742775394437], [0.21325896975759823, -0.05822742775394437, 2.1302353605094835]]"
5,4,1739,N4,N,4,104.95923885451832,1.3767854717872037,"[[1.3881778827307216, 0.0003787362692913705, 0.00925709395639215], [0.0003787362692913705, 1.3954697516542987, -0.0003107954644312506], [0.00925709395639215, -0.0003107954644312506, 1.34670878097659]]"
5,4,1740,Al2Na4O6,Al-Na-O,12,162.5849857102346,2.7029281621214785,"[[2.89382522668188, -0.009838554133794888, 0.005640850473001116], [-0.009838554133794888, 2.540537466656836, 0.09429753225944265], [0.005640850473001116, 0.09429753225944265, 2.6744217930257186]]"
5,4,1741,MnO8P2Sb,Mn-O-P-Sb,12,166.2284773570864,3.535783533348835,"[[3.4493774489365956, 0.11453596960155918, 0.42843833704181444], [0.11453596960155918, 3.581283721913206, 0.19493770129350707], [0.42843833704181444, 0.19493770129350707, 3.576689429196704]]"
5,4,1742,BeCa3Ge2N6,Be-Ca-Ge-N,12,160.19920691886614,5.866729560547308,"[[5.733243299971908, 0.0006269869381953318, 0.005749721371401828], [0.0006269869381953318, 5.770248890532268, 0.03284798955476533], [0.005749721371401828, 0.03284798955476533, 6.096696491137748]]"
5,4,1743,Li4MnN3,Li-Mn-N,8,78.0431041881647,7.895384172653512,"[[8.647630545604043, 0.08152214456775436, -0.26088307986206505], [0.08152214456775436, 7.234200706555352, 0.2862882955910836], [-0.26088307986206505, 0.2862882955910836, 7.8043212658011445]]"
5,4,1744,B2N2,B-N,4,23.889550293080745,4.295374083921053,"[[4.244642594637675, 0.000165060214781965, 0.00010805879299286507], [0.000165060214781965, 4.244480322515146, 7.733526329269246e-05], [0.00010805879299286507, 7.733526329269246e-05, 4.39699933461034]]"
5,4,1745,Ba3MgNbO7,Ba-Mg-Nb-O,12,189.3096057905057,4.993337146616262,"[[4.934207301626488, 0.003512564077544658, -0.025389927040833017], [0.003512564077544658, 4.935526971260032, -0.028255285760475247], [-0.025389927040833017, -0.028255285760475247, 5.110277166962263]]"
5,4,1746,As2HgO6,As-Hg-O,9,109.7635184491762,4.947527408632291,"[[5.202416271693274, -0.0002995314375022378, 0.00017936903713621971], [-0.0002995314375022378, 4.820803676675061, -0.0004501382351996866], [0.00017936903713621971, -0.0004501382351996866, 4.819362277528537]]"
5,4,1747,CaO2Rb,Ca-O-Rb,4,72.62085053434264,3.688439675223496,"[[3.7364845246456886, -0.008050515606599008, 0.046548741424383665], [-0.008050515606599008, 3.7447265611423006, 0.028240907202554285], [0.046548741424383665, 0.028240907202554285, 3.584107939882501]]"
5,4,1748,Li2Mg2N2,Li-Mg-N,6,64.31245331793342,4.819266889444065,"[[4.861548361465683, -1.1403772540111481e-05, -0.0031502874990482787], [-1.1403772540111481e-05, 4.856568606098422, -0.0395810465655775], [-0.0031502874990482787, -0.0395810465655775, 4.73968370076809]]"
5,4,1749,AuK2Rb,Au-K-Rb,4,217.60363481526068,4.238908024750739,"[[4.610468429211731, 0.00025565076205586666, 0.00041077374654599247], [0.00025565076205586666, 4.607284396445523, 0.0005544510422514392], [0.00041077374654599247, 0.0005544510422514392, 3.4989712485949602]]"
5,4,1750,Cl3Rh,Cl-Rh,4,93.97866806919228,6.119569110818436,"[[7.246294808633026, 0.003267024466666953, 0.004047528523538095], [0.003267024466666953, 7.249991990900251, -0.0013885719033345824], [0.004047528523538095, -0.0013885719033345824, 3.862420532922029]]"
5,4,1751,HLi6N4Nb,H-Li-N-Nb,12,122.6861479778468,5.595455683410632,"[[6.436526974206858, 0.028397080350928475, 0.0007355734496282862], [0.028397080350928475, 4.553283237888115, 0.0012088247401134096], [0.0007355734496282862, 0.0012088247401134096, 5.796556838136922]]"
5,4,1752,S2SnV,S-Sn-V,4,76.89653767489018,11.47777538415796,"[[12.199984178699355, -0.000412377037630128, -0.003070959877750929], [-0.000412377037630128, 12.20635979641387, 0.0008899455177438157], [-0.003070959877750929, 0.0008899455177438157, 10.026982177360653]]"
5,4,1753,H3P,H-P,4,73.33367544356304,3.11003027878562,"[[2.934786464713825, -0.0019611032709509835, 0.11535204427559367], [-0.0019611032709509835, 3.1882948972089262, -0.0009922199096303419], [0.11535204427559367, -0.0009922199096303419, 3.2070094744341104]]"
5,4,1754,F2In2,F-In,4,84.01207088080433,5.512017970809427,"[[5.892834598875019, -0.006404008445699099, 0.002213253456648864], [-0.006404008445699099, 5.5157850500940855, 0.01252459246460992], [0.002213253456648864, 0.01252459246460992, 5.127434263459173]]"
5,4,1755,Al2As2O6,Al-As-O,10,116.02476684828667,4.913346454138612,"[[4.890506320178657, 0.0006228158390080864, 0.023063913150270426], [0.0006228158390080864, 4.966787360550337, 0.0007123833944611532], [0.023063913150270426, 0.0007123833944611532, 4.88274568168684]]"
5,4,1756,BaLi2Na2,Ba-Li-Na,5,181.3171192069477,4.328454608306317,"[[4.33020623240113, -0.004056410456504679, -0.01082938435299286], [-0.004056410456504679, 4.336342130549398, -0.005403014420259066], [-0.01082938435299286, -0.005403014420259066, 4.318815461968423]]"
5,4,1757,O4Rb2Tl2,O-Rb-Tl,8,165.79309052829024,4.363031950413251,"[[5.196204401628269, 0.003071930272163286, 0.003070780277555623], [0.003071930272163286, 3.802261647283665, 0.32374810302883217], [0.003070780277555623, 0.32374810302883217, 4.090629802327816]]"
5,4,1758,AgLiO2,Ag-Li-O,4,48.9843820474123,6.658793824329988,"[[6.0413415700155575, -2.4366319245119668, 0.0005258255659156927], [-2.4366319245119668, 6.072683187712538, 1.515594160157924e-05], [0.0005258255659156927, 1.515594160157924e-05, 7.8623567152618605]]"
5,4,1759,Ba6Ir2O10,Ba-Ir-O,18,371.7510279360069,4.578986784015631,"[[4.481871944082035, -0.005060431414082109, -0.016316449645655314], [-0.005060431414082109, 4.692151941896061, 0.020553388240462014], [-0.016316449645655314, 0.020553388240462014, 4.562936466068794]]"
5,4,1760,GeK5S6,Ge-K-S,12,417.8099229412182,3.459798766722314,"[[3.625794977424219, 0.0025802570271207825, 0.001472516291242915], [0.0025802570271207825, 3.629536538582304, -0.0021609214720804265], [0.001472516291242915, -0.0021609214720804265, 3.1240647841604154]]"
5,4,1761,FKNY,F-K-N-Y,4,72.76973135480785,3.953696701139119,"[[4.24575897862338, -0.04396337605726748, 0.27187827609065823], [-0.04396337605726748, 4.29388183581983, 0.16315193472485476], [0.27187827609065823, 0.16315193472485476, 3.321449288974146]]"
5,4,1762,NaO4Sc2,Na-O-Sc,7,87.57036647646112,3.946290833038925,"[[4.275531842482429, -0.00018299051136614573, -0.0013378826939595715], [-0.00018299051136614573, 4.274812197442101, 0.00031968042357326086], [-0.0013378826939595715, 0.00031968042357326086, 3.2885284591922463]]"
5,4,1763,I4,I,4,218.64746356690333,5.9970535689894895,"[[2.25842573511477, -0.26888037499939066, -0.44039273746342406], [-0.26888037499939066, 4.91761831324433, 4.869734601921289], [-0.44039273746342406, 4.869734601921289, 10.815116658609366]]"
5,4,1764,Cl2Li8N2,Cl-Li-N,12,154.86844091195036,4.218786796377004,"[[4.276630024124839, 0.0006255772937392978, 5.899418855124751e-05], [0.0006255772937392978, 4.271348164636954, 0.0005328191408983371], [5.899418855124751e-05, 0.0005328191408983371, 4.10838220036922]]"
5,4,1765,C2N2PdRb3,C-N-Pd-Rb,8,203.38297231342924,3.475170619656085,"[[2.5264771410381694, -0.20953607592390644, 0.6623538863493177], [-0.20953607592390644, 2.863447259404759, -0.834206351531364], [0.6623538863493177, -0.834206351531364, 5.035587458525328]]"
5,4,1766,Ba4GaN4O4PbSi2,Ba-Ga-N-O-Pb-Si,16,295.65830379106137,5.41470735300079,"[[5.286263590638622, 0.5776599177602552, 0.4393066504503724], [0.5776599177602552, 5.577437075401004, 0.1263391271995362], [0.4393066504503724, 0.1263391271995362, 5.380421392962745]]"
5,4,1767,LiO11P2SiSr2Tb,Li-O-P-Si-Sr-Tb,18,242.76025822730327,2.925135362910718,"[[2.9028115108599444, -0.06482206639776608, -0.03680212859773123], [-0.06482206639776608, 3.0714820838283647, 0.007726464916038196], [-0.03680212859773123, 0.007726464916038196, 2.801112494043844]]"
5,4,1768,Ba2KOSb,Ba-K-O-Sb,5,158.68866413894506,8.213814645603945,"[[8.183989292790475, -0.0016093316607254822, -0.00029995211677337784], [-0.0016093316607254822, 8.232810607467554, -0.001998287930516179], [-0.00029995211677337784, -0.001998287930516179, 8.224644036553798]]"
5,4,1769,Cs4Tl,Cs-Tl,5,458.32288678452267,4.441459902454519,"[[4.515888383601157, -0.00028525136831883375, 0.00013727176015719162], [-0.00028525136831883375, 4.394802785964831, -3.331067533581634e-05], [0.00013727176015719162, -3.331067533581634e-05, 4.413688537797571]]"
5,4,1770,KO2Tb,K-O-Tb,4,66.92890402297549,3.757244052926759,"[[3.844113253119935, -0.014465459303518644, 0.084812706552919], [-0.014465459303518644, 3.859295364147184, 0.05100923036847266], [0.084812706552919, 0.05100923036847266, 3.5683235415131573]]"
5,4,1771,LiO4SiZn2,Li-O-Si-Zn,8,92.55860993090435,3.6520254457826034,"[[3.743069445019051, -0.0850090302148203, -0.14317669336167593], [-0.0850090302148203, 3.7045805987941938, -0.17934403494196566], [-0.14317669336167593, -0.17934403494196566, 3.508426293534564]]"
5,4,1772,MnRb5Se3,Mn-Rb-Se,9,430.121660028601,3.720928746302688,"[[3.24494384992346, -0.008248881792905604, -0.21289365539035762], [-0.008248881792905604, 4.07037286698666, 0.027933010110923855], [-0.21289365539035762, 0.027933010110923855, 3.84746952199794]]"
5,4,1773,Cl2K3S,Cl-K-S,6,204.34371125421237,2.709865458945244,"[[2.713785427503554, -0.00010987680917115845, 0.00021395400196911192], [-0.00010987680917115845, 2.713799815439835, -0.00029617730910398124], [0.00021395400196911192, -0.00029617730910398124, 2.702011133892345]]"
5,4,1774,Ca2In2N4,Ca-In-N,8,112.18724317309176,8.834192248864646,"[[8.49413096632184, -0.0003591424116929781, 0.00010743485318187248], [-0.0003591424116929781, 9.906960958716818, 0.0060697813702446455], [0.00010743485318187248, 0.0060697813702446455, 8.101484821555282]]"
5,4,1775,C2La2N3O,C-La-N-O,8,130.41862990323233,4.010442849176414,"[[3.507524860597385, -0.0789206203693609, -0.2698000388389509], [-0.0789206203693609, 3.503357183517572, 0.20534723972039848], [-0.2698000388389509, 0.20534723972039848, 5.020446503414284]]"
5,4,1776,Cs2Mn2PS6,Cs-Mn-P-S,11,310.0654207161363,5.411701499770209,"[[5.956876780551184, 0.06051277643186466, 0.7838640039676824], [0.06051277643186466, 5.779734179067172, -0.12657379475344874], [0.7838640039676824, -0.12657379475344874, 4.498493539692271]]"
5,4,1777,H2Li2O2,H-Li-O,6,56.33393543228295,2.049996091803568,"[[2.029907025672783, 0.000341051162736157, 0.0001283017057553232], [0.000341051162736157, 2.0600031257107845, -1.4461458675383215e-05], [0.0001283017057553232, -1.4461458675383215e-05, 2.0600781240271364]]"
5,4,1778,N4,N,4,105.21572242425717,1.3683947784305603,"[[1.382834798079374, -0.0005055580121138859, 0.002126438489959224], [-0.0005055580121138859, 1.3839251606836462, -0.0009962483760547927], [0.002126438489959224, -0.0009962483760547927, 1.338424376528661]]"
5,4,1779,Be2Na2O6,Be-Na-O,10,91.70824139900805,3.4856286233926745,"[[3.4855979214790436, 6.300455171663567e-05, -0.00012317914799596488], [6.300455171663567e-05, 3.4857334228096892, -4.849474088787904e-05], [-0.00012317914799596488, -4.849474088787904e-05, 3.4855545258892935]]"
5,4,1780,Na5O5Pb,Na-O-Pb,11,179.26127751466524,3.4981130072611912,"[[3.695086484314294, -0.0018080413609424897, -0.0010693757693236857], [-0.0018080413609424897, 3.398592599013041, -0.0589862291817875], [-0.0010693757693236857, -0.0589862291817875, 3.4006599384562413]]"
5,4,1781,Li4,Li,4,81.16145853861785,4.568395038118401,"[[4.568105235482543, 1.6254849080295382e-05, 2.8963630842969524e-05], [1.6254849080295382e-05, 4.567620394833295, -6.39822913382794e-05], [2.8963630842969524e-05, -6.39822913382794e-05, 4.569459484039367]]"
5,4,1782,C2B2O7Rb,B-C-O-Rb,12,162.70676636766342,2.477476061487529,"[[2.8423863413659136, 0.036123541871241595, 0.05458060001901861], [0.036123541871241595, 2.426666459166979, 0.1124150222507119], [0.05458060001901861, 0.1124150222507119, 2.1633753839296928]]"
5,4,1783,CoK2O6S2,Co-K-O-S,11,170.0035900476706,2.194195014723615,"[[2.0197853237946637, -0.3474366047093662, 0.017903911467025167], [-0.3474366047093662, 2.301167815104142, 0.012114519415823647], [0.017903911467025167, 0.012114519415823647, 2.2616319052720373]]"
5,4,1784,CBa8N7,Ba-C-N,16,518.0521308183277,5.008960581454322,"[[5.0543386461958875, 0.08501311334023295, 0.026978587492777713], [0.08501311334023295, 5.073462608335761, 0.04526454970227265], [0.026978587492777713, 0.04526454970227265, 4.89908048983132]]"
5,4,1785,Fe2O6Zr2,Fe-O-Zr,10,134.10929168950454,5.281659816082001,"[[5.723197884518671, 0.00027308065758501523, 0.0001463558147233129], [0.00027308065758501523, 4.934997710630096, -0.2565090342835736], [0.0001463558147233129, -0.2565090342835736, 5.186783853097237]]"
5,4,1786,C3Cs2N5,C-Cs-N,10,180.7995938528157,3.3340617047749483,"[[2.262233971027303, -0.026327519009507316, 0.007648506121878002], [-0.026327519009507316, 4.360943448146606, 0.5109124968719457], [0.007648506121878002, 0.5109124968719457, 3.3790076951509382]]"
5,4,1787,Ca2S3Sn2,Ca-S-Sn,7,210.76480048626425,8.825210765251555,"[[9.091790269035643, 0.0004133709605471026, 0.005091433666386294], [0.0004133709605471026, 8.76183954454184, 1.8009615399717973], [0.005091433666386294, 1.8009615399717973, 8.622002482177178]]"
5,4,1788,Li2Mg2O4,Li-Mg-O,8,74.96255508487177,3.713316726172715,"[[3.5468027304187384, -0.0006503044786342348, -5.7727620851414954e-05], [-0.0006503044786342348, 4.045266400537485, 0.0002672174321544245], [-5.7727620851414954e-05, 0.0002672174321544245, 3.547881047561919]]"
5,4,1789,Na3Ni2O8P2,Na-Ni-O-P,15,209.0741426897977,2.178384101226003,"[[2.474524822310215, 0.13465884825093732, 0.09835234129641954], [0.13465884825093732, 2.3220630467357193, 0.07278387220085168], [0.09835234129641954, 0.07278387220085168, 1.7385644346320748]]"
5,4,1790,H4K4,H-K,8,185.17561780116628,2.818516244521545,"[[2.8185344579041147, -4.069723040388474e-06, -0.00011943774881713256], [-4.069723040388474e-06, 2.8185096097167315, -4.547260553764262e-05], [-0.00011943774881713256, -4.547260553764262e-05, 2.8185046659437876]]"
5,4,1791,CsF6NiRb,Cs-F-Ni-Rb,9,165.62491529782486,2.633178684181568,"[[2.422957932684097, -0.00046857566549827513, -9.590508002069872e-05], [-0.00046857566549827513, 2.73835106471862, -0.00042443800557587696], [-9.590508002069872e-05, -0.00042443800557587696, 2.7382270551419876]]"
5,8,1792,As4Au3Ca3,As-Au-Ca,10,229.85054832857105,17.229842661314805,"[[18.880076333327033, -0.13627625043204544, -0.5771375153500798], [-0.13627625043204544, 17.32744164365446, -0.830098088118015], [-0.5771375153500798, -0.830098088118015, 15.482010006962923]]"
5,8,1793,Ba2Cu2Te4,Ba-Cu-Te,8,259.4813552522579,9.969828639412365,"[[11.383224408018112, 0.0019246437524576727, -0.026498234979383018], [0.0019246437524576727, 8.966644797870773, 0.7302725180310744], [-0.026498234979383018, 0.7302725180310744, 9.559616712348205]]"
5,8,1794,In2Te6,In-Te,8,246.52833325222304,16.324835802372043,"[[16.137035895954636, -0.0020190320857322525, 0.005235811467632249], [-0.0020190320857322525, 16.70019542722359, -0.0022139595523513666], [0.005235811467632249, -0.0022139595523513666, 16.137276083937902]]"
5,8,1795,Se5Ta2,Se-Ta,7,169.41386656976508,13.308121275913466,"[[14.393780260104544, -0.460264404220166, -1.1182928307129192], [-0.460264404220166, 15.19205798976034, -1.7674973208851692], [-1.1182928307129192, -1.7674973208851692, 10.338525577875524]]"
5,8,1796,Pt4S8,Pt-S,12,218.97799207904364,12.834236687949792,"[[11.966946439739637, -0.15432151546545134, -0.000985934886767596], [-0.15432151546545134, 13.23482804495472, -0.006816149571927827], [-0.000985934886767596, -0.006816149571927827, 13.300935579155016]]"
5,8,1797,AgBa2BiSe4,Ag-Ba-Bi-Se,8,249.8452077369658,9.46980269949902,"[[10.367205924247916, 0.0006035824643492421, 0.00046835400172227205], [0.0006035824643492421, 7.914427588353182, -0.0007099977878596142], [0.00046835400172227205, -0.0007099977878596142, 10.12777458589596]]"
5,8,1798,MoSe2Te6W3,Mo-Se-Te-W,12,592.5920654707395,10.527751761897647,"[[13.135666543079326, 8.711270612713853e-05, 0.050308862010887634], [8.711270612713853e-05, 13.135617971248848, -0.02103935561667285], [0.050308862010887634, -0.02103935561667285, 5.311970771364765]]"
5,8,1799,Cu3Se3Y2,Cu-Se-Y,8,152.96614916410286,12.491014016042833,"[[13.004747095605941, 8.290318838849986e-06, 0.00030688628179050155], [8.290318838849986e-06, 13.005797320298566, 0.0029215835024651066], [0.00030688628179050155, 0.0029215835024651066, 11.462497632223995]]"
5,8,1800,BiLa3Te11,Bi-La-Te,15,561.9589536501129,13.582657575675247,"[[15.349662886163992, 0.00016695101030201858, -0.0009322568540688881], [0.00016695101030201858, 11.375680072400419, 2.088106069505642], [-0.0009322568540688881, 2.088106069505642, 14.022629768461334]]"
5,8,1801,Bi2Ca2Sb3,Bi-Ca-Sb,7,231.25888127663765,17.10608301733957,"[[13.70968060591269, 0.0010042684319760123, -0.002484459214340089], [0.0010042684319760123, 18.86644770738488, 0.16758580999333947], [-0.002484459214340089, 0.16758580999333947, 18.74212073872113]]"
5,8,1802,Ag5Ba3Bi8,Ag-Ba-Bi,16,514.9883048831254,15.514939141757964,"[[15.674713082848037, -2.2132148329237535e-05, -0.0008800101350363279], [-2.2132148329237535e-05, 15.639283314773325, 0.0017451460478995376], [-0.0008800101350363279, 0.0017451460478995376, 15.230821027652542]]"
5,8,1803,ErScTe2,Er-Sc-Te,4,108.24157966492044,13.103649261389297,"[[13.361497248181417, -0.04775207917318755, 0.2735909673522115], [-0.04775207917318755, 13.418359824117244, 0.17184596593595192], [0.2735909673522115, 0.17184596593595192, 12.531090711869231]]"
5,8,1804,Cu4Se14,Cu-Se,18,444.07318607598927,11.25668170108634,"[[11.36418359705833, -0.8751694807432123, 0.08712040005771893], [-0.8751694807432123, 11.967000478553127, -0.573229923101877], [0.08712040005771893, -0.573229923101877, 10.438861027647564]]"
5,8,1805,NbTi2,Nb-Ti,3,52.58488399177292,21.54868782666537,"[[21.81872602168182, -0.11855715395873416, -0.31174029650784624], [-0.11855715395873416, 21.79444196354937, -0.3410394129200904], [-0.31174029650784624, -0.3410394129200904, 21.032895494764936]]"
5,8,1806,Nb11Te8,Nb-Te,19,496.795884545777,17.91799543457282,"[[22.099663743018493, -0.0014247428803517753, -0.0032657918093166225], [-0.0014247428803517753, 17.818827495058134, -4.410189791525294], [-0.0032657918093166225, -4.410189791525294, 13.835495065641839]]"
5,8,1807,Ba2Se7,Ba-Se,9,267.3605286276669,10.150880179017822,"[[10.934535969017466, -0.6167266180959771, -0.488270934566001], [-0.6167266180959771, 9.411201815245889, -1.7884422474253867], [-0.488270934566001, -1.7884422474253867, 10.106902752790111]]"
5,8,1808,La2P2,La-P,4,110.54635848749714,11.759351539125946,"[[11.760854375437969, 0.0005547879784645966, 0.0008611074387134572], [0.0005547879784645966, 11.759507351103364, -6.932515466628688e-05], [0.0008611074387134572, -6.932515466628688e-05, 11.757692890836513]]"
5,8,1809,Cu2Sb2Se4,Cu-Sb-Se,8,193.0721545898436,14.87150615154147,"[[13.843037180808642, 0.00044929920329224963, -0.0007975835994337947], [0.00044929920329224963, 15.38588557721192, -0.0007087747176335587], [-0.0007975835994337947, -0.0007087747176335587, 15.385595696603845]]"
5,8,1810,PtS2Se2Te4,Pt-S-Se-Te,9,248.44124261794664,11.372754274972143,"[[13.195126193400402, 0.0014167358859554923, 0.2345085007191442], [0.0014167358859554923, 8.794936149430207, 0.011452640635825058], [0.2345085007191442, 0.011452640635825058, 12.128200482085834]]"
5,8,1811,Nb11Te7,Nb-Te,18,382.0080699917633,21.174846789115904,"[[22.26555318484686, -0.0014642973893437404, 0.0005853633614546086], [-0.0014642973893437404, 20.59236031958409, 0.08858340345076568], [0.0005853633614546086, 0.08858340345076568, 20.666626862916765]]"
5,8,1812,RhSe5,Rh-Se,6,125.2626933661601,14.445380079486192,"[[15.836376952853135, -0.000371853994366157, -0.8393299222193625], [-0.000371853994366157, 14.622487886213497, -0.00306397419739483], [-0.8393299222193625, -0.00306397419739483, 12.877275399391946]]"
5,8,1813,Pt3Se8,Pt-Se,11,262.6454721973151,12.683218978664796,"[[14.380477293195295, 1.0585741030695357, -1.3051968011914252], [1.0585741030695357, 10.561909054774887, 0.16707586501621668], [-1.3051968011914252, 0.16707586501621668, 13.107270588024207]]"
5,8,1814,BiInTe2,Bi-In-Te,4,142.4460825153235,16.65996793950325,"[[17.077899656253987, -0.07799565824119851, 0.42379328581820735], [-0.07799565824119851, 17.151560653140724, 0.2617229795236294], [0.42379328581820735, 0.2617229795236294, 15.750443509115035]]"
5,8,1815,NbS2,Nb-S,3,61.42098715788423,12.283601582028885,"[[15.30733066380858, -0.001901166969451507, 0.004973748586730735], [-0.001901166969451507, 15.312238419336898, 0.005214521184516367], [0.004973748586730735, 0.005214521184516367, 6.231235662941182]]"
5,8,1816,Nb4Se6,Nb-Se,10,258.4905521174728,12.370640058939992,"[[16.101154532831046, 0.00020126526345049328, 0.0003964620564052799], [0.00020126526345049328, 5.958993110321426, -0.3088915434832689], [0.0003964620564052799, -0.3088915434832689, 15.051772533667515]]"
5,8,1817,AgSe7,Ag-Se,8,177.69259433182663,11.533463671910726,"[[11.895131356976641, 2.1743221627618308e-05, -0.0003875852458299659], [2.1743221627618308e-05, 11.495682303249087, 0.4789786757152086], [-0.0003875852458299659, 0.4789786757152086, 11.209577355506443]]"
5,8,1818,Se2Te3V2,Se-Te-V,7,167.46550625881167,16.374274015777463,"[[19.56916819690524, 0.09939969454597956, -1.0732183720870134], [0.09939969454597956, 13.471346478067424, 0.3424184226100275], [-1.0732183720870134, 0.3424184226100275, 16.08230737235973]]"
5,8,1819,Pr4Se8,Pr-Se,12,338.1602160447736,10.134914556036708,"[[9.257066605802061, 0.003996606757101777, -0.00012024951429474112], [0.003996606757101777, 13.304253365047334, -0.001997227317022741], [-0.00012024951429474112, -0.001997227317022741, 7.843423697260735]]"
5,8,1820,AuSe3Te4,Au-Se-Te,8,211.4806327665112,16.040383424954342,"[[16.86679143573615, 0.0020519510348536354, -0.0024558247719662237], [0.0020519510348536354, 15.718613756923846, 0.2942655196794185], [-0.0024558247719662237, 0.2942655196794185, 15.535745082203023]]"
5,8,1821,InNb16O,In-Nb-O,18,341.1641859620566,21.755189283340744,"[[21.24858268859779, 0.0010187410808843137, 0.0013425813164717746], [0.0010187410808843137, 21.948869042687665, 0.010224439359658168], [0.0013425813164717746, 0.010224439359658168, 22.068116118736793]]"
5,8,1822,Bi5Te4,Bi-Te,9,324.8605379153834,17.654065115944366,"[[18.267001626642315, 0.0028996827869468508, 0.0011939410474919834], [0.0028996827869468508, 18.27186499990634, 0.0013790018915540948], [0.0011939410474919834, 0.0013790018915540948, 16.423328721284452]]"
5,8,1823,CaCrSe2,Ca-Cr-Se,4,88.27096751162392,11.19084234179571,"[[11.698861122775284, -0.10722103663019035, 0.5376486389931502], [-0.10722103663019035, 11.807099762360558, 0.341456554550571], [0.5376486389931502, 0.341456554550571, 10.06656614025129]]"
5,8,1824,Nb2Se8,Nb-Se,10,228.0139105903133,15.11078943014987,"[[14.762661314607106, 0.0001833890986052013, -0.0004978048260869071], [0.0001833890986052013, 15.28473060862384, 0.0030670824782426907], [-0.0004978048260869071, 0.0030670824782426907, 15.284976367218649]]"
5,8,1825,Nb2Sb2Te8,Nb-Sb-Te,12,384.5161580727637,16.572169020308547,"[[19.33195935964146, -0.0005687566775759607, -0.0013520181083580315], [-0.0005687566775759607, 19.33018815174087, 0.002785513948204827], [-0.0013520181083580315, 0.002785513948204827, 11.054359549543316]]"
5,8,1826,Mn2Te2,Mn-Te,4,129.88604070205983,8.124073640284115,"[[8.055477062236488, 0.0013069236502517387, -0.002858416245711135], [0.0013069236502517387, 8.06767810489385, -0.0011244252548121964], [-0.002858416245711135, -0.0011244252548121964, 8.249065753722007]]"
5,8,1827,Ag2Se4Sn,Ag-Se-Sn,7,172.42862240524934,12.38412146025433,"[[13.426598304248353, 0.0004873415266531817, -0.00025877884950976167], [0.0004873415266531817, 11.864054639433464, -0.02625065820578434], [-0.00025877884950976167, -0.02625065820578434, 11.861711437081164]]"
5,8,1828,Sb12Y2,Sb-Y,14,422.403605902743,19.961667835738616,"[[22.081933790614656, 0.0015585575374780008, 0.0014530771083847965], [0.0015585575374780008, 20.04658718347301, -0.9708860154557737], [0.0014530771083847965, -0.9708860154557737, 17.756482533128185]]"
5,8,1829,Ba4Bi14,Ba-Bi,18,641.4260873712914,19.43060223430564,"[[20.97677223226585, -0.00013104034280842197, 0.00037599094087367897], [-0.00013104034280842197, 18.1354618395062, -0.26524230676939314], [0.00037599094087367897, -0.26524230676939314, 19.179572631144865]]"
5,8,1830,Cu4,Cu,4,47.27264326386396,22.394827380044983,"[[22.433877806444304, -0.004047897656614351, -0.00034110714572616995], [-0.004047897656614351, 22.431375332259996, -0.0005395812353414017], [-0.00034110714572616995, -0.0005395812353414017, 22.319229001430653]]"
5,8,1831,Ba4Te8,Ba-Te,12,433.5978838608573,11.6981339916394,"[[15.784306388049284, 0.0017388845801915855, -0.0027226412388209483], [0.0017388845801915855, 9.708596743500218, 0.0019029858148750356], [-0.0027226412388209483, 0.0019029858148750356, 9.601498843368702]]"
5,8,1832,Ag5Se7,Ag-Se,12,305.62636411985665,10.453772528052086,"[[9.361950153239194, -0.1463857221707906, -0.1217695409781719], [-0.1463857221707906, 10.693924402123619, -0.01904046087138907], [-0.1217695409781719, -0.01904046087138907, 11.30544302879345]]"
5,8,1833,Ag9Se6,Ag-Se,15,368.903937346085,11.031847493895745,"[[11.353640614589922, 0.02666854785824465, 0.12175676238228193], [0.02666854785824465, 11.076749898912615, -0.10653089277312468], [0.12175676238228193, -0.10653089277312468, 10.6651519681847]]"
5,8,1834,Hg3Te,Hg-Te,4,111.90718908260216,15.26499443512491,"[[15.28600802069227, -0.08679106314502903, -0.0022010265829706076], [-0.08679106314502903, 15.268962262112646, -0.010866266915733166], [-0.0022010265829706076, -0.010866266915733166, 15.240013022569817]]"
5,8,1835,PdPt2Se2Te6,Pd-Pt-Se-Te,11,303.26506514933686,13.391801058689468,"[[14.858683126250117, 0.005149485443536006, -0.020886195068746668], [0.005149485443536006, 13.409846226429483, -1.7312973383163992], [-0.020886195068746668, -1.7312973383163992, 11.906873823388796]]"
5,8,1836,La2N6Ta2,La-N-Ta,10,136.7563231571218,13.866884308311285,"[[14.020256064759797, -0.0013167489058876394, -0.000906506993412512], [-0.0013167489058876394, 13.736495552006984, -0.17478030858937738], [-0.000906506993412512, -0.17478030858937738, 13.843901308167064]]"
5,8,1837,Ga4Te6,Ga-Te,10,337.2272412799169,9.235536854024996,"[[12.116021979546828, -0.2385473026905252, 0.77571957239818], [-0.2385473026905252, 7.4438228597792016, 1.3239139708157686], [0.77571957239818, 1.3239139708157686, 8.146765722748961]]"
5,8,1838,Te6Tl3Zr2,Te-Tl-Zr,11,383.7697960771404,13.42906999067957,"[[12.790818938341518, 0.07888330126595837, 0.2729102356920154], [0.07888330126595837, 12.891320750018304, 0.49759528602301967], [0.2729102356920154, 0.49759528602301967, 14.605070283678893]]"
5,8,1839,Au2Mn,Au-Mn,3,51.21588338064,24.470606264696663,"[[24.211185733410414, 0.13706397480697508, 0.3226151573831914], [0.13706397480697508, 24.231008235712117, 0.3732870847418346], [0.3226151573831914, 0.3732870847418346, 24.96962482496745]]"
5,8,1840,Ta2Te6,Ta-Te,8,249.0365501366289,14.69298279785496,"[[18.57173380603265, -0.000930876635990455, 0.005856314153258808], [-0.000930876635990455, 10.892954945217147, 2.9851988556785964], [0.005856314153258808, 2.9851988556785964, 14.614259642315087]]"
5,8,1841,Sb4Se6,Sb-Se,10,312.48723118534434,13.074844798939973,"[[16.86213267566024, -0.0047782790654985995, -0.0025323721087920784], [-0.0047782790654985995, 9.323541089005758, -1.2475379001787008], [-0.0025323721087920784, -1.2475379001787008, 13.038860632153929]]"
5,8,1842,Nb4Se6,Nb-Se,10,251.7106778824636,11.62621025612038,"[[15.925461505118939, -0.0065128037209554014, 0.0014875825838499383], [-0.0065128037209554014, 4.7035699523501595, -0.7164289563060827], [0.0014875825838499383, -0.7164289563060827, 14.249599310892034]]"
5,8,1843,Ba2Sb3Tl3,Ba-Sb-Tl,8,283.82432316910416,13.418308888154035,"[[13.849675027854914, -0.0016290026201879442, 0.00221421434817172], [-0.0016290026201879442, 13.510911398244247, 1.5760033947049832], [0.00221421434817172, 1.5760033947049832, 12.89434023836295]]"
5,8,1844,Pt4Se6,Pt-Se,10,227.9588098385324,15.122091787173376,"[[15.215782357469527, 0.055443602237023965, -0.046608613316812986], [0.055443602237023965, 15.284100921977398, -0.08431302889722238], [-0.046608613316812986, -0.08431302889722238, 14.8663920820732]]"
5,8,1845,As6Pb2,As-Pb,8,206.9813335495064,19.065209847006635,"[[18.383415579911397, -0.8560319620718773, -0.0034096995730941875], [-0.8560319620718773, 17.791574553595137, 0.0011839938851527065], [-0.0034096995730941875, 0.0011839938851527065, 21.020639407513375]]"
5,8,1846,Nb3S7,Nb-S,10,206.0684648202516,10.825956991414296,"[[13.08700513805167, 0.14412857898969386, -0.2582992553421567], [0.14412857898969386, 9.049023243175988, -0.4013188387424257], [-0.2582992553421567, -0.4013188387424257, 10.341842593015233]]"
5,8,1847,Sb4SnSr2,Sb-Sn-Sr,7,235.46138590329647,14.25894816731602,"[[16.025321224578377, 0.003095421710155897, -0.012815825223228923], [0.003095421710155897, 16.005758378312784, -0.02674315293604427], [-0.012815825223228923, -0.02674315293604427, 10.745764899056896]]"
5,8,1848,ReTa5,Re-Ta,6,105.90897501166658,30.35175871493405,"[[30.18396559936421, 0.0010538620102604381, 0.002925960358395551], [0.0010538620102604381, 30.183977450863253, 0.004182583949201281], [0.002925960358395551, 0.004182583949201281, 30.687333094574722]]"
5,8,1849,AgCu3Te8,Ag-Cu-Te,12,294.96255629376134,17.70362049462039,"[[17.94637400706488, -0.0008766620953597085, 0.002104248374587463], [-0.0008766620953597085, 18.041652906499678, 0.5392454044104367], [0.002104248374587463, 0.5392454044104367, 17.1228345702966]]"
5,8,1850,Nb6Te6,Nb-Te,12,281.4124802293655,19.93554204130513,"[[22.49438678684718, -0.011935506261893694, 0.00028802577741262036], [-0.011935506261893694, 18.14027034011209, -0.415627788620504], [0.00028802577741262036, -0.415627788620504, 19.171968996956124]]"
5,8,1851,La4Te12,La-Te,16,541.5639949981509,16.444310819746757,"[[15.93389207503308, 2.1472314188292816, -0.0015665012226525666], [2.1472314188292816, 16.71907081976127, 0.004013073387199045], [-0.0015665012226525666, 0.004013073387199045, 16.67996956444593]]"
5,8,1852,Ba2Sb3Se6,Ba-Sb-Se,11,377.7452734765064,8.883011404539046,"[[8.33192923694167, -0.2869351355950428, -0.10433579706666983], [-0.2869351355950428, 9.363743165002083, 1.1482092550907115], [-0.10433579706666983, 1.1482092550907115, 8.95336181167338]]"
5,8,1853,Cu6Te4,Cu-Te,10,225.88247998245336,14.753925437260248,"[[15.904155740988529, 0.00813712907309458, 0.003037151988285172], [0.00813712907309458, 15.910591717936267, 0.003148886582291378], [0.003037151988285172, 0.003148886582291378, 12.447028852855947]]"
5,8,1854,Sc4Te6,Sc-Te,10,304.96779850832814,13.54306794853376,"[[14.241752034056416, -0.001888837460736524, -0.0007231028818696603], [-0.001888837460736524, 12.578333100837234, 0.5113440970390724], [-0.0007231028818696603, 0.5113440970390724, 13.809118710707624]]"
5,8,1855,AgBi9Te8,Ag-Bi-Te,18,622.9918159867603,19.15851182066274,"[[19.285372002793913, 0.004017780329680549, 0.01960744442177219], [0.004017780329680549, 19.279273238887942, 0.012159379023881901], [0.01960744442177219, 0.012159379023881901, 18.910890220306356]]"
5,8,1856,Ca3Nd2PrSe6,Ca-Nd-Pr-Se,12,319.6904259261103,7.558787236833307,"[[7.556188039936953, 0.0013751209893235544, 0.0024266829393029586], [0.0013751209893235544, 7.557984103471934, 0.004153495823016631], [0.0024266829393029586, 0.004153495823016631, 7.562189567091035]]"
5,8,1857,In2Nd2Te6,In-Nd-Te,10,335.063706185444,12.12622161465049,"[[11.939663350336023, 0.0001920038703380231, 0.0019104059765762645], [0.0001920038703380231, 12.741329816319496, -0.9610136933001222], [0.0019104059765762645, -0.9610136933001222, 11.697671677295947]]"
5,8,1858,P2S8Sm2,P-S-Sm,12,341.5183610619498,4.568604889283503,"[[5.169372754372197, 0.0030824751237736258, 0.11054034220558996], [0.0030824751237736258, 4.86517341068117, -0.003725537685492946], [0.11054034220558996, -0.003725537685492946, 3.6712685027971395]]"
5,8,1859,Bi5Cu4Se9,Bi-Cu-Se,18,489.9620115185613,13.879101055443778,"[[15.965564316478035, -0.000671244951462645, 0.0015346716194129038], [-0.000671244951462645, 14.727789778240906, 0.42246672858712214], [0.0015346716194129038, 0.42246672858712214, 10.943949071612389]]"
5,8,1860,AgMnS2,Ag-Mn-S,4,72.97390267289079,10.038071891411876,"[[9.9199664740643, -0.004705000862280616, -0.004946542087525295], [-0.004705000862280616, 9.913151089640577, 0.002936388772078675], [-0.004946542087525295, 0.002936388772078675, 10.281098110530756]]"
5,8,1861,Ba2Ga2Pt2,Ba-Ga-Pt,6,166.21519591463974,15.01272550262363,"[[15.886083701960752, -0.2293746303236819, -0.7751016142557109], [-0.2293746303236819, 15.854888102119908, -0.829546028830137], [-0.7751016142557109, -0.829546028830137, 13.297204703790234]]"
5,8,1862,Ba2Bi7Sr,Ba-Bi-Sr,10,366.2492413805511,15.01423640509399,"[[15.443603003914436, -0.04198346403160371, -0.2363543308627749], [-0.04198346403160371, 15.454541427082813, -0.23833840149072913], [-0.2363543308627749, -0.23833840149072913, 14.144564784284718]]"
5,8,1863,Sb3Te3,Sb-Te,6,186.94823389206397,21.761480407340358,"[[21.773812583080943, 0.005219263115439872, 0.0034236188702963222], [0.005219263115439872, 22.029645372008755, 0.06574368507303713], [0.0034236188702963222, 0.06574368507303713, 21.480983266931364]]"
5,8,1864,Ag4MnSc3Se8,Ag-Mn-Sc-Se,16,353.50169861867886,11.586307568096244,"[[11.586856591737023, -0.015197280847117259, -0.031084932604834293], [-0.015197280847117259, 11.602033792363082, -0.01421047082838337], [-0.031084932604834293, -0.01421047082838337, 11.570032320188625]]"
5,8,1865,Cd2Sb2Te7,Cd-Sb-Te,11,397.09870160759687,13.030198442253656,"[[13.699263154816043, -0.09027721059077545, 0.1380503858311598], [-0.09027721059077545, 12.408645554082, 0.163611711845375], [0.1380503858311598, 0.163611711845375, 12.982686617862926]]"
5,8,1866,Ca2Se4,Ca-Se,6,153.82066316719005,9.04654066209941,"[[10.044472482085364, -0.15199587500324216, -0.6684771347872577], [-0.15199587500324216, 10.027643703405191, -0.7107626017541776], [-0.6684771347872577, -0.7107626017541776, 7.067505800807674]]"
5,8,1867,GeILa2,Ge-I-La,4,132.65834971626302,10.391789253086747,"[[10.265742740609857, 2.9267366844633886e-05, 1.6057739004041327e-05], [2.9267366844633886e-05, 10.265205581727047, -4.2197346511668825e-06], [1.6057739004041327e-05, -4.2197346511668825e-06, 10.644419436923327]]"
5,8,1868,Te4,Te,4,126.1828972392668,16.334617647641874,"[[16.323458534849593, -0.005878427413549105, 0.005602525103714902], [-0.005878427413549105, 16.313194074443622, 0.0052774975965160075], [0.005602525103714902, 0.0052774975965160075, 16.36720033363241]]"
5,8,1869,BaN2Se,Ba-N-Se,4,230.81744476766517,3.8414727876416905,"[[4.312400554731156, -0.033190081343542545, 0.225058848642625], [-0.033190081343542545, 4.278760633582204, 0.3409310762209405], [0.225058848642625, 0.3409310762209405, 2.9332571746117124]]"
5,8,1870,AgLiNb6Se12,Ag-Li-Nb-Se,20,444.6787570670325,13.890589282098324,"[[16.504870941486214, -0.24890553853382644, 0.13958061323231757], [-0.24890553853382644, 10.048288906884704, 2.5289935669172854], [0.13958061323231757, 2.5289935669172854, 15.118607997924046]]"
5,8,1871,Cu3NbSe4,Cu-Nb-Se,8,193.0896912438564,7.005713943506117,"[[8.352432340402741, 0.0012949403523458958, -0.0021785923079148716], [0.0012949403523458958, 8.351544349666607, -0.002110574139630326], [-0.0021785923079148716, -0.002110574139630326, 4.313165140449003]]"
5,8,1872,Bi6In4,Bi-In,10,307.54089501454774,21.713919622672837,"[[21.565044862457793, 0.019489767212618532, -0.21572740524043257], [0.019489767212618532, 21.4084448139197, -0.06309793247866533], [-0.21572740524043257, -0.06309793247866533, 22.16826919164102]]"
5,8,1873,NiPtTe18,Ni-Pt-Te,20,950.6928412602932,13.615467255224385,"[[18.31956880546226, 0.01456354159569796, 0.00516022764567456], [0.01456354159569796, 7.112580089122277, -0.8716867898488749], [0.00516022764567456, -0.8716867898488749, 15.41425287108862]]"
5,8,1874,As2Ba2N6Nb6,As-Ba-N-Nb,16,259.82993720936275,15.911616982139174,"[[18.540747243131502, -0.00021071420853568154, 0.01061063219397855], [-0.00021071420853568154, 18.151397543149425, -0.005659860225335828], [0.01061063219397855, -0.005659860225335828, 11.042706160136595]]"
5,8,1875,Bi4Te6,Bi-Te,10,389.71009700374464,15.315142920987412,"[[17.278370482775042, -0.0006892652447576627, -0.00113090441334995], [-0.0006892652447576627, 14.13243326934558, 1.4324835623089067], [-0.00113090441334995, 1.4324835623089067, 14.534625010841623]]"
5,8,1876,BiSe2Tl,Bi-Se-Tl,4,125.41257239872223,13.13967750944431,"[[13.231381233770488, -0.009795040917977171, 0.08002200782811401], [-0.009795040917977171, 13.252363781830317, 0.04399708241176888], [0.08002200782811401, 0.04399708241176888, 12.935287512732128]]"
5,8,1877,Nb2Se4,Nb-Se,6,143.62285997103592,15.477617307114755,"[[19.46390725827277, 0.00031990540241152917, -0.00252700671407046], [0.00031990540241152917, 19.466073396638848, -0.010751531130813688], [-0.00252700671407046, -0.010751531130813688, 7.502871266432652]]"
5,8,1878,NRhTi3,N-Rh-Ti,5,67.48428811584527,21.99765438032477,"[[21.99772909829429, 5.6204791960636474e-05, -9.486198188615662e-05], [5.6204791960636474e-05, 21.997447320647673, -0.00011147143681384129], [-9.486198188615662e-05, -0.00011147143681384129, 21.997786722032355]]"
5,8,1879,Ag3O4P,Ag-O-P,8,120.09863169888386,3.887906062896695,"[[3.8588823868233906, 0.02436770154792939, 0.04147573582786529], [0.02436770154792939, 3.8693149807008607, 0.05260708617051715], [0.04147573582786529, 0.05260708617051715, 3.9355208211658317]]"
5,8,1880,LaTe2Tl,La-Te-Tl,4,132.76228960503403,13.927352511053632,"[[13.669928104241746, 0.00023246339959449326, -0.0044624322530066205], [0.00023246339959449326, 13.669985168043219, -0.0028874250279679937], [-0.0044624322530066205, -0.0028874250279679937, 14.44214426087593]]"
5,8,1881,Ag2CuSb2Te5,Ag-Cu-Sb-Te,10,269.83169307001674,18.114431159722223,"[[17.809052041178674, -0.046392565679242055, 0.05450084998962432], [-0.046392565679242055, 18.942419889490267, 0.2285488117168365], [0.05450084998962432, 0.2285488117168365, 17.59182154849774]]"
5,8,1882,InSe3,In-Se,4,95.45044891219403,12.281798235852298,"[[12.36753747762787, -0.0003757218610934311, 0.006019088549093524], [-0.0003757218610934311, 12.390361236113437, 0.007162155928345279], [0.006019088549093524, 0.007162155928345279, 12.087495993815587]]"
5,8,1883,AgNb4Te7,Ag-Nb-Te,12,318.5571257689431,17.407521050892665,"[[21.06438206550601, -0.017901609594487337, -0.0016853630383817032], [-0.017901609594487337, 11.688960553359559, -0.38558083156485035], [-0.0016853630383817032, -0.38558083156485035, 19.46922053381242]]"
5,8,1884,N4Ta16,N-Ta,20,314.04570203989124,23.641330916115773,"[[23.379296482120232, 0.16980179025783976, 0.1859900579865936], [0.16980179025783976, 23.112866909458386, 0.5758212146624594], [0.1859900579865936, 0.5758212146624594, 24.431829356768688]]"
5,8,1885,AgSe3,Ag-Se,4,87.71483302142764,12.225926427479768,"[[12.130073944081296, -0.11516314903551943, -0.034829562742357226], [-0.11516314903551943, 12.275720870055148, 0.048029317600915396], [-0.034829562742357226, 0.048029317600915396, 12.271984468302861]]"
5,8,1886,Ag3SbTe8,Ag-Sb-Te,12,355.7884106080718,16.992641051843474,"[[18.74363687919855, 0.004117561223182256, 0.003562853325941678], [0.004117561223182256, 13.038899584570805, -0.3833010012736164], [0.003562853325941678, -0.3833010012736164, 19.195386691761062]]"
5,8,1887,AgBiSe2,Ag-Bi-Se,4,113.31880917748192,12.744535521908617,"[[13.077820883540017, 0.00021942096005113168, -9.064111608040854e-05], [0.00021942096005113168, 13.079665927198675, -0.002030696320231991], [-9.064111608040854e-05, -0.002030696320231991, 12.076119754987154]]"
5,8,1888,Cu9Se4,Cu-Se,13,202.5783959007492,14.777404273211944,"[[15.498464075903595, -0.0011994309744621456, -0.2385854140069412], [-0.0011994309744621456, 14.219357535931975, -0.0004176978622178804], [-0.2385854140069412, -0.0004176978622178804, 14.614391207800274]]"
5,8,1889,Ag5Se12Ta3,Ag-Se-Ta,20,482.20058623707433,12.27484996856967,"[[13.569879331829636, 0.07551015991391996, -0.18961853234104198], [0.07551015991391996, 11.746203672640702, 0.1293496248539042], [-0.18961853234104198, 0.1293496248539042, 11.508466901238677]]"
5,8,1890,Sb2Se4,Sb-Se,6,197.98988751465515,11.639779286125323,"[[15.184405117927174, 0.0016981865315545163, 0.004200154750384524], [0.0016981865315545163, 10.0010989053357, 0.7493309510940416], [0.004200154750384524, 0.7493309510940416, 9.733833835113096]]"
5,8,1891,SbTe6Ti,Sb-Te-Ti,8,246.3481702420922,19.913266264732083,"[[19.76329646994651, -0.0015220042786439954, -0.01183408607708196], [-0.0015220042786439954, 25.08913046015506, -1.4915474559843416], [-0.01183408607708196, -1.4915474559843416, 14.887371864094689]]"
5,8,1892,Mn4Se8,Mn-Se,12,287.97507537213386,9.927421296062898,"[[13.144804508999243, 0.0005873972083180304, -0.0058808264484021796], [0.0005873972083180304, 13.017044550540243, 0.848639703124746], [-0.0058808264484021796, 0.848639703124746, 3.620414828649203]]"
5,8,1893,Nb6Se2,Nb-Se,8,139.01033203044386,20.3469711203562,"[[20.350183496135198, 0.004058589798793715, 0.003025386169978264], [0.004058589798793715, 20.346847012017747, -0.0014392288055703442], [0.003025386169978264, -0.0014392288055703442, 20.34388285291566]]"
5,8,1894,BiLa2Se,Bi-La-Se,4,131.45985969366086,15.080260557256738,"[[15.13183249518872, -0.010276448550855159, 0.055310667566723135], [-0.010276448550855159, 15.142173395365782, 0.03390986912088962], [0.055310667566723135, 0.03390986912088962, 14.966775781215732]]"
5,8,1895,S2Sb8,S-Sb,10,277.90786619038295,22.404921853885885,"[[22.898150097506498, -0.010735955964868689, 0.1725367418698733], [-0.010735955964868689, 22.91152533091513, 0.10065756925700207], [0.1725367418698733, 0.10065756925700207, 21.405090133236047]]"
5,8,1896,Bi2InSe8,Bi-In-Se,11,325.4258421784227,12.912919973499696,"[[12.69070163434124, -0.4320910316623401, 1.2997936927338118], [-0.4320910316623401, 13.88774675866206, -0.5870424300790792], [1.2997936927338118, -0.5870424300790792, 12.160311527495795]]"
5,8,1897,Se3W2,Se-W,5,171.05658290223138,7.505151830410546,"[[9.937547081124178, -0.0010721924622277986, 0.12128547667754237], [-0.0010721924622277986, 9.939828742039989, 0.06808837835366838], [0.12128547667754237, 0.06808837835366838, 2.6380796680674727]]"
5,8,1898,Bi2Sb2Te5,Bi-Sb-Te,9,312.7112636065716,18.39517833924879,"[[19.04438246079936, 0.0029357301621232446, 0.0021310677305089475], [0.0029357301621232446, 19.050090555579317, 0.0019461149967664438], [0.0021310677305089475, 0.0019461149967664438, 17.091062001367707]]"
5,8,1899,Ag2Te4TiZn,Ag-Te-Ti-Zn,8,256.83873473557327,10.18697203017374,"[[10.259140332393462, -0.060182332470007864, -0.10926600994688357], [-0.060182332470007864, 10.232821848921018, -0.13339436410856403], [-0.10926600994688357, -0.13339436410856403, 10.068953909206742]]"
5,8,1900,Ba2CaIn2Sb4,Ba-Ca-In-Sb,9,309.2597353492226,13.260246170012032,"[[13.67396778104765, 0.31424994592777267, -0.2214994883500161], [0.31424994592777267, 13.170510774172062, 1.1303237014733911], [-0.2214994883500161, 1.1303237014733911, 12.936259954816379]]"
5,8,1901,AgTe7Zr4,Ag-Te-Zr,12,341.0419913308368,16.092868193044904,"[[17.040241369835922, -6.221637773093621e-05, -0.0004877023982240405], [-6.221637773093621e-05, 15.889060198870737, 0.17258076883070383], [-0.0004877023982240405, 0.17258076883070383, 15.349303010428057]]"
5,8,1902,Te9Ti3,Te-Ti,12,366.3038463579743,15.62064618822201,"[[18.605373760030588, -0.01548389577223819, 0.004123534257219653], [-0.01548389577223819, 10.519292965963508, -0.2934981942727117], [0.004123534257219653, -0.2934981942727117, 17.737271838671937]]"
5,8,1903,As2In2Sr,As-In-Sr,5,140.91615709586165,14.478146200578166,"[[15.964713759094511, -0.17007033902953878, 1.1605237596850153], [-0.17007033902953878, 16.141155841148823, 0.6909458523227499], [1.1605237596850153, 0.6909458523227499, 11.328569001491157]]"
5,8,1904,Bi2Se5Tl2,Bi-Se-Tl,9,284.2858422108353,12.179820261314797,"[[11.879308670566811, 0.07434346891633442, -0.06072560766995058], [0.07434346891633442, 13.056128301452452, 0.3587948033204679], [-0.06072560766995058, 0.3587948033204679, 11.604023811925128]]"
5,8,1905,Ba2N7Re3,Ba-N-Re,12,187.7384045408617,10.177069096295568,"[[11.727699410147627, 0.15665524803492079, 0.38468696651392736], [0.15665524803492079, 8.60003882366168, -0.6938016649925197], [0.38468696651392736, -0.6938016649925197, 10.203469055077393]]"
5,8,1906,NdSe2Tl,Nd-Se-Tl,4,125.85323189300884,9.235914907378756,"[[8.996945275547315, 0.03613679434221198, -0.21803948776204152], [0.03613679434221198, 8.9523857906277, -0.1280895999535348], [-0.21803948776204152, -0.1280895999535348, 9.758413655961256]]"
5,8,1907,Cu2Mn6PS10,Cu-Mn-P-S,19,338.8605072061052,9.66217988691693,"[[10.11540011629413, -0.001762616975190447, 0.0023591989146764343], [-0.001762616975190447, 9.70513254007658, 0.2852552860801281], [0.0023591989146764343, 0.2852552860801281, 9.16600700438008]]"
5,8,1908,Cu2Te2Tl,Cu-Te-Tl,5,128.08564660864172,13.85596386957875,"[[14.347452026898582, -0.10372518842678131, -0.3879753135341138], [-0.10372518842678131, 14.325847674540514, -0.4132522127041908], [-0.3879753135341138, -0.4132522127041908, 12.89459190729716]]"
5,8,1909,S4Te4,S-Te,8,233.02876695366467,10.210879660181732,"[[7.650680201630522, -0.053612777262572985, -0.01605469603329387], [-0.053612777262572985, 13.598698249643073, -0.016333306129189366], [-0.01605469603329387, -0.016333306129189366, 9.3832605292716]]"
5,8,1910,Bi2N2Se2,Bi-N-Se,6,139.61939982376433,9.48015317570204,"[[11.785231848106978, 0.0005843534904438072, -0.02781322817680958], [0.0005843534904438072, 11.792047860239677, 0.024408771049428013], [-0.02781322817680958, 0.024408771049428013, 4.863179818759459]]"
5,8,1911,Sb4Te6,Sb-Te,10,393.756203429401,13.47227397739274,"[[17.42886956018837, 0.04001509035961399, -0.035015910501493386], [0.04001509035961399, 11.101146408827221, 3.4970893860969543], [-0.035015910501493386, 3.4970893860969543, 11.886805963162638]]"
5,8,1912,FeSe2,Fe-Se,3,60.21018678268862,13.53968313244778,"[[16.529118913620533, -0.001444949915231755, 0.00012085060973349148], [-0.001444949915231755, 16.526400383627497, 0.0063867455211932414], [0.00012085060973349148, 0.0063867455211932414, 7.563530100095308]]"
5,8,1913,Ag4Er2Se8Sn,Ag-Er-Se-Sn,15,371.8837735871004,10.716810353195749,"[[10.854319209829406, -0.13555809503356356, 0.1370246256460783], [-0.13555809503356356, 10.72827249246268, 0.03130267123964351], [0.1370246256460783, 0.03130267123964351, 10.567839357295167]]"
5,8,1914,Ag4Cu2Te10,Ag-Cu-Te,16,447.3601902141791,16.38289866793347,"[[17.51591863786972, -0.02257558212972878, -0.6150971384239944], [-0.02257558212972878, 17.66399180980537, -0.12634448992003458], [-0.6150971384239944, -0.12634448992003458, 13.968785556125324]]"
5,8,1915,Bi5Sb2Sr3,Bi-Sb-Sr,10,364.433186036784,14.420266305226995,"[[15.518432863287824, 0.0005735914839814178, 0.00012098224808995043], [0.0005735914839814178, 13.423943921620799, 0.010458924814184742], [0.00012098224808995043, 0.010458924814184742, 14.318422130772348]]"
5,8,1916,Ta6,Ta,6,110.12287714768992,30.294954325764408,"[[30.291622545585604, 0.00027339830233860326, 2.1325310989491422e-05], [0.00027339830233860326, 30.29728067829022, 0.00026260903581026027], [2.1325310989491422e-05, 0.00026260903581026027, 30.295959753417407]]"
5,8,1917,S2Ta,S-Ta,3,67.15411335656201,10.596993024938763,"[[13.346599915271089, -0.34056914632172497, 2.2653626681525294], [-0.34056914632172497, 13.704279960633494, 1.3696637554283735], [2.2653626681525294, 1.3696637554283735, 4.740099198911715]]"
5,8,1918,In4Te4,In-Te,8,246.1269714036144,15.108644815640131,"[[15.120881236063997, 3.4883281528307656e-05, -0.004133488986203497], [3.4883281528307656e-05, 15.083339409931359, 0.000751443918322537], [-0.004133488986203497, 0.000751443918322537, 15.121713800925054]]"
5,8,1919,InSe8Ta6,In-Se-Ta,15,308.7084323553432,16.31177475279409,"[[18.318825868032544, 0.0027931198904321995, -0.0024106476189292856], [0.0027931198904321995, 15.3019698099279, -0.01966058534421362], [-0.0024106476189292856, -0.01966058534421362, 15.31452858042182]]"
5,12,1920,Te4W2,Te-W,6,164.59452802642974,12.896486962588163,"[[15.889530213624884, -0.00018070700165718646, 0.00403397632349299], [-0.00018070700165718646, 15.88955449955512, 0.006949598868170189], [0.00403397632349299, 0.006949598868170189, 6.910376174584492]]"
5,12,1921,Bi4Se8,Bi-Se,12,341.4495724507421,15.431030536559158,"[[16.563269838393165, -0.0062707326553547126, -0.004140428213581218], [-0.0062707326553547126, 16.063093877799663, 0.6612182551229739], [-0.004140428213581218, 0.6612182551229739, 13.66672789348466]]"
5,12,1922,Pb4SbSe9Tl2,Pb-Sb-Se-Tl,16,520.1063522739095,11.347187852927132,"[[11.34859980876658, 0.19134788479020903, 0.13386397182388513], [0.19134788479020903, 11.472530182076715, 0.37056815203939086], [0.13386397182388513, 0.37056815203939086, 11.220433567938098]]"
5,12,1923,Ba2S2,Ba-S,4,134.49116845106576,4.778509508537538,"[[4.698828111327161, 0.01241161137871952, -0.07823941347417375], [0.01241161137871952, 4.685938054053536, -0.047512647855821946], [-0.07823941347417375, -0.047512647855821946, 4.950762360231917]]"
5,12,1924,Cu2Se9Y4,Cu-Se-Y,15,367.756287675879,10.14109650698924,"[[10.029183279580714, 0.1898977031138528, -0.031244256268310434], [0.1898977031138528, 10.222107811530982, -0.8878510452974924], [-0.031244256268310434, -0.8878510452974924, 10.171998429856025]]"
5,12,1925,As8Hf4,As-Hf,12,230.40432725003404,18.47448399364113,"[[18.83799838426288, 0.001020498903953909, 7.603089128550225e-06], [0.001020498903953909, 17.750385084975196, -0.00029384537062278045], [7.603089128550225e-06, -0.00029384537062278045, 18.83506851168532]]"
5,12,1926,Sb14Te2Ti4,Sb-Te-Ti,20,532.277696960299,21.858492565791973,"[[22.249856583791953, -0.12472471405706023, -0.5130890682548781], [-0.12472471405706023, 23.98764579416908, -0.1403474045811071], [-0.5130890682548781, -0.1403474045811071, 19.337975319414866]]"
5,12,1927,Nb2Te2,Nb-Te,4,96.90578753549704,21.29451768287509,"[[26.284070909358075, -4.829296137572227e-05, -0.014644752218652354], [-4.829296137572227e-05, 26.28427329521177, -0.004035707378322334], [-0.014644752218652354, -0.004035707378322334, 11.31520884405543]]"
5,12,1928,Cu2Se2,Cu-Se,4,82.78612188694247,11.98574894112466,"[[11.845129895033683, 8.405113236771023e-05, 0.0010385992523005933], [8.405113236771023e-05, 11.845155679118214, 0.0014148228014847781], [0.0010385992523005933, 0.0014148228014847781, 12.266961249222074]]"
5,12,1929,N5Ta6,N-Ta,11,127.28986237569607,17.680235149977644,"[[17.053849409657577, 0.0012261993421112955, 0.0009337010136421919], [0.0012261993421112955, 17.603833313289623, 0.3533058006227629], [0.0009337010136421919, 0.3533058006227629, 18.383022726985732]]"
5,12,1930,Ag2Bi2Se4,Ag-Bi-Se,8,263.6473822798541,11.122457684123292,"[[11.20630475312064, -0.06894844481716064, -0.12187897790562834], [-0.06894844481716064, 11.179043381938358, -0.15681804593208784], [-0.12187897790562834, -0.15681804593208784, 10.982024917310877]]"
5,12,1931,SbTe2Tl,Sb-Te-Tl,4,140.99764225552178,15.087803614061968,"[[14.965003101410897, 0.018522934073303358, 0.008043574150789535], [0.018522934073303358, 14.949040006858567, 0.002126862802385106], [0.008043574150789535, 0.002126862802385106, 15.349367733916448]]"
5,12,1932,Nd6Se5,Nd-Se,11,307.243735762549,9.243442332664424,"[[9.240894322603324, -0.025478241730856416, -0.004276236068293938], [-0.025478241730856416, 9.212343050298642, -0.04613071205208844], [-0.004276236068293938, -0.04613071205208844, 9.277089625091307]]"
5,12,1933,GePr4STe2,Ge-Pr-S-Te,8,240.4968831548675,11.30091221954998,"[[11.171363874509646, -0.0003114677689322351, 9.480541669492257e-05], [-0.0003114677689322351, 11.458495268466184, -0.0531853911711147], [9.480541669492257e-05, -0.0531853911711147, 11.272877515674109]]"
5,12,1934,Ba4Cu6,Ba-Cu,10,266.47018051146034,12.58266452715271,"[[12.028897408031474, 0.4370928266141403, -0.3663017732578949], [0.4370928266141403, 11.543217691335569, -0.20919094141050765], [-0.3663017732578949, -0.20919094141050765, 14.175878482091095]]"
5,12,1935,Ba2Te2,Ba-Te,4,176.7924640210956,5.810807158641865,"[[5.8002205170499295, -0.0007795680636595384, -2.615150634462324e-07], [-0.0007795680636595384, 5.800581333299518, -0.0011656079355865834], [-2.615150634462324e-07, -0.0011656079355865834, 5.831619625576151]]"
5,12,1936,Nb3Se7,Nb-Se,10,221.6992866885798,15.29562733681171,"[[18.165339064137775, -0.007255115171776573, 0.0013858949524734067], [-0.007255115171776573, 10.558752526671617, 1.4757319013868486], [0.0013858949524734067, 1.4757319013868486, 17.16279041962573]]"
5,12,1937,Nd2Te2,Nd-Te,4,129.15722816602727,11.334800253196242,"[[11.346487484556173, 3.494041874050456e-05, 0.0030075990070804605], [3.494041874050456e-05, 11.346184196416669, 0.0026143764885259873], [0.0030075990070804605, 0.0026143764885259873, 11.311729078615892]]"
5,12,1938,HfS2Zr,Hf-S-Zr,4,70.66249142375332,13.22046789218286,"[[13.59901865223521, -0.0009255703995724664, 0.0007276434646004982], [-0.0009255703995724664, 13.590367285710995, -0.003954756818583855], [0.0007276434646004982, -0.003954756818583855, 12.472017738602377]]"
5,12,1939,Bi4Te6,Bi-Te,10,365.6173481547398,17.468395272044518,"[[19.158856021501798, -0.03672491313500668, 0.5532394577188114], [-0.03672491313500668, 19.19832265342609, 0.3244445825841505], [0.5532394577188114, 0.3244445825841505, 14.048007141205682]]"
5,12,1940,As6Ba3,As-Ba,9,263.51526922795904,16.30858147343878,"[[21.426669111548378, -7.465586760441188e-05, 0.01521417563923302], [-7.465586760441188e-05, 12.631488736574696, 1.8823437444957534], [0.01521417563923302, 1.8823437444957534, 14.867586572193288]]"
5,12,1941,Bi10Te8,Bi-Te,18,667.4321980977732,17.068116114660477,"[[19.433391267120353, 0.004188644571923199, 0.0017785818319964938], [0.004188644571923199, 16.49852310228603, -1.5114718815650463], [0.0017785818319964938, -1.5114718815650463, 15.272433974575048]]"
5,12,1942,Ca3Sb2,Ca-Sb,5,164.80453740201443,10.192513102648585,"[[10.14257231266624, 0.00038452617422103105, -0.0010436962687568373], [0.00038452617422103105, 10.142499031518312, -0.0005088282039387409], [-0.0010436962687568373, -0.0005088282039387409, 10.292467963761199]]"
5,12,1943,AgAsCu4,Ag-As-Cu,6,85.03961575063103,24.235000106654976,"[[24.23202701368515, 0.0028018386037327475, -0.011252629167068068], [0.0028018386037327475, 24.242450643686624, -0.008556279769462173], [-0.011252629167068068, -0.008556279769462173, 24.230522662593156]]"
5,12,1944,Cu4Nb4Ta2,Cu-Nb-Ta,10,159.07404798256013,25.27672276634823,"[[23.42385413802905, 0.005465822088199781, -0.007233491657013487], [0.005465822088199781, 26.205238334787193, -0.0026400105219707743], [-0.007233491657013487, -0.0026400105219707743, 26.201075826228426]]"
5,12,1945,HoTb2Te9,Ho-Tb-Te,12,454.9571634479791,11.130965558478032,"[[13.920409362623644, -0.29368612627323093, -0.3864955691867144], [-0.29368612627323093, 7.743989179153662, -1.2111076565739805], [-0.3864955691867144, -1.2111076565739805, 11.7284981336568]]"
5,12,1946,Sr2Te18,Sr-Te,20,713.408451412357,17.686800174587002,"[[21.52827670776933, 1.278198454929602, -0.5038839164572614], [1.278198454929602, 12.678312014872288, 3.563841454144919], [-0.5038839164572614, 3.563841454144919, 18.85381180111939]]"
5,12,1947,Bi2Pd2Sb2,Bi-Pd-Sb,6,156.3152238364782,22.566816123815894,"[[22.834741663047797, -0.0009453750471543373, -0.00026355541801281025], [-0.0009453750471543373, 22.36659673277789, 0.0017482268369635803], [-0.00026355541801281025, 0.0017482268369635803, 22.499109975621987]]"
5,12,1948,Bi16,Bi,16,541.5301748631124,24.498677683806097,"[[24.825488329575794, -0.0062636237631190465, -0.011089807114737294], [-0.0062636237631190465, 24.315109910550305, -0.3984648740135465], [-0.011089807114737294, -0.3984648740135465, 24.355434811292195]]"
5,12,1949,Te2Zn2,Te-Zn,4,118.38795957641858,9.144567651518727,"[[9.143390522925241, 0.0002371240089559137, -0.0016916436997898197], [0.0002371240089559137, 9.142803257176729, -0.00499652532988286], [-0.0016916436997898197, -0.00499652532988286, 9.147509174454214]]"
5,12,1950,Ag2Ca2Sb6,Ag-Ca-Sb,10,260.08929152107265,20.7264171028198,"[[21.85188795264231, 4.754071086031188e-06, -4.1286631214224184e-05], [4.754071086031188e-06, 21.792687410640326, -0.5867017767106228], [-4.1286631214224184e-05, -0.5867017767106228, 18.534675945176748]]"
5,12,1951,In2La2Te6,In-La-Te,10,331.8152092556049,12.89612710731364,"[[12.176834818973791, 0.001088323619625283, 0.004098096717917662], [0.001088323619625283, 12.60175865363348, 0.12110575223192087], [0.004098096717917662, 0.12110575223192087, 13.90978784933365]]"
5,12,1952,La2N5Nd4,La-N-Nd,11,213.0266710131424,9.270788858282538,"[[9.51471796147319, -0.0039295688291559995, -0.05391831317845681], [-0.0039295688291559995, 9.004501537647386, -0.013583381694890638], [-0.05391831317845681, -0.013583381694890638, 9.293147075727036]]"
5,12,1953,HgSSe13Ta3,Hg-S-Se-Ta,18,518.9171185777925,9.57403543750038,"[[13.699681668959412, -0.016342400463872316, 0.016269500406078597], [-0.016342400463872316, 8.589678212290162, 0.16833701840602563], [0.016269500406078597, 0.16833701840602563, 6.4327464312515605]]"
5,12,1954,Se8Ta4,Se-Ta,12,284.2413285185025,14.251522938068888,"[[18.63819429660573, 0.004879486773033484, -0.0038985321614502014], [0.004879486773033484, 11.202782081405045, 5.861725441454159], [-0.0038985321614502014, 5.861725441454159, 12.91359243619589]]"
5,12,1955,Bi2RhSe,Bi-Rh-Se,4,99.87219959598364,23.40194488174627,"[[24.92352972339891, -0.5092006777771433, -1.5153456973941704], [-0.5092006777771433, 24.831364889862208, -1.6592278243577234], [-1.5153456973941704, -1.6592278243577234, 20.450940031977677]]"
5,12,1956,Sb4Se2Zr2,Sb-Se-Zr,8,199.8153615472416,17.457680489450563,"[[17.41709560226371, -0.0011546258095340215, -0.0005865705320079805], [-0.0011546258095340215, 18.44077685817788, -0.006419634186815741], [-0.0005865705320079805, -0.006419634186815741, 16.515169007910092]]"
5,12,1957,Nb2Te8,Nb-Te,10,296.91486252371726,18.88842784141687,"[[18.612644808778217, -0.0021116516586519815, -0.0006396275082835159], [-0.0021116516586519815, 18.995032137655862, 0.021351343032825], [-0.0006396275082835159, 0.021351343032825, 19.05760657781654]]"
5,12,1958,Tb4Te8,Tb-Te,12,373.7990450028314,13.591674478238389,"[[13.398201258782837, -0.001274870913369809, 0.0009505923023833014], [-0.001274870913369809, 14.462447082374124, -0.2349946407759418], [0.0009505923023833014, -0.2349946407759418, 12.914375093558203]]"
5,12,1959,AgCuTe2,Ag-Cu-Te,4,96.28858232547002,14.28770326120928,"[[14.766645516832497, 0.004030672235661805, 0.05502332701776121], [0.004030672235661805, 14.782738731100466, 0.014086692797888154], [0.05502332701776121, 0.014086692797888154, 13.313725535694886]]"
5,12,1960,Te9,Te,9,291.849144990606,17.3502006791454,"[[16.339445702335738, -0.017476590974449945, -0.001173687155501872], [-0.017476590974449945, 15.998696186274959, 0.06555859001925457], [-0.001173687155501872, 0.06555859001925457, 19.712460148825492]]"
5,12,1961,BaS2Sb,Ba-S-Sb,4,113.17530757633683,9.107277131924134,"[[10.272919320688382, -0.25612940719390004, 1.3189045920977274], [-0.25612940719390004, 10.532316195106526, 0.8107505530791288], [1.3189045920977274, 0.8107505530791288, 6.516595879977493]]"
5,12,1962,Cu4Se10SnTi3,Cu-Se-Sn-Ti,18,380.2022763755847,13.05958095952622,"[[15.46343282149356, 0.0012331099777214086, -0.00024044669840886745], [0.0012331099777214086, 11.217417957480208, 0.7687651300556336], [-0.00024044669840886745, 0.7687651300556336, 12.497892099604885]]"
5,12,1963,Sr2Te6,Sr-Te,8,273.9002236594044,14.36746870531256,"[[18.807932497365847, 0.0002527236885386263, -0.0006813219154407452], [0.0002527236885386263, 12.271008279664978, 2.449014720883788], [-0.0006813219154407452, 2.449014720883788, 12.02346533890686]]"
5,12,1964,InSe2Zr,In-Se-Zr,4,102.34996505195718,14.502690804769983,"[[15.288138123404485, 0.004865994462049195, -0.0011941337788396549], [0.004865994462049195, 15.123761865476979, -0.5859733018972809], [-0.0011941337788396549, -0.5859733018972809, 13.096172425428493]]"
5,12,1965,PdTe15,Pd-Te,16,552.2405054885389,15.861358433248222,"[[17.866845619122234, 0.006790865639194241, 0.003573333842501615], [0.006790865639194241, 14.947502859287576, -1.099030057214698], [0.003573333842501615, -1.099030057214698, 14.769726821334853]]"
5,12,1966,Ag2Hg2Te4,Ag-Hg-Te,8,271.97162063633004,11.816477452689847,"[[11.851462902109077, -0.025462272815307517, -0.04777384146912403], [-0.025462272815307517, 11.83528737070466, -0.058765091922197844], [-0.04777384146912403, -0.058765091922197844, 11.762682085255815]]"
5,12,1967,LaRh2Ti2,La-Rh-Ti,5,101.88313517719192,23.12745722307609,"[[22.56639337356832, 0.26273864964639004, 0.6563108130205682], [0.26273864964639004, 22.634533269516023, 0.7405347941532976], [0.6563108130205682, 0.7405347941532976, 24.18144502614395]]"
5,12,1968,Hf10N4,Hf-N,14,229.7572531018507,13.018471945483634,"[[13.095706814209349, -7.327288076292073e-05, 7.287762649883493e-05], [-7.327288076292073e-05, 13.326597611776888, 0.01017499648461346], [7.287762649883493e-05, 0.01017499648461346, 12.63311141046467]]"
5,12,1969,NiPdRh2Se6,Ni-Pd-Rh-Se,10,192.29722497648893,18.821470225433057,"[[18.818385407378184, 0.005889845399670119, -0.011994311777719754], [0.005889845399670119, 18.81244414483216, -0.008341632771826034], [-0.011994311777719754, -0.008341632771826034, 18.833581124088827]]"
5,12,1970,Nb8Ta2,Nb-Ta,10,182.98318594656183,26.139313441322056,"[[26.16119411381431, 4.2372535437446625e-05, -9.147297231083639e-06], [4.2372535437446625e-05, 26.12349768145185, 0.033875254719339436], [-9.147297231083639e-06, 0.033875254719339436, 26.1332485287]]"
5,12,1971,Ba2Cu4Sb4,Ba-Cu-Sb,10,242.2671336579765,17.284952300367163,"[[18.02342469017653, -0.00018818219794856583, 0.001657749909176013], [-0.00018818219794856583, 18.02322146622925, 0.00176083553841036], [0.001657749909176013, 0.00176083553841036, 15.80821074469572]]"
5,12,1972,AgSe2Ta,Ag-Se-Ta,4,85.38958268000897,14.40808636401938,"[[15.186368728694715, 0.00852689500360839, 0.004999261235266623], [0.00852689500360839, 15.174883149076173, 0.0017286132263206434], [0.004999261235266623, 0.0017286132263206434, 12.863007214287256]]"
5,12,1973,Cu4Sb2,Cu-Sb,6,99.72241881866506,23.66281369379196,"[[23.96733693205006, -1.6939420355085346e-05, 0.001469268858946406], [-1.6939420355085346e-05, 23.96731844149092, -0.004131589730377654], [0.001469268858946406, -0.004131589730377654, 23.053785707834876]]"
5,12,1974,Ta3Te6,Ta-Te,9,251.1493096134052,19.725026405664764,"[[21.07674135505467, -0.017093837649437404, -0.024296495258402762], [-0.017093837649437404, 19.063460833084825, -0.010421145508996475], [-0.024296495258402762, -0.010421145508996475, 19.034877028854797]]"
5,12,1975,AgBa2PbS4,Ag-Ba-Pb-S,8,215.23084470429137,7.316970049751355,"[[7.178669302233913, 0.24011912528021248, -0.18548778988118325], [0.24011912528021248, 7.478498654199307, -0.3323224944327309], [-0.18548778988118325, -0.3323224944327309, 7.293742192820848]]"
5,12,1976,AgTe8Tl3,Ag-Te-Tl,12,413.2861701728661,15.809679887473647,"[[18.15956513949729, -0.045855213538896884, -0.8744052153000023], [-0.045855213538896884, 15.318744963905656, -0.239409671540455], [-0.8744052153000023, -0.239409671540455, 13.950729559017999]]"
5,12,1977,Ni4Se8,Ni-Se,12,214.53233088905856,15.155294333902836,"[[13.744791838734711, -0.0010302640786615698, 0.007317459411385732], [-0.0010302640786615698, 15.036699575431498, -0.0024061340363429164], [0.007317459411385732, -0.0024061340363429164, 16.684391587542304]]"
5,12,1978,BiSeTe2,Bi-Se-Te,4,120.21777064064756,18.452614656482883,"[[18.669769275759922, 0.07181481412535108, 0.29843707144092185], [0.07181481412535108, 18.5155785717552, 0.2132469077472575], [0.29843707144092185, 0.2132469077472575, 18.172496121933523]]"
5,12,1979,Te4,Te,4,126.12720333795744,16.339704814476168,"[[16.31174162558922, -0.004856961916769749, 0.009087642485791782], [-0.004856961916769749, 16.3423521893034, 0.004739476750395817], [0.009087642485791782, 0.004739476750395817, 16.365020628535895]]"
5,12,1980,Se8Ta12,Se-Ta,20,398.7913587904068,18.055723571301,"[[19.001735460717683, -0.08086013620734267, 0.38875766159431574], [-0.08086013620734267, 17.726406631659895, 0.11555550600554657], [0.38875766159431574, 0.11555550600554657, 17.439028621525416]]"
5,12,1981,Tb3Te13,Tb-Te,16,494.1165396768016,17.77326633949536,"[[21.104265235734086, -0.0019540646205956145, -0.01427904034547853], [-0.0019540646205956145, 20.629798254309396, -1.6015932176143794], [-0.01427904034547853, -1.6015932176143794, 11.585735528442616]]"
5,12,1982,Bi4Se4,Bi-Se,8,225.79180181078627,19.71487097234975,"[[21.16550195149235, 0.04788125872681214, -0.0008349070839861429], [0.04788125872681214, 16.871140446405064, 0.0608859321611163], [-0.0008349070839861429, 0.0608859321611163, 21.107970519151845]]"
5,12,1983,AgBiTe2,Ag-Bi-Te,4,119.19427141912216,18.23528361384328,"[[17.785192777442226, 0.09218942193859615, -0.4912303947928383], [0.09218942193859615, 17.684349792049595, -0.2985148232276508], [-0.4912303947928383, -0.2985148232276508, 19.236308272038023]]"
5,12,1984,Bi2NaZr,Bi-Na-Zr,4,121.76254569453246,17.650346878975274,"[[18.898010140544336, -0.11673694598727799, 0.894251339679164], [-0.11673694598727799, 19.026077818088616, 0.5375322844442945], [0.894251339679164, 0.5375322844442945, 15.026952678292853]]"
5,12,1985,Cu6Se4,Cu-Se,10,172.46643570898152,14.56822151495239,"[[14.61354537995951, -0.0006977816435987561, -0.4030479583073455], [-0.0006977816435987561, 16.02842303702509, -0.002497567763534251], [-0.4030479583073455, -0.002497567763534251, 13.062696127872554]]"
5,12,1986,Ba2Sb2Te6,Ba-Sb-Te,10,347.2190721321542,16.388898738179204,"[[14.319063615053242, -0.0040697153261871856, 0.0012489699945918572], [-0.0040697153261871856, 17.427165374003003, 0.0020147536321662766], [0.0012489699945918572, 0.0020147536321662766, 17.42046722548136]]"
5,12,1987,CuLa3Sb7,Cu-La-Sb,11,308.0694689231031,21.099048707238868,"[[22.298946238705504, -0.08277991874886924, -0.545189134425205], [-0.08277991874886924, 22.295219796355582, -0.558180949244895], [-0.545189134425205, -0.558180949244895, 18.702980086655536]]"
5,12,1988,Ba5In4Sb9,Ba-In-Sb,18,690.1610776402238,13.438870894680178,"[[15.055875917605727, -0.0003034758041899006, -0.0011857454761093121], [-0.0003034758041899006, 15.057874933880662, -0.0034454217175634034], [-0.0011857454761093121, -0.0034454217175634034, 10.202861832554136]]"
5,12,1989,Bi2Se4,Bi-Se,6,152.92152147532283,18.23740125810644,"[[19.566227369904944, -1.101674848132001e-05, -0.0008023063254797117], [-1.101674848132001e-05, 19.568342479156875, 0.0015338055980642325], [-0.0008023063254797117, 0.0015338055980642325, 15.5776339252575]]"
5,12,1990,Nb2Se6,Nb-Se,8,179.03508436316358,13.553084786653391,"[[15.558614212224793, -0.00010271810060430004, -0.0030756869494204327], [-0.00010271810060430004, 16.475108666812883, -1.14631136928958], [-0.0030756869494204327, -1.14631136928958, 8.6255314809225]]"
5,12,1991,Bi6Se8,Bi-Se,14,429.52544549541926,14.780397204840412,"[[16.33090037152654, -0.008528511222581404, 0.008983878774853694], [-0.008528511222581404, 15.275257286851172, 0.010283743427124039], [0.008983878774853694, 0.010283743427124039, 12.735033956143527]]"
5,12,1992,Cu2Te4,Cu-Te,6,141.9011736758914,18.502533416933712,"[[18.378837258267183, -0.010758163393332455, 0.009722654737615001], [-0.010758163393332455, 18.830166339509578, -0.04395373913547932], [0.009722654737615001, -0.04395373913547932, 18.298596653024383]]"
5,12,1993,Se15,Se,15,524.7438622507489,8.122913053113246,"[[6.308669392120842, -0.6057297700775571, 1.48312193649384], [-0.6057297700775571, 8.276937582295092, -1.0829812863941912], [1.48312193649384, -1.0829812863941912, 9.783132184923799]]"
5,12,1994,InRhSe2,In-Rh-Se,4,93.97021602812902,15.488419553859323,"[[16.446086586558128, -0.1437165358975297, 0.8721167869646441], [-0.1437165358975297, 16.59822258177122, 0.5328208295934208], [0.8721167869646441, 0.5328208295934208, 13.42094949324862]]"
5,12,1995,ErNbSeTe,Er-Nb-Se-Te,4,122.7258337525616,9.659338747206895,"[[14.268111627645185, 0.008418150994190085, 0.044564793314246176], [0.008418150994190085, 10.628160290023434, -1.9491825067148085], [0.044564793314246176, -1.9491825067148085, 4.081744323952067]]"
5,12,1996,PtTe11,Pt-Te,12,393.0445308053879,19.09144918264243,"[[19.96086934379426, 0.97308300385299, -0.21678703538042768], [0.97308300385299, 18.355722323043825, 4.903962559818783], [-0.21678703538042768, 4.903962559818783, 18.95775588108921]]"
5,12,1997,Bi4Pt2Te4,Bi-Pt-Te,10,313.5891149991835,20.345328209784974,"[[22.072316111016477, 0.0008762831754063008, 0.0015938141581863861], [0.0008762831754063008, 22.075593436261382, 0.007136094700126224], [0.0015938141581863861, 0.007136094700126224, 16.88807508207706]]"
5,12,1998,AgTe4Tl2V,Ag-Te-Tl-V,8,262.5462177267357,12.123336197594474,"[[12.635503598848818, -0.004400263061331135, 0.48278601650839154], [-0.004400263061331135, 11.732806889206897, 0.010964900355833892], [0.48278601650839154, 0.010964900355833892, 12.001698104727701]]"
5,12,1999,Cu2S2,Cu-S,4,58.10254897384274,13.601261150370954,"[[13.277049688199403, -0.000353064186857354, -0.003137535997709543], [-0.000353064186857354, 13.277502136435453, 0.003970392667081183], [-0.003137535997709543, 0.003970392667081183, 14.249231626477998]]"
5,12,2000,BaPt2Sb2,Ba-Pt-Sb,5,126.22176365092945,21.137030139131983,"[[21.79898107532479, -0.488076166503677, -0.9468376266043915], [-0.488076166503677, 21.617021799537522, -1.1389408569652841], [-0.9468376266043915, -1.1389408569652841, 19.995087542533646]]"
5,12,2001,Se10Te2,Se-Te,12,355.7000907195099,11.390180608557506,"[[14.486348893799889, 0.025396944395384237, 0.0018876282320434608], [0.025396944395384237, 6.517680005671606, -0.4586932795528609], [0.0018876282320434608, -0.4586932795528609, 13.166512926201019]]"
5,12,2002,Te6,Te,6,189.2333901534306,16.34068739679655,"[[16.352243341096422, 0.003901422908162816, -0.009735876098792307], [0.003901422908162816, 16.348709460520396, 0.015195587750548693], [-0.009735876098792307, 0.015195587750548693, 16.321109388772815]]"
5,12,2003,Bi7Te5,Bi-Te,12,426.7328003797514,19.87875675720787,"[[20.976014682521445, -0.0003002995401302528, 0.000975518682760295], [-0.0003002995401302528, 20.97572031541161, 0.002437274120161746], [0.000975518682760295, 0.002437274120161746, 17.684535273690557]]"
5,12,2004,Nd8Te12,Nd-Te,20,655.1059592013868,12.39496869211824,"[[11.967721596297057, -0.00040219855668525647, -0.0003723762196777808], [-0.00040219855668525647, 12.918087936865748, 0.6403286311845378], [-0.0003723762196777808, 0.6403286311845378, 12.299096543191919]]"
5,12,2005,La4Se8,La-Se,12,320.33839652279386,10.314331413349466,"[[10.706518048822597, -1.7323752928190603, 0.0015399662115327748], [-1.7323752928190603, 10.684850050404275, -0.0004768816654278697], [0.0015399662115327748, -0.0004768816654278697, 9.551626140821524]]"
5,12,2006,Ba3In2Sb4,Ba-In-Sb,9,367.67710374309,13.293697734823454,"[[13.701982316565703, -0.0026689335853281337, 0.0065144077719141305], [-0.0026689335853281337, 13.7066944649128, 0.0020941137461007483], [0.0065144077719141305, 0.0020941137461007483, 12.472416422991861]]"
5,12,2007,Nb2Se2,Nb-Se,4,71.58052363462824,16.96624955524025,"[[17.42431766740716, -0.0510366651400748, 0.3647892128430451], [-0.0510366651400748, 17.47990113402287, 0.2160067506887], [0.3647892128430451, 0.2160067506887, 15.994529864290717]]"
5,12,2008,Ba2Hf2Se6,Ba-Hf-Se,10,306.01905850094937,8.639040130140422,"[[9.334937045238926, -0.00015363098108454895, -0.0020547867711570886], [-0.00015363098108454895, 9.807551377813109, -0.43742113437730556], [-0.0020547867711570886, -0.43742113437730556, 6.774631967369233]]"
5,12,2009,Sb5Ti11,Sb-Ti,16,306.98665794568274,20.207010999502728,"[[20.102235668631227, -4.931204949685774e-05, 1.927400908100285e-05], [-4.931204949685774e-05, 20.350461201996293, 0.14315456763769555], [1.927400908100285e-05, 0.14315456763769555, 20.168336127880654]]"
5,12,2010,Bi4Nd2,Bi-Nd,6,187.6795120356969,22.125816383418798,"[[22.875140393623266, 3.21152776043473e-05, -0.0005236732069520367], [3.21152776043473e-05, 22.137208016360646, -0.2191014980040668], [-0.0005236732069520367, -0.2191014980040668, 21.36510074027247]]"
5,12,2011,Lu2Te8,Lu-Te,10,352.7805389485289,14.331416518470776,"[[15.739086823757946, 0.0021731977410531936, 0.008118352142296477], [0.0021731977410531936, 12.253479807889986, 1.3116790723547314], [0.008118352142296477, 1.3116790723547314, 15.001682923764383]]"
5,12,2012,BiSb3,Bi-Sb,4,134.56158008070508,20.624434872157703,"[[20.978237103597152, -0.022852149942445724, 0.3195286337676706], [-0.022852149942445724, 21.029349897392905, 0.1913389002700116], [0.3195286337676706, 0.1913389002700116, 19.865717615483057]]"
5,12,2013,La6Rh2,La-Rh,8,249.99658896624203,15.15483840864832,"[[20.08753683603627, -0.02665626782371841, 0.006356300137813564], [-0.02665626782371841, 12.78137972582555, -0.0061600076190931235], [0.006356300137813564, -0.0061600076190931235, 12.595598664083141]]"
5,12,2014,CrMnTe2,Cr-Mn-Te,4,92.19128144531368,15.416280617054952,"[[15.096124320647986, 0.00029652763597835303, -0.00040856950771137485], [0.00029652763597835303, 15.095757805829042, -0.00039599020999534797], [-0.00040856950771137485, -0.00039599020999534797, 16.05695972468784]]"
5,12,2015,Ca2La2Te4,Ca-La-Te,8,268.63965880467174,8.036184719444693,"[[7.4257984462235145, 5.403690338956029e-05, 0.0011476449917006146], [5.403690338956029e-05, 7.425763798758305, 0.000575826659812261], [0.0011476449917006146, 0.000575826659812261, 9.256991913352266]]"
5,12,2016,Ag4Ba2Bi4,Ag-Ba-Bi,10,308.6459618271711,15.113217608603792,"[[15.892308318092573, 1.7776603578859363e-06, -0.00013627367900387926], [1.7776603578859363e-06, 15.892551888936723, 7.951009562747648e-05], [-0.00013627367900387926, 7.951009562747648e-05, 13.554792618782079]]"
5,12,2017,MgNbPt2,Mg-Nb-Pt,4,65.67734852270264,26.596077470941527,"[[29.166318727368523, 5.608826772960594e-06, -0.00011039365581839983], [5.608826772960594e-06, 29.167173302889612, 0.00037480682949464435], [-0.00011039365581839983, 0.00037480682949464435, 21.454740382566452]]"
5,12,2018,Sb3Se,Sb-Se,4,111.8416862285038,23.25947927189404,"[[23.440618110471366, 4.5058411502535546e-05, -0.01414365864135931], [4.5058411502535546e-05, 23.481073936324734, -0.02132148236925042], [-0.01414365864135931, -0.02132148236925042, 22.856745768886025]]"
5,12,2019,Se8Te4,Se-Te,12,387.8046642171453,12.319922469802862,"[[15.694413132835425, -0.009955345707978553, -0.013658577236929786], [-0.009955345707978553, 15.337473409497443, -1.116724437504247], [-0.013658577236929786, -1.116724437504247, 5.927880867075724]]"
5,12,2020,In5Sb5Se6,In-Sb-Se,16,436.298625532297,16.936345236496294,"[[17.296819908644515, 0.001159806167826038, 0.0003546303099582105], [0.001159806167826038, 16.338714716095332, -0.22613810579391283], [0.0003546303099582105, -0.22613810579391283, 17.173501084749027]]"
5,12,2021,Bi3Cu2Se7,Bi-Cu-Se,12,293.14658406990367,16.547294344104824,"[[17.216995466433737, -0.23598569169669256, 0.7630100989085211], [-0.23598569169669256, 16.889982373366422, 1.279162760313653], [0.7630100989085211, 1.279162760313653, 15.534905192514316]]"
5,12,2022,AgBaBi,Ag-Ba-Bi,3,103.63097244234054,14.329398954727514,"[[10.683473177274267, 0.00023913085694011503, -0.012299326875369923], [0.00023913085694011503, 16.154271680528947, 0.011942436293414377], [-0.012299326875369923, 0.011942436293414377, 16.150452006379332]]"
5,12,2023,Bi3Te2,Bi-Te,5,177.03270870797178,19.523279980880982,"[[20.040874873603826, -0.050066966641996495, 0.3828322399112368], [-0.050066966641996495, 20.10060464304539, 0.23906246788491028], [0.3828322399112368, 0.23906246788491028, 18.428360425993723]]"
5,12,2024,AgCs2HfTe4,Ag-Cs-Hf-Te,8,309.921876508871,8.017198507553983,"[[9.290686931668175, 0.046252132386458256, -0.2829816023651721], [0.046252132386458256, 6.480922463964243, 0.18078056727474834], [-0.2829816023651721, 0.18078056727474834, 8.27998612702953]]"
5,12,2025,Nd2Te6,Nd-Te,8,307.23007177144217,13.3064260017248,"[[10.028196110069603, 0.004502573892026907, -0.002835819119893646], [0.004502573892026907, 19.493043543611257, -3.196793402019379], [-0.002835819119893646, -3.196793402019379, 10.398038351493538]]"
5,12,2026,Nb2Se6Tl2,Nb-Se-Tl,10,245.1142990206405,13.146927156188612,"[[14.471342551572683, -0.0030121582020102393, -0.000690679536151623], [-0.0030121582020102393, 14.616156234430875, -0.6243984888315944], [-0.000690679536151623, -0.6243984888315944, 10.35328268256228]]"
5,12,2027,Bi2OPd,Bi-O-Pd,4,81.02249655608517,19.48562965023248,"[[19.864671281938577, -0.06391941636672129, 0.3525562985942933], [-0.06391941636672129, 19.931715883004752, 0.21230790720451662], [0.3525562985942933, 0.21230790720451662, 18.660501785754086]]"
5,12,2028,P2Ta6,P-Ta,8,132.9378403990984,24.739154918795947,"[[23.45771426665916, -0.00234275210351315, -5.869759267101396e-05], [-0.00234275210351315, 25.82733453894848, -0.001800362340280118], [-5.869759267101396e-05, -0.001800362340280118, 24.932415950780197]]"
5,12,2029,Ag6Mn2Te8,Ag-Mn-Te,16,453.78124200972826,11.789715148075109,"[[13.263109373020162, 0.0005363921842593781, -0.0016760135547760457], [0.0005363921842593781, 12.11402483791616, -0.35244306011773663], [-0.0016760135547760457, -0.35244306011773663, 9.992011233289]]"
5,12,2030,NSe8Ta4,N-Se-Ta,13,347.774681087562,7.247044908107591,"[[9.801385953970039, 0.08847280724774961, -0.023170952295990536], [0.08847280724774961, 5.319066056718741, 0.7147716617174957], [-0.023170952295990536, 0.7147716617174957, 6.620682713633998]]"
5,12,2031,Nb4Te6,Nb-Te,10,289.63295237048266,14.773135822863836,"[[19.494251488777593, 0.0006053656259064126, -0.0010462318493287747], [0.0006053656259064126, 6.538906347052932, -0.417042360508287], [-0.0010462318493287747, -0.417042360508287, 18.286249632760978]]"
5,12,2032,Sb7Te3,Sb-Te,10,308.56152293936907,23.436675724951044,"[[23.69860838915985, 0.0011225736108300597, -0.001566688400253856], [0.0011225736108300597, 23.255839565205385, 0.2556664773697312], [-0.001566688400253856, 0.2556664773697312, 23.355579220487883]]"
5,12,2033,Se4Ta2,Se-Ta,6,142.9995861518647,13.48074002562297,"[[16.97848862553197, 0.000322347235941705, 0.007394965675935494], [0.000322347235941705, 16.979131304940687, -0.00029730433315758276], [0.007394965675935494, -0.00029730433315758276, 6.48460014639626]]"
5,12,2034,Mo2Te9W,Mo-Te-W,12,531.997727994629,10.94364376926898,"[[13.886479222021643, 0.001454741817797825, 0.017028450736141485], [0.001454741817797825, 13.883868340812827, -0.04602756135847045], [0.017028450736141485, -0.04602756135847045, 5.06058374497247]]"
5,12,2035,Bi2Nb8,Bi-Nb,10,192.91591471187772,25.0067463626752,"[[25.218341755284296, -2.215313256027991e-05, 0.00012381307343277667], [-2.215313256027991e-05, 24.899934941889494, -0.0008745936019022711], [0.00012381307343277667, -0.0008745936019022711, 24.90196239085181]]"
5,12,2036,Ta2Te6,Ta-Te,8,260.14655255999605,11.864123747258024,"[[14.458867440644326, 0.0008468927757381644, -0.0007659129594753017], [0.0008468927757381644, 12.908017875072515, 3.4677133897504127], [-0.0007659129594753017, 3.4677133897504127, 8.225485926057225]]"
5,12,2037,BiCa3Se,Bi-Ca-Se,5,169.30564218708776,10.048518915235386,"[[10.04841120391013, 0.002626411333463424, -0.00184158711957216], [0.002626411333463424, 10.048547739192298, -0.000263364491450602], [-0.00184158711957216, -0.000263364491450602, 10.048597802603728]]"
5,12,2038,Dy4S6,Dy-S,10,258.56104518850333,6.281233013502683,"[[6.45365188016805, 0.07902082441489448, 0.024860305062302007], [0.07902082441489448, 6.129760239901488, -0.1341317293325426], [0.024860305062302007, -0.1341317293325426, 6.260286920438509]]"
5,12,2039,N2Nb8,N-Nb,10,157.80314024489377,22.29398246561108,"[[22.22687758014507, 6.362614522341273e-05, -1.5013326594367227e-06], [6.362614522341273e-05, 22.47117811923025, 0.00016830574129314576], [-1.5013326594367227e-06, 0.00016830574129314576, 22.183891697457895]]"
5,12,2040,Bi4Se7,Bi-Se,11,382.8126405864356,10.999092128725218,"[[14.051939727537778, -0.01362425657298084, 0.010547600171695643], [-0.01362425657298084, 11.83570412931596, 1.702592751826154], [0.010547600171695643, 1.702592751826154, 7.109632529321913]]"
5,12,2041,Se5Ta3,Se-Ta,8,178.93856134003406,14.59414512536732,"[[17.782344361189615, 0.000732830876063738, 0.006803540531968093], [0.000732830876063738, 17.783681942324893, 0.018360528416045744], [0.006803540531968093, 0.018360528416045744, 8.216409072587465]]"
5,12,2042,As4Rh3Sr2Ta,As-Rh-Sr-Ta,10,197.6640971952093,21.67196676028006,"[[22.468707041406898, -5.853334413626325e-05, -0.0018568892115882038], [-5.853334413626325e-05, 22.47683098323584, -0.0034415164051206097], [-0.0018568892115882038, -0.0034415164051206097, 20.070362256197438]]"
5,12,2043,Ag4In4Se8,Ag-In-Se,16,474.8063234823746,9.433750204838946,"[[9.66210359916549, -0.0677153875759935, -0.0988064825737826], [-0.0677153875759935, 9.571518363344456, -0.42358986727616593], [-0.0988064825737826, -0.42358986727616593, 9.067628652006881]]"
5,12,2044,Te10,Te,10,333.69433884866487,18.82585932078713,"[[17.117289502680876, -0.33567275298508575, 0.608687377597606], [-0.33567275298508575, 19.757786181601237, -1.446641784307648], [0.608687377597606, -1.446641784307648, 19.602502278079292]]"
5,12,2045,Ag6Se6,Ag-Se,12,253.58199282106236,12.890529212717556,"[[12.86443449028419, 2.4657931887326472e-05, -0.0006990281879093109], [2.4657931887326472e-05, 12.916955871149716, 8.713146105220941e-05], [-0.0006990281879093109, 8.713146105220941e-05, 12.890197276718773]]"
5,12,2046,Ag2Sb2Se4,Ag-Sb-Se,8,194.49729406182425,15.725307662376386,"[[15.69884420956289, 0.01502509748510933, 0.024964469260700926], [0.01502509748510933, 15.709142286299524, 0.030457297239342193], [0.024964469260700926, 0.030457297239342193, 15.767936491266747]]"
5,12,2047,Ba3Bi3Se9,Ba-Bi-Se,15,492.2025054246727,10.282718765569951,"[[9.543929358185112, 0.7889273399954196, -0.20599880045837693], [0.7889273399954196, 10.664991997690759, -0.6287834265350325], [-0.20599880045837693, -0.6287834265350325, 10.639234940833985]]"
