group,guidance_factor,target,sample_id,cif_path,readable,composition_valid,structure_valid,structure_comp_valid,min_distance,volume,volume_per_atom,num_atoms,metal_like_proxy,unique,novel,energy_above_hull_per_atom,stable,metastable,thermo_success,thermo_fail_reason,predicted_dft_dielectric_scalar,prediction_success,prediction_error
fixed_film__g1__t12,1,12,0,provenance://crystalite/outputs/final report output/mattergen_eval_fixed_film_raw_skip8_view/fixed_film__g1__t12/cifs/sample_00000.cif,True,True,True,True,3.0686832929703103,141.01424160155295,35.25356040038824,4,True,True,True,,,,False,,14.592474750838065,True,
fixed_film__g1__t12,1,12,1,provenance://crystalite/outputs/final report output/mattergen_eval_fixed_film_raw_skip8_view/fixed_film__g1__t12/cifs/sample_00001.cif,True,True,True,True,2.0629839530319347,503.5512325289936,25.17756162644968,20,False,True,True,,,,False,,5.944068571113107,True,
fixed_film__g1__t12,1,12,3,provenance://crystalite/outputs/final report output/mattergen_eval_fixed_film_raw_skip8_view/fixed_film__g1__t12/cifs/sample_00003.cif,True,True,True,True,2.2481151644080914,242.308597132044,30.28857464150549,8,False,True,True,,,,False,,6.987871498890307,True,
fixed_film__g1__t12,1,12,4,provenance://crystalite/outputs/final report output/mattergen_eval_fixed_film_raw_skip8_view/fixed_film__g1__t12/cifs/sample_00004.cif,True,True,True,True,3.5782345984432418,65.54606560066247,32.77303280033124,2,True,True,True,,,,False,,12.22160454177172,True,
fixed_film__g1__t12,1,12,5,provenance://crystalite/outputs/final report output/mattergen_eval_fixed_film_raw_skip8_view/fixed_film__g1__t12/cifs/sample_00005.cif,True,False,True,False,2.397723946182208,351.2594402251107,21.95371501406942,16,False,True,True,,,,False,,17.4655720939078,True,
fixed_film__g1__t12,1,12,6,provenance://crystalite/outputs/final report output/mattergen_eval_fixed_film_raw_skip8_view/fixed_film__g1__t12/cifs/sample_00006.cif,True,True,True,True,1.7499729682952887,128.4659125064359,16.058239063304487,8,False,True,True,,,,False,,2.004095396526209,True,
fixed_film__g1__t12,1,12,7,provenance://crystalite/outputs/final report output/mattergen_eval_fixed_film_raw_skip8_view/fixed_film__g1__t12/cifs/sample_00007.cif,True,True,True,True,2.079195757661761,438.9993312765403,31.357095091181453,14,False,True,True,,,,False,,12.0973516196543,True,
fixed_film__g1__t12,1,12,8,provenance://crystalite/outputs/final report output/mattergen_eval_fixed_film_raw_skip8_view/fixed_film__g1__t12/cifs/sample_00008.cif,True,True,True,True,1.62623039142744,188.8280866936449,15.735673891137075,12,False,True,True,,,,False,,4.274884897529684,True,
fixed_film__g1__t12,1,12,9,provenance://crystalite/outputs/final report output/mattergen_eval_fixed_film_raw_skip8_view/fixed_film__g1__t12/cifs/sample_00009.cif,True,True,True,True,2.620621853467737,225.2160042561296,28.1520005320162,8,False,True,True,,,,False,,12.51054729348967,True,
fixed_film__g1__t12,1,12,10,provenance://crystalite/outputs/final report output/mattergen_eval_fixed_film_raw_skip8_view/fixed_film__g1__t12/cifs/sample_00010.cif,True,False,True,False,2.6396271757039216,320.0349560305441,26.669579669212013,12,False,True,True,,,,False,,15.434464750851197,True,
fixed_film__g1__t12,1,12,11,provenance://crystalite/outputs/final report output/mattergen_eval_fixed_film_raw_skip8_view/fixed_film__g1__t12/cifs/sample_00011.cif,True,True,True,True,1.3174977875399057,229.6311440546579,12.757285780814328,18,False,True,True,,,,False,,5.600240757997757,True,
fixed_film__g1__t12,1,12,12,provenance://crystalite/outputs/final report output/mattergen_eval_fixed_film_raw_skip8_view/fixed_film__g1__t12/cifs/sample_00012.cif,True,True,True,True,2.4466756633062934,321.5205620497874,32.152056204978734,10,False,True,True,,,,False,,8.345628316907906,True,
fixed_film__g1__t12,1,12,14,provenance://crystalite/outputs/final report output/mattergen_eval_fixed_film_raw_skip8_view/fixed_film__g1__t12/cifs/sample_00014.cif,True,True,True,True,2.23122878552753,289.2142563590028,24.101188029916894,12,False,True,True,,,,False,,14.176772246549405,True,
fixed_film__g1__t12,1,12,15,provenance://crystalite/outputs/final report output/mattergen_eval_fixed_film_raw_skip8_view/fixed_film__g1__t12/cifs/sample_00015.cif,True,False,True,False,3.083798403682616,94.94512445707616,31.64837481902538,3,False,True,True,,,,False,,20.4266510947281,True,
fixed_film__g1__t12,1,12,16,provenance://crystalite/outputs/final report output/mattergen_eval_fixed_film_raw_skip8_view/fixed_film__g1__t12/cifs/sample_00016.cif,True,True,True,True,1.3700699295512857,243.55840492072332,13.531022495595742,18,False,True,True,,,,False,,7.316023096460744,True,
fixed_film__g1__t12,1,12,17,provenance://crystalite/outputs/final report output/mattergen_eval_fixed_film_raw_skip8_view/fixed_film__g1__t12/cifs/sample_00017.cif,True,True,True,True,2.087591615530106,183.9152818827596,22.989410235344952,8,False,True,True,,,,False,,8.026506827751769,True,
fixed_film__g1__t12,1,12,18,provenance://crystalite/outputs/final report output/mattergen_eval_fixed_film_raw_skip8_view/fixed_film__g1__t12/cifs/sample_00018.cif,True,True,True,True,2.972982219776911,53.14375328277831,26.571876641389157,2,False,True,False,,,,False,,5.589636429769894,True,
fixed_film__g1__t12,1,12,19,provenance://crystalite/outputs/final report output/mattergen_eval_fixed_film_raw_skip8_view/fixed_film__g1__t12/cifs/sample_00019.cif,True,True,True,True,2.47168608299479,377.8895791495685,37.78895791495685,10,False,True,True,,,,False,,9.806323739251418,True,
fixed_film__g1__t12,1,12,20,provenance://crystalite/outputs/final report output/mattergen_eval_fixed_film_raw_skip8_view/fixed_film__g1__t12/cifs/sample_00020.cif,True,True,True,True,2.182705722379052,172.11725313908212,34.42345062781642,5,False,True,True,,,,False,,6.737252892045536,True,
fixed_film__g1__t12,1,12,21,provenance://crystalite/outputs/final report output/mattergen_eval_fixed_film_raw_skip8_view/fixed_film__g1__t12/cifs/sample_00021.cif,True,True,True,True,1.2634391892193682,373.93957772142784,18.696978886071392,20,False,True,True,,,,False,,4.0482667298640544,True,
fixed_film__g1__t12,1,12,22,provenance://crystalite/outputs/final report output/mattergen_eval_fixed_film_raw_skip8_view/fixed_film__g1__t12/cifs/sample_00022.cif,True,True,True,True,0.9908064541258595,172.51601779471136,12.32257269962224,14,False,True,True,,,,False,,3.766710727454505,True,
fixed_film__g1__t12,1,12,23,provenance://crystalite/outputs/final report output/mattergen_eval_fixed_film_raw_skip8_view/fixed_film__g1__t12/cifs/sample_00023.cif,True,True,True,True,1.911577278232341,114.08686525266717,12.676318361407462,9,False,True,True,,,,False,,5.236038470562406,True,
fixed_film__g1__t12,1,12,24,provenance://crystalite/outputs/final report output/mattergen_eval_fixed_film_raw_skip8_view/fixed_film__g1__t12/cifs/sample_00024.cif,True,True,True,True,2.556972510652887,280.63122668488904,28.063122668488905,10,True,True,True,,,,False,,13.349174039919662,True,
fixed_film__g1__t12,1,12,26,provenance://crystalite/outputs/final report output/mattergen_eval_fixed_film_raw_skip8_view/fixed_film__g1__t12/cifs/sample_00026.cif,True,True,True,True,2.070521640606096,475.3532918185816,23.76766459092908,20,False,True,True,,,,False,,5.790126914100768,True,
fixed_film__g1__t12,1,12,27,provenance://crystalite/outputs/final report output/mattergen_eval_fixed_film_raw_skip8_view/fixed_film__g1__t12/cifs/sample_00027.cif,True,False,True,False,2.552181405403159,180.76368833399945,22.595461041749928,8,False,True,True,,,,False,,18.225377373294855,True,
fixed_film__g1__t12,1,12,28,provenance://crystalite/outputs/final report output/mattergen_eval_fixed_film_raw_skip8_view/fixed_film__g1__t12/cifs/sample_00028.cif,True,True,True,True,1.8296834833778035,410.141207415152,25.633825463447,16,False,True,True,,,,False,,5.361737080677255,True,
fixed_film__g1__t12,1,12,29,provenance://crystalite/outputs/final report output/mattergen_eval_fixed_film_raw_skip8_view/fixed_film__g1__t12/cifs/sample_00029.cif,True,True,True,True,1.258007890832825,222.49171682480787,13.905732301550492,16,False,True,True,,,,False,,3.459336556121143,True,
fixed_film__g1__t12,1,12,30,provenance://crystalite/outputs/final report output/mattergen_eval_fixed_film_raw_skip8_view/fixed_film__g1__t12/cifs/sample_00030.cif,True,True,True,True,2.4724361523927696,632.2848705099849,39.517804406874056,16,False,True,True,,,,False,,7.428983320347581,True,
fixed_film__g1__t12,1,12,31,provenance://crystalite/outputs/final report output/mattergen_eval_fixed_film_raw_skip8_view/fixed_film__g1__t12/cifs/sample_00031.cif,True,True,True,True,2.3032491233101933,129.2931242677648,25.85862485355296,5,False,True,True,,,,False,,11.510678238962706,True,
fixed_film__g1__t12,1,12,32,provenance://crystalite/outputs/final report output/mattergen_eval_fixed_film_raw_skip8_view/fixed_film__g1__t12/cifs/sample_00032.cif,True,True,True,True,1.3783364145919286,318.40208272851294,17.689004596028497,18,False,True,True,,,,False,,3.723283937047914,True,
fixed_film__g1__t12,1,12,33,provenance://crystalite/outputs/final report output/mattergen_eval_fixed_film_raw_skip8_view/fixed_film__g1__t12/cifs/sample_00033.cif,True,True,True,True,1.4302014586158491,158.7676535747148,13.230637797892898,12,False,True,True,,,,False,,7.399931248013153,True,
fixed_film__g1__t12,1,12,34,provenance://crystalite/outputs/final report output/mattergen_eval_fixed_film_raw_skip8_view/fixed_film__g1__t12/cifs/sample_00034.cif,True,False,True,False,2.383622065988612,504.5261111272592,38.80970085594301,13,False,True,True,,,,False,,8.194732909159077,True,
fixed_film__g1__t12,1,12,35,provenance://crystalite/outputs/final report output/mattergen_eval_fixed_film_raw_skip8_view/fixed_film__g1__t12/cifs/sample_00035.cif,True,True,True,True,2.447688568567855,238.4306478297703,34.06152111853861,7,False,True,True,,,,False,,9.135624197208928,True,
fixed_film__g1__t12,1,12,36,provenance://crystalite/outputs/final report output/mattergen_eval_fixed_film_raw_skip8_view/fixed_film__g1__t12/cifs/sample_00036.cif,True,True,True,True,2.06404251067725,281.0144194953901,15.61191219418834,18,False,True,True,,,,False,,4.659533604526006,True,
fixed_film__g1__t12,1,12,37,provenance://crystalite/outputs/final report output/mattergen_eval_fixed_film_raw_skip8_view/fixed_film__g1__t12/cifs/sample_00037.cif,True,True,True,True,1.8516944322682307,291.09541042929635,18.193463151831025,16,False,True,True,,,,False,,7.323376088267754,True,
fixed_film__g1__t12,1,12,38,provenance://crystalite/outputs/final report output/mattergen_eval_fixed_film_raw_skip8_view/fixed_film__g1__t12/cifs/sample_00038.cif,True,True,True,True,1.5122494393352135,206.7326479996028,17.22772066663357,12,False,True,True,,,,False,,4.787086939453709,True,
fixed_film__g1__t12,1,12,39,provenance://crystalite/outputs/final report output/mattergen_eval_fixed_film_raw_skip8_view/fixed_film__g1__t12/cifs/sample_00039.cif,True,True,True,True,2.4154278407595005,324.58296969679094,20.286435606049437,16,False,True,True,,,,False,,18.89044148012856,True,
fixed_film__g1__t12,1,12,40,provenance://crystalite/outputs/final report output/mattergen_eval_fixed_film_raw_skip8_view/fixed_film__g1__t12/cifs/sample_00040.cif,True,True,True,True,2.569865558807681,34.07270772249342,17.03635386124671,2,False,True,True,,,,False,,7.255691352516205,True,
fixed_film__g1__t12,1,12,41,provenance://crystalite/outputs/final report output/mattergen_eval_fixed_film_raw_skip8_view/fixed_film__g1__t12/cifs/sample_00041.cif,True,True,True,True,2.8054287387111083,164.7437389120317,32.948747782406336,5,True,True,True,,,,False,,11.913022233809071,True,
fixed_film__g1__t12,1,12,42,provenance://crystalite/outputs/final report output/mattergen_eval_fixed_film_raw_skip8_view/fixed_film__g1__t12/cifs/sample_00042.cif,True,True,True,True,1.7240203575866049,219.64347037656728,13.727716898535457,16,False,True,True,,,,False,,3.883077889151272,True,
fixed_film__g1__t12,1,12,43,provenance://crystalite/outputs/final report output/mattergen_eval_fixed_film_raw_skip8_view/fixed_film__g1__t12/cifs/sample_00043.cif,True,True,True,True,2.401284935893007,249.02891798119327,24.902891798119327,10,False,True,True,,,,False,,8.482064884064876,True,
fixed_film__g1__t12,1,12,44,provenance://crystalite/outputs/final report output/mattergen_eval_fixed_film_raw_skip8_view/fixed_film__g1__t12/cifs/sample_00044.cif,True,True,True,True,2.667546043920397,291.63006852518936,29.163006852518937,10,False,True,True,,,,False,,11.301493221866096,True,
fixed_film__g1__t12,1,12,45,provenance://crystalite/outputs/final report output/mattergen_eval_fixed_film_raw_skip8_view/fixed_film__g1__t12/cifs/sample_00045.cif,True,True,True,True,2.2565723694469675,169.5393588900119,28.25655981500198,6,False,True,True,,,,False,,8.920202291508431,True,
fixed_film__g1__t12,1,12,46,provenance://crystalite/outputs/final report output/mattergen_eval_fixed_film_raw_skip8_view/fixed_film__g1__t12/cifs/sample_00046.cif,True,True,True,True,1.32149367431872,144.41179966559417,13.128345424144923,11,False,True,True,,,,False,,3.73221967284204,True,
fixed_film__g1__t12,1,12,48,provenance://crystalite/outputs/final report output/mattergen_eval_fixed_film_raw_skip8_view/fixed_film__g1__t12/cifs/sample_00048.cif,True,False,True,False,2.2297668362607834,181.25287163988096,22.65660895498512,8,False,True,True,,,,False,,17.679100220860974,True,
fixed_film__g1__t12,1,12,49,provenance://crystalite/outputs/final report output/mattergen_eval_fixed_film_raw_skip8_view/fixed_film__g1__t12/cifs/sample_00049.cif,True,True,True,True,2.2870841533851856,214.5344152563885,26.816801907048564,8,False,True,True,,,,False,,9.292178323869226,True,
fixed_film__g1__t12,1,12,50,provenance://crystalite/outputs/final report output/mattergen_eval_fixed_film_raw_skip8_view/fixed_film__g1__t12/cifs/sample_00050.cif,True,True,True,True,2.4180597871700518,226.8016907657412,18.900140897145096,12,False,True,True,,,,False,,18.54348949702399,True,
fixed_film__g1__t12,1,12,51,provenance://crystalite/outputs/final report output/mattergen_eval_fixed_film_raw_skip8_view/fixed_film__g1__t12/cifs/sample_00051.cif,True,True,True,True,1.941423123618525,170.80196785018998,18.977996427798885,9,False,True,True,,,,False,,13.943324229881162,True,
fixed_film__g1__t12,1,12,52,provenance://crystalite/outputs/final report output/mattergen_eval_fixed_film_raw_skip8_view/fixed_film__g1__t12/cifs/sample_00052.cif,True,False,True,False,2.131471527178145,237.5626729960641,21.596606636005827,11,False,True,True,,,,False,,11.817252985695385,True,
fixed_film__g1__t12,1,12,53,provenance://crystalite/outputs/final report output/mattergen_eval_fixed_film_raw_skip8_view/fixed_film__g1__t12/cifs/sample_00053.cif,True,True,True,True,1.53011881092667,322.7190922046021,17.928838455811228,18,False,True,True,,,,False,,3.007184409414736,True,
fixed_film__g1__t12,1,12,54,provenance://crystalite/outputs/final report output/mattergen_eval_fixed_film_raw_skip8_view/fixed_film__g1__t12/cifs/sample_00054.cif,True,True,True,True,1.799241735274648,199.9933780803677,11.110743226687095,18,False,True,True,,,,False,,7.703171583153842,True,
fixed_film__g1__t12,1,12,55,provenance://crystalite/outputs/final report output/mattergen_eval_fixed_film_raw_skip8_view/fixed_film__g1__t12/cifs/sample_00055.cif,True,True,True,True,2.284298493534247,316.96185410348085,26.413487841956737,12,False,True,True,,,,False,,5.165984354490039,True,
fixed_film__g1__t12,1,12,56,provenance://crystalite/outputs/final report output/mattergen_eval_fixed_film_raw_skip8_view/fixed_film__g1__t12/cifs/sample_00056.cif,True,True,True,True,2.7350025609449715,78.23994800518447,19.55998700129612,4,False,True,True,,,,False,,14.30728019133519,True,
fixed_film__g1__t12,1,12,57,provenance://crystalite/outputs/final report output/mattergen_eval_fixed_film_raw_skip8_view/fixed_film__g1__t12/cifs/sample_00057.cif,True,False,True,False,3.013423636179685,166.80873984807516,33.36174796961503,5,False,True,True,,,,False,,18.264736729925595,True,
fixed_film__g1__t12,1,12,58,provenance://crystalite/outputs/final report output/mattergen_eval_fixed_film_raw_skip8_view/fixed_film__g1__t12/cifs/sample_00058.cif,True,True,True,True,2.702432658643509,522.4468497510428,29.024824986169044,18,False,True,True,,,,False,,8.47788474517833,True,
fixed_film__g1__t12,1,12,59,provenance://crystalite/outputs/final report output/mattergen_eval_fixed_film_raw_skip8_view/fixed_film__g1__t12/cifs/sample_00059.cif,True,True,True,True,2.03682295838201,167.10417423811893,15.19128856710172,11,False,True,True,,,,False,,18.37765973313565,True,
fixed_film__g1__t12,1,12,60,provenance://crystalite/outputs/final report output/mattergen_eval_fixed_film_raw_skip8_view/fixed_film__g1__t12/cifs/sample_00060.cif,True,False,True,False,2.227894622336488,48.89709511811093,12.224273779527731,4,False,True,True,,,,False,,4.47055699450845,True,
fixed_film__g1__t12,1,12,61,provenance://crystalite/outputs/final report output/mattergen_eval_fixed_film_raw_skip8_view/fixed_film__g1__t12/cifs/sample_00061.cif,True,False,True,False,2.539265679453404,478.1793165692095,34.15566546922925,14,False,True,True,,,,False,,8.663960268259219,True,
fixed_film__g1__t12,1,12,62,provenance://crystalite/outputs/final report output/mattergen_eval_fixed_film_raw_skip8_view/fixed_film__g1__t12/cifs/sample_00062.cif,True,True,True,True,2.814717846000536,296.8257372772129,26.98415793429208,11,False,True,True,,,,False,,13.94793665712553,True,
fixed_film__g1__t12,1,12,63,provenance://crystalite/outputs/final report output/mattergen_eval_fixed_film_raw_skip8_view/fixed_film__g1__t12/cifs/sample_00063.cif,True,True,True,True,1.940672226398117,193.9268942427505,21.547432693638942,9,False,True,True,,,,False,,6.272100634836541,True,
fixed_film__g1__t12,1,12,64,provenance://crystalite/outputs/final report output/mattergen_eval_fixed_film_raw_skip8_view/fixed_film__g1__t12/cifs/sample_00064.cif,True,True,True,True,2.554719806244898,214.48796048978124,30.641137212825893,7,False,True,True,,,,False,,7.469087110336365,True,
fixed_film__g1__t12,1,12,65,provenance://crystalite/outputs/final report output/mattergen_eval_fixed_film_raw_skip8_view/fixed_film__g1__t12/cifs/sample_00065.cif,True,True,True,True,2.4101676889512222,114.47611484699097,19.079352474498496,6,False,True,True,,,,False,,6.212329698036108,True,
fixed_film__g1__t12,1,12,66,provenance://crystalite/outputs/final report output/mattergen_eval_fixed_film_raw_skip8_view/fixed_film__g1__t12/cifs/sample_00066.cif,True,True,True,True,1.7129601237910137,492.6456447452348,24.63228223726174,20,False,True,True,,,,False,,8.70645808398735,True,
fixed_film__g1__t12,1,12,67,provenance://crystalite/outputs/final report output/mattergen_eval_fixed_film_raw_skip8_view/fixed_film__g1__t12/cifs/sample_00067.cif,True,True,True,True,2.015082082740537,195.62622689897867,16.30218557491489,12,False,True,True,,,,False,,4.972435642501047,True,
fixed_film__g1__t12,1,12,68,provenance://crystalite/outputs/final report output/mattergen_eval_fixed_film_raw_skip8_view/fixed_film__g1__t12/cifs/sample_00068.cif,True,True,True,True,1.9721968239440772,114.18307402265184,28.54576850566296,4,False,True,True,,,,False,,7.909263556757881,True,
fixed_film__g1__t12,1,12,69,provenance://crystalite/outputs/final report output/mattergen_eval_fixed_film_raw_skip8_view/fixed_film__g1__t12/cifs/sample_00069.cif,True,True,True,True,1.5206493080525665,276.3494940406221,13.817474702031106,20,False,True,True,,,,False,,3.122087589891185,True,
fixed_film__g1__t12,1,12,70,provenance://crystalite/outputs/final report output/mattergen_eval_fixed_film_raw_skip8_view/fixed_film__g1__t12/cifs/sample_00070.cif,True,True,True,True,1.6091321954096436,225.7778688225442,12.543214934585787,18,False,True,True,,,,False,,4.787258030659836,True,
fixed_film__g1__t12,1,12,71,provenance://crystalite/outputs/final report output/mattergen_eval_fixed_film_raw_skip8_view/fixed_film__g1__t12/cifs/sample_00071.cif,True,False,True,False,2.3536301140098503,186.1035384847947,31.01725641413245,6,False,True,True,,,,False,,7.074185917103988,True,
fixed_film__g1__t12,1,12,72,provenance://crystalite/outputs/final report output/mattergen_eval_fixed_film_raw_skip8_view/fixed_film__g1__t12/cifs/sample_00072.cif,True,True,True,True,1.4843579601362693,157.62316345790535,15.762316345790534,10,False,True,True,,,,False,,4.424364529072762,True,
fixed_film__g1__t12,1,12,73,provenance://crystalite/outputs/final report output/mattergen_eval_fixed_film_raw_skip8_view/fixed_film__g1__t12/cifs/sample_00073.cif,True,False,True,False,2.300210186134327,373.87996686146215,23.367497928841384,16,False,True,True,,,,False,,10.132109792356855,True,
fixed_film__g1__t12,1,12,74,provenance://crystalite/outputs/final report output/mattergen_eval_fixed_film_raw_skip8_view/fixed_film__g1__t12/cifs/sample_00074.cif,True,True,True,True,3.0502519885861403,112.43381737259516,28.10845434314879,4,True,True,True,,,,False,,17.215111341662904,True,
fixed_film__g1__t12,1,12,75,provenance://crystalite/outputs/final report output/mattergen_eval_fixed_film_raw_skip8_view/fixed_film__g1__t12/cifs/sample_00075.cif,True,True,True,True,1.826980215828968,166.23331442598254,20.779164303247818,8,False,True,True,,,,False,,5.75069461330934,True,
fixed_film__g1__t12,1,12,76,provenance://crystalite/outputs/final report output/mattergen_eval_fixed_film_raw_skip8_view/fixed_film__g1__t12/cifs/sample_00076.cif,True,True,True,True,2.9799804022102907,52.5510095345809,26.27550476729045,2,False,True,True,,,,False,,12.808738463478385,True,
fixed_film__g1__t12,1,12,77,provenance://crystalite/outputs/final report output/mattergen_eval_fixed_film_raw_skip8_view/fixed_film__g1__t12/cifs/sample_00077.cif,True,False,True,False,2.5974523915661814,310.95943008807325,34.5510477875637,9,False,True,True,,,,False,,9.666458344821535,True,
fixed_film__g1__t12,1,12,78,provenance://crystalite/outputs/final report output/mattergen_eval_fixed_film_raw_skip8_view/fixed_film__g1__t12/cifs/sample_00078.cif,True,True,True,True,2.1676076267485427,165.42656472992945,20.67832059124118,8,False,True,True,,,,False,,12.96257333003092,True,
fixed_film__g1__t12,1,12,79,provenance://crystalite/outputs/final report output/mattergen_eval_fixed_film_raw_skip8_view/fixed_film__g1__t12/cifs/sample_00079.cif,True,True,True,True,1.3162872218418262,227.37021905890415,14.210638691181511,16,False,True,True,,,,False,,4.7563886101828246,True,
fixed_film__g1__t12,1,12,80,provenance://crystalite/outputs/final report output/mattergen_eval_fixed_film_raw_skip8_view/fixed_film__g1__t12/cifs/sample_00080.cif,True,True,True,True,2.667376069956286,298.0712951112667,29.807129511126668,10,False,True,True,,,,False,,11.316171004992796,True,
fixed_film__g1__t12,1,12,81,provenance://crystalite/outputs/final report output/mattergen_eval_fixed_film_raw_skip8_view/fixed_film__g1__t12/cifs/sample_00081.cif,True,True,True,True,1.850449867306016,309.4305420625752,15.47152710312876,20,False,True,True,,,,False,,7.270637648001994,True,
fixed_film__g1__t12,1,12,82,provenance://crystalite/outputs/final report output/mattergen_eval_fixed_film_raw_skip8_view/fixed_film__g1__t12/cifs/sample_00082.cif,True,True,True,True,1.459320171114194,99.5012376416917,16.583539606948616,6,False,True,True,,,,False,,3.0454980029875816,True,
fixed_film__g1__t12,1,12,83,provenance://crystalite/outputs/final report output/mattergen_eval_fixed_film_raw_skip8_view/fixed_film__g1__t12/cifs/sample_00083.cif,True,True,True,True,1.864646133863472,254.64592123215576,21.220493436012983,12,False,True,True,,,,False,,4.915515351225822,True,
fixed_film__g1__t12,1,12,84,provenance://crystalite/outputs/final report output/mattergen_eval_fixed_film_raw_skip8_view/fixed_film__g1__t12/cifs/sample_00084.cif,True,False,True,False,2.38994533985099,575.6767730244162,31.9820429458009,18,False,True,True,,,,False,,11.902643625290244,True,
fixed_film__g1__t12,1,12,85,provenance://crystalite/outputs/final report output/mattergen_eval_fixed_film_raw_skip8_view/fixed_film__g1__t12/cifs/sample_00085.cif,True,False,True,False,2.6860295781853663,391.2382378990867,32.60318649159056,12,False,True,True,,,,False,,13.763344203154205,True,
fixed_film__g1__t12,1,12,86,provenance://crystalite/outputs/final report output/mattergen_eval_fixed_film_raw_skip8_view/fixed_film__g1__t12/cifs/sample_00086.cif,True,False,True,False,1.6297555882401566,219.74195606595603,15.695854004711146,14,False,True,True,,,,False,,13.793397960165544,True,
fixed_film__g1__t12,1,12,87,provenance://crystalite/outputs/final report output/mattergen_eval_fixed_film_raw_skip8_view/fixed_film__g1__t12/cifs/sample_00087.cif,True,True,True,True,1.2672334403048322,171.79304221408444,14.316086851173702,12,False,True,True,,,,False,,3.2334185340601374,True,
fixed_film__g1__t12,1,12,88,provenance://crystalite/outputs/final report output/mattergen_eval_fixed_film_raw_skip8_view/fixed_film__g1__t12/cifs/sample_00088.cif,True,True,True,True,2.4003615410641745,513.9456338579944,25.69728169289972,20,False,True,True,,,,False,,18.985867511505518,True,
fixed_film__g1__t12,1,12,89,provenance://crystalite/outputs/final report output/mattergen_eval_fixed_film_raw_skip8_view/fixed_film__g1__t12/cifs/sample_00089.cif,True,True,True,True,2.515470479031117,423.1181588269904,26.444884926686896,16,False,True,True,,,,False,,15.797927919196974,True,
fixed_film__g1__t12,1,12,90,provenance://crystalite/outputs/final report output/mattergen_eval_fixed_film_raw_skip8_view/fixed_film__g1__t12/cifs/sample_00090.cif,True,False,True,False,2.294316153297874,248.47738570882532,17.748384693487527,14,False,True,True,,,,False,,12.415639595020528,True,
fixed_film__g1__t12,1,12,91,provenance://crystalite/outputs/final report output/mattergen_eval_fixed_film_raw_skip8_view/fixed_film__g1__t12/cifs/sample_00091.cif,True,True,True,True,3.1622873982703865,97.55864927510696,32.51954975836899,3,True,True,True,,,,False,,13.919481436326077,True,
fixed_film__g1__t12,1,12,92,provenance://crystalite/outputs/final report output/mattergen_eval_fixed_film_raw_skip8_view/fixed_film__g1__t12/cifs/sample_00092.cif,True,True,True,True,2.4572606517662896,100.84917177640928,20.169834355281857,5,True,True,True,,,,False,,13.712431951546,True,
fixed_film__g1__t12,1,12,93,provenance://crystalite/outputs/final report output/mattergen_eval_fixed_film_raw_skip8_view/fixed_film__g1__t12/cifs/sample_00093.cif,True,False,True,False,2.202576076110963,248.0747695363625,35.43925279090893,7,False,True,True,,,,False,,7.48445745772473,True,
fixed_film__g1__t12,1,12,94,provenance://crystalite/outputs/final report output/mattergen_eval_fixed_film_raw_skip8_view/fixed_film__g1__t12/cifs/sample_00094.cif,True,True,True,True,1.9871619546085693,201.2271049508096,20.12271049508096,10,False,True,True,,,,False,,7.287288953071631,True,
fixed_film__g1__t12,1,12,95,provenance://crystalite/outputs/final report output/mattergen_eval_fixed_film_raw_skip8_view/fixed_film__g1__t12/cifs/sample_00095.cif,True,False,True,False,1.822384002893251,238.83568141752784,14.92723008859549,16,False,True,True,,,,False,,4.461718724151003,True,
fixed_film__g1__t12,1,12,96,provenance://crystalite/outputs/final report output/mattergen_eval_fixed_film_raw_skip8_view/fixed_film__g1__t12/cifs/sample_00096.cif,True,True,True,True,2.0708957360704567,184.429695060699,30.738282510116505,6,False,True,True,,,,False,,4.891448464252409,True,
fixed_film__g1__t12,1,12,97,provenance://crystalite/outputs/final report output/mattergen_eval_fixed_film_raw_skip8_view/fixed_film__g1__t12/cifs/sample_00097.cif,True,False,True,False,2.001024247241361,526.5328755308434,27.71225660688649,19,False,True,True,,,,False,,6.867390481120147,True,
fixed_film__g1__t12,1,12,98,provenance://crystalite/outputs/final report output/mattergen_eval_fixed_film_raw_skip8_view/fixed_film__g1__t12/cifs/sample_00098.cif,True,True,True,True,2.0413023595440944,473.3859408457232,26.299218935873512,18,False,True,True,,,,False,,5.356264793860898,True,
fixed_film__g1__t12,1,12,99,provenance://crystalite/outputs/final report output/mattergen_eval_fixed_film_raw_skip8_view/fixed_film__g1__t12/cifs/sample_00099.cif,True,True,True,True,2.02134606248224,538.4520766673177,29.914004259295425,18,False,True,True,,,,False,,4.068073800054167,True,
fixed_film__g1__t12,1,12,100,provenance://crystalite/outputs/final report output/mattergen_eval_fixed_film_raw_skip8_view/fixed_film__g1__t12/cifs/sample_00100.cif,True,True,True,True,2.662208138479192,220.582209196033,31.511744170861856,7,False,True,True,,,,False,,10.422386135946756,True,
fixed_film__g1__t12,1,12,101,provenance://crystalite/outputs/final report output/mattergen_eval_fixed_film_raw_skip8_view/fixed_film__g1__t12/cifs/sample_00101.cif,True,True,True,True,2.4366058331137803,166.48123227636182,20.810154034545228,8,True,True,True,,,,False,,13.73620557797038,True,
fixed_film__g1__t12,1,12,102,provenance://crystalite/outputs/final report output/mattergen_eval_fixed_film_raw_skip8_view/fixed_film__g1__t12/cifs/sample_00102.cif,True,True,True,True,1.3942795048352603,191.41993604839644,15.95166133736637,12,False,True,True,,,,False,,4.930852702204663,True,
fixed_film__g1__t12,1,12,103,provenance://crystalite/outputs/final report output/mattergen_eval_fixed_film_raw_skip8_view/fixed_film__g1__t12/cifs/sample_00103.cif,True,True,True,True,1.7320580507667052,295.6660026873992,14.78330013436996,20,False,True,True,,,,False,,4.4073957329431614,True,
fixed_film__g1__t12,1,12,104,provenance://crystalite/outputs/final report output/mattergen_eval_fixed_film_raw_skip8_view/fixed_film__g1__t12/cifs/sample_00104.cif,True,True,True,True,1.7147191223781255,200.82401523077328,16.73533460256444,12,False,True,True,,,,False,,7.030090094416078,True,
fixed_film__g1__t12,1,12,105,provenance://crystalite/outputs/final report output/mattergen_eval_fixed_film_raw_skip8_view/fixed_film__g1__t12/cifs/sample_00105.cif,True,True,True,True,2.4029887019291607,73.58559542321122,24.52853180773707,3,False,True,True,,,,False,,10.604591803919666,True,
fixed_film__g1__t12,1,12,106,provenance://crystalite/outputs/final report output/mattergen_eval_fixed_film_raw_skip8_view/fixed_film__g1__t12/cifs/sample_00106.cif,True,True,True,True,2.4103520784050314,298.44826886349574,21.317733490249697,14,False,True,True,,,,False,,9.979843255672856,True,
fixed_film__g1__t12,1,12,107,provenance://crystalite/outputs/final report output/mattergen_eval_fixed_film_raw_skip8_view/fixed_film__g1__t12/cifs/sample_00107.cif,True,True,True,True,2.6186682231173624,325.2524377065051,25.019418285115776,13,False,True,True,,,,False,,6.331424867132356,True,
fixed_film__g1__t12,1,12,109,provenance://crystalite/outputs/final report output/mattergen_eval_fixed_film_raw_skip8_view/fixed_film__g1__t12/cifs/sample_00109.cif,True,True,True,True,1.7717733451587114,225.22155260697392,12.512308478165217,18,False,True,True,,,,False,,8.031303841616877,True,
fixed_film__g1__t12,1,12,110,provenance://crystalite/outputs/final report output/mattergen_eval_fixed_film_raw_skip8_view/fixed_film__g1__t12/cifs/sample_00110.cif,True,True,True,True,2.751591519357622,407.21529576031503,29.0868068400225,14,False,True,True,,,,False,,10.233183751754558,True,
fixed_film__g1__t12,1,12,111,provenance://crystalite/outputs/final report output/mattergen_eval_fixed_film_raw_skip8_view/fixed_film__g1__t12/cifs/sample_00111.cif,True,False,True,False,2.5270464877280534,199.0910984201533,24.88638730251916,8,False,True,True,,,,False,,19.39552948120119,True,
fixed_film__g1__t12,1,12,112,provenance://crystalite/outputs/final report output/mattergen_eval_fixed_film_raw_skip8_view/fixed_film__g1__t12/cifs/sample_00112.cif,True,True,True,True,2.066518294287818,109.81759631355624,21.96351926271125,5,False,True,True,,,,False,,6.170553870381911,True,
fixed_film__g1__t12,1,12,113,provenance://crystalite/outputs/final report output/mattergen_eval_fixed_film_raw_skip8_view/fixed_film__g1__t12/cifs/sample_00113.cif,True,True,True,True,2.3799217550957,228.67235944189463,28.584044930236832,8,True,True,True,,,,False,,11.948399605141988,True,
fixed_film__g1__t12,1,12,114,provenance://crystalite/outputs/final report output/mattergen_eval_fixed_film_raw_skip8_view/fixed_film__g1__t12/cifs/sample_00114.cif,True,True,True,True,1.371182248347244,246.5758352812542,17.61255966294673,14,False,True,True,,,,False,,3.3173606044894077,True,
fixed_film__g1__t12,1,12,115,provenance://crystalite/outputs/final report output/mattergen_eval_fixed_film_raw_skip8_view/fixed_film__g1__t12/cifs/sample_00115.cif,True,True,True,True,2.4796033861649205,309.14591262302906,25.76215938525242,12,False,True,True,,,,False,,11.777009624451535,True,
fixed_film__g1__t12,1,12,116,provenance://crystalite/outputs/final report output/mattergen_eval_fixed_film_raw_skip8_view/fixed_film__g1__t12/cifs/sample_00116.cif,True,True,True,True,2.51683957565098,217.4255311121844,27.17819138902305,8,False,True,True,,,,False,,6.480728405097916,True,
fixed_film__g1__t12,1,12,117,provenance://crystalite/outputs/final report output/mattergen_eval_fixed_film_raw_skip8_view/fixed_film__g1__t12/cifs/sample_00117.cif,True,False,True,False,2.441393953005711,533.1243414085236,31.360255376971978,17,False,True,True,,,,False,,11.489369208880566,True,
fixed_film__g1__t12,1,12,118,provenance://crystalite/outputs/final report output/mattergen_eval_fixed_film_raw_skip8_view/fixed_film__g1__t12/cifs/sample_00118.cif,True,True,True,True,2.378931812424862,429.7052525920253,21.485262629601262,20,False,True,True,,,,False,,12.146477065781928,True,
fixed_film__g1__t12,1,12,119,provenance://crystalite/outputs/final report output/mattergen_eval_fixed_film_raw_skip8_view/fixed_film__g1__t12/cifs/sample_00119.cif,True,True,True,True,2.409478035156243,605.4500357962294,30.272501789811468,20,False,True,True,,,,False,,7.088494734660103,True,
fixed_film__g1__t12,1,12,120,provenance://crystalite/outputs/final report output/mattergen_eval_fixed_film_raw_skip8_view/fixed_film__g1__t12/cifs/sample_00120.cif,True,True,True,True,1.9827264351922051,243.20783999916745,12.160391999958373,20,False,True,True,,,,False,,5.764756162203759,True,
fixed_film__g1__t12,1,12,121,provenance://crystalite/outputs/final report output/mattergen_eval_fixed_film_raw_skip8_view/fixed_film__g1__t12/cifs/sample_00121.cif,True,True,True,True,2.4726849466061034,258.379408921795,19.875339147830385,13,True,True,True,,,,False,,17.205688404491028,True,
fixed_film__g1__t12,1,12,122,provenance://crystalite/outputs/final report output/mattergen_eval_fixed_film_raw_skip8_view/fixed_film__g1__t12/cifs/sample_00122.cif,True,False,True,False,2.4760476677902727,561.7861306914983,31.21034059397213,18,False,True,True,,,,False,,15.114106500928136,True,
fixed_film__g1__t12,1,12,123,provenance://crystalite/outputs/final report output/mattergen_eval_fixed_film_raw_skip8_view/fixed_film__g1__t12/cifs/sample_00123.cif,True,True,True,True,2.1341195007516225,310.9900828371298,31.099008283712983,10,False,True,True,,,,False,,9.862153840629205,True,
fixed_film__g1__t12,1,12,124,provenance://crystalite/outputs/final report output/mattergen_eval_fixed_film_raw_skip8_view/fixed_film__g1__t12/cifs/sample_00124.cif,True,True,True,True,2.416817133647759,259.1954412261276,18.513960087580543,14,False,True,True,,,,False,,14.25181724633351,True,
fixed_film__g1__t12,1,12,125,provenance://crystalite/outputs/final report output/mattergen_eval_fixed_film_raw_skip8_view/fixed_film__g1__t12/cifs/sample_00125.cif,True,True,True,True,1.2923419120461246,679.2334777459585,33.96167388729792,20,False,True,True,,,,False,,3.34593943816455,True,
fixed_film__g1__t12,1,12,126,provenance://crystalite/outputs/final report output/mattergen_eval_fixed_film_raw_skip8_view/fixed_film__g1__t12/cifs/sample_00126.cif,True,True,True,True,2.494350276636598,378.2564926391059,29.09665327993122,13,False,True,True,,,,False,,11.835389360184086,True,
fixed_film__g1__t2,1,2,0,provenance://crystalite/outputs/final report output/mattergen_eval_fixed_film_raw_skip8_view/fixed_film__g1__t2/cifs/sample_00000.cif,True,True,True,True,1.4259947891371891,84.56797997959022,21.141994994897555,4,False,True,True,,,,False,,2.556517287784724,True,
fixed_film__g1__t2,1,2,1,provenance://crystalite/outputs/final report output/mattergen_eval_fixed_film_raw_skip8_view/fixed_film__g1__t2/cifs/sample_00001.cif,True,True,True,True,1.903032835323531,523.4623726720432,26.17311863360216,20,False,True,True,,,,False,,1.6998438768905235,True,
fixed_film__g1__t2,1,2,2,provenance://crystalite/outputs/final report output/mattergen_eval_fixed_film_raw_skip8_view/fixed_film__g1__t2/cifs/sample_00002.cif,True,True,True,True,1.8500740880345132,105.79721972126153,13.224652465157687,8,False,True,True,,,,False,,2.368978155628852,True,
fixed_film__g1__t2,1,2,3,provenance://crystalite/outputs/final report output/mattergen_eval_fixed_film_raw_skip8_view/fixed_film__g1__t2/cifs/sample_00003.cif,True,True,True,True,1.4346256186605029,153.68182331360202,19.210227914200253,8,False,True,True,,,,False,,2.2926060215547133,True,
fixed_film__g1__t2,1,2,5,provenance://crystalite/outputs/final report output/mattergen_eval_fixed_film_raw_skip8_view/fixed_film__g1__t2/cifs/sample_00005.cif,True,True,True,True,1.422463460200512,423.25920833279554,26.45370052079972,16,False,True,True,,,,False,,2.186073773856838,True,
fixed_film__g1__t2,1,2,6,provenance://crystalite/outputs/final report output/mattergen_eval_fixed_film_raw_skip8_view/fixed_film__g1__t2/cifs/sample_00006.cif,True,False,True,False,1.4298925612456872,154.16560762953617,19.27070095369202,8,False,True,True,,,,False,,2.149464801766119,True,
fixed_film__g1__t2,1,2,7,provenance://crystalite/outputs/final report output/mattergen_eval_fixed_film_raw_skip8_view/fixed_film__g1__t2/cifs/sample_00007.cif,True,True,True,True,1.2662409449454093,224.0025525357089,16.000182323979207,14,False,True,True,,,,False,,2.3688960667974057,True,
fixed_film__g1__t2,1,2,8,provenance://crystalite/outputs/final report output/mattergen_eval_fixed_film_raw_skip8_view/fixed_film__g1__t2/cifs/sample_00008.cif,True,True,True,True,1.3055609772495582,123.89606264129203,10.324671886774336,12,False,True,True,,,,False,,3.007226606029563,True,
fixed_film__g1__t2,1,2,9,provenance://crystalite/outputs/final report output/mattergen_eval_fixed_film_raw_skip8_view/fixed_film__g1__t2/cifs/sample_00009.cif,True,False,True,False,1.7542357668005804,105.38421672777704,13.173027090972129,8,False,True,True,,,,False,,2.3940033170586985,True,
fixed_film__g1__t2,1,2,11,provenance://crystalite/outputs/final report output/mattergen_eval_fixed_film_raw_skip8_view/fixed_film__g1__t2/cifs/sample_00011.cif,True,False,True,False,1.7785874366921175,329.0464035975547,18.280355755419706,18,False,True,True,,,,False,,2.1925995321490395,True,
fixed_film__g1__t2,1,2,12,provenance://crystalite/outputs/final report output/mattergen_eval_fixed_film_raw_skip8_view/fixed_film__g1__t2/cifs/sample_00012.cif,True,False,True,False,1.8374395283821676,203.1336920481414,20.31336920481414,10,False,True,True,,,,False,,1.8916748425055048,True,
fixed_film__g1__t2,1,2,13,provenance://crystalite/outputs/final report output/mattergen_eval_fixed_film_raw_skip8_view/fixed_film__g1__t2/cifs/sample_00013.cif,True,True,True,True,2.2139553287601648,162.7518544612214,13.562654538435115,12,False,True,True,,,,False,,2.151211113335164,True,
fixed_film__g1__t2,1,2,14,provenance://crystalite/outputs/final report output/mattergen_eval_fixed_film_raw_skip8_view/fixed_film__g1__t2/cifs/sample_00014.cif,True,True,True,True,1.7990915548271915,160.8034097305096,13.400284144209133,12,False,True,True,,,,False,,2.320015840418676,True,
fixed_film__g1__t2,1,2,15,provenance://crystalite/outputs/final report output/mattergen_eval_fixed_film_raw_skip8_view/fixed_film__g1__t2/cifs/sample_00015.cif,True,False,True,False,3.121239375533858,128.03086013766236,42.676953379220784,3,False,True,True,,,,False,,13.99086314226985,True,
fixed_film__g1__t2,1,2,16,provenance://crystalite/outputs/final report output/mattergen_eval_fixed_film_raw_skip8_view/fixed_film__g1__t2/cifs/sample_00016.cif,True,False,True,False,1.798369974249663,224.05247008367527,12.44735944909307,18,False,True,True,,,,False,,3.257444216385302,True,
fixed_film__g1__t2,1,2,17,provenance://crystalite/outputs/final report output/mattergen_eval_fixed_film_raw_skip8_view/fixed_film__g1__t2/cifs/sample_00017.cif,True,True,True,True,1.9437138222737451,120.50948938872338,15.063686173590424,8,False,True,True,,,,False,,2.5942290863498125,True,
fixed_film__g1__t2,1,2,18,provenance://crystalite/outputs/final report output/mattergen_eval_fixed_film_raw_skip8_view/fixed_film__g1__t2/cifs/sample_00018.cif,True,True,True,True,3.638658473604506,99.15173432105166,49.57586716052583,2,False,True,False,,,,False,,2.432938595641206,True,
fixed_film__g1__t2,1,2,19,provenance://crystalite/outputs/final report output/mattergen_eval_fixed_film_raw_skip8_view/fixed_film__g1__t2/cifs/sample_00019.cif,True,True,True,True,1.3856622820051054,210.84392592675133,21.084392592675133,10,False,True,True,,,,False,,2.748991477840247,True,
fixed_film__g1__t2,1,2,20,provenance://crystalite/outputs/final report output/mattergen_eval_fixed_film_raw_skip8_view/fixed_film__g1__t2/cifs/sample_00020.cif,True,False,True,False,2.390701863571099,110.12516255653344,22.025032511306684,5,False,True,True,,,,False,,2.956330616077677,True,
fixed_film__g1__t2,1,2,21,provenance://crystalite/outputs/final report output/mattergen_eval_fixed_film_raw_skip8_view/fixed_film__g1__t2/cifs/sample_00021.cif,True,False,True,False,1.2647955215903346,401.8646899838096,20.09323449919048,20,False,True,True,,,,False,,2.0879232841033706,True,
fixed_film__g1__t2,1,2,22,provenance://crystalite/outputs/final report output/mattergen_eval_fixed_film_raw_skip8_view/fixed_film__g1__t2/cifs/sample_00022.cif,True,True,True,True,1.85297025122884,143.00251945792937,10.214465675566384,14,False,True,True,,,,False,,3.3304377246781427,True,
fixed_film__g1__t2,1,2,23,provenance://crystalite/outputs/final report output/mattergen_eval_fixed_film_raw_skip8_view/fixed_film__g1__t2/cifs/sample_00023.cif,True,True,True,True,1.856555461572912,126.35265583547336,14.039183981719264,9,False,True,True,,,,False,,2.612780687486452,True,
fixed_film__g1__t2,1,2,24,provenance://crystalite/outputs/final report output/mattergen_eval_fixed_film_raw_skip8_view/fixed_film__g1__t2/cifs/sample_00024.cif,True,True,True,True,1.9003923750420373,250.2936712753944,25.02936712753944,10,False,True,True,,,,False,,3.0613057138465543,True,
fixed_film__g1__t2,1,2,25,provenance://crystalite/outputs/final report output/mattergen_eval_fixed_film_raw_skip8_view/fixed_film__g1__t2/cifs/sample_00025.cif,True,False,True,False,0.7461123753624255,205.49309605010967,12.843318503131854,16,False,True,True,,,,False,,1.59888218984355,True,
fixed_film__g1__t2,1,2,26,provenance://crystalite/outputs/final report output/mattergen_eval_fixed_film_raw_skip8_view/fixed_film__g1__t2/cifs/sample_00026.cif,True,True,True,True,1.6043068909790366,547.6145502523782,27.38072751261891,20,False,True,True,,,,False,,1.743275054213176,True,
fixed_film__g1__t2,1,2,27,provenance://crystalite/outputs/final report output/mattergen_eval_fixed_film_raw_skip8_view/fixed_film__g1__t2/cifs/sample_00027.cif,True,False,True,False,1.9827494156949392,138.69663123845754,17.337078904807193,8,False,True,True,,,,False,,1.9341194037001963,True,
fixed_film__g1__t2,1,2,28,provenance://crystalite/outputs/final report output/mattergen_eval_fixed_film_raw_skip8_view/fixed_film__g1__t2/cifs/sample_00028.cif,True,True,True,True,1.631546628683222,338.7212542264249,21.17007838915156,16,False,True,True,,,,False,,1.8427925569624304,True,
fixed_film__g1__t2,1,2,29,provenance://crystalite/outputs/final report output/mattergen_eval_fixed_film_raw_skip8_view/fixed_film__g1__t2/cifs/sample_00029.cif,True,False,True,False,1.8390664978090483,172.56413786581342,10.78525861661334,16,False,True,True,,,,False,,1.7828414997293691,True,
fixed_film__g1__t2,1,2,30,provenance://crystalite/outputs/final report output/mattergen_eval_fixed_film_raw_skip8_view/fixed_film__g1__t2/cifs/sample_00030.cif,True,True,True,True,1.8338219823131716,384.382923239081,24.02393270244256,16,False,True,True,,,,False,,2.059953211687961,True,
fixed_film__g1__t2,1,2,31,provenance://crystalite/outputs/final report output/mattergen_eval_fixed_film_raw_skip8_view/fixed_film__g1__t2/cifs/sample_00031.cif,True,False,True,False,1.6942648931184947,225.8372276737768,45.16744553475536,5,False,True,True,,,,False,,2.287665420086445,True,
fixed_film__g1__t2,1,2,32,provenance://crystalite/outputs/final report output/mattergen_eval_fixed_film_raw_skip8_view/fixed_film__g1__t2/cifs/sample_00032.cif,True,True,True,True,1.3996695741083205,262.3382799949196,14.574348888606645,18,False,True,True,,,,False,,1.808298574934935,True,
fixed_film__g1__t2,1,2,33,provenance://crystalite/outputs/final report output/mattergen_eval_fixed_film_raw_skip8_view/fixed_film__g1__t2/cifs/sample_00033.cif,True,True,True,True,1.1747868478264665,270.5310797376624,22.5442566448052,12,False,True,True,,,,False,,2.117272097762536,True,
fixed_film__g1__t2,1,2,34,provenance://crystalite/outputs/final report output/mattergen_eval_fixed_film_raw_skip8_view/fixed_film__g1__t2/cifs/sample_00034.cif,True,True,True,True,1.4011441901759998,231.7277761969441,17.825213553611086,13,False,True,True,,,,False,,2.49526126097202,True,
fixed_film__g1__t2,1,2,35,provenance://crystalite/outputs/final report output/mattergen_eval_fixed_film_raw_skip8_view/fixed_film__g1__t2/cifs/sample_00035.cif,True,True,True,True,1.977294052644285,149.88516514899078,21.412166449855825,7,False,True,True,,,,False,,3.1621225167796347,True,
fixed_film__g1__t2,1,2,36,provenance://crystalite/outputs/final report output/mattergen_eval_fixed_film_raw_skip8_view/fixed_film__g1__t2/cifs/sample_00036.cif,True,False,True,False,1.8629711718021933,319.03154483955,17.723974713308333,18,False,True,True,,,,False,,2.169001240595463,True,
fixed_film__g1__t2,1,2,37,provenance://crystalite/outputs/final report output/mattergen_eval_fixed_film_raw_skip8_view/fixed_film__g1__t2/cifs/sample_00037.cif,True,False,True,False,1.5717617335856775,313.87581269077344,19.61723829317334,16,False,True,True,,,,False,,2.192233640959732,True,
fixed_film__g1__t2,1,2,38,provenance://crystalite/outputs/final report output/mattergen_eval_fixed_film_raw_skip8_view/fixed_film__g1__t2/cifs/sample_00038.cif,True,True,True,True,1.5954850889344658,228.3718733740592,19.03098944783827,12,False,True,True,,,,False,,2.4123700902216387,True,
fixed_film__g1__t2,1,2,39,provenance://crystalite/outputs/final report output/mattergen_eval_fixed_film_raw_skip8_view/fixed_film__g1__t2/cifs/sample_00039.cif,True,True,True,True,0.7461842155607055,285.3724451388688,17.8357778211793,16,False,True,True,,,,False,,1.839858582142488,True,
fixed_film__g1__t2,1,2,40,provenance://crystalite/outputs/final report output/mattergen_eval_fixed_film_raw_skip8_view/fixed_film__g1__t2/cifs/sample_00040.cif,True,True,True,True,2.870936505615535,47.83110452157611,23.91555226078805,2,False,True,False,,,,False,,2.048516556320076,True,
fixed_film__g1__t2,1,2,41,provenance://crystalite/outputs/final report output/mattergen_eval_fixed_film_raw_skip8_view/fixed_film__g1__t2/cifs/sample_00041.cif,True,False,True,False,1.545918476094695,145.6204348172369,29.124086963447382,5,False,True,True,,,,False,,1.924866785903711,True,
fixed_film__g1__t2,1,2,43,provenance://crystalite/outputs/final report output/mattergen_eval_fixed_film_raw_skip8_view/fixed_film__g1__t2/cifs/sample_00043.cif,True,True,True,True,1.9258807664943065,165.35898097093553,16.535898097093554,10,False,True,True,,,,False,,4.519207199283837,True,
fixed_film__g1__t2,1,2,44,provenance://crystalite/outputs/final report output/mattergen_eval_fixed_film_raw_skip8_view/fixed_film__g1__t2/cifs/sample_00044.cif,True,True,True,True,1.729058709962423,171.0356734195243,17.10356734195243,10,False,True,True,,,,False,,1.5981944584152952,True,
fixed_film__g1__t2,1,2,45,provenance://crystalite/outputs/final report output/mattergen_eval_fixed_film_raw_skip8_view/fixed_film__g1__t2/cifs/sample_00045.cif,True,True,True,True,2.0408685503600568,128.5878411418766,21.431306856979432,6,False,True,True,,,,False,,2.4053515990812038,True,
fixed_film__g1__t2,1,2,46,provenance://crystalite/outputs/final report output/mattergen_eval_fixed_film_raw_skip8_view/fixed_film__g1__t2/cifs/sample_00046.cif,True,True,True,True,1.6004879290397065,118.22147811015527,10.747407100923208,11,False,True,True,,,,False,,2.865746139793553,True,
fixed_film__g1__t2,1,2,47,provenance://crystalite/outputs/final report output/mattergen_eval_fixed_film_raw_skip8_view/fixed_film__g1__t2/cifs/sample_00047.cif,True,True,True,True,1.4557149525745303,288.9903707124485,24.08253089270404,12,False,True,True,,,,False,,2.1378288872639644,True,
fixed_film__g1__t2,1,2,48,provenance://crystalite/outputs/final report output/mattergen_eval_fixed_film_raw_skip8_view/fixed_film__g1__t2/cifs/sample_00048.cif,True,True,True,True,1.70231438800857,109.20928175942096,13.65116021992762,8,False,True,True,,,,False,,2.360812524866854,True,
fixed_film__g1__t2,1,2,49,provenance://crystalite/outputs/final report output/mattergen_eval_fixed_film_raw_skip8_view/fixed_film__g1__t2/cifs/sample_00049.cif,True,True,True,True,2.037879031463253,132.02444559632707,16.503055699540884,8,False,True,True,,,,False,,2.745663786179622,True,
fixed_film__g1__t2,1,2,50,provenance://crystalite/outputs/final report output/mattergen_eval_fixed_film_raw_skip8_view/fixed_film__g1__t2/cifs/sample_00050.cif,True,False,True,False,1.7231734753045334,278.47996335873273,23.20666361322773,12,False,True,True,,,,False,,1.5225203909942993,True,
fixed_film__g1__t2,1,2,51,provenance://crystalite/outputs/final report output/mattergen_eval_fixed_film_raw_skip8_view/fixed_film__g1__t2/cifs/sample_00051.cif,True,True,True,True,1.8603224509670184,171.1788321015327,19.01987023350363,9,False,True,True,,,,False,,2.6329758936314867,True,
fixed_film__g1__t2,1,2,52,provenance://crystalite/outputs/final report output/mattergen_eval_fixed_film_raw_skip8_view/fixed_film__g1__t2/cifs/sample_00052.cif,True,True,True,True,1.894997930428169,242.11034331506912,22.010031210460827,11,False,True,True,,,,False,,2.3432799622833507,True,
fixed_film__g1__t2,1,2,53,provenance://crystalite/outputs/final report output/mattergen_eval_fixed_film_raw_skip8_view/fixed_film__g1__t2/cifs/sample_00053.cif,True,False,True,False,1.462663755402396,381.8851704176224,21.21584280097902,18,False,True,True,,,,False,,2.039422905907725,True,
fixed_film__g1__t2,1,2,54,provenance://crystalite/outputs/final report output/mattergen_eval_fixed_film_raw_skip8_view/fixed_film__g1__t2/cifs/sample_00054.cif,True,True,True,True,1.7849467015222082,241.5135326616723,13.417418481204017,18,False,True,True,,,,False,,2.393142792697678,True,
fixed_film__g1__t2,1,2,55,provenance://crystalite/outputs/final report output/mattergen_eval_fixed_film_raw_skip8_view/fixed_film__g1__t2/cifs/sample_00055.cif,True,True,True,True,2.0095846722995234,100.17877959694704,8.348231633078921,12,False,True,False,,,,False,,1.4141979661283246,True,
fixed_film__g1__t2,1,2,56,provenance://crystalite/outputs/final report output/mattergen_eval_fixed_film_raw_skip8_view/fixed_film__g1__t2/cifs/sample_00056.cif,True,True,True,True,1.5281275394721554,111.15560075587578,27.788900188968945,4,False,True,True,,,,False,,4.758176377062911,True,
fixed_film__g1__t2,1,2,57,provenance://crystalite/outputs/final report output/mattergen_eval_fixed_film_raw_skip8_view/fixed_film__g1__t2/cifs/sample_00057.cif,True,False,True,False,1.3466295772730958,86.5246770542647,17.30493541085294,5,False,True,True,,,,False,,3.3650737825143544,True,
fixed_film__g1__t2,1,2,58,provenance://crystalite/outputs/final report output/mattergen_eval_fixed_film_raw_skip8_view/fixed_film__g1__t2/cifs/sample_00058.cif,True,False,True,False,1.5740060054279268,439.83839171465394,24.435466206369664,18,False,True,True,,,,False,,2.140263250369472,True,
fixed_film__g1__t2,1,2,59,provenance://crystalite/outputs/final report output/mattergen_eval_fixed_film_raw_skip8_view/fixed_film__g1__t2/cifs/sample_00059.cif,True,False,True,False,2.555879493967602,296.52387754999256,26.956716140908416,11,False,True,True,,,,False,,1.9126862208597024,True,
fixed_film__g1__t2,1,2,60,provenance://crystalite/outputs/final report output/mattergen_eval_fixed_film_raw_skip8_view/fixed_film__g1__t2/cifs/sample_00060.cif,True,False,True,False,2.305954857210778,66.45729100481488,16.61432275120372,4,False,True,True,,,,False,,3.961006631761034,True,
fixed_film__g1__t2,1,2,61,provenance://crystalite/outputs/final report output/mattergen_eval_fixed_film_raw_skip8_view/fixed_film__g1__t2/cifs/sample_00061.cif,True,True,True,True,1.62918954557507,226.53949751300897,16.18139267950064,14,False,True,True,,,,False,,2.412265482454694,True,
fixed_film__g1__t2,1,2,62,provenance://crystalite/outputs/final report output/mattergen_eval_fixed_film_raw_skip8_view/fixed_film__g1__t2/cifs/sample_00062.cif,True,False,True,False,1.317009842517217,204.47333244065945,18.588484767332677,11,False,True,True,,,,False,,2.034801991268925,True,
fixed_film__g1__t2,1,2,63,provenance://crystalite/outputs/final report output/mattergen_eval_fixed_film_raw_skip8_view/fixed_film__g1__t2/cifs/sample_00063.cif,True,False,True,False,1.678168448558086,208.22397392485863,23.135997102762072,9,False,True,True,,,,False,,1.6531815817038031,True,
fixed_film__g1__t2,1,2,64,provenance://crystalite/outputs/final report output/mattergen_eval_fixed_film_raw_skip8_view/fixed_film__g1__t2/cifs/sample_00064.cif,True,False,True,False,1.4900161971525512,102.29956266299163,14.614223237570233,7,False,True,True,,,,False,,2.1618882955744,True,
fixed_film__g1__t2,1,2,65,provenance://crystalite/outputs/final report output/mattergen_eval_fixed_film_raw_skip8_view/fixed_film__g1__t2/cifs/sample_00065.cif,True,False,True,False,1.975133359366931,111.31959408858108,18.55326568143018,6,False,True,True,,,,False,,2.889594381158728,True,
fixed_film__g1__t2,1,2,66,provenance://crystalite/outputs/final report output/mattergen_eval_fixed_film_raw_skip8_view/fixed_film__g1__t2/cifs/sample_00066.cif,True,True,True,True,1.31236331078608,422.3326513523776,21.11663256761888,20,False,True,True,,,,False,,1.7765562723493888,True,
fixed_film__g1__t2,1,2,67,provenance://crystalite/outputs/final report output/mattergen_eval_fixed_film_raw_skip8_view/fixed_film__g1__t2/cifs/sample_00067.cif,True,False,True,False,1.6966150537521232,149.61040285898514,12.467533571582097,12,False,True,True,,,,False,,2.2435771349165545,True,
fixed_film__g1__t2,1,2,68,provenance://crystalite/outputs/final report output/mattergen_eval_fixed_film_raw_skip8_view/fixed_film__g1__t2/cifs/sample_00068.cif,True,True,True,True,1.4433651606326532,116.49602981526488,29.124007453816223,4,False,True,True,,,,False,,2.263891730961296,True,
fixed_film__g1__t2,1,2,69,provenance://crystalite/outputs/final report output/mattergen_eval_fixed_film_raw_skip8_view/fixed_film__g1__t2/cifs/sample_00069.cif,True,True,True,True,0.9763083413198954,320.0795266778636,16.003976333893178,20,False,True,True,,,,False,,2.6294273693104238,True,
fixed_film__g1__t2,1,2,70,provenance://crystalite/outputs/final report output/mattergen_eval_fixed_film_raw_skip8_view/fixed_film__g1__t2/cifs/sample_00070.cif,True,True,True,True,1.5937662341024532,391.0047688569677,21.722487158720423,18,False,True,True,,,,False,,1.9167576451656296,True,
fixed_film__g1__t2,1,2,71,provenance://crystalite/outputs/final report output/mattergen_eval_fixed_film_raw_skip8_view/fixed_film__g1__t2/cifs/sample_00071.cif,True,True,True,True,1.7875954364396338,85.06952605878814,14.178254343131355,6,False,True,False,,,,False,,1.914713446866384,True,
fixed_film__g1__t2,1,2,72,provenance://crystalite/outputs/final report output/mattergen_eval_fixed_film_raw_skip8_view/fixed_film__g1__t2/cifs/sample_00072.cif,True,True,True,True,1.4853182227609525,194.7809175100905,19.47809175100905,10,False,True,True,,,,False,,3.817256800130944,True,
fixed_film__g1__t2,1,2,73,provenance://crystalite/outputs/final report output/mattergen_eval_fixed_film_raw_skip8_view/fixed_film__g1__t2/cifs/sample_00073.cif,True,False,True,False,1.5563146589516956,270.7570467548247,16.922315422176545,16,False,True,True,,,,False,,2.231539845186267,True,
fixed_film__g1__t2,1,2,74,provenance://crystalite/outputs/final report output/mattergen_eval_fixed_film_raw_skip8_view/fixed_film__g1__t2/cifs/sample_00074.cif,True,True,True,True,1.9314500464194693,38.46068107320106,9.615170268300265,4,False,True,True,,,,False,,3.683771826597801,True,
fixed_film__g1__t2,1,2,75,provenance://crystalite/outputs/final report output/mattergen_eval_fixed_film_raw_skip8_view/fixed_film__g1__t2/cifs/sample_00075.cif,True,True,True,True,1.7848860954267045,106.92469181134356,13.365586476417946,8,False,True,True,,,,False,,2.1051823604858453,True,
fixed_film__g1__t2,1,2,78,provenance://crystalite/outputs/final report output/mattergen_eval_fixed_film_raw_skip8_view/fixed_film__g1__t2/cifs/sample_00078.cif,True,True,True,True,1.231241789451498,148.4478384677583,18.555979808469782,8,False,True,True,,,,False,,2.4609345930577446,True,
fixed_film__g1__t2,1,2,79,provenance://crystalite/outputs/final report output/mattergen_eval_fixed_film_raw_skip8_view/fixed_film__g1__t2/cifs/sample_00079.cif,True,False,True,False,1.6065471977043644,300.7059258111464,18.79412036319665,16,False,True,True,,,,False,,1.958081393836412,True,
fixed_film__g1__t2,1,2,80,provenance://crystalite/outputs/final report output/mattergen_eval_fixed_film_raw_skip8_view/fixed_film__g1__t2/cifs/sample_00080.cif,True,True,True,True,1.8355488866474177,165.04574353150974,16.504574353150975,10,False,True,True,,,,False,,1.921130686323348,True,
fixed_film__g1__t2,1,2,81,provenance://crystalite/outputs/final report output/mattergen_eval_fixed_film_raw_skip8_view/fixed_film__g1__t2/cifs/sample_00081.cif,True,False,True,False,1.340188459387355,2062.2050852333277,103.11025426166636,20,False,True,True,,,,False,,1.4802755320692873,True,
fixed_film__g1__t2,1,2,82,provenance://crystalite/outputs/final report output/mattergen_eval_fixed_film_raw_skip8_view/fixed_film__g1__t2/cifs/sample_00082.cif,True,True,True,True,2.7223324381658656,117.29728998191877,19.549548330319794,6,False,True,True,,,,False,,2.6146025195066502,True,
fixed_film__g1__t2,1,2,83,provenance://crystalite/outputs/final report output/mattergen_eval_fixed_film_raw_skip8_view/fixed_film__g1__t2/cifs/sample_00083.cif,True,False,True,False,0.9747484480915756,128.03861955355532,10.669884962796276,12,False,True,True,,,,False,,2.127571106451613,True,
fixed_film__g1__t2,1,2,84,provenance://crystalite/outputs/final report output/mattergen_eval_fixed_film_raw_skip8_view/fixed_film__g1__t2/cifs/sample_00084.cif,True,False,True,False,1.7823711704591367,483.6012999391047,26.86673888550581,18,False,True,True,,,,False,,1.7617387132728863,True,
fixed_film__g1__t2,1,2,85,provenance://crystalite/outputs/final report output/mattergen_eval_fixed_film_raw_skip8_view/fixed_film__g1__t2/cifs/sample_00085.cif,True,True,True,True,1.3186870259406496,162.47090340343738,13.539241950286447,12,False,True,True,,,,False,,3.200505067735469,True,
fixed_film__g1__t2,1,2,86,provenance://crystalite/outputs/final report output/mattergen_eval_fixed_film_raw_skip8_view/fixed_film__g1__t2/cifs/sample_00086.cif,True,False,True,False,1.4226603075786317,291.5968684130387,20.82834774378848,14,False,True,True,,,,False,,2.138644407248178,True,
fixed_film__g1__t2,1,2,87,provenance://crystalite/outputs/final report output/mattergen_eval_fixed_film_raw_skip8_view/fixed_film__g1__t2/cifs/sample_00087.cif,True,True,True,True,1.6333313032887826,162.90100705862443,13.575083921552036,12,False,True,True,,,,False,,3.551863490681908,True,
fixed_film__g1__t2,1,2,88,provenance://crystalite/outputs/final report output/mattergen_eval_fixed_film_raw_skip8_view/fixed_film__g1__t2/cifs/sample_00088.cif,True,False,True,False,1.7715621725080464,347.5229657431161,17.376148287155807,20,False,True,True,,,,False,,2.267602493746649,True,
fixed_film__g1__t2,1,2,89,provenance://crystalite/outputs/final report output/mattergen_eval_fixed_film_raw_skip8_view/fixed_film__g1__t2/cifs/sample_00089.cif,True,False,True,False,2.0491899313009085,245.04293835278096,15.31518364704881,16,False,True,True,,,,False,,2.907671556887538,True,
fixed_film__g1__t2,1,2,90,provenance://crystalite/outputs/final report output/mattergen_eval_fixed_film_raw_skip8_view/fixed_film__g1__t2/cifs/sample_00090.cif,True,True,True,True,1.7186775668806469,240.419320563388,17.172808611670572,14,False,True,True,,,,False,,2.2683658150080888,True,
fixed_film__g1__t2,1,2,91,provenance://crystalite/outputs/final report output/mattergen_eval_fixed_film_raw_skip8_view/fixed_film__g1__t2/cifs/sample_00091.cif,True,True,True,True,2.0001019087039595,36.81470610528696,12.27156870176232,3,False,True,True,,,,False,,4.616107275397767,True,
fixed_film__g1__t2,1,2,92,provenance://crystalite/outputs/final report output/mattergen_eval_fixed_film_raw_skip8_view/fixed_film__g1__t2/cifs/sample_00092.cif,True,True,True,True,1.9320310621132388,70.18794029895903,14.037588059791808,5,False,True,True,,,,False,,7.452047366067483,True,
fixed_film__g1__t2,1,2,93,provenance://crystalite/outputs/final report output/mattergen_eval_fixed_film_raw_skip8_view/fixed_film__g1__t2/cifs/sample_00093.cif,True,False,True,False,1.768113844658135,335.1003604596617,47.87148006566596,7,False,True,True,,,,False,,2.424881895922472,True,
fixed_film__g1__t2,1,2,94,provenance://crystalite/outputs/final report output/mattergen_eval_fixed_film_raw_skip8_view/fixed_film__g1__t2/cifs/sample_00094.cif,True,True,True,True,1.861915282417259,120.709550695585,12.0709550695585,10,False,True,True,,,,False,,2.4295503713459383,True,
fixed_film__g1__t2,1,2,95,provenance://crystalite/outputs/final report output/mattergen_eval_fixed_film_raw_skip8_view/fixed_film__g1__t2/cifs/sample_00095.cif,True,False,True,False,1.508840631008178,204.49833650438137,12.781146031523836,16,False,True,True,,,,False,,1.7564383979467466,True,
fixed_film__g1__t2,1,2,96,provenance://crystalite/outputs/final report output/mattergen_eval_fixed_film_raw_skip8_view/fixed_film__g1__t2/cifs/sample_00096.cif,True,True,True,True,1.72709405830136,73.4844319659941,12.247405327665684,6,False,True,True,,,,False,,5.325433342777225,True,
fixed_film__g1__t2,1,2,97,provenance://crystalite/outputs/final report output/mattergen_eval_fixed_film_raw_skip8_view/fixed_film__g1__t2/cifs/sample_00097.cif,True,False,True,False,1.8649063227667977,397.39403244936346,20.91547539207176,19,False,True,True,,,,False,,2.281835861064085,True,
fixed_film__g1__t2,1,2,98,provenance://crystalite/outputs/final report output/mattergen_eval_fixed_film_raw_skip8_view/fixed_film__g1__t2/cifs/sample_00098.cif,True,True,True,True,1.3880997160871198,374.9402098870613,20.83001166039229,18,False,True,True,,,,False,,1.914080807238928,True,
fixed_film__g1__t2,1,2,99,provenance://crystalite/outputs/final report output/mattergen_eval_fixed_film_raw_skip8_view/fixed_film__g1__t2/cifs/sample_00099.cif,True,False,True,False,1.4608201733905144,397.0906756712045,22.06059309284469,18,False,True,True,,,,False,,1.8517461373295017,True,
fixed_film__g1__t2,1,2,100,provenance://crystalite/outputs/final report output/mattergen_eval_fixed_film_raw_skip8_view/fixed_film__g1__t2/cifs/sample_00100.cif,True,False,True,False,2.4613696526139286,175.58088695834638,25.082983851192346,7,False,True,True,,,,False,,1.83268031294184,True,
fixed_film__g1__t2,1,2,101,provenance://crystalite/outputs/final report output/mattergen_eval_fixed_film_raw_skip8_view/fixed_film__g1__t2/cifs/sample_00101.cif,True,False,True,False,2.2363155273040296,156.31538460452515,19.539423075565644,8,False,True,True,,,,False,,1.8580801028156413,True,
fixed_film__g1__t2,1,2,102,provenance://crystalite/outputs/final report output/mattergen_eval_fixed_film_raw_skip8_view/fixed_film__g1__t2/cifs/sample_00102.cif,True,True,True,True,1.4152854891121494,451.223715768581,37.601976314048414,12,False,True,True,,,,False,,1.89557634389472,True,
fixed_film__g1__t2,1,2,104,provenance://crystalite/outputs/final report output/mattergen_eval_fixed_film_raw_skip8_view/fixed_film__g1__t2/cifs/sample_00104.cif,True,True,True,True,1.4568764366472993,203.32600077435632,16.943833397863028,12,False,True,True,,,,False,,2.3185352163418327,True,
fixed_film__g1__t2,1,2,105,provenance://crystalite/outputs/final report output/mattergen_eval_fixed_film_raw_skip8_view/fixed_film__g1__t2/cifs/sample_00105.cif,True,True,True,True,1.6648425783915437,57.03243362827311,19.01081120942437,3,False,True,True,,,,False,,2.4170795373130187,True,
fixed_film__g1__t2,1,2,106,provenance://crystalite/outputs/final report output/mattergen_eval_fixed_film_raw_skip8_view/fixed_film__g1__t2/cifs/sample_00106.cif,True,True,True,True,2.39145577326337,270.89125513328,19.34937536666285,14,False,True,True,,,,False,,2.8185124855846486,True,
fixed_film__g1__t2,1,2,107,provenance://crystalite/outputs/final report output/mattergen_eval_fixed_film_raw_skip8_view/fixed_film__g1__t2/cifs/sample_00107.cif,True,False,True,False,1.9594074530628425,172.10707637343896,13.23900587487992,13,False,True,True,,,,False,,2.167221514899614,True,
fixed_film__g1__t2,1,2,108,provenance://crystalite/outputs/final report output/mattergen_eval_fixed_film_raw_skip8_view/fixed_film__g1__t2/cifs/sample_00108.cif,True,True,True,True,1.769355597863466,263.19928724581854,21.933273937151544,12,False,True,True,,,,False,,2.673425754072705,True,
fixed_film__g1__t2,1,2,109,provenance://crystalite/outputs/final report output/mattergen_eval_fixed_film_raw_skip8_view/fixed_film__g1__t2/cifs/sample_00109.cif,True,True,True,True,1.769582042053512,244.24501692901904,13.569167607167724,18,False,True,True,,,,False,,2.4500800674828405,True,
fixed_film__g1__t2,1,2,110,provenance://crystalite/outputs/final report output/mattergen_eval_fixed_film_raw_skip8_view/fixed_film__g1__t2/cifs/sample_00110.cif,True,False,True,False,1.405090145748946,235.41554522203432,16.815396087288168,14,False,True,True,,,,False,,1.7085739700001952,True,
fixed_film__g1__t2,1,2,111,provenance://crystalite/outputs/final report output/mattergen_eval_fixed_film_raw_skip8_view/fixed_film__g1__t2/cifs/sample_00111.cif,True,True,True,True,1.81987135977034,95.17527200905556,11.896909001131943,8,False,True,True,,,,False,,2.69104924606989,True,
fixed_film__g1__t2,1,2,112,provenance://crystalite/outputs/final report output/mattergen_eval_fixed_film_raw_skip8_view/fixed_film__g1__t2/cifs/sample_00112.cif,True,False,True,False,1.2726142346686558,61.2785377880444,12.25570755760888,5,False,True,True,,,,False,,2.5614042609607317,True,
fixed_film__g1__t2,1,2,113,provenance://crystalite/outputs/final report output/mattergen_eval_fixed_film_raw_skip8_view/fixed_film__g1__t2/cifs/sample_00113.cif,True,True,True,True,1.8251639199307628,136.24339781736057,17.03042472717007,8,False,True,True,,,,False,,2.4861956868145274,True,
fixed_film__g1__t2,1,2,114,provenance://crystalite/outputs/final report output/mattergen_eval_fixed_film_raw_skip8_view/fixed_film__g1__t2/cifs/sample_00114.cif,True,True,True,True,1.3613533385299073,225.1192728997505,16.079948064267892,14,False,True,True,,,,False,,2.8458987840307324,True,
fixed_film__g1__t2,1,2,115,provenance://crystalite/outputs/final report output/mattergen_eval_fixed_film_raw_skip8_view/fixed_film__g1__t2/cifs/sample_00115.cif,True,True,True,True,1.939927599372224,201.05529275996284,16.754607729996902,12,False,True,True,,,,False,,5.001624029946577,True,
fixed_film__g1__t2,1,2,116,provenance://crystalite/outputs/final report output/mattergen_eval_fixed_film_raw_skip8_view/fixed_film__g1__t2/cifs/sample_00116.cif,True,True,True,True,1.8218531109599216,121.6940031090009,15.211750388625113,8,False,True,True,,,,False,,2.492969890208022,True,
fixed_film__g1__t2,1,2,117,provenance://crystalite/outputs/final report output/mattergen_eval_fixed_film_raw_skip8_view/fixed_film__g1__t2/cifs/sample_00117.cif,True,False,True,False,1.0085680038307838,347.87776189504393,20.463397758532,17,False,True,True,,,,False,,1.552371152999462,True,
fixed_film__g1__t2,1,2,118,provenance://crystalite/outputs/final report output/mattergen_eval_fixed_film_raw_skip8_view/fixed_film__g1__t2/cifs/sample_00118.cif,True,True,True,True,1.17427362644557,461.67410682661045,23.08370534133052,20,False,True,True,,,,False,,2.450128458019016,True,
fixed_film__g1__t2,1,2,119,provenance://crystalite/outputs/final report output/mattergen_eval_fixed_film_raw_skip8_view/fixed_film__g1__t2/cifs/sample_00119.cif,True,False,True,False,1.697700245989442,1444.0749425647373,72.20374712823687,20,False,True,True,,,,False,,1.3479587707777465,True,
fixed_film__g1__t2,1,2,120,provenance://crystalite/outputs/final report output/mattergen_eval_fixed_film_raw_skip8_view/fixed_film__g1__t2/cifs/sample_00120.cif,True,False,True,False,1.4561810276745424,268.96590011484216,13.448295005742107,20,False,True,True,,,,False,,1.988891352827031,True,
fixed_film__g1__t2,1,2,121,provenance://crystalite/outputs/final report output/mattergen_eval_fixed_film_raw_skip8_view/fixed_film__g1__t2/cifs/sample_00121.cif,True,False,True,False,1.810754416419998,298.6406901330021,22.972360779461702,13,False,True,True,,,,False,,2.081797859523601,True,
fixed_film__g1__t2,1,2,122,provenance://crystalite/outputs/final report output/mattergen_eval_fixed_film_raw_skip8_view/fixed_film__g1__t2/cifs/sample_00122.cif,True,False,True,False,1.4420143629555089,269.03784415550024,14.94654689752779,18,False,True,True,,,,False,,2.3794858129179803,True,
fixed_film__g1__t2,1,2,123,provenance://crystalite/outputs/final report output/mattergen_eval_fixed_film_raw_skip8_view/fixed_film__g1__t2/cifs/sample_00123.cif,True,True,True,True,1.3428233535553895,171.46193448692765,17.146193448692763,10,False,True,True,,,,False,,1.69875133463636,True,
fixed_film__g1__t2,1,2,124,provenance://crystalite/outputs/final report output/mattergen_eval_fixed_film_raw_skip8_view/fixed_film__g1__t2/cifs/sample_00124.cif,True,True,True,True,1.5069601982800132,203.724288112582,14.551734865184429,14,False,True,True,,,,False,,4.499287314601902,True,
fixed_film__g1__t2,1,2,125,provenance://crystalite/outputs/final report output/mattergen_eval_fixed_film_raw_skip8_view/fixed_film__g1__t2/cifs/sample_00125.cif,True,False,True,False,1.622796810333082,457.7491222413372,22.887456112066857,20,False,True,True,,,,False,,1.9076573988088597,True,
fixed_film__g1__t2,1,2,126,provenance://crystalite/outputs/final report output/mattergen_eval_fixed_film_raw_skip8_view/fixed_film__g1__t2/cifs/sample_00126.cif,True,False,True,False,1.887662964469228,386.6532704964664,29.742559268958956,13,False,True,True,,,,False,,1.812108328935621,True,
fixed_film__g1__t2,1,2,127,provenance://crystalite/outputs/final report output/mattergen_eval_fixed_film_raw_skip8_view/fixed_film__g1__t2/cifs/sample_00127.cif,True,False,True,False,1.3386716564684709,321.6693367020718,32.16693367020718,10,False,True,True,,,,False,,1.743508972443558,True,
fixed_film__g1__t4,1,4,0,provenance://crystalite/outputs/final report output/mattergen_eval_fixed_film_raw_skip8_view/fixed_film__g1__t4/cifs/sample_00000.cif,True,False,True,False,2.355196569500596,109.46877319506032,27.36719329876508,4,False,True,True,,,,False,,8.764482263595573,True,
fixed_film__g1__t4,1,4,1,provenance://crystalite/outputs/final report output/mattergen_eval_fixed_film_raw_skip8_view/fixed_film__g1__t4/cifs/sample_00001.cif,True,False,True,False,1.2379775082108673,341.6758519805439,17.083792599027195,20,False,True,True,,,,False,,3.5415655883964696,True,
fixed_film__g1__t4,1,4,2,provenance://crystalite/outputs/final report output/mattergen_eval_fixed_film_raw_skip8_view/fixed_film__g1__t4/cifs/sample_00002.cif,True,True,True,True,1.7707556881296345,133.15215103886828,16.644018879858535,8,False,True,True,,,,False,,3.1460485048602984,True,
fixed_film__g1__t4,1,4,3,provenance://crystalite/outputs/final report output/mattergen_eval_fixed_film_raw_skip8_view/fixed_film__g1__t4/cifs/sample_00003.cif,True,True,True,True,1.2330927051575675,188.80222493895312,23.60027811736914,8,False,True,True,,,,False,,1.9774583855200472,True,
fixed_film__g1__t4,1,4,4,provenance://crystalite/outputs/final report output/mattergen_eval_fixed_film_raw_skip8_view/fixed_film__g1__t4/cifs/sample_00004.cif,True,True,True,True,3.346629141447223,58.40699662439054,29.20349831219527,2,False,True,True,,,,False,,3.652818739495148,True,
fixed_film__g1__t4,1,4,5,provenance://crystalite/outputs/final report output/mattergen_eval_fixed_film_raw_skip8_view/fixed_film__g1__t4/cifs/sample_00005.cif,True,True,True,True,1.9093769268054213,248.8265087388584,15.551656796178651,16,False,True,True,,,,False,,5.190565485984906,True,
fixed_film__g1__t4,1,4,6,provenance://crystalite/outputs/final report output/mattergen_eval_fixed_film_raw_skip8_view/fixed_film__g1__t4/cifs/sample_00006.cif,True,False,True,False,1.460978180941778,252.2438932293202,31.530486653665022,8,False,True,True,,,,False,,1.6920563134790785,True,
fixed_film__g1__t4,1,4,7,provenance://crystalite/outputs/final report output/mattergen_eval_fixed_film_raw_skip8_view/fixed_film__g1__t4/cifs/sample_00007.cif,True,False,True,False,1.4117299257045377,186.5088978991463,13.322064135653306,14,False,True,True,,,,False,,3.1017829234228085,True,
fixed_film__g1__t4,1,4,8,provenance://crystalite/outputs/final report output/mattergen_eval_fixed_film_raw_skip8_view/fixed_film__g1__t4/cifs/sample_00008.cif,True,True,True,True,1.3011120912907612,149.7824182637076,12.4818681886423,12,False,True,True,,,,False,,3.668380724638528,True,
fixed_film__g1__t4,1,4,9,provenance://crystalite/outputs/final report output/mattergen_eval_fixed_film_raw_skip8_view/fixed_film__g1__t4/cifs/sample_00009.cif,True,True,True,True,1.434714708873162,93.95243473609368,11.744054342011712,8,False,True,True,,,,False,,5.593662425149744,True,
fixed_film__g1__t4,1,4,10,provenance://crystalite/outputs/final report output/mattergen_eval_fixed_film_raw_skip8_view/fixed_film__g1__t4/cifs/sample_00010.cif,True,True,True,True,0.9993260231307994,190.6659921086662,15.888832675722185,12,False,True,True,,,,False,,3.802244042348463,True,
fixed_film__g1__t4,1,4,11,provenance://crystalite/outputs/final report output/mattergen_eval_fixed_film_raw_skip8_view/fixed_film__g1__t4/cifs/sample_00011.cif,True,True,True,True,1.6912008402162453,253.61694909181745,14.08983050510097,18,False,True,True,,,,False,,3.5875041497621005,True,
fixed_film__g1__t4,1,4,12,provenance://crystalite/outputs/final report output/mattergen_eval_fixed_film_raw_skip8_view/fixed_film__g1__t4/cifs/sample_00012.cif,True,True,True,True,2.04942578006953,438.95010460985753,43.89501046098575,10,False,True,True,,,,False,,3.6252607402657584,True,
fixed_film__g1__t4,1,4,13,provenance://crystalite/outputs/final report output/mattergen_eval_fixed_film_raw_skip8_view/fixed_film__g1__t4/cifs/sample_00013.cif,True,True,True,True,1.6108551434287548,208.67706826907,17.389755689089164,12,False,True,True,,,,False,,2.666224573836765,True,
fixed_film__g1__t4,1,4,14,provenance://crystalite/outputs/final report output/mattergen_eval_fixed_film_raw_skip8_view/fixed_film__g1__t4/cifs/sample_00014.cif,True,True,True,True,1.4942006197341096,179.9394064986921,14.994950541557676,12,False,True,True,,,,False,,2.2783841348548943,True,
fixed_film__g1__t4,1,4,15,provenance://crystalite/outputs/final report output/mattergen_eval_fixed_film_raw_skip8_view/fixed_film__g1__t4/cifs/sample_00015.cif,True,True,True,True,3.148703550099005,94.6303918712131,31.54346395707104,3,False,True,True,,,,False,,15.982394495163122,True,
fixed_film__g1__t4,1,4,16,provenance://crystalite/outputs/final report output/mattergen_eval_fixed_film_raw_skip8_view/fixed_film__g1__t4/cifs/sample_00016.cif,True,False,True,False,0.9804555922695276,182.82949219672807,10.157194010929338,18,False,True,True,,,,False,,2.344115971486342,True,
fixed_film__g1__t4,1,4,17,provenance://crystalite/outputs/final report output/mattergen_eval_fixed_film_raw_skip8_view/fixed_film__g1__t4/cifs/sample_00017.cif,True,True,True,True,1.756478755906897,92.69946465817628,11.587433082272034,8,False,True,True,,,,False,,4.359524509319844,True,
fixed_film__g1__t4,1,4,18,provenance://crystalite/outputs/final report output/mattergen_eval_fixed_film_raw_skip8_view/fixed_film__g1__t4/cifs/sample_00018.cif,True,False,True,False,3.503244205066357,88.3330713751684,44.1665356875842,2,False,True,True,,,,False,,3.868002432894462,True,
fixed_film__g1__t4,1,4,19,provenance://crystalite/outputs/final report output/mattergen_eval_fixed_film_raw_skip8_view/fixed_film__g1__t4/cifs/sample_00019.cif,True,True,True,True,1.9773303916029716,153.20656995501756,15.320656995501755,10,False,True,True,,,,False,,2.935517268404382,True,
fixed_film__g1__t4,1,4,20,provenance://crystalite/outputs/final report output/mattergen_eval_fixed_film_raw_skip8_view/fixed_film__g1__t4/cifs/sample_00020.cif,True,True,True,True,2.209120912958593,86.77123251544067,17.354246503088135,5,False,True,True,,,,False,,7.925752893216323,True,
fixed_film__g1__t4,1,4,21,provenance://crystalite/outputs/final report output/mattergen_eval_fixed_film_raw_skip8_view/fixed_film__g1__t4/cifs/sample_00021.cif,True,True,True,True,1.6598817126788312,297.92132259538414,14.896066129769206,20,False,True,True,,,,False,,3.268706979149124,True,
fixed_film__g1__t4,1,4,22,provenance://crystalite/outputs/final report output/mattergen_eval_fixed_film_raw_skip8_view/fixed_film__g1__t4/cifs/sample_00022.cif,True,True,True,True,1.4933079207939108,164.51074451925192,11.750767465660852,14,False,True,True,,,,False,,2.5959510680771,True,
fixed_film__g1__t4,1,4,23,provenance://crystalite/outputs/final report output/mattergen_eval_fixed_film_raw_skip8_view/fixed_film__g1__t4/cifs/sample_00023.cif,True,True,True,True,1.579523170225508,120.30460525265092,13.367178361405658,9,False,True,True,,,,False,,3.547108312746557,True,
fixed_film__g1__t4,1,4,24,provenance://crystalite/outputs/final report output/mattergen_eval_fixed_film_raw_skip8_view/fixed_film__g1__t4/cifs/sample_00024.cif,True,True,True,True,1.7556982390508828,342.23292041242405,34.2232920412424,10,False,True,True,,,,False,,6.019367952111825,True,
fixed_film__g1__t4,1,4,25,provenance://crystalite/outputs/final report output/mattergen_eval_fixed_film_raw_skip8_view/fixed_film__g1__t4/cifs/sample_00025.cif,True,False,True,False,2.6998675033574893,391.37626220961903,24.46101638810119,16,False,True,True,,,,False,,1.974149524406396,True,
fixed_film__g1__t4,1,4,26,provenance://crystalite/outputs/final report output/mattergen_eval_fixed_film_raw_skip8_view/fixed_film__g1__t4/cifs/sample_00026.cif,True,True,True,True,1.4347568231866488,600.1414762052822,30.00707381026411,20,False,True,True,,,,False,,1.8340910714186016,True,
fixed_film__g1__t4,1,4,27,provenance://crystalite/outputs/final report output/mattergen_eval_fixed_film_raw_skip8_view/fixed_film__g1__t4/cifs/sample_00027.cif,True,True,True,True,2.571745675549167,288.2514583142116,36.031432289276445,8,False,True,True,,,,False,,7.679699074796286,True,
fixed_film__g1__t4,1,4,28,provenance://crystalite/outputs/final report output/mattergen_eval_fixed_film_raw_skip8_view/fixed_film__g1__t4/cifs/sample_00028.cif,True,False,True,False,1.4507624988408716,243.69398443277197,15.230874027048246,16,False,True,True,,,,False,,3.331111298988694,True,
fixed_film__g1__t4,1,4,29,provenance://crystalite/outputs/final report output/mattergen_eval_fixed_film_raw_skip8_view/fixed_film__g1__t4/cifs/sample_00029.cif,True,True,True,True,1.875089876139021,141.20981688873326,8.825613555545829,16,False,True,True,,,,False,,6.435536846273568,True,
fixed_film__g1__t4,1,4,30,provenance://crystalite/outputs/final report output/mattergen_eval_fixed_film_raw_skip8_view/fixed_film__g1__t4/cifs/sample_00030.cif,True,True,True,True,0.9908895642019796,275.775527197409,17.235970449838064,16,False,True,True,,,,False,,2.2982877576456406,True,
fixed_film__g1__t4,1,4,31,provenance://crystalite/outputs/final report output/mattergen_eval_fixed_film_raw_skip8_view/fixed_film__g1__t4/cifs/sample_00031.cif,True,True,True,True,1.9624059639356084,74.15981005549908,14.831962011099815,5,False,True,True,,,,False,,6.766665935420671,True,
fixed_film__g1__t4,1,4,32,provenance://crystalite/outputs/final report output/mattergen_eval_fixed_film_raw_skip8_view/fixed_film__g1__t4/cifs/sample_00032.cif,True,True,True,True,1.2816593364254052,303.07624379800694,16.837569099889276,18,False,True,True,,,,False,,3.440977127667013,True,
fixed_film__g1__t4,1,4,33,provenance://crystalite/outputs/final report output/mattergen_eval_fixed_film_raw_skip8_view/fixed_film__g1__t4/cifs/sample_00033.cif,True,True,True,True,1.263651947974003,237.83984449333445,19.819987041111204,12,False,True,True,,,,False,,2.604626813370306,True,
fixed_film__g1__t4,1,4,34,provenance://crystalite/outputs/final report output/mattergen_eval_fixed_film_raw_skip8_view/fixed_film__g1__t4/cifs/sample_00034.cif,True,True,True,True,1.2901212499904522,255.82221376884465,19.678631828372662,13,False,True,True,,,,False,,3.147802646040874,True,
fixed_film__g1__t4,1,4,35,provenance://crystalite/outputs/final report output/mattergen_eval_fixed_film_raw_skip8_view/fixed_film__g1__t4/cifs/sample_00035.cif,True,True,True,True,1.483570499533328,83.40742518620618,11.915346455172312,7,False,True,True,,,,False,,4.337853504028421,True,
fixed_film__g1__t4,1,4,36,provenance://crystalite/outputs/final report output/mattergen_eval_fixed_film_raw_skip8_view/fixed_film__g1__t4/cifs/sample_00036.cif,True,True,True,True,2.037336548069684,258.28712642166226,14.34928480120346,18,False,True,True,,,,False,,5.039164888708542,True,
fixed_film__g1__t4,1,4,37,provenance://crystalite/outputs/final report output/mattergen_eval_fixed_film_raw_skip8_view/fixed_film__g1__t4/cifs/sample_00037.cif,True,True,True,True,1.5152628509367214,237.07474429450536,14.817171518406584,16,False,True,True,,,,False,,4.0752344174187245,True,
fixed_film__g1__t4,1,4,38,provenance://crystalite/outputs/final report output/mattergen_eval_fixed_film_raw_skip8_view/fixed_film__g1__t4/cifs/sample_00038.cif,True,True,True,True,1.6257139732200914,188.3773871181787,15.698115593181557,12,False,True,True,,,,False,,3.25294836442963,True,
fixed_film__g1__t4,1,4,39,provenance://crystalite/outputs/final report output/mattergen_eval_fixed_film_raw_skip8_view/fixed_film__g1__t4/cifs/sample_00039.cif,True,True,True,True,0.9770835994320428,251.27034859160665,15.704396786975414,16,False,True,True,,,,False,,2.695418820220536,True,
fixed_film__g1__t4,1,4,40,provenance://crystalite/outputs/final report output/mattergen_eval_fixed_film_raw_skip8_view/fixed_film__g1__t4/cifs/sample_00040.cif,True,True,True,True,2.873364503913808,47.832508340371646,23.916254170185823,2,False,True,False,,,,False,,2.0821503761822133,True,
fixed_film__g1__t4,1,4,41,provenance://crystalite/outputs/final report output/mattergen_eval_fixed_film_raw_skip8_view/fixed_film__g1__t4/cifs/sample_00041.cif,True,False,True,False,2.42420489424694,117.71512954664118,23.54302590932824,5,False,True,True,,,,False,,3.6965118186385895,True,
fixed_film__g1__t4,1,4,42,provenance://crystalite/outputs/final report output/mattergen_eval_fixed_film_raw_skip8_view/fixed_film__g1__t4/cifs/sample_00042.cif,True,True,True,True,1.753216462236226,191.24305402600083,11.952690876625052,16,False,True,True,,,,False,,3.0877582650501645,True,
fixed_film__g1__t4,1,4,43,provenance://crystalite/outputs/final report output/mattergen_eval_fixed_film_raw_skip8_view/fixed_film__g1__t4/cifs/sample_00043.cif,True,False,True,False,1.6321658935866108,127.32051653604144,12.732051653604143,10,False,True,True,,,,False,,4.979627843945123,True,
fixed_film__g1__t4,1,4,44,provenance://crystalite/outputs/final report output/mattergen_eval_fixed_film_raw_skip8_view/fixed_film__g1__t4/cifs/sample_00044.cif,True,True,True,True,1.9937348200305656,112.953809737707,11.2953809737707,10,False,True,True,,,,False,,4.758012824910041,True,
fixed_film__g1__t4,1,4,45,provenance://crystalite/outputs/final report output/mattergen_eval_fixed_film_raw_skip8_view/fixed_film__g1__t4/cifs/sample_00045.cif,True,False,True,False,1.20504056241736,85.2600736462137,14.21001227436895,6,False,True,True,,,,False,,4.937665636415463,True,
fixed_film__g1__t4,1,4,46,provenance://crystalite/outputs/final report output/mattergen_eval_fixed_film_raw_skip8_view/fixed_film__g1__t4/cifs/sample_00046.cif,True,True,True,True,1.5162700758365328,126.1523729962726,11.46839754511569,11,False,True,True,,,,False,,3.039344823716084,True,
fixed_film__g1__t4,1,4,47,provenance://crystalite/outputs/final report output/mattergen_eval_fixed_film_raw_skip8_view/fixed_film__g1__t4/cifs/sample_00047.cif,True,True,True,True,0.9964981473582628,156.24787519730117,13.020656266441764,12,False,True,True,,,,False,,2.2610573611277185,True,
fixed_film__g1__t4,1,4,48,provenance://crystalite/outputs/final report output/mattergen_eval_fixed_film_raw_skip8_view/fixed_film__g1__t4/cifs/sample_00048.cif,True,True,True,True,2.2030055040411525,128.84890707078438,16.106113383848047,8,False,True,True,,,,False,,4.977286446111297,True,
fixed_film__g1__t4,1,4,49,provenance://crystalite/outputs/final report output/mattergen_eval_fixed_film_raw_skip8_view/fixed_film__g1__t4/cifs/sample_00049.cif,True,True,True,True,2.291662604606103,244.359351524608,30.544918940576,8,False,True,True,,,,False,,5.714914019220554,True,
fixed_film__g1__t4,1,4,50,provenance://crystalite/outputs/final report output/mattergen_eval_fixed_film_raw_skip8_view/fixed_film__g1__t4/cifs/sample_00050.cif,True,True,True,True,1.357978911420077,134.6051920359572,11.217099336329769,12,False,True,True,,,,False,,3.4216303158701518,True,
fixed_film__g1__t4,1,4,51,provenance://crystalite/outputs/final report output/mattergen_eval_fixed_film_raw_skip8_view/fixed_film__g1__t4/cifs/sample_00051.cif,True,True,True,True,1.8631331270450928,160.1604351007083,17.7956039000787,9,False,True,True,,,,False,,13.52756337816357,True,
fixed_film__g1__t4,1,4,52,provenance://crystalite/outputs/final report output/mattergen_eval_fixed_film_raw_skip8_view/fixed_film__g1__t4/cifs/sample_00052.cif,True,False,True,False,1.70187617639591,164.94922014898518,14.995383649907744,11,False,True,True,,,,False,,2.4881028784027834,True,
fixed_film__g1__t4,1,4,53,provenance://crystalite/outputs/final report output/mattergen_eval_fixed_film_raw_skip8_view/fixed_film__g1__t4/cifs/sample_00053.cif,True,True,True,True,1.2683023235528588,505.8262275674895,28.10145708708275,18,False,True,True,,,,False,,2.043203382186277,True,
fixed_film__g1__t4,1,4,54,provenance://crystalite/outputs/final report output/mattergen_eval_fixed_film_raw_skip8_view/fixed_film__g1__t4/cifs/sample_00054.cif,True,True,True,True,1.7981204624256313,184.57018257871607,10.253899032150892,18,False,True,True,,,,False,,4.798546050829142,True,
fixed_film__g1__t4,1,4,55,provenance://crystalite/outputs/final report output/mattergen_eval_fixed_film_raw_skip8_view/fixed_film__g1__t4/cifs/sample_00055.cif,True,True,True,True,3.292738419881444,439.6876622006083,36.64063851671736,12,False,True,True,,,,False,,3.4701925203578097,True,
fixed_film__g1__t4,1,4,56,provenance://crystalite/outputs/final report output/mattergen_eval_fixed_film_raw_skip8_view/fixed_film__g1__t4/cifs/sample_00056.cif,True,True,True,True,2.47293818382718,110.5950652962866,27.648766324071648,4,False,True,True,,,,False,,7.234717816656873,True,
fixed_film__g1__t4,1,4,57,provenance://crystalite/outputs/final report output/mattergen_eval_fixed_film_raw_skip8_view/fixed_film__g1__t4/cifs/sample_00057.cif,True,True,True,True,1.9758269503415264,82.34081865478059,16.468163730956118,5,False,True,True,,,,False,,13.411174125275393,True,
fixed_film__g1__t4,1,4,58,provenance://crystalite/outputs/final report output/mattergen_eval_fixed_film_raw_skip8_view/fixed_film__g1__t4/cifs/sample_00058.cif,True,True,True,True,1.2614925052449826,338.341418742492,18.796745485694,18,False,True,True,,,,False,,2.604356233197125,True,
fixed_film__g1__t4,1,4,59,provenance://crystalite/outputs/final report output/mattergen_eval_fixed_film_raw_skip8_view/fixed_film__g1__t4/cifs/sample_00059.cif,True,False,True,False,0.9779886673661572,249.23170942100623,22.657428129182385,11,False,True,True,,,,False,,2.901563733070178,True,
fixed_film__g1__t4,1,4,60,provenance://crystalite/outputs/final report output/mattergen_eval_fixed_film_raw_skip8_view/fixed_film__g1__t4/cifs/sample_00060.cif,True,True,True,True,2.253925448989452,60.35819600594753,15.089549001486883,4,False,True,False,,,,False,,3.9535497635360777,True,
fixed_film__g1__t4,1,4,61,provenance://crystalite/outputs/final report output/mattergen_eval_fixed_film_raw_skip8_view/fixed_film__g1__t4/cifs/sample_00061.cif,True,True,True,True,1.9491686032412987,511.01487503027965,36.50106250216283,14,False,True,True,,,,False,,3.533312145270441,True,
fixed_film__g1__t4,1,4,62,provenance://crystalite/outputs/final report output/mattergen_eval_fixed_film_raw_skip8_view/fixed_film__g1__t4/cifs/sample_00062.cif,True,True,True,True,1.5345690183682776,138.2626477214323,12.5693316110393,11,False,True,True,,,,False,,3.3410021207722806,True,
fixed_film__g1__t4,1,4,63,provenance://crystalite/outputs/final report output/mattergen_eval_fixed_film_raw_skip8_view/fixed_film__g1__t4/cifs/sample_00063.cif,True,True,True,True,2.0384659815051136,134.71878624213502,14.968754026903891,9,False,True,True,,,,False,,3.631038995610701,True,
fixed_film__g1__t4,1,4,64,provenance://crystalite/outputs/final report output/mattergen_eval_fixed_film_raw_skip8_view/fixed_film__g1__t4/cifs/sample_00064.cif,True,True,True,True,1.773380384424557,85.90673097066458,12.272390138666369,7,False,True,True,,,,False,,3.7188784574204,True,
fixed_film__g1__t4,1,4,65,provenance://crystalite/outputs/final report output/mattergen_eval_fixed_film_raw_skip8_view/fixed_film__g1__t4/cifs/sample_00065.cif,True,True,True,True,1.785097891299343,82.37009440160668,13.728349066934449,6,False,True,True,,,,False,,3.872122798280849,True,
fixed_film__g1__t4,1,4,66,provenance://crystalite/outputs/final report output/mattergen_eval_fixed_film_raw_skip8_view/fixed_film__g1__t4/cifs/sample_00066.cif,True,False,True,False,1.3002230544661413,330.91175254432216,16.545587627216108,20,False,True,True,,,,False,,2.3582829184492504,True,
fixed_film__g1__t4,1,4,67,provenance://crystalite/outputs/final report output/mattergen_eval_fixed_film_raw_skip8_view/fixed_film__g1__t4/cifs/sample_00067.cif,True,False,True,False,1.6180344311255177,256.1486619573824,21.345721829781866,12,False,True,True,,,,False,,1.2573005262600816,True,
fixed_film__g1__t4,1,4,68,provenance://crystalite/outputs/final report output/mattergen_eval_fixed_film_raw_skip8_view/fixed_film__g1__t4/cifs/sample_00068.cif,True,True,True,True,2.442138159492856,89.99480936791596,22.49870234197899,4,False,True,True,,,,False,,6.880098317165447,True,
fixed_film__g1__t4,1,4,69,provenance://crystalite/outputs/final report output/mattergen_eval_fixed_film_raw_skip8_view/fixed_film__g1__t4/cifs/sample_00069.cif,True,True,True,True,1.4708369232077927,292.16693778926555,14.608346889463276,20,False,True,True,,,,False,,2.4702112763968302,True,
fixed_film__g1__t4,1,4,70,provenance://crystalite/outputs/final report output/mattergen_eval_fixed_film_raw_skip8_view/fixed_film__g1__t4/cifs/sample_00070.cif,True,False,True,False,1.623923876051244,234.80570982596228,13.044761656997904,18,False,True,True,,,,False,,3.495648957717663,True,
fixed_film__g1__t4,1,4,71,provenance://crystalite/outputs/final report output/mattergen_eval_fixed_film_raw_skip8_view/fixed_film__g1__t4/cifs/sample_00071.cif,True,True,True,True,1.1979945388985072,118.0419387396509,19.673656456608484,6,False,True,True,,,,False,,2.15763112645279,True,
fixed_film__g1__t4,1,4,72,provenance://crystalite/outputs/final report output/mattergen_eval_fixed_film_raw_skip8_view/fixed_film__g1__t4/cifs/sample_00072.cif,True,True,True,True,1.2721210999267163,183.78044910597524,18.378044910597524,10,False,True,True,,,,False,,2.283528841473227,True,
fixed_film__g1__t4,1,4,73,provenance://crystalite/outputs/final report output/mattergen_eval_fixed_film_raw_skip8_view/fixed_film__g1__t4/cifs/sample_00073.cif,True,False,True,False,1.814140958967584,214.44021433572863,13.40251339598304,16,False,True,True,,,,False,,4.11743797879761,True,
fixed_film__g1__t4,1,4,74,provenance://crystalite/outputs/final report output/mattergen_eval_fixed_film_raw_skip8_view/fixed_film__g1__t4/cifs/sample_00074.cif,True,True,True,True,1.6510226318497665,27.955957435170586,6.9889893587926455,4,False,True,True,,,,False,,3.1149790488559788,True,
fixed_film__g1__t4,1,4,75,provenance://crystalite/outputs/final report output/mattergen_eval_fixed_film_raw_skip8_view/fixed_film__g1__t4/cifs/sample_00075.cif,True,True,True,True,2.0476401334589216,138.7919731929103,17.348996649113786,8,False,True,False,,,,False,,2.112279298138945,True,
fixed_film__g1__t4,1,4,76,provenance://crystalite/outputs/final report output/mattergen_eval_fixed_film_raw_skip8_view/fixed_film__g1__t4/cifs/sample_00076.cif,True,False,True,False,3.3244542129491195,57.47094528444464,28.73547264222232,2,False,True,True,,,,False,,7.725959813158316,True,
fixed_film__g1__t4,1,4,77,provenance://crystalite/outputs/final report output/mattergen_eval_fixed_film_raw_skip8_view/fixed_film__g1__t4/cifs/sample_00077.cif,True,True,True,True,1.995949694351686,153.08329435168352,17.009254927964836,9,False,True,True,,,,False,,6.579466516067748,True,
fixed_film__g1__t4,1,4,78,provenance://crystalite/outputs/final report output/mattergen_eval_fixed_film_raw_skip8_view/fixed_film__g1__t4/cifs/sample_00078.cif,True,False,True,False,1.461560526585383,87.29064952601499,10.911331190751874,8,False,True,True,,,,False,,10.449036379214215,True,
fixed_film__g1__t4,1,4,79,provenance://crystalite/outputs/final report output/mattergen_eval_fixed_film_raw_skip8_view/fixed_film__g1__t4/cifs/sample_00079.cif,True,False,True,False,0.9769894803188376,142.77297107832848,8.92331069239553,16,False,True,True,,,,False,,2.956098632127509,True,
fixed_film__g1__t4,1,4,80,provenance://crystalite/outputs/final report output/mattergen_eval_fixed_film_raw_skip8_view/fixed_film__g1__t4/cifs/sample_00080.cif,True,True,True,True,1.5949076624194578,206.84410589415836,20.684410589415837,10,False,True,True,,,,False,,1.6488910091518447,True,
fixed_film__g1__t4,1,4,81,provenance://crystalite/outputs/final report output/mattergen_eval_fixed_film_raw_skip8_view/fixed_film__g1__t4/cifs/sample_00081.cif,True,True,True,True,1.3407972238612966,280.68586188809496,14.034293094404749,20,False,True,True,,,,False,,3.830146915056865,True,
fixed_film__g1__t4,1,4,82,provenance://crystalite/outputs/final report output/mattergen_eval_fixed_film_raw_skip8_view/fixed_film__g1__t4/cifs/sample_00082.cif,True,True,True,True,1.7086553163734126,98.74704915163936,16.457841525273228,6,False,True,True,,,,False,,2.935120872417832,True,
fixed_film__g1__t4,1,4,83,provenance://crystalite/outputs/final report output/mattergen_eval_fixed_film_raw_skip8_view/fixed_film__g1__t4/cifs/sample_00083.cif,True,False,True,False,0.9736161155258892,129.5667929773173,10.797232748109776,12,False,True,True,,,,False,,2.0915598841578213,True,
fixed_film__g1__t4,1,4,84,provenance://crystalite/outputs/final report output/mattergen_eval_fixed_film_raw_skip8_view/fixed_film__g1__t4/cifs/sample_00084.cif,True,False,True,False,3.036288952809069,838.4104033947093,46.578355744150514,18,False,True,True,,,,False,,3.8326689998731314,True,
fixed_film__g1__t4,1,4,85,provenance://crystalite/outputs/final report output/mattergen_eval_fixed_film_raw_skip8_view/fixed_film__g1__t4/cifs/sample_00085.cif,True,True,True,True,1.214437466156156,290.56312032046105,24.21359336003842,12,False,True,True,,,,False,,2.3005481227953566,True,
fixed_film__g1__t4,1,4,86,provenance://crystalite/outputs/final report output/mattergen_eval_fixed_film_raw_skip8_view/fixed_film__g1__t4/cifs/sample_00086.cif,True,True,True,True,1.535919273480937,166.97613308884738,11.926866649203385,14,False,True,True,,,,False,,2.724941274794896,True,
fixed_film__g1__t4,1,4,87,provenance://crystalite/outputs/final report output/mattergen_eval_fixed_film_raw_skip8_view/fixed_film__g1__t4/cifs/sample_00087.cif,True,True,True,True,1.4483460865728184,186.3343136025468,15.5278594668789,12,False,True,True,,,,False,,3.195674931941749,True,
fixed_film__g1__t4,1,4,88,provenance://crystalite/outputs/final report output/mattergen_eval_fixed_film_raw_skip8_view/fixed_film__g1__t4/cifs/sample_00088.cif,True,True,True,True,1.663143810065817,384.0245094609642,19.20122547304821,20,False,True,True,,,,False,,3.305193797214827,True,
fixed_film__g1__t4,1,4,89,provenance://crystalite/outputs/final report output/mattergen_eval_fixed_film_raw_skip8_view/fixed_film__g1__t4/cifs/sample_00089.cif,True,True,True,True,1.234470856689265,519.5330146118403,32.470813413240016,16,False,True,True,,,,False,,3.2884969102919395,True,
fixed_film__g1__t4,1,4,90,provenance://crystalite/outputs/final report output/mattergen_eval_fixed_film_raw_skip8_view/fixed_film__g1__t4/cifs/sample_00090.cif,True,True,True,True,1.6523977310299152,205.42375551856716,14.673125394183367,14,False,True,True,,,,False,,3.336779876006458,True,
fixed_film__g1__t4,1,4,91,provenance://crystalite/outputs/final report output/mattergen_eval_fixed_film_raw_skip8_view/fixed_film__g1__t4/cifs/sample_00091.cif,True,True,True,True,2.562776569256307,79.4569367604594,26.4856455868198,3,False,True,True,,,,False,,12.31871536197041,True,
fixed_film__g1__t4,1,4,92,provenance://crystalite/outputs/final report output/mattergen_eval_fixed_film_raw_skip8_view/fixed_film__g1__t4/cifs/sample_00092.cif,True,False,True,False,2.482877325795141,97.119562987179,19.4239125974358,5,False,True,True,,,,False,,8.533234966880377,True,
fixed_film__g1__t4,1,4,93,provenance://crystalite/outputs/final report output/mattergen_eval_fixed_film_raw_skip8_view/fixed_film__g1__t4/cifs/sample_00093.cif,True,False,True,False,2.348867050035216,253.89473325305656,36.27067617900808,7,False,True,True,,,,False,,6.48231477281621,True,
fixed_film__g1__t4,1,4,94,provenance://crystalite/outputs/final report output/mattergen_eval_fixed_film_raw_skip8_view/fixed_film__g1__t4/cifs/sample_00094.cif,True,True,True,True,1.2676740418151984,108.10531574678684,10.810531574678684,10,False,True,True,,,,False,,5.190120514399143,True,
fixed_film__g1__t4,1,4,95,provenance://crystalite/outputs/final report output/mattergen_eval_fixed_film_raw_skip8_view/fixed_film__g1__t4/cifs/sample_00095.cif,True,False,True,False,1.801326871588553,193.1491785368204,12.071823658551276,16,False,True,True,,,,False,,2.985259196370736,True,
fixed_film__g1__t4,1,4,96,provenance://crystalite/outputs/final report output/mattergen_eval_fixed_film_raw_skip8_view/fixed_film__g1__t4/cifs/sample_00096.cif,True,True,True,True,1.503820194750623,92.74800892138585,15.458001486897642,6,False,True,True,,,,False,,4.325636517865473,True,
fixed_film__g1__t4,1,4,97,provenance://crystalite/outputs/final report output/mattergen_eval_fixed_film_raw_skip8_view/fixed_film__g1__t4/cifs/sample_00097.cif,True,True,True,True,1.893004820720085,281.43974685618645,14.81261825558876,19,False,True,True,,,,False,,4.047712877968901,True,
fixed_film__g1__t4,1,4,98,provenance://crystalite/outputs/final report output/mattergen_eval_fixed_film_raw_skip8_view/fixed_film__g1__t4/cifs/sample_00098.cif,True,True,True,True,0.9885224615796796,186.62628869846532,10.36812714991474,18,False,True,True,,,,False,,3.7763084847104937,True,
fixed_film__g1__t4,1,4,99,provenance://crystalite/outputs/final report output/mattergen_eval_fixed_film_raw_skip8_view/fixed_film__g1__t4/cifs/sample_00099.cif,True,True,True,True,1.3954364899904117,397.9952818972972,22.110848994294287,18,False,True,True,,,,False,,2.0173107325866244,True,
fixed_film__g1__t4,1,4,100,provenance://crystalite/outputs/final report output/mattergen_eval_fixed_film_raw_skip8_view/fixed_film__g1__t4/cifs/sample_00100.cif,True,False,True,False,1.530294728367924,176.46487981165728,25.20926854452247,7,False,True,True,,,,False,,2.578705065726379,True,
fixed_film__g1__t4,1,4,101,provenance://crystalite/outputs/final report output/mattergen_eval_fixed_film_raw_skip8_view/fixed_film__g1__t4/cifs/sample_00101.cif,True,True,True,True,1.8553146882651383,91.65752973016733,11.457191216270914,8,False,True,True,,,,False,,9.918171187912312,True,
fixed_film__g1__t4,1,4,102,provenance://crystalite/outputs/final report output/mattergen_eval_fixed_film_raw_skip8_view/fixed_film__g1__t4/cifs/sample_00102.cif,True,True,True,True,1.2576769075946967,232.81175814418012,19.400979845348346,12,False,True,True,,,,False,,2.198118769390067,True,
fixed_film__g1__t4,1,4,103,provenance://crystalite/outputs/final report output/mattergen_eval_fixed_film_raw_skip8_view/fixed_film__g1__t4/cifs/sample_00103.cif,True,True,True,True,1.690305950586397,257.2822065169264,12.86411032584632,20,False,True,True,,,,False,,4.566029392464741,True,
fixed_film__g1__t4,1,4,104,provenance://crystalite/outputs/final report output/mattergen_eval_fixed_film_raw_skip8_view/fixed_film__g1__t4/cifs/sample_00104.cif,True,True,True,True,1.4182269961960263,211.79162950283788,17.649302458569824,12,False,True,True,,,,False,,2.5970143183955523,True,
fixed_film__g1__t4,1,4,106,provenance://crystalite/outputs/final report output/mattergen_eval_fixed_film_raw_skip8_view/fixed_film__g1__t4/cifs/sample_00106.cif,True,False,True,False,2.403706419863529,271.1719151477862,19.36942251055616,14,False,True,True,,,,False,,4.971293858653497,True,
fixed_film__g1__t4,1,4,107,provenance://crystalite/outputs/final report output/mattergen_eval_fixed_film_raw_skip8_view/fixed_film__g1__t4/cifs/sample_00107.cif,True,False,True,False,2.749310424490716,366.43087051747824,28.18699003980602,13,False,True,True,,,,False,,3.4514538849034104,True,
fixed_film__g1__t4,1,4,108,provenance://crystalite/outputs/final report output/mattergen_eval_fixed_film_raw_skip8_view/fixed_film__g1__t4/cifs/sample_00108.cif,True,True,True,True,2.095029071283056,154.90933178098362,12.909110981748634,12,False,True,True,,,,False,,2.8473071711280062,True,
fixed_film__g1__t4,1,4,109,provenance://crystalite/outputs/final report output/mattergen_eval_fixed_film_raw_skip8_view/fixed_film__g1__t4/cifs/sample_00109.cif,True,True,True,True,1.9460909183196564,223.6857633269011,12.426986851494506,18,False,True,True,,,,False,,6.180762298157833,True,
fixed_film__g1__t4,1,4,110,provenance://crystalite/outputs/final report output/mattergen_eval_fixed_film_raw_skip8_view/fixed_film__g1__t4/cifs/sample_00110.cif,True,True,True,True,1.8888771551799133,165.35695957661963,11.811211398329974,14,False,True,True,,,,False,,4.8295202612613055,True,
fixed_film__g1__t4,1,4,111,provenance://crystalite/outputs/final report output/mattergen_eval_fixed_film_raw_skip8_view/fixed_film__g1__t4/cifs/sample_00111.cif,True,True,True,True,0.9818615877679876,72.89733664710761,9.112167080888453,8,False,True,True,,,,False,,5.659742663407383,True,
fixed_film__g1__t4,1,4,112,provenance://crystalite/outputs/final report output/mattergen_eval_fixed_film_raw_skip8_view/fixed_film__g1__t4/cifs/sample_00112.cif,True,False,True,False,1.8988005498381555,68.44339575948297,13.688679151896594,5,False,True,True,,,,False,,4.767459713621004,True,
fixed_film__g1__t4,1,4,113,provenance://crystalite/outputs/final report output/mattergen_eval_fixed_film_raw_skip8_view/fixed_film__g1__t4/cifs/sample_00113.cif,True,True,True,True,1.6490556955092153,152.37356446183728,19.04669555772966,8,False,True,True,,,,False,,2.904645265209286,True,
fixed_film__g1__t4,1,4,114,provenance://crystalite/outputs/final report output/mattergen_eval_fixed_film_raw_skip8_view/fixed_film__g1__t4/cifs/sample_00114.cif,True,True,True,True,2.028802334512924,210.8194821382617,15.058534438447264,14,False,True,True,,,,False,,4.4229018022059385,True,
fixed_film__g1__t4,1,4,115,provenance://crystalite/outputs/final report output/mattergen_eval_fixed_film_raw_skip8_view/fixed_film__g1__t4/cifs/sample_00115.cif,True,False,True,False,2.5662173408769524,294.96910877904185,24.580759064920155,12,False,True,True,,,,False,,11.0237544349782,True,
fixed_film__g1__t4,1,4,116,provenance://crystalite/outputs/final report output/mattergen_eval_fixed_film_raw_skip8_view/fixed_film__g1__t4/cifs/sample_00116.cif,True,True,True,True,1.2563489366908047,174.84095276233114,21.855119095291396,8,False,True,True,,,,False,,2.80116504910288,True,
fixed_film__g1__t4,1,4,117,provenance://crystalite/outputs/final report output/mattergen_eval_fixed_film_raw_skip8_view/fixed_film__g1__t4/cifs/sample_00117.cif,True,False,True,False,1.648958769749348,988.429300020942,58.14290000123188,17,False,True,True,,,,False,,3.642010855056704,True,
fixed_film__g1__t4,1,4,118,provenance://crystalite/outputs/final report output/mattergen_eval_fixed_film_raw_skip8_view/fixed_film__g1__t4/cifs/sample_00118.cif,True,True,True,True,2.064290415800416,250.3611160756872,12.51805580378436,20,False,True,True,,,,False,,6.243653971200884,True,
fixed_film__g1__t4,1,4,119,provenance://crystalite/outputs/final report output/mattergen_eval_fixed_film_raw_skip8_view/fixed_film__g1__t4/cifs/sample_00119.cif,True,True,True,True,1.248734546747306,370.9503357600333,18.547516788001666,20,False,True,True,,,,False,,4.274036378142047,True,
fixed_film__g1__t4,1,4,120,provenance://crystalite/outputs/final report output/mattergen_eval_fixed_film_raw_skip8_view/fixed_film__g1__t4/cifs/sample_00120.cif,True,True,True,True,1.488667751467337,244.845107895316,12.2422553947658,20,False,True,True,,,,False,,2.5210394960976164,True,
fixed_film__g1__t4,1,4,121,provenance://crystalite/outputs/final report output/mattergen_eval_fixed_film_raw_skip8_view/fixed_film__g1__t4/cifs/sample_00121.cif,True,False,True,False,1.1518973526758964,292.32714046875424,22.486703112981097,13,False,True,True,,,,False,,2.041719147931188,True,
fixed_film__g1__t4,1,4,122,provenance://crystalite/outputs/final report output/mattergen_eval_fixed_film_raw_skip8_view/fixed_film__g1__t4/cifs/sample_00122.cif,True,True,True,True,1.2401929467895458,195.1669597764465,10.84260887646925,18,False,True,True,,,,False,,2.74622324724254,True,
fixed_film__g1__t4,1,4,123,provenance://crystalite/outputs/final report output/mattergen_eval_fixed_film_raw_skip8_view/fixed_film__g1__t4/cifs/sample_00123.cif,True,True,True,True,1.966020625112571,309.94910395574914,30.994910395574912,10,False,True,True,,,,False,,5.978310540552028,True,
fixed_film__g1__t4,1,4,124,provenance://crystalite/outputs/final report output/mattergen_eval_fixed_film_raw_skip8_view/fixed_film__g1__t4/cifs/sample_00124.cif,True,True,True,True,1.289393714310609,156.58509475012502,11.18464962500893,14,False,True,True,,,,False,,6.391379826066186,True,
fixed_film__g1__t4,1,4,125,provenance://crystalite/outputs/final report output/mattergen_eval_fixed_film_raw_skip8_view/fixed_film__g1__t4/cifs/sample_00125.cif,True,True,True,True,2.043936141231471,774.0028583624891,38.700142918124456,20,False,True,True,,,,False,,2.620096873396074,True,
fixed_film__g1__t4,1,4,126,provenance://crystalite/outputs/final report output/mattergen_eval_fixed_film_raw_skip8_view/fixed_film__g1__t4/cifs/sample_00126.cif,True,True,True,True,2.3194428535096705,538.5992374508612,41.43071057314317,13,False,True,True,,,,False,,2.3835383684642646,True,
fixed_film__g1__t4,1,4,127,provenance://crystalite/outputs/final report output/mattergen_eval_fixed_film_raw_skip8_view/fixed_film__g1__t4/cifs/sample_00127.cif,True,True,True,True,1.255641455310309,213.88984033286889,21.38898403328689,10,False,True,True,,,,False,,2.3633151486255057,True,
fixed_film__g1__t8,1,8,0,provenance://crystalite/outputs/final report output/mattergen_eval_fixed_film_raw_skip8_view/fixed_film__g1__t8/cifs/sample_00000.cif,True,True,True,True,2.9032208290934567,106.50248350781966,26.625620876954915,4,True,True,True,,,,False,,16.442113818078894,True,
fixed_film__g1__t8,1,8,1,provenance://crystalite/outputs/final report output/mattergen_eval_fixed_film_raw_skip8_view/fixed_film__g1__t8/cifs/sample_00001.cif,True,False,True,False,1.3684268912245356,316.09348611158055,15.804674305579027,20,False,True,True,,,,False,,3.668125585699842,True,
fixed_film__g1__t8,1,8,2,provenance://crystalite/outputs/final report output/mattergen_eval_fixed_film_raw_skip8_view/fixed_film__g1__t8/cifs/sample_00002.cif,True,False,True,False,2.397610573184513,258.0298855988451,32.25373569985564,8,False,True,True,,,,False,,8.068554730551298,True,
fixed_film__g1__t8,1,8,3,provenance://crystalite/outputs/final report output/mattergen_eval_fixed_film_raw_skip8_view/fixed_film__g1__t8/cifs/sample_00003.cif,True,False,True,False,1.6444430189956687,153.94461372997256,19.24307671624657,8,False,True,True,,,,False,,7.762813883309648,True,
fixed_film__g1__t8,1,8,4,provenance://crystalite/outputs/final report output/mattergen_eval_fixed_film_raw_skip8_view/fixed_film__g1__t8/cifs/sample_00004.cif,True,True,True,True,3.5711990875436346,64.73699051367483,32.36849525683741,2,True,True,True,,,,False,,11.76443398474306,True,
fixed_film__g1__t8,1,8,5,provenance://crystalite/outputs/final report output/mattergen_eval_fixed_film_raw_skip8_view/fixed_film__g1__t8/cifs/sample_00005.cif,True,False,True,False,1.7183551979158678,327.7903268894361,20.486895430589755,16,False,True,True,,,,False,,4.953541866496993,True,
fixed_film__g1__t8,1,8,6,provenance://crystalite/outputs/final report output/mattergen_eval_fixed_film_raw_skip8_view/fixed_film__g1__t8/cifs/sample_00006.cif,True,True,True,True,1.7705133215968802,236.6079613941161,29.575995174264516,8,False,True,True,,,,False,,1.8249514391562185,True,
fixed_film__g1__t8,1,8,7,provenance://crystalite/outputs/final report output/mattergen_eval_fixed_film_raw_skip8_view/fixed_film__g1__t8/cifs/sample_00007.cif,True,True,True,True,1.3420690977424046,208.7347339312872,14.9096238522348,14,False,True,True,,,,False,,2.983915799137701,True,
fixed_film__g1__t8,1,8,8,provenance://crystalite/outputs/final report output/mattergen_eval_fixed_film_raw_skip8_view/fixed_film__g1__t8/cifs/sample_00008.cif,True,True,True,True,1.3506315073672863,123.29368428924911,10.27447369077076,12,False,True,True,,,,False,,2.6889367375014825,True,
fixed_film__g1__t8,1,8,9,provenance://crystalite/outputs/final report output/mattergen_eval_fixed_film_raw_skip8_view/fixed_film__g1__t8/cifs/sample_00009.cif,True,True,True,True,1.8378485443968025,91.94176035799374,11.492720044749218,8,False,True,True,,,,False,,8.166887082884697,True,
fixed_film__g1__t8,1,8,10,provenance://crystalite/outputs/final report output/mattergen_eval_fixed_film_raw_skip8_view/fixed_film__g1__t8/cifs/sample_00010.cif,True,False,True,False,2.3520766428176176,404.83381759606425,33.73615146633869,12,False,True,True,,,,False,,8.009556539511129,True,
fixed_film__g1__t8,1,8,11,provenance://crystalite/outputs/final report output/mattergen_eval_fixed_film_raw_skip8_view/fixed_film__g1__t8/cifs/sample_00011.cif,True,False,True,False,1.610032722498913,287.3084905479432,15.961582808219063,18,False,True,True,,,,False,,4.174621748929489,True,
fixed_film__g1__t8,1,8,12,provenance://crystalite/outputs/final report output/mattergen_eval_fixed_film_raw_skip8_view/fixed_film__g1__t8/cifs/sample_00012.cif,True,True,True,True,2.5957596243662007,417.51626598848816,41.751626598848816,10,False,True,True,,,,False,,7.855810223067451,True,
fixed_film__g1__t8,1,8,13,provenance://crystalite/outputs/final report output/mattergen_eval_fixed_film_raw_skip8_view/fixed_film__g1__t8/cifs/sample_00013.cif,True,True,True,True,1.6196431602489452,203.47197325372125,16.955997771143437,12,False,True,True,,,,False,,2.6302206933891967,True,
fixed_film__g1__t8,1,8,14,provenance://crystalite/outputs/final report output/mattergen_eval_fixed_film_raw_skip8_view/fixed_film__g1__t8/cifs/sample_00014.cif,True,False,True,False,2.4033840153684287,323.4932143701494,26.95776786417912,12,False,True,True,,,,False,,10.267718165245258,True,
fixed_film__g1__t8,1,8,15,provenance://crystalite/outputs/final report output/mattergen_eval_fixed_film_raw_skip8_view/fixed_film__g1__t8/cifs/sample_00015.cif,True,True,True,True,3.1542946092535966,94.57450377434988,31.52483459144996,3,False,True,True,,,,False,,16.382431220316615,True,
fixed_film__g1__t8,1,8,16,provenance://crystalite/outputs/final report output/mattergen_eval_fixed_film_raw_skip8_view/fixed_film__g1__t8/cifs/sample_00016.cif,True,True,True,True,1.7937139986658248,371.2968198742244,20.627601104123578,18,False,True,True,,,,False,,5.557920058049283,True,
fixed_film__g1__t8,1,8,17,provenance://crystalite/outputs/final report output/mattergen_eval_fixed_film_raw_skip8_view/fixed_film__g1__t8/cifs/sample_00017.cif,True,True,True,True,1.6374054837257075,114.84662143046678,14.355827678808348,8,False,True,True,,,,False,,4.4624820505532,True,
fixed_film__g1__t8,1,8,18,provenance://crystalite/outputs/final report output/mattergen_eval_fixed_film_raw_skip8_view/fixed_film__g1__t8/cifs/sample_00018.cif,True,True,True,True,2.9706782071995392,53.05203518786328,26.52601759393164,2,False,True,False,,,,False,,5.607837705982643,True,
fixed_film__g1__t8,1,8,19,provenance://crystalite/outputs/final report output/mattergen_eval_fixed_film_raw_skip8_view/fixed_film__g1__t8/cifs/sample_00019.cif,True,False,True,False,3.0669370391962967,499.9393414263615,49.99393414263615,10,False,True,True,,,,False,,7.410914613455382,True,
fixed_film__g1__t8,1,8,20,provenance://crystalite/outputs/final report output/mattergen_eval_fixed_film_raw_skip8_view/fixed_film__g1__t8/cifs/sample_00020.cif,True,True,True,True,2.4552994223597,123.32177938625011,24.664355877250024,5,False,True,True,,,,False,,7.84457319493857,True,
fixed_film__g1__t8,1,8,21,provenance://crystalite/outputs/final report output/mattergen_eval_fixed_film_raw_skip8_view/fixed_film__g1__t8/cifs/sample_00021.cif,True,True,True,True,1.6883448468777984,302.8741178494323,15.143705892471615,20,False,True,True,,,,False,,3.34946041634975,True,
fixed_film__g1__t8,1,8,22,provenance://crystalite/outputs/final report output/mattergen_eval_fixed_film_raw_skip8_view/fixed_film__g1__t8/cifs/sample_00022.cif,True,True,True,True,1.4992759217506526,390.97440539660994,27.926743242615,14,False,True,True,,,,False,,2.255669324852064,True,
fixed_film__g1__t8,1,8,23,provenance://crystalite/outputs/final report output/mattergen_eval_fixed_film_raw_skip8_view/fixed_film__g1__t8/cifs/sample_00023.cif,True,True,True,True,1.596544046704794,108.48228345282484,12.053587050313872,9,False,True,False,,,,False,,4.377280796812326,True,
fixed_film__g1__t8,1,8,24,provenance://crystalite/outputs/final report output/mattergen_eval_fixed_film_raw_skip8_view/fixed_film__g1__t8/cifs/sample_00024.cif,True,True,True,True,2.223969945927101,325.6801841726207,32.568018417262074,10,False,True,True,,,,False,,3.655034284602456,True,
fixed_film__g1__t8,1,8,25,provenance://crystalite/outputs/final report output/mattergen_eval_fixed_film_raw_skip8_view/fixed_film__g1__t8/cifs/sample_00025.cif,True,False,True,False,0.7439375842269218,242.63542167980088,15.164713854987554,16,False,True,True,,,,False,,2.713829505957518,True,
fixed_film__g1__t8,1,8,26,provenance://crystalite/outputs/final report output/mattergen_eval_fixed_film_raw_skip8_view/fixed_film__g1__t8/cifs/sample_00026.cif,True,False,True,False,2.063442705139116,493.39018579001794,24.669509289500898,20,False,True,True,,,,False,,7.230041996900155,True,
fixed_film__g1__t8,1,8,27,provenance://crystalite/outputs/final report output/mattergen_eval_fixed_film_raw_skip8_view/fixed_film__g1__t8/cifs/sample_00027.cif,True,False,True,False,2.5776728718629416,286.13213979714874,35.76651747464359,8,False,True,True,,,,False,,8.69853052681777,True,
fixed_film__g1__t8,1,8,28,provenance://crystalite/outputs/final report output/mattergen_eval_fixed_film_raw_skip8_view/fixed_film__g1__t8/cifs/sample_00028.cif,True,False,True,False,2.1201110997419623,244.29745563042044,15.268590976901278,16,False,True,True,,,,False,,5.001320269553769,True,
fixed_film__g1__t8,1,8,29,provenance://crystalite/outputs/final report output/mattergen_eval_fixed_film_raw_skip8_view/fixed_film__g1__t8/cifs/sample_00029.cif,True,True,True,True,1.8985171306255404,158.63133450231,9.914458406394376,16,False,True,True,,,,False,,7.37397373059201,True,
fixed_film__g1__t8,1,8,30,provenance://crystalite/outputs/final report output/mattergen_eval_fixed_film_raw_skip8_view/fixed_film__g1__t8/cifs/sample_00030.cif,True,True,True,True,1.6656286232524349,208.21120505727487,13.013200316079685,16,False,True,True,,,,False,,4.637699034037763,True,
fixed_film__g1__t8,1,8,31,provenance://crystalite/outputs/final report output/mattergen_eval_fixed_film_raw_skip8_view/fixed_film__g1__t8/cifs/sample_00031.cif,True,False,True,False,2.723259533329206,127.18135201366997,25.43627040273399,5,False,True,True,,,,False,,16.12288419629321,True,
fixed_film__g1__t8,1,8,32,provenance://crystalite/outputs/final report output/mattergen_eval_fixed_film_raw_skip8_view/fixed_film__g1__t8/cifs/sample_00032.cif,True,True,True,True,1.3788891196651032,369.1472237479254,20.508179097106968,18,False,True,True,,,,False,,4.319487985029995,True,
fixed_film__g1__t8,1,8,33,provenance://crystalite/outputs/final report output/mattergen_eval_fixed_film_raw_skip8_view/fixed_film__g1__t8/cifs/sample_00033.cif,True,True,True,True,1.4404112317679718,165.2931592534878,13.77442993779065,12,False,True,True,,,,False,,4.923385382649545,True,
fixed_film__g1__t8,1,8,34,provenance://crystalite/outputs/final report output/mattergen_eval_fixed_film_raw_skip8_view/fixed_film__g1__t8/cifs/sample_00034.cif,True,False,True,False,2.407599427047106,550.5440914793035,42.34954549840796,13,False,True,True,,,,False,,10.11143679580628,True,
fixed_film__g1__t8,1,8,35,provenance://crystalite/outputs/final report output/mattergen_eval_fixed_film_raw_skip8_view/fixed_film__g1__t8/cifs/sample_00035.cif,True,True,True,True,2.4048055154267063,170.2054241337378,24.31506059053397,7,False,True,True,,,,False,,9.217023736574063,True,
fixed_film__g1__t8,1,8,36,provenance://crystalite/outputs/final report output/mattergen_eval_fixed_film_raw_skip8_view/fixed_film__g1__t8/cifs/sample_00036.cif,True,True,True,True,1.9870069953114144,423.82217726673,23.54567651481833,18,False,True,True,,,,False,,4.0084178194015765,True,
fixed_film__g1__t8,1,8,37,provenance://crystalite/outputs/final report output/mattergen_eval_fixed_film_raw_skip8_view/fixed_film__g1__t8/cifs/sample_00037.cif,True,True,True,True,2.044577269262232,224.68310251792616,14.042693907370383,16,False,True,True,,,,False,,13.370168660857168,True,
fixed_film__g1__t8,1,8,38,provenance://crystalite/outputs/final report output/mattergen_eval_fixed_film_raw_skip8_view/fixed_film__g1__t8/cifs/sample_00038.cif,True,True,True,True,1.2195077367387273,263.99321273835415,21.999434394862845,12,False,True,True,,,,False,,2.49962275114822,True,
fixed_film__g1__t8,1,8,39,provenance://crystalite/outputs/final report output/mattergen_eval_fixed_film_raw_skip8_view/fixed_film__g1__t8/cifs/sample_00039.cif,True,True,True,True,2.416338910327418,361.3570452976823,22.584815331105144,16,False,True,True,,,,False,,8.75208967362938,True,
fixed_film__g1__t8,1,8,40,provenance://crystalite/outputs/final report output/mattergen_eval_fixed_film_raw_skip8_view/fixed_film__g1__t8/cifs/sample_00040.cif,True,True,True,True,2.5663322586089867,34.02402339834019,17.012011699170095,2,False,True,True,,,,False,,7.241798571932404,True,
fixed_film__g1__t8,1,8,41,provenance://crystalite/outputs/final report output/mattergen_eval_fixed_film_raw_skip8_view/fixed_film__g1__t8/cifs/sample_00041.cif,True,True,True,True,2.710584404762089,150.78032618596504,30.15606523719301,5,True,True,True,,,,False,,10.5456359419329,True,
fixed_film__g1__t8,1,8,42,provenance://crystalite/outputs/final report output/mattergen_eval_fixed_film_raw_skip8_view/fixed_film__g1__t8/cifs/sample_00042.cif,True,True,True,True,1.6847106770276528,223.6423531117873,13.977647069486707,16,False,True,True,,,,False,,2.909977795983233,True,
fixed_film__g1__t8,1,8,43,provenance://crystalite/outputs/final report output/mattergen_eval_fixed_film_raw_skip8_view/fixed_film__g1__t8/cifs/sample_00043.cif,True,True,True,True,1.8448727739594315,141.5441182581367,14.154411825813671,10,False,True,True,,,,False,,6.53741081171817,True,
fixed_film__g1__t8,1,8,44,provenance://crystalite/outputs/final report output/mattergen_eval_fixed_film_raw_skip8_view/fixed_film__g1__t8/cifs/sample_00044.cif,True,False,True,False,2.6108149193275487,316.2443247860941,31.62443247860941,10,False,True,True,,,,False,,11.163156387497532,True,
fixed_film__g1__t8,1,8,45,provenance://crystalite/outputs/final report output/mattergen_eval_fixed_film_raw_skip8_view/fixed_film__g1__t8/cifs/sample_00045.cif,True,True,True,True,1.9527843330893595,95.97286917685824,15.995478196143038,6,False,True,True,,,,False,,4.0836988136907,True,
fixed_film__g1__t8,1,8,46,provenance://crystalite/outputs/final report output/mattergen_eval_fixed_film_raw_skip8_view/fixed_film__g1__t8/cifs/sample_00046.cif,True,True,True,True,1.5090643641605317,200.36615722174065,18.21510520197642,11,False,True,True,,,,False,,2.510998748584139,True,
fixed_film__g1__t8,1,8,47,provenance://crystalite/outputs/final report output/mattergen_eval_fixed_film_raw_skip8_view/fixed_film__g1__t8/cifs/sample_00047.cif,True,True,True,True,1.556300206765605,181.70697365080088,15.142247804233406,12,False,True,True,,,,False,,3.746142004788015,True,
fixed_film__g1__t8,1,8,48,provenance://crystalite/outputs/final report output/mattergen_eval_fixed_film_raw_skip8_view/fixed_film__g1__t8/cifs/sample_00048.cif,True,True,True,True,2.687545066039536,178.35577584274066,22.294471980342585,8,False,True,True,,,,False,,13.49778426029765,True,
fixed_film__g1__t8,1,8,49,provenance://crystalite/outputs/final report output/mattergen_eval_fixed_film_raw_skip8_view/fixed_film__g1__t8/cifs/sample_00049.cif,True,True,True,True,2.281810912256029,164.28557046109938,20.535696307637423,8,False,True,True,,,,False,,11.389379732793438,True,
fixed_film__g1__t8,1,8,50,provenance://crystalite/outputs/final report output/mattergen_eval_fixed_film_raw_skip8_view/fixed_film__g1__t8/cifs/sample_00050.cif,True,True,True,True,2.363050225609695,205.6587379757921,17.13822816464934,12,False,True,True,,,,False,,15.15734805580333,True,
fixed_film__g1__t8,1,8,51,provenance://crystalite/outputs/final report output/mattergen_eval_fixed_film_raw_skip8_view/fixed_film__g1__t8/cifs/sample_00051.cif,True,True,True,True,2.319034843246243,172.0644402153697,19.11827113504108,9,False,True,True,,,,False,,16.08603716094603,True,
fixed_film__g1__t8,1,8,52,provenance://crystalite/outputs/final report output/mattergen_eval_fixed_film_raw_skip8_view/fixed_film__g1__t8/cifs/sample_00052.cif,True,True,True,True,2.1755720629718844,344.0733533678087,31.27939576070988,11,False,True,True,,,,False,,5.382251428341842,True,
fixed_film__g1__t8,1,8,53,provenance://crystalite/outputs/final report output/mattergen_eval_fixed_film_raw_skip8_view/fixed_film__g1__t8/cifs/sample_00053.cif,True,True,True,True,1.1717964152171982,365.3306954379418,20.296149746552327,18,False,True,True,,,,False,,1.947595719780524,True,
fixed_film__g1__t8,1,8,54,provenance://crystalite/outputs/final report output/mattergen_eval_fixed_film_raw_skip8_view/fixed_film__g1__t8/cifs/sample_00054.cif,True,True,True,True,1.8323251543476424,207.1194734606288,11.506637414479378,18,False,True,True,,,,False,,7.298855543482207,True,
fixed_film__g1__t8,1,8,55,provenance://crystalite/outputs/final report output/mattergen_eval_fixed_film_raw_skip8_view/fixed_film__g1__t8/cifs/sample_00055.cif,True,True,True,True,3.3054718023632668,440.22469256726737,36.68539104727228,12,False,True,True,,,,False,,3.4224893303340718,True,
fixed_film__g1__t8,1,8,56,provenance://crystalite/outputs/final report output/mattergen_eval_fixed_film_raw_skip8_view/fixed_film__g1__t8/cifs/sample_00056.cif,True,True,True,True,2.707006152254219,107.66107368235906,26.915268420589765,4,False,True,True,,,,False,,9.016186806587376,True,
fixed_film__g1__t8,1,8,57,provenance://crystalite/outputs/final report output/mattergen_eval_fixed_film_raw_skip8_view/fixed_film__g1__t8/cifs/sample_00057.cif,True,True,True,True,2.67074931339164,99.2732386831482,19.85464773662964,5,True,True,True,,,,False,,24.207230697675232,True,
fixed_film__g1__t8,1,8,58,provenance://crystalite/outputs/final report output/mattergen_eval_fixed_film_raw_skip8_view/fixed_film__g1__t8/cifs/sample_00058.cif,True,False,True,False,2.33990195215236,687.6203814306322,38.20113230170179,18,False,True,True,,,,False,,7.670592489534518,True,
fixed_film__g1__t8,1,8,59,provenance://crystalite/outputs/final report output/mattergen_eval_fixed_film_raw_skip8_view/fixed_film__g1__t8/cifs/sample_00059.cif,True,False,True,False,2.31665989141168,455.771076446149,41.43373422237718,11,False,True,True,,,,False,,5.924715180433573,True,
fixed_film__g1__t8,1,8,60,provenance://crystalite/outputs/final report output/mattergen_eval_fixed_film_raw_skip8_view/fixed_film__g1__t8/cifs/sample_00060.cif,True,True,True,True,3.006300499269958,84.96414648056403,21.241036620141006,4,True,True,True,,,,False,,10.674333426260974,True,
fixed_film__g1__t8,1,8,61,provenance://crystalite/outputs/final report output/mattergen_eval_fixed_film_raw_skip8_view/fixed_film__g1__t8/cifs/sample_00061.cif,True,True,True,True,2.0410956110295437,497.2159585156429,35.51542560826021,14,False,True,True,,,,False,,3.559945943004565,True,
fixed_film__g1__t8,1,8,62,provenance://crystalite/outputs/final report output/mattergen_eval_fixed_film_raw_skip8_view/fixed_film__g1__t8/cifs/sample_00062.cif,True,True,True,True,2.667366159357892,296.21741576448863,26.92885597858988,11,False,True,True,,,,False,,12.228424275305075,True,
fixed_film__g1__t8,1,8,63,provenance://crystalite/outputs/final report output/mattergen_eval_fixed_film_raw_skip8_view/fixed_film__g1__t8/cifs/sample_00063.cif,True,False,True,False,2.018768583162108,214.74058931379528,23.860065479310588,9,False,True,True,,,,False,,7.384856642044323,True,
fixed_film__g1__t8,1,8,64,provenance://crystalite/outputs/final report output/mattergen_eval_fixed_film_raw_skip8_view/fixed_film__g1__t8/cifs/sample_00064.cif,True,True,True,True,2.183387784625347,178.60390293351628,25.514843276216613,7,False,True,True,,,,False,,11.335533015534722,True,
fixed_film__g1__t8,1,8,65,provenance://crystalite/outputs/final report output/mattergen_eval_fixed_film_raw_skip8_view/fixed_film__g1__t8/cifs/sample_00065.cif,True,True,True,True,2.015286284518967,122.54187316475186,20.423645527458643,6,False,True,True,,,,False,,3.987081868900637,True,
fixed_film__g1__t8,1,8,66,provenance://crystalite/outputs/final report output/mattergen_eval_fixed_film_raw_skip8_view/fixed_film__g1__t8/cifs/sample_00066.cif,True,True,True,True,2.207173902134348,435.8458246593729,21.792291232968644,20,False,True,True,,,,False,,6.874060858988684,True,
fixed_film__g1__t8,1,8,67,provenance://crystalite/outputs/final report output/mattergen_eval_fixed_film_raw_skip8_view/fixed_film__g1__t8/cifs/sample_00067.cif,True,False,True,False,1.2449799334483758,230.09190297322823,19.17432524776902,12,False,True,True,,,,False,,3.504368552285112,True,
fixed_film__g1__t8,1,8,68,provenance://crystalite/outputs/final report output/mattergen_eval_fixed_film_raw_skip8_view/fixed_film__g1__t8/cifs/sample_00068.cif,True,True,True,True,2.4020461239841704,64.66576648084961,16.166441620212403,4,False,True,True,,,,False,,11.955525741771291,True,
fixed_film__g1__t8,1,8,69,provenance://crystalite/outputs/final report output/mattergen_eval_fixed_film_raw_skip8_view/fixed_film__g1__t8/cifs/sample_00069.cif,True,True,True,True,1.6246007626682912,265.25106849250795,13.262553424625398,20,False,True,True,,,,False,,2.640141541329716,True,
fixed_film__g1__t8,1,8,70,provenance://crystalite/outputs/final report output/mattergen_eval_fixed_film_raw_skip8_view/fixed_film__g1__t8/cifs/sample_00070.cif,True,True,True,True,1.6554360292773254,197.8476572421922,10.991536513455124,18,False,True,True,,,,False,,4.778050315139745,True,
fixed_film__g1__t8,1,8,71,provenance://crystalite/outputs/final report output/mattergen_eval_fixed_film_raw_skip8_view/fixed_film__g1__t8/cifs/sample_00071.cif,True,False,True,False,2.671801595994709,238.0129982765029,39.66883304608383,6,False,True,True,,,,False,,8.287686610784293,True,
fixed_film__g1__t8,1,8,72,provenance://crystalite/outputs/final report output/mattergen_eval_fixed_film_raw_skip8_view/fixed_film__g1__t8/cifs/sample_00072.cif,True,True,True,True,1.4810095718610887,158.98169532544452,15.898169532544452,10,False,True,True,,,,False,,4.42171292913667,True,
fixed_film__g1__t8,1,8,73,provenance://crystalite/outputs/final report output/mattergen_eval_fixed_film_raw_skip8_view/fixed_film__g1__t8/cifs/sample_00073.cif,True,True,True,True,1.5410093801254707,420.11640018101895,26.257275011313684,16,False,True,True,,,,False,,4.822743741614844,True,
fixed_film__g1__t8,1,8,74,provenance://crystalite/outputs/final report output/mattergen_eval_fixed_film_raw_skip8_view/fixed_film__g1__t8/cifs/sample_00074.cif,True,True,True,True,3.0573907348266007,109.26844561436876,27.31711140359219,4,True,True,True,,,,False,,15.57077769606586,True,
fixed_film__g1__t8,1,8,75,provenance://crystalite/outputs/final report output/mattergen_eval_fixed_film_raw_skip8_view/fixed_film__g1__t8/cifs/sample_00075.cif,True,False,True,False,2.316462140889499,273.853287429186,34.23166092864825,8,False,True,True,,,,False,,5.040923508507262,True,
fixed_film__g1__t8,1,8,76,provenance://crystalite/outputs/final report output/mattergen_eval_fixed_film_raw_skip8_view/fixed_film__g1__t8/cifs/sample_00076.cif,True,True,True,True,3.245384240595496,53.41335493390625,26.706677466953124,2,True,True,True,,,,False,,17.519044631702403,True,
fixed_film__g1__t8,1,8,77,provenance://crystalite/outputs/final report output/mattergen_eval_fixed_film_raw_skip8_view/fixed_film__g1__t8/cifs/sample_00077.cif,True,False,True,False,2.2492707828926912,164.8578121769535,18.31753468632817,9,False,True,True,,,,False,,10.656603003081411,True,
fixed_film__g1__t8,1,8,78,provenance://crystalite/outputs/final report output/mattergen_eval_fixed_film_raw_skip8_view/fixed_film__g1__t8/cifs/sample_00078.cif,True,True,True,True,2.3005017473046903,205.8702762573139,25.73378453216424,8,False,True,True,,,,False,,4.222306387830131,True,
fixed_film__g1__t8,1,8,79,provenance://crystalite/outputs/final report output/mattergen_eval_fixed_film_raw_skip8_view/fixed_film__g1__t8/cifs/sample_00079.cif,True,True,True,True,1.5611005895001575,183.4262089954128,11.4641380622133,16,False,True,True,,,,False,,3.272012502878385,True,
fixed_film__g1__t8,1,8,80,provenance://crystalite/outputs/final report output/mattergen_eval_fixed_film_raw_skip8_view/fixed_film__g1__t8/cifs/sample_00080.cif,True,True,True,True,2.318034309335779,263.48818056200366,26.348818056200365,10,False,True,True,,,,False,,6.633818487516398,True,
fixed_film__g1__t8,1,8,81,provenance://crystalite/outputs/final report output/mattergen_eval_fixed_film_raw_skip8_view/fixed_film__g1__t8/cifs/sample_00081.cif,True,True,True,True,1.968564610475188,276.1981793180025,13.809908965900124,20,False,True,True,,,,False,,5.824405046888546,True,
fixed_film__g1__t8,1,8,82,provenance://crystalite/outputs/final report output/mattergen_eval_fixed_film_raw_skip8_view/fixed_film__g1__t8/cifs/sample_00082.cif,True,True,True,True,2.03206040989709,79.32075390975541,13.2201256516259,6,False,True,True,,,,False,,4.926333429076318,True,
fixed_film__g1__t8,1,8,83,provenance://crystalite/outputs/final report output/mattergen_eval_fixed_film_raw_skip8_view/fixed_film__g1__t8/cifs/sample_00083.cif,True,True,True,True,1.944727258211102,252.95326477891504,21.079438731576253,12,False,True,True,,,,False,,4.467711042526354,True,
fixed_film__g1__t8,1,8,84,provenance://crystalite/outputs/final report output/mattergen_eval_fixed_film_raw_skip8_view/fixed_film__g1__t8/cifs/sample_00084.cif,True,False,True,False,2.2399001126334204,537.4853879475972,29.86029933042207,18,False,True,True,,,,False,,5.040937631951508,True,
fixed_film__g1__t8,1,8,85,provenance://crystalite/outputs/final report output/mattergen_eval_fixed_film_raw_skip8_view/fixed_film__g1__t8/cifs/sample_00085.cif,True,True,True,True,2.575865810649841,437.630953526456,36.46924612720467,12,False,True,True,,,,False,,10.10764025090656,True,
fixed_film__g1__t8,1,8,86,provenance://crystalite/outputs/final report output/mattergen_eval_fixed_film_raw_skip8_view/fixed_film__g1__t8/cifs/sample_00086.cif,True,True,True,True,2.025475568373264,417.380131239769,29.81286651712636,14,False,True,True,,,,False,,4.419686376297338,True,
fixed_film__g1__t8,1,8,87,provenance://crystalite/outputs/final report output/mattergen_eval_fixed_film_raw_skip8_view/fixed_film__g1__t8/cifs/sample_00087.cif,True,True,True,True,1.4333509907909194,203.67076751533244,16.972563959611037,12,False,True,True,,,,False,,2.2205792468276098,True,
fixed_film__g1__t8,1,8,88,provenance://crystalite/outputs/final report output/mattergen_eval_fixed_film_raw_skip8_view/fixed_film__g1__t8/cifs/sample_00088.cif,True,False,True,False,1.729602293211361,248.03607397369495,12.401803698684748,20,False,True,True,,,,False,,6.032031709482886,True,
fixed_film__g1__t8,1,8,89,provenance://crystalite/outputs/final report output/mattergen_eval_fixed_film_raw_skip8_view/fixed_film__g1__t8/cifs/sample_00089.cif,True,False,True,False,2.3147548488705447,517.6072872960389,32.35045545600243,16,False,True,True,,,,False,,8.64389403360537,True,
fixed_film__g1__t8,1,8,90,provenance://crystalite/outputs/final report output/mattergen_eval_fixed_film_raw_skip8_view/fixed_film__g1__t8/cifs/sample_00090.cif,True,True,True,True,2.1117649411385253,341.58452189224664,24.39889442087476,14,False,True,True,,,,False,,5.118252577618761,True,
fixed_film__g1__t8,1,8,91,provenance://crystalite/outputs/final report output/mattergen_eval_fixed_film_raw_skip8_view/fixed_film__g1__t8/cifs/sample_00091.cif,True,True,True,True,2.771357598687024,84.77278795399538,28.257595984665127,3,False,True,True,,,,False,,16.246627479303214,True,
fixed_film__g1__t8,1,8,92,provenance://crystalite/outputs/final report output/mattergen_eval_fixed_film_raw_skip8_view/fixed_film__g1__t8/cifs/sample_00092.cif,True,True,True,True,2.563096573500988,102.1335456711382,20.42670913422764,5,True,True,True,,,,False,,13.552731613746358,True,
fixed_film__g1__t8,1,8,93,provenance://crystalite/outputs/final report output/mattergen_eval_fixed_film_raw_skip8_view/fixed_film__g1__t8/cifs/sample_00093.cif,True,False,True,False,2.3180335780481727,276.9162227279277,39.55946038970395,7,False,True,True,,,,False,,5.546819091051499,True,
fixed_film__g1__t8,1,8,94,provenance://crystalite/outputs/final report output/mattergen_eval_fixed_film_raw_skip8_view/fixed_film__g1__t8/cifs/sample_00094.cif,True,False,True,False,2.0620588277705587,132.46894109276184,13.246894109276184,10,False,True,True,,,,False,,6.01781604217673,True,
fixed_film__g1__t8,1,8,95,provenance://crystalite/outputs/final report output/mattergen_eval_fixed_film_raw_skip8_view/fixed_film__g1__t8/cifs/sample_00095.cif,True,False,True,False,1.8036705229355663,181.09220459773465,11.318262787358414,16,False,True,True,,,,False,,3.2378327618681504,True,
fixed_film__g1__t8,1,8,96,provenance://crystalite/outputs/final report output/mattergen_eval_fixed_film_raw_skip8_view/fixed_film__g1__t8/cifs/sample_00096.cif,True,True,True,True,1.4517994125685714,195.9181271414589,32.65302119024316,6,False,True,True,,,,False,,1.793217692856688,True,
fixed_film__g1__t8,1,8,97,provenance://crystalite/outputs/final report output/mattergen_eval_fixed_film_raw_skip8_view/fixed_film__g1__t8/cifs/sample_00097.cif,True,False,True,False,1.8638399986646776,868.5471079261739,45.71300568032494,19,False,True,True,,,,False,,7.335547705523996,True,
fixed_film__g1__t8,1,8,98,provenance://crystalite/outputs/final report output/mattergen_eval_fixed_film_raw_skip8_view/fixed_film__g1__t8/cifs/sample_00098.cif,True,True,True,True,1.4640059525426836,315.6830259618347,17.537945886768593,18,False,True,True,,,,False,,2.9094618198021664,True,
fixed_film__g1__t8,1,8,99,provenance://crystalite/outputs/final report output/mattergen_eval_fixed_film_raw_skip8_view/fixed_film__g1__t8/cifs/sample_00099.cif,True,True,True,True,2.085762706740434,403.2839290871368,22.404662727063155,18,False,True,True,,,,False,,6.057418670810752,True,
fixed_film__g1__t8,1,8,100,provenance://crystalite/outputs/final report output/mattergen_eval_fixed_film_raw_skip8_view/fixed_film__g1__t8/cifs/sample_00100.cif,True,False,True,False,2.4194294499737867,209.41533210680208,29.91647601525744,7,False,True,True,,,,False,,7.220230443507631,True,
fixed_film__g1__t8,1,8,101,provenance://crystalite/outputs/final report output/mattergen_eval_fixed_film_raw_skip8_view/fixed_film__g1__t8/cifs/sample_00101.cif,True,False,True,False,2.414255636846031,186.48128678456396,23.31016084807049,8,False,True,True,,,,False,,14.10631053098775,True,
fixed_film__g1__t8,1,8,102,provenance://crystalite/outputs/final report output/mattergen_eval_fixed_film_raw_skip8_view/fixed_film__g1__t8/cifs/sample_00102.cif,True,True,True,True,1.357988230031293,111.01984736689926,9.251653947241604,12,False,True,True,,,,False,,3.194037325208259,True,
fixed_film__g1__t8,1,8,103,provenance://crystalite/outputs/final report output/mattergen_eval_fixed_film_raw_skip8_view/fixed_film__g1__t8/cifs/sample_00103.cif,True,True,True,True,1.8729812333414,289.175288339019,14.45876441695095,20,False,True,True,,,,False,,5.426155619263656,True,
fixed_film__g1__t8,1,8,104,provenance://crystalite/outputs/final report output/mattergen_eval_fixed_film_raw_skip8_view/fixed_film__g1__t8/cifs/sample_00104.cif,True,True,True,True,1.355439276387319,128.66282417205005,10.721902014337504,12,False,True,True,,,,False,,10.683553416997496,True,
fixed_film__g1__t8,1,8,105,provenance://crystalite/outputs/final report output/mattergen_eval_fixed_film_raw_skip8_view/fixed_film__g1__t8/cifs/sample_00105.cif,True,True,True,True,2.434947751840294,49.60749653307155,16.535832177690516,3,False,True,True,,,,False,,15.23897294054681,True,
fixed_film__g1__t8,1,8,106,provenance://crystalite/outputs/final report output/mattergen_eval_fixed_film_raw_skip8_view/fixed_film__g1__t8/cifs/sample_00106.cif,True,True,True,True,2.122118928340319,471.6649196907432,33.69035140648166,14,False,True,True,,,,False,,3.5316397313676497,True,
fixed_film__g1__t8,1,8,107,provenance://crystalite/outputs/final report output/mattergen_eval_fixed_film_raw_skip8_view/fixed_film__g1__t8/cifs/sample_00107.cif,True,False,True,False,2.056406156103592,283.7095693649269,21.8238130280713,13,False,True,True,,,,False,,5.2269243674155,True,
fixed_film__g1__t8,1,8,108,provenance://crystalite/outputs/final report output/mattergen_eval_fixed_film_raw_skip8_view/fixed_film__g1__t8/cifs/sample_00108.cif,True,True,True,True,1.8259112099154875,156.60827284773356,13.050689403977795,12,False,True,True,,,,False,,7.337792686627151,True,
fixed_film__g1__t8,1,8,109,provenance://crystalite/outputs/final report output/mattergen_eval_fixed_film_raw_skip8_view/fixed_film__g1__t8/cifs/sample_00109.cif,True,True,True,True,1.6970613116166005,199.70013782618256,11.094452101454587,18,False,True,True,,,,False,,8.076223734553217,True,
fixed_film__g1__t8,1,8,110,provenance://crystalite/outputs/final report output/mattergen_eval_fixed_film_raw_skip8_view/fixed_film__g1__t8/cifs/sample_00110.cif,True,True,True,True,2.0358645189231823,326.45184730904475,23.3179890935032,14,False,True,True,,,,False,,7.534803196745194,True,
fixed_film__g1__t8,1,8,111,provenance://crystalite/outputs/final report output/mattergen_eval_fixed_film_raw_skip8_view/fixed_film__g1__t8/cifs/sample_00111.cif,True,False,True,False,2.5947211182836654,212.89614684456464,26.61201835557058,8,False,True,True,,,,False,,23.256540493770377,True,
fixed_film__g1__t8,1,8,112,provenance://crystalite/outputs/final report output/mattergen_eval_fixed_film_raw_skip8_view/fixed_film__g1__t8/cifs/sample_00112.cif,True,True,True,True,1.9981053902379848,55.86187870604751,11.1723757412095,5,False,True,True,,,,False,,5.27056288277898,True,
fixed_film__g1__t8,1,8,113,provenance://crystalite/outputs/final report output/mattergen_eval_fixed_film_raw_skip8_view/fixed_film__g1__t8/cifs/sample_00113.cif,True,True,True,True,1.970377775446492,142.8521638065502,17.856520475818776,8,False,True,True,,,,False,,8.889997794576894,True,
fixed_film__g1__t8,1,8,114,provenance://crystalite/outputs/final report output/mattergen_eval_fixed_film_raw_skip8_view/fixed_film__g1__t8/cifs/sample_00114.cif,True,True,True,True,2.0805713942619057,202.8149537891476,14.486782413510545,14,False,True,True,,,,False,,4.517385081664115,True,
fixed_film__g1__t8,1,8,115,provenance://crystalite/outputs/final report output/mattergen_eval_fixed_film_raw_skip8_view/fixed_film__g1__t8/cifs/sample_00115.cif,True,False,True,False,2.353681716007756,292.4123728934482,24.367697741120683,12,False,True,True,,,,False,,11.854962273608509,True,
fixed_film__g1__t8,1,8,116,provenance://crystalite/outputs/final report output/mattergen_eval_fixed_film_raw_skip8_view/fixed_film__g1__t8/cifs/sample_00116.cif,True,False,True,False,2.3976269738943388,231.8903910727784,28.98629888409729,8,False,True,True,,,,False,,5.4894840537442775,True,
fixed_film__g1__t8,1,8,117,provenance://crystalite/outputs/final report output/mattergen_eval_fixed_film_raw_skip8_view/fixed_film__g1__t8/cifs/sample_00117.cif,True,True,True,True,2.505572542234741,634.3388750598529,37.31405147410899,17,False,True,True,,,,False,,5.489900028016511,True,
fixed_film__g1__t8,1,8,118,provenance://crystalite/outputs/final report output/mattergen_eval_fixed_film_raw_skip8_view/fixed_film__g1__t8/cifs/sample_00118.cif,True,True,True,True,2.338767016704645,532.7730371851546,26.63865185925773,20,False,True,True,,,,False,,10.57538161013608,True,
fixed_film__g1__t8,1,8,119,provenance://crystalite/outputs/final report output/mattergen_eval_fixed_film_raw_skip8_view/fixed_film__g1__t8/cifs/sample_00119.cif,True,True,True,True,2.379193254439991,630.2067437224878,31.51033718612439,20,False,True,True,,,,False,,7.914979934741083,True,
fixed_film__g1__t8,1,8,120,provenance://crystalite/outputs/final report output/mattergen_eval_fixed_film_raw_skip8_view/fixed_film__g1__t8/cifs/sample_00120.cif,True,True,True,True,1.949732007091432,238.6972337561357,11.934861687806784,20,False,True,True,,,,False,,9.211633742616328,True,
fixed_film__g1__t8,1,8,121,provenance://crystalite/outputs/final report output/mattergen_eval_fixed_film_raw_skip8_view/fixed_film__g1__t8/cifs/sample_00121.cif,True,False,True,False,1.260671987055243,519.6604027116053,39.97387713166195,13,False,True,True,,,,False,,4.797889858324468,True,
fixed_film__g1__t8,1,8,122,provenance://crystalite/outputs/final report output/mattergen_eval_fixed_film_raw_skip8_view/fixed_film__g1__t8/cifs/sample_00122.cif,True,True,True,True,2.5110611686590727,687.3762130186611,38.18756738992562,18,False,True,True,,,,False,,6.494794518714116,True,
fixed_film__g1__t8,1,8,123,provenance://crystalite/outputs/final report output/mattergen_eval_fixed_film_raw_skip8_view/fixed_film__g1__t8/cifs/sample_00123.cif,True,True,True,True,2.06218505815408,303.39275269570845,30.339275269570845,10,False,True,True,,,,False,,6.415371709871267,True,
fixed_film__g1__t8,1,8,124,provenance://crystalite/outputs/final report output/mattergen_eval_fixed_film_raw_skip8_view/fixed_film__g1__t8/cifs/sample_00124.cif,True,True,True,True,1.2454166470046668,163.25880013318678,11.6613428666562,14,False,True,True,,,,False,,5.37508665624156,True,
fixed_film__g1__t8,1,8,125,provenance://crystalite/outputs/final report output/mattergen_eval_fixed_film_raw_skip8_view/fixed_film__g1__t8/cifs/sample_00125.cif,True,False,True,False,2.013351739344152,663.1023760422079,33.155118802110394,20,False,True,True,,,,False,,5.250996082775592,True,
fixed_film__g1__t8,1,8,126,provenance://crystalite/outputs/final report output/mattergen_eval_fixed_film_raw_skip8_view/fixed_film__g1__t8/cifs/sample_00126.cif,True,False,True,False,2.178588181262976,410.58168358279687,31.583206429445912,13,False,True,True,,,,False,,6.462135343440953,True,
fixed_film__g1__t8,1,8,127,provenance://crystalite/outputs/final report output/mattergen_eval_fixed_film_raw_skip8_view/fixed_film__g1__t8/cifs/sample_00127.cif,True,True,True,True,1.9980323603526748,156.9714443295582,15.69714443295582,10,False,True,True,,,,False,,4.271704964852783,True,
fixed_film__g2__t12,2,12,0,provenance://crystalite/outputs/final report output/mattergen_eval_fixed_film_raw_skip8_view/fixed_film__g2__t12/cifs/sample_00000.cif,True,True,True,True,2.9837416727275543,107.41376864402538,26.853442161006345,4,True,True,True,,,,False,,23.98316878207906,True,
fixed_film__g2__t12,2,12,2,provenance://crystalite/outputs/final report output/mattergen_eval_fixed_film_raw_skip8_view/fixed_film__g2__t12/cifs/sample_00002.cif,True,True,True,True,2.377540237637861,219.2421836611069,27.405272957638363,8,False,True,True,,,,False,,10.18542560534846,True,
fixed_film__g2__t12,2,12,3,provenance://crystalite/outputs/final report output/mattergen_eval_fixed_film_raw_skip8_view/fixed_film__g2__t12/cifs/sample_00003.cif,True,True,True,True,2.2037450606488016,186.54339815147395,23.317924768934244,8,False,True,True,,,,False,,12.496552605431324,True,
fixed_film__g2__t12,2,12,4,provenance://crystalite/outputs/final report output/mattergen_eval_fixed_film_raw_skip8_view/fixed_film__g2__t12/cifs/sample_00004.cif,True,True,True,True,3.598124847575468,66.90304021347777,33.45152010673888,2,True,True,True,,,,False,,11.682540505703676,True,
fixed_film__g2__t12,2,12,5,provenance://crystalite/outputs/final report output/mattergen_eval_fixed_film_raw_skip8_view/fixed_film__g2__t12/cifs/sample_00005.cif,True,True,True,True,2.533416428604817,455.7481844433154,28.48426152770721,16,False,True,True,,,,False,,16.9476919421265,True,
fixed_film__g2__t12,2,12,6,provenance://crystalite/outputs/final report output/mattergen_eval_fixed_film_raw_skip8_view/fixed_film__g2__t12/cifs/sample_00006.cif,True,True,True,True,1.642896238478881,151.81532245201157,18.976915306501446,8,False,True,True,,,,False,,11.53703333417787,True,
fixed_film__g2__t12,2,12,7,provenance://crystalite/outputs/final report output/mattergen_eval_fixed_film_raw_skip8_view/fixed_film__g2__t12/cifs/sample_00007.cif,True,False,True,False,2.724158331650839,568.5989803255679,40.61421288039771,14,False,True,True,,,,False,,10.547571893118294,True,
fixed_film__g2__t12,2,12,8,provenance://crystalite/outputs/final report output/mattergen_eval_fixed_film_raw_skip8_view/fixed_film__g2__t12/cifs/sample_00008.cif,True,True,True,True,2.617643629286378,380.08899672774186,31.67408306064516,12,False,True,True,,,,False,,15.163410290550049,True,
fixed_film__g2__t12,2,12,9,provenance://crystalite/outputs/final report output/mattergen_eval_fixed_film_raw_skip8_view/fixed_film__g2__t12/cifs/sample_00009.cif,True,True,True,True,2.705985323643255,271.0044371181278,33.87555463976597,8,False,True,True,,,,False,,7.621164591063575,True,
fixed_film__g2__t12,2,12,12,provenance://crystalite/outputs/final report output/mattergen_eval_fixed_film_raw_skip8_view/fixed_film__g2__t12/cifs/sample_00012.cif,True,True,True,True,2.48874698411891,235.505271080204,23.5505271080204,10,False,True,True,,,,False,,13.921455758358748,True,
fixed_film__g2__t12,2,12,14,provenance://crystalite/outputs/final report output/mattergen_eval_fixed_film_raw_skip8_view/fixed_film__g2__t12/cifs/sample_00014.cif,True,True,True,True,2.254701491940028,260.651512021002,21.720959335083496,12,False,True,True,,,,False,,12.926239074386284,True,
fixed_film__g2__t12,2,12,15,provenance://crystalite/outputs/final report output/mattergen_eval_fixed_film_raw_skip8_view/fixed_film__g2__t12/cifs/sample_00015.cif,True,False,True,False,2.8259892688146744,100.65559431711245,33.55186477237081,3,False,True,True,,,,False,,17.650544170375756,True,
fixed_film__g2__t12,2,12,18,provenance://crystalite/outputs/final report output/mattergen_eval_fixed_film_raw_skip8_view/fixed_film__g2__t12/cifs/sample_00018.cif,True,True,True,True,2.239737203956954,69.02887676262318,34.51443838131159,2,False,True,True,,,,False,,10.917284994037251,True,
fixed_film__g2__t12,2,12,19,provenance://crystalite/outputs/final report output/mattergen_eval_fixed_film_raw_skip8_view/fixed_film__g2__t12/cifs/sample_00019.cif,True,False,True,False,3.1424029102587525,350.3480148292224,35.03480148292224,10,False,True,True,,,,False,,15.0389092220004,True,
fixed_film__g2__t12,2,12,20,provenance://crystalite/outputs/final report output/mattergen_eval_fixed_film_raw_skip8_view/fixed_film__g2__t12/cifs/sample_00020.cif,True,True,True,True,2.542463719979589,142.3295493994844,28.46590987989688,5,False,True,True,,,,False,,15.27354002437186,True,
fixed_film__g2__t12,2,12,22,provenance://crystalite/outputs/final report output/mattergen_eval_fixed_film_raw_skip8_view/fixed_film__g2__t12/cifs/sample_00022.cif,True,False,True,False,2.816791051092708,473.57292271559953,33.82663733682854,14,False,True,True,,,,False,,17.310848307862813,True,
fixed_film__g2__t12,2,12,23,provenance://crystalite/outputs/final report output/mattergen_eval_fixed_film_raw_skip8_view/fixed_film__g2__t12/cifs/sample_00023.cif,True,True,True,True,2.275995242521108,201.4718609845066,22.385762331611843,9,False,True,True,,,,False,,12.200865086457554,True,
fixed_film__g2__t12,2,12,26,provenance://crystalite/outputs/final report output/mattergen_eval_fixed_film_raw_skip8_view/fixed_film__g2__t12/cifs/sample_00026.cif,True,False,True,False,2.4272014384100795,391.88136483289935,19.59406824164497,20,False,True,True,,,,False,,19.708798287065168,True,
fixed_film__g2__t12,2,12,28,provenance://crystalite/outputs/final report output/mattergen_eval_fixed_film_raw_skip8_view/fixed_film__g2__t12/cifs/sample_00028.cif,True,True,True,True,2.4550178390811794,429.29415955869433,26.8308849724184,16,False,True,True,,,,False,,13.17572018659576,True,
fixed_film__g2__t12,2,12,30,provenance://crystalite/outputs/final report output/mattergen_eval_fixed_film_raw_skip8_view/fixed_film__g2__t12/cifs/sample_00030.cif,True,False,True,False,2.7335061969754832,502.1681273413723,31.38550795883577,16,False,True,True,,,,False,,12.33308171307822,True,
fixed_film__g2__t12,2,12,31,provenance://crystalite/outputs/final report output/mattergen_eval_fixed_film_raw_skip8_view/fixed_film__g2__t12/cifs/sample_00031.cif,True,True,True,True,2.434224828278188,99.56579233670196,19.913158467340395,5,False,True,True,,,,False,,19.804807912210684,True,
fixed_film__g2__t12,2,12,34,provenance://crystalite/outputs/final report output/mattergen_eval_fixed_film_raw_skip8_view/fixed_film__g2__t12/cifs/sample_00034.cif,True,False,True,False,2.150523297952004,343.10428436551393,26.39263725888569,13,False,True,True,,,,False,,11.998369369262194,True,
fixed_film__g2__t12,2,12,35,provenance://crystalite/outputs/final report output/mattergen_eval_fixed_film_raw_skip8_view/fixed_film__g2__t12/cifs/sample_00035.cif,True,True,True,True,2.4218327249978144,161.84690906470345,23.12098700924335,7,False,True,True,,,,False,,15.870490811068697,True,
fixed_film__g2__t12,2,12,37,provenance://crystalite/outputs/final report output/mattergen_eval_fixed_film_raw_skip8_view/fixed_film__g2__t12/cifs/sample_00037.cif,True,True,True,True,2.463721066963,387.5458667335371,24.221616670846068,16,False,True,True,,,,False,,19.127505597700083,True,
fixed_film__g2__t12,2,12,38,provenance://crystalite/outputs/final report output/mattergen_eval_fixed_film_raw_skip8_view/fixed_film__g2__t12/cifs/sample_00038.cif,True,False,True,False,2.252064632422377,241.49729984691749,20.124774987243125,12,False,True,True,,,,False,,15.468972262596418,True,
fixed_film__g2__t12,2,12,41,provenance://crystalite/outputs/final report output/mattergen_eval_fixed_film_raw_skip8_view/fixed_film__g2__t12/cifs/sample_00041.cif,True,False,True,False,2.467522982268214,152.45307287074567,30.49061457414913,5,False,True,True,,,,False,,20.73975279997664,True,
fixed_film__g2__t12,2,12,42,provenance://crystalite/outputs/final report output/mattergen_eval_fixed_film_raw_skip8_view/fixed_film__g2__t12/cifs/sample_00042.cif,True,True,True,True,2.393248903369936,373.5852247037917,23.349076543986985,16,False,True,True,,,,False,,17.124211650316038,True,
fixed_film__g2__t12,2,12,43,provenance://crystalite/outputs/final report output/mattergen_eval_fixed_film_raw_skip8_view/fixed_film__g2__t12/cifs/sample_00043.cif,True,True,True,True,2.123970180585,232.1987003859508,23.219870038595083,10,False,True,True,,,,False,,11.633755460054717,True,
fixed_film__g2__t12,2,12,46,provenance://crystalite/outputs/final report output/mattergen_eval_fixed_film_raw_skip8_view/fixed_film__g2__t12/cifs/sample_00046.cif,True,True,True,True,2.365421488599688,243.47072866046665,22.133702605496968,11,False,True,True,,,,False,,13.396238099915982,True,
fixed_film__g2__t12,2,12,48,provenance://crystalite/outputs/final report output/mattergen_eval_fixed_film_raw_skip8_view/fixed_film__g2__t12/cifs/sample_00048.cif,True,True,True,True,2.3397266077882994,271.32215950378753,33.91526993797344,8,False,True,True,,,,False,,15.696541399165756,True,
fixed_film__g2__t12,2,12,49,provenance://crystalite/outputs/final report output/mattergen_eval_fixed_film_raw_skip8_view/fixed_film__g2__t12/cifs/sample_00049.cif,True,True,True,True,2.398257148565633,226.33829122407005,28.29228640300876,8,False,True,True,,,,False,,15.899921788020842,True,
fixed_film__g2__t12,2,12,50,provenance://crystalite/outputs/final report output/mattergen_eval_fixed_film_raw_skip8_view/fixed_film__g2__t12/cifs/sample_00050.cif,True,True,True,True,2.535439916633099,348.6586535040487,29.054887792004056,12,False,True,True,,,,False,,13.675687443812622,True,
fixed_film__g2__t12,2,12,51,provenance://crystalite/outputs/final report output/mattergen_eval_fixed_film_raw_skip8_view/fixed_film__g2__t12/cifs/sample_00051.cif,True,True,True,True,1.9214011122616848,163.21044961849103,18.13449440205456,9,False,True,True,,,,False,,15.373225664092033,True,
fixed_film__g2__t12,2,12,54,provenance://crystalite/outputs/final report output/mattergen_eval_fixed_film_raw_skip8_view/fixed_film__g2__t12/cifs/sample_00054.cif,True,False,True,False,2.234518648735154,537.2400547315767,29.846669707309815,18,False,True,True,,,,False,,6.865399660682051,True,
fixed_film__g2__t12,2,12,56,provenance://crystalite/outputs/final report output/mattergen_eval_fixed_film_raw_skip8_view/fixed_film__g2__t12/cifs/sample_00056.cif,True,True,True,True,2.6833168374620984,137.93826494886352,34.48456623721588,4,False,True,True,,,,False,,14.345684534059568,True,
fixed_film__g2__t12,2,12,57,provenance://crystalite/outputs/final report output/mattergen_eval_fixed_film_raw_skip8_view/fixed_film__g2__t12/cifs/sample_00057.cif,True,True,True,True,1.9313980895870175,144.68505692700649,28.9370113854013,5,False,True,True,,,,False,,9.901854067180354,True,
fixed_film__g2__t12,2,12,59,provenance://crystalite/outputs/final report output/mattergen_eval_fixed_film_raw_skip8_view/fixed_film__g2__t12/cifs/sample_00059.cif,True,True,True,True,2.55907587790787,255.51552775924137,23.22868434174921,11,False,True,True,,,,False,,8.846466372912476,True,
fixed_film__g2__t12,2,12,61,provenance://crystalite/outputs/final report output/mattergen_eval_fixed_film_raw_skip8_view/fixed_film__g2__t12/cifs/sample_00061.cif,True,True,True,True,1.8856175510487208,459.9259973256891,32.85185695183493,14,False,True,True,,,,False,,14.03928792867191,True,
fixed_film__g2__t12,2,12,62,provenance://crystalite/outputs/final report output/mattergen_eval_fixed_film_raw_skip8_view/fixed_film__g2__t12/cifs/sample_00062.cif,True,True,True,True,2.215745692867377,246.63749735619425,22.42159066874493,11,False,True,True,,,,False,,14.758003618700634,True,
fixed_film__g2__t12,2,12,64,provenance://crystalite/outputs/final report output/mattergen_eval_fixed_film_raw_skip8_view/fixed_film__g2__t12/cifs/sample_00064.cif,True,True,True,True,2.165103057975159,199.81053672824743,28.544362389749637,7,False,True,True,,,,False,,5.726375067141698,True,
fixed_film__g2__t12,2,12,65,provenance://crystalite/outputs/final report output/mattergen_eval_fixed_film_raw_skip8_view/fixed_film__g2__t12/cifs/sample_00065.cif,True,True,True,True,2.5025937224493013,106.92899907077108,17.82149984512851,6,False,True,True,,,,False,,25.403822935915816,True,
fixed_film__g2__t12,2,12,68,provenance://crystalite/outputs/final report output/mattergen_eval_fixed_film_raw_skip8_view/fixed_film__g2__t12/cifs/sample_00068.cif,True,True,True,True,1.951231121900748,137.69182315553044,34.42295578888261,4,False,True,True,,,,False,,5.095636693786226,True,
fixed_film__g2__t12,2,12,71,provenance://crystalite/outputs/final report output/mattergen_eval_fixed_film_raw_skip8_view/fixed_film__g2__t12/cifs/sample_00071.cif,True,True,True,True,2.39812309697236,169.3171684366769,28.21952807277948,6,False,True,True,,,,False,,9.711220056006749,True,
fixed_film__g2__t12,2,12,72,provenance://crystalite/outputs/final report output/mattergen_eval_fixed_film_raw_skip8_view/fixed_film__g2__t12/cifs/sample_00072.cif,True,True,True,True,1.2224196427164309,192.98998799256907,19.298998799256907,10,False,True,True,,,,False,,3.410313835902913,True,
fixed_film__g2__t12,2,12,73,provenance://crystalite/outputs/final report output/mattergen_eval_fixed_film_raw_skip8_view/fixed_film__g2__t12/cifs/sample_00073.cif,True,False,True,False,2.115660449252309,545.4261697749732,34.08913561093583,16,False,True,True,,,,False,,10.10639383809124,True,
fixed_film__g2__t12,2,12,74,provenance://crystalite/outputs/final report output/mattergen_eval_fixed_film_raw_skip8_view/fixed_film__g2__t12/cifs/sample_00074.cif,True,True,True,True,2.708688418455505,85.82317077356888,21.45579269339222,4,True,True,True,,,,False,,25.861147795234743,True,
fixed_film__g2__t12,2,12,76,provenance://crystalite/outputs/final report output/mattergen_eval_fixed_film_raw_skip8_view/fixed_film__g2__t12/cifs/sample_00076.cif,True,True,True,True,3.137818995371082,61.18178537215253,30.590892686076263,2,True,True,True,,,,False,,14.943060137236571,True,
fixed_film__g2__t12,2,12,77,provenance://crystalite/outputs/final report output/mattergen_eval_fixed_film_raw_skip8_view/fixed_film__g2__t12/cifs/sample_00077.cif,True,False,True,False,2.3164755364631056,248.0376007686312,27.5597334187368,9,False,True,True,,,,False,,17.652519773915987,True,
fixed_film__g2__t12,2,12,78,provenance://crystalite/outputs/final report output/mattergen_eval_fixed_film_raw_skip8_view/fixed_film__g2__t12/cifs/sample_00078.cif,True,False,True,False,2.4547510268399364,204.22398786018528,25.52799848252316,8,False,True,True,,,,False,,13.243310141101476,True,
fixed_film__g2__t12,2,12,80,provenance://crystalite/outputs/final report output/mattergen_eval_fixed_film_raw_skip8_view/fixed_film__g2__t12/cifs/sample_00080.cif,True,True,True,True,2.410294434451805,219.87632286351308,21.987632286351307,10,False,True,True,,,,False,,19.7110540352262,True,
fixed_film__g2__t12,2,12,83,provenance://crystalite/outputs/final report output/mattergen_eval_fixed_film_raw_skip8_view/fixed_film__g2__t12/cifs/sample_00083.cif,True,True,True,True,2.420112028401033,396.6700087884217,33.05583406570181,12,False,True,True,,,,False,,14.775162867282445,True,
fixed_film__g2__t12,2,12,85,provenance://crystalite/outputs/final report output/mattergen_eval_fixed_film_raw_skip8_view/fixed_film__g2__t12/cifs/sample_00085.cif,True,True,True,True,2.644958913849853,368.34457373770886,30.695381144809076,12,False,True,True,,,,False,,16.61141003949899,True,
fixed_film__g2__t12,2,12,86,provenance://crystalite/outputs/final report output/mattergen_eval_fixed_film_raw_skip8_view/fixed_film__g2__t12/cifs/sample_00086.cif,True,False,True,False,2.287682518919153,462.37127382225134,33.02651955873224,14,False,True,True,,,,False,,13.99781578770807,True,
fixed_film__g2__t12,2,12,87,provenance://crystalite/outputs/final report output/mattergen_eval_fixed_film_raw_skip8_view/fixed_film__g2__t12/cifs/sample_00087.cif,True,True,True,True,2.109015509576985,288.62805036328706,24.05233753027392,12,False,True,True,,,,False,,9.954735733923073,True,
fixed_film__g2__t12,2,12,89,provenance://crystalite/outputs/final report output/mattergen_eval_fixed_film_raw_skip8_view/fixed_film__g2__t12/cifs/sample_00089.cif,True,True,True,True,2.585814143995563,410.7133793972805,25.66958621233003,16,False,True,True,,,,False,,19.48529045231536,True,
fixed_film__g2__t12,2,12,91,provenance://crystalite/outputs/final report output/mattergen_eval_fixed_film_raw_skip8_view/fixed_film__g2__t12/cifs/sample_00091.cif,True,True,True,True,2.9071764153639967,89.38344925832469,29.79448308610823,3,True,True,True,,,,False,,9.98183891991227,True,
fixed_film__g2__t12,2,12,93,provenance://crystalite/outputs/final report output/mattergen_eval_fixed_film_raw_skip8_view/fixed_film__g2__t12/cifs/sample_00093.cif,True,True,True,True,2.1949315503252604,241.77806934363343,34.539724191947634,7,False,True,True,,,,False,,11.04702239224062,True,
fixed_film__g2__t12,2,12,94,provenance://crystalite/outputs/final report output/mattergen_eval_fixed_film_raw_skip8_view/fixed_film__g2__t12/cifs/sample_00094.cif,True,True,True,True,2.307835016493664,345.87701688908663,34.587701688908666,10,False,True,True,,,,False,,9.609806959353534,True,
fixed_film__g2__t12,2,12,96,provenance://crystalite/outputs/final report output/mattergen_eval_fixed_film_raw_skip8_view/fixed_film__g2__t12/cifs/sample_00096.cif,True,True,True,True,2.145374405633148,183.706125219372,30.617687536562,6,False,True,True,,,,False,,6.825565426827151,True,
fixed_film__g2__t12,2,12,98,provenance://crystalite/outputs/final report output/mattergen_eval_fixed_film_raw_skip8_view/fixed_film__g2__t12/cifs/sample_00098.cif,True,True,True,True,2.0647000039208803,460.2138381183314,25.56743545101841,18,False,True,True,,,,False,,4.88711631504398,True,
fixed_film__g2__t12,2,12,99,provenance://crystalite/outputs/final report output/mattergen_eval_fixed_film_raw_skip8_view/fixed_film__g2__t12/cifs/sample_00099.cif,True,True,True,True,2.069345671886936,494.9977329822032,27.499874054566845,18,False,True,True,,,,False,,10.667181022857122,True,
fixed_film__g2__t12,2,12,100,provenance://crystalite/outputs/final report output/mattergen_eval_fixed_film_raw_skip8_view/fixed_film__g2__t12/cifs/sample_00100.cif,True,True,True,True,2.32171091562708,162.92969239793075,23.275670342561536,7,False,True,True,,,,False,,17.21889340606155,True,
fixed_film__g2__t12,2,12,101,provenance://crystalite/outputs/final report output/mattergen_eval_fixed_film_raw_skip8_view/fixed_film__g2__t12/cifs/sample_00101.cif,True,False,True,False,1.9324573466371704,159.5993488084318,19.949918601053977,8,False,True,True,,,,False,,12.930027388740406,True,
fixed_film__g2__t12,2,12,102,provenance://crystalite/outputs/final report output/mattergen_eval_fixed_film_raw_skip8_view/fixed_film__g2__t12/cifs/sample_00102.cif,True,True,True,True,2.273788505577505,428.454804823619,35.704567068634915,12,False,True,True,,,,False,,9.881119564589127,True,
fixed_film__g2__t12,2,12,103,provenance://crystalite/outputs/final report output/mattergen_eval_fixed_film_raw_skip8_view/fixed_film__g2__t12/cifs/sample_00103.cif,True,True,True,True,2.084804459087364,536.199998928736,26.8099999464368,20,False,True,True,,,,False,,8.459787553315634,True,
fixed_film__g2__t12,2,12,104,provenance://crystalite/outputs/final report output/mattergen_eval_fixed_film_raw_skip8_view/fixed_film__g2__t12/cifs/sample_00104.cif,True,True,True,True,1.934267501049336,280.51400889923565,23.37616740826964,12,False,True,True,,,,False,,10.088812139005093,True,
fixed_film__g2__t12,2,12,105,provenance://crystalite/outputs/final report output/mattergen_eval_fixed_film_raw_skip8_view/fixed_film__g2__t12/cifs/sample_00105.cif,True,True,True,True,2.523967251820713,64.61254615817894,21.53751538605965,3,False,True,True,,,,False,,17.005238187249628,True,
fixed_film__g2__t12,2,12,106,provenance://crystalite/outputs/final report output/mattergen_eval_fixed_film_raw_skip8_view/fixed_film__g2__t12/cifs/sample_00106.cif,True,False,True,False,2.154948412532862,458.3145834696135,32.736755962115254,14,False,True,True,,,,False,,8.68542318275074,True,
fixed_film__g2__t12,2,12,110,provenance://crystalite/outputs/final report output/mattergen_eval_fixed_film_raw_skip8_view/fixed_film__g2__t12/cifs/sample_00110.cif,True,False,True,False,2.378725931063661,544.3423248634932,38.88159463310666,14,False,True,True,,,,False,,7.891855132707067,True,
fixed_film__g2__t12,2,12,111,provenance://crystalite/outputs/final report output/mattergen_eval_fixed_film_raw_skip8_view/fixed_film__g2__t12/cifs/sample_00111.cif,True,True,True,True,2.3687152158584097,212.75730879256557,26.59466359907069,8,False,True,True,,,,False,,12.813157996059417,True,
fixed_film__g2__t12,2,12,112,provenance://crystalite/outputs/final report output/mattergen_eval_fixed_film_raw_skip8_view/fixed_film__g2__t12/cifs/sample_00112.cif,True,True,True,True,2.199371832583619,109.4471690831348,21.88943381662696,5,False,True,True,,,,False,,8.232919638040284,True,
fixed_film__g2__t12,2,12,113,provenance://crystalite/outputs/final report output/mattergen_eval_fixed_film_raw_skip8_view/fixed_film__g2__t12/cifs/sample_00113.cif,True,True,True,True,2.4597009653620194,231.41331578856816,28.92666447357102,8,False,True,True,,,,False,,14.534767265048108,True,
fixed_film__g2__t12,2,12,114,provenance://crystalite/outputs/final report output/mattergen_eval_fixed_film_raw_skip8_view/fixed_film__g2__t12/cifs/sample_00114.cif,True,True,True,True,2.8130436346415464,438.7320332806987,31.338002377192765,14,True,True,True,,,,False,,19.31233354260992,True,
fixed_film__g2__t12,2,12,115,provenance://crystalite/outputs/final report output/mattergen_eval_fixed_film_raw_skip8_view/fixed_film__g2__t12/cifs/sample_00115.cif,True,True,True,True,2.584606101584738,299.9022515051514,24.99185429209595,12,False,True,True,,,,False,,17.204898381599246,True,
fixed_film__g2__t12,2,12,118,provenance://crystalite/outputs/final report output/mattergen_eval_fixed_film_raw_skip8_view/fixed_film__g2__t12/cifs/sample_00118.cif,True,True,True,True,2.2574879646269634,714.1810128144016,35.70905064072008,20,False,True,True,,,,False,,8.704684054983568,True,
fixed_film__g2__t12,2,12,121,provenance://crystalite/outputs/final report output/mattergen_eval_fixed_film_raw_skip8_view/fixed_film__g2__t12/cifs/sample_00121.cif,True,False,True,False,2.46706792837518,420.8188859043474,32.37068353110365,13,False,True,True,,,,False,,12.21596017687613,True,
fixed_film__g2__t12,2,12,123,provenance://crystalite/outputs/final report output/mattergen_eval_fixed_film_raw_skip8_view/fixed_film__g2__t12/cifs/sample_00123.cif,True,True,True,True,2.156052997290561,295.60736872663784,29.560736872663785,10,False,True,True,,,,False,,11.925024373234606,True,
fixed_film__g2__t12,2,12,124,provenance://crystalite/outputs/final report output/mattergen_eval_fixed_film_raw_skip8_view/fixed_film__g2__t12/cifs/sample_00124.cif,True,True,True,True,2.7435128838503053,452.19607323874,32.29971951705286,14,False,True,True,,,,False,,16.120003198546467,True,
fixed_film__g2__t12,2,12,126,provenance://crystalite/outputs/final report output/mattergen_eval_fixed_film_raw_skip8_view/fixed_film__g2__t12/cifs/sample_00126.cif,True,False,True,False,2.526339421389218,439.8115257757094,33.83165582890072,13,False,True,True,,,,False,,11.987227387678866,True,
fixed_film__g2__t12,2,12,127,provenance://crystalite/outputs/final report output/mattergen_eval_fixed_film_raw_skip8_view/fixed_film__g2__t12/cifs/sample_00127.cif,True,False,True,False,2.457503647942461,337.870624231766,33.7870624231766,10,False,True,True,,,,False,,9.420695600674977,True,
fixed_film__g2__t2,2,2,0,provenance://crystalite/outputs/final report output/mattergen_eval_fixed_film_raw_skip8_view/fixed_film__g2__t2/cifs/sample_00000.cif,True,True,True,True,2.0079979462542257,94.732406028856,23.683101507214,4,False,True,True,,,,False,,1.7893264463042124,True,
fixed_film__g2__t2,2,2,1,provenance://crystalite/outputs/final report output/mattergen_eval_fixed_film_raw_skip8_view/fixed_film__g2__t2/cifs/sample_00001.cif,True,False,True,False,1.899232983684089,1265.7646670596544,63.28823335298272,20,False,True,True,,,,False,,1.2316933399049843,True,
fixed_film__g2__t2,2,2,2,provenance://crystalite/outputs/final report output/mattergen_eval_fixed_film_raw_skip8_view/fixed_film__g2__t2/cifs/sample_00002.cif,True,True,True,True,1.8131037501349463,124.15408508025511,15.51926063503189,8,False,True,True,,,,False,,2.086173600146086,True,
fixed_film__g2__t2,2,2,3,provenance://crystalite/outputs/final report output/mattergen_eval_fixed_film_raw_skip8_view/fixed_film__g2__t2/cifs/sample_00003.cif,True,False,True,False,1.4333413932342145,481.00479166069033,60.12559895758629,8,False,True,True,,,,False,,1.6495501274245046,True,
fixed_film__g2__t2,2,2,4,provenance://crystalite/outputs/final report output/mattergen_eval_fixed_film_raw_skip8_view/fixed_film__g2__t2/cifs/sample_00004.cif,True,True,True,True,2.0042009284833004,77.55961707767439,38.7798085388372,2,False,True,True,,,,False,,2.6797528449657544,True,
fixed_film__g2__t2,2,2,5,provenance://crystalite/outputs/final report output/mattergen_eval_fixed_film_raw_skip8_view/fixed_film__g2__t2/cifs/sample_00005.cif,True,False,True,False,1.424272432375153,378.3861363549876,23.649133522186727,16,False,True,True,,,,False,,2.316934158827,True,
fixed_film__g2__t2,2,2,6,provenance://crystalite/outputs/final report output/mattergen_eval_fixed_film_raw_skip8_view/fixed_film__g2__t2/cifs/sample_00006.cif,True,False,True,False,1.4218494202966954,131.65796405704086,16.457245507130107,8,False,True,True,,,,False,,2.438341889990973,True,
fixed_film__g2__t2,2,2,7,provenance://crystalite/outputs/final report output/mattergen_eval_fixed_film_raw_skip8_view/fixed_film__g2__t2/cifs/sample_00007.cif,True,False,True,False,1.337700295672268,211.0697542699016,15.076411019278686,14,False,True,True,,,,False,,2.00526611808022,True,
fixed_film__g2__t2,2,2,8,provenance://crystalite/outputs/final report output/mattergen_eval_fixed_film_raw_skip8_view/fixed_film__g2__t2/cifs/sample_00008.cif,True,False,True,False,1.8524105948157084,256.3847129179884,21.3653927431657,12,False,True,True,,,,False,,2.466177913631853,True,
fixed_film__g2__t2,2,2,9,provenance://crystalite/outputs/final report output/mattergen_eval_fixed_film_raw_skip8_view/fixed_film__g2__t2/cifs/sample_00009.cif,True,True,True,True,1.8207321985383595,144.32125504138753,18.04015688017344,8,False,True,True,,,,False,,2.0644955139104613,True,
fixed_film__g2__t2,2,2,10,provenance://crystalite/outputs/final report output/mattergen_eval_fixed_film_raw_skip8_view/fixed_film__g2__t2/cifs/sample_00010.cif,True,False,True,False,1.4253024190474968,239.3311146718013,19.94425955598344,12,False,True,True,,,,False,,2.5703027498983197,True,
fixed_film__g2__t2,2,2,11,provenance://crystalite/outputs/final report output/mattergen_eval_fixed_film_raw_skip8_view/fixed_film__g2__t2/cifs/sample_00011.cif,True,True,True,True,1.707278703165197,355.3518200947697,19.74176778304276,18,False,True,True,,,,False,,1.8299729577968824,True,
fixed_film__g2__t2,2,2,12,provenance://crystalite/outputs/final report output/mattergen_eval_fixed_film_raw_skip8_view/fixed_film__g2__t2/cifs/sample_00012.cif,True,False,True,False,1.8346835410097453,215.97165881763777,21.59716588176378,10,False,True,True,,,,False,,2.218811817967779,True,
fixed_film__g2__t2,2,2,13,provenance://crystalite/outputs/final report output/mattergen_eval_fixed_film_raw_skip8_view/fixed_film__g2__t2/cifs/sample_00013.cif,True,False,True,False,1.5455143465531027,370.7546994218168,30.896224951818063,12,False,True,True,,,,False,,1.7623309685535198,True,
fixed_film__g2__t2,2,2,14,provenance://crystalite/outputs/final report output/mattergen_eval_fixed_film_raw_skip8_view/fixed_film__g2__t2/cifs/sample_00014.cif,True,True,True,True,1.4887934560286906,180.9414065504118,15.078450545867652,12,False,True,True,,,,False,,1.938485462281135,True,
fixed_film__g2__t2,2,2,15,provenance://crystalite/outputs/final report output/mattergen_eval_fixed_film_raw_skip8_view/fixed_film__g2__t2/cifs/sample_00015.cif,True,True,True,True,1.230193402842006,159.38649515474972,53.12883171824991,3,False,True,True,,,,False,,1.962721362774216,True,
fixed_film__g2__t2,2,2,16,provenance://crystalite/outputs/final report output/mattergen_eval_fixed_film_raw_skip8_view/fixed_film__g2__t2/cifs/sample_00016.cif,True,False,True,False,1.12531518080937,394.75548792441055,21.93086044024503,18,False,True,True,,,,False,,2.1253227069460605,True,
fixed_film__g2__t2,2,2,17,provenance://crystalite/outputs/final report output/mattergen_eval_fixed_film_raw_skip8_view/fixed_film__g2__t2/cifs/sample_00017.cif,True,True,True,True,1.7578134529843243,123.64557880751262,15.455697350939078,8,False,True,True,,,,False,,3.9959959392267095,True,
fixed_film__g2__t2,2,2,18,provenance://crystalite/outputs/final report output/mattergen_eval_fixed_film_raw_skip8_view/fixed_film__g2__t2/cifs/sample_00018.cif,True,False,True,False,3.5054717554048884,88.27155912308596,44.13577956154298,2,False,True,True,,,,False,,3.6973897194822585,True,
fixed_film__g2__t2,2,2,19,provenance://crystalite/outputs/final report output/mattergen_eval_fixed_film_raw_skip8_view/fixed_film__g2__t2/cifs/sample_00019.cif,True,False,True,False,1.8250479968583797,281.1595492988723,28.11595492988723,10,False,False,True,,,,False,,1.815463336223028,True,
fixed_film__g2__t2,2,2,20,provenance://crystalite/outputs/final report output/mattergen_eval_fixed_film_raw_skip8_view/fixed_film__g2__t2/cifs/sample_00020.cif,True,False,True,False,2.4332399232875144,117.72571917649108,23.545143835298216,5,False,True,True,,,,False,,3.4330714564611373,True,
fixed_film__g2__t2,2,2,21,provenance://crystalite/outputs/final report output/mattergen_eval_fixed_film_raw_skip8_view/fixed_film__g2__t2/cifs/sample_00021.cif,True,False,True,False,1.6587350158543324,419.9016780771328,20.99508390385664,20,False,True,True,,,,False,,1.9802189292123271,True,
fixed_film__g2__t2,2,2,22,provenance://crystalite/outputs/final report output/mattergen_eval_fixed_film_raw_skip8_view/fixed_film__g2__t2/cifs/sample_00022.cif,True,False,True,False,1.0395006306935997,278.1655185999616,19.86896561428297,14,False,True,True,,,,False,,1.889260400613584,True,
fixed_film__g2__t2,2,2,23,provenance://crystalite/outputs/final report output/mattergen_eval_fixed_film_raw_skip8_view/fixed_film__g2__t2/cifs/sample_00023.cif,True,True,True,True,1.8466625983122755,117.19936209608328,13.022151344009252,9,False,True,True,,,,False,,2.3507224686163304,True,
fixed_film__g2__t2,2,2,24,provenance://crystalite/outputs/final report output/mattergen_eval_fixed_film_raw_skip8_view/fixed_film__g2__t2/cifs/sample_00024.cif,True,True,True,True,1.6377689751168427,195.23367671156092,19.52336767115609,10,False,True,True,,,,False,,1.8921388518261963,True,
fixed_film__g2__t2,2,2,25,provenance://crystalite/outputs/final report output/mattergen_eval_fixed_film_raw_skip8_view/fixed_film__g2__t2/cifs/sample_00025.cif,True,False,True,False,1.965033104624728,309.52007595454324,19.345004747158956,16,False,True,True,,,,False,,1.9458680469875649,True,
fixed_film__g2__t2,2,2,26,provenance://crystalite/outputs/final report output/mattergen_eval_fixed_film_raw_skip8_view/fixed_film__g2__t2/cifs/sample_00026.cif,True,True,True,True,1.4161346879521712,498.6404312157438,24.932021560787188,20,False,True,True,,,,False,,1.977674977993964,True,
fixed_film__g2__t2,2,2,27,provenance://crystalite/outputs/final report output/mattergen_eval_fixed_film_raw_skip8_view/fixed_film__g2__t2/cifs/sample_00027.cif,True,False,True,False,1.981343579453429,138.3931833196812,17.299147914960148,8,False,True,True,,,,False,,1.9821030271066664,True,
fixed_film__g2__t2,2,2,28,provenance://crystalite/outputs/final report output/mattergen_eval_fixed_film_raw_skip8_view/fixed_film__g2__t2/cifs/sample_00028.cif,True,True,True,True,1.3361823684480123,379.743704276488,23.733981517280498,16,False,True,True,,,,False,,1.9402915335100448,True,
fixed_film__g2__t2,2,2,29,provenance://crystalite/outputs/final report output/mattergen_eval_fixed_film_raw_skip8_view/fixed_film__g2__t2/cifs/sample_00029.cif,True,False,True,False,1.3382200665969588,281.49213412142615,17.593258382589134,16,False,True,True,,,,False,,1.9896437502295352,True,
fixed_film__g2__t2,2,2,30,provenance://crystalite/outputs/final report output/mattergen_eval_fixed_film_raw_skip8_view/fixed_film__g2__t2/cifs/sample_00030.cif,True,True,True,True,1.717433373981551,376.7776625469312,23.5486039091832,16,False,True,True,,,,False,,1.8953866888263304,True,
fixed_film__g2__t2,2,2,31,provenance://crystalite/outputs/final report output/mattergen_eval_fixed_film_raw_skip8_view/fixed_film__g2__t2/cifs/sample_00031.cif,True,False,True,False,1.7895482305052686,99.31071712727469,19.86214342545493,5,False,True,True,,,,False,,2.2141624288531783,True,
fixed_film__g2__t2,2,2,32,provenance://crystalite/outputs/final report output/mattergen_eval_fixed_film_raw_skip8_view/fixed_film__g2__t2/cifs/sample_00032.cif,True,False,True,False,1.5311385257858712,319.1244064525847,17.72913369181026,18,False,True,True,,,,False,,2.027906637956689,True,
fixed_film__g2__t2,2,2,33,provenance://crystalite/outputs/final report output/mattergen_eval_fixed_film_raw_skip8_view/fixed_film__g2__t2/cifs/sample_00033.cif,True,True,True,True,1.1752229114535726,326.04038037187524,27.17003169765627,12,False,True,True,,,,False,,1.5860780272656454,True,
fixed_film__g2__t2,2,2,34,provenance://crystalite/outputs/final report output/mattergen_eval_fixed_film_raw_skip8_view/fixed_film__g2__t2/cifs/sample_00034.cif,True,False,True,False,1.284455548208546,197.86316623434573,15.220243556488132,13,False,True,True,,,,False,,2.465490392540788,True,
fixed_film__g2__t2,2,2,35,provenance://crystalite/outputs/final report output/mattergen_eval_fixed_film_raw_skip8_view/fixed_film__g2__t2/cifs/sample_00035.cif,True,True,True,True,1.8590710660184395,114.71265143249892,16.38752163321413,7,False,True,True,,,,False,,2.7718358477913405,True,
fixed_film__g2__t2,2,2,36,provenance://crystalite/outputs/final report output/mattergen_eval_fixed_film_raw_skip8_view/fixed_film__g2__t2/cifs/sample_00036.cif,True,False,True,False,1.3394736613314595,326.383311859191,18.1324062143995,18,False,True,True,,,,False,,2.0971753185260487,True,
fixed_film__g2__t2,2,2,37,provenance://crystalite/outputs/final report output/mattergen_eval_fixed_film_raw_skip8_view/fixed_film__g2__t2/cifs/sample_00037.cif,True,False,True,False,1.4197521256843668,1078.5752511692126,67.41095319807579,16,False,True,True,,,,False,,1.3803185758587189,True,
fixed_film__g2__t2,2,2,38,provenance://crystalite/outputs/final report output/mattergen_eval_fixed_film_raw_skip8_view/fixed_film__g2__t2/cifs/sample_00038.cif,True,True,True,True,1.218129573114174,313.1604585035749,26.096704875297903,12,False,True,True,,,,False,,2.003045175395094,True,
fixed_film__g2__t2,2,2,39,provenance://crystalite/outputs/final report output/mattergen_eval_fixed_film_raw_skip8_view/fixed_film__g2__t2/cifs/sample_00039.cif,True,True,True,True,0.7492165661805712,270.80506702341967,16.92531668896373,16,False,True,True,,,,False,,1.8588717714275012,True,
fixed_film__g2__t2,2,2,40,provenance://crystalite/outputs/final report output/mattergen_eval_fixed_film_raw_skip8_view/fixed_film__g2__t2/cifs/sample_00040.cif,True,True,True,True,3.014330868450346,57.09347095038674,28.54673547519337,2,False,True,False,,,,False,,2.2273284004913845,True,
fixed_film__g2__t2,2,2,41,provenance://crystalite/outputs/final report output/mattergen_eval_fixed_film_raw_skip8_view/fixed_film__g2__t2/cifs/sample_00041.cif,True,False,True,False,1.5641429791114003,124.27731326995747,24.85546265399149,5,False,True,True,,,,False,,2.3424115044443146,True,
fixed_film__g2__t2,2,2,42,provenance://crystalite/outputs/final report output/mattergen_eval_fixed_film_raw_skip8_view/fixed_film__g2__t2/cifs/sample_00042.cif,True,False,True,False,1.7420696931170758,286.9735778690115,17.935848616813217,16,False,True,True,,,,False,,2.2394968025245823,True,
fixed_film__g2__t2,2,2,43,provenance://crystalite/outputs/final report output/mattergen_eval_fixed_film_raw_skip8_view/fixed_film__g2__t2/cifs/sample_00043.cif,True,True,True,True,1.905226536983696,198.0048597077964,19.80048597077964,10,False,True,True,,,,False,,3.743654387442003,True,
fixed_film__g2__t2,2,2,44,provenance://crystalite/outputs/final report output/mattergen_eval_fixed_film_raw_skip8_view/fixed_film__g2__t2/cifs/sample_00044.cif,True,True,True,True,1.7989446850917303,234.020040241472,23.4020040241472,10,False,True,True,,,,False,,1.8668911450296743,True,
fixed_film__g2__t2,2,2,45,provenance://crystalite/outputs/final report output/mattergen_eval_fixed_film_raw_skip8_view/fixed_film__g2__t2/cifs/sample_00045.cif,True,False,True,False,1.4075734202912915,112.87391717478432,18.81231952913072,6,False,True,True,,,,False,,3.1733973545077085,True,
fixed_film__g2__t2,2,2,46,provenance://crystalite/outputs/final report output/mattergen_eval_fixed_film_raw_skip8_view/fixed_film__g2__t2/cifs/sample_00046.cif,True,True,True,True,1.5897485139258691,143.5785463674164,13.052595124310583,11,False,True,True,,,,False,,2.445064940743425,True,
fixed_film__g2__t2,2,2,47,provenance://crystalite/outputs/final report output/mattergen_eval_fixed_film_raw_skip8_view/fixed_film__g2__t2/cifs/sample_00047.cif,True,False,True,False,1.4249630689190271,256.026561860272,21.33554682168933,12,False,True,True,,,,False,,1.9231400363787567,True,
fixed_film__g2__t2,2,2,48,provenance://crystalite/outputs/final report output/mattergen_eval_fixed_film_raw_skip8_view/fixed_film__g2__t2/cifs/sample_00048.cif,True,False,True,False,1.8846891549595632,370.26031778736495,46.28253972342062,8,False,True,True,,,,False,,1.783194049718176,True,
fixed_film__g2__t2,2,2,49,provenance://crystalite/outputs/final report output/mattergen_eval_fixed_film_raw_skip8_view/fixed_film__g2__t2/cifs/sample_00049.cif,True,True,True,True,1.901065904513828,148.97102173423704,18.62137771677963,8,False,True,True,,,,False,,2.1138344777477998,True,
fixed_film__g2__t2,2,2,50,provenance://crystalite/outputs/final report output/mattergen_eval_fixed_film_raw_skip8_view/fixed_film__g2__t2/cifs/sample_00050.cif,True,True,True,True,1.4222437448395089,319.0695801718354,26.589131680986284,12,False,True,True,,,,False,,2.4522191554123234,True,
fixed_film__g2__t2,2,2,51,provenance://crystalite/outputs/final report output/mattergen_eval_fixed_film_raw_skip8_view/fixed_film__g2__t2/cifs/sample_00051.cif,True,False,True,False,1.9185017899477448,199.15654898144237,22.128505442382483,9,False,True,True,,,,False,,1.9804174117629412,True,
fixed_film__g2__t2,2,2,52,provenance://crystalite/outputs/final report output/mattergen_eval_fixed_film_raw_skip8_view/fixed_film__g2__t2/cifs/sample_00052.cif,True,True,True,True,1.9516084498607944,214.2690443614864,19.4790040328624,11,False,True,True,,,,False,,2.150713689575787,True,
fixed_film__g2__t2,2,2,53,provenance://crystalite/outputs/final report output/mattergen_eval_fixed_film_raw_skip8_view/fixed_film__g2__t2/cifs/sample_00053.cif,True,False,True,False,1.7938081569177469,742.6047462889967,41.2558192382776,18,False,True,True,,,,False,,1.52736385297083,True,
fixed_film__g2__t2,2,2,54,provenance://crystalite/outputs/final report output/mattergen_eval_fixed_film_raw_skip8_view/fixed_film__g2__t2/cifs/sample_00054.cif,True,True,True,True,1.7918885025245874,484.18139155516127,26.89896619750896,18,False,True,True,,,,False,,1.9507708342211725,True,
fixed_film__g2__t2,2,2,55,provenance://crystalite/outputs/final report output/mattergen_eval_fixed_film_raw_skip8_view/fixed_film__g2__t2/cifs/sample_00055.cif,True,False,True,False,1.4502858336949327,214.1341377087745,17.844511475731206,12,False,True,True,,,,False,,2.442993164185264,True,
fixed_film__g2__t2,2,2,56,provenance://crystalite/outputs/final report output/mattergen_eval_fixed_film_raw_skip8_view/fixed_film__g2__t2/cifs/sample_00056.cif,True,True,True,True,2.599553430223445,141.45538723239724,35.36384680809931,4,False,True,True,,,,False,,3.0612463614861105,True,
fixed_film__g2__t2,2,2,57,provenance://crystalite/outputs/final report output/mattergen_eval_fixed_film_raw_skip8_view/fixed_film__g2__t2/cifs/sample_00057.cif,True,True,True,True,1.90306462586512,85.54384105152548,17.108768210305094,5,False,True,True,,,,False,,5.170171708192458,True,
fixed_film__g2__t2,2,2,58,provenance://crystalite/outputs/final report output/mattergen_eval_fixed_film_raw_skip8_view/fixed_film__g2__t2/cifs/sample_00058.cif,True,False,True,False,1.0039305658952289,510.92955079309087,28.384975044060603,18,False,True,True,,,,False,,1.827516506576761,True,
fixed_film__g2__t2,2,2,59,provenance://crystalite/outputs/final report output/mattergen_eval_fixed_film_raw_skip8_view/fixed_film__g2__t2/cifs/sample_00059.cif,True,False,True,False,1.1272025433068198,285.2198179799854,25.929074361816856,11,False,True,True,,,,False,,1.8555718523173048,True,
fixed_film__g2__t2,2,2,61,provenance://crystalite/outputs/final report output/mattergen_eval_fixed_film_raw_skip8_view/fixed_film__g2__t2/cifs/sample_00061.cif,True,True,True,True,1.5929346306860737,271.5956457654576,19.399688983246968,14,False,True,True,,,,False,,2.1783145714546994,True,
fixed_film__g2__t2,2,2,62,provenance://crystalite/outputs/final report output/mattergen_eval_fixed_film_raw_skip8_view/fixed_film__g2__t2/cifs/sample_00062.cif,True,False,True,False,1.40653986467762,254.68002435416585,23.15272948674235,11,False,True,True,,,,False,,1.8241862189691056,True,
fixed_film__g2__t2,2,2,63,provenance://crystalite/outputs/final report output/mattergen_eval_fixed_film_raw_skip8_view/fixed_film__g2__t2/cifs/sample_00063.cif,True,True,True,True,1.5559820301279392,170.43273458019578,18.936970508910644,9,False,True,True,,,,False,,2.0238664158616744,True,
fixed_film__g2__t2,2,2,64,provenance://crystalite/outputs/final report output/mattergen_eval_fixed_film_raw_skip8_view/fixed_film__g2__t2/cifs/sample_00064.cif,True,False,True,False,1.4968155978772455,119.75486845692475,17.10783835098925,7,False,True,True,,,,False,,2.6021562218259024,True,
fixed_film__g2__t2,2,2,65,provenance://crystalite/outputs/final report output/mattergen_eval_fixed_film_raw_skip8_view/fixed_film__g2__t2/cifs/sample_00065.cif,True,True,True,True,1.916591896313052,135.99937573135273,22.666562621892123,6,False,True,True,,,,False,,2.3778640615858024,True,
fixed_film__g2__t2,2,2,66,provenance://crystalite/outputs/final report output/mattergen_eval_fixed_film_raw_skip8_view/fixed_film__g2__t2/cifs/sample_00066.cif,True,True,True,True,1.5667352760645084,361.9800802153569,18.09900401076784,20,False,True,True,,,,False,,1.8348019856034088,True,
fixed_film__g2__t2,2,2,67,provenance://crystalite/outputs/final report output/mattergen_eval_fixed_film_raw_skip8_view/fixed_film__g2__t2/cifs/sample_00067.cif,True,False,True,False,1.600555675755496,235.5836957263067,19.631974643858893,12,False,True,True,,,,False,,1.903591687794874,True,
fixed_film__g2__t2,2,2,68,provenance://crystalite/outputs/final report output/mattergen_eval_fixed_film_raw_skip8_view/fixed_film__g2__t2/cifs/sample_00068.cif,True,True,True,True,1.4475125620082296,86.05858325689294,21.51464581422324,4,False,True,True,,,,False,,1.8694696696564908,True,
fixed_film__g2__t2,2,2,69,provenance://crystalite/outputs/final report output/mattergen_eval_fixed_film_raw_skip8_view/fixed_film__g2__t2/cifs/sample_00069.cif,True,False,True,False,1.426585260264985,500.7991100926838,25.03995550463419,20,False,True,True,,,,False,,2.0464489837197477,True,
fixed_film__g2__t2,2,2,70,provenance://crystalite/outputs/final report output/mattergen_eval_fixed_film_raw_skip8_view/fixed_film__g2__t2/cifs/sample_00070.cif,True,False,True,False,1.5780797002122335,500.3683749423417,27.79824305235232,18,False,True,True,,,,False,,1.340440772451586,True,
fixed_film__g2__t2,2,2,71,provenance://crystalite/outputs/final report output/mattergen_eval_fixed_film_raw_skip8_view/fixed_film__g2__t2/cifs/sample_00071.cif,True,True,True,True,1.7884251638043769,85.0858308011065,14.180971800184416,6,False,True,False,,,,False,,1.8797556081142297,True,
fixed_film__g2__t2,2,2,72,provenance://crystalite/outputs/final report output/mattergen_eval_fixed_film_raw_skip8_view/fixed_film__g2__t2/cifs/sample_00072.cif,True,True,True,True,1.3367499665087976,208.98855869088783,20.898855869088784,10,False,True,True,,,,False,,2.2048904157841918,True,
fixed_film__g2__t2,2,2,73,provenance://crystalite/outputs/final report output/mattergen_eval_fixed_film_raw_skip8_view/fixed_film__g2__t2/cifs/sample_00073.cif,True,True,True,True,0.9736054726775804,249.49293495738385,15.593308434836487,16,False,True,True,,,,False,,2.1599236223920992,True,
fixed_film__g2__t2,2,2,74,provenance://crystalite/outputs/final report output/mattergen_eval_fixed_film_raw_skip8_view/fixed_film__g2__t2/cifs/sample_00074.cif,True,True,True,True,2.005000535009999,36.87527036594987,9.218817591487468,4,False,True,True,,,,False,,2.534659719800524,True,
fixed_film__g2__t2,2,2,75,provenance://crystalite/outputs/final report output/mattergen_eval_fixed_film_raw_skip8_view/fixed_film__g2__t2/cifs/sample_00075.cif,True,True,True,True,1.754181169390945,108.69092480324468,13.586365600405584,8,False,True,True,,,,False,,2.08569193353514,True,
fixed_film__g2__t2,2,2,76,provenance://crystalite/outputs/final report output/mattergen_eval_fixed_film_raw_skip8_view/fixed_film__g2__t2/cifs/sample_00076.cif,True,True,True,True,1.421759096700908,61.17909958144363,30.58954979072181,2,False,True,True,,,,False,,2.259910380663604,True,
fixed_film__g2__t2,2,2,77,provenance://crystalite/outputs/final report output/mattergen_eval_fixed_film_raw_skip8_view/fixed_film__g2__t2/cifs/sample_00077.cif,True,False,True,False,1.9599862043773728,157.46608806590064,17.49623200732229,9,False,True,True,,,,False,,2.525558957417367,True,
fixed_film__g2__t2,2,2,78,provenance://crystalite/outputs/final report output/mattergen_eval_fixed_film_raw_skip8_view/fixed_film__g2__t2/cifs/sample_00078.cif,True,True,True,True,2.131633795717408,162.87684360126048,20.35960545015756,8,False,True,True,,,,False,,2.0804280061104343,True,
fixed_film__g2__t2,2,2,79,provenance://crystalite/outputs/final report output/mattergen_eval_fixed_film_raw_skip8_view/fixed_film__g2__t2/cifs/sample_00079.cif,True,True,True,True,1.4214559176298216,284.92257692142255,17.80766105758891,16,False,True,True,,,,False,,2.321141791147366,True,
fixed_film__g2__t2,2,2,80,provenance://crystalite/outputs/final report output/mattergen_eval_fixed_film_raw_skip8_view/fixed_film__g2__t2/cifs/sample_00080.cif,True,True,True,True,1.7289225647782536,171.03060022622634,17.103060022622635,10,False,True,True,,,,False,,1.4534795485000036,True,
fixed_film__g2__t2,2,2,81,provenance://crystalite/outputs/final report output/mattergen_eval_fixed_film_raw_skip8_view/fixed_film__g2__t2/cifs/sample_00081.cif,True,False,True,False,1.3386249868425932,427.17103845886487,21.35855192294324,20,False,True,True,,,,False,,2.360729250417393,True,
fixed_film__g2__t2,2,2,82,provenance://crystalite/outputs/final report output/mattergen_eval_fixed_film_raw_skip8_view/fixed_film__g2__t2/cifs/sample_00082.cif,True,True,True,True,2.6173038817892755,114.92631492281188,19.154385820468647,6,False,True,True,,,,False,,2.587259413454737,True,
fixed_film__g2__t2,2,2,83,provenance://crystalite/outputs/final report output/mattergen_eval_fixed_film_raw_skip8_view/fixed_film__g2__t2/cifs/sample_00083.cif,True,False,True,False,1.002328766984782,151.66004897367617,12.638337414473014,12,False,True,True,,,,False,,2.106379253015074,True,
fixed_film__g2__t2,2,2,84,provenance://crystalite/outputs/final report output/mattergen_eval_fixed_film_raw_skip8_view/fixed_film__g2__t2/cifs/sample_00084.cif,True,True,True,True,1.4203040679576897,395.4398148387694,21.96887860215385,18,False,True,True,,,,False,,1.867969560584048,True,
fixed_film__g2__t2,2,2,85,provenance://crystalite/outputs/final report output/mattergen_eval_fixed_film_raw_skip8_view/fixed_film__g2__t2/cifs/sample_00085.cif,True,True,True,True,1.3283236756604098,141.61716217322,11.801430181101669,12,False,True,True,,,,False,,2.4606960138662592,True,
fixed_film__g2__t2,2,2,86,provenance://crystalite/outputs/final report output/mattergen_eval_fixed_film_raw_skip8_view/fixed_film__g2__t2/cifs/sample_00086.cif,True,False,True,False,1.4220818457568658,309.49924869341675,22.107089192386912,14,False,True,True,,,,False,,2.1827361533805254,True,
fixed_film__g2__t2,2,2,87,provenance://crystalite/outputs/final report output/mattergen_eval_fixed_film_raw_skip8_view/fixed_film__g2__t2/cifs/sample_00087.cif,True,True,True,True,1.28527770204026,288.92268546194,24.076890455161664,12,False,True,True,,,,False,,3.0442015757432324,True,
fixed_film__g2__t2,2,2,88,provenance://crystalite/outputs/final report output/mattergen_eval_fixed_film_raw_skip8_view/fixed_film__g2__t2/cifs/sample_00088.cif,True,False,True,False,1.4149838886001596,462.1262589940561,23.106312949702804,20,False,True,True,,,,False,,2.16707573176973,True,
fixed_film__g2__t2,2,2,89,provenance://crystalite/outputs/final report output/mattergen_eval_fixed_film_raw_skip8_view/fixed_film__g2__t2/cifs/sample_00089.cif,True,True,True,True,1.5789519433294414,368.7195544580202,23.04497215362626,16,False,True,True,,,,False,,1.642284790414502,True,
fixed_film__g2__t2,2,2,90,provenance://crystalite/outputs/final report output/mattergen_eval_fixed_film_raw_skip8_view/fixed_film__g2__t2/cifs/sample_00090.cif,True,False,True,False,1.5725075154812285,322.2449139391023,23.01749385279302,14,False,True,True,,,,False,,1.5354275713813346,True,
fixed_film__g2__t2,2,2,91,provenance://crystalite/outputs/final report output/mattergen_eval_fixed_film_raw_skip8_view/fixed_film__g2__t2/cifs/sample_00091.cif,True,True,True,True,2.242253998764796,54.179471449772585,18.05982381659086,3,False,True,True,,,,False,,5.410323033674847,True,
fixed_film__g2__t2,2,2,92,provenance://crystalite/outputs/final report output/mattergen_eval_fixed_film_raw_skip8_view/fixed_film__g2__t2/cifs/sample_00092.cif,True,True,True,True,2.197150148308184,85.34500328046394,17.06900065609279,5,False,True,True,,,,False,,2.3046673155263524,True,
fixed_film__g2__t2,2,2,93,provenance://crystalite/outputs/final report output/mattergen_eval_fixed_film_raw_skip8_view/fixed_film__g2__t2/cifs/sample_00093.cif,True,True,True,True,1.8757572711944908,111.35974850463194,15.908535500661705,7,False,True,True,,,,False,,2.2394926832889457,True,
fixed_film__g2__t2,2,2,94,provenance://crystalite/outputs/final report output/mattergen_eval_fixed_film_raw_skip8_view/fixed_film__g2__t2/cifs/sample_00094.cif,True,True,True,True,1.5806189204406582,225.0463962827319,22.50463962827319,10,False,True,True,,,,False,,1.0910874144311629,True,
fixed_film__g2__t2,2,2,95,provenance://crystalite/outputs/final report output/mattergen_eval_fixed_film_raw_skip8_view/fixed_film__g2__t2/cifs/sample_00095.cif,True,False,True,False,1.511212816440099,307.75065699658046,19.23441606228628,16,False,True,True,,,,False,,2.3348443454197167,True,
fixed_film__g2__t2,2,2,96,provenance://crystalite/outputs/final report output/mattergen_eval_fixed_film_raw_skip8_view/fixed_film__g2__t2/cifs/sample_00096.cif,True,False,True,False,2.3176846150251973,133.16654560076338,22.1944242667939,6,False,True,True,,,,False,,2.7660933423111764,True,
fixed_film__g2__t2,2,2,97,provenance://crystalite/outputs/final report output/mattergen_eval_fixed_film_raw_skip8_view/fixed_film__g2__t2/cifs/sample_00097.cif,True,False,True,False,1.880433778218311,1197.3048365795871,63.01604403050459,19,False,True,True,,,,False,,1.3941337008927803,True,
fixed_film__g2__t2,2,2,98,provenance://crystalite/outputs/final report output/mattergen_eval_fixed_film_raw_skip8_view/fixed_film__g2__t2/cifs/sample_00098.cif,True,False,True,False,1.7064678253682075,362.1562676281426,20.119792646007923,18,False,True,True,,,,False,,2.0673651356259577,True,
fixed_film__g2__t2,2,2,99,provenance://crystalite/outputs/final report output/mattergen_eval_fixed_film_raw_skip8_view/fixed_film__g2__t2/cifs/sample_00099.cif,True,False,True,False,1.41678492104823,400.86515688187967,22.27028649343776,18,False,True,True,,,,False,,1.7351336371104296,True,
fixed_film__g2__t2,2,2,100,provenance://crystalite/outputs/final report output/mattergen_eval_fixed_film_raw_skip8_view/fixed_film__g2__t2/cifs/sample_00100.cif,True,False,True,False,1.7495194642746414,100.02603457986808,14.289433511409726,7,False,True,True,,,,False,,2.5614563552794154,True,
fixed_film__g2__t2,2,2,101,provenance://crystalite/outputs/final report output/mattergen_eval_fixed_film_raw_skip8_view/fixed_film__g2__t2/cifs/sample_00101.cif,True,True,True,True,1.8973842886350536,146.9465289438732,18.36831611798415,8,False,True,True,,,,False,,2.0325557749772654,True,
fixed_film__g2__t2,2,2,102,provenance://crystalite/outputs/final report output/mattergen_eval_fixed_film_raw_skip8_view/fixed_film__g2__t2/cifs/sample_00102.cif,True,True,True,True,1.3035801863739602,582.4049367279299,48.533744727327495,12,False,True,True,,,,False,,1.5556751452798256,True,
fixed_film__g2__t2,2,2,103,provenance://crystalite/outputs/final report output/mattergen_eval_fixed_film_raw_skip8_view/fixed_film__g2__t2/cifs/sample_00103.cif,True,True,True,True,1.4139926694352425,574.4546959574551,28.722734797872757,20,False,True,True,,,,False,,1.866389330120996,True,
fixed_film__g2__t2,2,2,104,provenance://crystalite/outputs/final report output/mattergen_eval_fixed_film_raw_skip8_view/fixed_film__g2__t2/cifs/sample_00104.cif,True,True,True,True,1.602473875013195,213.7618702260093,17.813489185500778,12,False,True,True,,,,False,,2.0331672208560927,True,
fixed_film__g2__t2,2,2,105,provenance://crystalite/outputs/final report output/mattergen_eval_fixed_film_raw_skip8_view/fixed_film__g2__t2/cifs/sample_00105.cif,True,False,True,False,2.0145950534909045,33.725594866955305,11.241864955651767,3,False,True,True,,,,False,,1.846390584112747,True,
fixed_film__g2__t2,2,2,106,provenance://crystalite/outputs/final report output/mattergen_eval_fixed_film_raw_skip8_view/fixed_film__g2__t2/cifs/sample_00106.cif,True,True,True,True,2.2499762244919044,332.8223561018621,23.77302543584729,14,False,True,True,,,,False,,2.235851069156086,True,
fixed_film__g2__t2,2,2,107,provenance://crystalite/outputs/final report output/mattergen_eval_fixed_film_raw_skip8_view/fixed_film__g2__t2/cifs/sample_00107.cif,True,True,True,True,1.6693926995693775,208.59155590489917,16.045504300376855,13,False,True,True,,,,False,,1.8027721859080683,True,
fixed_film__g2__t2,2,2,108,provenance://crystalite/outputs/final report output/mattergen_eval_fixed_film_raw_skip8_view/fixed_film__g2__t2/cifs/sample_00108.cif,True,True,True,True,1.6304069400321397,248.96868199497956,20.74739016624829,12,False,True,True,,,,False,,2.021000202310174,True,
fixed_film__g2__t2,2,2,109,provenance://crystalite/outputs/final report output/mattergen_eval_fixed_film_raw_skip8_view/fixed_film__g2__t2/cifs/sample_00109.cif,True,True,True,True,1.4558659649444787,330.3760168290865,18.35422315717147,18,False,True,True,,,,False,,2.3384506382028967,True,
fixed_film__g2__t2,2,2,110,provenance://crystalite/outputs/final report output/mattergen_eval_fixed_film_raw_skip8_view/fixed_film__g2__t2/cifs/sample_00110.cif,True,False,True,False,1.6341191202650738,235.1826341863049,16.798759584736068,14,False,True,True,,,,False,,1.786670683898558,True,
fixed_film__g2__t2,2,2,111,provenance://crystalite/outputs/final report output/mattergen_eval_fixed_film_raw_skip8_view/fixed_film__g2__t2/cifs/sample_00111.cif,True,True,True,True,1.843202009868024,99.85261773656396,12.481577217070496,8,False,True,True,,,,False,,3.4806540462467765,True,
fixed_film__g2__t2,2,2,112,provenance://crystalite/outputs/final report output/mattergen_eval_fixed_film_raw_skip8_view/fixed_film__g2__t2/cifs/sample_00112.cif,True,False,True,False,1.8601534211616424,51.37931281270398,10.275862562540796,5,False,True,True,,,,False,,2.105008596088412,True,
fixed_film__g2__t2,2,2,113,provenance://crystalite/outputs/final report output/mattergen_eval_fixed_film_raw_skip8_view/fixed_film__g2__t2/cifs/sample_00113.cif,True,True,True,True,2.000179841910314,147.8037356306234,18.47546695382793,8,False,True,False,,,,False,,1.9878471450719095,True,
fixed_film__g2__t2,2,2,114,provenance://crystalite/outputs/final report output/mattergen_eval_fixed_film_raw_skip8_view/fixed_film__g2__t2/cifs/sample_00114.cif,True,False,True,False,1.432813600749722,802.2653883941555,57.304670599582536,14,False,True,True,,,,False,,1.3705142386255833,True,
fixed_film__g2__t2,2,2,115,provenance://crystalite/outputs/final report output/mattergen_eval_fixed_film_raw_skip8_view/fixed_film__g2__t2/cifs/sample_00115.cif,True,False,True,False,1.461789214921452,283.2988104196604,23.608234201638368,12,False,True,True,,,,False,,2.4671562446300985,True,
fixed_film__g2__t2,2,2,116,provenance://crystalite/outputs/final report output/mattergen_eval_fixed_film_raw_skip8_view/fixed_film__g2__t2/cifs/sample_00116.cif,True,True,True,True,1.5817024370881676,182.57206300303775,22.821507875379723,8,False,True,True,,,,False,,1.354636653080578,True,
fixed_film__g2__t2,2,2,117,provenance://crystalite/outputs/final report output/mattergen_eval_fixed_film_raw_skip8_view/fixed_film__g2__t2/cifs/sample_00117.cif,True,False,True,False,1.4272234531037085,1085.1848025310976,63.83440014888809,17,False,True,True,,,,False,,1.4869393757959397,True,
fixed_film__g2__t2,2,2,118,provenance://crystalite/outputs/final report output/mattergen_eval_fixed_film_raw_skip8_view/fixed_film__g2__t2/cifs/sample_00118.cif,True,False,True,False,1.0436421469840549,359.8744495273807,17.993722476369037,20,False,True,True,,,,False,,2.1244712768299374,True,
fixed_film__g2__t2,2,2,119,provenance://crystalite/outputs/final report output/mattergen_eval_fixed_film_raw_skip8_view/fixed_film__g2__t2/cifs/sample_00119.cif,True,False,True,False,1.628406133755438,608.3219789381267,30.41609894690633,20,False,True,True,,,,False,,1.8873345190618116,True,
fixed_film__g2__t2,2,2,120,provenance://crystalite/outputs/final report output/mattergen_eval_fixed_film_raw_skip8_view/fixed_film__g2__t2/cifs/sample_00120.cif,True,True,True,True,1.5749788571766228,403.3072680959477,20.165363404797382,20,False,True,True,,,,False,,1.5406895275218584,True,
fixed_film__g2__t2,2,2,121,provenance://crystalite/outputs/final report output/mattergen_eval_fixed_film_raw_skip8_view/fixed_film__g2__t2/cifs/sample_00121.cif,True,False,True,False,1.4198180760695431,304.3555213828221,23.41196318329401,13,False,True,True,,,,False,,2.407970913468695,True,
fixed_film__g2__t2,2,2,122,provenance://crystalite/outputs/final report output/mattergen_eval_fixed_film_raw_skip8_view/fixed_film__g2__t2/cifs/sample_00122.cif,True,False,True,False,1.4435326966302024,525.9856676317198,29.22142597953999,18,False,True,True,,,,False,,1.9044057106715169,True,
fixed_film__g2__t2,2,2,123,provenance://crystalite/outputs/final report output/mattergen_eval_fixed_film_raw_skip8_view/fixed_film__g2__t2/cifs/sample_00123.cif,True,True,True,True,1.5814922551270798,169.40278869776543,16.94027886977654,10,False,True,False,,,,False,,1.5417265044643498,True,
fixed_film__g2__t2,2,2,124,provenance://crystalite/outputs/final report output/mattergen_eval_fixed_film_raw_skip8_view/fixed_film__g2__t2/cifs/sample_00124.cif,True,False,True,False,1.5722402131654862,241.74769786559213,17.267692704685153,14,False,True,True,,,,False,,1.6889042626860795,True,
fixed_film__g2__t2,2,2,125,provenance://crystalite/outputs/final report output/mattergen_eval_fixed_film_raw_skip8_view/fixed_film__g2__t2/cifs/sample_00125.cif,True,False,True,False,1.144663873690842,462.3759534379764,23.11879767189882,20,False,True,True,,,,False,,1.9398239643637112,True,
fixed_film__g2__t2,2,2,126,provenance://crystalite/outputs/final report output/mattergen_eval_fixed_film_raw_skip8_view/fixed_film__g2__t2/cifs/sample_00126.cif,True,True,True,True,1.4328757739652318,2963.0091776135914,227.9237828933532,13,False,True,True,,,,False,,1.4537671990085752,True,
fixed_film__g2__t2,2,2,127,provenance://crystalite/outputs/final report output/mattergen_eval_fixed_film_raw_skip8_view/fixed_film__g2__t2/cifs/sample_00127.cif,True,False,True,False,1.535849857607532,372.6562051572645,37.26562051572645,10,False,True,True,,,,False,,1.8333840841554456,True,
fixed_film__g2__t4,2,4,0,provenance://crystalite/outputs/final report output/mattergen_eval_fixed_film_raw_skip8_view/fixed_film__g2__t4/cifs/sample_00000.cif,True,True,True,True,1.6479057504267338,127.91899584867517,31.979748962168788,4,False,True,True,,,,False,,3.0174623843166266,True,
fixed_film__g2__t4,2,4,1,provenance://crystalite/outputs/final report output/mattergen_eval_fixed_film_raw_skip8_view/fixed_film__g2__t4/cifs/sample_00001.cif,True,True,True,True,1.2231218434079272,294.48007281169004,14.724003640584504,20,False,True,True,,,,False,,3.238078491678763,True,
fixed_film__g2__t4,2,4,2,provenance://crystalite/outputs/final report output/mattergen_eval_fixed_film_raw_skip8_view/fixed_film__g2__t4/cifs/sample_00002.cif,True,True,True,True,1.6634452484713171,151.45967448410818,18.93245931051352,8,False,True,True,,,,False,,2.818640221903088,True,
fixed_film__g2__t4,2,4,3,provenance://crystalite/outputs/final report output/mattergen_eval_fixed_film_raw_skip8_view/fixed_film__g2__t4/cifs/sample_00003.cif,True,False,True,False,1.2115669910216331,271.3030994267044,33.91288742833805,8,False,True,True,,,,False,,1.8623809787534156,True,
fixed_film__g2__t4,2,4,4,provenance://crystalite/outputs/final report output/mattergen_eval_fixed_film_raw_skip8_view/fixed_film__g2__t4/cifs/sample_00004.cif,True,False,True,False,3.425533878365111,82.11050418463843,41.055252092319215,2,False,True,True,,,,False,,3.4281369563867177,True,
fixed_film__g2__t4,2,4,5,provenance://crystalite/outputs/final report output/mattergen_eval_fixed_film_raw_skip8_view/fixed_film__g2__t4/cifs/sample_00005.cif,True,True,True,True,1.3191192184290037,182.4796422384317,11.404977639901984,16,False,True,True,,,,False,,3.435175762302322,True,
fixed_film__g2__t4,2,4,6,provenance://crystalite/outputs/final report output/mattergen_eval_fixed_film_raw_skip8_view/fixed_film__g2__t4/cifs/sample_00006.cif,True,False,True,False,1.4393083087412144,186.2560972254599,23.28201215318249,8,False,True,True,,,,False,,1.7244558800189378,True,
fixed_film__g2__t4,2,4,7,provenance://crystalite/outputs/final report output/mattergen_eval_fixed_film_raw_skip8_view/fixed_film__g2__t4/cifs/sample_00007.cif,True,True,True,True,1.2638947409453916,191.95441500602857,13.711029643287755,14,False,True,True,,,,False,,2.1996461204715483,True,
fixed_film__g2__t4,2,4,8,provenance://crystalite/outputs/final report output/mattergen_eval_fixed_film_raw_skip8_view/fixed_film__g2__t4/cifs/sample_00008.cif,True,True,True,True,1.3288217323942784,135.39885206055325,11.28323767171277,12,False,True,True,,,,False,,2.8816127278532053,True,
fixed_film__g2__t4,2,4,9,provenance://crystalite/outputs/final report output/mattergen_eval_fixed_film_raw_skip8_view/fixed_film__g2__t4/cifs/sample_00009.cif,True,True,True,True,1.2334773572425162,157.360945866875,19.67011823335937,8,False,True,True,,,,False,,2.462287983590437,True,
fixed_film__g2__t4,2,4,10,provenance://crystalite/outputs/final report output/mattergen_eval_fixed_film_raw_skip8_view/fixed_film__g2__t4/cifs/sample_00010.cif,True,True,True,True,1.4495966534197011,148.00066739583224,12.333388949652688,12,False,True,True,,,,False,,2.4814295589245243,True,
fixed_film__g2__t4,2,4,11,provenance://crystalite/outputs/final report output/mattergen_eval_fixed_film_raw_skip8_view/fixed_film__g2__t4/cifs/sample_00011.cif,True,False,True,False,1.7519938518102116,265.81992335938145,14.767773519965637,18,False,True,True,,,,False,,3.265947587946538,True,
fixed_film__g2__t4,2,4,12,provenance://crystalite/outputs/final report output/mattergen_eval_fixed_film_raw_skip8_view/fixed_film__g2__t4/cifs/sample_00012.cif,True,True,True,True,2.286193205418025,393.3989929635103,39.33989929635103,10,False,True,True,,,,False,,3.916955322635591,True,
fixed_film__g2__t4,2,4,13,provenance://crystalite/outputs/final report output/mattergen_eval_fixed_film_raw_skip8_view/fixed_film__g2__t4/cifs/sample_00013.cif,True,True,True,True,1.483910407742404,170.85489665366882,14.2379080544724,12,False,True,True,,,,False,,2.918971907962644,True,
fixed_film__g2__t4,2,4,14,provenance://crystalite/outputs/final report output/mattergen_eval_fixed_film_raw_skip8_view/fixed_film__g2__t4/cifs/sample_00014.cif,True,True,True,True,1.528906605029223,142.3114155936202,11.859284632801684,12,False,True,True,,,,False,,2.5743567339812743,True,
fixed_film__g2__t4,2,4,15,provenance://crystalite/outputs/final report output/mattergen_eval_fixed_film_raw_skip8_view/fixed_film__g2__t4/cifs/sample_00015.cif,True,True,True,True,3.1509859173320933,94.65355199718276,31.551183999060925,3,False,True,True,,,,False,,15.975883200219116,True,
fixed_film__g2__t4,2,4,16,provenance://crystalite/outputs/final report output/mattergen_eval_fixed_film_raw_skip8_view/fixed_film__g2__t4/cifs/sample_00016.cif,True,False,True,False,0.9682795483136142,276.9135664732152,15.38408702628973,18,False,True,True,,,,False,,2.1288981701191125,True,
fixed_film__g2__t4,2,4,17,provenance://crystalite/outputs/final report output/mattergen_eval_fixed_film_raw_skip8_view/fixed_film__g2__t4/cifs/sample_00017.cif,True,False,True,False,1.717321706885241,101.2062296763976,12.6507787095497,8,False,True,True,,,,False,,5.814709409016905,True,
fixed_film__g2__t4,2,4,18,provenance://crystalite/outputs/final report output/mattergen_eval_fixed_film_raw_skip8_view/fixed_film__g2__t4/cifs/sample_00018.cif,True,False,True,False,3.4954631458966983,88.26388752680995,44.131943763404976,2,False,True,True,,,,False,,3.8695211023240046,True,
fixed_film__g2__t4,2,4,19,provenance://crystalite/outputs/final report output/mattergen_eval_fixed_film_raw_skip8_view/fixed_film__g2__t4/cifs/sample_00019.cif,True,True,True,True,1.841803452865132,129.27029162574627,12.927029162574629,10,False,True,True,,,,False,,6.150866204301611,True,
fixed_film__g2__t4,2,4,20,provenance://crystalite/outputs/final report output/mattergen_eval_fixed_film_raw_skip8_view/fixed_film__g2__t4/cifs/sample_00020.cif,True,True,True,True,2.203033132924278,85.93615120783555,17.18723024156711,5,False,True,True,,,,False,,7.61202281881767,True,
fixed_film__g2__t4,2,4,21,provenance://crystalite/outputs/final report output/mattergen_eval_fixed_film_raw_skip8_view/fixed_film__g2__t4/cifs/sample_00021.cif,True,True,True,True,1.2561147670326496,395.525748167928,19.7762874083964,20,False,True,True,,,,False,,2.021903430246876,True,
fixed_film__g2__t4,2,4,22,provenance://crystalite/outputs/final report output/mattergen_eval_fixed_film_raw_skip8_view/fixed_film__g2__t4/cifs/sample_00022.cif,True,True,True,True,1.5398919647653628,183.28993662748957,13.092138330534969,14,False,True,True,,,,False,,2.35015104492781,True,
fixed_film__g2__t4,2,4,23,provenance://crystalite/outputs/final report output/mattergen_eval_fixed_film_raw_skip8_view/fixed_film__g2__t4/cifs/sample_00023.cif,True,True,True,True,1.83198323296964,125.32667765698406,13.925186406331562,9,False,True,True,,,,False,,2.077867944887257,True,
fixed_film__g2__t4,2,4,24,provenance://crystalite/outputs/final report output/mattergen_eval_fixed_film_raw_skip8_view/fixed_film__g2__t4/cifs/sample_00024.cif,True,False,True,False,2.0726087141337914,343.3363230274581,34.33363230274581,10,False,True,True,,,,False,,4.661046481706211,True,
fixed_film__g2__t4,2,4,25,provenance://crystalite/outputs/final report output/mattergen_eval_fixed_film_raw_skip8_view/fixed_film__g2__t4/cifs/sample_00025.cif,True,False,True,False,2.664327192436782,590.8491041377657,36.92806900861036,16,False,True,True,,,,False,,1.7962453522227773,True,
fixed_film__g2__t4,2,4,26,provenance://crystalite/outputs/final report output/mattergen_eval_fixed_film_raw_skip8_view/fixed_film__g2__t4/cifs/sample_00026.cif,True,True,True,True,1.4473003167020877,483.0385885313741,24.151929426568707,20,False,True,True,,,,False,,1.6998814138674068,True,
fixed_film__g2__t4,2,4,27,provenance://crystalite/outputs/final report output/mattergen_eval_fixed_film_raw_skip8_view/fixed_film__g2__t4/cifs/sample_00027.cif,True,True,True,True,1.957365951175795,76.93776110781319,9.617220138476648,8,False,True,True,,,,False,,4.908348925883112,True,
fixed_film__g2__t4,2,4,28,provenance://crystalite/outputs/final report output/mattergen_eval_fixed_film_raw_skip8_view/fixed_film__g2__t4/cifs/sample_00028.cif,True,True,True,True,1.4822740425697016,253.57934043806424,15.848708777379017,16,False,True,True,,,,False,,2.8612152806917828,True,
fixed_film__g2__t4,2,4,29,provenance://crystalite/outputs/final report output/mattergen_eval_fixed_film_raw_skip8_view/fixed_film__g2__t4/cifs/sample_00029.cif,True,True,True,True,1.7286855822683074,173.7784831948389,10.861155199677432,16,False,True,False,,,,False,,3.39314958592569,True,
fixed_film__g2__t4,2,4,30,provenance://crystalite/outputs/final report output/mattergen_eval_fixed_film_raw_skip8_view/fixed_film__g2__t4/cifs/sample_00030.cif,True,False,True,False,1.0029634773495428,346.1639049408597,21.63524405880373,16,False,True,True,,,,False,,2.284941100625456,True,
fixed_film__g2__t4,2,4,31,provenance://crystalite/outputs/final report output/mattergen_eval_fixed_film_raw_skip8_view/fixed_film__g2__t4/cifs/sample_00031.cif,True,True,True,True,1.3568582903360755,76.43281662592193,15.286563325184384,5,False,True,True,,,,False,,2.5113760183958207,True,
fixed_film__g2__t4,2,4,32,provenance://crystalite/outputs/final report output/mattergen_eval_fixed_film_raw_skip8_view/fixed_film__g2__t4/cifs/sample_00032.cif,True,True,True,True,1.2198797754017845,244.14889402599067,13.563827445888371,18,False,True,True,,,,False,,2.934103532520206,True,
fixed_film__g2__t4,2,4,33,provenance://crystalite/outputs/final report output/mattergen_eval_fixed_film_raw_skip8_view/fixed_film__g2__t4/cifs/sample_00033.cif,True,True,True,True,1.2521163966569149,135.40505365068734,11.283754470890612,12,False,True,True,,,,False,,3.0141720497574007,True,
fixed_film__g2__t4,2,4,34,provenance://crystalite/outputs/final report output/mattergen_eval_fixed_film_raw_skip8_view/fixed_film__g2__t4/cifs/sample_00034.cif,True,True,True,True,1.6065308570857768,213.26236164710923,16.404797049777635,13,False,True,True,,,,False,,2.5699741197743418,True,
fixed_film__g2__t4,2,4,35,provenance://crystalite/outputs/final report output/mattergen_eval_fixed_film_raw_skip8_view/fixed_film__g2__t4/cifs/sample_00035.cif,True,True,True,True,2.0287350517067035,131.01018271922774,18.715740388461107,7,False,True,True,,,,False,,3.3859458539539165,True,
fixed_film__g2__t4,2,4,36,provenance://crystalite/outputs/final report output/mattergen_eval_fixed_film_raw_skip8_view/fixed_film__g2__t4/cifs/sample_00036.cif,True,False,True,False,1.9361969798900676,212.0550503100517,11.780836128336206,18,False,True,True,,,,False,,4.573401644914656,True,
fixed_film__g2__t4,2,4,37,provenance://crystalite/outputs/final report output/mattergen_eval_fixed_film_raw_skip8_view/fixed_film__g2__t4/cifs/sample_00037.cif,True,True,True,True,1.3032212444751603,334.66703777892764,20.916689861182977,16,False,True,True,,,,False,,3.559020525044802,True,
fixed_film__g2__t4,2,4,38,provenance://crystalite/outputs/final report output/mattergen_eval_fixed_film_raw_skip8_view/fixed_film__g2__t4/cifs/sample_00038.cif,True,True,True,True,1.5663736959965335,246.88622050859735,20.57385170904978,12,False,True,True,,,,False,,2.8548744562408284,True,
fixed_film__g2__t4,2,4,39,provenance://crystalite/outputs/final report output/mattergen_eval_fixed_film_raw_skip8_view/fixed_film__g2__t4/cifs/sample_00039.cif,True,True,True,True,0.9808651092112356,168.50357848689436,10.531473655430895,16,False,True,True,,,,False,,2.5442392058828385,True,
fixed_film__g2__t4,2,4,40,provenance://crystalite/outputs/final report output/mattergen_eval_fixed_film_raw_skip8_view/fixed_film__g2__t4/cifs/sample_00040.cif,True,True,True,True,2.8711894994365794,47.90445872743047,23.95222936371524,2,False,True,False,,,,False,,2.082924128375028,True,
fixed_film__g2__t4,2,4,41,provenance://crystalite/outputs/final report output/mattergen_eval_fixed_film_raw_skip8_view/fixed_film__g2__t4/cifs/sample_00041.cif,True,True,True,True,1.976309392166078,126.7153964221046,25.34307928442092,5,False,True,True,,,,False,,2.1868361565787477,True,
fixed_film__g2__t4,2,4,42,provenance://crystalite/outputs/final report output/mattergen_eval_fixed_film_raw_skip8_view/fixed_film__g2__t4/cifs/sample_00042.cif,True,True,True,True,1.743758568269108,178.9190863094796,11.182442894342476,16,False,True,True,,,,False,,3.368034426303163,True,
fixed_film__g2__t4,2,4,43,provenance://crystalite/outputs/final report output/mattergen_eval_fixed_film_raw_skip8_view/fixed_film__g2__t4/cifs/sample_00043.cif,True,True,True,True,1.6195992937426786,137.36339073617444,13.736339073617444,10,False,True,True,,,,False,,4.353305410459548,True,
fixed_film__g2__t4,2,4,44,provenance://crystalite/outputs/final report output/mattergen_eval_fixed_film_raw_skip8_view/fixed_film__g2__t4/cifs/sample_00044.cif,True,True,True,True,1.718162560091644,157.96906056450564,15.796906056450563,10,False,True,True,,,,False,,4.764453358113379,True,
fixed_film__g2__t4,2,4,45,provenance://crystalite/outputs/final report output/mattergen_eval_fixed_film_raw_skip8_view/fixed_film__g2__t4/cifs/sample_00045.cif,True,True,True,True,1.2338729282181875,193.14732048767988,32.19122008127998,6,False,True,True,,,,False,,1.8825935184804776,True,
fixed_film__g2__t4,2,4,46,provenance://crystalite/outputs/final report output/mattergen_eval_fixed_film_raw_skip8_view/fixed_film__g2__t4/cifs/sample_00046.cif,True,True,True,True,1.502413117095221,121.4799690845088,11.043633553137164,11,False,True,True,,,,False,,3.153034254304737,True,
fixed_film__g2__t4,2,4,47,provenance://crystalite/outputs/final report output/mattergen_eval_fixed_film_raw_skip8_view/fixed_film__g2__t4/cifs/sample_00047.cif,True,True,True,True,1.5252555137742367,156.37445220255327,13.031204350212771,12,False,True,True,,,,False,,2.3645353072843016,True,
fixed_film__g2__t4,2,4,48,provenance://crystalite/outputs/final report output/mattergen_eval_fixed_film_raw_skip8_view/fixed_film__g2__t4/cifs/sample_00048.cif,True,True,True,True,1.229498376021924,110.74710880239016,13.843388600298772,8,False,True,True,,,,False,,2.980154674043287,True,
fixed_film__g2__t4,2,4,49,provenance://crystalite/outputs/final report output/mattergen_eval_fixed_film_raw_skip8_view/fixed_film__g2__t4/cifs/sample_00049.cif,True,True,True,True,1.9284524811413928,100.10565598840824,12.513206998551029,8,False,True,True,,,,False,,5.185446523421416,True,
fixed_film__g2__t4,2,4,50,provenance://crystalite/outputs/final report output/mattergen_eval_fixed_film_raw_skip8_view/fixed_film__g2__t4/cifs/sample_00050.cif,True,True,True,True,1.24688186249741,233.04400481178303,19.420333734315253,12,False,True,True,,,,False,,6.020360739320243,True,
fixed_film__g2__t4,2,4,51,provenance://crystalite/outputs/final report output/mattergen_eval_fixed_film_raw_skip8_view/fixed_film__g2__t4/cifs/sample_00051.cif,True,True,True,True,1.7331342087618071,90.03320648814109,10.003689609793454,9,False,True,True,,,,False,,12.622371560718584,True,
fixed_film__g2__t4,2,4,52,provenance://crystalite/outputs/final report output/mattergen_eval_fixed_film_raw_skip8_view/fixed_film__g2__t4/cifs/sample_00052.cif,True,False,True,False,1.7789543823825955,127.17913788615894,11.56173980783263,11,False,True,True,,,,False,,3.1906491945289925,True,
fixed_film__g2__t4,2,4,53,provenance://crystalite/outputs/final report output/mattergen_eval_fixed_film_raw_skip8_view/fixed_film__g2__t4/cifs/sample_00053.cif,True,True,True,True,1.2210499556604553,485.46784281367286,26.970435711870717,18,False,True,True,,,,False,,2.068686573221808,True,
fixed_film__g2__t4,2,4,54,provenance://crystalite/outputs/final report output/mattergen_eval_fixed_film_raw_skip8_view/fixed_film__g2__t4/cifs/sample_00054.cif,True,True,True,True,1.887478679825808,157.44645281733645,8.747025156518692,18,False,True,True,,,,False,,6.657227331536945,True,
fixed_film__g2__t4,2,4,55,provenance://crystalite/outputs/final report output/mattergen_eval_fixed_film_raw_skip8_view/fixed_film__g2__t4/cifs/sample_00055.cif,True,True,True,True,2.7282984495485016,414.3651770309276,34.53043141924396,12,False,True,True,,,,False,,3.58962439479368,True,
fixed_film__g2__t4,2,4,56,provenance://crystalite/outputs/final report output/mattergen_eval_fixed_film_raw_skip8_view/fixed_film__g2__t4/cifs/sample_00056.cif,True,True,True,True,2.629715175269474,80.92847543081767,20.232118857704418,4,False,True,True,,,,False,,7.728918246911239,True,
fixed_film__g2__t4,2,4,57,provenance://crystalite/outputs/final report output/mattergen_eval_fixed_film_raw_skip8_view/fixed_film__g2__t4/cifs/sample_00057.cif,True,False,True,False,1.9131249753350184,140.9076948715329,28.18153897430658,5,False,True,True,,,,False,,5.788610403244935,True,
fixed_film__g2__t4,2,4,58,provenance://crystalite/outputs/final report output/mattergen_eval_fixed_film_raw_skip8_view/fixed_film__g2__t4/cifs/sample_00058.cif,True,True,True,True,1.264337506751483,305.5186984881874,16.973261027121524,18,False,True,True,,,,False,,2.5559089856472053,True,
fixed_film__g2__t4,2,4,59,provenance://crystalite/outputs/final report output/mattergen_eval_fixed_film_raw_skip8_view/fixed_film__g2__t4/cifs/sample_00059.cif,True,False,True,False,1.3874386790168265,105.68220091638604,9.607472810580548,11,False,True,True,,,,False,,3.3722569098746478,True,
fixed_film__g2__t4,2,4,60,provenance://crystalite/outputs/final report output/mattergen_eval_fixed_film_raw_skip8_view/fixed_film__g2__t4/cifs/sample_00060.cif,True,True,True,True,2.0695723023295,75.07888638778844,18.76972159694711,4,False,True,True,,,,False,,5.029968035109046,True,
fixed_film__g2__t4,2,4,61,provenance://crystalite/outputs/final report output/mattergen_eval_fixed_film_raw_skip8_view/fixed_film__g2__t4/cifs/sample_00061.cif,True,True,True,True,2.002841164047337,441.4487569347992,31.532054066771373,14,False,True,True,,,,False,,4.121138733298989,True,
fixed_film__g2__t4,2,4,62,provenance://crystalite/outputs/final report output/mattergen_eval_fixed_film_raw_skip8_view/fixed_film__g2__t4/cifs/sample_00062.cif,True,True,True,True,1.5151042641362074,156.17332313647327,14.19757483058848,11,False,True,True,,,,False,,3.3086493668520984,True,
fixed_film__g2__t4,2,4,63,provenance://crystalite/outputs/final report output/mattergen_eval_fixed_film_raw_skip8_view/fixed_film__g2__t4/cifs/sample_00063.cif,True,True,True,True,1.978326591691038,137.16769159449603,15.240854621610673,9,False,True,True,,,,False,,3.374893002975897,True,
fixed_film__g2__t4,2,4,64,provenance://crystalite/outputs/final report output/mattergen_eval_fixed_film_raw_skip8_view/fixed_film__g2__t4/cifs/sample_00064.cif,True,False,True,False,1.9114249551937628,69.78657396440906,9.969510566344152,7,False,True,True,,,,False,,2.603305325690282,True,
fixed_film__g2__t4,2,4,65,provenance://crystalite/outputs/final report output/mattergen_eval_fixed_film_raw_skip8_view/fixed_film__g2__t4/cifs/sample_00065.cif,True,True,True,True,1.741227721961626,97.07594925350044,16.179324875583408,6,False,True,True,,,,False,,2.90821381211788,True,
fixed_film__g2__t4,2,4,66,provenance://crystalite/outputs/final report output/mattergen_eval_fixed_film_raw_skip8_view/fixed_film__g2__t4/cifs/sample_00066.cif,True,False,True,False,1.604348745773049,329.48493785046,16.474246892523002,20,False,True,True,,,,False,,2.278171103620877,True,
fixed_film__g2__t4,2,4,67,provenance://crystalite/outputs/final report output/mattergen_eval_fixed_film_raw_skip8_view/fixed_film__g2__t4/cifs/sample_00067.cif,True,True,True,True,1.1265339778898062,216.29505292590864,18.024587743825723,12,False,True,True,,,,False,,2.493169962468494,True,
fixed_film__g2__t4,2,4,68,provenance://crystalite/outputs/final report output/mattergen_eval_fixed_film_raw_skip8_view/fixed_film__g2__t4/cifs/sample_00068.cif,True,True,True,True,2.04194449260178,119.56510858701397,29.89127714675349,4,False,True,True,,,,False,,4.381257088532876,True,
fixed_film__g2__t4,2,4,69,provenance://crystalite/outputs/final report output/mattergen_eval_fixed_film_raw_skip8_view/fixed_film__g2__t4/cifs/sample_00069.cif,True,True,True,True,1.462425735887439,368.0059584203218,18.40029792101609,20,False,True,True,,,,False,,2.310501391469829,True,
fixed_film__g2__t4,2,4,70,provenance://crystalite/outputs/final report output/mattergen_eval_fixed_film_raw_skip8_view/fixed_film__g2__t4/cifs/sample_00070.cif,True,True,True,True,1.5430024250152263,263.623977054972,14.645776503054,18,False,True,True,,,,False,,3.375142793066859,True,
fixed_film__g2__t4,2,4,71,provenance://crystalite/outputs/final report output/mattergen_eval_fixed_film_raw_skip8_view/fixed_film__g2__t4/cifs/sample_00071.cif,True,True,True,True,1.287093151393304,138.1127171017427,23.018786183623785,6,False,True,True,,,,False,,2.117855608299556,True,
fixed_film__g2__t4,2,4,72,provenance://crystalite/outputs/final report output/mattergen_eval_fixed_film_raw_skip8_view/fixed_film__g2__t4/cifs/sample_00072.cif,True,True,True,True,1.1725373304155515,201.1228430809145,20.112284308091446,10,False,True,True,,,,False,,1.8323311980125443,True,
fixed_film__g2__t4,2,4,73,provenance://crystalite/outputs/final report output/mattergen_eval_fixed_film_raw_skip8_view/fixed_film__g2__t4/cifs/sample_00073.cif,True,True,True,True,1.8763094298910823,176.26633893915175,11.016646183696984,16,False,True,True,,,,False,,5.484997597317199,True,
fixed_film__g2__t4,2,4,74,provenance://crystalite/outputs/final report output/mattergen_eval_fixed_film_raw_skip8_view/fixed_film__g2__t4/cifs/sample_00074.cif,True,True,True,True,1.6530934467899934,27.99471220547925,6.998678051369812,4,False,True,True,,,,False,,3.1179029355447696,True,
fixed_film__g2__t4,2,4,75,provenance://crystalite/outputs/final report output/mattergen_eval_fixed_film_raw_skip8_view/fixed_film__g2__t4/cifs/sample_00075.cif,True,False,True,False,1.3151920443760874,240.13175388339005,30.01646923542376,8,False,True,True,,,,False,,2.2582023557899733,True,
fixed_film__g2__t4,2,4,76,provenance://crystalite/outputs/final report output/mattergen_eval_fixed_film_raw_skip8_view/fixed_film__g2__t4/cifs/sample_00076.cif,True,True,True,True,1.3003504205366123,131.81095894094406,65.90547947047203,2,False,True,True,,,,False,,2.430056758579221,True,
fixed_film__g2__t4,2,4,77,provenance://crystalite/outputs/final report output/mattergen_eval_fixed_film_raw_skip8_view/fixed_film__g2__t4/cifs/sample_00077.cif,True,True,True,True,1.257548969747454,144.7290811783732,16.081009019819245,9,False,True,True,,,,False,,2.983868299455743,True,
fixed_film__g2__t4,2,4,78,provenance://crystalite/outputs/final report output/mattergen_eval_fixed_film_raw_skip8_view/fixed_film__g2__t4/cifs/sample_00078.cif,True,True,True,True,1.6781186634108018,111.57389147738006,13.946736434672507,8,False,True,True,,,,False,,5.803699266997231,True,
fixed_film__g2__t4,2,4,79,provenance://crystalite/outputs/final report output/mattergen_eval_fixed_film_raw_skip8_view/fixed_film__g2__t4/cifs/sample_00079.cif,True,True,True,True,1.889864571310148,152.21891588286596,9.513682242679122,16,False,True,True,,,,False,,4.430421918154141,True,
fixed_film__g2__t4,2,4,80,provenance://crystalite/outputs/final report output/mattergen_eval_fixed_film_raw_skip8_view/fixed_film__g2__t4/cifs/sample_00080.cif,True,True,True,True,1.616136618686869,219.22471630377703,21.922471630377707,10,False,True,True,,,,False,,1.6925771867559023,True,
fixed_film__g2__t4,2,4,81,provenance://crystalite/outputs/final report output/mattergen_eval_fixed_film_raw_skip8_view/fixed_film__g2__t4/cifs/sample_00081.cif,True,True,True,True,1.2457726535346587,263.263651099698,13.1631825549849,20,False,True,True,,,,False,,2.823728951227917,True,
fixed_film__g2__t4,2,4,82,provenance://crystalite/outputs/final report output/mattergen_eval_fixed_film_raw_skip8_view/fixed_film__g2__t4/cifs/sample_00082.cif,True,True,True,True,1.23334187101496,183.637690868324,30.60628181138733,6,False,False,True,,,,False,,1.8479661463149544,True,
fixed_film__g2__t4,2,4,83,provenance://crystalite/outputs/final report output/mattergen_eval_fixed_film_raw_skip8_view/fixed_film__g2__t4/cifs/sample_00083.cif,True,False,True,False,0.978880183985131,170.17443221040412,14.181202684200343,12,False,True,True,,,,False,,2.5342294447009586,True,
fixed_film__g2__t4,2,4,84,provenance://crystalite/outputs/final report output/mattergen_eval_fixed_film_raw_skip8_view/fixed_film__g2__t4/cifs/sample_00084.cif,True,True,True,True,1.4270891757520077,468.92383308580673,26.0513240603226,18,False,True,True,,,,False,,2.153478884003352,True,
fixed_film__g2__t4,2,4,85,provenance://crystalite/outputs/final report output/mattergen_eval_fixed_film_raw_skip8_view/fixed_film__g2__t4/cifs/sample_00085.cif,True,True,True,True,1.237287390917862,361.3131510296069,30.10942925246724,12,False,True,True,,,,False,,1.9935810439153836,True,
fixed_film__g2__t4,2,4,86,provenance://crystalite/outputs/final report output/mattergen_eval_fixed_film_raw_skip8_view/fixed_film__g2__t4/cifs/sample_00086.cif,True,True,True,True,1.466409693690898,245.4080621811497,17.529147298653548,14,False,True,True,,,,False,,2.4863987367791007,True,
fixed_film__g2__t4,2,4,87,provenance://crystalite/outputs/final report output/mattergen_eval_fixed_film_raw_skip8_view/fixed_film__g2__t4/cifs/sample_00087.cif,True,True,True,True,1.6367954691538549,150.80806718621847,12.567338932184873,12,False,True,True,,,,False,,4.965271689737468,True,
fixed_film__g2__t4,2,4,88,provenance://crystalite/outputs/final report output/mattergen_eval_fixed_film_raw_skip8_view/fixed_film__g2__t4/cifs/sample_00088.cif,True,False,True,False,1.7701243934282875,269.2874944417537,13.464374722087689,20,False,True,True,,,,False,,4.785984046946381,True,
fixed_film__g2__t4,2,4,89,provenance://crystalite/outputs/final report output/mattergen_eval_fixed_film_raw_skip8_view/fixed_film__g2__t4/cifs/sample_00089.cif,True,True,True,True,1.2521943056515852,184.3304311047722,11.520651944048264,16,False,True,True,,,,False,,2.908565885971854,True,
fixed_film__g2__t4,2,4,90,provenance://crystalite/outputs/final report output/mattergen_eval_fixed_film_raw_skip8_view/fixed_film__g2__t4/cifs/sample_00090.cif,True,True,True,True,1.6213438598995726,184.39630497946095,13.17116464139007,14,False,True,True,,,,False,,4.620912787825026,True,
fixed_film__g2__t4,2,4,91,provenance://crystalite/outputs/final report output/mattergen_eval_fixed_film_raw_skip8_view/fixed_film__g2__t4/cifs/sample_00091.cif,True,True,True,True,1.7026295505611426,26.662215577453413,8.88740519248447,3,False,True,True,,,,False,,10.24313213375499,True,
fixed_film__g2__t4,2,4,92,provenance://crystalite/outputs/final report output/mattergen_eval_fixed_film_raw_skip8_view/fixed_film__g2__t4/cifs/sample_00092.cif,True,True,True,True,2.032808432780241,67.26965505839918,13.453931011679837,5,False,True,True,,,,False,,4.022802581326341,True,
fixed_film__g2__t4,2,4,93,provenance://crystalite/outputs/final report output/mattergen_eval_fixed_film_raw_skip8_view/fixed_film__g2__t4/cifs/sample_00093.cif,True,False,True,False,2.3177743980454086,256.02342514722983,36.57477502103284,7,False,True,True,,,,False,,4.323160133178378,True,
fixed_film__g2__t4,2,4,94,provenance://crystalite/outputs/final report output/mattergen_eval_fixed_film_raw_skip8_view/fixed_film__g2__t4/cifs/sample_00094.cif,True,True,True,True,1.2204509456373906,151.1360908409834,15.11360908409834,10,False,True,True,,,,False,,2.6234234265705108,True,
fixed_film__g2__t4,2,4,95,provenance://crystalite/outputs/final report output/mattergen_eval_fixed_film_raw_skip8_view/fixed_film__g2__t4/cifs/sample_00095.cif,True,False,True,False,1.268585983833658,177.9167812151616,11.1197988259476,16,False,True,True,,,,False,,2.825285836878787,True,
fixed_film__g2__t4,2,4,96,provenance://crystalite/outputs/final report output/mattergen_eval_fixed_film_raw_skip8_view/fixed_film__g2__t4/cifs/sample_00096.cif,True,True,True,True,1.4709701963684143,98.21643903141968,16.369406505236615,6,False,True,True,,,,False,,2.643795682632145,True,
fixed_film__g2__t4,2,4,97,provenance://crystalite/outputs/final report output/mattergen_eval_fixed_film_raw_skip8_view/fixed_film__g2__t4/cifs/sample_00097.cif,True,True,True,True,1.895075383009404,374.5632182329183,19.713853591206224,19,False,True,True,,,,False,,4.336655506953043,True,
fixed_film__g2__t4,2,4,98,provenance://crystalite/outputs/final report output/mattergen_eval_fixed_film_raw_skip8_view/fixed_film__g2__t4/cifs/sample_00098.cif,True,True,True,True,1.4280747006083725,405.86156166091615,22.547864536717565,18,False,True,True,,,,False,,2.0324859847241954,True,
fixed_film__g2__t4,2,4,99,provenance://crystalite/outputs/final report output/mattergen_eval_fixed_film_raw_skip8_view/fixed_film__g2__t4/cifs/sample_00099.cif,True,True,True,True,1.4626061933854724,565.6582651863441,31.42545917701912,18,False,True,True,,,,False,,1.858277273115972,True,
fixed_film__g2__t4,2,4,100,provenance://crystalite/outputs/final report output/mattergen_eval_fixed_film_raw_skip8_view/fixed_film__g2__t4/cifs/sample_00100.cif,True,False,True,False,1.5298473271307822,176.49904242896434,25.21414891842348,7,False,True,True,,,,False,,2.5784851202781844,True,
fixed_film__g2__t4,2,4,101,provenance://crystalite/outputs/final report output/mattergen_eval_fixed_film_raw_skip8_view/fixed_film__g2__t4/cifs/sample_00101.cif,True,True,True,True,1.8554707579786849,110.6656121252993,13.833201515662411,8,False,True,True,,,,False,,2.8002684850159003,True,
fixed_film__g2__t4,2,4,102,provenance://crystalite/outputs/final report output/mattergen_eval_fixed_film_raw_skip8_view/fixed_film__g2__t4/cifs/sample_00102.cif,True,True,True,True,1.3608460935419655,185.99216216313172,15.499346846927644,12,False,True,True,,,,False,,2.649356724629276,True,
fixed_film__g2__t4,2,4,103,provenance://crystalite/outputs/final report output/mattergen_eval_fixed_film_raw_skip8_view/fixed_film__g2__t4/cifs/sample_00103.cif,True,True,True,True,1.6029865246792716,311.3616435247546,15.568082176237729,20,False,True,True,,,,False,,2.992942381771338,True,
fixed_film__g2__t4,2,4,104,provenance://crystalite/outputs/final report output/mattergen_eval_fixed_film_raw_skip8_view/fixed_film__g2__t4/cifs/sample_00104.cif,True,True,True,True,1.5823202327626826,200.00577828762047,16.66714819063504,12,False,True,True,,,,False,,2.849984814156897,True,
fixed_film__g2__t4,2,4,105,provenance://crystalite/outputs/final report output/mattergen_eval_fixed_film_raw_skip8_view/fixed_film__g2__t4/cifs/sample_00105.cif,True,True,True,True,1.2826711377416165,70.80020079579614,23.600066931932048,3,False,True,True,,,,False,,1.9857105663932355,True,
fixed_film__g2__t4,2,4,106,provenance://crystalite/outputs/final report output/mattergen_eval_fixed_film_raw_skip8_view/fixed_film__g2__t4/cifs/sample_00106.cif,True,True,True,True,2.0992673058686067,291.9872134572121,20.85622953265801,14,False,True,True,,,,False,,3.9167640783747153,True,
fixed_film__g2__t4,2,4,107,provenance://crystalite/outputs/final report output/mattergen_eval_fixed_film_raw_skip8_view/fixed_film__g2__t4/cifs/sample_00107.cif,True,False,True,False,2.282101234595653,355.85672777527225,27.37359444425171,13,False,True,True,,,,False,,3.612145936027881,True,
fixed_film__g2__t4,2,4,108,provenance://crystalite/outputs/final report output/mattergen_eval_fixed_film_raw_skip8_view/fixed_film__g2__t4/cifs/sample_00108.cif,True,True,True,True,1.928631114922014,235.11836811982195,19.593197343318497,12,False,True,True,,,,False,,3.3404568697092945,True,
fixed_film__g2__t4,2,4,109,provenance://crystalite/outputs/final report output/mattergen_eval_fixed_film_raw_skip8_view/fixed_film__g2__t4/cifs/sample_00109.cif,True,True,True,True,1.2105816635770277,317.46150424688057,17.63675023593781,18,False,True,True,,,,False,,3.292505360153131,True,
fixed_film__g2__t4,2,4,110,provenance://crystalite/outputs/final report output/mattergen_eval_fixed_film_raw_skip8_view/fixed_film__g2__t4/cifs/sample_00110.cif,True,False,True,False,1.5925373177233089,155.30205306676984,11.09300379048356,14,False,True,True,,,,False,,2.757181344587813,True,
fixed_film__g2__t4,2,4,111,provenance://crystalite/outputs/final report output/mattergen_eval_fixed_film_raw_skip8_view/fixed_film__g2__t4/cifs/sample_00111.cif,True,True,True,True,0.982130378236204,72.86010468659275,9.107513085824094,8,False,True,True,,,,False,,5.672099895501741,True,
fixed_film__g2__t4,2,4,112,provenance://crystalite/outputs/final report output/mattergen_eval_fixed_film_raw_skip8_view/fixed_film__g2__t4/cifs/sample_00112.cif,True,False,True,False,1.5442678997769663,49.67070096949701,9.934140193899404,5,False,True,True,,,,False,,2.8278135326777334,True,
fixed_film__g2__t4,2,4,113,provenance://crystalite/outputs/final report output/mattergen_eval_fixed_film_raw_skip8_view/fixed_film__g2__t4/cifs/sample_00113.cif,True,True,True,True,1.2394698301045273,186.31071298769024,23.28883912346128,8,False,True,True,,,,False,,2.638538350765489,True,
fixed_film__g2__t4,2,4,114,provenance://crystalite/outputs/final report output/mattergen_eval_fixed_film_raw_skip8_view/fixed_film__g2__t4/cifs/sample_00114.cif,True,True,True,True,1.2209885458677752,267.7059790516328,19.121855646545203,14,False,True,True,,,,False,,2.6280954801029988,True,
fixed_film__g2__t4,2,4,115,provenance://crystalite/outputs/final report output/mattergen_eval_fixed_film_raw_skip8_view/fixed_film__g2__t4/cifs/sample_00115.cif,True,True,True,True,2.108056537631481,541.0023527383021,45.08352939485851,12,False,True,True,,,,False,,4.743175773275133,True,
fixed_film__g2__t4,2,4,116,provenance://crystalite/outputs/final report output/mattergen_eval_fixed_film_raw_skip8_view/fixed_film__g2__t4/cifs/sample_00116.cif,True,True,True,True,1.657875359368861,147.64186216449704,18.45523277056213,8,False,True,True,,,,False,,3.084820399548393,True,
fixed_film__g2__t4,2,4,117,provenance://crystalite/outputs/final report output/mattergen_eval_fixed_film_raw_skip8_view/fixed_film__g2__t4/cifs/sample_00117.cif,True,False,True,False,0.973456468037388,241.00959927162185,14.177035251271874,17,False,True,True,,,,False,,2.5868660801163728,True,
fixed_film__g2__t4,2,4,118,provenance://crystalite/outputs/final report output/mattergen_eval_fixed_film_raw_skip8_view/fixed_film__g2__t4/cifs/sample_00118.cif,True,False,True,False,1.4410349922261518,351.765872924369,17.58829364621845,20,False,True,True,,,,False,,2.166173010505903,True,
fixed_film__g2__t4,2,4,119,provenance://crystalite/outputs/final report output/mattergen_eval_fixed_film_raw_skip8_view/fixed_film__g2__t4/cifs/sample_00119.cif,True,True,True,True,1.4465927931439853,598.9837197895591,29.94918598947796,20,False,True,True,,,,False,,2.331589616931964,True,
fixed_film__g2__t4,2,4,120,provenance://crystalite/outputs/final report output/mattergen_eval_fixed_film_raw_skip8_view/fixed_film__g2__t4/cifs/sample_00120.cif,True,True,True,True,1.4856742758215111,270.3739009841862,13.51869504920931,20,False,True,True,,,,False,,2.5931472528573765,True,
fixed_film__g2__t4,2,4,121,provenance://crystalite/outputs/final report output/mattergen_eval_fixed_film_raw_skip8_view/fixed_film__g2__t4/cifs/sample_00121.cif,True,False,True,False,0.9798183231978846,166.13691314351385,12.779762549501063,13,False,True,True,,,,False,,2.5815392962092694,True,
fixed_film__g2__t4,2,4,122,provenance://crystalite/outputs/final report output/mattergen_eval_fixed_film_raw_skip8_view/fixed_film__g2__t4/cifs/sample_00122.cif,True,True,True,True,1.4460731741682742,566.2301605750444,31.45723114305802,18,False,True,True,,,,False,,1.904064785761583,True,
fixed_film__g2__t4,2,4,123,provenance://crystalite/outputs/final report output/mattergen_eval_fixed_film_raw_skip8_view/fixed_film__g2__t4/cifs/sample_00123.cif,True,True,True,True,2.044219024182881,301.8498077802734,30.18498077802734,10,False,True,True,,,,False,,6.3135477982333255,True,
fixed_film__g2__t4,2,4,124,provenance://crystalite/outputs/final report output/mattergen_eval_fixed_film_raw_skip8_view/fixed_film__g2__t4/cifs/sample_00124.cif,True,True,True,True,1.2283149249645853,201.9260377589136,14.423288411350969,14,False,True,True,,,,False,,3.478338460942138,True,
fixed_film__g2__t4,2,4,125,provenance://crystalite/outputs/final report output/mattergen_eval_fixed_film_raw_skip8_view/fixed_film__g2__t4/cifs/sample_00125.cif,True,False,True,False,1.441066375167383,463.3226872104895,23.166134360524477,20,False,True,True,,,,False,,2.183359713480502,True,
fixed_film__g2__t4,2,4,126,provenance://crystalite/outputs/final report output/mattergen_eval_fixed_film_raw_skip8_view/fixed_film__g2__t4/cifs/sample_00126.cif,True,False,True,False,1.2398338780569818,219.1104372010484,16.85464901546526,13,False,True,True,,,,False,,3.0312777192163707,True,
fixed_film__g2__t4,2,4,127,provenance://crystalite/outputs/final report output/mattergen_eval_fixed_film_raw_skip8_view/fixed_film__g2__t4/cifs/sample_00127.cif,True,True,True,True,1.2530075762717754,188.5727174638045,18.85727174638045,10,False,True,True,,,,False,,2.1460157971457776,True,
fixed_film__g2__t8,2,8,0,provenance://crystalite/outputs/final report output/mattergen_eval_fixed_film_raw_skip8_view/fixed_film__g2__t8/cifs/sample_00000.cif,True,True,True,True,2.662586957303753,139.705989988955,34.92649749723875,4,False,True,True,,,,False,,11.764664406225569,True,
fixed_film__g2__t8,2,8,1,provenance://crystalite/outputs/final report output/mattergen_eval_fixed_film_raw_skip8_view/fixed_film__g2__t8/cifs/sample_00001.cif,True,True,True,True,1.3320931079653635,261.25355780578974,13.062677890289487,20,False,True,True,,,,False,,3.585661453547369,True,
fixed_film__g2__t8,2,8,2,provenance://crystalite/outputs/final report output/mattergen_eval_fixed_film_raw_skip8_view/fixed_film__g2__t8/cifs/sample_00002.cif,True,False,True,False,1.9360983634552424,255.95896070947268,31.994870088684085,8,False,True,True,,,,False,,6.144485538401242,True,
fixed_film__g2__t8,2,8,3,provenance://crystalite/outputs/final report output/mattergen_eval_fixed_film_raw_skip8_view/fixed_film__g2__t8/cifs/sample_00003.cif,True,True,True,True,2.3234666133339545,195.47417313812448,24.43427164226556,8,False,True,True,,,,False,,8.6103363509104,True,
fixed_film__g2__t8,2,8,5,provenance://crystalite/outputs/final report output/mattergen_eval_fixed_film_raw_skip8_view/fixed_film__g2__t8/cifs/sample_00005.cif,True,False,True,False,2.4397629623497754,431.3705232504113,26.960657703150705,16,False,True,True,,,,False,,9.191513405120295,True,
fixed_film__g2__t8,2,8,6,provenance://crystalite/outputs/final report output/mattergen_eval_fixed_film_raw_skip8_view/fixed_film__g2__t8/cifs/sample_00006.cif,True,True,True,True,1.9361774285660216,100.70723192999046,12.588403991248809,8,False,True,True,,,,False,,6.92653923983065,True,
fixed_film__g2__t8,2,8,7,provenance://crystalite/outputs/final report output/mattergen_eval_fixed_film_raw_skip8_view/fixed_film__g2__t8/cifs/sample_00007.cif,True,False,True,False,2.223514236846908,454.6738461314884,32.47670329510631,14,False,True,True,,,,False,,8.066595354627612,True,
fixed_film__g2__t8,2,8,8,provenance://crystalite/outputs/final report output/mattergen_eval_fixed_film_raw_skip8_view/fixed_film__g2__t8/cifs/sample_00008.cif,True,True,True,True,2.429814996404705,362.8474662372975,30.23728885310813,12,False,True,True,,,,False,,9.731422723373312,True,
fixed_film__g2__t8,2,8,9,provenance://crystalite/outputs/final report output/mattergen_eval_fixed_film_raw_skip8_view/fixed_film__g2__t8/cifs/sample_00009.cif,True,True,True,True,1.9623513040389144,76.9386612571607,9.617332657145088,8,False,True,True,,,,False,,7.1551116179773055,True,
fixed_film__g2__t8,2,8,10,provenance://crystalite/outputs/final report output/mattergen_eval_fixed_film_raw_skip8_view/fixed_film__g2__t8/cifs/sample_00010.cif,True,True,True,True,2.598641252222744,329.96171385188023,27.496809487656687,12,False,True,True,,,,False,,14.936251851935078,True,
fixed_film__g2__t8,2,8,11,provenance://crystalite/outputs/final report output/mattergen_eval_fixed_film_raw_skip8_view/fixed_film__g2__t8/cifs/sample_00011.cif,True,True,True,True,1.4258650083483555,197.13286332672408,10.95182574037356,18,False,True,True,,,,False,,4.749307436921861,True,
fixed_film__g2__t8,2,8,12,provenance://crystalite/outputs/final report output/mattergen_eval_fixed_film_raw_skip8_view/fixed_film__g2__t8/cifs/sample_00012.cif,True,True,True,True,2.427030769533082,338.4304168334397,33.84304168334397,10,False,True,True,,,,False,,10.081787183271878,True,
fixed_film__g2__t8,2,8,13,provenance://crystalite/outputs/final report output/mattergen_eval_fixed_film_raw_skip8_view/fixed_film__g2__t8/cifs/sample_00013.cif,True,True,True,True,1.7483099528394133,154.31869127841287,12.85989093986774,12,False,True,True,,,,False,,4.534173470897606,True,
fixed_film__g2__t8,2,8,14,provenance://crystalite/outputs/final report output/mattergen_eval_fixed_film_raw_skip8_view/fixed_film__g2__t8/cifs/sample_00014.cif,True,False,True,False,2.3986277923833432,281.1460224163942,23.428835201366184,12,False,True,True,,,,False,,12.040592000721611,True,
fixed_film__g2__t8,2,8,15,provenance://crystalite/outputs/final report output/mattergen_eval_fixed_film_raw_skip8_view/fixed_film__g2__t8/cifs/sample_00015.cif,True,True,True,True,3.156275376175374,94.6285753826831,31.542858460894365,3,False,True,True,,,,False,,16.457431145000914,True,
fixed_film__g2__t8,2,8,16,provenance://crystalite/outputs/final report output/mattergen_eval_fixed_film_raw_skip8_view/fixed_film__g2__t8/cifs/sample_00016.cif,True,True,True,True,1.396119466605674,231.637738468838,12.868763248268776,18,False,True,True,,,,False,,8.599383438051047,True,
fixed_film__g2__t8,2,8,17,provenance://crystalite/outputs/final report output/mattergen_eval_fixed_film_raw_skip8_view/fixed_film__g2__t8/cifs/sample_00017.cif,True,True,True,True,1.8386462374874029,84.57417548350173,10.571771935437717,8,False,True,True,,,,False,,10.355016842111375,True,
fixed_film__g2__t8,2,8,18,provenance://crystalite/outputs/final report output/mattergen_eval_fixed_film_raw_skip8_view/fixed_film__g2__t8/cifs/sample_00018.cif,True,True,True,True,3.145436413143069,48.00512474498719,24.0025623724936,2,True,True,True,,,,False,,13.199142513547406,True,
fixed_film__g2__t8,2,8,19,provenance://crystalite/outputs/final report output/mattergen_eval_fixed_film_raw_skip8_view/fixed_film__g2__t8/cifs/sample_00019.cif,True,True,True,True,2.846333275433097,368.8800489407929,36.88800489407929,10,False,True,True,,,,False,,11.06568528445573,True,
fixed_film__g2__t8,2,8,20,provenance://crystalite/outputs/final report output/mattergen_eval_fixed_film_raw_skip8_view/fixed_film__g2__t8/cifs/sample_00020.cif,True,True,True,True,2.57113168974238,145.5379573166434,29.10759146332868,5,False,True,True,,,,False,,17.750663904385434,True,
fixed_film__g2__t8,2,8,21,provenance://crystalite/outputs/final report output/mattergen_eval_fixed_film_raw_skip8_view/fixed_film__g2__t8/cifs/sample_00021.cif,True,False,True,False,1.130588686019053,370.188152014769,18.50940760073845,20,False,True,True,,,,False,,3.204496008461138,True,
fixed_film__g2__t8,2,8,22,provenance://crystalite/outputs/final report output/mattergen_eval_fixed_film_raw_skip8_view/fixed_film__g2__t8/cifs/sample_00022.cif,True,True,True,True,1.8788339549884592,362.9569239768708,25.92549456977648,14,False,True,True,,,,False,,2.566909829907145,True,
fixed_film__g2__t8,2,8,23,provenance://crystalite/outputs/final report output/mattergen_eval_fixed_film_raw_skip8_view/fixed_film__g2__t8/cifs/sample_00023.cif,True,False,True,False,0.9764757731982278,96.75857013714834,10.750952237460927,9,False,True,True,,,,False,,2.5456010383532583,True,
fixed_film__g2__t8,2,8,24,provenance://crystalite/outputs/final report output/mattergen_eval_fixed_film_raw_skip8_view/fixed_film__g2__t8/cifs/sample_00024.cif,True,True,True,True,2.5276959112860404,381.4924976366072,38.14924976366071,10,False,True,True,,,,False,,5.554595436415808,True,
fixed_film__g2__t8,2,8,25,provenance://crystalite/outputs/final report output/mattergen_eval_fixed_film_raw_skip8_view/fixed_film__g2__t8/cifs/sample_00025.cif,True,False,True,False,2.305984138572545,573.7463436589802,35.85914647868626,16,False,True,True,,,,False,,5.639773692468354,True,
fixed_film__g2__t8,2,8,26,provenance://crystalite/outputs/final report output/mattergen_eval_fixed_film_raw_skip8_view/fixed_film__g2__t8/cifs/sample_00026.cif,True,True,True,True,2.112957867220695,482.642708844052,24.1321354422026,20,False,True,True,,,,False,,7.407455398481377,True,
fixed_film__g2__t8,2,8,27,provenance://crystalite/outputs/final report output/mattergen_eval_fixed_film_raw_skip8_view/fixed_film__g2__t8/cifs/sample_00027.cif,True,False,True,False,2.5765806916044447,267.9508705200472,33.4938588150059,8,False,True,True,,,,False,,9.108633310119275,True,
fixed_film__g2__t8,2,8,28,provenance://crystalite/outputs/final report output/mattergen_eval_fixed_film_raw_skip8_view/fixed_film__g2__t8/cifs/sample_00028.cif,True,False,True,False,2.322409144490931,499.9514039002439,31.246962743765245,16,False,True,True,,,,False,,5.921997995544373,True,
fixed_film__g2__t8,2,8,29,provenance://crystalite/outputs/final report output/mattergen_eval_fixed_film_raw_skip8_view/fixed_film__g2__t8/cifs/sample_00029.cif,True,False,True,False,1.1234240078830056,213.79133619462485,13.361958512164051,16,False,True,True,,,,False,,4.83194725882704,True,
fixed_film__g2__t8,2,8,30,provenance://crystalite/outputs/final report output/mattergen_eval_fixed_film_raw_skip8_view/fixed_film__g2__t8/cifs/sample_00030.cif,True,False,True,False,2.485157557847684,537.7247521774985,33.60779701109366,16,False,True,True,,,,False,,9.117093620953112,True,
fixed_film__g2__t8,2,8,31,provenance://crystalite/outputs/final report output/mattergen_eval_fixed_film_raw_skip8_view/fixed_film__g2__t8/cifs/sample_00031.cif,True,True,True,True,3.1795027879751654,160.48466355132302,32.0969327102646,5,True,True,True,,,,False,,13.78171029333931,True,
fixed_film__g2__t8,2,8,32,provenance://crystalite/outputs/final report output/mattergen_eval_fixed_film_raw_skip8_view/fixed_film__g2__t8/cifs/sample_00032.cif,True,True,True,True,1.3791730413720895,342.4064514215177,19.02258063452876,18,False,True,True,,,,False,,4.28896929508776,True,
fixed_film__g2__t8,2,8,33,provenance://crystalite/outputs/final report output/mattergen_eval_fixed_film_raw_skip8_view/fixed_film__g2__t8/cifs/sample_00033.cif,True,True,True,True,2.307741093802929,357.1217690784474,29.76014742320395,12,False,True,True,,,,False,,8.714289351849226,True,
fixed_film__g2__t8,2,8,34,provenance://crystalite/outputs/final report output/mattergen_eval_fixed_film_raw_skip8_view/fixed_film__g2__t8/cifs/sample_00034.cif,True,False,True,False,2.2088821357779493,438.9924283945974,33.76864833804596,13,False,True,True,,,,False,,7.525487120700748,True,
fixed_film__g2__t8,2,8,35,provenance://crystalite/outputs/final report output/mattergen_eval_fixed_film_raw_skip8_view/fixed_film__g2__t8/cifs/sample_00035.cif,True,True,True,True,2.333597350600906,171.53297834407334,24.50471119201048,7,False,True,True,,,,False,,5.987190925331944,True,
fixed_film__g2__t8,2,8,36,provenance://crystalite/outputs/final report output/mattergen_eval_fixed_film_raw_skip8_view/fixed_film__g2__t8/cifs/sample_00036.cif,True,True,True,True,1.99451312896386,335.9504813430238,18.66391563016799,18,False,True,True,,,,False,,4.595832447029,True,
fixed_film__g2__t8,2,8,37,provenance://crystalite/outputs/final report output/mattergen_eval_fixed_film_raw_skip8_view/fixed_film__g2__t8/cifs/sample_00037.cif,True,True,True,True,2.013471081696032,259.2441904923939,16.20276190577462,16,False,True,True,,,,False,,10.64061053991364,True,
fixed_film__g2__t8,2,8,38,provenance://crystalite/outputs/final report output/mattergen_eval_fixed_film_raw_skip8_view/fixed_film__g2__t8/cifs/sample_00038.cif,True,True,True,True,1.4733577471609207,171.99820785852486,14.333183988210406,12,False,True,True,,,,False,,3.6687346849381206,True,
fixed_film__g2__t8,2,8,39,provenance://crystalite/outputs/final report output/mattergen_eval_fixed_film_raw_skip8_view/fixed_film__g2__t8/cifs/sample_00039.cif,True,True,True,True,2.07850091324887,371.6287052566637,23.22679407854148,16,False,True,True,,,,False,,6.391456750210099,True,
fixed_film__g2__t8,2,8,40,provenance://crystalite/outputs/final report output/mattergen_eval_fixed_film_raw_skip8_view/fixed_film__g2__t8/cifs/sample_00040.cif,True,True,True,True,1.8946645654282075,40.19153615892787,20.095768079463934,2,False,True,True,,,,False,,8.11190256707568,True,
fixed_film__g2__t8,2,8,41,provenance://crystalite/outputs/final report output/mattergen_eval_fixed_film_raw_skip8_view/fixed_film__g2__t8/cifs/sample_00041.cif,True,True,True,True,2.7257519903095733,127.46679263868086,25.49335852773617,5,True,True,True,,,,False,,13.540089097025977,True,
fixed_film__g2__t8,2,8,42,provenance://crystalite/outputs/final report output/mattergen_eval_fixed_film_raw_skip8_view/fixed_film__g2__t8/cifs/sample_00042.cif,True,True,True,True,2.148436377069926,260.0027176419275,16.25016985262047,16,False,True,True,,,,False,,12.167732529657378,True,
fixed_film__g2__t8,2,8,43,provenance://crystalite/outputs/final report output/mattergen_eval_fixed_film_raw_skip8_view/fixed_film__g2__t8/cifs/sample_00043.cif,True,True,True,True,1.848825904952183,112.50612269544348,11.250612269544346,10,False,True,True,,,,False,,5.629703082085425,True,
fixed_film__g2__t8,2,8,44,provenance://crystalite/outputs/final report output/mattergen_eval_fixed_film_raw_skip8_view/fixed_film__g2__t8/cifs/sample_00044.cif,True,True,True,True,2.587745576596124,225.43487172786573,22.543487172786577,10,True,True,True,,,,False,,13.806275620973503,True,
fixed_film__g2__t8,2,8,45,provenance://crystalite/outputs/final report output/mattergen_eval_fixed_film_raw_skip8_view/fixed_film__g2__t8/cifs/sample_00045.cif,True,True,True,True,1.4320056981208746,97.41099476610398,16.235165794350664,6,False,True,True,,,,False,,5.238283628529242,True,
fixed_film__g2__t8,2,8,46,provenance://crystalite/outputs/final report output/mattergen_eval_fixed_film_raw_skip8_view/fixed_film__g2__t8/cifs/sample_00046.cif,True,True,True,True,1.5296284350800178,171.54423964370898,15.594930876700817,11,False,True,True,,,,False,,4.184958105484543,True,
fixed_film__g2__t8,2,8,47,provenance://crystalite/outputs/final report output/mattergen_eval_fixed_film_raw_skip8_view/fixed_film__g2__t8/cifs/sample_00047.cif,True,True,True,True,2.078293418229718,213.91216488819293,17.826013740682743,12,False,True,True,,,,False,,9.93413578535102,True,
fixed_film__g2__t8,2,8,48,provenance://crystalite/outputs/final report output/mattergen_eval_fixed_film_raw_skip8_view/fixed_film__g2__t8/cifs/sample_00048.cif,True,True,True,True,2.6423464011560878,205.61722531223236,25.70215316402904,8,False,True,True,,,,False,,14.307268955261115,True,
fixed_film__g2__t8,2,8,49,provenance://crystalite/outputs/final report output/mattergen_eval_fixed_film_raw_skip8_view/fixed_film__g2__t8/cifs/sample_00049.cif,True,True,True,True,2.333447821014889,214.0801181084864,26.7600147635608,8,False,True,True,,,,False,,9.827598673090913,True,
fixed_film__g2__t8,2,8,50,provenance://crystalite/outputs/final report output/mattergen_eval_fixed_film_raw_skip8_view/fixed_film__g2__t8/cifs/sample_00050.cif,True,True,True,True,2.3392733888732358,311.22436632670167,25.93536386055847,12,False,True,True,,,,False,,8.164201942712834,True,
fixed_film__g2__t8,2,8,51,provenance://crystalite/outputs/final report output/mattergen_eval_fixed_film_raw_skip8_view/fixed_film__g2__t8/cifs/sample_00051.cif,True,True,True,True,2.432371452347052,272.66416531580523,30.296018368422803,9,False,True,True,,,,False,,9.427296275961544,True,
fixed_film__g2__t8,2,8,52,provenance://crystalite/outputs/final report output/mattergen_eval_fixed_film_raw_skip8_view/fixed_film__g2__t8/cifs/sample_00052.cif,True,False,True,False,2.332734052183989,283.2812460028121,25.752840545710196,11,False,True,True,,,,False,,7.842689512513924,True,
fixed_film__g2__t8,2,8,53,provenance://crystalite/outputs/final report output/mattergen_eval_fixed_film_raw_skip8_view/fixed_film__g2__t8/cifs/sample_00053.cif,True,True,True,True,1.438330418746369,476.7774117193902,26.487633984410568,18,False,True,True,,,,False,,1.848039461897053,True,
fixed_film__g2__t8,2,8,54,provenance://crystalite/outputs/final report output/mattergen_eval_fixed_film_raw_skip8_view/fixed_film__g2__t8/cifs/sample_00054.cif,True,True,True,True,1.8825785960522656,173.76785066055294,9.653769481141827,18,False,True,True,,,,False,,6.23416363507913,True,
fixed_film__g2__t8,2,8,55,provenance://crystalite/outputs/final report output/mattergen_eval_fixed_film_raw_skip8_view/fixed_film__g2__t8/cifs/sample_00055.cif,True,True,True,True,2.420372757783277,332.9645654893933,27.747047124116108,12,False,True,True,,,,False,,8.321973841449083,True,
fixed_film__g2__t8,2,8,56,provenance://crystalite/outputs/final report output/mattergen_eval_fixed_film_raw_skip8_view/fixed_film__g2__t8/cifs/sample_00056.cif,True,True,True,True,2.4836269777679103,94.75056951852343,23.687642379630866,4,False,True,False,,,,False,,7.1998039349268135,True,
fixed_film__g2__t8,2,8,57,provenance://crystalite/outputs/final report output/mattergen_eval_fixed_film_raw_skip8_view/fixed_film__g2__t8/cifs/sample_00057.cif,True,True,True,True,2.9262714511092143,143.19303270712982,28.638606541425965,5,True,True,True,,,,False,,15.109726259591303,True,
fixed_film__g2__t8,2,8,58,provenance://crystalite/outputs/final report output/mattergen_eval_fixed_film_raw_skip8_view/fixed_film__g2__t8/cifs/sample_00058.cif,True,True,True,True,2.384270094532128,652.4822419784217,36.24901344324565,18,False,True,True,,,,False,,8.147116480930869,True,
fixed_film__g2__t8,2,8,59,provenance://crystalite/outputs/final report output/mattergen_eval_fixed_film_raw_skip8_view/fixed_film__g2__t8/cifs/sample_00059.cif,True,False,True,False,2.507298955735663,343.0366010429984,31.185145549363487,11,False,True,True,,,,False,,6.965478786740404,True,
fixed_film__g2__t8,2,8,60,provenance://crystalite/outputs/final report output/mattergen_eval_fixed_film_raw_skip8_view/fixed_film__g2__t8/cifs/sample_00060.cif,True,True,True,True,3.1224458408029565,134.82832089727444,33.70708022431861,4,False,True,True,,,,False,,11.285974234161593,True,
fixed_film__g2__t8,2,8,61,provenance://crystalite/outputs/final report output/mattergen_eval_fixed_film_raw_skip8_view/fixed_film__g2__t8/cifs/sample_00061.cif,True,True,True,True,2.379916754159828,274.39492130887874,19.59963723634848,14,False,True,True,,,,False,,9.233045020824663,True,
fixed_film__g2__t8,2,8,62,provenance://crystalite/outputs/final report output/mattergen_eval_fixed_film_raw_skip8_view/fixed_film__g2__t8/cifs/sample_00062.cif,True,False,True,False,2.437681232298195,289.8080286778076,26.34618442525524,11,False,True,True,,,,False,,12.00609558308386,True,
fixed_film__g2__t8,2,8,63,provenance://crystalite/outputs/final report output/mattergen_eval_fixed_film_raw_skip8_view/fixed_film__g2__t8/cifs/sample_00063.cif,True,False,True,False,2.438131177205829,227.4784493817341,25.27538326463712,9,False,True,True,,,,False,,6.588173298169557,True,
fixed_film__g2__t8,2,8,64,provenance://crystalite/outputs/final report output/mattergen_eval_fixed_film_raw_skip8_view/fixed_film__g2__t8/cifs/sample_00064.cif,True,True,True,True,1.327942579434519,96.33558304661236,13.762226149516051,7,False,True,True,,,,False,,4.232506879880558,True,
fixed_film__g2__t8,2,8,65,provenance://crystalite/outputs/final report output/mattergen_eval_fixed_film_raw_skip8_view/fixed_film__g2__t8/cifs/sample_00065.cif,True,True,True,True,2.2784827497881914,73.63049693083681,12.271749488472802,6,False,True,True,,,,False,,13.528514395920295,True,
fixed_film__g2__t8,2,8,66,provenance://crystalite/outputs/final report output/mattergen_eval_fixed_film_raw_skip8_view/fixed_film__g2__t8/cifs/sample_00066.cif,True,False,True,False,2.028064057077126,598.1508353069188,29.90754176534594,20,False,True,True,,,,False,,7.139422225381729,True,
fixed_film__g2__t8,2,8,67,provenance://crystalite/outputs/final report output/mattergen_eval_fixed_film_raw_skip8_view/fixed_film__g2__t8/cifs/sample_00067.cif,True,True,True,True,2.34439337958316,334.07294990421536,27.839412492017946,12,False,True,True,,,,False,,9.987811292606372,True,
fixed_film__g2__t8,2,8,68,provenance://crystalite/outputs/final report output/mattergen_eval_fixed_film_raw_skip8_view/fixed_film__g2__t8/cifs/sample_00068.cif,True,True,True,True,2.6744300419854192,118.53003027973864,29.632507569934663,4,False,True,False,,,,False,,8.81162085717657,True,
fixed_film__g2__t8,2,8,69,provenance://crystalite/outputs/final report output/mattergen_eval_fixed_film_raw_skip8_view/fixed_film__g2__t8/cifs/sample_00069.cif,True,True,True,True,1.3933543149760057,311.00397312496426,15.550198656248211,20,False,True,True,,,,False,,2.429431256973483,True,
fixed_film__g2__t8,2,8,70,provenance://crystalite/outputs/final report output/mattergen_eval_fixed_film_raw_skip8_view/fixed_film__g2__t8/cifs/sample_00070.cif,True,True,True,True,1.977059965814996,256.962720679392,14.275706704410664,18,False,True,True,,,,False,,4.647583137251146,True,
fixed_film__g2__t8,2,8,71,provenance://crystalite/outputs/final report output/mattergen_eval_fixed_film_raw_skip8_view/fixed_film__g2__t8/cifs/sample_00071.cif,True,False,True,False,2.222276101447756,209.54467862236183,34.924113103726974,6,False,True,True,,,,False,,4.857531105979607,True,
fixed_film__g2__t8,2,8,72,provenance://crystalite/outputs/final report output/mattergen_eval_fixed_film_raw_skip8_view/fixed_film__g2__t8/cifs/sample_00072.cif,True,True,True,True,1.3895631761596166,152.16392290520292,15.216392290520291,10,False,True,True,,,,False,,4.634986606948737,True,
fixed_film__g2__t8,2,8,73,provenance://crystalite/outputs/final report output/mattergen_eval_fixed_film_raw_skip8_view/fixed_film__g2__t8/cifs/sample_00073.cif,True,True,True,True,2.338463460662113,572.1067590125809,35.75667243828631,16,False,True,True,,,,False,,4.551269772936225,True,
fixed_film__g2__t8,2,8,74,provenance://crystalite/outputs/final report output/mattergen_eval_fixed_film_raw_skip8_view/fixed_film__g2__t8/cifs/sample_00074.cif,True,True,True,True,2.512175468620927,102.6923400166011,25.673085004150277,4,False,True,True,,,,False,,8.744884153343015,True,
fixed_film__g2__t8,2,8,75,provenance://crystalite/outputs/final report output/mattergen_eval_fixed_film_raw_skip8_view/fixed_film__g2__t8/cifs/sample_00075.cif,True,True,True,True,1.2389522978268594,166.0998260117764,20.76247825147205,8,False,True,True,,,,False,,2.6263443093726155,True,
fixed_film__g2__t8,2,8,76,provenance://crystalite/outputs/final report output/mattergen_eval_fixed_film_raw_skip8_view/fixed_film__g2__t8/cifs/sample_00076.cif,True,True,True,True,2.9248906357319884,49.69695386203881,24.848476931019405,2,False,True,True,,,,False,,11.532189303708334,True,
fixed_film__g2__t8,2,8,77,provenance://crystalite/outputs/final report output/mattergen_eval_fixed_film_raw_skip8_view/fixed_film__g2__t8/cifs/sample_00077.cif,True,True,True,True,2.7641646544139404,242.88926178021245,26.987695753356935,9,False,True,True,,,,False,,13.384766837523268,True,
fixed_film__g2__t8,2,8,78,provenance://crystalite/outputs/final report output/mattergen_eval_fixed_film_raw_skip8_view/fixed_film__g2__t8/cifs/sample_00078.cif,True,True,True,True,2.2972515868470578,164.40814556828607,20.55101819603576,8,False,True,True,,,,False,,8.3263721940497,True,
fixed_film__g2__t8,2,8,79,provenance://crystalite/outputs/final report output/mattergen_eval_fixed_film_raw_skip8_view/fixed_film__g2__t8/cifs/sample_00079.cif,True,False,True,False,1.1164595808833055,243.87053234517083,15.241908271573177,16,False,True,True,,,,False,,2.672719307664746,True,
fixed_film__g2__t8,2,8,80,provenance://crystalite/outputs/final report output/mattergen_eval_fixed_film_raw_skip8_view/fixed_film__g2__t8/cifs/sample_00080.cif,True,True,True,True,2.480514212650927,236.43758570177675,23.643758570177678,10,False,True,True,,,,False,,7.39350644163413,True,
fixed_film__g2__t8,2,8,81,provenance://crystalite/outputs/final report output/mattergen_eval_fixed_film_raw_skip8_view/fixed_film__g2__t8/cifs/sample_00081.cif,True,True,True,True,1.302059869486737,247.8259878488024,12.39129939244012,20,False,True,True,,,,False,,5.278374194340225,True,
fixed_film__g2__t8,2,8,82,provenance://crystalite/outputs/final report output/mattergen_eval_fixed_film_raw_skip8_view/fixed_film__g2__t8/cifs/sample_00082.cif,True,True,True,True,2.029270295316665,85.63581221129742,14.27263536854957,6,False,True,True,,,,False,,4.222600485341368,True,
fixed_film__g2__t8,2,8,83,provenance://crystalite/outputs/final report output/mattergen_eval_fixed_film_raw_skip8_view/fixed_film__g2__t8/cifs/sample_00083.cif,True,True,True,True,2.014855457584667,224.6242071358507,18.71868392798756,12,False,True,True,,,,False,,5.17385157023151,True,
fixed_film__g2__t8,2,8,84,provenance://crystalite/outputs/final report output/mattergen_eval_fixed_film_raw_skip8_view/fixed_film__g2__t8/cifs/sample_00084.cif,True,True,True,True,2.3052255949434324,550.3643280587017,30.575796003261207,18,False,True,True,,,,False,,14.115142905106524,True,
fixed_film__g2__t8,2,8,85,provenance://crystalite/outputs/final report output/mattergen_eval_fixed_film_raw_skip8_view/fixed_film__g2__t8/cifs/sample_00085.cif,True,False,True,False,2.4642690654767554,454.9133519288941,37.90944599407451,12,False,True,True,,,,False,,13.663014420700256,True,
fixed_film__g2__t8,2,8,86,provenance://crystalite/outputs/final report output/mattergen_eval_fixed_film_raw_skip8_view/fixed_film__g2__t8/cifs/sample_00086.cif,True,True,True,True,2.1995658080114766,372.80091973245845,26.628637123747037,14,False,True,True,,,,False,,4.576810686463113,True,
fixed_film__g2__t8,2,8,87,provenance://crystalite/outputs/final report output/mattergen_eval_fixed_film_raw_skip8_view/fixed_film__g2__t8/cifs/sample_00087.cif,True,True,True,True,1.3299299917792635,143.61548176925098,11.967956814104248,12,False,True,True,,,,False,,3.228835022521896,True,
fixed_film__g2__t8,2,8,88,provenance://crystalite/outputs/final report output/mattergen_eval_fixed_film_raw_skip8_view/fixed_film__g2__t8/cifs/sample_00088.cif,True,False,True,False,1.4445478630411877,216.0355823522997,10.801779117614986,20,False,True,True,,,,False,,6.8450694420900335,True,
fixed_film__g2__t8,2,8,89,provenance://crystalite/outputs/final report output/mattergen_eval_fixed_film_raw_skip8_view/fixed_film__g2__t8/cifs/sample_00089.cif,True,True,True,True,2.129027483452138,444.4154304003069,27.77596440001918,16,False,True,True,,,,False,,8.715605196160668,True,
fixed_film__g2__t8,2,8,90,provenance://crystalite/outputs/final report output/mattergen_eval_fixed_film_raw_skip8_view/fixed_film__g2__t8/cifs/sample_00090.cif,True,True,True,True,2.079133087108436,284.9214429184251,20.35153163703037,14,False,True,True,,,,False,,9.947260077142634,True,
fixed_film__g2__t8,2,8,91,provenance://crystalite/outputs/final report output/mattergen_eval_fixed_film_raw_skip8_view/fixed_film__g2__t8/cifs/sample_00091.cif,True,False,True,False,2.843871944425828,78.54815784868612,26.182719282895373,3,False,True,True,,,,False,,12.759640915491014,True,
fixed_film__g2__t8,2,8,92,provenance://crystalite/outputs/final report output/mattergen_eval_fixed_film_raw_skip8_view/fixed_film__g2__t8/cifs/sample_00092.cif,True,True,True,True,2.645904320297624,127.1784438615241,25.43568877230482,5,True,True,True,,,,False,,12.401818906338493,True,
fixed_film__g2__t8,2,8,93,provenance://crystalite/outputs/final report output/mattergen_eval_fixed_film_raw_skip8_view/fixed_film__g2__t8/cifs/sample_00093.cif,True,False,True,False,2.305857081195263,252.29337570541423,36.04191081505918,7,False,True,True,,,,False,,5.815193798322061,True,
fixed_film__g2__t8,2,8,94,provenance://crystalite/outputs/final report output/mattergen_eval_fixed_film_raw_skip8_view/fixed_film__g2__t8/cifs/sample_00094.cif,True,True,True,True,2.2314025823572385,303.62253324848234,30.362253324848236,10,False,True,True,,,,False,,5.874881871991448,True,
fixed_film__g2__t8,2,8,95,provenance://crystalite/outputs/final report output/mattergen_eval_fixed_film_raw_skip8_view/fixed_film__g2__t8/cifs/sample_00095.cif,True,True,True,True,1.569355302762705,169.73666169781782,10.608541356113614,16,False,True,True,,,,False,,3.512603682866533,True,
fixed_film__g2__t8,2,8,96,provenance://crystalite/outputs/final report output/mattergen_eval_fixed_film_raw_skip8_view/fixed_film__g2__t8/cifs/sample_00096.cif,True,True,True,True,1.4496948437263304,178.27413909581787,29.712356515969645,6,False,True,True,,,,False,,1.739175370189576,True,
fixed_film__g2__t8,2,8,97,provenance://crystalite/outputs/final report output/mattergen_eval_fixed_film_raw_skip8_view/fixed_film__g2__t8/cifs/sample_00097.cif,True,True,True,True,1.852650103857055,320.7300944807868,16.88053128846246,19,False,True,True,,,,False,,3.4696039232870244,True,
fixed_film__g2__t8,2,8,98,provenance://crystalite/outputs/final report output/mattergen_eval_fixed_film_raw_skip8_view/fixed_film__g2__t8/cifs/sample_00098.cif,True,True,True,True,1.4356363966884125,321.9344738419736,17.88524854677631,18,False,True,True,,,,False,,3.538306695538704,True,
fixed_film__g2__t8,2,8,99,provenance://crystalite/outputs/final report output/mattergen_eval_fixed_film_raw_skip8_view/fixed_film__g2__t8/cifs/sample_00099.cif,True,True,True,True,2.060424837085986,587.3492805154683,32.630515584192686,18,False,True,True,,,,False,,4.211908148469558,True,
fixed_film__g2__t8,2,8,100,provenance://crystalite/outputs/final report output/mattergen_eval_fixed_film_raw_skip8_view/fixed_film__g2__t8/cifs/sample_00100.cif,True,False,True,False,2.434602694263119,200.050756058954,28.578679436993436,7,False,True,True,,,,False,,7.897086760456997,True,
fixed_film__g2__t8,2,8,101,provenance://crystalite/outputs/final report output/mattergen_eval_fixed_film_raw_skip8_view/fixed_film__g2__t8/cifs/sample_00101.cif,True,True,True,True,2.4591118353260284,178.8294740156888,22.3536842519611,8,False,True,True,,,,False,,15.245346880274582,True,
fixed_film__g2__t8,2,8,102,provenance://crystalite/outputs/final report output/mattergen_eval_fixed_film_raw_skip8_view/fixed_film__g2__t8/cifs/sample_00102.cif,True,True,True,True,1.3307088354177707,162.55898433778685,13.546582028148904,12,False,True,True,,,,False,,3.358289962647548,True,
fixed_film__g2__t8,2,8,103,provenance://crystalite/outputs/final report output/mattergen_eval_fixed_film_raw_skip8_view/fixed_film__g2__t8/cifs/sample_00103.cif,True,True,True,True,1.739871913563317,277.65215104053857,13.88260755202693,20,False,True,True,,,,False,,4.229790412106845,True,
fixed_film__g2__t8,2,8,104,provenance://crystalite/outputs/final report output/mattergen_eval_fixed_film_raw_skip8_view/fixed_film__g2__t8/cifs/sample_00104.cif,True,True,True,True,1.2539119948731776,187.96584061648,15.663820051373335,12,False,True,True,,,,False,,3.02032341100457,True,
fixed_film__g2__t8,2,8,105,provenance://crystalite/outputs/final report output/mattergen_eval_fixed_film_raw_skip8_view/fixed_film__g2__t8/cifs/sample_00105.cif,True,True,True,True,2.1713893846586494,64.51571700618727,21.505239002062424,3,False,True,True,,,,False,,12.9670222741625,True,
fixed_film__g2__t8,2,8,106,provenance://crystalite/outputs/final report output/mattergen_eval_fixed_film_raw_skip8_view/fixed_film__g2__t8/cifs/sample_00106.cif,True,True,True,True,2.06222469283639,338.7500040984361,24.19642886417401,14,False,True,True,,,,False,,4.981903142202298,True,
fixed_film__g2__t8,2,8,107,provenance://crystalite/outputs/final report output/mattergen_eval_fixed_film_raw_skip8_view/fixed_film__g2__t8/cifs/sample_00107.cif,True,False,True,False,2.090043498505248,324.37335293760106,24.951796379815463,13,False,True,True,,,,False,,5.406551673288178,True,
fixed_film__g2__t8,2,8,108,provenance://crystalite/outputs/final report output/mattergen_eval_fixed_film_raw_skip8_view/fixed_film__g2__t8/cifs/sample_00108.cif,True,True,True,True,2.044359470128581,158.00049940665266,13.166708283887722,12,False,True,True,,,,False,,6.240797107386982,True,
fixed_film__g2__t8,2,8,109,provenance://crystalite/outputs/final report output/mattergen_eval_fixed_film_raw_skip8_view/fixed_film__g2__t8/cifs/sample_00109.cif,True,True,True,True,1.2367765535554114,227.6799637205535,12.648886873364084,18,False,True,True,,,,False,,5.745939286818583,True,
fixed_film__g2__t8,2,8,110,provenance://crystalite/outputs/final report output/mattergen_eval_fixed_film_raw_skip8_view/fixed_film__g2__t8/cifs/sample_00110.cif,True,True,True,True,2.014329403680505,473.6202147385615,33.83001533846868,14,False,True,True,,,,False,,4.582325077452002,True,
fixed_film__g2__t8,2,8,111,provenance://crystalite/outputs/final report output/mattergen_eval_fixed_film_raw_skip8_view/fixed_film__g2__t8/cifs/sample_00111.cif,True,False,True,False,2.4604282336119048,231.93904352563948,28.99238044070493,8,False,True,True,,,,False,,15.23530640770583,True,
fixed_film__g2__t8,2,8,112,provenance://crystalite/outputs/final report output/mattergen_eval_fixed_film_raw_skip8_view/fixed_film__g2__t8/cifs/sample_00112.cif,True,False,True,False,2.4373806612680826,126.24951393105144,25.24990278621029,5,False,True,True,,,,False,,6.891347409979915,True,
fixed_film__g2__t8,2,8,113,provenance://crystalite/outputs/final report output/mattergen_eval_fixed_film_raw_skip8_view/fixed_film__g2__t8/cifs/sample_00113.cif,True,True,True,True,3.197021677016137,260.4937863581423,32.56172329476779,8,True,True,True,,,,False,,9.00978346234598,True,
fixed_film__g2__t8,2,8,114,provenance://crystalite/outputs/final report output/mattergen_eval_fixed_film_raw_skip8_view/fixed_film__g2__t8/cifs/sample_00114.cif,True,True,True,True,1.481275716354892,206.70139356813635,14.76438525486688,14,False,True,True,,,,False,,4.335994830743353,True,
fixed_film__g2__t8,2,8,115,provenance://crystalite/outputs/final report output/mattergen_eval_fixed_film_raw_skip8_view/fixed_film__g2__t8/cifs/sample_00115.cif,True,False,True,False,2.355673595584332,375.7933598586656,31.316113321555463,12,False,True,True,,,,False,,10.729394550130172,True,
fixed_film__g2__t8,2,8,116,provenance://crystalite/outputs/final report output/mattergen_eval_fixed_film_raw_skip8_view/fixed_film__g2__t8/cifs/sample_00116.cif,True,False,True,False,2.575469586553834,226.50879442769465,28.31359930346183,8,False,True,True,,,,False,,5.679513147226072,True,
fixed_film__g2__t8,2,8,117,provenance://crystalite/outputs/final report output/mattergen_eval_fixed_film_raw_skip8_view/fixed_film__g2__t8/cifs/sample_00117.cif,True,True,True,True,2.362644571253993,660.0154993961016,38.82444114094716,17,False,True,True,,,,False,,5.294620996245766,True,
fixed_film__g2__t8,2,8,118,provenance://crystalite/outputs/final report output/mattergen_eval_fixed_film_raw_skip8_view/fixed_film__g2__t8/cifs/sample_00118.cif,True,False,True,False,2.664750605334457,707.554476371907,35.37772381859535,20,False,True,True,,,,False,,15.449056135703517,True,
fixed_film__g2__t8,2,8,119,provenance://crystalite/outputs/final report output/mattergen_eval_fixed_film_raw_skip8_view/fixed_film__g2__t8/cifs/sample_00119.cif,True,True,True,True,2.098154326220362,568.6469801457138,28.432349007285687,20,False,True,True,,,,False,,9.45299477609827,True,
fixed_film__g2__t8,2,8,120,provenance://crystalite/outputs/final report output/mattergen_eval_fixed_film_raw_skip8_view/fixed_film__g2__t8/cifs/sample_00120.cif,True,True,True,True,1.249748069993722,304.6840068369005,15.234200341845028,20,False,True,True,,,,False,,3.048872501993104,True,
fixed_film__g2__t8,2,8,121,provenance://crystalite/outputs/final report output/mattergen_eval_fixed_film_raw_skip8_view/fixed_film__g2__t8/cifs/sample_00121.cif,True,False,True,False,2.411423543259684,539.9543930599613,41.53495331230472,13,False,True,True,,,,False,,3.589681870118916,True,
fixed_film__g2__t8,2,8,122,provenance://crystalite/outputs/final report output/mattergen_eval_fixed_film_raw_skip8_view/fixed_film__g2__t8/cifs/sample_00122.cif,True,False,True,False,2.405305457626596,611.6840925428239,33.98244958571244,18,False,True,True,,,,False,,7.389855086116491,True,
fixed_film__g2__t8,2,8,123,provenance://crystalite/outputs/final report output/mattergen_eval_fixed_film_raw_skip8_view/fixed_film__g2__t8/cifs/sample_00123.cif,True,True,True,True,2.0244639079571365,293.6241120671708,29.36241120671708,10,False,True,True,,,,False,,8.235060161853854,True,
fixed_film__g2__t8,2,8,124,provenance://crystalite/outputs/final report output/mattergen_eval_fixed_film_raw_skip8_view/fixed_film__g2__t8/cifs/sample_00124.cif,True,True,True,True,1.2525234393515148,164.03099244890953,11.716499460636395,14,False,True,True,,,,False,,5.404898870747636,True,
fixed_film__g2__t8,2,8,125,provenance://crystalite/outputs/final report output/mattergen_eval_fixed_film_raw_skip8_view/fixed_film__g2__t8/cifs/sample_00125.cif,True,True,True,True,2.2526786694549945,503.1389770894958,25.15694885447479,20,False,True,True,,,,False,,6.015305744584214,True,
fixed_film__g2__t8,2,8,126,provenance://crystalite/outputs/final report output/mattergen_eval_fixed_film_raw_skip8_view/fixed_film__g2__t8/cifs/sample_00126.cif,True,True,True,True,2.030923683408148,316.1356555142711,24.31812734725162,13,False,True,True,,,,False,,7.60433174177633,True,
fixed_film__g2__t8,2,8,127,provenance://crystalite/outputs/final report output/mattergen_eval_fixed_film_raw_skip8_view/fixed_film__g2__t8/cifs/sample_00127.cif,True,True,True,True,1.2542465510616745,162.11095220563283,16.211095220563283,10,False,True,True,,,,False,,3.187419448848418,True,
fixed_film__g3__t12,3,12,0,provenance://crystalite/outputs/final report output/mattergen_eval_fixed_film_raw_skip8_view/fixed_film__g3__t12/cifs/sample_00000.cif,True,True,True,True,2.919756141396574,83.80785466345097,20.951963665862746,4,True,True,True,,,,False,,23.657122914390403,True,
fixed_film__g3__t12,3,12,4,provenance://crystalite/outputs/final report output/mattergen_eval_fixed_film_raw_skip8_view/fixed_film__g3__t12/cifs/sample_00004.cif,True,True,True,True,3.628292937513777,66.96451998777346,33.48225999388673,2,True,True,True,,,,False,,7.462974169432743,True,
fixed_film__g3__t12,3,12,18,provenance://crystalite/outputs/final report output/mattergen_eval_fixed_film_raw_skip8_view/fixed_film__g3__t12/cifs/sample_00018.cif,True,True,True,True,3.3264565364743963,56.00476410256009,28.002382051280044,2,True,True,True,,,,False,,17.466293568405618,True,
fixed_film__g3__t12,3,12,45,provenance://crystalite/outputs/final report output/mattergen_eval_fixed_film_raw_skip8_view/fixed_film__g3__t12/cifs/sample_00045.cif,True,True,True,True,2.604149226841174,138.35915784050167,23.05985964008361,6,False,True,True,,,,False,,17.740781479861823,True,
fixed_film__g3__t12,3,12,68,provenance://crystalite/outputs/final report output/mattergen_eval_fixed_film_raw_skip8_view/fixed_film__g3__t12/cifs/sample_00068.cif,True,True,True,True,1.726733592772256,76.54431036893452,19.13607759223363,4,False,True,True,,,,False,,7.053033903342346,True,
fixed_film__g3__t12,3,12,71,provenance://crystalite/outputs/final report output/mattergen_eval_fixed_film_raw_skip8_view/fixed_film__g3__t12/cifs/sample_00071.cif,True,True,True,True,2.0549283954291373,201.3596150405784,33.559935840096394,6,False,True,True,,,,False,,9.591165024372172,True,
fixed_film__g3__t2,3,2,0,provenance://crystalite/outputs/final report output/mattergen_eval_fixed_film_raw_skip8_view/fixed_film__g3__t2/cifs/sample_00000.cif,True,True,True,True,1.4329994171322535,423.3759093355285,105.84397733388212,4,False,True,True,,,,False,,2.025740553451182,True,
fixed_film__g3__t2,3,2,1,provenance://crystalite/outputs/final report output/mattergen_eval_fixed_film_raw_skip8_view/fixed_film__g3__t2/cifs/sample_00001.cif,True,False,True,False,1.412708495753539,470.570536371055,23.528526818552752,20,False,True,True,,,,False,,1.3604254929158364,True,
fixed_film__g3__t2,3,2,2,provenance://crystalite/outputs/final report output/mattergen_eval_fixed_film_raw_skip8_view/fixed_film__g3__t2/cifs/sample_00002.cif,True,True,True,True,1.7912265112248074,167.31258263188718,20.914072828985898,8,False,True,True,,,,False,,1.7991255924912295,True,
fixed_film__g3__t2,3,2,3,provenance://crystalite/outputs/final report output/mattergen_eval_fixed_film_raw_skip8_view/fixed_film__g3__t2/cifs/sample_00003.cif,True,True,True,True,1.826009411766454,175.9526468051373,21.994080850642163,8,False,True,True,,,,False,,2.0913971679209062,True,
fixed_film__g3__t2,3,2,4,provenance://crystalite/outputs/final report output/mattergen_eval_fixed_film_raw_skip8_view/fixed_film__g3__t2/cifs/sample_00004.cif,True,True,True,True,2.0038377727993577,77.71857864864856,38.85928932432428,2,False,True,True,,,,False,,2.980251259234072,True,
fixed_film__g3__t2,3,2,5,provenance://crystalite/outputs/final report output/mattergen_eval_fixed_film_raw_skip8_view/fixed_film__g3__t2/cifs/sample_00005.cif,True,False,True,False,1.441052289487832,422.4753384602551,26.404708653765944,16,False,True,True,,,,False,,2.448775818244024,True,
fixed_film__g3__t2,3,2,6,provenance://crystalite/outputs/final report output/mattergen_eval_fixed_film_raw_skip8_view/fixed_film__g3__t2/cifs/sample_00006.cif,True,False,True,False,1.432991112349452,637.7792321861959,79.72240402327449,8,False,True,True,,,,False,,1.27258252586999,True,
fixed_film__g3__t2,3,2,7,provenance://crystalite/outputs/final report output/mattergen_eval_fixed_film_raw_skip8_view/fixed_film__g3__t2/cifs/sample_00007.cif,True,False,True,False,1.5321955788330708,258.1325095965001,18.438036399750008,14,False,True,True,,,,False,,1.6173810869531533,True,
fixed_film__g3__t2,3,2,8,provenance://crystalite/outputs/final report output/mattergen_eval_fixed_film_raw_skip8_view/fixed_film__g3__t2/cifs/sample_00008.cif,True,False,True,False,1.7100523992437218,323.8480616228609,26.98733846857174,12,False,True,True,,,,False,,1.6066672313902794,True,
fixed_film__g3__t2,3,2,9,provenance://crystalite/outputs/final report output/mattergen_eval_fixed_film_raw_skip8_view/fixed_film__g3__t2/cifs/sample_00009.cif,True,True,True,True,1.8196159753443053,144.41611838954825,18.05201479869353,8,False,True,True,,,,False,,2.063800392378031,True,
fixed_film__g3__t2,3,2,10,provenance://crystalite/outputs/final report output/mattergen_eval_fixed_film_raw_skip8_view/fixed_film__g3__t2/cifs/sample_00010.cif,True,False,True,False,1.5672199062330712,884.8094030232028,73.73411691860024,12,False,True,True,,,,False,,1.4688996325660313,True,
fixed_film__g3__t2,3,2,11,provenance://crystalite/outputs/final report output/mattergen_eval_fixed_film_raw_skip8_view/fixed_film__g3__t2/cifs/sample_00011.cif,True,True,True,True,1.338144741259436,393.2849487422572,21.84916381901429,18,False,True,True,,,,False,,1.473336747844855,True,
fixed_film__g3__t2,3,2,12,provenance://crystalite/outputs/final report output/mattergen_eval_fixed_film_raw_skip8_view/fixed_film__g3__t2/cifs/sample_00012.cif,True,False,True,False,1.3432730214616446,1307.5667814132796,130.75667814132797,10,False,True,True,,,,False,,1.33055457115619,True,
fixed_film__g3__t2,3,2,13,provenance://crystalite/outputs/final report output/mattergen_eval_fixed_film_raw_skip8_view/fixed_film__g3__t2/cifs/sample_00013.cif,True,True,True,True,1.3393386336830455,518.9007714422112,43.2417309535176,12,False,True,True,,,,False,,1.6385127902207384,True,
fixed_film__g3__t2,3,2,14,provenance://crystalite/outputs/final report output/mattergen_eval_fixed_film_raw_skip8_view/fixed_film__g3__t2/cifs/sample_00014.cif,True,False,True,False,1.970506845481389,307.3467077138228,25.61222564281857,12,False,True,True,,,,False,,2.0228352014129984,True,
fixed_film__g3__t2,3,2,15,provenance://crystalite/outputs/final report output/mattergen_eval_fixed_film_raw_skip8_view/fixed_film__g3__t2/cifs/sample_00015.cif,True,True,True,True,1.240770094442246,221.1018612454419,73.7006204151473,3,False,True,True,,,,False,,1.8035797072976916,True,
fixed_film__g3__t2,3,2,16,provenance://crystalite/outputs/final report output/mattergen_eval_fixed_film_raw_skip8_view/fixed_film__g3__t2/cifs/sample_00016.cif,True,False,True,False,1.150673180277158,3036.3404974593705,168.68558319218724,18,False,True,True,,,,False,,1.0842280422771862,True,
fixed_film__g3__t2,3,2,17,provenance://crystalite/outputs/final report output/mattergen_eval_fixed_film_raw_skip8_view/fixed_film__g3__t2/cifs/sample_00017.cif,True,True,True,True,1.786078225193855,159.04448007825852,19.880560009782315,8,False,True,True,,,,False,,2.037070877964029,True,
fixed_film__g3__t2,3,2,18,provenance://crystalite/outputs/final report output/mattergen_eval_fixed_film_raw_skip8_view/fixed_film__g3__t2/cifs/sample_00018.cif,True,False,True,False,3.365244385727582,103.87690125075228,51.93845062537613,2,False,True,True,,,,False,,2.6443148240315995,True,
fixed_film__g3__t2,3,2,19,provenance://crystalite/outputs/final report output/mattergen_eval_fixed_film_raw_skip8_view/fixed_film__g3__t2/cifs/sample_00019.cif,True,False,True,False,1.834801162956807,242.637394059161,24.263739405916105,10,False,True,True,,,,False,,1.896828699458804,True,
fixed_film__g3__t2,3,2,20,provenance://crystalite/outputs/final report output/mattergen_eval_fixed_film_raw_skip8_view/fixed_film__g3__t2/cifs/sample_00020.cif,True,True,True,True,2.369728555322917,106.51847935235976,21.303695870471948,5,False,True,True,,,,False,,2.8142073139376738,True,
fixed_film__g3__t2,3,2,21,provenance://crystalite/outputs/final report output/mattergen_eval_fixed_film_raw_skip8_view/fixed_film__g3__t2/cifs/sample_00021.cif,True,False,True,False,1.4463791508446613,405.1618948137154,20.25809474068577,20,False,True,True,,,,False,,3.1270278827559146,True,
fixed_film__g3__t2,3,2,22,provenance://crystalite/outputs/final report output/mattergen_eval_fixed_film_raw_skip8_view/fixed_film__g3__t2/cifs/sample_00022.cif,True,False,True,False,1.4301448253729334,1359.8866784356906,97.13476274540646,14,False,True,True,,,,False,,1.8197663400288715,True,
fixed_film__g3__t2,3,2,23,provenance://crystalite/outputs/final report output/mattergen_eval_fixed_film_raw_skip8_view/fixed_film__g3__t2/cifs/sample_00023.cif,True,True,True,True,1.3348114340167734,229.9597543833536,25.55108382037262,9,False,True,True,,,,False,,2.4019905080711044,True,
fixed_film__g3__t2,3,2,24,provenance://crystalite/outputs/final report output/mattergen_eval_fixed_film_raw_skip8_view/fixed_film__g3__t2/cifs/sample_00024.cif,True,False,True,False,1.914158701915301,322.54363121697725,32.25436312169772,10,False,True,True,,,,False,,1.7120951245167937,True,
fixed_film__g3__t2,3,2,25,provenance://crystalite/outputs/final report output/mattergen_eval_fixed_film_raw_skip8_view/fixed_film__g3__t2/cifs/sample_00025.cif,True,False,True,False,0.9978408421466176,1005.3968380411222,62.83730237757014,16,False,True,True,,,,False,,1.5245455173612792,True,
fixed_film__g3__t2,3,2,26,provenance://crystalite/outputs/final report output/mattergen_eval_fixed_film_raw_skip8_view/fixed_film__g3__t2/cifs/sample_00026.cif,True,True,True,True,1.4198711533284287,479.9538655887301,23.997693279436508,20,False,True,True,,,,False,,1.7843995091076306,True,
fixed_film__g3__t2,3,2,27,provenance://crystalite/outputs/final report output/mattergen_eval_fixed_film_raw_skip8_view/fixed_film__g3__t2/cifs/sample_00027.cif,True,True,True,True,1.6778117192644424,213.5641532506405,26.695519156330064,8,False,True,True,,,,False,,1.8474051894950456,True,
fixed_film__g3__t2,3,2,28,provenance://crystalite/outputs/final report output/mattergen_eval_fixed_film_raw_skip8_view/fixed_film__g3__t2/cifs/sample_00028.cif,True,True,True,True,1.3407287628473623,982.9810582478876,61.43631614049297,16,False,True,True,,,,False,,1.7692178692408704,True,
fixed_film__g3__t2,3,2,29,provenance://crystalite/outputs/final report output/mattergen_eval_fixed_film_raw_skip8_view/fixed_film__g3__t2/cifs/sample_00029.cif,True,True,True,True,1.4131875448264533,392.927947429773,24.55799671436081,16,False,True,True,,,,False,,1.7332593328137484,True,
fixed_film__g3__t2,3,2,30,provenance://crystalite/outputs/final report output/mattergen_eval_fixed_film_raw_skip8_view/fixed_film__g3__t2/cifs/sample_00030.cif,True,False,True,False,1.5167726968457835,275.37953636741577,17.211221022963485,16,False,True,True,,,,False,,2.546163642622272,True,
fixed_film__g3__t2,3,2,31,provenance://crystalite/outputs/final report output/mattergen_eval_fixed_film_raw_skip8_view/fixed_film__g3__t2/cifs/sample_00031.cif,True,False,True,False,1.5450306290405924,181.7295949969485,36.345918999389696,5,False,True,True,,,,False,,2.1206495638330307,True,
fixed_film__g3__t2,3,2,32,provenance://crystalite/outputs/final report output/mattergen_eval_fixed_film_raw_skip8_view/fixed_film__g3__t2/cifs/sample_00032.cif,True,False,True,False,1.823633946951248,389.5245623175771,21.64025346208761,18,False,True,True,,,,False,,1.938522823308294,True,
fixed_film__g3__t2,3,2,33,provenance://crystalite/outputs/final report output/mattergen_eval_fixed_film_raw_skip8_view/fixed_film__g3__t2/cifs/sample_00033.cif,True,False,True,False,1.542975434334338,199.15163987116327,16.595969989263605,12,False,True,True,,,,False,,2.196440123646415,True,
fixed_film__g3__t2,3,2,34,provenance://crystalite/outputs/final report output/mattergen_eval_fixed_film_raw_skip8_view/fixed_film__g3__t2/cifs/sample_00034.cif,True,False,True,False,1.4243467097827254,203.76066022443783,15.673896940341372,13,False,True,True,,,,False,,2.437832669577143,True,
fixed_film__g3__t2,3,2,35,provenance://crystalite/outputs/final report output/mattergen_eval_fixed_film_raw_skip8_view/fixed_film__g3__t2/cifs/sample_00035.cif,True,False,True,False,1.978242683543856,399.92505581833353,57.13215083119051,7,False,True,True,,,,False,,1.2394821368838165,True,
fixed_film__g3__t2,3,2,36,provenance://crystalite/outputs/final report output/mattergen_eval_fixed_film_raw_skip8_view/fixed_film__g3__t2/cifs/sample_00036.cif,True,False,True,False,1.418546157803145,439.6354431259152,24.42419128477307,18,False,True,True,,,,False,,1.880071365421432,True,
fixed_film__g3__t2,3,2,37,provenance://crystalite/outputs/final report output/mattergen_eval_fixed_film_raw_skip8_view/fixed_film__g3__t2/cifs/sample_00037.cif,True,False,True,False,1.431759900624883,1187.4487537770617,74.21554711106634,16,False,True,True,,,,False,,1.320544820962824,True,
fixed_film__g3__t2,3,2,38,provenance://crystalite/outputs/final report output/mattergen_eval_fixed_film_raw_skip8_view/fixed_film__g3__t2/cifs/sample_00038.cif,True,True,True,True,1.6879191455057343,188.35473014141465,15.696227511784551,12,False,True,True,,,,False,,1.8415520607909908,True,
fixed_film__g3__t2,3,2,39,provenance://crystalite/outputs/final report output/mattergen_eval_fixed_film_raw_skip8_view/fixed_film__g3__t2/cifs/sample_00039.cif,True,True,True,True,1.4330888010670193,1790.6416905133688,111.91510565708556,16,False,True,True,,,,False,,1.7320876977419328,True,
fixed_film__g3__t2,3,2,40,provenance://crystalite/outputs/final report output/mattergen_eval_fixed_film_raw_skip8_view/fixed_film__g3__t2/cifs/sample_00040.cif,True,True,True,True,3.016593067033096,57.27493109966383,28.63746554983192,2,False,True,False,,,,False,,2.1168514599049058,True,
fixed_film__g3__t2,3,2,41,provenance://crystalite/outputs/final report output/mattergen_eval_fixed_film_raw_skip8_view/fixed_film__g3__t2/cifs/sample_00041.cif,True,False,True,False,1.4526889807077124,69.81409792482648,13.962819584965295,5,False,True,True,,,,False,,3.132103052986015,True,
fixed_film__g3__t2,3,2,42,provenance://crystalite/outputs/final report output/mattergen_eval_fixed_film_raw_skip8_view/fixed_film__g3__t2/cifs/sample_00042.cif,True,True,True,True,1.4311063636491148,1341.2148194786926,83.82592621741829,16,False,True,True,,,,False,,1.4246082645042513,True,
fixed_film__g3__t2,3,2,43,provenance://crystalite/outputs/final report output/mattergen_eval_fixed_film_raw_skip8_view/fixed_film__g3__t2/cifs/sample_00043.cif,True,False,True,False,1.4573887257476927,191.7369404855652,19.17369404855652,10,False,True,True,,,,False,,2.3161902246199757,True,
fixed_film__g3__t2,3,2,44,provenance://crystalite/outputs/final report output/mattergen_eval_fixed_film_raw_skip8_view/fixed_film__g3__t2/cifs/sample_00044.cif,True,True,True,True,1.7560714441116965,213.75905211983607,21.375905211983607,10,False,True,True,,,,False,,1.810208963817333,True,
fixed_film__g3__t2,3,2,45,provenance://crystalite/outputs/final report output/mattergen_eval_fixed_film_raw_skip8_view/fixed_film__g3__t2/cifs/sample_00045.cif,True,True,True,True,1.4328479887068082,1010.5675693860668,168.42792823101115,6,False,True,True,,,,False,,1.550633938562141,True,
fixed_film__g3__t2,3,2,46,provenance://crystalite/outputs/final report output/mattergen_eval_fixed_film_raw_skip8_view/fixed_film__g3__t2/cifs/sample_00046.cif,True,False,True,False,1.57875072801309,278.160394932007,25.28730863018245,11,False,True,True,,,,False,,0.9463726050214916,True,
fixed_film__g3__t2,3,2,47,provenance://crystalite/outputs/final report output/mattergen_eval_fixed_film_raw_skip8_view/fixed_film__g3__t2/cifs/sample_00047.cif,True,True,True,True,1.710021270368997,258.19673335657626,21.516394446381355,12,False,True,True,,,,False,,1.8687046261141385,True,
fixed_film__g3__t2,3,2,48,provenance://crystalite/outputs/final report output/mattergen_eval_fixed_film_raw_skip8_view/fixed_film__g3__t2/cifs/sample_00048.cif,True,False,True,False,1.4663059335735062,574.3543190355995,71.79428987944993,8,False,True,True,,,,False,,1.3120066261117953,True,
fixed_film__g3__t2,3,2,49,provenance://crystalite/outputs/final report output/mattergen_eval_fixed_film_raw_skip8_view/fixed_film__g3__t2/cifs/sample_00049.cif,True,False,True,False,1.8309721526237532,185.6680038424153,23.20850048030191,8,False,True,True,,,,False,,1.419498670178309,True,
fixed_film__g3__t2,3,2,50,provenance://crystalite/outputs/final report output/mattergen_eval_fixed_film_raw_skip8_view/fixed_film__g3__t2/cifs/sample_00050.cif,True,True,True,True,1.4333719791576074,2106.2357752160065,175.5196479346672,12,False,True,True,,,,False,,1.3577744014820634,True,
fixed_film__g3__t2,3,2,51,provenance://crystalite/outputs/final report output/mattergen_eval_fixed_film_raw_skip8_view/fixed_film__g3__t2/cifs/sample_00051.cif,True,True,True,True,1.6329478706457186,232.43331645292628,25.825924050325145,9,False,True,True,,,,False,,1.8249658151319077,True,
fixed_film__g3__t2,3,2,52,provenance://crystalite/outputs/final report output/mattergen_eval_fixed_film_raw_skip8_view/fixed_film__g3__t2/cifs/sample_00052.cif,True,False,True,False,1.916405031098072,195.82227759621463,17.802025236019514,11,False,True,True,,,,False,,2.491269961675733,True,
fixed_film__g3__t2,3,2,53,provenance://crystalite/outputs/final report output/mattergen_eval_fixed_film_raw_skip8_view/fixed_film__g3__t2/cifs/sample_00053.cif,True,False,True,False,1.341979897528786,765.8643643599203,42.5480202422178,18,False,True,True,,,,False,,1.854006770794526,True,
fixed_film__g3__t2,3,2,54,provenance://crystalite/outputs/final report output/mattergen_eval_fixed_film_raw_skip8_view/fixed_film__g3__t2/cifs/sample_00054.cif,True,True,True,True,1.4355315092706906,1000.6072038964036,55.58928910535576,18,False,True,True,,,,False,,1.7528452103418368,True,
fixed_film__g3__t2,3,2,55,provenance://crystalite/outputs/final report output/mattergen_eval_fixed_film_raw_skip8_view/fixed_film__g3__t2/cifs/sample_00055.cif,True,False,True,False,1.4331806449552098,1240.417273800923,103.36810615007694,12,False,True,True,,,,False,,1.3894626037095936,True,
fixed_film__g3__t2,3,2,56,provenance://crystalite/outputs/final report output/mattergen_eval_fixed_film_raw_skip8_view/fixed_film__g3__t2/cifs/sample_00056.cif,True,True,True,True,1.2341948935740867,140.5124597572801,35.12811493932003,4,False,True,True,,,,False,,1.8630826795991569,True,
fixed_film__g3__t2,3,2,57,provenance://crystalite/outputs/final report output/mattergen_eval_fixed_film_raw_skip8_view/fixed_film__g3__t2/cifs/sample_00057.cif,True,False,True,False,1.6083830131805308,152.436808202074,30.4873616404148,5,False,True,True,,,,False,,2.2379603005211592,True,
fixed_film__g3__t2,3,2,58,provenance://crystalite/outputs/final report output/mattergen_eval_fixed_film_raw_skip8_view/fixed_film__g3__t2/cifs/sample_00058.cif,True,False,True,False,1.0893861225326265,579.30346409055,32.18352578280834,18,False,True,True,,,,False,,2.0955279416279264,True,
fixed_film__g3__t2,3,2,59,provenance://crystalite/outputs/final report output/mattergen_eval_fixed_film_raw_skip8_view/fixed_film__g3__t2/cifs/sample_00059.cif,True,False,True,False,1.7529803400561583,259.0832784741357,23.55302531583052,11,False,True,True,,,,False,,2.2244448516029927,True,
fixed_film__g3__t2,3,2,61,provenance://crystalite/outputs/final report output/mattergen_eval_fixed_film_raw_skip8_view/fixed_film__g3__t2/cifs/sample_00061.cif,True,True,True,True,1.6951757848722249,254.25973069689013,18.161409335492152,14,False,True,True,,,,False,,2.151053157617125,True,
fixed_film__g3__t2,3,2,62,provenance://crystalite/outputs/final report output/mattergen_eval_fixed_film_raw_skip8_view/fixed_film__g3__t2/cifs/sample_00062.cif,True,False,True,False,1.6854756731784415,263.4529378888644,23.95026708080585,11,False,True,True,,,,False,,2.474648850530025,True,
fixed_film__g3__t2,3,2,63,provenance://crystalite/outputs/final report output/mattergen_eval_fixed_film_raw_skip8_view/fixed_film__g3__t2/cifs/sample_00063.cif,True,True,True,True,1.5575065337581957,180.0730437957244,20.00811597730271,9,False,True,True,,,,False,,1.9154221447784323,True,
fixed_film__g3__t2,3,2,64,provenance://crystalite/outputs/final report output/mattergen_eval_fixed_film_raw_skip8_view/fixed_film__g3__t2/cifs/sample_00064.cif,True,True,True,True,1.4159833717641153,164.25179475352607,23.464542107646583,7,False,True,True,,,,False,,2.9750854023112026,True,
fixed_film__g3__t2,3,2,65,provenance://crystalite/outputs/final report output/mattergen_eval_fixed_film_raw_skip8_view/fixed_film__g3__t2/cifs/sample_00065.cif,True,True,True,True,1.865389155870648,202.54198035650188,33.75699672608365,6,False,True,True,,,,False,,2.025087979292934,True,
fixed_film__g3__t2,3,2,66,provenance://crystalite/outputs/final report output/mattergen_eval_fixed_film_raw_skip8_view/fixed_film__g3__t2/cifs/sample_00066.cif,True,True,True,True,1.406234200772999,821.5106212038197,41.07553106019098,20,False,True,True,,,,False,,1.373514447438782,True,
fixed_film__g3__t2,3,2,67,provenance://crystalite/outputs/final report output/mattergen_eval_fixed_film_raw_skip8_view/fixed_film__g3__t2/cifs/sample_00067.cif,True,False,True,False,1.5470058769975603,260.22440181526224,21.68536681793852,12,False,False,True,,,,False,,1.8590522685458013,True,
fixed_film__g3__t2,3,2,68,provenance://crystalite/outputs/final report output/mattergen_eval_fixed_film_raw_skip8_view/fixed_film__g3__t2/cifs/sample_00068.cif,True,True,True,True,1.694152851052411,120.46351136405792,30.11587784101448,4,False,True,True,,,,False,,1.9086985230990328,True,
fixed_film__g3__t2,3,2,69,provenance://crystalite/outputs/final report output/mattergen_eval_fixed_film_raw_skip8_view/fixed_film__g3__t2/cifs/sample_00069.cif,True,False,True,False,1.430866380046081,2128.216253613639,106.41081268068194,20,False,True,True,,,,False,,1.4469817964627774,True,
fixed_film__g3__t2,3,2,71,provenance://crystalite/outputs/final report output/mattergen_eval_fixed_film_raw_skip8_view/fixed_film__g3__t2/cifs/sample_00071.cif,True,True,True,True,1.7210079849909048,134.7246029742939,22.45410049571565,6,False,True,True,,,,False,,1.879968371132283,True,
fixed_film__g3__t2,3,2,72,provenance://crystalite/outputs/final report output/mattergen_eval_fixed_film_raw_skip8_view/fixed_film__g3__t2/cifs/sample_00072.cif,True,False,True,False,1.5579931622312977,786.9664380509097,78.69664380509097,10,False,True,True,,,,False,,1.1209038225613384,True,
fixed_film__g3__t2,3,2,73,provenance://crystalite/outputs/final report output/mattergen_eval_fixed_film_raw_skip8_view/fixed_film__g3__t2/cifs/sample_00073.cif,True,True,True,True,1.6237672378900896,217.16950446065744,13.573094028791092,16,False,True,True,,,,False,,1.4656900106985866,True,
fixed_film__g3__t2,3,2,74,provenance://crystalite/outputs/final report output/mattergen_eval_fixed_film_raw_skip8_view/fixed_film__g3__t2/cifs/sample_00074.cif,True,True,True,True,1.5655162163323328,410.5252323799383,102.63130809498458,4,False,True,True,,,,False,,1.4959404386751955,True,
fixed_film__g3__t2,3,2,75,provenance://crystalite/outputs/final report output/mattergen_eval_fixed_film_raw_skip8_view/fixed_film__g3__t2/cifs/sample_00075.cif,True,True,True,True,1.720511665263755,115.55038898688032,14.44379862336004,8,False,True,True,,,,False,,2.0137907864325126,True,
fixed_film__g3__t2,3,2,76,provenance://crystalite/outputs/final report output/mattergen_eval_fixed_film_raw_skip8_view/fixed_film__g3__t2/cifs/sample_00076.cif,True,True,True,True,5.2143163666007375,332.1688180142986,166.0844090071493,2,False,True,True,,,,False,,0.603394325981513,True,
fixed_film__g3__t2,3,2,77,provenance://crystalite/outputs/final report output/mattergen_eval_fixed_film_raw_skip8_view/fixed_film__g3__t2/cifs/sample_00077.cif,True,True,True,True,1.7961495105958485,189.89976529837023,21.099973922041137,9,False,True,True,,,,False,,1.9788184850047037,True,
fixed_film__g3__t2,3,2,79,provenance://crystalite/outputs/final report output/mattergen_eval_fixed_film_raw_skip8_view/fixed_film__g3__t2/cifs/sample_00079.cif,True,False,True,False,1.6104739069684144,306.1278892353943,19.132993077212145,16,False,True,True,,,,False,,2.1271073842726427,True,
fixed_film__g3__t2,3,2,80,provenance://crystalite/outputs/final report output/mattergen_eval_fixed_film_raw_skip8_view/fixed_film__g3__t2/cifs/sample_00080.cif,True,False,True,False,1.4335574909043898,188.4801435310714,18.84801435310714,10,False,True,True,,,,False,,1.876940357563652,True,
fixed_film__g3__t2,3,2,81,provenance://crystalite/outputs/final report output/mattergen_eval_fixed_film_raw_skip8_view/fixed_film__g3__t2/cifs/sample_00081.cif,True,True,True,True,1.4245196901084711,493.0828149806812,24.654140749034063,20,False,True,True,,,,False,,2.2796545383211444,True,
fixed_film__g3__t2,3,2,82,provenance://crystalite/outputs/final report output/mattergen_eval_fixed_film_raw_skip8_view/fixed_film__g3__t2/cifs/sample_00082.cif,True,False,True,False,2.091785281986094,109.24755571143132,18.20792595190522,6,False,True,True,,,,False,,1.9620539680627496,True,
fixed_film__g3__t2,3,2,83,provenance://crystalite/outputs/final report output/mattergen_eval_fixed_film_raw_skip8_view/fixed_film__g3__t2/cifs/sample_00083.cif,True,False,True,False,1.416212133659568,219.95261917195143,18.329384930995957,12,False,True,True,,,,False,,2.297398728702297,True,
fixed_film__g3__t2,3,2,84,provenance://crystalite/outputs/final report output/mattergen_eval_fixed_film_raw_skip8_view/fixed_film__g3__t2/cifs/sample_00084.cif,True,False,True,False,1.343047227376189,2170.833563362444,120.60186463124688,18,False,True,True,,,,False,,1.6414526682163997,True,
fixed_film__g3__t2,3,2,85,provenance://crystalite/outputs/final report output/mattergen_eval_fixed_film_raw_skip8_view/fixed_film__g3__t2/cifs/sample_00085.cif,True,True,True,True,1.3035996880129488,168.45393381881175,14.037827818234312,12,False,True,True,,,,False,,2.5936852033486484,True,
fixed_film__g3__t2,3,2,86,provenance://crystalite/outputs/final report output/mattergen_eval_fixed_film_raw_skip8_view/fixed_film__g3__t2/cifs/sample_00086.cif,True,True,True,True,1.433123021964098,1616.2043351123334,115.4431667937381,14,False,True,True,,,,False,,1.5949603919349862,True,
fixed_film__g3__t2,3,2,87,provenance://crystalite/outputs/final report output/mattergen_eval_fixed_film_raw_skip8_view/fixed_film__g3__t2/cifs/sample_00087.cif,True,True,True,True,1.1461802039207127,229.83943059880423,19.15328588323369,12,False,True,True,,,,False,,1.7866000550762668,True,
fixed_film__g3__t2,3,2,88,provenance://crystalite/outputs/final report output/mattergen_eval_fixed_film_raw_skip8_view/fixed_film__g3__t2/cifs/sample_00088.cif,True,False,True,False,1.4217006713931473,1371.0300000490274,68.55150000245138,20,False,True,True,,,,False,,2.112319556554976,True,
fixed_film__g3__t2,3,2,89,provenance://crystalite/outputs/final report output/mattergen_eval_fixed_film_raw_skip8_view/fixed_film__g3__t2/cifs/sample_00089.cif,True,False,True,False,1.4249334732082175,392.4155730943645,24.52597331839778,16,False,True,True,,,,False,,2.2466593663753263,True,
fixed_film__g3__t2,3,2,90,provenance://crystalite/outputs/final report output/mattergen_eval_fixed_film_raw_skip8_view/fixed_film__g3__t2/cifs/sample_00090.cif,True,False,True,False,1.4259194228056438,330.8663303666576,23.63330931190411,14,False,True,True,,,,False,,2.516136383598977,True,
fixed_film__g3__t2,3,2,91,provenance://crystalite/outputs/final report output/mattergen_eval_fixed_film_raw_skip8_view/fixed_film__g3__t2/cifs/sample_00091.cif,True,False,True,False,2.081785265692244,76.5574226308861,25.51914087696203,3,False,True,True,,,,False,,1.781704130319732,True,
fixed_film__g3__t2,3,2,92,provenance://crystalite/outputs/final report output/mattergen_eval_fixed_film_raw_skip8_view/fixed_film__g3__t2/cifs/sample_00092.cif,True,True,True,True,1.8541012907673016,84.59721526193755,16.91944305238751,5,False,True,True,,,,False,,2.8677048568703043,True,
fixed_film__g3__t2,3,2,93,provenance://crystalite/outputs/final report output/mattergen_eval_fixed_film_raw_skip8_view/fixed_film__g3__t2/cifs/sample_00093.cif,True,True,True,True,1.636723017351237,140.2306820813772,20.03295458305389,7,False,True,True,,,,False,,1.6219654459361863,True,
fixed_film__g3__t2,3,2,94,provenance://crystalite/outputs/final report output/mattergen_eval_fixed_film_raw_skip8_view/fixed_film__g3__t2/cifs/sample_00094.cif,True,False,True,False,1.6768303957035038,640.8279689468416,64.08279689468415,10,False,True,True,,,,False,,1.5723393626896058,True,
fixed_film__g3__t2,3,2,95,provenance://crystalite/outputs/final report output/mattergen_eval_fixed_film_raw_skip8_view/fixed_film__g3__t2/cifs/sample_00095.cif,True,False,True,False,1.4436806836910316,343.3438966587267,21.45899354117042,16,False,True,True,,,,False,,2.2917506069624736,True,
fixed_film__g3__t2,3,2,96,provenance://crystalite/outputs/final report output/mattergen_eval_fixed_film_raw_skip8_view/fixed_film__g3__t2/cifs/sample_00096.cif,True,False,True,False,2.15919451474679,128.12843032125593,21.35473838687599,6,False,True,True,,,,False,,2.5767262453008297,True,
fixed_film__g3__t2,3,2,97,provenance://crystalite/outputs/final report output/mattergen_eval_fixed_film_raw_skip8_view/fixed_film__g3__t2/cifs/sample_00097.cif,True,False,True,False,1.854150896989054,713.2837982847766,37.54125254130403,19,False,True,True,,,,False,,2.028653873472915,True,
fixed_film__g3__t2,3,2,98,provenance://crystalite/outputs/final report output/mattergen_eval_fixed_film_raw_skip8_view/fixed_film__g3__t2/cifs/sample_00098.cif,True,False,True,False,1.4361655902662986,463.1004596176703,25.727803312092792,18,False,True,True,,,,False,,1.874281316932072,True,
fixed_film__g3__t2,3,2,99,provenance://crystalite/outputs/final report output/mattergen_eval_fixed_film_raw_skip8_view/fixed_film__g3__t2/cifs/sample_00099.cif,True,False,True,False,1.4333962447038826,2433.940983609654,135.21894353386966,18,False,True,True,,,,False,,1.170838067639743,True,
fixed_film__g3__t2,3,2,100,provenance://crystalite/outputs/final report output/mattergen_eval_fixed_film_raw_skip8_view/fixed_film__g3__t2/cifs/sample_00100.cif,True,True,True,True,1.9319927628130609,158.84188051928848,22.691697217041213,7,False,True,True,,,,False,,3.345147954697889,True,
fixed_film__g3__t2,3,2,101,provenance://crystalite/outputs/final report output/mattergen_eval_fixed_film_raw_skip8_view/fixed_film__g3__t2/cifs/sample_00101.cif,True,True,True,True,1.826468944465828,136.5305073017202,17.066313412715026,8,False,True,True,,,,False,,1.6010902875165467,True,
fixed_film__g3__t2,3,2,102,provenance://crystalite/outputs/final report output/mattergen_eval_fixed_film_raw_skip8_view/fixed_film__g3__t2/cifs/sample_00102.cif,True,True,True,True,1.3755221919841465,273.1135894409215,22.75946578674346,12,False,True,True,,,,False,,2.8160548147880724,True,
fixed_film__g3__t2,3,2,103,provenance://crystalite/outputs/final report output/mattergen_eval_fixed_film_raw_skip8_view/fixed_film__g3__t2/cifs/sample_00103.cif,True,True,True,True,1.4234896159573276,909.1102486253126,45.45551243126563,20,False,True,True,,,,False,,1.820161185672062,True,
fixed_film__g3__t2,3,2,104,provenance://crystalite/outputs/final report output/mattergen_eval_fixed_film_raw_skip8_view/fixed_film__g3__t2/cifs/sample_00104.cif,True,True,True,True,1.4337326309538598,1591.8908383138364,132.65756985948636,12,False,True,True,,,,False,,1.4893092687527545,True,
fixed_film__g3__t2,3,2,105,provenance://crystalite/outputs/final report output/mattergen_eval_fixed_film_raw_skip8_view/fixed_film__g3__t2/cifs/sample_00105.cif,True,False,True,False,2.062996714350384,82.12005893936147,27.37335297978716,3,False,True,True,,,,False,,2.161941029121849,True,
fixed_film__g3__t2,3,2,106,provenance://crystalite/outputs/final report output/mattergen_eval_fixed_film_raw_skip8_view/fixed_film__g3__t2/cifs/sample_00106.cif,True,False,True,False,1.6953452744900788,282.3963946153793,20.171171043955663,14,False,True,True,,,,False,,1.6109058740173514,True,
fixed_film__g3__t2,3,2,107,provenance://crystalite/outputs/final report output/mattergen_eval_fixed_film_raw_skip8_view/fixed_film__g3__t2/cifs/sample_00107.cif,True,False,True,False,1.5143719733989074,271.9842810335222,20.921867771809403,13,False,True,True,,,,False,,1.9441114928915784,True,
fixed_film__g3__t2,3,2,108,provenance://crystalite/outputs/final report output/mattergen_eval_fixed_film_raw_skip8_view/fixed_film__g3__t2/cifs/sample_00108.cif,True,True,True,True,1.664599611980693,360.4533247311953,30.037777060932942,12,False,True,True,,,,False,,1.936376393296136,True,
fixed_film__g3__t2,3,2,109,provenance://crystalite/outputs/final report output/mattergen_eval_fixed_film_raw_skip8_view/fixed_film__g3__t2/cifs/sample_00109.cif,True,True,True,True,1.4255158464699342,775.5012419488171,43.08340233048984,18,False,True,True,,,,False,,1.350842597682442,True,
fixed_film__g3__t2,3,2,110,provenance://crystalite/outputs/final report output/mattergen_eval_fixed_film_raw_skip8_view/fixed_film__g3__t2/cifs/sample_00110.cif,True,False,True,False,1.5734922606888508,430.928087665755,30.78057769041107,14,False,True,True,,,,False,,1.2353152118399322,True,
fixed_film__g3__t2,3,2,111,provenance://crystalite/outputs/final report output/mattergen_eval_fixed_film_raw_skip8_view/fixed_film__g3__t2/cifs/sample_00111.cif,True,False,True,False,1.8194976147092383,113.25400039039816,14.15675004879977,8,False,True,True,,,,False,,1.1339418293280892,True,
fixed_film__g3__t2,3,2,112,provenance://crystalite/outputs/final report output/mattergen_eval_fixed_film_raw_skip8_view/fixed_film__g3__t2/cifs/sample_00112.cif,True,False,True,False,1.3901048776934188,113.65934195300927,22.731868390601857,5,False,True,True,,,,False,,2.904144976163481,True,
fixed_film__g3__t2,3,2,113,provenance://crystalite/outputs/final report output/mattergen_eval_fixed_film_raw_skip8_view/fixed_film__g3__t2/cifs/sample_00113.cif,True,True,True,True,1.9911042323610784,152.75296266986825,19.094120333733528,8,False,True,False,,,,False,,2.0014963445522578,True,
fixed_film__g3__t2,3,2,114,provenance://crystalite/outputs/final report output/mattergen_eval_fixed_film_raw_skip8_view/fixed_film__g3__t2/cifs/sample_00114.cif,True,False,True,False,1.423228603536602,408.3798788802381,29.169991348588432,14,False,True,True,,,,False,,2.305744092249334,True,
fixed_film__g3__t2,3,2,115,provenance://crystalite/outputs/final report output/mattergen_eval_fixed_film_raw_skip8_view/fixed_film__g3__t2/cifs/sample_00115.cif,True,False,True,False,1.809263198238572,2309.4930003141176,192.45775002617648,12,False,True,True,,,,False,,1.0221972740305487,True,
fixed_film__g3__t2,3,2,116,provenance://crystalite/outputs/final report output/mattergen_eval_fixed_film_raw_skip8_view/fixed_film__g3__t2/cifs/sample_00116.cif,True,True,True,True,1.662366134913422,227.30777461760843,28.41347182720105,8,False,True,True,,,,False,,2.0936322716013414,True,
fixed_film__g3__t2,3,2,117,provenance://crystalite/outputs/final report output/mattergen_eval_fixed_film_raw_skip8_view/fixed_film__g3__t2/cifs/sample_00117.cif,True,True,True,True,1.4224594281880347,427.81043655168224,25.16531979715778,17,False,True,True,,,,False,,2.177261443910924,True,
fixed_film__g3__t2,3,2,118,provenance://crystalite/outputs/final report output/mattergen_eval_fixed_film_raw_skip8_view/fixed_film__g3__t2/cifs/sample_00118.cif,True,False,True,False,1.384439710781621,806.7588748924868,40.33794374462434,20,False,True,True,,,,False,,1.7960176948744933,True,
fixed_film__g3__t2,3,2,119,provenance://crystalite/outputs/final report output/mattergen_eval_fixed_film_raw_skip8_view/fixed_film__g3__t2/cifs/sample_00119.cif,True,False,True,False,1.637175961369356,554.2831194278785,27.71415597139393,20,False,True,True,,,,False,,2.1658828420584624,True,
fixed_film__g3__t2,3,2,120,provenance://crystalite/outputs/final report output/mattergen_eval_fixed_film_raw_skip8_view/fixed_film__g3__t2/cifs/sample_00120.cif,True,True,True,True,1.4206927413055657,486.0433744101928,24.30216872050964,20,False,True,True,,,,False,,1.6271829250188226,True,
fixed_film__g3__t2,3,2,121,provenance://crystalite/outputs/final report output/mattergen_eval_fixed_film_raw_skip8_view/fixed_film__g3__t2/cifs/sample_00121.cif,True,False,True,False,1.9256663899644333,1117.1286795426606,85.93297534943544,13,False,True,True,,,,False,,1.4047217974070014,True,
fixed_film__g3__t2,3,2,122,provenance://crystalite/outputs/final report output/mattergen_eval_fixed_film_raw_skip8_view/fixed_film__g3__t2/cifs/sample_00122.cif,True,False,True,False,1.599667882836805,662.9366206420153,36.82981225788974,18,False,True,True,,,,False,,1.9330631426874056,True,
fixed_film__g3__t2,3,2,123,provenance://crystalite/outputs/final report output/mattergen_eval_fixed_film_raw_skip8_view/fixed_film__g3__t2/cifs/sample_00123.cif,True,True,True,True,1.4396864027531415,334.3201296958181,33.432012969581805,10,False,True,True,,,,False,,1.5566165243513108,True,
fixed_film__g3__t2,3,2,124,provenance://crystalite/outputs/final report output/mattergen_eval_fixed_film_raw_skip8_view/fixed_film__g3__t2/cifs/sample_00124.cif,True,False,True,False,1.4333152741748594,823.712832969825,58.83663092641607,14,False,True,True,,,,False,,1.5035721014290733,True,
fixed_film__g3__t2,3,2,125,provenance://crystalite/outputs/final report output/mattergen_eval_fixed_film_raw_skip8_view/fixed_film__g3__t2/cifs/sample_00125.cif,True,False,True,False,0.9710033579491768,469.8445358186652,23.49222679093326,20,False,True,True,,,,False,,1.3590707305554537,True,
fixed_film__g3__t2,3,2,126,provenance://crystalite/outputs/final report output/mattergen_eval_fixed_film_raw_skip8_view/fixed_film__g3__t2/cifs/sample_00126.cif,True,False,True,False,1.6677726748650066,4339.751684870613,333.8270526823548,13,False,True,True,,,,False,,1.0171327975947344,True,
fixed_film__g3__t2,3,2,127,provenance://crystalite/outputs/final report output/mattergen_eval_fixed_film_raw_skip8_view/fixed_film__g3__t2/cifs/sample_00127.cif,True,False,True,False,1.5466194049125266,830.7150457904447,83.07150457904447,10,False,True,True,,,,False,,1.5744417227288665,True,
fixed_film__g3__t4,3,4,0,provenance://crystalite/outputs/final report output/mattergen_eval_fixed_film_raw_skip8_view/fixed_film__g3__t4/cifs/sample_00000.cif,True,True,True,True,1.2853370476913255,115.56328530620016,28.890821326550043,4,False,True,True,,,,False,,2.106538626613562,True,
fixed_film__g3__t4,3,4,1,provenance://crystalite/outputs/final report output/mattergen_eval_fixed_film_raw_skip8_view/fixed_film__g3__t4/cifs/sample_00001.cif,True,True,True,True,1.232052960254157,924.8793291781818,46.24396645890909,20,False,True,True,,,,False,,2.110790783010021,True,
fixed_film__g3__t4,3,4,2,provenance://crystalite/outputs/final report output/mattergen_eval_fixed_film_raw_skip8_view/fixed_film__g3__t4/cifs/sample_00002.cif,True,True,True,True,1.398259002173232,132.08214516868244,16.510268146085306,8,False,True,True,,,,False,,3.3975843347539088,True,
fixed_film__g3__t4,3,4,3,provenance://crystalite/outputs/final report output/mattergen_eval_fixed_film_raw_skip8_view/fixed_film__g3__t4/cifs/sample_00003.cif,True,False,True,False,1.1505751755333888,166.27981722825965,20.784977153532456,8,False,True,True,,,,False,,2.1288828666087243,True,
fixed_film__g3__t4,3,4,4,provenance://crystalite/outputs/final report output/mattergen_eval_fixed_film_raw_skip8_view/fixed_film__g3__t4/cifs/sample_00004.cif,True,False,True,False,3.392109082176794,82.05549725054755,41.02774862527377,2,False,True,True,,,,False,,3.387374809805592,True,
fixed_film__g3__t4,3,4,5,provenance://crystalite/outputs/final report output/mattergen_eval_fixed_film_raw_skip8_view/fixed_film__g3__t4/cifs/sample_00005.cif,True,True,True,True,1.1573967479193876,354.9565375874454,22.184783599215336,16,False,True,True,,,,False,,2.2584367314744225,True,
fixed_film__g3__t4,3,4,6,provenance://crystalite/outputs/final report output/mattergen_eval_fixed_film_raw_skip8_view/fixed_film__g3__t4/cifs/sample_00006.cif,True,True,True,True,1.376530386654505,191.68817289761512,23.96102161220189,8,False,True,True,,,,False,,1.8480532050452156,True,
fixed_film__g3__t4,3,4,7,provenance://crystalite/outputs/final report output/mattergen_eval_fixed_film_raw_skip8_view/fixed_film__g3__t4/cifs/sample_00007.cif,True,False,True,False,1.2509399878831,217.31151086014637,15.52225077572474,14,False,True,True,,,,False,,2.2900694503401198,True,
fixed_film__g3__t4,3,4,8,provenance://crystalite/outputs/final report output/mattergen_eval_fixed_film_raw_skip8_view/fixed_film__g3__t4/cifs/sample_00008.cif,True,True,True,True,1.261376239508721,135.53842065140344,11.294868387616953,12,False,True,True,,,,False,,2.2862923922675087,True,
fixed_film__g3__t4,3,4,9,provenance://crystalite/outputs/final report output/mattergen_eval_fixed_film_raw_skip8_view/fixed_film__g3__t4/cifs/sample_00009.cif,True,False,True,False,1.325951544142273,184.9621950002233,23.120274375027915,8,False,True,True,,,,False,,2.566708065618036,True,
fixed_film__g3__t4,3,4,10,provenance://crystalite/outputs/final report output/mattergen_eval_fixed_film_raw_skip8_view/fixed_film__g3__t4/cifs/sample_00010.cif,True,True,True,True,1.21160207911584,254.98589344314183,21.24882445359515,12,False,True,True,,,,False,,2.126453524295721,True,
fixed_film__g3__t4,3,4,11,provenance://crystalite/outputs/final report output/mattergen_eval_fixed_film_raw_skip8_view/fixed_film__g3__t4/cifs/sample_00011.cif,True,True,True,True,1.3525038667176228,228.25888056971988,12.681048920539991,18,False,True,True,,,,False,,2.6515777595462287,True,
fixed_film__g3__t4,3,4,12,provenance://crystalite/outputs/final report output/mattergen_eval_fixed_film_raw_skip8_view/fixed_film__g3__t4/cifs/sample_00012.cif,True,True,True,True,1.5598236825357388,225.8709305658637,22.58709305658637,10,False,True,True,,,,False,,2.3252980928637688,True,
fixed_film__g3__t4,3,4,13,provenance://crystalite/outputs/final report output/mattergen_eval_fixed_film_raw_skip8_view/fixed_film__g3__t4/cifs/sample_00013.cif,True,True,True,True,1.5439278881873937,201.18834776817175,16.76569564734765,12,False,True,True,,,,False,,2.810631873897662,True,
fixed_film__g3__t4,3,4,14,provenance://crystalite/outputs/final report output/mattergen_eval_fixed_film_raw_skip8_view/fixed_film__g3__t4/cifs/sample_00014.cif,True,True,True,True,1.5295031394746803,152.8982647249983,12.741522060416528,12,False,True,True,,,,False,,2.402063216772073,True,
fixed_film__g3__t4,3,4,15,provenance://crystalite/outputs/final report output/mattergen_eval_fixed_film_raw_skip8_view/fixed_film__g3__t4/cifs/sample_00015.cif,True,True,True,True,1.236315878707967,160.68184058188027,53.56061352729342,3,False,True,True,,,,False,,2.012430401510709,True,
fixed_film__g3__t4,3,4,16,provenance://crystalite/outputs/final report output/mattergen_eval_fixed_film_raw_skip8_view/fixed_film__g3__t4/cifs/sample_00016.cif,True,True,True,True,0.9752866477128984,211.18565903753827,11.73253661319657,18,False,True,True,,,,False,,2.3316033385424224,True,
fixed_film__g3__t4,3,4,17,provenance://crystalite/outputs/final report output/mattergen_eval_fixed_film_raw_skip8_view/fixed_film__g3__t4/cifs/sample_00017.cif,True,False,True,False,1.7301562405360629,92.93558850932996,11.616948563666243,8,False,True,True,,,,False,,7.106364937406173,True,
fixed_film__g3__t4,3,4,18,provenance://crystalite/outputs/final report output/mattergen_eval_fixed_film_raw_skip8_view/fixed_film__g3__t4/cifs/sample_00018.cif,True,False,True,False,3.505065161915489,88.42731937021513,44.213659685107565,2,False,True,True,,,,False,,3.813320024428658,True,
fixed_film__g3__t4,3,4,19,provenance://crystalite/outputs/final report output/mattergen_eval_fixed_film_raw_skip8_view/fixed_film__g3__t4/cifs/sample_00019.cif,True,False,True,False,1.4267297988968612,209.73979279277617,20.973979279277614,10,False,True,True,,,,False,,4.192935456450456,True,
fixed_film__g3__t4,3,4,20,provenance://crystalite/outputs/final report output/mattergen_eval_fixed_film_raw_skip8_view/fixed_film__g3__t4/cifs/sample_00020.cif,True,False,True,False,2.202343801942145,94.42448351229064,18.88489670245813,5,False,True,True,,,,False,,6.225744929197474,True,
fixed_film__g3__t4,3,4,21,provenance://crystalite/outputs/final report output/mattergen_eval_fixed_film_raw_skip8_view/fixed_film__g3__t4/cifs/sample_00021.cif,True,True,True,True,1.471503661612204,280.94030830622853,14.047015415311426,20,False,True,True,,,,False,,2.79002537419317,True,
fixed_film__g3__t4,3,4,22,provenance://crystalite/outputs/final report output/mattergen_eval_fixed_film_raw_skip8_view/fixed_film__g3__t4/cifs/sample_00022.cif,True,True,True,True,1.542502025763677,178.5094364564351,12.750674032602507,14,False,True,True,,,,False,,2.4119292011840883,True,
fixed_film__g3__t4,3,4,23,provenance://crystalite/outputs/final report output/mattergen_eval_fixed_film_raw_skip8_view/fixed_film__g3__t4/cifs/sample_00023.cif,True,True,True,True,1.2436789984011818,234.1848113340739,26.02053459267488,9,False,True,True,,,,False,,2.343631298664345,True,
fixed_film__g3__t4,3,4,24,provenance://crystalite/outputs/final report output/mattergen_eval_fixed_film_raw_skip8_view/fixed_film__g3__t4/cifs/sample_00024.cif,True,True,True,True,2.0315176637720924,444.97931140474793,44.49793114047479,10,False,True,True,,,,False,,4.080736802546621,True,
fixed_film__g3__t4,3,4,25,provenance://crystalite/outputs/final report output/mattergen_eval_fixed_film_raw_skip8_view/fixed_film__g3__t4/cifs/sample_00025.cif,True,False,True,False,1.4824410726660708,472.37896892812427,29.523685558007767,16,False,True,True,,,,False,,2.2178100811576003,True,
fixed_film__g3__t4,3,4,26,provenance://crystalite/outputs/final report output/mattergen_eval_fixed_film_raw_skip8_view/fixed_film__g3__t4/cifs/sample_00026.cif,True,True,True,True,1.2310985647219828,786.557919464749,39.32789597323745,20,False,True,True,,,,False,,1.8518841819674283,True,
fixed_film__g3__t4,3,4,27,provenance://crystalite/outputs/final report output/mattergen_eval_fixed_film_raw_skip8_view/fixed_film__g3__t4/cifs/sample_00027.cif,True,False,True,False,1.3850370086646917,82.87343895649911,10.35917986956239,8,False,True,True,,,,False,,3.11050607906429,True,
fixed_film__g3__t4,3,4,28,provenance://crystalite/outputs/final report output/mattergen_eval_fixed_film_raw_skip8_view/fixed_film__g3__t4/cifs/sample_00028.cif,True,True,True,True,1.2447315442751656,319.7006727672026,19.981292047950163,16,False,True,True,,,,False,,2.471844124017378,True,
fixed_film__g3__t4,3,4,29,provenance://crystalite/outputs/final report output/mattergen_eval_fixed_film_raw_skip8_view/fixed_film__g3__t4/cifs/sample_00029.cif,True,True,True,True,1.277143494489213,168.40449153939355,10.525280721212097,16,False,True,True,,,,False,,2.7529597098135974,True,
fixed_film__g3__t4,3,4,30,provenance://crystalite/outputs/final report output/mattergen_eval_fixed_film_raw_skip8_view/fixed_film__g3__t4/cifs/sample_00030.cif,True,False,True,False,1.393632253957721,268.60273757608854,16.787671098505534,16,False,True,True,,,,False,,2.2375657119205257,True,
fixed_film__g3__t4,3,4,31,provenance://crystalite/outputs/final report output/mattergen_eval_fixed_film_raw_skip8_view/fixed_film__g3__t4/cifs/sample_00031.cif,True,False,True,False,1.2048942916277898,118.36684508189708,23.673369016379414,5,False,True,True,,,,False,,2.44977930730283,True,
fixed_film__g3__t4,3,4,32,provenance://crystalite/outputs/final report output/mattergen_eval_fixed_film_raw_skip8_view/fixed_film__g3__t4/cifs/sample_00032.cif,True,False,True,False,1.2417498969686234,345.956229279543,19.219790515530164,18,False,True,True,,,,False,,2.268693950727666,True,
fixed_film__g3__t4,3,4,33,provenance://crystalite/outputs/final report output/mattergen_eval_fixed_film_raw_skip8_view/fixed_film__g3__t4/cifs/sample_00033.cif,True,False,True,False,1.4750149547760976,125.12334634093176,10.42694552841098,12,False,True,True,,,,False,,2.804197392114235,True,
fixed_film__g3__t4,3,4,34,provenance://crystalite/outputs/final report output/mattergen_eval_fixed_film_raw_skip8_view/fixed_film__g3__t4/cifs/sample_00034.cif,True,True,True,True,1.4288925095214693,221.7413570128529,17.05702746252715,13,False,True,True,,,,False,,2.727696850251291,True,
fixed_film__g3__t4,3,4,35,provenance://crystalite/outputs/final report output/mattergen_eval_fixed_film_raw_skip8_view/fixed_film__g3__t4/cifs/sample_00035.cif,True,True,True,True,1.3462031444423097,106.42125879621013,15.20303697088716,7,False,True,True,,,,False,,3.391838237067493,True,
fixed_film__g3__t4,3,4,37,provenance://crystalite/outputs/final report output/mattergen_eval_fixed_film_raw_skip8_view/fixed_film__g3__t4/cifs/sample_00037.cif,True,True,True,True,1.2195174529481785,423.6726238777284,26.479538992358027,16,False,True,True,,,,False,,2.436706235650218,True,
fixed_film__g3__t4,3,4,38,provenance://crystalite/outputs/final report output/mattergen_eval_fixed_film_raw_skip8_view/fixed_film__g3__t4/cifs/sample_00038.cif,True,True,True,True,1.5727529994004108,231.6339405823553,19.302828381862945,12,False,True,True,,,,False,,2.475611446612921,True,
fixed_film__g3__t4,3,4,39,provenance://crystalite/outputs/final report output/mattergen_eval_fixed_film_raw_skip8_view/fixed_film__g3__t4/cifs/sample_00039.cif,True,True,True,True,0.9791050698055818,160.5170354419095,10.032314715119345,16,False,True,True,,,,False,,3.075805996420415,True,
fixed_film__g3__t4,3,4,40,provenance://crystalite/outputs/final report output/mattergen_eval_fixed_film_raw_skip8_view/fixed_film__g3__t4/cifs/sample_00040.cif,True,True,True,True,2.688284242335062,39.8514218504613,19.92571092523065,2,False,True,False,,,,False,,2.061068178200299,True,
fixed_film__g3__t4,3,4,41,provenance://crystalite/outputs/final report output/mattergen_eval_fixed_film_raw_skip8_view/fixed_film__g3__t4/cifs/sample_00041.cif,True,False,True,False,1.8092144353929345,68.66272839098426,13.732545678196852,5,False,True,True,,,,False,,1.870914657778541,True,
fixed_film__g3__t4,3,4,42,provenance://crystalite/outputs/final report output/mattergen_eval_fixed_film_raw_skip8_view/fixed_film__g3__t4/cifs/sample_00042.cif,True,True,True,True,1.7528228464313025,202.48522257245708,12.655326410778567,16,False,True,True,,,,False,,3.770684011271351,True,
fixed_film__g3__t4,3,4,43,provenance://crystalite/outputs/final report output/mattergen_eval_fixed_film_raw_skip8_view/fixed_film__g3__t4/cifs/sample_00043.cif,True,True,True,True,1.4494781126463012,134.26537219634452,13.42653721963445,10,False,True,True,,,,False,,4.983108685863833,True,
fixed_film__g3__t4,3,4,44,provenance://crystalite/outputs/final report output/mattergen_eval_fixed_film_raw_skip8_view/fixed_film__g3__t4/cifs/sample_00044.cif,True,True,True,True,1.4457722175698853,181.12263422060852,18.112263422060856,10,False,True,True,,,,False,,2.092284793749847,True,
fixed_film__g3__t4,3,4,45,provenance://crystalite/outputs/final report output/mattergen_eval_fixed_film_raw_skip8_view/fixed_film__g3__t4/cifs/sample_00045.cif,True,True,True,True,1.234302868661215,217.0032354351208,36.16720590585347,6,False,True,True,,,,False,,1.8404752759101444,True,
fixed_film__g3__t4,3,4,46,provenance://crystalite/outputs/final report output/mattergen_eval_fixed_film_raw_skip8_view/fixed_film__g3__t4/cifs/sample_00046.cif,True,True,True,True,1.229284493323311,245.16126483349493,22.287387712135907,11,False,True,True,,,,False,,1.884710206642037,True,
fixed_film__g3__t4,3,4,47,provenance://crystalite/outputs/final report output/mattergen_eval_fixed_film_raw_skip8_view/fixed_film__g3__t4/cifs/sample_00047.cif,True,True,True,True,1.5340041975777243,135.01783218267587,11.251486015222987,12,False,False,True,,,,False,,2.21378331372881,True,
fixed_film__g3__t4,3,4,48,provenance://crystalite/outputs/final report output/mattergen_eval_fixed_film_raw_skip8_view/fixed_film__g3__t4/cifs/sample_00048.cif,True,True,True,True,1.112625381496298,174.46050069669997,21.807562587087496,8,False,True,True,,,,False,,1.7943680504368225,True,
fixed_film__g3__t4,3,4,49,provenance://crystalite/outputs/final report output/mattergen_eval_fixed_film_raw_skip8_view/fixed_film__g3__t4/cifs/sample_00049.cif,True,True,True,True,1.228589737605509,191.57597306263784,23.94699663282973,8,False,True,True,,,,False,,2.2275997326565355,True,
fixed_film__g3__t4,3,4,50,provenance://crystalite/outputs/final report output/mattergen_eval_fixed_film_raw_skip8_view/fixed_film__g3__t4/cifs/sample_00050.cif,True,True,True,True,1.232112695413266,356.8239637894039,29.735330315783656,12,False,True,True,,,,False,,1.9784679136294931,True,
fixed_film__g3__t4,3,4,51,provenance://crystalite/outputs/final report output/mattergen_eval_fixed_film_raw_skip8_view/fixed_film__g3__t4/cifs/sample_00051.cif,True,False,True,False,1.6999058928739312,129.25788948150665,14.361987720167406,9,False,True,True,,,,False,,2.575789649599416,True,
fixed_film__g3__t4,3,4,52,provenance://crystalite/outputs/final report output/mattergen_eval_fixed_film_raw_skip8_view/fixed_film__g3__t4/cifs/sample_00052.cif,True,False,True,False,1.4480648688045208,159.0954959877586,14.463226907978054,11,False,True,True,,,,False,,2.523225834262661,True,
fixed_film__g3__t4,3,4,53,provenance://crystalite/outputs/final report output/mattergen_eval_fixed_film_raw_skip8_view/fixed_film__g3__t4/cifs/sample_00053.cif,True,True,True,True,1.206376170723697,493.3124622026214,27.406247900145637,18,False,True,True,,,,False,,1.801563005750872,True,
fixed_film__g3__t4,3,4,54,provenance://crystalite/outputs/final report output/mattergen_eval_fixed_film_raw_skip8_view/fixed_film__g3__t4/cifs/sample_00054.cif,True,True,True,True,1.3759611504254077,187.0957765433681,10.394209807964897,18,False,True,True,,,,False,,5.210677766734882,True,
fixed_film__g3__t4,3,4,55,provenance://crystalite/outputs/final report output/mattergen_eval_fixed_film_raw_skip8_view/fixed_film__g3__t4/cifs/sample_00055.cif,True,False,True,False,1.858802034909554,186.03153238791785,15.502627698993154,12,False,True,True,,,,False,,3.412761999404367,True,
fixed_film__g3__t4,3,4,56,provenance://crystalite/outputs/final report output/mattergen_eval_fixed_film_raw_skip8_view/fixed_film__g3__t4/cifs/sample_00056.cif,True,True,True,True,2.355743921326205,80.94530487073031,20.236326217682574,4,False,True,True,,,,False,,5.900875334441868,True,
fixed_film__g3__t4,3,4,57,provenance://crystalite/outputs/final report output/mattergen_eval_fixed_film_raw_skip8_view/fixed_film__g3__t4/cifs/sample_00057.cif,True,True,True,True,2.0290868154622803,70.26374676675988,14.052749353351976,5,False,True,True,,,,False,,6.752237268603412,True,
fixed_film__g3__t4,3,4,58,provenance://crystalite/outputs/final report output/mattergen_eval_fixed_film_raw_skip8_view/fixed_film__g3__t4/cifs/sample_00058.cif,True,True,True,True,1.238347160436474,465.21988777479896,25.845549320822165,18,False,True,True,,,,False,,2.1802620609251844,True,
fixed_film__g3__t4,3,4,59,provenance://crystalite/outputs/final report output/mattergen_eval_fixed_film_raw_skip8_view/fixed_film__g3__t4/cifs/sample_00059.cif,True,False,True,False,0.9813295077440064,98.8587116310652,8.987155602824108,11,False,True,True,,,,False,,2.7791864772361463,True,
fixed_film__g3__t4,3,4,61,provenance://crystalite/outputs/final report output/mattergen_eval_fixed_film_raw_skip8_view/fixed_film__g3__t4/cifs/sample_00061.cif,True,True,True,True,1.4231675571783735,188.71811291234377,13.479865208024554,14,False,True,True,,,,False,,2.881387622058847,True,
fixed_film__g3__t4,3,4,62,provenance://crystalite/outputs/final report output/mattergen_eval_fixed_film_raw_skip8_view/fixed_film__g3__t4/cifs/sample_00062.cif,True,True,True,True,1.4868547745549687,202.773806443214,18.433982403928542,11,False,True,True,,,,False,,2.4534553457473827,True,
fixed_film__g3__t4,3,4,63,provenance://crystalite/outputs/final report output/mattergen_eval_fixed_film_raw_skip8_view/fixed_film__g3__t4/cifs/sample_00063.cif,True,True,True,True,1.50530400797047,137.2607586348649,15.25119540387388,9,False,True,True,,,,False,,2.382384867755784,True,
fixed_film__g3__t4,3,4,64,provenance://crystalite/outputs/final report output/mattergen_eval_fixed_film_raw_skip8_view/fixed_film__g3__t4/cifs/sample_00064.cif,True,False,True,False,1.4270484733856128,99.6799378490562,14.239991121293745,7,False,True,True,,,,False,,2.860920570590395,True,
fixed_film__g3__t4,3,4,65,provenance://crystalite/outputs/final report output/mattergen_eval_fixed_film_raw_skip8_view/fixed_film__g3__t4/cifs/sample_00065.cif,True,True,True,True,1.7213476033586192,96.90085158412222,16.150141930687038,6,False,True,True,,,,False,,2.534407220434308,True,
fixed_film__g3__t4,3,4,66,provenance://crystalite/outputs/final report output/mattergen_eval_fixed_film_raw_skip8_view/fixed_film__g3__t4/cifs/sample_00066.cif,True,True,True,True,1.326658149570417,414.30131303082567,20.715065651541284,20,False,True,True,,,,False,,1.986235858615366,True,
fixed_film__g3__t4,3,4,67,provenance://crystalite/outputs/final report output/mattergen_eval_fixed_film_raw_skip8_view/fixed_film__g3__t4/cifs/sample_00067.cif,True,True,True,True,1.2301676261851828,332.55968449844005,27.71330704153667,12,False,True,True,,,,False,,1.871960607151544,True,
fixed_film__g3__t4,3,4,68,provenance://crystalite/outputs/final report output/mattergen_eval_fixed_film_raw_skip8_view/fixed_film__g3__t4/cifs/sample_00068.cif,True,True,True,True,2.067791766584639,123.41817052198968,30.854542630497416,4,False,True,True,,,,False,,4.125420916439809,True,
fixed_film__g3__t4,3,4,69,provenance://crystalite/outputs/final report output/mattergen_eval_fixed_film_raw_skip8_view/fixed_film__g3__t4/cifs/sample_00069.cif,True,True,True,True,1.4875362720964287,251.88015169249064,12.594007584624531,20,False,True,True,,,,False,,3.0653408264506274,True,
fixed_film__g3__t4,3,4,70,provenance://crystalite/outputs/final report output/mattergen_eval_fixed_film_raw_skip8_view/fixed_film__g3__t4/cifs/sample_00070.cif,True,True,True,True,1.3981963209106751,411.5140775318924,22.861893196216243,18,False,True,True,,,,False,,2.553305860778767,True,
fixed_film__g3__t4,3,4,71,provenance://crystalite/outputs/final report output/mattergen_eval_fixed_film_raw_skip8_view/fixed_film__g3__t4/cifs/sample_00071.cif,True,True,True,True,1.2263551028331945,261.0265461939231,43.50442436565385,6,False,True,True,,,,False,,1.8660395728288828,True,
fixed_film__g3__t4,3,4,72,provenance://crystalite/outputs/final report output/mattergen_eval_fixed_film_raw_skip8_view/fixed_film__g3__t4/cifs/sample_00072.cif,True,False,True,False,1.22721497700979,452.7777055356437,45.277770553564366,10,False,True,True,,,,False,,1.738060030741121,True,
fixed_film__g3__t4,3,4,73,provenance://crystalite/outputs/final report output/mattergen_eval_fixed_film_raw_skip8_view/fixed_film__g3__t4/cifs/sample_00073.cif,True,True,True,True,1.1524701121388972,373.40794974500113,23.33799685906257,16,False,True,True,,,,False,,2.2014247281070785,True,
fixed_film__g3__t4,3,4,74,provenance://crystalite/outputs/final report output/mattergen_eval_fixed_film_raw_skip8_view/fixed_film__g3__t4/cifs/sample_00074.cif,True,True,True,True,1.6508165039628244,27.948889322905988,6.987222330726497,4,False,True,True,,,,False,,2.9974654774153677,True,
fixed_film__g3__t4,3,4,75,provenance://crystalite/outputs/final report output/mattergen_eval_fixed_film_raw_skip8_view/fixed_film__g3__t4/cifs/sample_00075.cif,True,False,True,False,1.2348325305636776,187.93124035904043,23.491405044880054,8,False,True,True,,,,False,,1.9315501984699208,True,
fixed_film__g3__t4,3,4,76,provenance://crystalite/outputs/final report output/mattergen_eval_fixed_film_raw_skip8_view/fixed_film__g3__t4/cifs/sample_00076.cif,True,True,True,True,1.388440971412944,114.38246282229326,57.19123141114663,2,False,True,True,,,,False,,1.9678925275986645,True,
fixed_film__g3__t4,3,4,77,provenance://crystalite/outputs/final report output/mattergen_eval_fixed_film_raw_skip8_view/fixed_film__g3__t4/cifs/sample_00077.cif,True,True,True,True,1.1416190149989505,160.80190757656345,17.866878619618163,9,False,True,True,,,,False,,2.414982976574498,True,
fixed_film__g3__t4,3,4,78,provenance://crystalite/outputs/final report output/mattergen_eval_fixed_film_raw_skip8_view/fixed_film__g3__t4/cifs/sample_00078.cif,True,True,True,True,1.675402190553773,111.4781829465958,13.934772868324474,8,False,True,True,,,,False,,5.951335338604237,True,
fixed_film__g3__t4,3,4,79,provenance://crystalite/outputs/final report output/mattergen_eval_fixed_film_raw_skip8_view/fixed_film__g3__t4/cifs/sample_00079.cif,True,True,True,True,1.2491263038846243,185.8976720594605,11.61860450371628,16,False,True,True,,,,False,,2.5198842979401648,True,
fixed_film__g3__t4,3,4,80,provenance://crystalite/outputs/final report output/mattergen_eval_fixed_film_raw_skip8_view/fixed_film__g3__t4/cifs/sample_00080.cif,True,False,True,False,1.3212569803088905,254.8687723282572,25.48687723282572,10,False,True,True,,,,False,,1.7611979579847814,True,
fixed_film__g3__t4,3,4,81,provenance://crystalite/outputs/final report output/mattergen_eval_fixed_film_raw_skip8_view/fixed_film__g3__t4/cifs/sample_00081.cif,True,False,True,False,1.2570411977836962,332.4062902810328,16.62031451405164,20,False,True,True,,,,False,,3.8054371473427566,True,
fixed_film__g3__t4,3,4,82,provenance://crystalite/outputs/final report output/mattergen_eval_fixed_film_raw_skip8_view/fixed_film__g3__t4/cifs/sample_00082.cif,True,True,True,True,1.5446403089246776,127.68119927004444,21.280199878340746,6,False,True,True,,,,False,,2.200128729216916,True,
fixed_film__g3__t4,3,4,83,provenance://crystalite/outputs/final report output/mattergen_eval_fixed_film_raw_skip8_view/fixed_film__g3__t4/cifs/sample_00083.cif,True,False,True,False,0.973360745018815,181.00597999461544,15.083831666217954,12,False,True,True,,,,False,,2.50302754425868,True,
fixed_film__g3__t4,3,4,84,provenance://crystalite/outputs/final report output/mattergen_eval_fixed_film_raw_skip8_view/fixed_film__g3__t4/cifs/sample_00084.cif,True,True,True,True,1.35101586209167,363.2157980926643,20.17865544959246,18,False,True,True,,,,False,,2.5599718879907094,True,
fixed_film__g3__t4,3,4,85,provenance://crystalite/outputs/final report output/mattergen_eval_fixed_film_raw_skip8_view/fixed_film__g3__t4/cifs/sample_00085.cif,True,True,True,True,1.2995356912329228,142.84576866310084,11.903814055258405,12,False,True,True,,,,False,,2.1612308470497745,True,
fixed_film__g3__t4,3,4,86,provenance://crystalite/outputs/final report output/mattergen_eval_fixed_film_raw_skip8_view/fixed_film__g3__t4/cifs/sample_00086.cif,True,True,True,True,1.4650711487784436,278.925088483132,19.923220605938003,14,False,True,True,,,,False,,2.137382431394202,True,
fixed_film__g3__t4,3,4,87,provenance://crystalite/outputs/final report output/mattergen_eval_fixed_film_raw_skip8_view/fixed_film__g3__t4/cifs/sample_00087.cif,True,True,True,True,1.6155510681911789,174.11560610444403,14.509633842037005,12,False,True,True,,,,False,,2.9268237375201807,True,
fixed_film__g3__t4,3,4,88,provenance://crystalite/outputs/final report output/mattergen_eval_fixed_film_raw_skip8_view/fixed_film__g3__t4/cifs/sample_00088.cif,True,False,True,False,1.258662240764518,450.5831820829465,22.529159104147325,20,False,True,True,,,,False,,2.4179439401851046,True,
fixed_film__g3__t4,3,4,89,provenance://crystalite/outputs/final report output/mattergen_eval_fixed_film_raw_skip8_view/fixed_film__g3__t4/cifs/sample_00089.cif,True,True,True,True,1.2304447913870311,515.7260069921567,32.232875437009795,16,False,True,True,,,,False,,1.930787582815704,True,
fixed_film__g3__t4,3,4,90,provenance://crystalite/outputs/final report output/mattergen_eval_fixed_film_raw_skip8_view/fixed_film__g3__t4/cifs/sample_00090.cif,True,False,True,False,1.2304782407016048,413.28597421435103,29.5204267295965,14,False,True,True,,,,False,,2.271927820342317,True,
fixed_film__g3__t4,3,4,91,provenance://crystalite/outputs/final report output/mattergen_eval_fixed_film_raw_skip8_view/fixed_film__g3__t4/cifs/sample_00091.cif,True,True,True,True,1.9821336789415656,39.18511781450835,13.061705938169451,3,False,True,True,,,,False,,9.577147799292533,True,
fixed_film__g3__t4,3,4,92,provenance://crystalite/outputs/final report output/mattergen_eval_fixed_film_raw_skip8_view/fixed_film__g3__t4/cifs/sample_00092.cif,True,False,True,False,1.9095039003046907,90.48397109182856,18.09679421836571,5,False,True,True,,,,False,,2.8005131253443154,True,
fixed_film__g3__t4,3,4,93,provenance://crystalite/outputs/final report output/mattergen_eval_fixed_film_raw_skip8_view/fixed_film__g3__t4/cifs/sample_00093.cif,True,True,True,True,2.1663929369813277,220.69395184447063,31.527707406352956,7,False,True,True,,,,False,,4.724417054543981,True,
fixed_film__g3__t4,3,4,94,provenance://crystalite/outputs/final report output/mattergen_eval_fixed_film_raw_skip8_view/fixed_film__g3__t4/cifs/sample_00094.cif,True,True,True,True,1.2341176817610202,313.6334223298898,31.36334223298898,10,False,True,True,,,,False,,2.579834327010291,True,
fixed_film__g3__t4,3,4,95,provenance://crystalite/outputs/final report output/mattergen_eval_fixed_film_raw_skip8_view/fixed_film__g3__t4/cifs/sample_00095.cif,True,False,True,False,1.2707757038145508,227.07418711409605,14.192136694631005,16,False,True,True,,,,False,,2.535054077110464,True,
fixed_film__g3__t4,3,4,96,provenance://crystalite/outputs/final report output/mattergen_eval_fixed_film_raw_skip8_view/fixed_film__g3__t4/cifs/sample_00096.cif,True,True,True,True,1.233878463229166,187.15388254242444,31.19231375707074,6,False,True,True,,,,False,,1.8220503570012527,True,
fixed_film__g3__t4,3,4,97,provenance://crystalite/outputs/final report output/mattergen_eval_fixed_film_raw_skip8_view/fixed_film__g3__t4/cifs/sample_00097.cif,True,False,True,False,1.4453965591949811,361.9883349695148,19.05201762997446,19,False,True,True,,,,False,,3.811156974497597,True,
fixed_film__g3__t4,3,4,98,provenance://crystalite/outputs/final report output/mattergen_eval_fixed_film_raw_skip8_view/fixed_film__g3__t4/cifs/sample_00098.cif,True,True,True,True,1.2391476244156403,413.7756732777132,22.9875374043174,18,False,True,True,,,,False,,2.1232523499983382,True,
fixed_film__g3__t4,3,4,99,provenance://crystalite/outputs/final report output/mattergen_eval_fixed_film_raw_skip8_view/fixed_film__g3__t4/cifs/sample_00099.cif,True,True,True,True,1.228024201908189,629.1111954730085,34.95062197072269,18,False,True,True,,,,False,,1.8342582194344808,True,
fixed_film__g3__t4,3,4,100,provenance://crystalite/outputs/final report output/mattergen_eval_fixed_film_raw_skip8_view/fixed_film__g3__t4/cifs/sample_00100.cif,True,False,True,False,1.5080922408861848,144.081109881535,20.583015697362143,7,False,True,True,,,,False,,3.614935340028632,True,
fixed_film__g3__t4,3,4,101,provenance://crystalite/outputs/final report output/mattergen_eval_fixed_film_raw_skip8_view/fixed_film__g3__t4/cifs/sample_00101.cif,True,True,True,True,1.827231311769708,128.65977426795013,16.082471783493766,8,False,True,True,,,,False,,2.4752497565425906,True,
fixed_film__g3__t4,3,4,102,provenance://crystalite/outputs/final report output/mattergen_eval_fixed_film_raw_skip8_view/fixed_film__g3__t4/cifs/sample_00102.cif,True,True,True,True,1.3048573534339556,360.4264310231188,30.03553591859323,12,False,True,True,,,,False,,1.8645004768251987,True,
fixed_film__g3__t4,3,4,103,provenance://crystalite/outputs/final report output/mattergen_eval_fixed_film_raw_skip8_view/fixed_film__g3__t4/cifs/sample_00103.cif,True,True,True,True,1.266585281071573,370.6416735666761,18.5320836783338,20,False,True,True,,,,False,,2.452339089647636,True,
fixed_film__g3__t4,3,4,104,provenance://crystalite/outputs/final report output/mattergen_eval_fixed_film_raw_skip8_view/fixed_film__g3__t4/cifs/sample_00104.cif,True,True,True,True,1.4384778425173086,123.21917165489936,10.268264304574949,12,False,True,True,,,,False,,3.821826582706961,True,
fixed_film__g3__t4,3,4,105,provenance://crystalite/outputs/final report output/mattergen_eval_fixed_film_raw_skip8_view/fixed_film__g3__t4/cifs/sample_00105.cif,True,False,True,False,1.337546556771798,29.83309328814085,9.944364429380284,3,False,True,True,,,,False,,3.524252936773697,True,
fixed_film__g3__t4,3,4,106,provenance://crystalite/outputs/final report output/mattergen_eval_fixed_film_raw_skip8_view/fixed_film__g3__t4/cifs/sample_00106.cif,True,True,True,True,2.0963972539452,293.67525933221214,20.976804238015152,14,False,True,True,,,,False,,3.533217131099228,True,
fixed_film__g3__t4,3,4,107,provenance://crystalite/outputs/final report output/mattergen_eval_fixed_film_raw_skip8_view/fixed_film__g3__t4/cifs/sample_00107.cif,True,False,True,False,2.2461727578785173,369.1875399087779,28.399041531444457,13,False,True,True,,,,False,,3.70918596748896,True,
fixed_film__g3__t4,3,4,108,provenance://crystalite/outputs/final report output/mattergen_eval_fixed_film_raw_skip8_view/fixed_film__g3__t4/cifs/sample_00108.cif,True,True,True,True,1.606706434225442,294.4120842538197,24.53434035448498,12,False,True,True,,,,False,,2.017000675888554,True,
fixed_film__g3__t4,3,4,109,provenance://crystalite/outputs/final report output/mattergen_eval_fixed_film_raw_skip8_view/fixed_film__g3__t4/cifs/sample_00109.cif,True,True,True,True,1.1214565356124375,372.2397713861582,20.67998729923101,18,False,True,True,,,,False,,2.1153790178267857,True,
fixed_film__g3__t4,3,4,110,provenance://crystalite/outputs/final report output/mattergen_eval_fixed_film_raw_skip8_view/fixed_film__g3__t4/cifs/sample_00110.cif,True,False,True,False,1.314943091288956,235.80490492178117,16.84320749441294,14,False,True,True,,,,False,,2.260774413770927,True,
fixed_film__g3__t4,3,4,111,provenance://crystalite/outputs/final report output/mattergen_eval_fixed_film_raw_skip8_view/fixed_film__g3__t4/cifs/sample_00111.cif,True,True,True,True,0.9901385175914738,98.13590948592648,12.266988685740811,8,False,True,True,,,,False,,2.9182230826959725,True,
fixed_film__g3__t4,3,4,112,provenance://crystalite/outputs/final report output/mattergen_eval_fixed_film_raw_skip8_view/fixed_film__g3__t4/cifs/sample_00112.cif,True,False,True,False,1.544744986199967,49.33280228631336,9.866560457262672,5,False,True,True,,,,False,,2.8342258455115594,True,
fixed_film__g3__t4,3,4,113,provenance://crystalite/outputs/final report output/mattergen_eval_fixed_film_raw_skip8_view/fixed_film__g3__t4/cifs/sample_00113.cif,True,False,True,False,1.2312828090254262,150.99967125383765,18.874958906729702,8,False,True,True,,,,False,,2.4301598266950197,True,
fixed_film__g3__t4,3,4,114,provenance://crystalite/outputs/final report output/mattergen_eval_fixed_film_raw_skip8_view/fixed_film__g3__t4/cifs/sample_00114.cif,True,True,True,True,1.2610045988619727,256.4303642426639,18.316454588761708,14,False,True,True,,,,False,,2.775450659653828,True,
fixed_film__g3__t4,3,4,115,provenance://crystalite/outputs/final report output/mattergen_eval_fixed_film_raw_skip8_view/fixed_film__g3__t4/cifs/sample_00115.cif,True,True,True,True,1.36497528583114,124.63075207333192,10.385896006110992,12,False,True,True,,,,False,,2.788822612056709,True,
fixed_film__g3__t4,3,4,116,provenance://crystalite/outputs/final report output/mattergen_eval_fixed_film_raw_skip8_view/fixed_film__g3__t4/cifs/sample_00116.cif,True,True,True,True,1.3844952397289942,141.11516425890818,17.639395532363523,8,False,True,True,,,,False,,3.674739862391162,True,
fixed_film__g3__t4,3,4,117,provenance://crystalite/outputs/final report output/mattergen_eval_fixed_film_raw_skip8_view/fixed_film__g3__t4/cifs/sample_00117.cif,True,True,True,True,0.9823918043921352,219.15341203813728,12.891377178713958,17,False,True,True,,,,False,,2.290287791405959,True,
fixed_film__g3__t4,3,4,118,provenance://crystalite/outputs/final report output/mattergen_eval_fixed_film_raw_skip8_view/fixed_film__g3__t4/cifs/sample_00118.cif,True,True,True,True,1.433018183301217,350.25256521888576,17.51262826094429,20,False,True,True,,,,False,,2.044453524956253,True,
fixed_film__g3__t4,3,4,119,provenance://crystalite/outputs/final report output/mattergen_eval_fixed_film_raw_skip8_view/fixed_film__g3__t4/cifs/sample_00119.cif,True,True,True,True,1.4421616508614812,420.23760556391534,21.01188027819577,20,False,True,True,,,,False,,2.580079008244192,True,
fixed_film__g3__t4,3,4,120,provenance://crystalite/outputs/final report output/mattergen_eval_fixed_film_raw_skip8_view/fixed_film__g3__t4/cifs/sample_00120.cif,True,True,True,True,1.506963765446372,327.2788227311321,16.36394113655661,20,False,True,True,,,,False,,2.4056681065420005,True,
fixed_film__g3__t4,3,4,121,provenance://crystalite/outputs/final report output/mattergen_eval_fixed_film_raw_skip8_view/fixed_film__g3__t4/cifs/sample_00121.cif,True,False,True,False,1.8114424356808705,223.5451185606725,17.195778350820966,13,False,True,True,,,,False,,3.3095736114521284,True,
fixed_film__g3__t4,3,4,122,provenance://crystalite/outputs/final report output/mattergen_eval_fixed_film_raw_skip8_view/fixed_film__g3__t4/cifs/sample_00122.cif,True,False,True,False,1.2336276705009783,538.0418430794828,29.89121350441571,18,False,True,True,,,,False,,2.1107484890150423,True,
fixed_film__g3__t4,3,4,123,provenance://crystalite/outputs/final report output/mattergen_eval_fixed_film_raw_skip8_view/fixed_film__g3__t4/cifs/sample_00123.cif,True,True,True,True,2.042070774221917,297.92697373422226,29.792697373422225,10,False,True,True,,,,False,,6.87503193632516,True,
fixed_film__g3__t4,3,4,124,provenance://crystalite/outputs/final report output/mattergen_eval_fixed_film_raw_skip8_view/fixed_film__g3__t4/cifs/sample_00124.cif,True,True,True,True,1.4875600203503867,234.8490685216459,16.77493346583185,14,False,True,True,,,,False,,2.560420466351912,True,
fixed_film__g3__t4,3,4,125,provenance://crystalite/outputs/final report output/mattergen_eval_fixed_film_raw_skip8_view/fixed_film__g3__t4/cifs/sample_00125.cif,True,True,True,True,1.2378929692896314,478.8325958946594,23.941629794732968,20,False,True,True,,,,False,,2.0618317789314538,True,
fixed_film__g3__t4,3,4,126,provenance://crystalite/outputs/final report output/mattergen_eval_fixed_film_raw_skip8_view/fixed_film__g3__t4/cifs/sample_00126.cif,True,True,True,True,1.3826237545701934,181.26647278016316,13.943574829243316,13,False,True,True,,,,False,,3.104614298238216,True,
fixed_film__g3__t4,3,4,127,provenance://crystalite/outputs/final report output/mattergen_eval_fixed_film_raw_skip8_view/fixed_film__g3__t4/cifs/sample_00127.cif,True,True,True,True,1.1725883306789535,265.3464490204053,26.534644902040533,10,False,True,True,,,,False,,1.95418844891013,True,
fixed_film__g3__t8,3,8,0,provenance://crystalite/outputs/final report output/mattergen_eval_fixed_film_raw_skip8_view/fixed_film__g3__t8/cifs/sample_00000.cif,True,True,True,True,2.76923533434057,142.23494605980844,35.55873651495211,4,False,True,True,,,,False,,13.773796321017352,True,
fixed_film__g3__t8,3,8,1,provenance://crystalite/outputs/final report output/mattergen_eval_fixed_film_raw_skip8_view/fixed_film__g3__t8/cifs/sample_00001.cif,True,True,True,True,2.3950352408977884,697.0061927203795,34.85030963601898,20,False,True,True,,,,False,,10.567520525308234,True,
fixed_film__g3__t8,3,8,2,provenance://crystalite/outputs/final report output/mattergen_eval_fixed_film_raw_skip8_view/fixed_film__g3__t8/cifs/sample_00002.cif,True,False,True,False,1.881227726038661,178.50790123651765,22.313487654564703,8,False,True,True,,,,False,,5.079587113539351,True,
fixed_film__g3__t8,3,8,3,provenance://crystalite/outputs/final report output/mattergen_eval_fixed_film_raw_skip8_view/fixed_film__g3__t8/cifs/sample_00003.cif,True,True,True,True,2.372608321247333,177.7819603183848,22.2227450397981,8,False,True,True,,,,False,,9.482770438539356,True,
fixed_film__g3__t8,3,8,4,provenance://crystalite/outputs/final report output/mattergen_eval_fixed_film_raw_skip8_view/fixed_film__g3__t8/cifs/sample_00004.cif,True,True,True,True,3.012966313881623,69.35126777132074,34.67563388566037,2,False,True,True,,,,False,,21.172908390440693,True,
fixed_film__g3__t8,3,8,5,provenance://crystalite/outputs/final report output/mattergen_eval_fixed_film_raw_skip8_view/fixed_film__g3__t8/cifs/sample_00005.cif,True,False,True,False,2.517101541508141,567.1336700303316,35.445854376895724,16,False,True,True,,,,False,,10.354870845555688,True,
fixed_film__g3__t8,3,8,6,provenance://crystalite/outputs/final report output/mattergen_eval_fixed_film_raw_skip8_view/fixed_film__g3__t8/cifs/sample_00006.cif,True,True,True,True,1.1104403144090926,164.75735502281557,20.594669377851947,8,False,True,True,,,,False,,3.4181043369382453,True,
fixed_film__g3__t8,3,8,7,provenance://crystalite/outputs/final report output/mattergen_eval_fixed_film_raw_skip8_view/fixed_film__g3__t8/cifs/sample_00007.cif,True,True,True,True,2.162555614560576,600.1766945512222,42.86976389651587,14,False,True,True,,,,False,,6.1138463537583485,True,
fixed_film__g3__t8,3,8,8,provenance://crystalite/outputs/final report output/mattergen_eval_fixed_film_raw_skip8_view/fixed_film__g3__t8/cifs/sample_00008.cif,True,True,True,True,2.3540476578359937,404.9890043929458,33.74908369941215,12,False,True,True,,,,False,,7.8155602277816625,True,
fixed_film__g3__t8,3,8,9,provenance://crystalite/outputs/final report output/mattergen_eval_fixed_film_raw_skip8_view/fixed_film__g3__t8/cifs/sample_00009.cif,True,True,True,True,1.8351748875753031,93.13979464797342,11.642474330996675,8,False,True,True,,,,False,,2.924291416994112,True,
fixed_film__g3__t8,3,8,10,provenance://crystalite/outputs/final report output/mattergen_eval_fixed_film_raw_skip8_view/fixed_film__g3__t8/cifs/sample_00010.cif,True,False,True,False,2.384731227894492,442.6638681354229,36.88865567795191,12,False,True,True,,,,False,,6.866341129070544,True,
fixed_film__g3__t8,3,8,11,provenance://crystalite/outputs/final report output/mattergen_eval_fixed_film_raw_skip8_view/fixed_film__g3__t8/cifs/sample_00011.cif,True,True,True,True,1.2197323221183929,302.78327695858627,16.821293164365905,18,False,True,True,,,,False,,4.148722641355845,True,
fixed_film__g3__t8,3,8,12,provenance://crystalite/outputs/final report output/mattergen_eval_fixed_film_raw_skip8_view/fixed_film__g3__t8/cifs/sample_00012.cif,True,True,True,True,2.385133495605903,290.2191102674672,29.02191102674672,10,False,True,True,,,,False,,9.130032139960631,True,
fixed_film__g3__t8,3,8,13,provenance://crystalite/outputs/final report output/mattergen_eval_fixed_film_raw_skip8_view/fixed_film__g3__t8/cifs/sample_00013.cif,True,True,True,True,1.269445801626662,184.32733157465964,15.36061096455497,12,False,True,True,,,,False,,4.134467674065475,True,
fixed_film__g3__t8,3,8,14,provenance://crystalite/outputs/final report output/mattergen_eval_fixed_film_raw_skip8_view/fixed_film__g3__t8/cifs/sample_00014.cif,True,False,True,False,2.433997968587206,368.3104400402572,30.69253667002143,12,False,True,True,,,,False,,9.96540651797248,True,
fixed_film__g3__t8,3,8,15,provenance://crystalite/outputs/final report output/mattergen_eval_fixed_film_raw_skip8_view/fixed_film__g3__t8/cifs/sample_00015.cif,True,True,True,True,3.1540314095977,94.58839236075484,31.52946412025161,3,False,True,True,,,,False,,16.84319057441941,True,
fixed_film__g3__t8,3,8,16,provenance://crystalite/outputs/final report output/mattergen_eval_fixed_film_raw_skip8_view/fixed_film__g3__t8/cifs/sample_00016.cif,True,True,True,True,1.4383433904294167,298.93729897698864,16.607627720943814,18,False,True,True,,,,False,,6.914462053689266,True,
fixed_film__g3__t8,3,8,17,provenance://crystalite/outputs/final report output/mattergen_eval_fixed_film_raw_skip8_view/fixed_film__g3__t8/cifs/sample_00017.cif,True,True,True,True,2.317476351357891,252.06634194392663,31.50829274299083,8,False,True,True,,,,False,,6.846341229410929,True,
fixed_film__g3__t8,3,8,18,provenance://crystalite/outputs/final report output/mattergen_eval_fixed_film_raw_skip8_view/fixed_film__g3__t8/cifs/sample_00018.cif,True,True,True,True,3.1442120665176865,47.93863320199257,23.969316600996287,2,True,True,True,,,,False,,13.513573031146295,True,
fixed_film__g3__t8,3,8,19,provenance://crystalite/outputs/final report output/mattergen_eval_fixed_film_raw_skip8_view/fixed_film__g3__t8/cifs/sample_00019.cif,True,True,True,True,2.419164051295969,334.70139945108923,33.470139945108926,10,False,True,True,,,,False,,8.765635970406585,True,
fixed_film__g3__t8,3,8,20,provenance://crystalite/outputs/final report output/mattergen_eval_fixed_film_raw_skip8_view/fixed_film__g3__t8/cifs/sample_00020.cif,True,True,True,True,2.834156759964639,144.40054669623407,28.88010933924681,5,False,True,True,,,,False,,14.423656940528112,True,
fixed_film__g3__t8,3,8,21,provenance://crystalite/outputs/final report output/mattergen_eval_fixed_film_raw_skip8_view/fixed_film__g3__t8/cifs/sample_00021.cif,True,True,True,True,2.340242552702477,577.8368967157152,28.89184483578576,20,False,True,True,,,,False,,6.143788242590742,True,
fixed_film__g3__t8,3,8,22,provenance://crystalite/outputs/final report output/mattergen_eval_fixed_film_raw_skip8_view/fixed_film__g3__t8/cifs/sample_00022.cif,True,True,True,True,1.3118713531322286,218.2793784938115,15.591384178129392,14,False,True,True,,,,False,,3.711999600817275,True,
fixed_film__g3__t8,3,8,23,provenance://crystalite/outputs/final report output/mattergen_eval_fixed_film_raw_skip8_view/fixed_film__g3__t8/cifs/sample_00023.cif,True,True,True,True,0.993234580941109,99.49515005019506,11.055016672243896,9,False,True,True,,,,False,,2.396565188103693,True,
fixed_film__g3__t8,3,8,24,provenance://crystalite/outputs/final report output/mattergen_eval_fixed_film_raw_skip8_view/fixed_film__g3__t8/cifs/sample_00024.cif,True,False,True,False,2.68587143063703,405.1101794736523,40.51101794736523,10,False,True,True,,,,False,,5.97950897593314,True,
fixed_film__g3__t8,3,8,25,provenance://crystalite/outputs/final report output/mattergen_eval_fixed_film_raw_skip8_view/fixed_film__g3__t8/cifs/sample_00025.cif,True,True,True,True,2.367384427704152,541.2091296691732,33.825570604323325,16,False,True,True,,,,False,,7.808117395958941,True,
fixed_film__g3__t8,3,8,26,provenance://crystalite/outputs/final report output/mattergen_eval_fixed_film_raw_skip8_view/fixed_film__g3__t8/cifs/sample_00026.cif,True,True,True,True,2.3595738847156693,534.28297572673,26.7141487863365,20,False,True,True,,,,False,,10.028538956942578,True,
fixed_film__g3__t8,3,8,27,provenance://crystalite/outputs/final report output/mattergen_eval_fixed_film_raw_skip8_view/fixed_film__g3__t8/cifs/sample_00027.cif,True,False,True,False,2.6110941953825995,249.840452697005,31.230056587125624,8,False,True,True,,,,False,,8.936841948329953,True,
fixed_film__g3__t8,3,8,28,provenance://crystalite/outputs/final report output/mattergen_eval_fixed_film_raw_skip8_view/fixed_film__g3__t8/cifs/sample_00028.cif,True,False,True,False,2.3415852809994675,450.9842964147477,28.18651852592173,16,False,True,True,,,,False,,7.120625978699099,True,
fixed_film__g3__t8,3,8,29,provenance://crystalite/outputs/final report output/mattergen_eval_fixed_film_raw_skip8_view/fixed_film__g3__t8/cifs/sample_00029.cif,True,True,True,True,1.700146961824357,371.5302713478623,23.22064195924139,16,False,True,True,,,,False,,6.65105073887572,True,
fixed_film__g3__t8,3,8,30,provenance://crystalite/outputs/final report output/mattergen_eval_fixed_film_raw_skip8_view/fixed_film__g3__t8/cifs/sample_00030.cif,True,False,True,False,2.5509834296903158,489.42723282679947,30.589202051674967,16,False,True,True,,,,False,,10.05173293293853,True,
fixed_film__g3__t8,3,8,31,provenance://crystalite/outputs/final report output/mattergen_eval_fixed_film_raw_skip8_view/fixed_film__g3__t8/cifs/sample_00031.cif,True,False,True,False,2.6619076823965955,186.4202012764885,37.2840402552977,5,False,True,True,,,,False,,5.741734568599316,True,
fixed_film__g3__t8,3,8,32,provenance://crystalite/outputs/final report output/mattergen_eval_fixed_film_raw_skip8_view/fixed_film__g3__t8/cifs/sample_00032.cif,True,True,True,True,1.245475711339713,355.53773355121666,19.75209630840093,18,False,True,True,,,,False,,4.233973171746649,True,
fixed_film__g3__t8,3,8,33,provenance://crystalite/outputs/final report output/mattergen_eval_fixed_film_raw_skip8_view/fixed_film__g3__t8/cifs/sample_00033.cif,True,True,True,True,1.5125225139153926,207.56043723321997,17.29670310276833,12,False,True,True,,,,False,,3.5629590656714307,True,
fixed_film__g3__t8,3,8,34,provenance://crystalite/outputs/final report output/mattergen_eval_fixed_film_raw_skip8_view/fixed_film__g3__t8/cifs/sample_00034.cif,True,False,True,False,2.0264598457573424,476.23734500421966,36.63364192340151,13,False,True,True,,,,False,,6.187398649753523,True,
fixed_film__g3__t8,3,8,35,provenance://crystalite/outputs/final report output/mattergen_eval_fixed_film_raw_skip8_view/fixed_film__g3__t8/cifs/sample_00035.cif,True,True,True,True,2.220010005506065,161.36475764759658,23.05210823537094,7,False,True,True,,,,False,,6.128071810716484,True,
fixed_film__g3__t8,3,8,36,provenance://crystalite/outputs/final report output/mattergen_eval_fixed_film_raw_skip8_view/fixed_film__g3__t8/cifs/sample_00036.cif,True,True,True,True,1.7129898372021832,425.462289095576,23.636793838643108,18,False,True,True,,,,False,,3.678821367051112,True,
fixed_film__g3__t8,3,8,37,provenance://crystalite/outputs/final report output/mattergen_eval_fixed_film_raw_skip8_view/fixed_film__g3__t8/cifs/sample_00037.cif,True,False,True,False,2.3788387546610705,517.3589292257018,32.33493307660636,16,False,True,True,,,,False,,6.893119302085553,True,
fixed_film__g3__t8,3,8,38,provenance://crystalite/outputs/final report output/mattergen_eval_fixed_film_raw_skip8_view/fixed_film__g3__t8/cifs/sample_00038.cif,True,True,True,True,1.449020183787268,210.3653396535157,17.530444971126304,12,False,True,True,,,,False,,2.5870878488545244,True,
fixed_film__g3__t8,3,8,39,provenance://crystalite/outputs/final report output/mattergen_eval_fixed_film_raw_skip8_view/fixed_film__g3__t8/cifs/sample_00039.cif,True,True,True,True,2.099486056506919,409.6297451631556,25.601859072697223,16,False,True,True,,,,False,,7.58112679036955,True,
fixed_film__g3__t8,3,8,40,provenance://crystalite/outputs/final report output/mattergen_eval_fixed_film_raw_skip8_view/fixed_film__g3__t8/cifs/sample_00040.cif,True,True,True,True,2.574209826268145,86.61479143073208,43.30739571536604,2,False,True,True,,,,False,,10.255568814476192,True,
fixed_film__g3__t8,3,8,41,provenance://crystalite/outputs/final report output/mattergen_eval_fixed_film_raw_skip8_view/fixed_film__g3__t8/cifs/sample_00041.cif,True,True,True,True,2.698327310501812,128.87434459810223,25.774868919620445,5,True,True,True,,,,False,,13.825256615152997,True,
fixed_film__g3__t8,3,8,42,provenance://crystalite/outputs/final report output/mattergen_eval_fixed_film_raw_skip8_view/fixed_film__g3__t8/cifs/sample_00042.cif,True,True,True,True,2.203467915942326,366.5937826952113,22.912111418450703,16,False,True,True,,,,False,,13.775293522689092,True,
fixed_film__g3__t8,3,8,43,provenance://crystalite/outputs/final report output/mattergen_eval_fixed_film_raw_skip8_view/fixed_film__g3__t8/cifs/sample_00043.cif,True,True,True,True,1.90166351842098,145.32738630045353,14.532738630045351,10,False,True,True,,,,False,,5.5284363133312455,True,
fixed_film__g3__t8,3,8,44,provenance://crystalite/outputs/final report output/mattergen_eval_fixed_film_raw_skip8_view/fixed_film__g3__t8/cifs/sample_00044.cif,True,False,True,False,2.5822960106244026,281.9641592475288,28.19641592475288,10,False,True,True,,,,False,,9.206947842585103,True,
fixed_film__g3__t8,3,8,45,provenance://crystalite/outputs/final report output/mattergen_eval_fixed_film_raw_skip8_view/fixed_film__g3__t8/cifs/sample_00045.cif,True,True,True,True,2.211192647513282,99.42731844899316,16.57121974149886,6,False,True,True,,,,False,,5.229157269843807,True,
fixed_film__g3__t8,3,8,46,provenance://crystalite/outputs/final report output/mattergen_eval_fixed_film_raw_skip8_view/fixed_film__g3__t8/cifs/sample_00046.cif,True,True,True,True,1.4951974183778294,196.2654913112895,17.84231739193541,11,False,True,True,,,,False,,3.368238908984171,True,
fixed_film__g3__t8,3,8,48,provenance://crystalite/outputs/final report output/mattergen_eval_fixed_film_raw_skip8_view/fixed_film__g3__t8/cifs/sample_00048.cif,True,True,True,True,2.277412309023453,200.760485462394,25.09506068279925,8,False,True,True,,,,False,,13.242431194340668,True,
fixed_film__g3__t8,3,8,49,provenance://crystalite/outputs/final report output/mattergen_eval_fixed_film_raw_skip8_view/fixed_film__g3__t8/cifs/sample_00049.cif,True,True,True,True,2.312951999063361,197.39859472071976,24.67482434008997,8,False,True,True,,,,False,,12.012292332852937,True,
fixed_film__g3__t8,3,8,50,provenance://crystalite/outputs/final report output/mattergen_eval_fixed_film_raw_skip8_view/fixed_film__g3__t8/cifs/sample_00050.cif,True,True,True,True,2.4308371977501837,341.181626929216,28.43180224410133,12,False,True,True,,,,False,,6.699416830232227,True,
fixed_film__g3__t8,3,8,51,provenance://crystalite/outputs/final report output/mattergen_eval_fixed_film_raw_skip8_view/fixed_film__g3__t8/cifs/sample_00051.cif,True,True,True,True,2.431446280814428,235.87306700659465,26.20811855628829,9,False,True,True,,,,False,,11.379173160467888,True,
fixed_film__g3__t8,3,8,52,provenance://crystalite/outputs/final report output/mattergen_eval_fixed_film_raw_skip8_view/fixed_film__g3__t8/cifs/sample_00052.cif,True,False,True,False,2.3327709004133945,322.4904002138804,29.317309110352763,11,False,True,True,,,,False,,11.491723888088709,True,
fixed_film__g3__t8,3,8,53,provenance://crystalite/outputs/final report output/mattergen_eval_fixed_film_raw_skip8_view/fixed_film__g3__t8/cifs/sample_00053.cif,True,True,True,True,1.1426730859155934,610.7991345815477,33.93328525453043,18,False,True,True,,,,False,,1.9231300686634825,True,
fixed_film__g3__t8,3,8,54,provenance://crystalite/outputs/final report output/mattergen_eval_fixed_film_raw_skip8_view/fixed_film__g3__t8/cifs/sample_00054.cif,True,True,True,True,2.1831662462306025,376.0271015315265,20.89039452952925,18,False,True,True,,,,False,,8.529378406561387,True,
fixed_film__g3__t8,3,8,55,provenance://crystalite/outputs/final report output/mattergen_eval_fixed_film_raw_skip8_view/fixed_film__g3__t8/cifs/sample_00055.cif,True,True,True,True,2.476698981322468,321.3352563439728,26.7779380286644,12,False,True,True,,,,False,,7.190417758108912,True,
fixed_film__g3__t8,3,8,56,provenance://crystalite/outputs/final report output/mattergen_eval_fixed_film_raw_skip8_view/fixed_film__g3__t8/cifs/sample_00056.cif,True,True,True,True,2.487206638639352,106.97452451847607,26.74363112961902,4,False,True,True,,,,False,,8.123819806100938,True,
fixed_film__g3__t8,3,8,57,provenance://crystalite/outputs/final report output/mattergen_eval_fixed_film_raw_skip8_view/fixed_film__g3__t8/cifs/sample_00057.cif,True,True,True,True,2.459231557523145,129.6174497147138,25.92348994294276,5,False,True,True,,,,False,,12.69436183789531,True,
fixed_film__g3__t8,3,8,58,provenance://crystalite/outputs/final report output/mattergen_eval_fixed_film_raw_skip8_view/fixed_film__g3__t8/cifs/sample_00058.cif,True,True,True,True,2.452209947482944,609.9616463674699,33.88675813152611,18,False,True,True,,,,False,,11.03060954696872,True,
fixed_film__g3__t8,3,8,59,provenance://crystalite/outputs/final report output/mattergen_eval_fixed_film_raw_skip8_view/fixed_film__g3__t8/cifs/sample_00059.cif,True,False,True,False,2.4487165766444114,342.7574595708012,31.15976905189101,11,False,True,True,,,,False,,7.756850082151009,True,
fixed_film__g3__t8,3,8,60,provenance://crystalite/outputs/final report output/mattergen_eval_fixed_film_raw_skip8_view/fixed_film__g3__t8/cifs/sample_00060.cif,True,True,True,True,2.3972799784662886,115.73820698042476,28.934551745106187,4,False,True,True,,,,False,,13.275867146486029,True,
fixed_film__g3__t8,3,8,61,provenance://crystalite/outputs/final report output/mattergen_eval_fixed_film_raw_skip8_view/fixed_film__g3__t8/cifs/sample_00061.cif,True,True,True,True,2.167859250744647,362.7932241910231,25.913801727930224,14,False,True,True,,,,False,,6.595511326772868,True,
fixed_film__g3__t8,3,8,62,provenance://crystalite/outputs/final report output/mattergen_eval_fixed_film_raw_skip8_view/fixed_film__g3__t8/cifs/sample_00062.cif,True,True,True,True,2.4887644811618914,293.8975905359697,26.717962775997247,11,False,True,True,,,,False,,11.968190258694046,True,
fixed_film__g3__t8,3,8,63,provenance://crystalite/outputs/final report output/mattergen_eval_fixed_film_raw_skip8_view/fixed_film__g3__t8/cifs/sample_00063.cif,True,True,True,True,2.300874541548681,289.524708858631,32.169412095403445,9,False,True,True,,,,False,,4.783613460972976,True,
fixed_film__g3__t8,3,8,64,provenance://crystalite/outputs/final report output/mattergen_eval_fixed_film_raw_skip8_view/fixed_film__g3__t8/cifs/sample_00064.cif,True,False,True,False,2.1516494447458294,114.4976468993205,16.35680669990293,7,False,True,True,,,,False,,9.661359959799292,True,
fixed_film__g3__t8,3,8,65,provenance://crystalite/outputs/final report output/mattergen_eval_fixed_film_raw_skip8_view/fixed_film__g3__t8/cifs/sample_00065.cif,True,True,True,True,2.128792312234341,154.46625271273652,25.744375452122757,6,False,True,True,,,,False,,3.8814804652774897,True,
fixed_film__g3__t8,3,8,66,provenance://crystalite/outputs/final report output/mattergen_eval_fixed_film_raw_skip8_view/fixed_film__g3__t8/cifs/sample_00066.cif,True,True,True,True,1.9965714213899188,488.1527675588784,24.40763837794392,20,False,True,True,,,,False,,6.487447464442897,True,
fixed_film__g3__t8,3,8,67,provenance://crystalite/outputs/final report output/mattergen_eval_fixed_film_raw_skip8_view/fixed_film__g3__t8/cifs/sample_00067.cif,True,True,True,True,2.400063787047261,286.70194517038794,23.891828764198998,12,False,True,True,,,,False,,10.908242212894196,True,
fixed_film__g3__t8,3,8,68,provenance://crystalite/outputs/final report output/mattergen_eval_fixed_film_raw_skip8_view/fixed_film__g3__t8/cifs/sample_00068.cif,True,False,True,False,2.2724295406647,138.91461849284175,34.72865462321044,4,False,True,True,,,,False,,8.201677794525887,True,
fixed_film__g3__t8,3,8,69,provenance://crystalite/outputs/final report output/mattergen_eval_fixed_film_raw_skip8_view/fixed_film__g3__t8/cifs/sample_00069.cif,True,True,True,True,1.3130245263047486,359.43667893952664,17.971833946976332,20,False,True,True,,,,False,,2.948344680092502,True,
fixed_film__g3__t8,3,8,70,provenance://crystalite/outputs/final report output/mattergen_eval_fixed_film_raw_skip8_view/fixed_film__g3__t8/cifs/sample_00070.cif,True,True,True,True,1.8684226805972688,359.0411251250118,19.946729173611764,18,False,True,True,,,,False,,4.223300319652523,True,
fixed_film__g3__t8,3,8,71,provenance://crystalite/outputs/final report output/mattergen_eval_fixed_film_raw_skip8_view/fixed_film__g3__t8/cifs/sample_00071.cif,True,False,True,False,2.176213961678461,239.16394219753371,39.86065703292229,6,False,True,True,,,,False,,4.304165406784712,True,
fixed_film__g3__t8,3,8,72,provenance://crystalite/outputs/final report output/mattergen_eval_fixed_film_raw_skip8_view/fixed_film__g3__t8/cifs/sample_00072.cif,True,True,True,True,1.4435931923802847,212.1610684180064,21.21610684180064,10,False,True,True,,,,False,,2.6212577876066736,True,
fixed_film__g3__t8,3,8,73,provenance://crystalite/outputs/final report output/mattergen_eval_fixed_film_raw_skip8_view/fixed_film__g3__t8/cifs/sample_00073.cif,True,False,True,False,2.3329149384153878,634.2728191440226,39.64205119650141,16,False,True,True,,,,False,,4.469823545135729,True,
fixed_film__g3__t8,3,8,74,provenance://crystalite/outputs/final report output/mattergen_eval_fixed_film_raw_skip8_view/fixed_film__g3__t8/cifs/sample_00074.cif,True,True,True,True,2.789234658639762,96.45730059866806,24.11432514966701,4,True,True,True,,,,False,,13.824217360274462,True,
fixed_film__g3__t8,3,8,75,provenance://crystalite/outputs/final report output/mattergen_eval_fixed_film_raw_skip8_view/fixed_film__g3__t8/cifs/sample_00075.cif,True,True,True,True,2.5157166218169165,281.7345789820912,35.2168223727614,8,False,True,True,,,,False,,4.346069036058636,True,
fixed_film__g3__t8,3,8,76,provenance://crystalite/outputs/final report output/mattergen_eval_fixed_film_raw_skip8_view/fixed_film__g3__t8/cifs/sample_00076.cif,True,True,True,True,2.925478877957257,49.70199090787784,24.85099545393892,2,False,True,True,,,,False,,11.434065074642836,True,
fixed_film__g3__t8,3,8,77,provenance://crystalite/outputs/final report output/mattergen_eval_fixed_film_raw_skip8_view/fixed_film__g3__t8/cifs/sample_00077.cif,True,True,True,True,1.3773918459470111,150.49223200499426,16.72135911166603,9,False,True,True,,,,False,,7.492351686568607,True,
fixed_film__g3__t8,3,8,78,provenance://crystalite/outputs/final report output/mattergen_eval_fixed_film_raw_skip8_view/fixed_film__g3__t8/cifs/sample_00078.cif,True,True,True,True,2.26713806804592,276.17612606593593,34.52201575824199,8,False,True,True,,,,False,,5.579065018501843,True,
fixed_film__g3__t8,3,8,79,provenance://crystalite/outputs/final report output/mattergen_eval_fixed_film_raw_skip8_view/fixed_film__g3__t8/cifs/sample_00079.cif,True,True,True,True,1.372582313362253,147.47105773450852,9.216941108406782,16,False,True,True,,,,False,,4.465675970382005,True,
fixed_film__g3__t8,3,8,80,provenance://crystalite/outputs/final report output/mattergen_eval_fixed_film_raw_skip8_view/fixed_film__g3__t8/cifs/sample_00080.cif,True,True,True,True,2.355182146171906,314.959190012865,31.495919001286502,10,False,True,True,,,,False,,6.730882908645583,True,
fixed_film__g3__t8,3,8,81,provenance://crystalite/outputs/final report output/mattergen_eval_fixed_film_raw_skip8_view/fixed_film__g3__t8/cifs/sample_00081.cif,True,True,True,True,1.7476691169309286,552.2823012479746,27.61411506239873,20,False,True,True,,,,False,,8.841435725512037,True,
fixed_film__g3__t8,3,8,82,provenance://crystalite/outputs/final report output/mattergen_eval_fixed_film_raw_skip8_view/fixed_film__g3__t8/cifs/sample_00082.cif,True,True,True,True,2.035371297171542,137.45167789395057,22.908612982325096,6,False,True,True,,,,False,,4.465939941553486,True,
fixed_film__g3__t8,3,8,83,provenance://crystalite/outputs/final report output/mattergen_eval_fixed_film_raw_skip8_view/fixed_film__g3__t8/cifs/sample_00083.cif,True,True,True,True,1.9443776061278848,249.14906588283336,20.762422156902783,12,False,True,True,,,,False,,5.3579225900425245,True,
fixed_film__g3__t8,3,8,84,provenance://crystalite/outputs/final report output/mattergen_eval_fixed_film_raw_skip8_view/fixed_film__g3__t8/cifs/sample_00084.cif,True,True,True,True,2.2918578490262287,586.9422544655755,32.607903025865305,18,False,True,True,,,,False,,12.068778555659264,True,
fixed_film__g3__t8,3,8,85,provenance://crystalite/outputs/final report output/mattergen_eval_fixed_film_raw_skip8_view/fixed_film__g3__t8/cifs/sample_00085.cif,True,True,True,True,2.297727531150623,246.1115217822509,20.509293481854243,12,False,True,True,,,,False,,8.679134043319976,True,
fixed_film__g3__t8,3,8,86,provenance://crystalite/outputs/final report output/mattergen_eval_fixed_film_raw_skip8_view/fixed_film__g3__t8/cifs/sample_00086.cif,True,True,True,True,2.2750484502161537,358.92569919956463,25.637549942826045,14,False,True,True,,,,False,,5.90764723495544,True,
fixed_film__g3__t8,3,8,87,provenance://crystalite/outputs/final report output/mattergen_eval_fixed_film_raw_skip8_view/fixed_film__g3__t8/cifs/sample_00087.cif,True,True,True,True,2.03903457580836,238.03713793737128,19.836428161447603,12,False,True,True,,,,False,,10.478898226348369,True,
fixed_film__g3__t8,3,8,88,provenance://crystalite/outputs/final report output/mattergen_eval_fixed_film_raw_skip8_view/fixed_film__g3__t8/cifs/sample_00088.cif,True,True,True,True,2.24246576100069,654.4048009140638,32.72024004570319,20,False,True,True,,,,False,,4.8987755631454135,True,
fixed_film__g3__t8,3,8,89,provenance://crystalite/outputs/final report output/mattergen_eval_fixed_film_raw_skip8_view/fixed_film__g3__t8/cifs/sample_00089.cif,True,False,True,False,2.214139726156727,480.6365235163568,30.0397827197723,16,False,True,True,,,,False,,6.238292905966767,True,
fixed_film__g3__t8,3,8,90,provenance://crystalite/outputs/final report output/mattergen_eval_fixed_film_raw_skip8_view/fixed_film__g3__t8/cifs/sample_00090.cif,True,True,True,True,2.0238598627908617,402.5255760641031,28.751826861721646,14,False,True,True,,,,False,,4.780504906007739,True,
fixed_film__g3__t8,3,8,91,provenance://crystalite/outputs/final report output/mattergen_eval_fixed_film_raw_skip8_view/fixed_film__g3__t8/cifs/sample_00091.cif,True,True,True,True,2.844595402097658,84.19908081325545,28.06636027108515,3,True,True,True,,,,False,,13.018687478595629,True,
fixed_film__g3__t8,3,8,92,provenance://crystalite/outputs/final report output/mattergen_eval_fixed_film_raw_skip8_view/fixed_film__g3__t8/cifs/sample_00092.cif,True,True,True,True,2.617447261102183,116.26531937994254,23.25306387598851,5,True,True,True,,,,False,,12.16945635609725,True,
fixed_film__g3__t8,3,8,93,provenance://crystalite/outputs/final report output/mattergen_eval_fixed_film_raw_skip8_view/fixed_film__g3__t8/cifs/sample_00093.cif,True,False,True,False,2.388989501003515,232.61680609448464,33.23097229921209,7,False,True,True,,,,False,,4.581475440472228,True,
fixed_film__g3__t8,3,8,94,provenance://crystalite/outputs/final report output/mattergen_eval_fixed_film_raw_skip8_view/fixed_film__g3__t8/cifs/sample_00094.cif,True,True,True,True,2.2661419254040585,284.5476955727734,28.45476955727734,10,False,True,True,,,,False,,7.724830235721687,True,
fixed_film__g3__t8,3,8,95,provenance://crystalite/outputs/final report output/mattergen_eval_fixed_film_raw_skip8_view/fixed_film__g3__t8/cifs/sample_00095.cif,True,True,True,True,1.186018342751512,299.84015718388,18.7400098239925,16,False,True,True,,,,False,,2.8504938527142607,True,
fixed_film__g3__t8,3,8,96,provenance://crystalite/outputs/final report output/mattergen_eval_fixed_film_raw_skip8_view/fixed_film__g3__t8/cifs/sample_00096.cif,True,True,True,True,1.4500847897387186,192.0921575512284,32.0153595918714,6,False,True,True,,,,False,,2.353861066979194,True,
fixed_film__g3__t8,3,8,97,provenance://crystalite/outputs/final report output/mattergen_eval_fixed_film_raw_skip8_view/fixed_film__g3__t8/cifs/sample_00097.cif,True,True,True,True,1.4702301836828668,306.30993987794733,16.12157578304986,19,False,True,True,,,,False,,3.7836979012874,True,
fixed_film__g3__t8,3,8,98,provenance://crystalite/outputs/final report output/mattergen_eval_fixed_film_raw_skip8_view/fixed_film__g3__t8/cifs/sample_00098.cif,True,True,True,True,1.1781825401942625,434.9382398881121,24.16323554933956,18,False,True,True,,,,False,,2.722947259918088,True,
fixed_film__g3__t8,3,8,99,provenance://crystalite/outputs/final report output/mattergen_eval_fixed_film_raw_skip8_view/fixed_film__g3__t8/cifs/sample_00099.cif,True,True,True,True,2.014025650289507,497.7266462849551,27.65148034916417,18,False,True,True,,,,False,,5.995363706764688,True,
fixed_film__g3__t8,3,8,100,provenance://crystalite/outputs/final report output/mattergen_eval_fixed_film_raw_skip8_view/fixed_film__g3__t8/cifs/sample_00100.cif,True,True,True,True,2.452947331413484,192.67577126158045,27.525110180225777,7,False,True,True,,,,False,,7.409370100570012,True,
fixed_film__g3__t8,3,8,101,provenance://crystalite/outputs/final report output/mattergen_eval_fixed_film_raw_skip8_view/fixed_film__g3__t8/cifs/sample_00101.cif,True,True,True,True,2.473050609361592,167.82850208873955,20.978562761092444,8,False,True,True,,,,False,,14.292442318245056,True,
fixed_film__g3__t8,3,8,102,provenance://crystalite/outputs/final report output/mattergen_eval_fixed_film_raw_skip8_view/fixed_film__g3__t8/cifs/sample_00102.cif,True,True,True,True,1.3182792917592403,175.0950342937763,14.591252857814691,12,False,True,True,,,,False,,3.795669085606165,True,
fixed_film__g3__t8,3,8,103,provenance://crystalite/outputs/final report output/mattergen_eval_fixed_film_raw_skip8_view/fixed_film__g3__t8/cifs/sample_00103.cif,True,True,True,True,1.7443453658806405,242.42178893221515,12.121089446610757,20,False,True,True,,,,False,,5.106232940545692,True,
fixed_film__g3__t8,3,8,104,provenance://crystalite/outputs/final report output/mattergen_eval_fixed_film_raw_skip8_view/fixed_film__g3__t8/cifs/sample_00104.cif,True,True,True,True,1.2588115649920322,178.21545498946108,14.851287915788424,12,False,True,True,,,,False,,2.4479836316300374,True,
fixed_film__g3__t8,3,8,105,provenance://crystalite/outputs/final report output/mattergen_eval_fixed_film_raw_skip8_view/fixed_film__g3__t8/cifs/sample_00105.cif,True,True,True,True,2.227105542496079,71.2604628996665,23.753487633222168,3,False,True,True,,,,False,,12.201858902067135,True,
fixed_film__g3__t8,3,8,106,provenance://crystalite/outputs/final report output/mattergen_eval_fixed_film_raw_skip8_view/fixed_film__g3__t8/cifs/sample_00106.cif,True,True,True,True,1.9867024831328408,327.98319058040545,23.427370755743247,14,False,True,True,,,,False,,4.7753330854357765,True,
fixed_film__g3__t8,3,8,107,provenance://crystalite/outputs/final report output/mattergen_eval_fixed_film_raw_skip8_view/fixed_film__g3__t8/cifs/sample_00107.cif,True,False,True,False,2.366370911413913,456.5686170328454,35.12066284868042,13,False,True,True,,,,False,,6.736512574435096,True,
fixed_film__g3__t8,3,8,108,provenance://crystalite/outputs/final report output/mattergen_eval_fixed_film_raw_skip8_view/fixed_film__g3__t8/cifs/sample_00108.cif,True,True,True,True,2.068472727811658,156.39380289722996,13.032816908102497,12,False,True,True,,,,False,,5.133421263092148,True,
fixed_film__g3__t8,3,8,109,provenance://crystalite/outputs/final report output/mattergen_eval_fixed_film_raw_skip8_view/fixed_film__g3__t8/cifs/sample_00109.cif,True,True,True,True,1.2396680922128165,365.94811221070535,20.33045067837252,18,False,True,True,,,,False,,3.263067521547113,True,
fixed_film__g3__t8,3,8,110,provenance://crystalite/outputs/final report output/mattergen_eval_fixed_film_raw_skip8_view/fixed_film__g3__t8/cifs/sample_00110.cif,True,True,True,True,1.9943350900493413,540.4350064136969,38.602500458121206,14,False,True,True,,,,False,,5.385541880039999,True,
fixed_film__g3__t8,3,8,111,provenance://crystalite/outputs/final report output/mattergen_eval_fixed_film_raw_skip8_view/fixed_film__g3__t8/cifs/sample_00111.cif,True,False,True,False,2.663128838238628,224.1795945601992,28.022449320024897,8,False,True,True,,,,False,,11.911713782420316,True,
fixed_film__g3__t8,3,8,112,provenance://crystalite/outputs/final report output/mattergen_eval_fixed_film_raw_skip8_view/fixed_film__g3__t8/cifs/sample_00112.cif,True,True,True,True,2.4486609621783986,119.1312745501034,23.82625491002068,5,False,True,True,,,,False,,9.457299096350676,True,
fixed_film__g3__t8,3,8,113,provenance://crystalite/outputs/final report output/mattergen_eval_fixed_film_raw_skip8_view/fixed_film__g3__t8/cifs/sample_00113.cif,True,False,True,False,2.6560243815994107,262.5163501192131,32.81454376490164,8,False,True,True,,,,False,,10.273350830915165,True,
fixed_film__g3__t8,3,8,114,provenance://crystalite/outputs/final report output/mattergen_eval_fixed_film_raw_skip8_view/fixed_film__g3__t8/cifs/sample_00114.cif,True,True,True,True,2.0097449516764763,442.75501810045546,31.62535843574682,14,False,True,True,,,,False,,4.474005354475483,True,
fixed_film__g3__t8,3,8,115,provenance://crystalite/outputs/final report output/mattergen_eval_fixed_film_raw_skip8_view/fixed_film__g3__t8/cifs/sample_00115.cif,True,True,True,True,2.346950948954881,355.433760551958,29.6194800459965,12,False,True,True,,,,False,,10.816212893704886,True,
fixed_film__g3__t8,3,8,116,provenance://crystalite/outputs/final report output/mattergen_eval_fixed_film_raw_skip8_view/fixed_film__g3__t8/cifs/sample_00116.cif,True,True,True,True,2.420266826404905,233.06744578455528,29.13343072306941,8,False,True,True,,,,False,,6.234822843804053,True,
fixed_film__g3__t8,3,8,117,provenance://crystalite/outputs/final report output/mattergen_eval_fixed_film_raw_skip8_view/fixed_film__g3__t8/cifs/sample_00117.cif,True,True,True,True,2.240100655138858,499.7072385379501,29.394543443408825,17,False,True,True,,,,False,,7.957058308395131,True,
fixed_film__g3__t8,3,8,119,provenance://crystalite/outputs/final report output/mattergen_eval_fixed_film_raw_skip8_view/fixed_film__g3__t8/cifs/sample_00119.cif,True,True,True,True,1.63548236947806,526.6500218520227,26.332501092601134,20,False,True,True,,,,False,,7.228198607525617,True,
fixed_film__g3__t8,3,8,120,provenance://crystalite/outputs/final report output/mattergen_eval_fixed_film_raw_skip8_view/fixed_film__g3__t8/cifs/sample_00120.cif,True,False,True,False,1.1128752220920823,386.2078416628337,19.31039208314169,20,False,True,True,,,,False,,3.9357071976832536,True,
fixed_film__g3__t8,3,8,121,provenance://crystalite/outputs/final report output/mattergen_eval_fixed_film_raw_skip8_view/fixed_film__g3__t8/cifs/sample_00121.cif,True,True,True,True,2.3314820980411235,433.0331166542352,33.31023974263348,13,False,True,True,,,,False,,7.156574044666072,True,
fixed_film__g3__t8,3,8,122,provenance://crystalite/outputs/final report output/mattergen_eval_fixed_film_raw_skip8_view/fixed_film__g3__t8/cifs/sample_00122.cif,True,False,True,False,2.3827970193088044,581.100716602042,32.283373144557885,18,False,True,True,,,,False,,7.376935096718593,True,
fixed_film__g3__t8,3,8,123,provenance://crystalite/outputs/final report output/mattergen_eval_fixed_film_raw_skip8_view/fixed_film__g3__t8/cifs/sample_00123.cif,True,True,True,True,1.9740182125735384,358.32443341309875,35.83244334130988,10,False,True,True,,,,False,,3.95999627453293,True,
fixed_film__g3__t8,3,8,124,provenance://crystalite/outputs/final report output/mattergen_eval_fixed_film_raw_skip8_view/fixed_film__g3__t8/cifs/sample_00124.cif,True,True,True,True,1.8288338545154013,339.8037808031128,24.271698628793768,14,False,True,True,,,,False,,9.252558117028531,True,
fixed_film__g3__t8,3,8,125,provenance://crystalite/outputs/final report output/mattergen_eval_fixed_film_raw_skip8_view/fixed_film__g3__t8/cifs/sample_00125.cif,True,True,True,True,2.0156485178049537,640.4577628075856,32.02288814037928,20,False,True,True,,,,False,,8.392921357161441,True,
fixed_film__g3__t8,3,8,126,provenance://crystalite/outputs/final report output/mattergen_eval_fixed_film_raw_skip8_view/fixed_film__g3__t8/cifs/sample_00126.cif,True,True,True,True,2.447788417217178,408.8215200448479,31.44780923421907,13,False,True,True,,,,False,,11.066020972166667,True,
fixed_film__g3__t8,3,8,127,provenance://crystalite/outputs/final report output/mattergen_eval_fixed_film_raw_skip8_view/fixed_film__g3__t8/cifs/sample_00127.cif,True,True,True,True,1.2800385620435075,157.78034602465146,15.778034602465146,10,False,True,True,,,,False,,3.671928072338716,True,
fixed_film__g4__t2,4,2,0,provenance://crystalite/outputs/final report output/mattergen_eval_fixed_film_raw_skip8_view/fixed_film__g4__t2/cifs/sample_00000.cif,True,True,True,True,1.4438660496141635,411.965678974062,102.9914197435155,4,False,True,True,,,,False,,2.168122637819893,True,
fixed_film__g4__t2,4,2,1,provenance://crystalite/outputs/final report output/mattergen_eval_fixed_film_raw_skip8_view/fixed_film__g4__t2/cifs/sample_00001.cif,True,False,True,False,1.112567618106842,1596.3344634408236,79.81672317204118,20,False,True,True,,,,False,,1.5623385030856027,True,
fixed_film__g4__t2,4,2,2,provenance://crystalite/outputs/final report output/mattergen_eval_fixed_film_raw_skip8_view/fixed_film__g4__t2/cifs/sample_00002.cif,True,True,True,True,1.830764138875524,141.54909228623626,17.693636535779532,8,False,True,True,,,,False,,2.407173294715468,True,
fixed_film__g4__t2,4,2,3,provenance://crystalite/outputs/final report output/mattergen_eval_fixed_film_raw_skip8_view/fixed_film__g4__t2/cifs/sample_00003.cif,True,True,True,True,1.3853711241967896,171.51400743305467,21.439250929131838,8,False,True,True,,,,False,,2.8245865380259545,True,
fixed_film__g4__t2,4,2,4,provenance://crystalite/outputs/final report output/mattergen_eval_fixed_film_raw_skip8_view/fixed_film__g4__t2/cifs/sample_00004.cif,True,True,True,True,2.029416296844044,43.83014541941501,21.915072709707506,2,False,True,True,,,,False,,7.992435895064759,True,
fixed_film__g4__t2,4,2,5,provenance://crystalite/outputs/final report output/mattergen_eval_fixed_film_raw_skip8_view/fixed_film__g4__t2/cifs/sample_00005.cif,True,True,True,True,1.4240608957971208,625.3256948685419,39.082855929283866,16,False,True,True,,,,False,,2.627970981307302,True,
fixed_film__g4__t2,4,2,6,provenance://crystalite/outputs/final report output/mattergen_eval_fixed_film_raw_skip8_view/fixed_film__g4__t2/cifs/sample_00006.cif,True,True,True,True,1.3793926240365544,280.4348258119531,35.054353226494136,8,False,True,True,,,,False,,1.2467574731346691,True,
fixed_film__g4__t2,4,2,7,provenance://crystalite/outputs/final report output/mattergen_eval_fixed_film_raw_skip8_view/fixed_film__g4__t2/cifs/sample_00007.cif,True,True,True,True,1.1136203064163683,625.5188473618185,44.67991766870132,14,False,True,True,,,,False,,1.2131118404485333,True,
fixed_film__g4__t2,4,2,8,provenance://crystalite/outputs/final report output/mattergen_eval_fixed_film_raw_skip8_view/fixed_film__g4__t2/cifs/sample_00008.cif,True,True,True,True,1.465271421657929,253.80815242837656,21.15067936903138,12,False,True,True,,,,False,,2.0497491625295514,True,
fixed_film__g4__t2,4,2,9,provenance://crystalite/outputs/final report output/mattergen_eval_fixed_film_raw_skip8_view/fixed_film__g4__t2/cifs/sample_00009.cif,True,False,True,False,1.3984710769380804,597.5357593179489,74.69196991474361,8,False,True,True,,,,False,,1.469113957155615,True,
fixed_film__g4__t2,4,2,10,provenance://crystalite/outputs/final report output/mattergen_eval_fixed_film_raw_skip8_view/fixed_film__g4__t2/cifs/sample_00010.cif,True,True,True,True,1.3313443162429994,286.423302806687,23.86860856722392,12,False,True,True,,,,False,,2.431610958058384,True,
fixed_film__g4__t2,4,2,11,provenance://crystalite/outputs/final report output/mattergen_eval_fixed_film_raw_skip8_view/fixed_film__g4__t2/cifs/sample_00011.cif,True,True,True,True,1.460505126274218,699.7851131097116,38.87695072831731,18,False,True,True,,,,False,,1.6935341392064007,True,
fixed_film__g4__t2,4,2,12,provenance://crystalite/outputs/final report output/mattergen_eval_fixed_film_raw_skip8_view/fixed_film__g4__t2/cifs/sample_00012.cif,True,False,True,False,1.112554919873863,792.3559750428255,79.23559750428255,10,False,True,True,,,,False,,1.609726080288678,True,
fixed_film__g4__t2,4,2,13,provenance://crystalite/outputs/final report output/mattergen_eval_fixed_film_raw_skip8_view/fixed_film__g4__t2/cifs/sample_00013.cif,True,True,True,True,1.1117809319329748,608.9882079986728,50.74901733322273,12,False,True,True,,,,False,,1.5170501397770018,True,
fixed_film__g4__t2,4,2,14,provenance://crystalite/outputs/final report output/mattergen_eval_fixed_film_raw_skip8_view/fixed_film__g4__t2/cifs/sample_00014.cif,True,True,True,True,1.3412548105815922,432.360145911109,36.03001215925908,12,False,True,True,,,,False,,1.6172741324164877,True,
fixed_film__g4__t2,4,2,15,provenance://crystalite/outputs/final report output/mattergen_eval_fixed_film_raw_skip8_view/fixed_film__g4__t2/cifs/sample_00015.cif,True,False,True,False,5.5178369076092535,805.9702533148467,268.6567511049489,3,False,True,True,,,,False,,0.9245887635829554,True,
fixed_film__g4__t2,4,2,17,provenance://crystalite/outputs/final report output/mattergen_eval_fixed_film_raw_skip8_view/fixed_film__g4__t2/cifs/sample_00017.cif,True,True,True,True,1.7506787855891133,114.78492625300828,14.348115781626031,8,False,True,True,,,,False,,1.9516517019997448,True,
fixed_film__g4__t2,4,2,18,provenance://crystalite/outputs/final report output/mattergen_eval_fixed_film_raw_skip8_view/fixed_film__g4__t2/cifs/sample_00018.cif,True,True,True,True,2.4783663182013824,58.81247710647863,29.40623855323932,2,False,True,True,,,,False,,5.250534494140567,True,
fixed_film__g4__t2,4,2,19,provenance://crystalite/outputs/final report output/mattergen_eval_fixed_film_raw_skip8_view/fixed_film__g4__t2/cifs/sample_00019.cif,True,True,True,True,1.1132717581905125,277.61317448798724,27.761317448798724,10,False,True,True,,,,False,,0.9105854717436856,True,
fixed_film__g4__t2,4,2,20,provenance://crystalite/outputs/final report output/mattergen_eval_fixed_film_raw_skip8_view/fixed_film__g4__t2/cifs/sample_00020.cif,True,True,True,True,2.0789753062206024,487.01490784329815,97.40298156865964,5,False,True,True,,,,False,,1.3551253818762727,True,
fixed_film__g4__t2,4,2,21,provenance://crystalite/outputs/final report output/mattergen_eval_fixed_film_raw_skip8_view/fixed_film__g4__t2/cifs/sample_00021.cif,True,True,True,True,1.103745575722535,437.3666407878925,21.868332039394623,20,False,True,True,,,,False,,2.0783007268854683,True,
fixed_film__g4__t2,4,2,22,provenance://crystalite/outputs/final report output/mattergen_eval_fixed_film_raw_skip8_view/fixed_film__g4__t2/cifs/sample_00022.cif,True,True,True,True,1.3326505491544385,2903.3960720042824,207.3854337145916,14,False,True,True,,,,False,,1.4155908190074935,True,
fixed_film__g4__t2,4,2,23,provenance://crystalite/outputs/final report output/mattergen_eval_fixed_film_raw_skip8_view/fixed_film__g4__t2/cifs/sample_00023.cif,True,False,True,False,1.330757294824181,990.495595756088,110.0550661951209,9,False,True,True,,,,False,,2.271776825259566,True,
fixed_film__g4__t2,4,2,24,provenance://crystalite/outputs/final report output/mattergen_eval_fixed_film_raw_skip8_view/fixed_film__g4__t2/cifs/sample_00024.cif,True,True,True,True,2.020718342859637,215.95869237078745,21.595869237078745,10,False,True,True,,,,False,,1.9848645025343312,True,
fixed_film__g4__t2,4,2,25,provenance://crystalite/outputs/final report output/mattergen_eval_fixed_film_raw_skip8_view/fixed_film__g4__t2/cifs/sample_00025.cif,True,True,True,True,0.9465034421829616,331.5612511688094,20.722578198050588,16,False,True,True,,,,False,,2.498884494385418,True,
fixed_film__g4__t2,4,2,26,provenance://crystalite/outputs/final report output/mattergen_eval_fixed_film_raw_skip8_view/fixed_film__g4__t2/cifs/sample_00026.cif,True,True,True,True,1.4333834737162403,786.4863597405508,39.32431798702754,20,False,True,True,,,,False,,2.057835012612541,True,
fixed_film__g4__t2,4,2,27,provenance://crystalite/outputs/final report output/mattergen_eval_fixed_film_raw_skip8_view/fixed_film__g4__t2/cifs/sample_00027.cif,True,False,True,False,1.1119970911037456,482.4666030612333,60.30832538265416,8,False,True,True,,,,False,,0.975064289634316,True,
fixed_film__g4__t2,4,2,28,provenance://crystalite/outputs/final report output/mattergen_eval_fixed_film_raw_skip8_view/fixed_film__g4__t2/cifs/sample_00028.cif,True,False,True,False,1.1136984602246105,496.3153377692892,31.019708610580576,16,False,True,True,,,,False,,2.258872507223714,True,
fixed_film__g4__t2,4,2,29,provenance://crystalite/outputs/final report output/mattergen_eval_fixed_film_raw_skip8_view/fixed_film__g4__t2/cifs/sample_00029.cif,True,True,True,True,1.147253093278299,560.3775463510675,35.02359664694172,16,False,True,True,,,,False,,1.4303495200367855,True,
fixed_film__g4__t2,4,2,30,provenance://crystalite/outputs/final report output/mattergen_eval_fixed_film_raw_skip8_view/fixed_film__g4__t2/cifs/sample_00030.cif,True,True,True,True,1.110976205231459,750.0829692957925,46.88018558098703,16,False,True,True,,,,False,,1.2080317030853431,True,
fixed_film__g4__t2,4,2,31,provenance://crystalite/outputs/final report output/mattergen_eval_fixed_film_raw_skip8_view/fixed_film__g4__t2/cifs/sample_00031.cif,True,False,True,False,1.521424353021439,97.70736457899154,19.54147291579831,5,False,True,True,,,,False,,2.39557561953122,True,
fixed_film__g4__t2,4,2,33,provenance://crystalite/outputs/final report output/mattergen_eval_fixed_film_raw_skip8_view/fixed_film__g4__t2/cifs/sample_00033.cif,True,False,True,False,1.5572029821527509,251.60711271973847,20.96725939331154,12,False,True,True,,,,False,,2.1666985547598,True,
fixed_film__g4__t2,4,2,34,provenance://crystalite/outputs/final report output/mattergen_eval_fixed_film_raw_skip8_view/fixed_film__g4__t2/cifs/sample_00034.cif,True,False,True,False,1.3218069246962942,506.9073660904914,38.99287431465319,13,False,True,True,,,,False,,2.052407555233228,True,
fixed_film__g4__t2,4,2,35,provenance://crystalite/outputs/final report output/mattergen_eval_fixed_film_raw_skip8_view/fixed_film__g4__t2/cifs/sample_00035.cif,True,True,True,True,1.3365605573678374,630.4230485464201,90.06043550663144,7,False,True,True,,,,False,,1.84859586083907,True,
fixed_film__g4__t2,4,2,38,provenance://crystalite/outputs/final report output/mattergen_eval_fixed_film_raw_skip8_view/fixed_film__g4__t2/cifs/sample_00038.cif,True,True,True,True,1.3379359222846492,407.17592328321234,33.931326940267695,12,False,True,True,,,,False,,2.007408053461768,True,
fixed_film__g4__t2,4,2,39,provenance://crystalite/outputs/final report output/mattergen_eval_fixed_film_raw_skip8_view/fixed_film__g4__t2/cifs/sample_00039.cif,True,True,True,True,1.3881691001134204,1116.208149965246,69.76300937282788,16,False,True,True,,,,False,,2.002459333421577,True,
fixed_film__g4__t2,4,2,40,provenance://crystalite/outputs/final report output/mattergen_eval_fixed_film_raw_skip8_view/fixed_film__g4__t2/cifs/sample_00040.cif,True,True,True,True,4.877183496171069,84.36340752783738,42.18170376391869,2,False,True,True,,,,False,,1.8078739784618456,True,
fixed_film__g4__t2,4,2,41,provenance://crystalite/outputs/final report output/mattergen_eval_fixed_film_raw_skip8_view/fixed_film__g4__t2/cifs/sample_00041.cif,True,True,True,True,1.3385284738137742,163.54721994980753,32.70944398996151,5,False,True,True,,,,False,,2.0823706852418646,True,
fixed_film__g4__t2,4,2,43,provenance://crystalite/outputs/final report output/mattergen_eval_fixed_film_raw_skip8_view/fixed_film__g4__t2/cifs/sample_00043.cif,True,False,True,False,1.4294577505608526,866.4307205576879,86.64307205576878,10,False,True,True,,,,False,,1.8171327099303365,True,
fixed_film__g4__t2,4,2,44,provenance://crystalite/outputs/final report output/mattergen_eval_fixed_film_raw_skip8_view/fixed_film__g4__t2/cifs/sample_00044.cif,True,False,True,False,1.4363969676082378,340.49361635475907,34.049361635475904,10,False,True,True,,,,False,,2.115166846252773,True,
fixed_film__g4__t2,4,2,45,provenance://crystalite/outputs/final report output/mattergen_eval_fixed_film_raw_skip8_view/fixed_film__g4__t2/cifs/sample_00045.cif,True,True,True,True,4.8664466962260216,2254.464316274757,375.7440527124595,6,False,True,True,,,,False,,0.6787554226775389,True,
fixed_film__g4__t2,4,2,46,provenance://crystalite/outputs/final report output/mattergen_eval_fixed_film_raw_skip8_view/fixed_film__g4__t2/cifs/sample_00046.cif,True,True,True,True,1.3463363597776337,937.053599144941,85.18669083135828,11,False,True,True,,,,False,,1.3334323791608276,True,
fixed_film__g4__t2,4,2,47,provenance://crystalite/outputs/final report output/mattergen_eval_fixed_film_raw_skip8_view/fixed_film__g4__t2/cifs/sample_00047.cif,True,True,True,True,1.1115289682364289,425.1773177368334,35.431443144736114,12,False,True,True,,,,False,,1.7070948859872666,True,
fixed_film__g4__t2,4,2,48,provenance://crystalite/outputs/final report output/mattergen_eval_fixed_film_raw_skip8_view/fixed_film__g4__t2/cifs/sample_00048.cif,True,False,True,False,1.4177752737420088,713.5739581354736,89.1967447669342,8,False,True,True,,,,False,,1.560058302999994,True,
fixed_film__g4__t2,4,2,49,provenance://crystalite/outputs/final report output/mattergen_eval_fixed_film_raw_skip8_view/fixed_film__g4__t2/cifs/sample_00049.cif,True,True,True,True,1.8265373607870043,135.39658141049006,16.924572676311257,8,False,True,True,,,,False,,1.5269828934340075,True,
fixed_film__g4__t2,4,2,50,provenance://crystalite/outputs/final report output/mattergen_eval_fixed_film_raw_skip8_view/fixed_film__g4__t2/cifs/sample_00050.cif,True,True,True,True,1.4238753639658972,1007.4539380105232,83.95449483421027,12,False,True,True,,,,False,,2.036179762772735,True,
fixed_film__g4__t2,4,2,51,provenance://crystalite/outputs/final report output/mattergen_eval_fixed_film_raw_skip8_view/fixed_film__g4__t2/cifs/sample_00051.cif,True,True,True,True,1.4422747551281538,189.4396502717525,21.04885003019472,9,False,True,True,,,,False,,2.378713146773207,True,
fixed_film__g4__t2,4,2,52,provenance://crystalite/outputs/final report output/mattergen_eval_fixed_film_raw_skip8_view/fixed_film__g4__t2/cifs/sample_00052.cif,True,True,True,True,1.6292979563902383,223.99830430806105,20.36348220982373,11,False,True,True,,,,False,,1.8006359721606155,True,
fixed_film__g4__t2,4,2,53,provenance://crystalite/outputs/final report output/mattergen_eval_fixed_film_raw_skip8_view/fixed_film__g4__t2/cifs/sample_00053.cif,True,True,True,True,1.402759746330126,1217.619669584805,67.64553719915584,18,False,True,True,,,,False,,1.470389552927999,True,
fixed_film__g4__t2,4,2,54,provenance://crystalite/outputs/final report output/mattergen_eval_fixed_film_raw_skip8_view/fixed_film__g4__t2/cifs/sample_00054.cif,True,False,True,False,1.3720234376212208,1542.0778608883868,85.67099227157705,18,False,True,True,,,,False,,1.812420579171734,True,
fixed_film__g4__t2,4,2,55,provenance://crystalite/outputs/final report output/mattergen_eval_fixed_film_raw_skip8_view/fixed_film__g4__t2/cifs/sample_00055.cif,True,False,True,False,1.4333884127626582,6915.038964854221,576.2532470711851,12,False,True,True,,,,False,,1.1980297657030026,True,
fixed_film__g4__t2,4,2,56,provenance://crystalite/outputs/final report output/mattergen_eval_fixed_film_raw_skip8_view/fixed_film__g4__t2/cifs/sample_00056.cif,True,False,True,False,1.2328146642822948,302.39886094526656,75.59971523631664,4,False,True,True,,,,False,,2.2379340481901604,True,
fixed_film__g4__t2,4,2,57,provenance://crystalite/outputs/final report output/mattergen_eval_fixed_film_raw_skip8_view/fixed_film__g4__t2/cifs/sample_00057.cif,True,True,True,True,1.3628709979679432,114.45095489884932,22.890190979769866,5,False,True,True,,,,False,,2.6805240249250044,True,
fixed_film__g4__t2,4,2,58,provenance://crystalite/outputs/final report output/mattergen_eval_fixed_film_raw_skip8_view/fixed_film__g4__t2/cifs/sample_00058.cif,True,True,True,True,1.4195705259471687,693.7043329249052,38.53912960693918,18,False,True,True,,,,False,,2.0191339406494486,True,
fixed_film__g4__t2,4,2,59,provenance://crystalite/outputs/final report output/mattergen_eval_fixed_film_raw_skip8_view/fixed_film__g4__t2/cifs/sample_00059.cif,True,False,True,False,1.1121607930984596,404.5826067529491,36.78023697754083,11,False,True,True,,,,False,,1.7308242692865674,True,
fixed_film__g4__t2,4,2,61,provenance://crystalite/outputs/final report output/mattergen_eval_fixed_film_raw_skip8_view/fixed_film__g4__t2/cifs/sample_00061.cif,True,True,True,True,1.4718934347852692,246.842220869114,17.63158720493671,14,False,True,True,,,,False,,2.6952977210184024,True,
fixed_film__g4__t2,4,2,62,provenance://crystalite/outputs/final report output/mattergen_eval_fixed_film_raw_skip8_view/fixed_film__g4__t2/cifs/sample_00062.cif,True,True,True,True,1.342962192501204,402.1122104086781,36.555655491698005,11,False,True,True,,,,False,,1.8176442171107776,True,
fixed_film__g4__t2,4,2,63,provenance://crystalite/outputs/final report output/mattergen_eval_fixed_film_raw_skip8_view/fixed_film__g4__t2/cifs/sample_00063.cif,True,True,True,True,1.4294729886609054,484.2936056213413,53.81040062459349,9,False,True,True,,,,False,,1.981466346458192,True,
fixed_film__g4__t2,4,2,64,provenance://crystalite/outputs/final report output/mattergen_eval_fixed_film_raw_skip8_view/fixed_film__g4__t2/cifs/sample_00064.cif,True,False,True,False,1.62322924838718,387.2146149735076,55.31637356764394,7,False,True,True,,,,False,,0.7920817465535098,True,
fixed_film__g4__t2,4,2,65,provenance://crystalite/outputs/final report output/mattergen_eval_fixed_film_raw_skip8_view/fixed_film__g4__t2/cifs/sample_00065.cif,True,True,True,True,1.112063914267206,209.5595837692616,34.92659729487693,6,False,True,True,,,,False,,1.8886706913965163,True,
fixed_film__g4__t2,4,2,66,provenance://crystalite/outputs/final report output/mattergen_eval_fixed_film_raw_skip8_view/fixed_film__g4__t2/cifs/sample_00066.cif,True,False,True,False,1.1120017612693298,841.1876460442785,42.059382302213926,20,False,True,True,,,,False,,2.346293611840337,True,
fixed_film__g4__t2,4,2,67,provenance://crystalite/outputs/final report output/mattergen_eval_fixed_film_raw_skip8_view/fixed_film__g4__t2/cifs/sample_00067.cif,True,True,True,True,1.5702022819140673,2823.459883974865,235.2883236645721,12,False,True,True,,,,False,,0.8996791931798525,True,
fixed_film__g4__t2,4,2,68,provenance://crystalite/outputs/final report output/mattergen_eval_fixed_film_raw_skip8_view/fixed_film__g4__t2/cifs/sample_00068.cif,True,True,True,True,1.6825744613311897,52.1700036098061,13.042500902451524,4,False,True,True,,,,False,,4.46905577801846,True,
fixed_film__g4__t2,4,2,69,provenance://crystalite/outputs/final report output/mattergen_eval_fixed_film_raw_skip8_view/fixed_film__g4__t2/cifs/sample_00069.cif,True,True,True,True,1.334221184792727,9233.57995134556,461.678997567278,20,False,True,True,,,,False,,1.3376248176747458,True,
fixed_film__g4__t2,4,2,70,provenance://crystalite/outputs/final report output/mattergen_eval_fixed_film_raw_skip8_view/fixed_film__g4__t2/cifs/sample_00070.cif,True,True,True,True,1.325877081955469,512.344529176739,28.46358495426328,18,False,True,True,,,,False,,1.924128232764093,True,
fixed_film__g4__t2,4,2,71,provenance://crystalite/outputs/final report output/mattergen_eval_fixed_film_raw_skip8_view/fixed_film__g4__t2/cifs/sample_00071.cif,True,True,True,True,1.3871411350422789,149.14177866486776,24.856963110811293,6,False,True,True,,,,False,,2.1766439584586563,True,
fixed_film__g4__t2,4,2,72,provenance://crystalite/outputs/final report output/mattergen_eval_fixed_film_raw_skip8_view/fixed_film__g4__t2/cifs/sample_00072.cif,True,True,True,True,1.2142662169817524,976.6151483236538,97.66151483236538,10,False,True,True,,,,False,,1.487386406675516,True,
fixed_film__g4__t2,4,2,73,provenance://crystalite/outputs/final report output/mattergen_eval_fixed_film_raw_skip8_view/fixed_film__g4__t2/cifs/sample_00073.cif,True,True,True,True,1.4980279941090606,658.8642012289877,41.17901257681173,16,False,True,True,,,,False,,1.0182073225580095,True,
fixed_film__g4__t2,4,2,74,provenance://crystalite/outputs/final report output/mattergen_eval_fixed_film_raw_skip8_view/fixed_film__g4__t2/cifs/sample_00074.cif,True,True,True,True,1.1359145375409665,90.88701088953202,22.721752722383005,4,False,True,True,,,,False,,1.5763691478168749,True,
fixed_film__g4__t2,4,2,75,provenance://crystalite/outputs/final report output/mattergen_eval_fixed_film_raw_skip8_view/fixed_film__g4__t2/cifs/sample_00075.cif,True,True,True,True,1.376070737950189,277.76240294879506,34.72030036859938,8,False,True,True,,,,False,,1.7389097004209957,True,
fixed_film__g4__t2,4,2,76,provenance://crystalite/outputs/final report output/mattergen_eval_fixed_film_raw_skip8_view/fixed_film__g4__t2/cifs/sample_00076.cif,True,True,True,True,6.773553963268477,660.6534365354578,330.3267182677289,2,False,True,True,,,,False,,0.5795470793356959,True,
fixed_film__g4__t2,4,2,77,provenance://crystalite/outputs/final report output/mattergen_eval_fixed_film_raw_skip8_view/fixed_film__g4__t2/cifs/sample_00077.cif,True,True,True,True,1.113513098531293,214.57046521685388,23.84116280187265,9,False,True,True,,,,False,,1.0833572366537445,True,
fixed_film__g4__t2,4,2,78,provenance://crystalite/outputs/final report output/mattergen_eval_fixed_film_raw_skip8_view/fixed_film__g4__t2/cifs/sample_00078.cif,True,True,True,True,2.0489293096652847,191.20010261299944,23.90001282662493,8,False,True,True,,,,False,,2.342844710455533,True,
fixed_film__g4__t2,4,2,79,provenance://crystalite/outputs/final report output/mattergen_eval_fixed_film_raw_skip8_view/fixed_film__g4__t2/cifs/sample_00079.cif,True,True,True,True,1.3306901447950732,1809.4109228055488,113.0881826753468,16,False,True,True,,,,False,,1.6534223731018531,True,
fixed_film__g4__t2,4,2,80,provenance://crystalite/outputs/final report output/mattergen_eval_fixed_film_raw_skip8_view/fixed_film__g4__t2/cifs/sample_00080.cif,True,True,True,True,1.1146725565432407,237.44888069769317,23.744888069769317,10,False,True,True,,,,False,,1.1001798844346704,True,
fixed_film__g4__t2,4,2,81,provenance://crystalite/outputs/final report output/mattergen_eval_fixed_film_raw_skip8_view/fixed_film__g4__t2/cifs/sample_00081.cif,True,True,True,True,1.1132655109931304,1199.7953640841793,59.98976820420896,20,False,True,True,,,,False,,2.017248147708759,True,
fixed_film__g4__t2,4,2,82,provenance://crystalite/outputs/final report output/mattergen_eval_fixed_film_raw_skip8_view/fixed_film__g4__t2/cifs/sample_00082.cif,True,True,True,True,2.0232561999591177,557.9615534440625,92.99359224067707,6,False,True,True,,,,False,,1.6129056341298105,True,
fixed_film__g4__t2,4,2,83,provenance://crystalite/outputs/final report output/mattergen_eval_fixed_film_raw_skip8_view/fixed_film__g4__t2/cifs/sample_00083.cif,True,False,True,False,1.3970139154254233,329.34331669970607,27.44527639164217,12,False,True,True,,,,False,,2.100215842197477,True,
fixed_film__g4__t2,4,2,84,provenance://crystalite/outputs/final report output/mattergen_eval_fixed_film_raw_skip8_view/fixed_film__g4__t2/cifs/sample_00084.cif,True,True,True,True,1.1143814086759336,2591.6787683695466,143.98215379830813,18,False,True,True,,,,False,,1.4415493548019649,True,
fixed_film__g4__t2,4,2,85,provenance://crystalite/outputs/final report output/mattergen_eval_fixed_film_raw_skip8_view/fixed_film__g4__t2/cifs/sample_00085.cif,True,False,True,False,1.5669592816901323,1843.151121378552,153.59592678154598,12,False,True,True,,,,False,,1.1846513538845254,True,
fixed_film__g4__t2,4,2,86,provenance://crystalite/outputs/final report output/mattergen_eval_fixed_film_raw_skip8_view/fixed_film__g4__t2/cifs/sample_00086.cif,True,True,True,True,1.1116287964980478,487.0771207708218,34.791222912201555,14,False,True,True,,,,False,,2.0451262746263983,True,
fixed_film__g4__t2,4,2,87,provenance://crystalite/outputs/final report output/mattergen_eval_fixed_film_raw_skip8_view/fixed_film__g4__t2/cifs/sample_00087.cif,True,True,True,True,1.3865651678499604,375.75961188903466,31.31330099075289,12,False,True,True,,,,False,,1.953800370901619,True,
fixed_film__g4__t2,4,2,88,provenance://crystalite/outputs/final report output/mattergen_eval_fixed_film_raw_skip8_view/fixed_film__g4__t2/cifs/sample_00088.cif,True,True,True,True,1.1118370551499357,2079.487746512816,103.9743873256408,20,False,True,True,,,,False,,1.5915709732137362,True,
fixed_film__g4__t2,4,2,89,provenance://crystalite/outputs/final report output/mattergen_eval_fixed_film_raw_skip8_view/fixed_film__g4__t2/cifs/sample_00089.cif,True,True,True,True,1.1136975886273413,602.618808734235,37.66367554588969,16,False,True,True,,,,False,,1.2392245982031638,True,
fixed_film__g4__t2,4,2,90,provenance://crystalite/outputs/final report output/mattergen_eval_fixed_film_raw_skip8_view/fixed_film__g4__t2/cifs/sample_00090.cif,True,True,True,True,1.443112895333864,311.661200575665,22.26151432683321,14,False,True,True,,,,False,,2.2670785794080923,True,
fixed_film__g4__t2,4,2,91,provenance://crystalite/outputs/final report output/mattergen_eval_fixed_film_raw_skip8_view/fixed_film__g4__t2/cifs/sample_00091.cif,True,True,True,True,2.332877780634229,49.86194317651601,16.620647725505336,3,False,True,True,,,,False,,3.704433316495825,True,
fixed_film__g4__t2,4,2,92,provenance://crystalite/outputs/final report output/mattergen_eval_fixed_film_raw_skip8_view/fixed_film__g4__t2/cifs/sample_00092.cif,True,True,True,True,1.7768126445362329,193.75220987816616,38.75044197563323,5,False,True,True,,,,False,,1.8373440551251528,True,
fixed_film__g4__t2,4,2,93,provenance://crystalite/outputs/final report output/mattergen_eval_fixed_film_raw_skip8_view/fixed_film__g4__t2/cifs/sample_00093.cif,True,True,True,True,1.5525429476691797,245.9951502207011,35.142164317243015,7,False,True,True,,,,False,,1.9201391725530728,True,
fixed_film__g4__t2,4,2,94,provenance://crystalite/outputs/final report output/mattergen_eval_fixed_film_raw_skip8_view/fixed_film__g4__t2/cifs/sample_00094.cif,True,True,True,True,1.4245543522232058,194.1953560852073,19.41953560852073,10,False,True,True,,,,False,,2.049392552867685,True,
fixed_film__g4__t2,4,2,95,provenance://crystalite/outputs/final report output/mattergen_eval_fixed_film_raw_skip8_view/fixed_film__g4__t2/cifs/sample_00095.cif,True,True,True,True,1.196970552583363,532.9561794798856,33.30976121749285,16,False,True,True,,,,False,,2.444740578744205,True,
fixed_film__g4__t2,4,2,96,provenance://crystalite/outputs/final report output/mattergen_eval_fixed_film_raw_skip8_view/fixed_film__g4__t2/cifs/sample_00096.cif,True,False,True,False,1.4454287700709467,365.2168720880476,60.86947868134126,6,False,True,True,,,,False,,1.91675976933548,True,
fixed_film__g4__t2,4,2,97,provenance://crystalite/outputs/final report output/mattergen_eval_fixed_film_raw_skip8_view/fixed_film__g4__t2/cifs/sample_00097.cif,True,False,True,False,1.4254998729729491,2234.3531466427007,117.59753403382636,19,False,True,True,,,,False,,0.9733518110213574,True,
fixed_film__g4__t2,4,2,99,provenance://crystalite/outputs/final report output/mattergen_eval_fixed_film_raw_skip8_view/fixed_film__g4__t2/cifs/sample_00099.cif,True,True,True,True,1.1118045393268152,1575.8629742267192,87.54794301259551,18,False,True,True,,,,False,,1.836811790796391,True,
fixed_film__g4__t2,4,2,100,provenance://crystalite/outputs/final report output/mattergen_eval_fixed_film_raw_skip8_view/fixed_film__g4__t2/cifs/sample_00100.cif,True,False,True,False,1.837171980180188,278.38397635283576,39.76913947897653,7,False,True,True,,,,False,,1.5559572902858267,True,
fixed_film__g4__t2,4,2,101,provenance://crystalite/outputs/final report output/mattergen_eval_fixed_film_raw_skip8_view/fixed_film__g4__t2/cifs/sample_00101.cif,True,True,True,True,1.4261697193705192,224.3021477822093,28.03776847277616,8,False,True,True,,,,False,,2.3549158077514627,True,
fixed_film__g4__t2,4,2,102,provenance://crystalite/outputs/final report output/mattergen_eval_fixed_film_raw_skip8_view/fixed_film__g4__t2/cifs/sample_00102.cif,True,True,True,True,1.433618094735283,3698.7669471601616,308.23057893001345,12,False,True,True,,,,False,,1.237213392861866,True,
fixed_film__g4__t2,4,2,103,provenance://crystalite/outputs/final report output/mattergen_eval_fixed_film_raw_skip8_view/fixed_film__g4__t2/cifs/sample_00103.cif,True,True,True,True,1.112258173316763,856.6738760618299,42.83369380309149,20,False,True,True,,,,False,,1.6436539784761954,True,
fixed_film__g4__t2,4,2,104,provenance://crystalite/outputs/final report output/mattergen_eval_fixed_film_raw_skip8_view/fixed_film__g4__t2/cifs/sample_00104.cif,True,True,True,True,1.3228991282764064,1145.8222632615789,95.48518860513155,12,False,True,True,,,,False,,1.417134125386531,True,
fixed_film__g4__t2,4,2,105,provenance://crystalite/outputs/final report output/mattergen_eval_fixed_film_raw_skip8_view/fixed_film__g4__t2/cifs/sample_00105.cif,True,True,True,True,1.3984543883495228,42.56511402491447,14.188371341638154,3,False,True,True,,,,False,,4.557778763891445,True,
fixed_film__g4__t2,4,2,106,provenance://crystalite/outputs/final report output/mattergen_eval_fixed_film_raw_skip8_view/fixed_film__g4__t2/cifs/sample_00106.cif,True,True,True,True,2.030829101040301,557.5921712609992,39.82801223292852,14,False,True,True,,,,False,,2.8652371349240653,True,
fixed_film__g4__t2,4,2,107,provenance://crystalite/outputs/final report output/mattergen_eval_fixed_film_raw_skip8_view/fixed_film__g4__t2/cifs/sample_00107.cif,True,True,True,True,1.1137111978272505,312.57280055929647,24.044061581484343,13,False,True,True,,,,False,,2.0538019101416363,True,
fixed_film__g4__t2,4,2,108,provenance://crystalite/outputs/final report output/mattergen_eval_fixed_film_raw_skip8_view/fixed_film__g4__t2/cifs/sample_00108.cif,True,True,True,True,1.3241052953950618,846.415571560043,70.53463096333691,12,False,True,True,,,,False,,2.022164053954828,True,
fixed_film__g4__t2,4,2,109,provenance://crystalite/outputs/final report output/mattergen_eval_fixed_film_raw_skip8_view/fixed_film__g4__t2/cifs/sample_00109.cif,True,True,True,True,1.4175429636660033,560.1022503849939,31.116791688055216,18,False,True,True,,,,False,,2.248942775805325,True,
fixed_film__g4__t2,4,2,110,provenance://crystalite/outputs/final report output/mattergen_eval_fixed_film_raw_skip8_view/fixed_film__g4__t2/cifs/sample_00110.cif,True,True,True,True,1.1133410076422972,396.895355327234,28.34966823765957,14,False,True,True,,,,False,,1.2411889930760482,True,
fixed_film__g4__t2,4,2,111,provenance://crystalite/outputs/final report output/mattergen_eval_fixed_film_raw_skip8_view/fixed_film__g4__t2/cifs/sample_00111.cif,True,True,True,True,1.3945888686593335,146.8676367238384,18.3584545904798,8,False,True,True,,,,False,,2.2445022903772096,True,
fixed_film__g4__t2,4,2,113,provenance://crystalite/outputs/final report output/mattergen_eval_fixed_film_raw_skip8_view/fixed_film__g4__t2/cifs/sample_00113.cif,True,True,True,True,1.9931928393148797,148.4895877985632,18.5611984748204,8,False,True,False,,,,False,,2.0975729360588096,True,
fixed_film__g4__t2,4,2,114,provenance://crystalite/outputs/final report output/mattergen_eval_fixed_film_raw_skip8_view/fixed_film__g4__t2/cifs/sample_00114.cif,True,True,True,True,1.327897434144777,344.93342197656824,24.638101569754877,14,False,True,True,,,,False,,2.4866272481183005,True,
fixed_film__g4__t2,4,2,115,provenance://crystalite/outputs/final report output/mattergen_eval_fixed_film_raw_skip8_view/fixed_film__g4__t2/cifs/sample_00115.cif,True,True,True,True,1.1159247186545405,332.253329077364,27.68777742311367,12,False,True,True,,,,False,,1.1186566829212616,True,
fixed_film__g4__t2,4,2,116,provenance://crystalite/outputs/final report output/mattergen_eval_fixed_film_raw_skip8_view/fixed_film__g4__t2/cifs/sample_00116.cif,True,True,True,True,1.576312068901547,1210.619875464445,151.32748443305562,8,False,True,True,,,,False,,1.2128081059897993,True,
fixed_film__g4__t2,4,2,117,provenance://crystalite/outputs/final report output/mattergen_eval_fixed_film_raw_skip8_view/fixed_film__g4__t2/cifs/sample_00117.cif,True,True,True,True,1.3819001334235748,1253.4748273868208,73.73381337569535,17,False,True,True,,,,False,,2.008734770906952,True,
fixed_film__g4__t2,4,2,119,provenance://crystalite/outputs/final report output/mattergen_eval_fixed_film_raw_skip8_view/fixed_film__g4__t2/cifs/sample_00119.cif,True,True,True,True,1.1128364106931163,844.916815061937,42.24584075309685,20,False,True,True,,,,False,,1.58900740487094,True,
fixed_film__g4__t2,4,2,120,provenance://crystalite/outputs/final report output/mattergen_eval_fixed_film_raw_skip8_view/fixed_film__g4__t2/cifs/sample_00120.cif,True,True,True,True,1.3904973844197033,575.0495744318496,28.75247872159248,20,False,True,True,,,,False,,1.8669481230216525,True,
fixed_film__g4__t2,4,2,121,provenance://crystalite/outputs/final report output/mattergen_eval_fixed_film_raw_skip8_view/fixed_film__g4__t2/cifs/sample_00121.cif,True,True,True,True,1.3946746298172892,1106.378640948759,85.1060493037507,13,False,True,True,,,,False,,1.8110830148742332,True,
fixed_film__g4__t2,4,2,123,provenance://crystalite/outputs/final report output/mattergen_eval_fixed_film_raw_skip8_view/fixed_film__g4__t2/cifs/sample_00123.cif,True,True,True,True,1.139987841782298,263.66444114013115,26.366444114013117,10,False,True,True,,,,False,,2.2924475666111164,True,
fixed_film__g4__t2,4,2,124,provenance://crystalite/outputs/final report output/mattergen_eval_fixed_film_raw_skip8_view/fixed_film__g4__t2/cifs/sample_00124.cif,True,False,True,False,1.1122726389877655,862.7268333747166,61.62334524105119,14,False,True,True,,,,False,,1.6451196662161998,True,
fixed_film__g4__t2,4,2,125,provenance://crystalite/outputs/final report output/mattergen_eval_fixed_film_raw_skip8_view/fixed_film__g4__t2/cifs/sample_00125.cif,True,True,True,True,0.9455706428558488,436.5547784384723,21.82773892192361,20,False,True,True,,,,False,,2.3659603458035936,True,
fixed_film__g4__t2,4,2,126,provenance://crystalite/outputs/final report output/mattergen_eval_fixed_film_raw_skip8_view/fixed_film__g4__t2/cifs/sample_00126.cif,True,True,True,True,1.112524497362792,559.6161551905783,43.04739655312141,13,False,True,True,,,,False,,2.528534791851647,True,
fixed_film__g4__t2,4,2,127,provenance://crystalite/outputs/final report output/mattergen_eval_fixed_film_raw_skip8_view/fixed_film__g4__t2/cifs/sample_00127.cif,True,False,True,False,1.1123311095575246,508.68455366722014,50.86845536672202,10,False,True,True,,,,False,,1.1952963688793228,True,
fixed_film__g4__t4,4,4,0,provenance://crystalite/outputs/final report output/mattergen_eval_fixed_film_raw_skip8_view/fixed_film__g4__t4/cifs/sample_00000.cif,True,True,True,True,1.2347892475748292,134.13289373470047,33.53322343367512,4,False,True,True,,,,False,,1.9650279345473791,True,
fixed_film__g4__t4,4,4,1,provenance://crystalite/outputs/final report output/mattergen_eval_fixed_film_raw_skip8_view/fixed_film__g4__t4/cifs/sample_00001.cif,True,True,True,True,1.247184553203086,399.51462106292297,19.97573105314615,20,False,True,True,,,,False,,2.489365685931201,True,
fixed_film__g4__t4,4,4,2,provenance://crystalite/outputs/final report output/mattergen_eval_fixed_film_raw_skip8_view/fixed_film__g4__t4/cifs/sample_00002.cif,True,True,True,True,1.5513235512484125,145.95091127911743,18.24386390988968,8,False,True,True,,,,False,,3.0060909201339103,True,
fixed_film__g4__t4,4,4,3,provenance://crystalite/outputs/final report output/mattergen_eval_fixed_film_raw_skip8_view/fixed_film__g4__t4/cifs/sample_00003.cif,True,False,True,False,1.2308334074105944,236.6571963407304,29.582149542591303,8,False,True,True,,,,False,,1.980050903010601,True,
fixed_film__g4__t4,4,4,5,provenance://crystalite/outputs/final report output/mattergen_eval_fixed_film_raw_skip8_view/fixed_film__g4__t4/cifs/sample_00005.cif,True,False,True,False,1.2153829819667634,278.7274051571718,17.420462822323238,16,False,True,True,,,,False,,3.0055744537526388,True,
fixed_film__g4__t4,4,4,6,provenance://crystalite/outputs/final report output/mattergen_eval_fixed_film_raw_skip8_view/fixed_film__g4__t4/cifs/sample_00006.cif,True,True,True,True,1.2333522605313394,256.55391001466234,32.06923875183279,8,False,True,True,,,,False,,1.7389598899643115,True,
fixed_film__g4__t4,4,4,7,provenance://crystalite/outputs/final report output/mattergen_eval_fixed_film_raw_skip8_view/fixed_film__g4__t4/cifs/sample_00007.cif,True,True,True,True,1.2562555864084233,285.7669085757688,20.411922041126346,14,False,True,True,,,,False,,2.3802573306492487,True,
fixed_film__g4__t4,4,4,8,provenance://crystalite/outputs/final report output/mattergen_eval_fixed_film_raw_skip8_view/fixed_film__g4__t4/cifs/sample_00008.cif,True,True,True,True,1.2411508162135034,276.5866843465993,23.04889036221661,12,False,True,True,,,,False,,2.060675453803756,True,
fixed_film__g4__t4,4,4,9,provenance://crystalite/outputs/final report output/mattergen_eval_fixed_film_raw_skip8_view/fixed_film__g4__t4/cifs/sample_00009.cif,True,True,True,True,1.2338496783025614,310.6342841848167,38.82928552310209,8,False,True,True,,,,False,,1.674600027833949,True,
fixed_film__g4__t4,4,4,10,provenance://crystalite/outputs/final report output/mattergen_eval_fixed_film_raw_skip8_view/fixed_film__g4__t4/cifs/sample_00010.cif,True,True,True,True,1.2347415933757333,367.770959102936,30.647579925244667,12,False,True,True,,,,False,,1.8016764826944425,True,
fixed_film__g4__t4,4,4,12,provenance://crystalite/outputs/final report output/mattergen_eval_fixed_film_raw_skip8_view/fixed_film__g4__t4/cifs/sample_00012.cif,True,False,True,False,1.3074048155878806,238.58857397326807,23.85885739732681,10,False,True,True,,,,False,,2.5639241446719208,True,
fixed_film__g4__t4,4,4,13,provenance://crystalite/outputs/final report output/mattergen_eval_fixed_film_raw_skip8_view/fixed_film__g4__t4/cifs/sample_00013.cif,True,False,True,False,1.1430324031020902,701.9340090727856,58.49450075606546,12,False,True,True,,,,False,,1.7899657437887466,True,
fixed_film__g4__t4,4,4,14,provenance://crystalite/outputs/final report output/mattergen_eval_fixed_film_raw_skip8_view/fixed_film__g4__t4/cifs/sample_00014.cif,True,True,True,True,1.4013506505361832,242.0873084309374,20.173942369244784,12,False,True,True,,,,False,,2.3715893852568417,True,
fixed_film__g4__t4,4,4,15,provenance://crystalite/outputs/final report output/mattergen_eval_fixed_film_raw_skip8_view/fixed_film__g4__t4/cifs/sample_00015.cif,True,True,True,True,1.2831719430778317,109.88805447641424,36.629351492138085,3,False,True,True,,,,False,,1.8427945804054164,True,
fixed_film__g4__t4,4,4,16,provenance://crystalite/outputs/final report output/mattergen_eval_fixed_film_raw_skip8_view/fixed_film__g4__t4/cifs/sample_00016.cif,True,True,True,True,0.9681374703635206,291.7522112149461,16.208456178608117,18,False,True,True,,,,False,,2.2142415867866667,True,
fixed_film__g4__t4,4,4,17,provenance://crystalite/outputs/final report output/mattergen_eval_fixed_film_raw_skip8_view/fixed_film__g4__t4/cifs/sample_00017.cif,True,True,True,True,1.2397302900195104,132.1296524945797,16.51620656182246,8,False,True,True,,,,False,,3.8162258485738296,True,
fixed_film__g4__t4,4,4,18,provenance://crystalite/outputs/final report output/mattergen_eval_fixed_film_raw_skip8_view/fixed_film__g4__t4/cifs/sample_00018.cif,True,False,True,False,3.3680862806038583,104.1754885557414,52.0877442778707,2,False,True,True,,,,False,,2.847734526673225,True,
fixed_film__g4__t4,4,4,19,provenance://crystalite/outputs/final report output/mattergen_eval_fixed_film_raw_skip8_view/fixed_film__g4__t4/cifs/sample_00019.cif,True,True,True,True,2.1193253035932504,170.4087276456222,17.04087276456222,10,False,True,True,,,,False,,7.6560596071782685,True,
fixed_film__g4__t4,4,4,20,provenance://crystalite/outputs/final report output/mattergen_eval_fixed_film_raw_skip8_view/fixed_film__g4__t4/cifs/sample_00020.cif,True,False,True,False,2.203949215036414,94.38237153370956,18.876474306741912,5,False,True,True,,,,False,,6.489503692811613,True,
fixed_film__g4__t4,4,4,21,provenance://crystalite/outputs/final report output/mattergen_eval_fixed_film_raw_skip8_view/fixed_film__g4__t4/cifs/sample_00021.cif,True,True,True,True,1.2332085556955743,575.6180808393824,28.78090404196912,20,False,True,True,,,,False,,2.014710913781354,True,
fixed_film__g4__t4,4,4,22,provenance://crystalite/outputs/final report output/mattergen_eval_fixed_film_raw_skip8_view/fixed_film__g4__t4/cifs/sample_00022.cif,True,True,True,True,1.2416049825539084,421.6881260038896,30.12058042884926,14,False,True,True,,,,False,,2.290364646889696,True,
fixed_film__g4__t4,4,4,24,provenance://crystalite/outputs/final report output/mattergen_eval_fixed_film_raw_skip8_view/fixed_film__g4__t4/cifs/sample_00024.cif,True,True,True,True,2.04366788472359,396.36323655712175,39.636323655712175,10,False,True,True,,,,False,,3.338202565036932,True,
fixed_film__g4__t4,4,4,25,provenance://crystalite/outputs/final report output/mattergen_eval_fixed_film_raw_skip8_view/fixed_film__g4__t4/cifs/sample_00025.cif,True,True,True,True,1.4362092406062217,554.3595601983158,34.647472512394735,16,False,True,True,,,,False,,2.1176946472465974,True,
fixed_film__g4__t4,4,4,26,provenance://crystalite/outputs/final report output/mattergen_eval_fixed_film_raw_skip8_view/fixed_film__g4__t4/cifs/sample_00026.cif,True,True,True,True,1.2253658688477744,559.0812448350383,27.95406224175192,20,False,True,True,,,,False,,2.445785788014175,True,
fixed_film__g4__t4,4,4,27,provenance://crystalite/outputs/final report output/mattergen_eval_fixed_film_raw_skip8_view/fixed_film__g4__t4/cifs/sample_00027.cif,True,False,True,False,1.2789503210493895,152.5617221566538,19.070215269581723,8,False,True,True,,,,False,,2.4156033673734254,True,
fixed_film__g4__t4,4,4,28,provenance://crystalite/outputs/final report output/mattergen_eval_fixed_film_raw_skip8_view/fixed_film__g4__t4/cifs/sample_00028.cif,True,True,True,True,1.4108379402764764,291.863232688253,18.24145204301581,16,False,True,True,,,,False,,2.383049923608304,True,
fixed_film__g4__t4,4,4,29,provenance://crystalite/outputs/final report output/mattergen_eval_fixed_film_raw_skip8_view/fixed_film__g4__t4/cifs/sample_00029.cif,True,True,True,True,1.2672936472127336,241.5133356291215,15.094583476820096,16,False,True,True,,,,False,,2.0189693073452712,True,
fixed_film__g4__t4,4,4,30,provenance://crystalite/outputs/final report output/mattergen_eval_fixed_film_raw_skip8_view/fixed_film__g4__t4/cifs/sample_00030.cif,True,True,True,True,0.9776598924247542,262.4796071223976,16.40497544514985,16,False,True,True,,,,False,,2.38661023247199,True,
fixed_film__g4__t4,4,4,31,provenance://crystalite/outputs/final report output/mattergen_eval_fixed_film_raw_skip8_view/fixed_film__g4__t4/cifs/sample_00031.cif,True,False,True,False,1.2134129783785883,184.5125075365844,36.90250150731687,5,False,True,True,,,,False,,1.7643222779061525,True,
fixed_film__g4__t4,4,4,32,provenance://crystalite/outputs/final report output/mattergen_eval_fixed_film_raw_skip8_view/fixed_film__g4__t4/cifs/sample_00032.cif,True,False,True,False,1.2269411423101486,873.1169606670148,48.50649781483416,18,False,True,True,,,,False,,1.831677043881,True,
fixed_film__g4__t4,4,4,33,provenance://crystalite/outputs/final report output/mattergen_eval_fixed_film_raw_skip8_view/fixed_film__g4__t4/cifs/sample_00033.cif,True,False,True,False,1.7759693370684784,372.8132159312245,31.067767994268703,12,False,True,True,,,,False,,2.0869941228328286,True,
fixed_film__g4__t4,4,4,34,provenance://crystalite/outputs/final report output/mattergen_eval_fixed_film_raw_skip8_view/fixed_film__g4__t4/cifs/sample_00034.cif,True,False,True,False,1.2310175616340742,446.00417247422695,34.30801326724823,13,False,True,True,,,,False,,1.8476768448443888,True,
fixed_film__g4__t4,4,4,35,provenance://crystalite/outputs/final report output/mattergen_eval_fixed_film_raw_skip8_view/fixed_film__g4__t4/cifs/sample_00035.cif,True,True,True,True,1.2348529001303592,329.73683559035305,47.10526222719329,7,False,True,True,,,,False,,2.043765158388175,True,
fixed_film__g4__t4,4,4,36,provenance://crystalite/outputs/final report output/mattergen_eval_fixed_film_raw_skip8_view/fixed_film__g4__t4/cifs/sample_00036.cif,True,False,True,False,1.223178226331754,588.6490564091854,32.702725356065855,18,False,True,True,,,,False,,2.1625248722255783,True,
fixed_film__g4__t4,4,4,37,provenance://crystalite/outputs/final report output/mattergen_eval_fixed_film_raw_skip8_view/fixed_film__g4__t4/cifs/sample_00037.cif,True,True,True,True,1.3175914462370408,385.9931856344122,24.124574102150767,16,False,True,True,,,,False,,2.2628741175471005,True,
fixed_film__g4__t4,4,4,38,provenance://crystalite/outputs/final report output/mattergen_eval_fixed_film_raw_skip8_view/fixed_film__g4__t4/cifs/sample_00038.cif,True,True,True,True,1.4658369383093637,228.1118551134716,19.00932125945597,12,False,True,True,,,,False,,2.405129328072738,True,
fixed_film__g4__t4,4,4,40,provenance://crystalite/outputs/final report output/mattergen_eval_fixed_film_raw_skip8_view/fixed_film__g4__t4/cifs/sample_00040.cif,True,True,True,True,3.332321581209845,76.4275460021779,38.21377300108895,2,False,True,False,,,,False,,2.253858271024066,True,
fixed_film__g4__t4,4,4,41,provenance://crystalite/outputs/final report output/mattergen_eval_fixed_film_raw_skip8_view/fixed_film__g4__t4/cifs/sample_00041.cif,True,True,True,True,1.232917672797208,192.93061954187917,38.58612390837583,5,False,True,True,,,,False,,2.029000451260545,True,
fixed_film__g4__t4,4,4,42,provenance://crystalite/outputs/final report output/mattergen_eval_fixed_film_raw_skip8_view/fixed_film__g4__t4/cifs/sample_00042.cif,True,True,True,True,1.5235469435956177,212.54248815339403,13.283905509587129,16,False,True,True,,,,False,,3.663276938460592,True,
fixed_film__g4__t4,4,4,43,provenance://crystalite/outputs/final report output/mattergen_eval_fixed_film_raw_skip8_view/fixed_film__g4__t4/cifs/sample_00043.cif,True,True,True,True,1.2331254407651415,321.9521748457369,32.19521748457369,10,False,True,True,,,,False,,1.7961026259023634,True,
fixed_film__g4__t4,4,4,44,provenance://crystalite/outputs/final report output/mattergen_eval_fixed_film_raw_skip8_view/fixed_film__g4__t4/cifs/sample_00044.cif,True,True,True,True,1.3641850081423152,279.81766774331794,27.981766774331795,10,False,True,True,,,,False,,2.268938140427251,True,
fixed_film__g4__t4,4,4,45,provenance://crystalite/outputs/final report output/mattergen_eval_fixed_film_raw_skip8_view/fixed_film__g4__t4/cifs/sample_00045.cif,True,True,True,True,1.2305613300380729,189.97171524794652,31.661952541324425,6,False,True,True,,,,False,,2.0191602646496056,True,
fixed_film__g4__t4,4,4,46,provenance://crystalite/outputs/final report output/mattergen_eval_fixed_film_raw_skip8_view/fixed_film__g4__t4/cifs/sample_00046.cif,True,False,True,False,1.222590436094777,423.4280249636718,38.49345681487926,11,False,True,True,,,,False,,1.927930006816646,True,
fixed_film__g4__t4,4,4,47,provenance://crystalite/outputs/final report output/mattergen_eval_fixed_film_raw_skip8_view/fixed_film__g4__t4/cifs/sample_00047.cif,True,True,True,True,1.5660463343723412,343.2026284573668,28.60021903811389,12,False,True,True,,,,False,,3.7744000913974816,True,
fixed_film__g4__t4,4,4,48,provenance://crystalite/outputs/final report output/mattergen_eval_fixed_film_raw_skip8_view/fixed_film__g4__t4/cifs/sample_00048.cif,True,True,True,True,1.3626565943104805,141.17324236374122,17.646655295467653,8,False,True,True,,,,False,,2.034021245986967,True,
fixed_film__g4__t4,4,4,49,provenance://crystalite/outputs/final report output/mattergen_eval_fixed_film_raw_skip8_view/fixed_film__g4__t4/cifs/sample_00049.cif,True,False,True,False,1.2297510615369898,787.9503303106745,98.49379128883432,8,False,True,True,,,,False,,1.6047752446251662,True,
fixed_film__g4__t4,4,4,50,provenance://crystalite/outputs/final report output/mattergen_eval_fixed_film_raw_skip8_view/fixed_film__g4__t4/cifs/sample_00050.cif,True,True,True,True,1.2315726897973664,526.4523678310392,43.8710306525866,12,False,True,True,,,,False,,1.7404506535357134,True,
fixed_film__g4__t4,4,4,51,provenance://crystalite/outputs/final report output/mattergen_eval_fixed_film_raw_skip8_view/fixed_film__g4__t4/cifs/sample_00051.cif,True,True,True,True,1.325917525219334,134.14059446355603,14.90451049595067,9,False,True,True,,,,False,,3.346518856720436,True,
fixed_film__g4__t4,4,4,52,provenance://crystalite/outputs/final report output/mattergen_eval_fixed_film_raw_skip8_view/fixed_film__g4__t4/cifs/sample_00052.cif,True,True,True,True,1.2329636997117224,192.62180100255503,17.511072818414096,11,False,True,True,,,,False,,2.820722188459399,True,
fixed_film__g4__t4,4,4,53,provenance://crystalite/outputs/final report output/mattergen_eval_fixed_film_raw_skip8_view/fixed_film__g4__t4/cifs/sample_00053.cif,True,True,True,True,1.2878776630727726,839.53942405537,46.64107911418722,18,False,True,True,,,,False,,2.12008287463385,True,
fixed_film__g4__t4,4,4,54,provenance://crystalite/outputs/final report output/mattergen_eval_fixed_film_raw_skip8_view/fixed_film__g4__t4/cifs/sample_00054.cif,True,True,True,True,1.3353740386939084,203.25762317030663,11.292090176128148,18,False,True,True,,,,False,,2.761987483472906,True,
fixed_film__g4__t4,4,4,55,provenance://crystalite/outputs/final report output/mattergen_eval_fixed_film_raw_skip8_view/fixed_film__g4__t4/cifs/sample_00055.cif,True,True,True,True,1.523734159839295,386.8876318148301,32.240635984569174,12,False,True,True,,,,False,,2.3268630153532537,True,
fixed_film__g4__t4,4,4,56,provenance://crystalite/outputs/final report output/mattergen_eval_fixed_film_raw_skip8_view/fixed_film__g4__t4/cifs/sample_00056.cif,True,True,True,True,2.356954749028185,80.99323820179212,20.24830955044803,4,False,True,True,,,,False,,5.826913298715748,True,
fixed_film__g4__t4,4,4,57,provenance://crystalite/outputs/final report output/mattergen_eval_fixed_film_raw_skip8_view/fixed_film__g4__t4/cifs/sample_00057.cif,True,True,True,True,2.0642700574454125,74.52413585547342,14.904827171094684,5,False,True,True,,,,False,,5.479177827343777,True,
fixed_film__g4__t4,4,4,58,provenance://crystalite/outputs/final report output/mattergen_eval_fixed_film_raw_skip8_view/fixed_film__g4__t4/cifs/sample_00058.cif,True,False,True,False,1.237021921661663,454.9324228287338,25.274023490485213,18,False,True,True,,,,False,,2.293235861144656,True,
fixed_film__g4__t4,4,4,59,provenance://crystalite/outputs/final report output/mattergen_eval_fixed_film_raw_skip8_view/fixed_film__g4__t4/cifs/sample_00059.cif,True,True,True,True,0.9701393846311444,138.18414154364012,12.562194685785466,11,False,True,True,,,,False,,2.741729613670973,True,
fixed_film__g4__t4,4,4,60,provenance://crystalite/outputs/final report output/mattergen_eval_fixed_film_raw_skip8_view/fixed_film__g4__t4/cifs/sample_00060.cif,True,False,True,False,1.4670977137227947,76.85612807396382,19.214032018490958,4,False,True,True,,,,False,,3.4524790899352844,True,
fixed_film__g4__t4,4,4,61,provenance://crystalite/outputs/final report output/mattergen_eval_fixed_film_raw_skip8_view/fixed_film__g4__t4/cifs/sample_00061.cif,True,True,True,True,1.1899858817857625,215.1835985744549,15.370257041032492,14,False,True,True,,,,False,,2.940674388206118,True,
fixed_film__g4__t4,4,4,62,provenance://crystalite/outputs/final report output/mattergen_eval_fixed_film_raw_skip8_view/fixed_film__g4__t4/cifs/sample_00062.cif,True,True,True,True,1.234425349184502,313.4917029754115,28.499245725037408,11,False,True,True,,,,False,,1.960913361551815,True,
fixed_film__g4__t4,4,4,63,provenance://crystalite/outputs/final report output/mattergen_eval_fixed_film_raw_skip8_view/fixed_film__g4__t4/cifs/sample_00063.cif,True,True,True,True,1.4567480900555998,157.95817437268278,17.55090826363142,9,False,True,True,,,,False,,2.700278892163288,True,
fixed_film__g4__t4,4,4,64,provenance://crystalite/outputs/final report output/mattergen_eval_fixed_film_raw_skip8_view/fixed_film__g4__t4/cifs/sample_00064.cif,True,False,True,False,1.3394733231348506,131.3190210137183,18.7598601448169,7,False,True,True,,,,False,,2.7970711166839224,True,
fixed_film__g4__t4,4,4,65,provenance://crystalite/outputs/final report output/mattergen_eval_fixed_film_raw_skip8_view/fixed_film__g4__t4/cifs/sample_00065.cif,True,True,True,True,0.7038197069194532,72.39487363779207,12.065812272965346,6,False,True,True,,,,False,,2.876772572407312,True,
fixed_film__g4__t4,4,4,66,provenance://crystalite/outputs/final report output/mattergen_eval_fixed_film_raw_skip8_view/fixed_film__g4__t4/cifs/sample_00066.cif,True,True,True,True,1.2354367359865106,690.5490411068383,34.52745205534192,20,False,True,True,,,,False,,2.034154459957404,True,
fixed_film__g4__t4,4,4,67,provenance://crystalite/outputs/final report output/mattergen_eval_fixed_film_raw_skip8_view/fixed_film__g4__t4/cifs/sample_00067.cif,True,True,True,True,1.2334895753925903,466.2645759428781,38.85538132857317,12,False,True,True,,,,False,,1.783641502079535,True,
fixed_film__g4__t4,4,4,68,provenance://crystalite/outputs/final report output/mattergen_eval_fixed_film_raw_skip8_view/fixed_film__g4__t4/cifs/sample_00068.cif,True,True,True,True,1.4601071441174258,96.970087863417,24.242521965854248,4,False,True,True,,,,False,,2.721235470260396,True,
fixed_film__g4__t4,4,4,69,provenance://crystalite/outputs/final report output/mattergen_eval_fixed_film_raw_skip8_view/fixed_film__g4__t4/cifs/sample_00069.cif,True,True,True,True,1.4668875899232634,290.66476972191634,14.533238486095817,20,False,True,True,,,,False,,2.7299021439886992,True,
fixed_film__g4__t4,4,4,70,provenance://crystalite/outputs/final report output/mattergen_eval_fixed_film_raw_skip8_view/fixed_film__g4__t4/cifs/sample_00070.cif,True,False,True,False,1.4752089847904573,386.0049343188283,21.44471857326824,18,False,True,True,,,,False,,2.588013027291095,True,
fixed_film__g4__t4,4,4,71,provenance://crystalite/outputs/final report output/mattergen_eval_fixed_film_raw_skip8_view/fixed_film__g4__t4/cifs/sample_00071.cif,True,True,True,True,1.2330827068104588,191.16921672111917,31.861536120186525,6,False,True,True,,,,False,,1.9895880085476376,True,
fixed_film__g4__t4,4,4,72,provenance://crystalite/outputs/final report output/mattergen_eval_fixed_film_raw_skip8_view/fixed_film__g4__t4/cifs/sample_00072.cif,True,True,True,True,1.2302076265789412,301.9635180968328,30.19635180968328,10,False,True,True,,,,False,,2.249680499010163,True,
fixed_film__g4__t4,4,4,73,provenance://crystalite/outputs/final report output/mattergen_eval_fixed_film_raw_skip8_view/fixed_film__g4__t4/cifs/sample_00073.cif,True,True,True,True,1.237052179020057,500.5178718730514,31.28236699206571,16,False,True,True,,,,False,,1.5953481042005622,True,
fixed_film__g4__t4,4,4,74,provenance://crystalite/outputs/final report output/mattergen_eval_fixed_film_raw_skip8_view/fixed_film__g4__t4/cifs/sample_00074.cif,True,True,True,True,1.6528048907666857,28.002180467459635,7.000545116864909,4,False,True,True,,,,False,,2.700794040409138,True,
fixed_film__g4__t4,4,4,75,provenance://crystalite/outputs/final report output/mattergen_eval_fixed_film_raw_skip8_view/fixed_film__g4__t4/cifs/sample_00075.cif,True,False,True,False,1.256032100404989,141.08983837219785,17.63622979652473,8,False,True,True,,,,False,,2.492434545953266,True,
fixed_film__g4__t4,4,4,76,provenance://crystalite/outputs/final report output/mattergen_eval_fixed_film_raw_skip8_view/fixed_film__g4__t4/cifs/sample_00076.cif,True,True,True,True,4.173182174447568,52.91032288703285,26.455161443516424,2,False,True,True,,,,False,,2.1702978812529508,True,
fixed_film__g4__t4,4,4,77,provenance://crystalite/outputs/final report output/mattergen_eval_fixed_film_raw_skip8_view/fixed_film__g4__t4/cifs/sample_00077.cif,True,True,True,True,1.16221982948297,144.6939417627119,16.07710464030132,9,False,True,True,,,,False,,2.4284587869656016,True,
fixed_film__g4__t4,4,4,78,provenance://crystalite/outputs/final report output/mattergen_eval_fixed_film_raw_skip8_view/fixed_film__g4__t4/cifs/sample_00078.cif,True,True,True,True,1.2340338575617555,120.47803749497884,15.059754686872354,8,False,True,True,,,,False,,3.7480176034048895,True,
fixed_film__g4__t4,4,4,79,provenance://crystalite/outputs/final report output/mattergen_eval_fixed_film_raw_skip8_view/fixed_film__g4__t4/cifs/sample_00079.cif,True,False,True,False,1.2328554508180891,538.8749609070509,33.67968505669068,16,False,True,True,,,,False,,2.560249938578927,True,
fixed_film__g4__t4,4,4,80,provenance://crystalite/outputs/final report output/mattergen_eval_fixed_film_raw_skip8_view/fixed_film__g4__t4/cifs/sample_00080.cif,True,False,True,False,1.2273402434678096,383.0315943659885,38.30315943659885,10,False,True,True,,,,False,,2.099517661202729,True,
fixed_film__g4__t4,4,4,81,provenance://crystalite/outputs/final report output/mattergen_eval_fixed_film_raw_skip8_view/fixed_film__g4__t4/cifs/sample_00081.cif,True,False,True,False,1.2284921048326398,808.7481719700137,40.43740859850068,20,False,True,True,,,,False,,2.22599021428453,True,
fixed_film__g4__t4,4,4,82,provenance://crystalite/outputs/final report output/mattergen_eval_fixed_film_raw_skip8_view/fixed_film__g4__t4/cifs/sample_00082.cif,True,False,True,False,1.2328810269206,174.12567512424926,29.020945854041543,6,False,True,True,,,,False,,2.485479103049105,True,
fixed_film__g4__t4,4,4,83,provenance://crystalite/outputs/final report output/mattergen_eval_fixed_film_raw_skip8_view/fixed_film__g4__t4/cifs/sample_00083.cif,True,False,True,False,0.9918075536457742,181.0971557793152,15.091429648276266,12,False,True,True,,,,False,,2.456027312812404,True,
fixed_film__g4__t4,4,4,84,provenance://crystalite/outputs/final report output/mattergen_eval_fixed_film_raw_skip8_view/fixed_film__g4__t4/cifs/sample_00084.cif,True,False,True,False,1.233732902712096,493.2856505268358,27.40475836260199,18,False,True,True,,,,False,,2.423286834790792,True,
fixed_film__g4__t4,4,4,85,provenance://crystalite/outputs/final report output/mattergen_eval_fixed_film_raw_skip8_view/fixed_film__g4__t4/cifs/sample_00085.cif,True,True,True,True,1.2836831849002357,205.9298297713511,17.160819147612592,12,False,True,True,,,,False,,2.4674104824626903,True,
fixed_film__g4__t4,4,4,86,provenance://crystalite/outputs/final report output/mattergen_eval_fixed_film_raw_skip8_view/fixed_film__g4__t4/cifs/sample_00086.cif,True,True,True,True,1.5064267258970845,230.38275539898268,16.455911099927334,14,False,True,True,,,,False,,2.7030203713685714,True,
fixed_film__g4__t4,4,4,87,provenance://crystalite/outputs/final report output/mattergen_eval_fixed_film_raw_skip8_view/fixed_film__g4__t4/cifs/sample_00087.cif,True,True,True,True,1.3588253589911734,187.0517153553138,15.58764294627615,12,False,True,True,,,,False,,2.193804640261253,True,
fixed_film__g4__t4,4,4,88,provenance://crystalite/outputs/final report output/mattergen_eval_fixed_film_raw_skip8_view/fixed_film__g4__t4/cifs/sample_00088.cif,True,False,True,False,1.211479971415232,689.5949523028222,34.47974761514111,20,False,True,True,,,,False,,2.140787315254105,True,
fixed_film__g4__t4,4,4,89,provenance://crystalite/outputs/final report output/mattergen_eval_fixed_film_raw_skip8_view/fixed_film__g4__t4/cifs/sample_00089.cif,True,False,True,False,1.1945628215942885,526.051781389548,32.87823633684675,16,False,True,True,,,,False,,1.9020524458823376,True,
fixed_film__g4__t4,4,4,90,provenance://crystalite/outputs/final report output/mattergen_eval_fixed_film_raw_skip8_view/fixed_film__g4__t4/cifs/sample_00090.cif,True,False,True,False,1.231405480109593,512.3672313067465,36.59765937905332,14,False,True,True,,,,False,,1.948235036430784,True,
fixed_film__g4__t4,4,4,91,provenance://crystalite/outputs/final report output/mattergen_eval_fixed_film_raw_skip8_view/fixed_film__g4__t4/cifs/sample_00091.cif,True,False,True,False,1.759406706341588,62.24837780225394,20.74945926741798,3,False,True,True,,,,False,,5.8814815676553245,True,
fixed_film__g4__t4,4,4,92,provenance://crystalite/outputs/final report output/mattergen_eval_fixed_film_raw_skip8_view/fixed_film__g4__t4/cifs/sample_00092.cif,True,False,True,False,0.9845612796594624,56.50369462315375,11.30073892463075,5,False,True,True,,,,False,,3.222924298997384,True,
fixed_film__g4__t4,4,4,93,provenance://crystalite/outputs/final report output/mattergen_eval_fixed_film_raw_skip8_view/fixed_film__g4__t4/cifs/sample_00093.cif,True,False,True,False,0.9911129476194624,86.32997937534087,12.332854196477268,7,False,True,True,,,,False,,2.0112444541439025,True,
fixed_film__g4__t4,4,4,94,provenance://crystalite/outputs/final report output/mattergen_eval_fixed_film_raw_skip8_view/fixed_film__g4__t4/cifs/sample_00094.cif,True,True,True,True,1.448450507797798,162.84579720124174,16.284579720124174,10,False,True,True,,,,False,,3.7285994634805344,True,
fixed_film__g4__t4,4,4,95,provenance://crystalite/outputs/final report output/mattergen_eval_fixed_film_raw_skip8_view/fixed_film__g4__t4/cifs/sample_00095.cif,True,True,True,True,1.2484310549811062,345.5811880386741,21.59882425241713,16,False,True,True,,,,False,,2.138233583396837,True,
fixed_film__g4__t4,4,4,96,provenance://crystalite/outputs/final report output/mattergen_eval_fixed_film_raw_skip8_view/fixed_film__g4__t4/cifs/sample_00096.cif,True,True,True,True,1.286349731146036,210.3717124669081,35.06195207781801,6,False,True,True,,,,False,,1.7216224008838388,True,
fixed_film__g4__t4,4,4,97,provenance://crystalite/outputs/final report output/mattergen_eval_fixed_film_raw_skip8_view/fixed_film__g4__t4/cifs/sample_00097.cif,True,True,True,True,1.2305709861625345,494.9276099279176,26.04882157515356,19,False,True,True,,,,False,,2.2366883424476622,True,
fixed_film__g4__t4,4,4,98,provenance://crystalite/outputs/final report output/mattergen_eval_fixed_film_raw_skip8_view/fixed_film__g4__t4/cifs/sample_00098.cif,True,True,True,True,1.2227616443397111,735.7987518982843,40.877708438793576,18,False,True,True,,,,False,,1.7678030909078255,True,
fixed_film__g4__t4,4,4,99,provenance://crystalite/outputs/final report output/mattergen_eval_fixed_film_raw_skip8_view/fixed_film__g4__t4/cifs/sample_00099.cif,True,True,True,True,1.4538450629176705,467.1558409993731,25.95310227774295,18,False,True,True,,,,False,,1.896189209438225,True,
fixed_film__g4__t4,4,4,100,provenance://crystalite/outputs/final report output/mattergen_eval_fixed_film_raw_skip8_view/fixed_film__g4__t4/cifs/sample_00100.cif,True,True,True,True,1.3310837862175189,126.1471915570062,18.0210273652866,7,False,True,True,,,,False,,3.158019307667172,True,
fixed_film__g4__t4,4,4,101,provenance://crystalite/outputs/final report output/mattergen_eval_fixed_film_raw_skip8_view/fixed_film__g4__t4/cifs/sample_00101.cif,True,True,True,True,1.7731304390302112,181.13930165714265,22.642412707142828,8,False,True,True,,,,False,,4.192624201304205,True,
fixed_film__g4__t4,4,4,102,provenance://crystalite/outputs/final report output/mattergen_eval_fixed_film_raw_skip8_view/fixed_film__g4__t4/cifs/sample_00102.cif,True,True,True,True,1.2250230569180416,535.5144180891792,44.6262015074316,12,False,True,True,,,,False,,1.8675821321530848,True,
fixed_film__g4__t4,4,4,103,provenance://crystalite/outputs/final report output/mattergen_eval_fixed_film_raw_skip8_view/fixed_film__g4__t4/cifs/sample_00103.cif,True,True,True,True,1.229816042717117,780.0374044087192,39.00187022043596,20,False,True,True,,,,False,,1.986557214685287,True,
fixed_film__g4__t4,4,4,104,provenance://crystalite/outputs/final report output/mattergen_eval_fixed_film_raw_skip8_view/fixed_film__g4__t4/cifs/sample_00104.cif,True,True,True,True,1.2306732461436154,410.20443228574896,34.18370269047908,12,False,True,True,,,,False,,3.169146194522854,True,
fixed_film__g4__t4,4,4,105,provenance://crystalite/outputs/final report output/mattergen_eval_fixed_film_raw_skip8_view/fixed_film__g4__t4/cifs/sample_00105.cif,True,True,True,True,1.286139094076505,94.86936922288814,31.623123074296046,3,False,True,True,,,,False,,1.8350770398572476,True,
fixed_film__g4__t4,4,4,106,provenance://crystalite/outputs/final report output/mattergen_eval_fixed_film_raw_skip8_view/fixed_film__g4__t4/cifs/sample_00106.cif,True,True,True,True,1.8295918356430136,720.3247682424437,51.45176916017455,14,False,True,True,,,,False,,2.7240656721396395,True,
fixed_film__g4__t4,4,4,107,provenance://crystalite/outputs/final report output/mattergen_eval_fixed_film_raw_skip8_view/fixed_film__g4__t4/cifs/sample_00107.cif,True,False,True,False,2.4458047718869333,352.56997856649315,27.12076758203793,13,False,True,True,,,,False,,4.125034558842426,True,
fixed_film__g4__t4,4,4,108,provenance://crystalite/outputs/final report output/mattergen_eval_fixed_film_raw_skip8_view/fixed_film__g4__t4/cifs/sample_00108.cif,True,True,True,True,1.2265995964285947,286.9653616893958,23.913780140782983,12,False,True,True,,,,False,,2.2517148863260465,True,
fixed_film__g4__t4,4,4,109,provenance://crystalite/outputs/final report output/mattergen_eval_fixed_film_raw_skip8_view/fixed_film__g4__t4/cifs/sample_00109.cif,True,True,True,True,1.2326891369455169,524.0905543483741,29.116141908243005,18,False,True,True,,,,False,,2.6221994263523225,True,
fixed_film__g4__t4,4,4,110,provenance://crystalite/outputs/final report output/mattergen_eval_fixed_film_raw_skip8_view/fixed_film__g4__t4/cifs/sample_00110.cif,True,True,True,True,1.3552347472790696,331.5670073562914,23.68335766830653,14,False,True,True,,,,False,,2.106446468793977,True,
fixed_film__g4__t4,4,4,111,provenance://crystalite/outputs/final report output/mattergen_eval_fixed_film_raw_skip8_view/fixed_film__g4__t4/cifs/sample_00111.cif,True,True,True,True,0.9753591860274072,122.78944888671562,15.348681110839452,8,False,True,True,,,,False,,3.433475727958166,True,
fixed_film__g4__t4,4,4,112,provenance://crystalite/outputs/final report output/mattergen_eval_fixed_film_raw_skip8_view/fixed_film__g4__t4/cifs/sample_00112.cif,True,False,True,False,1.5264210746273403,47.49908036123149,9.4998160722463,5,False,True,True,,,,False,,2.7677288270138902,True,
fixed_film__g4__t4,4,4,113,provenance://crystalite/outputs/final report output/mattergen_eval_fixed_film_raw_skip8_view/fixed_film__g4__t4/cifs/sample_00113.cif,True,False,True,False,1.2442869484469463,155.44452352959632,19.43056544119954,8,False,True,True,,,,False,,2.224200839345534,True,
fixed_film__g4__t4,4,4,114,provenance://crystalite/outputs/final report output/mattergen_eval_fixed_film_raw_skip8_view/fixed_film__g4__t4/cifs/sample_00114.cif,True,True,True,True,1.424517816004755,218.32706157533485,15.59479011252392,14,False,True,True,,,,False,,2.6196357170037228,True,
fixed_film__g4__t4,4,4,115,provenance://crystalite/outputs/final report output/mattergen_eval_fixed_film_raw_skip8_view/fixed_film__g4__t4/cifs/sample_00115.cif,True,False,True,False,1.325684741586185,197.69643375578565,16.474702812982137,12,False,True,True,,,,False,,2.6980353698942827,True,
fixed_film__g4__t4,4,4,116,provenance://crystalite/outputs/final report output/mattergen_eval_fixed_film_raw_skip8_view/fixed_film__g4__t4/cifs/sample_00116.cif,True,True,True,True,1.477058524785476,149.75707499415037,18.7196343742688,8,False,True,True,,,,False,,4.744143279551683,True,
fixed_film__g4__t4,4,4,117,provenance://crystalite/outputs/final report output/mattergen_eval_fixed_film_raw_skip8_view/fixed_film__g4__t4/cifs/sample_00117.cif,True,True,True,True,0.9803693714486716,352.9887116710334,20.764041863001964,17,False,True,True,,,,False,,2.187519075769542,True,
fixed_film__g4__t4,4,4,118,provenance://crystalite/outputs/final report output/mattergen_eval_fixed_film_raw_skip8_view/fixed_film__g4__t4/cifs/sample_00118.cif,True,True,True,True,1.2307689226532073,625.9422432596624,31.29711216298312,20,False,True,True,,,,False,,3.230589713283918,True,
fixed_film__g4__t4,4,4,119,provenance://crystalite/outputs/final report output/mattergen_eval_fixed_film_raw_skip8_view/fixed_film__g4__t4/cifs/sample_00119.cif,True,True,True,True,1.2306307509389791,459.5114715616958,22.97557357808479,20,False,True,True,,,,False,,2.3336055920180727,True,
fixed_film__g4__t4,4,4,120,provenance://crystalite/outputs/final report output/mattergen_eval_fixed_film_raw_skip8_view/fixed_film__g4__t4/cifs/sample_00120.cif,True,True,True,True,1.404416305631219,306.6969796253206,15.33484898126603,20,False,True,True,,,,False,,2.428059495648293,True,
fixed_film__g4__t4,4,4,122,provenance://crystalite/outputs/final report output/mattergen_eval_fixed_film_raw_skip8_view/fixed_film__g4__t4/cifs/sample_00122.cif,True,True,True,True,1.230273119436102,673.7667666058903,37.431487033660574,18,False,True,True,,,,False,,2.0851586168397023,True,
fixed_film__g4__t4,4,4,123,provenance://crystalite/outputs/final report output/mattergen_eval_fixed_film_raw_skip8_view/fixed_film__g4__t4/cifs/sample_00123.cif,True,True,True,True,2.0493073415547407,561.0761695280148,56.10761695280148,10,False,True,True,,,,False,,2.8974469951822504,True,
fixed_film__g4__t4,4,4,124,provenance://crystalite/outputs/final report output/mattergen_eval_fixed_film_raw_skip8_view/fixed_film__g4__t4/cifs/sample_00124.cif,True,True,True,True,1.2428965632341928,324.1839382484503,23.155995589175024,14,False,True,True,,,,False,,2.288332623913598,True,
fixed_film__g4__t4,4,4,125,provenance://crystalite/outputs/final report output/mattergen_eval_fixed_film_raw_skip8_view/fixed_film__g4__t4/cifs/sample_00125.cif,True,False,True,False,1.1475940963264042,545.9230198775995,27.296150993879973,20,False,True,True,,,,False,,2.036869886034925,True,
fixed_film__g4__t4,4,4,126,provenance://crystalite/outputs/final report output/mattergen_eval_fixed_film_raw_skip8_view/fixed_film__g4__t4/cifs/sample_00126.cif,True,True,True,True,1.3269879102130944,293.8988409248843,22.607603148068023,13,False,True,True,,,,False,,2.62254767907331,True,
fixed_film__g4__t4,4,4,127,provenance://crystalite/outputs/final report output/mattergen_eval_fixed_film_raw_skip8_view/fixed_film__g4__t4/cifs/sample_00127.cif,True,True,True,True,1.262528035326567,187.57493036025176,18.75749303602517,10,False,True,True,,,,False,,2.1140533473639267,True,
fixed_film__g4__t8,4,8,0,provenance://crystalite/outputs/final report output/mattergen_eval_fixed_film_raw_skip8_view/fixed_film__g4__t8/cifs/sample_00000.cif,True,False,True,False,2.882298376604905,113.13143189174924,28.282857972937308,4,False,True,True,,,,False,,21.04115955424236,True,
fixed_film__g4__t8,4,8,2,provenance://crystalite/outputs/final report output/mattergen_eval_fixed_film_raw_skip8_view/fixed_film__g4__t8/cifs/sample_00002.cif,True,True,True,True,1.8140346901887876,390.7079802820596,48.83849753525745,8,False,True,True,,,,False,,4.107732655302969,True,
fixed_film__g4__t8,4,8,3,provenance://crystalite/outputs/final report output/mattergen_eval_fixed_film_raw_skip8_view/fixed_film__g4__t8/cifs/sample_00003.cif,True,False,True,False,2.243852288212224,211.88672002615013,26.48584000326877,8,False,True,True,,,,False,,6.972612416748071,True,
fixed_film__g4__t8,4,8,4,provenance://crystalite/outputs/final report output/mattergen_eval_fixed_film_raw_skip8_view/fixed_film__g4__t8/cifs/sample_00004.cif,True,True,True,True,2.790456063929906,57.53931612164257,28.76965806082129,2,False,True,True,,,,False,,18.079877159416725,True,
fixed_film__g4__t8,4,8,5,provenance://crystalite/outputs/final report output/mattergen_eval_fixed_film_raw_skip8_view/fixed_film__g4__t8/cifs/sample_00005.cif,True,False,True,False,2.8071474472376305,513.0855291538045,32.06784557211278,16,False,True,True,,,,False,,13.710664157429036,True,
fixed_film__g4__t8,4,8,6,provenance://crystalite/outputs/final report output/mattergen_eval_fixed_film_raw_skip8_view/fixed_film__g4__t8/cifs/sample_00006.cif,True,True,True,True,2.290255699546954,397.2881109307156,49.661013866339445,8,False,True,True,,,,False,,2.616367825315391,True,
fixed_film__g4__t8,4,8,7,provenance://crystalite/outputs/final report output/mattergen_eval_fixed_film_raw_skip8_view/fixed_film__g4__t8/cifs/sample_00007.cif,True,False,True,False,2.181427882267148,549.1258483951655,39.22327488536896,14,False,True,True,,,,False,,8.781493350249484,True,
fixed_film__g4__t8,4,8,12,provenance://crystalite/outputs/final report output/mattergen_eval_fixed_film_raw_skip8_view/fixed_film__g4__t8/cifs/sample_00012.cif,True,False,True,False,2.351762239885325,328.8345136797006,32.88345136797006,10,False,True,True,,,,False,,8.102489638217309,True,
fixed_film__g4__t8,4,8,13,provenance://crystalite/outputs/final report output/mattergen_eval_fixed_film_raw_skip8_view/fixed_film__g4__t8/cifs/sample_00013.cif,True,True,True,True,1.7288120786414565,249.38505913763825,20.782088261469852,12,False,True,True,,,,False,,5.418695214709003,True,
fixed_film__g4__t8,4,8,14,provenance://crystalite/outputs/final report output/mattergen_eval_fixed_film_raw_skip8_view/fixed_film__g4__t8/cifs/sample_00014.cif,True,True,True,True,2.3275163690845395,294.9593399016188,24.579944991801568,12,False,True,True,,,,False,,10.279523087649592,True,
fixed_film__g4__t8,4,8,15,provenance://crystalite/outputs/final report output/mattergen_eval_fixed_film_raw_skip8_view/fixed_film__g4__t8/cifs/sample_00015.cif,True,True,True,True,3.0136766691607595,103.95439763542036,34.65146587847345,3,False,True,True,,,,False,,22.44740767965989,True,
fixed_film__g4__t8,4,8,17,provenance://crystalite/outputs/final report output/mattergen_eval_fixed_film_raw_skip8_view/fixed_film__g4__t8/cifs/sample_00017.cif,True,True,True,True,2.333158689104624,227.92625240020877,28.49078155002609,8,False,True,True,,,,False,,8.488756471422647,True,
fixed_film__g4__t8,4,8,18,provenance://crystalite/outputs/final report output/mattergen_eval_fixed_film_raw_skip8_view/fixed_film__g4__t8/cifs/sample_00018.cif,True,True,True,True,2.965944214281998,52.979223558996125,26.489611779498063,2,False,True,False,,,,False,,5.54968698952201,True,
fixed_film__g4__t8,4,8,19,provenance://crystalite/outputs/final report output/mattergen_eval_fixed_film_raw_skip8_view/fixed_film__g4__t8/cifs/sample_00019.cif,True,False,True,False,2.4385200595762995,399.3456666867522,39.93456666867522,10,False,True,True,,,,False,,9.152676240095415,True,
fixed_film__g4__t8,4,8,20,provenance://crystalite/outputs/final report output/mattergen_eval_fixed_film_raw_skip8_view/fixed_film__g4__t8/cifs/sample_00020.cif,True,True,True,True,2.1612164216787386,205.32298820472928,41.064597640945856,5,False,True,True,,,,False,,6.593762217696683,True,
fixed_film__g4__t8,4,8,22,provenance://crystalite/outputs/final report output/mattergen_eval_fixed_film_raw_skip8_view/fixed_film__g4__t8/cifs/sample_00022.cif,True,True,True,True,1.5574510677951887,274.11029953582243,19.5793071097016,14,False,True,True,,,,False,,3.354079704922725,True,
fixed_film__g4__t8,4,8,24,provenance://crystalite/outputs/final report output/mattergen_eval_fixed_film_raw_skip8_view/fixed_film__g4__t8/cifs/sample_00024.cif,True,True,True,True,2.3923122872273543,637.7514750010502,63.77514750010501,10,False,True,True,,,,False,,5.341450521704012,True,
fixed_film__g4__t8,4,8,26,provenance://crystalite/outputs/final report output/mattergen_eval_fixed_film_raw_skip8_view/fixed_film__g4__t8/cifs/sample_00026.cif,True,True,True,True,2.3674651200789603,566.1281537996226,28.30640768998113,20,False,True,True,,,,False,,6.659392282075264,True,
fixed_film__g4__t8,4,8,27,provenance://crystalite/outputs/final report output/mattergen_eval_fixed_film_raw_skip8_view/fixed_film__g4__t8/cifs/sample_00027.cif,True,True,True,True,2.366364085296893,260.1122265570543,32.51402831963179,8,False,True,True,,,,False,,10.334773346454934,True,
fixed_film__g4__t8,4,8,31,provenance://crystalite/outputs/final report output/mattergen_eval_fixed_film_raw_skip8_view/fixed_film__g4__t8/cifs/sample_00031.cif,True,True,True,True,2.4244823258856143,186.4265626004914,37.28531252009828,5,False,True,True,,,,False,,5.547122220161699,True,
fixed_film__g4__t8,4,8,33,provenance://crystalite/outputs/final report output/mattergen_eval_fixed_film_raw_skip8_view/fixed_film__g4__t8/cifs/sample_00033.cif,True,False,True,False,2.030848653355819,251.34479418462536,20.94539951538545,12,False,True,True,,,,False,,4.081687874100035,True,
fixed_film__g4__t8,4,8,34,provenance://crystalite/outputs/final report output/mattergen_eval_fixed_film_raw_skip8_view/fixed_film__g4__t8/cifs/sample_00034.cif,True,False,True,False,2.0230862756465284,459.77716358233823,35.367474121718324,13,False,True,True,,,,False,,4.972696207709865,True,
fixed_film__g4__t8,4,8,35,provenance://crystalite/outputs/final report output/mattergen_eval_fixed_film_raw_skip8_view/fixed_film__g4__t8/cifs/sample_00035.cif,True,True,True,True,2.65415126153092,197.04826566383767,28.149752237691096,7,False,True,True,,,,False,,8.998355144455877,True,
fixed_film__g4__t8,4,8,36,provenance://crystalite/outputs/final report output/mattergen_eval_fixed_film_raw_skip8_view/fixed_film__g4__t8/cifs/sample_00036.cif,True,False,True,False,1.7041195649695673,568.5226151632775,31.584589731293192,18,False,True,True,,,,False,,6.4540504829809215,True,
fixed_film__g4__t8,4,8,37,provenance://crystalite/outputs/final report output/mattergen_eval_fixed_film_raw_skip8_view/fixed_film__g4__t8/cifs/sample_00037.cif,True,True,True,True,2.375277430391435,490.7073969361381,30.669212308508637,16,False,True,True,,,,False,,7.333265101264278,True,
fixed_film__g4__t8,4,8,39,provenance://crystalite/outputs/final report output/mattergen_eval_fixed_film_raw_skip8_view/fixed_film__g4__t8/cifs/sample_00039.cif,True,True,True,True,2.083251324987597,430.6871652833965,26.91794783021228,16,False,True,True,,,,False,,5.1424664625707175,True,
fixed_film__g4__t8,4,8,40,provenance://crystalite/outputs/final report output/mattergen_eval_fixed_film_raw_skip8_view/fixed_film__g4__t8/cifs/sample_00040.cif,True,True,True,True,2.571370460005193,88.55207517329657,44.276037586648286,2,False,False,True,,,,False,,10.424192265645546,True,
fixed_film__g4__t8,4,8,41,provenance://crystalite/outputs/final report output/mattergen_eval_fixed_film_raw_skip8_view/fixed_film__g4__t8/cifs/sample_00041.cif,True,True,True,True,2.817939744233488,122.4525994169268,24.49051988338536,5,True,True,True,,,,False,,14.585346006017415,True,
fixed_film__g4__t8,4,8,42,provenance://crystalite/outputs/final report output/mattergen_eval_fixed_film_raw_skip8_view/fixed_film__g4__t8/cifs/sample_00042.cif,True,True,True,True,2.252755400081436,419.2697080803566,26.20435675502229,16,False,True,True,,,,False,,6.83701134596087,True,
fixed_film__g4__t8,4,8,45,provenance://crystalite/outputs/final report output/mattergen_eval_fixed_film_raw_skip8_view/fixed_film__g4__t8/cifs/sample_00045.cif,True,True,True,True,2.2247055934678697,129.67356998497874,21.612261664163125,6,False,True,True,,,,False,,6.680035874154009,True,
fixed_film__g4__t8,4,8,46,provenance://crystalite/outputs/final report output/mattergen_eval_fixed_film_raw_skip8_view/fixed_film__g4__t8/cifs/sample_00046.cif,True,False,True,False,1.6790249753641602,352.9561988866865,32.086927171516955,11,False,True,True,,,,False,,6.794754266260398,True,
fixed_film__g4__t8,4,8,48,provenance://crystalite/outputs/final report output/mattergen_eval_fixed_film_raw_skip8_view/fixed_film__g4__t8/cifs/sample_00048.cif,True,True,True,True,2.4935800033393245,220.9529823253562,27.619122790669525,8,False,True,True,,,,False,,12.79038953734984,True,
fixed_film__g4__t8,4,8,49,provenance://crystalite/outputs/final report output/mattergen_eval_fixed_film_raw_skip8_view/fixed_film__g4__t8/cifs/sample_00049.cif,True,True,True,True,2.2529291196424728,225.25466145565005,28.156832681956256,8,False,True,True,,,,False,,10.962407462069503,True,
fixed_film__g4__t8,4,8,50,provenance://crystalite/outputs/final report output/mattergen_eval_fixed_film_raw_skip8_view/fixed_film__g4__t8/cifs/sample_00050.cif,True,True,True,True,1.7174196245290148,340.00322340837084,28.33360195069757,12,False,True,True,,,,False,,6.559764187785994,True,
fixed_film__g4__t8,4,8,51,provenance://crystalite/outputs/final report output/mattergen_eval_fixed_film_raw_skip8_view/fixed_film__g4__t8/cifs/sample_00051.cif,True,True,True,True,2.57238102230574,253.13241612015,28.12582401335,9,False,True,True,,,,False,,11.19892968142137,True,
fixed_film__g4__t8,4,8,52,provenance://crystalite/outputs/final report output/mattergen_eval_fixed_film_raw_skip8_view/fixed_film__g4__t8/cifs/sample_00052.cif,True,True,True,True,2.4756927776223048,338.50118394251376,30.772834903864887,11,False,True,True,,,,False,,7.685613978602794,True,
fixed_film__g4__t8,4,8,53,provenance://crystalite/outputs/final report output/mattergen_eval_fixed_film_raw_skip8_view/fixed_film__g4__t8/cifs/sample_00053.cif,True,True,True,True,1.7105145667856911,682.8188623450038,37.934381241389104,18,False,True,True,,,,False,,5.037203069042261,True,
fixed_film__g4__t8,4,8,54,provenance://crystalite/outputs/final report output/mattergen_eval_fixed_film_raw_skip8_view/fixed_film__g4__t8/cifs/sample_00054.cif,True,True,True,True,2.424675817395865,601.5338181247251,33.41854545137362,18,False,True,True,,,,False,,7.444028713802193,True,
fixed_film__g4__t8,4,8,55,provenance://crystalite/outputs/final report output/mattergen_eval_fixed_film_raw_skip8_view/fixed_film__g4__t8/cifs/sample_00055.cif,True,True,True,True,2.285124085396712,289.3945451528577,24.116212096071475,12,False,True,True,,,,False,,10.367747072467385,True,
fixed_film__g4__t8,4,8,56,provenance://crystalite/outputs/final report output/mattergen_eval_fixed_film_raw_skip8_view/fixed_film__g4__t8/cifs/sample_00056.cif,True,True,True,True,2.4802823207648657,94.69104025967674,23.672760064919185,4,False,True,False,,,,False,,7.428094998930116,True,
fixed_film__g4__t8,4,8,57,provenance://crystalite/outputs/final report output/mattergen_eval_fixed_film_raw_skip8_view/fixed_film__g4__t8/cifs/sample_00057.cif,True,False,True,False,2.536011974251418,122.86895118249016,24.573790236498034,5,False,True,True,,,,False,,9.910663612061532,True,
fixed_film__g4__t8,4,8,59,provenance://crystalite/outputs/final report output/mattergen_eval_fixed_film_raw_skip8_view/fixed_film__g4__t8/cifs/sample_00059.cif,True,False,True,False,2.5817522768542824,524.7004956693825,47.70004506085295,11,False,True,True,,,,False,,4.199273642301153,True,
fixed_film__g4__t8,4,8,60,provenance://crystalite/outputs/final report output/mattergen_eval_fixed_film_raw_skip8_view/fixed_film__g4__t8/cifs/sample_00060.cif,True,True,True,True,2.714864773304285,102.87171951147906,25.717929877869764,4,False,True,True,,,,False,,15.032703748067794,True,
fixed_film__g4__t8,4,8,61,provenance://crystalite/outputs/final report output/mattergen_eval_fixed_film_raw_skip8_view/fixed_film__g4__t8/cifs/sample_00061.cif,True,False,True,False,2.2644988387681617,513.4904329564463,36.67788806831759,14,False,True,True,,,,False,,5.03581739500044,True,
fixed_film__g4__t8,4,8,62,provenance://crystalite/outputs/final report output/mattergen_eval_fixed_film_raw_skip8_view/fixed_film__g4__t8/cifs/sample_00062.cif,True,True,True,True,2.1914908282639094,237.06191082715512,21.551082802468645,11,False,True,True,,,,False,,8.480172064080385,True,
fixed_film__g4__t8,4,8,64,provenance://crystalite/outputs/final report output/mattergen_eval_fixed_film_raw_skip8_view/fixed_film__g4__t8/cifs/sample_00064.cif,True,True,True,True,2.589165386117455,265.0194608817239,37.85992298310341,7,False,True,True,,,,False,,4.051178379065546,True,
fixed_film__g4__t8,4,8,65,provenance://crystalite/outputs/final report output/mattergen_eval_fixed_film_raw_skip8_view/fixed_film__g4__t8/cifs/sample_00065.cif,True,True,True,True,2.5853422393507315,109.90350157410072,18.31725026235012,6,False,True,True,,,,False,,8.456542906495377,True,
fixed_film__g4__t8,4,8,66,provenance://crystalite/outputs/final report output/mattergen_eval_fixed_film_raw_skip8_view/fixed_film__g4__t8/cifs/sample_00066.cif,True,True,True,True,2.062941984111215,573.6858999700462,28.68429499850231,20,False,True,True,,,,False,,3.915159429269599,True,
fixed_film__g4__t8,4,8,67,provenance://crystalite/outputs/final report output/mattergen_eval_fixed_film_raw_skip8_view/fixed_film__g4__t8/cifs/sample_00067.cif,True,True,True,True,2.4845179747040245,373.21010860926776,31.100842384105647,12,False,True,True,,,,False,,12.265566393353096,True,
fixed_film__g4__t8,4,8,68,provenance://crystalite/outputs/final report output/mattergen_eval_fixed_film_raw_skip8_view/fixed_film__g4__t8/cifs/sample_00068.cif,True,True,True,True,2.092957819283737,141.50629981790402,35.376574954476006,4,False,True,True,,,,False,,4.084367429655253,True,
fixed_film__g4__t8,4,8,71,provenance://crystalite/outputs/final report output/mattergen_eval_fixed_film_raw_skip8_view/fixed_film__g4__t8/cifs/sample_00071.cif,True,False,True,False,2.1821371697983896,214.50395904175656,35.75065984029276,6,False,True,True,,,,False,,5.463503225300286,True,
fixed_film__g4__t8,4,8,72,provenance://crystalite/outputs/final report output/mattergen_eval_fixed_film_raw_skip8_view/fixed_film__g4__t8/cifs/sample_00072.cif,True,True,True,True,1.7303632167669414,273.07906498459835,27.30790649845984,10,False,True,True,,,,False,,6.309283671354329,True,
fixed_film__g4__t8,4,8,74,provenance://crystalite/outputs/final report output/mattergen_eval_fixed_film_raw_skip8_view/fixed_film__g4__t8/cifs/sample_00074.cif,True,True,True,True,2.6667893703832983,118.38355561888667,29.595888904721672,4,True,True,True,,,,False,,12.894210657763995,True,
fixed_film__g4__t8,4,8,75,provenance://crystalite/outputs/final report output/mattergen_eval_fixed_film_raw_skip8_view/fixed_film__g4__t8/cifs/sample_00075.cif,True,True,True,True,2.420569061156848,187.9965967746956,23.49957459683695,8,False,True,True,,,,False,,5.610588280050757,True,
fixed_film__g4__t8,4,8,76,provenance://crystalite/outputs/final report output/mattergen_eval_fixed_film_raw_skip8_view/fixed_film__g4__t8/cifs/sample_00076.cif,True,False,True,False,2.5990408333225243,48.99669239151652,24.49834619575826,2,False,True,True,,,,False,,18.217794090419844,True,
fixed_film__g4__t8,4,8,77,provenance://crystalite/outputs/final report output/mattergen_eval_fixed_film_raw_skip8_view/fixed_film__g4__t8/cifs/sample_00077.cif,True,True,True,True,1.2788230225192003,193.0648772169199,21.45165302410221,9,False,True,True,,,,False,,4.682411300751485,True,
fixed_film__g4__t8,4,8,78,provenance://crystalite/outputs/final report output/mattergen_eval_fixed_film_raw_skip8_view/fixed_film__g4__t8/cifs/sample_00078.cif,True,True,True,True,2.265950580473544,254.1258567293195,31.76573209116494,8,False,True,True,,,,False,,8.551822706651972,True,
fixed_film__g4__t8,4,8,82,provenance://crystalite/outputs/final report output/mattergen_eval_fixed_film_raw_skip8_view/fixed_film__g4__t8/cifs/sample_00082.cif,True,True,True,True,2.3691720557441034,142.7568416340903,23.79280693901505,6,False,True,True,,,,False,,5.747662444118671,True,
fixed_film__g4__t8,4,8,83,provenance://crystalite/outputs/final report output/mattergen_eval_fixed_film_raw_skip8_view/fixed_film__g4__t8/cifs/sample_00083.cif,True,True,True,True,2.0259174834935587,353.7920279577206,29.48266899647672,12,False,True,True,,,,False,,8.052683544483713,True,
fixed_film__g4__t8,4,8,85,provenance://crystalite/outputs/final report output/mattergen_eval_fixed_film_raw_skip8_view/fixed_film__g4__t8/cifs/sample_00085.cif,True,True,True,True,2.226902294361188,261.1545575892992,21.762879799108266,12,False,True,True,,,,False,,8.007937947385487,True,
fixed_film__g4__t8,4,8,86,provenance://crystalite/outputs/final report output/mattergen_eval_fixed_film_raw_skip8_view/fixed_film__g4__t8/cifs/sample_00086.cif,True,True,True,True,2.067625429198769,413.86522853508137,29.561802038220097,14,False,True,True,,,,False,,5.335504799328466,True,
fixed_film__g4__t8,4,8,87,provenance://crystalite/outputs/final report output/mattergen_eval_fixed_film_raw_skip8_view/fixed_film__g4__t8/cifs/sample_00087.cif,True,True,True,True,2.237004608463248,371.8695470143038,30.98912891785865,12,False,True,True,,,,False,,7.361678315579545,True,
fixed_film__g4__t8,4,8,88,provenance://crystalite/outputs/final report output/mattergen_eval_fixed_film_raw_skip8_view/fixed_film__g4__t8/cifs/sample_00088.cif,True,False,True,False,2.1014444768142124,716.3026003178788,35.81513001589394,20,False,True,True,,,,False,,6.654573688223902,True,
fixed_film__g4__t8,4,8,89,provenance://crystalite/outputs/final report output/mattergen_eval_fixed_film_raw_skip8_view/fixed_film__g4__t8/cifs/sample_00089.cif,True,True,True,True,2.2654920498098488,446.6645058306696,27.91653161441685,16,False,True,True,,,,False,,11.028194674567771,True,
fixed_film__g4__t8,4,8,90,provenance://crystalite/outputs/final report output/mattergen_eval_fixed_film_raw_skip8_view/fixed_film__g4__t8/cifs/sample_00090.cif,True,True,True,True,2.0664224880560287,419.59743039008674,29.97124502786334,14,False,True,True,,,,False,,4.355782247541154,True,
fixed_film__g4__t8,4,8,91,provenance://crystalite/outputs/final report output/mattergen_eval_fixed_film_raw_skip8_view/fixed_film__g4__t8/cifs/sample_00091.cif,True,True,True,True,2.8964728776307203,85.09440525073973,28.36480175024657,3,True,True,True,,,,False,,15.132522929395462,True,
fixed_film__g4__t8,4,8,92,provenance://crystalite/outputs/final report output/mattergen_eval_fixed_film_raw_skip8_view/fixed_film__g4__t8/cifs/sample_00092.cif,True,True,True,True,2.673006305006339,145.8673930022658,29.17347860045316,5,True,True,True,,,,False,,12.135514653914782,True,
fixed_film__g4__t8,4,8,93,provenance://crystalite/outputs/final report output/mattergen_eval_fixed_film_raw_skip8_view/fixed_film__g4__t8/cifs/sample_00093.cif,True,False,True,False,2.3949718720055,242.44420737377763,34.63488676768252,7,False,True,True,,,,False,,7.433554999579853,True,
fixed_film__g4__t8,4,8,94,provenance://crystalite/outputs/final report output/mattergen_eval_fixed_film_raw_skip8_view/fixed_film__g4__t8/cifs/sample_00094.cif,True,True,True,True,2.1990670968013624,302.67642874103814,30.267642874103814,10,False,True,True,,,,False,,9.043712011306438,True,
fixed_film__g4__t8,4,8,95,provenance://crystalite/outputs/final report output/mattergen_eval_fixed_film_raw_skip8_view/fixed_film__g4__t8/cifs/sample_00095.cif,True,True,True,True,1.1208611078297213,346.8338552503615,21.677115953147595,16,False,True,True,,,,False,,3.438512701731688,True,
fixed_film__g4__t8,4,8,96,provenance://crystalite/outputs/final report output/mattergen_eval_fixed_film_raw_skip8_view/fixed_film__g4__t8/cifs/sample_00096.cif,True,True,True,True,2.076077155962299,231.3109976808752,38.55183294681253,6,False,True,True,,,,False,,3.7036171863812513,True,
fixed_film__g4__t8,4,8,97,provenance://crystalite/outputs/final report output/mattergen_eval_fixed_film_raw_skip8_view/fixed_film__g4__t8/cifs/sample_00097.cif,True,False,True,False,1.7320743613783245,636.9543477727202,33.523913040669484,19,False,True,True,,,,False,,7.130411553111581,True,
fixed_film__g4__t8,4,8,98,provenance://crystalite/outputs/final report output/mattergen_eval_fixed_film_raw_skip8_view/fixed_film__g4__t8/cifs/sample_00098.cif,True,False,True,False,1.2818214053074513,566.162220209237,31.453456678290948,18,False,True,True,,,,False,,4.581193189872718,True,
fixed_film__g4__t8,4,8,99,provenance://crystalite/outputs/final report output/mattergen_eval_fixed_film_raw_skip8_view/fixed_film__g4__t8/cifs/sample_00099.cif,True,True,True,True,2.363398508104185,620.5175917245863,34.4731995402548,18,False,True,True,,,,False,,8.221443577061235,True,
fixed_film__g4__t8,4,8,100,provenance://crystalite/outputs/final report output/mattergen_eval_fixed_film_raw_skip8_view/fixed_film__g4__t8/cifs/sample_00100.cif,True,False,True,False,2.292722487827192,205.47425000534733,29.35346428647819,7,False,True,True,,,,False,,7.093105686217746,True,
fixed_film__g4__t8,4,8,101,provenance://crystalite/outputs/final report output/mattergen_eval_fixed_film_raw_skip8_view/fixed_film__g4__t8/cifs/sample_00101.cif,True,False,True,False,2.5168701526364687,194.6868263437612,24.33585329297015,8,False,True,True,,,,False,,14.305091064022896,True,
fixed_film__g4__t8,4,8,102,provenance://crystalite/outputs/final report output/mattergen_eval_fixed_film_raw_skip8_view/fixed_film__g4__t8/cifs/sample_00102.cif,True,False,True,False,2.357275705641581,405.2675536436813,33.772296136973445,12,False,True,True,,,,False,,6.198884192820343,True,
fixed_film__g4__t8,4,8,103,provenance://crystalite/outputs/final report output/mattergen_eval_fixed_film_raw_skip8_view/fixed_film__g4__t8/cifs/sample_00103.cif,True,True,True,True,1.2423740254262852,745.043307225731,37.25216536128655,20,False,True,True,,,,False,,4.958707562271331,True,
fixed_film__g4__t8,4,8,104,provenance://crystalite/outputs/final report output/mattergen_eval_fixed_film_raw_skip8_view/fixed_film__g4__t8/cifs/sample_00104.cif,True,False,True,False,1.350767950406182,159.26374794181189,13.27197899515099,12,False,True,True,,,,False,,4.173229394226747,True,
fixed_film__g4__t8,4,8,105,provenance://crystalite/outputs/final report output/mattergen_eval_fixed_film_raw_skip8_view/fixed_film__g4__t8/cifs/sample_00105.cif,True,False,True,False,2.9331376295173683,81.4167037776983,27.138901259232767,3,False,True,True,,,,False,,17.110259002885236,True,
fixed_film__g4__t8,4,8,106,provenance://crystalite/outputs/final report output/mattergen_eval_fixed_film_raw_skip8_view/fixed_film__g4__t8/cifs/sample_00106.cif,True,True,True,True,1.973154781937814,494.1083099129957,35.29345070807112,14,False,True,True,,,,False,,3.5079483452268434,True,
fixed_film__g4__t8,4,8,108,provenance://crystalite/outputs/final report output/mattergen_eval_fixed_film_raw_skip8_view/fixed_film__g4__t8/cifs/sample_00108.cif,True,True,True,True,1.9352906077194691,456.7559380616916,38.062994838474296,12,False,True,True,,,,False,,7.583721638715598,True,
fixed_film__g4__t8,4,8,109,provenance://crystalite/outputs/final report output/mattergen_eval_fixed_film_raw_skip8_view/fixed_film__g4__t8/cifs/sample_00109.cif,True,False,True,False,1.6707356221290923,566.1271540099126,31.45150855610625,18,False,True,True,,,,False,,6.127542281053558,True,
fixed_film__g4__t8,4,8,111,provenance://crystalite/outputs/final report output/mattergen_eval_fixed_film_raw_skip8_view/fixed_film__g4__t8/cifs/sample_00111.cif,True,True,True,True,2.286828918327757,187.66586462346012,23.45823307793252,8,False,True,True,,,,False,,7.613432314353576,True,
fixed_film__g4__t8,4,8,112,provenance://crystalite/outputs/final report output/mattergen_eval_fixed_film_raw_skip8_view/fixed_film__g4__t8/cifs/sample_00112.cif,True,True,True,True,1.9887453813219036,123.67163029510168,24.73432605902034,5,False,True,True,,,,False,,5.828205978939347,True,
fixed_film__g4__t8,4,8,113,provenance://crystalite/outputs/final report output/mattergen_eval_fixed_film_raw_skip8_view/fixed_film__g4__t8/cifs/sample_00113.cif,True,True,True,True,2.4973181682646857,216.98522989178744,27.12315373647343,8,False,True,True,,,,False,,8.909677518854936,True,
fixed_film__g4__t8,4,8,114,provenance://crystalite/outputs/final report output/mattergen_eval_fixed_film_raw_skip8_view/fixed_film__g4__t8/cifs/sample_00114.cif,True,True,True,True,1.9575329992921584,579.0269577159715,41.35906840828368,14,False,True,True,,,,False,,3.959383578491431,True,
fixed_film__g4__t8,4,8,115,provenance://crystalite/outputs/final report output/mattergen_eval_fixed_film_raw_skip8_view/fixed_film__g4__t8/cifs/sample_00115.cif,True,True,True,True,2.4924273054978423,360.128175219727,30.01068126831058,12,False,True,True,,,,False,,10.318829467927214,True,
fixed_film__g4__t8,4,8,116,provenance://crystalite/outputs/final report output/mattergen_eval_fixed_film_raw_skip8_view/fixed_film__g4__t8/cifs/sample_00116.cif,True,False,True,False,2.384526545033024,342.4180201532096,42.8022525191512,8,False,True,True,,,,False,,5.326120689245447,True,
fixed_film__g4__t8,4,8,117,provenance://crystalite/outputs/final report output/mattergen_eval_fixed_film_raw_skip8_view/fixed_film__g4__t8/cifs/sample_00117.cif,True,False,True,False,2.5152246571994,541.7123875997801,31.865434564692947,17,False,True,True,,,,False,,7.030771089161284,True,
fixed_film__g4__t8,4,8,122,provenance://crystalite/outputs/final report output/mattergen_eval_fixed_film_raw_skip8_view/fixed_film__g4__t8/cifs/sample_00122.cif,True,True,True,True,2.41364589838303,667.6304836020869,37.09058242233816,18,False,True,True,,,,False,,8.005278382214593,True,
fixed_film__g4__t8,4,8,123,provenance://crystalite/outputs/final report output/mattergen_eval_fixed_film_raw_skip8_view/fixed_film__g4__t8/cifs/sample_00123.cif,True,True,True,True,2.0376122460271167,536.3429612558572,53.63429612558572,10,False,True,True,,,,False,,4.261053201188254,True,
fixed_film__g4__t8,4,8,125,provenance://crystalite/outputs/final report output/mattergen_eval_fixed_film_raw_skip8_view/fixed_film__g4__t8/cifs/sample_00125.cif,True,True,True,True,1.9469242077668447,720.7202671455962,36.036013357279806,20,False,True,True,,,,False,,3.4795306624592928,True,
fixed_film__g5__t12,5,12,112,provenance://crystalite/outputs/final report output/mattergen_eval_fixed_film_raw_skip8_view/fixed_film__g5__t12/cifs/sample_00112.cif,True,True,True,True,1.973996060404507,16.5276090562576,3.30552181125152,5,False,True,True,,,,False,,-5.29649338378908,True,
fixed_film__g5__t2,5,2,0,provenance://crystalite/outputs/final report output/mattergen_eval_fixed_film_raw_skip8_view/fixed_film__g5__t2/cifs/sample_00000.cif,True,True,True,True,1.386583669344999,414.8509838420105,103.71274596050264,4,False,True,True,,,,False,,2.0526711071796275,True,
fixed_film__g5__t2,5,2,1,provenance://crystalite/outputs/final report output/mattergen_eval_fixed_film_raw_skip8_view/fixed_film__g5__t2/cifs/sample_00001.cif,True,True,True,True,1.1118116258060815,1828.1058258380592,91.40529129190296,20,False,True,True,,,,False,,0.7543734711222138,True,
fixed_film__g5__t2,5,2,2,provenance://crystalite/outputs/final report output/mattergen_eval_fixed_film_raw_skip8_view/fixed_film__g5__t2/cifs/sample_00002.cif,True,True,True,True,1.1124921186969532,263.3307704227131,32.91634630283914,8,False,True,True,,,,False,,2.221825433000951,True,
fixed_film__g5__t2,5,2,3,provenance://crystalite/outputs/final report output/mattergen_eval_fixed_film_raw_skip8_view/fixed_film__g5__t2/cifs/sample_00003.cif,True,True,True,True,1.1120839034076342,302.09390257302107,37.761737821627634,8,False,True,True,,,,False,,1.628587717470766,True,
fixed_film__g5__t2,5,2,4,provenance://crystalite/outputs/final report output/mattergen_eval_fixed_film_raw_skip8_view/fixed_film__g5__t2/cifs/sample_00004.cif,True,True,True,True,7.548175341784777,92.50952340332296,46.25476170166149,2,False,True,True,,,,False,,2.9297211218495733,True,
fixed_film__g5__t2,5,2,6,provenance://crystalite/outputs/final report output/mattergen_eval_fixed_film_raw_skip8_view/fixed_film__g5__t2/cifs/sample_00006.cif,True,False,True,False,1.1135166376919323,476.3279582708173,59.54099478385216,8,False,True,True,,,,False,,1.1652096748492509,True,
fixed_film__g5__t2,5,2,7,provenance://crystalite/outputs/final report output/mattergen_eval_fixed_film_raw_skip8_view/fixed_film__g5__t2/cifs/sample_00007.cif,True,False,True,False,1.111729291738952,2888.785044281795,206.34178887727103,14,False,True,True,,,,False,,0.6915498454609,True,
fixed_film__g5__t2,5,2,8,provenance://crystalite/outputs/final report output/mattergen_eval_fixed_film_raw_skip8_view/fixed_film__g5__t2/cifs/sample_00008.cif,True,True,True,True,1.4242783549976166,3045.402114590383,253.78350954919856,12,False,True,True,,,,False,,3.616054939512176,True,
fixed_film__g5__t2,5,2,9,provenance://crystalite/outputs/final report output/mattergen_eval_fixed_film_raw_skip8_view/fixed_film__g5__t2/cifs/sample_00009.cif,True,True,True,True,1.1123435391421232,443.3132049973814,55.41415062467267,8,False,True,True,,,,False,,1.7319161151360152,True,
fixed_film__g5__t2,5,2,10,provenance://crystalite/outputs/final report output/mattergen_eval_fixed_film_raw_skip8_view/fixed_film__g5__t2/cifs/sample_00010.cif,True,False,True,False,1.112469104573834,426.8607422449754,35.57172852041462,12,False,True,True,,,,False,,1.3751422576483294,True,
fixed_film__g5__t2,5,2,12,provenance://crystalite/outputs/final report output/mattergen_eval_fixed_film_raw_skip8_view/fixed_film__g5__t2/cifs/sample_00012.cif,True,False,True,False,1.112578135521591,8730.71280545181,873.071280545181,10,False,True,True,,,,False,,0.6893842935848736,True,
fixed_film__g5__t2,5,2,13,provenance://crystalite/outputs/final report output/mattergen_eval_fixed_film_raw_skip8_view/fixed_film__g5__t2/cifs/sample_00013.cif,True,True,True,True,1.111251222538305,444.11880926063367,37.00990077171947,12,False,True,True,,,,False,,2.194404408371297,True,
fixed_film__g5__t2,5,2,14,provenance://crystalite/outputs/final report output/mattergen_eval_fixed_film_raw_skip8_view/fixed_film__g5__t2/cifs/sample_00014.cif,True,True,True,True,1.112148758511095,572.0957725171191,47.67464770975993,12,False,True,True,,,,False,,1.5727338989409858,True,
fixed_film__g5__t2,5,2,15,provenance://crystalite/outputs/final report output/mattergen_eval_fixed_film_raw_skip8_view/fixed_film__g5__t2/cifs/sample_00015.cif,True,False,True,False,14.95506738264802,4058.9681161400463,1352.989372046682,3,False,True,True,,,,False,,0.8125839914286496,True,
fixed_film__g5__t2,5,2,16,provenance://crystalite/outputs/final report output/mattergen_eval_fixed_film_raw_skip8_view/fixed_film__g5__t2/cifs/sample_00016.cif,True,True,True,True,1.1123759773516706,12412.457526213508,689.5809736785282,18,False,True,True,,,,False,,0.6813717662006183,True,
fixed_film__g5__t2,5,2,17,provenance://crystalite/outputs/final report output/mattergen_eval_fixed_film_raw_skip8_view/fixed_film__g5__t2/cifs/sample_00017.cif,True,False,True,False,1.1125948494431137,358.7490896677866,44.84363620847333,8,False,True,True,,,,False,,1.5334330371338871,True,
fixed_film__g5__t2,5,2,18,provenance://crystalite/outputs/final report output/mattergen_eval_fixed_film_raw_skip8_view/fixed_film__g5__t2/cifs/sample_00018.cif,True,True,True,True,5.973581692998993,861.5248222033615,430.7624111016808,2,False,True,True,,,,False,,1.3709626150229768,True,
fixed_film__g5__t2,5,2,19,provenance://crystalite/outputs/final report output/mattergen_eval_fixed_film_raw_skip8_view/fixed_film__g5__t2/cifs/sample_00019.cif,True,True,True,True,1.1101280524740538,194.84470384036024,19.484470384036022,10,False,True,True,,,,False,,3.0150124447300564,True,
fixed_film__g5__t2,5,2,20,provenance://crystalite/outputs/final report output/mattergen_eval_fixed_film_raw_skip8_view/fixed_film__g5__t2/cifs/sample_00020.cif,True,True,True,True,1.1125279421641912,162.4352028888608,32.48704057777216,5,False,True,True,,,,False,,3.622025519341539,True,
fixed_film__g5__t2,5,2,23,provenance://crystalite/outputs/final report output/mattergen_eval_fixed_film_raw_skip8_view/fixed_film__g5__t2/cifs/sample_00023.cif,True,False,True,False,1.1123591453479822,167.82490440930636,18.64721160103404,9,False,True,True,,,,False,,2.3670732123155287,True,
fixed_film__g5__t2,5,2,24,provenance://crystalite/outputs/final report output/mattergen_eval_fixed_film_raw_skip8_view/fixed_film__g5__t2/cifs/sample_00024.cif,True,True,True,True,1.476888643271381,670.3512757491488,67.03512757491488,10,False,True,True,,,,False,,2.5726517526300428,True,
fixed_film__g5__t2,5,2,27,provenance://crystalite/outputs/final report output/mattergen_eval_fixed_film_raw_skip8_view/fixed_film__g5__t2/cifs/sample_00027.cif,True,False,True,False,1.11314109274625,318.87767198620185,39.85970899827523,8,False,True,True,,,,False,,2.0943388177625297,True,
fixed_film__g5__t2,5,2,28,provenance://crystalite/outputs/final report output/mattergen_eval_fixed_film_raw_skip8_view/fixed_film__g5__t2/cifs/sample_00028.cif,True,True,True,True,1.112520463967651,3572.3823775457017,223.2738985966064,16,False,True,True,,,,False,,1.2722894633949462,True,
fixed_film__g5__t2,5,2,29,provenance://crystalite/outputs/final report output/mattergen_eval_fixed_film_raw_skip8_view/fixed_film__g5__t2/cifs/sample_00029.cif,True,True,True,True,1.1121570054856826,842.0572667456756,52.62857917160473,16,False,True,True,,,,False,,1.6623738103187016,True,
fixed_film__g5__t2,5,2,30,provenance://crystalite/outputs/final report output/mattergen_eval_fixed_film_raw_skip8_view/fixed_film__g5__t2/cifs/sample_00030.cif,True,False,True,False,1.1128256810850046,6002.858119937127,375.17863249607046,16,False,True,True,,,,False,,1.1780342880611514,True,
fixed_film__g5__t2,5,2,31,provenance://crystalite/outputs/final report output/mattergen_eval_fixed_film_raw_skip8_view/fixed_film__g5__t2/cifs/sample_00031.cif,True,True,True,True,2.5929389391786097,190.863803692375,38.172760738475,5,False,True,True,,,,False,,3.127111822419367,True,
fixed_film__g5__t2,5,2,33,provenance://crystalite/outputs/final report output/mattergen_eval_fixed_film_raw_skip8_view/fixed_film__g5__t2/cifs/sample_00033.cif,True,True,True,True,1.5839122365665568,226.5435761886743,18.878631349056192,12,False,True,True,,,,False,,2.719332567059665,True,
fixed_film__g5__t2,5,2,34,provenance://crystalite/outputs/final report output/mattergen_eval_fixed_film_raw_skip8_view/fixed_film__g5__t2/cifs/sample_00034.cif,True,True,True,True,1.0435046410640234,257.040618039438,19.77235523380292,13,False,True,True,,,,False,,2.430128297914648,True,
fixed_film__g5__t2,5,2,35,provenance://crystalite/outputs/final report output/mattergen_eval_fixed_film_raw_skip8_view/fixed_film__g5__t2/cifs/sample_00035.cif,True,False,True,False,1.1123865473047432,1259.573590037584,179.93908429108342,7,False,True,True,,,,False,,2.196304649890713,True,
fixed_film__g5__t2,5,2,37,provenance://crystalite/outputs/final report output/mattergen_eval_fixed_film_raw_skip8_view/fixed_film__g5__t2/cifs/sample_00037.cif,True,True,True,True,1.1121190400597438,807.1765902639684,50.44853689149802,16,False,True,True,,,,False,,1.599800179460465,True,
fixed_film__g5__t2,5,2,38,provenance://crystalite/outputs/final report output/mattergen_eval_fixed_film_raw_skip8_view/fixed_film__g5__t2/cifs/sample_00038.cif,True,True,True,True,1.1967969868215698,305.18844272233366,25.43237022686114,12,False,True,True,,,,False,,1.4445093210374145,True,
fixed_film__g5__t2,5,2,40,provenance://crystalite/outputs/final report output/mattergen_eval_fixed_film_raw_skip8_view/fixed_film__g5__t2/cifs/sample_00040.cif,True,True,True,True,4.872218261602039,235.80665908678768,117.90332954339384,2,False,True,True,,,,False,,2.0326931220679803,True,
fixed_film__g5__t2,5,2,41,provenance://crystalite/outputs/final report output/mattergen_eval_fixed_film_raw_skip8_view/fixed_film__g5__t2/cifs/sample_00041.cif,True,False,True,False,1.1132332859780172,1044.686507623765,208.937301524753,5,False,True,True,,,,False,,1.8646747720842167,True,
fixed_film__g5__t2,5,2,43,provenance://crystalite/outputs/final report output/mattergen_eval_fixed_film_raw_skip8_view/fixed_film__g5__t2/cifs/sample_00043.cif,True,True,True,True,1.394228410658819,601.7234786496974,60.172347864969744,10,False,True,True,,,,False,,1.6335497410905049,True,
fixed_film__g5__t2,5,2,44,provenance://crystalite/outputs/final report output/mattergen_eval_fixed_film_raw_skip8_view/fixed_film__g5__t2/cifs/sample_00044.cif,True,True,True,True,1.3756527418572546,233.50933560013803,23.350933560013804,10,False,True,True,,,,False,,3.090888497711545,True,
fixed_film__g5__t2,5,2,45,provenance://crystalite/outputs/final report output/mattergen_eval_fixed_film_raw_skip8_view/fixed_film__g5__t2/cifs/sample_00045.cif,True,False,True,False,1.1124864209829466,926.0913390419717,154.3485565069953,6,False,True,True,,,,False,,3.259024759423698,True,
fixed_film__g5__t2,5,2,46,provenance://crystalite/outputs/final report output/mattergen_eval_fixed_film_raw_skip8_view/fixed_film__g5__t2/cifs/sample_00046.cif,True,True,True,True,1.145323867461317,415.9792235569148,37.816293050628616,11,False,True,True,,,,False,,1.5729757689519197,True,
fixed_film__g5__t2,5,2,47,provenance://crystalite/outputs/final report output/mattergen_eval_fixed_film_raw_skip8_view/fixed_film__g5__t2/cifs/sample_00047.cif,True,False,True,False,1.1125507382929458,414.0622730936406,34.50518942447005,12,False,True,True,,,,False,,1.8639606262630264,True,
fixed_film__g5__t2,5,2,48,provenance://crystalite/outputs/final report output/mattergen_eval_fixed_film_raw_skip8_view/fixed_film__g5__t2/cifs/sample_00048.cif,True,True,True,True,1.112941304440633,410.339799503241,51.292474937905126,8,False,True,True,,,,False,,1.2279609313640525,True,
fixed_film__g5__t2,5,2,49,provenance://crystalite/outputs/final report output/mattergen_eval_fixed_film_raw_skip8_view/fixed_film__g5__t2/cifs/sample_00049.cif,True,True,True,True,1.154266757062082,198.9358579330711,24.866982241633888,8,False,True,True,,,,False,,2.1574707599684317,True,
fixed_film__g5__t2,5,2,50,provenance://crystalite/outputs/final report output/mattergen_eval_fixed_film_raw_skip8_view/fixed_film__g5__t2/cifs/sample_00050.cif,True,True,True,True,1.2982424898252378,6883.329075773401,573.6107563144501,12,False,True,True,,,,False,,2.1089111094364115,True,
fixed_film__g5__t2,5,2,51,provenance://crystalite/outputs/final report output/mattergen_eval_fixed_film_raw_skip8_view/fixed_film__g5__t2/cifs/sample_00051.cif,True,True,True,True,1.113492763896544,348.7258146622718,38.74731274025242,9,False,True,True,,,,False,,2.316655419716962,True,
fixed_film__g5__t2,5,2,52,provenance://crystalite/outputs/final report output/mattergen_eval_fixed_film_raw_skip8_view/fixed_film__g5__t2/cifs/sample_00052.cif,True,True,True,True,1.233543649780489,162.3726406712593,14.761149151932663,11,False,True,True,,,,False,,4.177148523520167,True,
fixed_film__g5__t2,5,2,54,provenance://crystalite/outputs/final report output/mattergen_eval_fixed_film_raw_skip8_view/fixed_film__g5__t2/cifs/sample_00054.cif,True,False,True,False,1.1109150314870573,527.6135619192453,29.31186455106918,18,False,True,True,,,,False,,3.656665508614434,True,
fixed_film__g5__t2,5,2,55,provenance://crystalite/outputs/final report output/mattergen_eval_fixed_film_raw_skip8_view/fixed_film__g5__t2/cifs/sample_00055.cif,True,True,True,True,1.3455170541804524,22811.38528344375,1900.9487736203123,12,False,True,True,,,,False,,2.352788063570013,True,
fixed_film__g5__t2,5,2,56,provenance://crystalite/outputs/final report output/mattergen_eval_fixed_film_raw_skip8_view/fixed_film__g5__t2/cifs/sample_00056.cif,True,True,True,True,1.8415827276733705,598.1100318703845,149.52750796759614,4,False,True,True,,,,False,,3.272277677754937,True,
fixed_film__g5__t2,5,2,57,provenance://crystalite/outputs/final report output/mattergen_eval_fixed_film_raw_skip8_view/fixed_film__g5__t2/cifs/sample_00057.cif,True,True,True,True,5.049206071384122,3793.926706692089,758.7853413384178,5,False,True,True,,,,False,,2.6161581418758835,True,
fixed_film__g5__t2,5,2,62,provenance://crystalite/outputs/final report output/mattergen_eval_fixed_film_raw_skip8_view/fixed_film__g5__t2/cifs/sample_00062.cif,True,True,True,True,1.1134373363691428,309.2364735503237,28.11240668639306,11,False,True,True,,,,False,,1.7536006129132498,True,
fixed_film__g5__t2,5,2,64,provenance://crystalite/outputs/final report output/mattergen_eval_fixed_film_raw_skip8_view/fixed_film__g5__t2/cifs/sample_00064.cif,True,True,True,True,1.4023028324683984,175.27122487398398,25.03874641056914,7,False,True,True,,,,False,,2.600302475172105,True,
fixed_film__g5__t2,5,2,65,provenance://crystalite/outputs/final report output/mattergen_eval_fixed_film_raw_skip8_view/fixed_film__g5__t2/cifs/sample_00065.cif,True,True,True,True,1.1700228493810183,109.18765867057276,18.197943111762125,6,False,True,True,,,,False,,2.0776207218444944,True,
fixed_film__g5__t2,5,2,66,provenance://crystalite/outputs/final report output/mattergen_eval_fixed_film_raw_skip8_view/fixed_film__g5__t2/cifs/sample_00066.cif,True,True,True,True,1.3580286763282503,1401.9608775597346,70.09804387798673,20,False,True,True,,,,False,,1.9069052842819392,True,
fixed_film__g5__t2,5,2,67,provenance://crystalite/outputs/final report output/mattergen_eval_fixed_film_raw_skip8_view/fixed_film__g5__t2/cifs/sample_00067.cif,True,True,True,True,1.1129099821536617,6242.655745553975,520.221312129498,12,False,True,True,,,,False,,3.1589157525293623,True,
fixed_film__g5__t2,5,2,68,provenance://crystalite/outputs/final report output/mattergen_eval_fixed_film_raw_skip8_view/fixed_film__g5__t2/cifs/sample_00068.cif,True,True,True,True,1.5750933919826058,956.0907924298192,239.0226981074548,4,False,True,True,,,,False,,1.7913361382857325,True,
fixed_film__g5__t2,5,2,69,provenance://crystalite/outputs/final report output/mattergen_eval_fixed_film_raw_skip8_view/fixed_film__g5__t2/cifs/sample_00069.cif,True,True,True,True,1.3356378426058937,3098.390290578109,154.91951452890547,20,False,True,True,,,,False,,1.1887032250770475,True,
fixed_film__g5__t2,5,2,71,provenance://crystalite/outputs/final report output/mattergen_eval_fixed_film_raw_skip8_view/fixed_film__g5__t2/cifs/sample_00071.cif,True,False,True,False,1.1125151199190424,413.24831935292127,68.87471989215355,6,False,True,True,,,,False,,1.5887009132846142,True,
fixed_film__g5__t2,5,2,72,provenance://crystalite/outputs/final report output/mattergen_eval_fixed_film_raw_skip8_view/fixed_film__g5__t2/cifs/sample_00072.cif,True,False,True,False,1.1130727428966245,6207.835306988503,620.7835306988503,10,False,True,True,,,,False,,0.8305653029904888,True,
fixed_film__g5__t2,5,2,73,provenance://crystalite/outputs/final report output/mattergen_eval_fixed_film_raw_skip8_view/fixed_film__g5__t2/cifs/sample_00073.cif,True,False,True,False,1.113062856011482,2643.588807312692,165.22430045704323,16,False,True,True,,,,False,,1.285612963570078,True,
fixed_film__g5__t2,5,2,74,provenance://crystalite/outputs/final report output/mattergen_eval_fixed_film_raw_skip8_view/fixed_film__g5__t2/cifs/sample_00074.cif,True,True,True,True,5.4061830231566255,2702.2408385405656,675.5602096351414,4,False,True,True,,,,False,,0.8018960797885507,True,
fixed_film__g5__t2,5,2,75,provenance://crystalite/outputs/final report output/mattergen_eval_fixed_film_raw_skip8_view/fixed_film__g5__t2/cifs/sample_00075.cif,True,True,True,True,1.4708951367387817,160.43356329547782,20.054195411934728,8,False,True,True,,,,False,,1.887656407838156,True,
fixed_film__g5__t2,5,2,76,provenance://crystalite/outputs/final report output/mattergen_eval_fixed_film_raw_skip8_view/fixed_film__g5__t2/cifs/sample_00076.cif,True,True,True,True,8.459094044710412,3493.741932532505,1746.8709662662525,2,False,True,True,,,,False,,4.742687666878176,True,
fixed_film__g5__t2,5,2,77,provenance://crystalite/outputs/final report output/mattergen_eval_fixed_film_raw_skip8_view/fixed_film__g5__t2/cifs/sample_00077.cif,True,False,True,False,1.1127221453709406,363.33167470368033,40.37018607818671,9,False,True,True,,,,False,,1.0916311335124351,True,
fixed_film__g5__t2,5,2,78,provenance://crystalite/outputs/final report output/mattergen_eval_fixed_film_raw_skip8_view/fixed_film__g5__t2/cifs/sample_00078.cif,True,True,True,True,1.1115157429456273,219.16241212482217,27.39530151560277,8,False,True,True,,,,False,,1.491748702965901,True,
fixed_film__g5__t2,5,2,79,provenance://crystalite/outputs/final report output/mattergen_eval_fixed_film_raw_skip8_view/fixed_film__g5__t2/cifs/sample_00079.cif,True,False,True,False,1.1117883846645946,1182.8182627315853,73.92614142072408,16,False,True,True,,,,False,,1.8483799875834617,True,
fixed_film__g5__t2,5,2,80,provenance://crystalite/outputs/final report output/mattergen_eval_fixed_film_raw_skip8_view/fixed_film__g5__t2/cifs/sample_00080.cif,True,False,True,False,1.1152511563703882,247.2014948236729,24.72014948236729,10,False,True,True,,,,False,,2.305363268775356,True,
fixed_film__g5__t2,5,2,82,provenance://crystalite/outputs/final report output/mattergen_eval_fixed_film_raw_skip8_view/fixed_film__g5__t2/cifs/sample_00082.cif,True,True,True,True,1.1132599813054882,430.798162666399,71.79969377773317,6,False,True,True,,,,False,,4.062612856855902,True,
fixed_film__g5__t2,5,2,83,provenance://crystalite/outputs/final report output/mattergen_eval_fixed_film_raw_skip8_view/fixed_film__g5__t2/cifs/sample_00083.cif,True,False,True,False,1.112750015102422,410.4625145670341,34.20520954725284,12,False,True,True,,,,False,,2.109052352119942,True,
fixed_film__g5__t2,5,2,84,provenance://crystalite/outputs/final report output/mattergen_eval_fixed_film_raw_skip8_view/fixed_film__g5__t2/cifs/sample_00084.cif,True,True,True,True,1.1129045129217674,3245.743667832763,180.31909265737573,18,False,True,True,,,,False,,1.8261795351430048,True,
fixed_film__g5__t2,5,2,85,provenance://crystalite/outputs/final report output/mattergen_eval_fixed_film_raw_skip8_view/fixed_film__g5__t2/cifs/sample_00085.cif,True,True,True,True,1.1117482521193969,891.2923770063584,74.27436475052987,12,False,True,True,,,,False,,1.4313202566430758,True,
fixed_film__g5__t2,5,2,89,provenance://crystalite/outputs/final report output/mattergen_eval_fixed_film_raw_skip8_view/fixed_film__g5__t2/cifs/sample_00089.cif,True,False,True,False,1.112971738423676,1533.829662470243,95.8643539043902,16,False,True,True,,,,False,,1.418403511260242,True,
fixed_film__g5__t2,5,2,90,provenance://crystalite/outputs/final report output/mattergen_eval_fixed_film_raw_skip8_view/fixed_film__g5__t2/cifs/sample_00090.cif,True,False,True,False,1.328566403333712,2652.957165458887,189.49694038992047,14,False,True,True,,,,False,,2.811189519557916,True,
fixed_film__g5__t2,5,2,91,provenance://crystalite/outputs/final report output/mattergen_eval_fixed_film_raw_skip8_view/fixed_film__g5__t2/cifs/sample_00091.cif,True,True,True,True,1.3550616586600477,31.35787858893057,10.45262619631019,3,False,True,True,,,,False,,5.098482614811162,True,
fixed_film__g5__t2,5,2,92,provenance://crystalite/outputs/final report output/mattergen_eval_fixed_film_raw_skip8_view/fixed_film__g5__t2/cifs/sample_00092.cif,True,True,True,True,1.803950531255876,465.8988056184474,93.17976112368947,5,False,True,True,,,,False,,1.7399790780919808,True,
fixed_film__g5__t2,5,2,93,provenance://crystalite/outputs/final report output/mattergen_eval_fixed_film_raw_skip8_view/fixed_film__g5__t2/cifs/sample_00093.cif,True,True,True,True,1.111415896083884,690.0274347920213,98.5753478274316,7,False,True,True,,,,False,,1.732959178547943,True,
fixed_film__g5__t2,5,2,94,provenance://crystalite/outputs/final report output/mattergen_eval_fixed_film_raw_skip8_view/fixed_film__g5__t2/cifs/sample_00094.cif,True,True,True,True,1.112836701076201,2064.5062445280028,206.45062445280027,10,False,True,True,,,,False,,2.6181373106327164,True,
fixed_film__g5__t2,5,2,95,provenance://crystalite/outputs/final report output/mattergen_eval_fixed_film_raw_skip8_view/fixed_film__g5__t2/cifs/sample_00095.cif,True,True,True,True,1.1123806440906905,734.0928221061629,45.88080138163518,16,False,True,True,,,,False,,1.6173293331780083,True,
fixed_film__g5__t2,5,2,96,provenance://crystalite/outputs/final report output/mattergen_eval_fixed_film_raw_skip8_view/fixed_film__g5__t2/cifs/sample_00096.cif,True,True,True,True,1.1196247142985272,259.24002349560567,43.20667058260094,6,False,True,True,,,,False,,3.244308326865641,True,
fixed_film__g5__t2,5,2,98,provenance://crystalite/outputs/final report output/mattergen_eval_fixed_film_raw_skip8_view/fixed_film__g5__t2/cifs/sample_00098.cif,True,True,True,True,1.1124310359880027,1255.9556976382642,69.77531653545913,18,False,True,True,,,,False,,0.0488530831709535,True,
fixed_film__g5__t2,5,2,99,provenance://crystalite/outputs/final report output/mattergen_eval_fixed_film_raw_skip8_view/fixed_film__g5__t2/cifs/sample_00099.cif,True,True,True,True,1.1124252968218764,4102.267703442376,227.9037613023542,18,False,True,True,,,,False,,1.3006426001468951,True,
fixed_film__g5__t2,5,2,100,provenance://crystalite/outputs/final report output/mattergen_eval_fixed_film_raw_skip8_view/fixed_film__g5__t2/cifs/sample_00100.cif,True,False,True,False,1.1711818577882522,167.6659512763178,23.95227875375969,7,False,True,True,,,,False,,1.3814734566364963,True,
fixed_film__g5__t2,5,2,101,provenance://crystalite/outputs/final report output/mattergen_eval_fixed_film_raw_skip8_view/fixed_film__g5__t2/cifs/sample_00101.cif,True,True,True,True,1.1393280173622646,183.5750748986329,22.946884362329115,8,False,True,True,,,,False,,0.6883718163491285,True,
fixed_film__g5__t2,5,2,102,provenance://crystalite/outputs/final report output/mattergen_eval_fixed_film_raw_skip8_view/fixed_film__g5__t2/cifs/sample_00102.cif,True,True,True,True,1.6527943641541476,1696.3015561600355,141.35846301333632,12,False,True,True,,,,False,,1.1822240892535223,True,
fixed_film__g5__t2,5,2,103,provenance://crystalite/outputs/final report output/mattergen_eval_fixed_film_raw_skip8_view/fixed_film__g5__t2/cifs/sample_00103.cif,True,False,True,False,1.112697678032453,3711.465622673564,185.57328113367825,20,False,True,True,,,,False,,2.0384280233985854,True,
fixed_film__g5__t2,5,2,104,provenance://crystalite/outputs/final report output/mattergen_eval_fixed_film_raw_skip8_view/fixed_film__g5__t2/cifs/sample_00104.cif,True,False,True,False,1.1124066839417768,3767.460556288733,313.95504635739445,12,False,True,True,,,,False,,0.9800216357430568,True,
fixed_film__g5__t2,5,2,105,provenance://crystalite/outputs/final report output/mattergen_eval_fixed_film_raw_skip8_view/fixed_film__g5__t2/cifs/sample_00105.cif,True,True,True,True,7.568391635581252,382.5656697711245,127.52188992370816,3,False,True,True,,,,False,,2.0291054375532567,True,
fixed_film__g5__t2,5,2,107,provenance://crystalite/outputs/final report output/mattergen_eval_fixed_film_raw_skip8_view/fixed_film__g5__t2/cifs/sample_00107.cif,True,True,True,True,1.1135563660486634,609.5675386513727,46.88981066549021,13,False,True,True,,,,False,,1.3051883931457933,True,
fixed_film__g5__t2,5,2,108,provenance://crystalite/outputs/final report output/mattergen_eval_fixed_film_raw_skip8_view/fixed_film__g5__t2/cifs/sample_00108.cif,True,False,True,False,1.3623739846780594,987.0342196072434,82.25285163393694,12,False,True,True,,,,False,,2.808536290946812,True,
fixed_film__g5__t2,5,2,109,provenance://crystalite/outputs/final report output/mattergen_eval_fixed_film_raw_skip8_view/fixed_film__g5__t2/cifs/sample_00109.cif,True,True,True,True,1.2372189073761255,1355.8772086347071,75.32651159081706,18,False,True,True,,,,False,,1.6593799874869095,True,
fixed_film__g5__t2,5,2,110,provenance://crystalite/outputs/final report output/mattergen_eval_fixed_film_raw_skip8_view/fixed_film__g5__t2/cifs/sample_00110.cif,True,False,True,False,1.1133002069261455,520.7538126870669,37.19670090621906,14,False,True,True,,,,False,,1.886845414035433,True,
fixed_film__g5__t2,5,2,111,provenance://crystalite/outputs/final report output/mattergen_eval_fixed_film_raw_skip8_view/fixed_film__g5__t2/cifs/sample_00111.cif,True,True,True,True,1.1126452880063844,486.9128234481279,60.86410293101599,8,False,True,True,,,,False,,1.1441330260151066,True,
fixed_film__g5__t2,5,2,112,provenance://crystalite/outputs/final report output/mattergen_eval_fixed_film_raw_skip8_view/fixed_film__g5__t2/cifs/sample_00112.cif,True,False,True,False,0.7093268366906181,303.6524961006953,60.730499220139066,5,False,True,True,,,,False,,1.5950478841762994,True,
fixed_film__g5__t2,5,2,113,provenance://crystalite/outputs/final report output/mattergen_eval_fixed_film_raw_skip8_view/fixed_film__g5__t2/cifs/sample_00113.cif,True,True,True,True,1.4793847901772836,145.6249341077161,18.20311676346451,8,False,True,True,,,,False,,2.9641107615890543,True,
fixed_film__g5__t2,5,2,114,provenance://crystalite/outputs/final report output/mattergen_eval_fixed_film_raw_skip8_view/fixed_film__g5__t2/cifs/sample_00114.cif,True,True,True,True,1.4333395202430237,11021.446737328692,787.2461955234779,14,False,True,True,,,,False,,1.739774023628219,True,
fixed_film__g5__t2,5,2,116,provenance://crystalite/outputs/final report output/mattergen_eval_fixed_film_raw_skip8_view/fixed_film__g5__t2/cifs/sample_00116.cif,True,True,True,True,1.1124730486882897,2568.601094103869,321.0751367629836,8,False,True,True,,,,False,,2.1769759327770584,True,
fixed_film__g5__t2,5,2,117,provenance://crystalite/outputs/final report output/mattergen_eval_fixed_film_raw_skip8_view/fixed_film__g5__t2/cifs/sample_00117.cif,True,False,True,False,1.3277894282822895,2248.885078940541,132.28735758473772,17,False,True,True,,,,False,,1.8141304979301376,True,
fixed_film__g5__t2,5,2,118,provenance://crystalite/outputs/final report output/mattergen_eval_fixed_film_raw_skip8_view/fixed_film__g5__t2/cifs/sample_00118.cif,True,True,True,True,1.111407491153146,939.1387986721332,46.95693993360666,20,False,True,True,,,,False,,2.014894255633151,True,
fixed_film__g5__t2,5,2,119,provenance://crystalite/outputs/final report output/mattergen_eval_fixed_film_raw_skip8_view/fixed_film__g5__t2/cifs/sample_00119.cif,True,True,True,True,1.3937075869786104,6624.361366235828,331.2180683117914,20,False,True,True,,,,False,,1.1338657786272528,True,
fixed_film__g5__t2,5,2,120,provenance://crystalite/outputs/final report output/mattergen_eval_fixed_film_raw_skip8_view/fixed_film__g5__t2/cifs/sample_00120.cif,True,True,True,True,1.11157193323672,1109.3148177325231,55.46574088662616,20,False,True,True,,,,False,,1.2463386982360964,True,
fixed_film__g5__t2,5,2,123,provenance://crystalite/outputs/final report output/mattergen_eval_fixed_film_raw_skip8_view/fixed_film__g5__t2/cifs/sample_00123.cif,True,True,True,True,1.47950608087812,15470.462107511608,1547.0462107511607,10,False,True,True,,,,False,,1.388643901389079,True,
fixed_film__g5__t2,5,2,124,provenance://crystalite/outputs/final report output/mattergen_eval_fixed_film_raw_skip8_view/fixed_film__g5__t2/cifs/sample_00124.cif,True,False,True,False,1.1127195831628325,4073.4747906598272,290.96248504713054,14,False,True,True,,,,False,,1.6794602616034944,True,
fixed_film__g5__t2,5,2,125,provenance://crystalite/outputs/final report output/mattergen_eval_fixed_film_raw_skip8_view/fixed_film__g5__t2/cifs/sample_00125.cif,True,True,False,False,0.1879067284457705,8.03103767644542,0.401551883822271,20,False,True,True,,,,False,,,False,skipped_anisonet: structure_valid=False; AnisoNet graph construction is unsafe for collapsed geometries
fixed_film__g5__t2,5,2,126,provenance://crystalite/outputs/final report output/mattergen_eval_fixed_film_raw_skip8_view/fixed_film__g5__t2/cifs/sample_00126.cif,True,False,True,False,1.1125007252514252,17163.741522719265,1320.2878094399434,13,False,True,True,,,,False,,1.647584314539054,True,
fixed_film__g5__t2,5,2,127,provenance://crystalite/outputs/final report output/mattergen_eval_fixed_film_raw_skip8_view/fixed_film__g5__t2/cifs/sample_00127.cif,True,True,True,True,1.112665794671145,494.8351892943648,49.48351892943647,10,False,True,True,,,,False,,1.491602789641273,True,
fixed_film__g5__t4,5,4,0,provenance://crystalite/outputs/final report output/mattergen_eval_fixed_film_raw_skip8_view/fixed_film__g5__t4/cifs/sample_00000.cif,True,True,True,True,1.2851629035093868,229.0461507793083,57.26153769482708,4,False,True,True,,,,False,,1.913708965866724,True,
fixed_film__g5__t4,5,4,1,provenance://crystalite/outputs/final report output/mattergen_eval_fixed_film_raw_skip8_view/fixed_film__g5__t4/cifs/sample_00001.cif,True,True,True,True,1.2437355199516382,593.056683198731,29.65283415993655,20,False,True,True,,,,False,,2.786787235400152,True,
fixed_film__g5__t4,5,4,2,provenance://crystalite/outputs/final report output/mattergen_eval_fixed_film_raw_skip8_view/fixed_film__g5__t4/cifs/sample_00002.cif,True,True,True,True,1.637433265780177,271.6874669868255,33.960933373353186,8,False,True,True,,,,False,,2.284509035608613,True,
fixed_film__g5__t4,5,4,3,provenance://crystalite/outputs/final report output/mattergen_eval_fixed_film_raw_skip8_view/fixed_film__g5__t4/cifs/sample_00003.cif,True,True,True,True,1.156629418941672,320.25088278920896,40.03136034865112,8,False,True,True,,,,False,,2.190484170831005,True,
fixed_film__g5__t4,5,4,4,provenance://crystalite/outputs/final report output/mattergen_eval_fixed_film_raw_skip8_view/fixed_film__g5__t4/cifs/sample_00004.cif,True,True,True,True,2.70091768938848,139.9500681825164,69.9750340912582,2,False,True,True,,,,False,,3.1022139626295053,True,
fixed_film__g5__t4,5,4,6,provenance://crystalite/outputs/final report output/mattergen_eval_fixed_film_raw_skip8_view/fixed_film__g5__t4/cifs/sample_00006.cif,True,True,True,True,1.2335969939390918,233.53181766601136,29.19147720825142,8,False,True,True,,,,False,,2.266360587499461,True,
fixed_film__g5__t4,5,4,10,provenance://crystalite/outputs/final report output/mattergen_eval_fixed_film_raw_skip8_view/fixed_film__g5__t4/cifs/sample_00010.cif,True,True,True,True,1.234665538353529,277.77661430663886,23.148051192219903,12,False,True,True,,,,False,,2.1158865571161947,True,
fixed_film__g5__t4,5,4,12,provenance://crystalite/outputs/final report output/mattergen_eval_fixed_film_raw_skip8_view/fixed_film__g5__t4/cifs/sample_00012.cif,True,False,True,False,1.946690961446944,345.8816604847459,34.58816604847459,10,False,True,True,,,,False,,3.907704738141325,True,
fixed_film__g5__t4,5,4,13,provenance://crystalite/outputs/final report output/mattergen_eval_fixed_film_raw_skip8_view/fixed_film__g5__t4/cifs/sample_00013.cif,True,True,True,True,1.2475733945180842,315.2150097811835,26.26791748176529,12,False,True,True,,,,False,,2.355464714075618,True,
fixed_film__g5__t4,5,4,14,provenance://crystalite/outputs/final report output/mattergen_eval_fixed_film_raw_skip8_view/fixed_film__g5__t4/cifs/sample_00014.cif,True,True,True,True,1.4923704724165443,262.62202411385834,21.885168676154866,12,False,True,True,,,,False,,2.4555393763713256,True,
fixed_film__g5__t4,5,4,15,provenance://crystalite/outputs/final report output/mattergen_eval_fixed_film_raw_skip8_view/fixed_film__g5__t4/cifs/sample_00015.cif,True,True,True,True,1.2322174932740677,207.55678821004813,69.18559607001605,3,False,True,True,,,,False,,2.160727165123699,True,
fixed_film__g5__t4,5,4,16,provenance://crystalite/outputs/final report output/mattergen_eval_fixed_film_raw_skip8_view/fixed_film__g5__t4/cifs/sample_00016.cif,True,True,True,True,0.7491860004503098,432.55189682949424,24.030660934971905,18,False,True,True,,,,False,,2.8588036524495863,True,
fixed_film__g5__t4,5,4,17,provenance://crystalite/outputs/final report output/mattergen_eval_fixed_film_raw_skip8_view/fixed_film__g5__t4/cifs/sample_00017.cif,True,True,True,True,1.2616988473777613,218.98855987342068,27.373569984177585,8,False,True,True,,,,False,,2.676593334714356,True,
fixed_film__g5__t4,5,4,18,provenance://crystalite/outputs/final report output/mattergen_eval_fixed_film_raw_skip8_view/fixed_film__g5__t4/cifs/sample_00018.cif,True,True,True,True,2.9742258557355177,66.99089977558278,33.49544988779139,2,False,True,True,,,,False,,3.772747911854209,True,
fixed_film__g5__t4,5,4,19,provenance://crystalite/outputs/final report output/mattergen_eval_fixed_film_raw_skip8_view/fixed_film__g5__t4/cifs/sample_00019.cif,True,True,True,True,1.151981498708463,222.33701891353076,22.23370189135307,10,False,True,True,,,,False,,3.153716304046051,True,
fixed_film__g5__t4,5,4,20,provenance://crystalite/outputs/final report output/mattergen_eval_fixed_film_raw_skip8_view/fixed_film__g5__t4/cifs/sample_00020.cif,True,True,True,True,1.70431821105037,132.96608689900444,26.593217379800887,5,False,True,True,,,,False,,2.465032796733092,True,
fixed_film__g5__t4,5,4,23,provenance://crystalite/outputs/final report output/mattergen_eval_fixed_film_raw_skip8_view/fixed_film__g5__t4/cifs/sample_00023.cif,True,True,True,True,1.243770392298566,197.40488740665552,21.93387637851728,9,False,True,True,,,,False,,2.759105238194405,True,
fixed_film__g5__t4,5,4,24,provenance://crystalite/outputs/final report output/mattergen_eval_fixed_film_raw_skip8_view/fixed_film__g5__t4/cifs/sample_00024.cif,True,True,True,True,2.2342577766739367,281.3297783263844,28.13297783263844,10,False,True,True,,,,False,,4.111589794828187,True,
fixed_film__g5__t4,5,4,25,provenance://crystalite/outputs/final report output/mattergen_eval_fixed_film_raw_skip8_view/fixed_film__g5__t4/cifs/sample_00025.cif,True,True,True,True,1.4593768677228656,1130.8845170554696,70.68028231596685,16,False,True,True,,,,False,,2.6350854978653038,True,
fixed_film__g5__t4,5,4,27,provenance://crystalite/outputs/final report output/mattergen_eval_fixed_film_raw_skip8_view/fixed_film__g5__t4/cifs/sample_00027.cif,True,False,True,False,1.2044061806681956,282.0479198671708,35.25598998339635,8,False,True,True,,,,False,,2.314046470741865,True,
fixed_film__g5__t4,5,4,28,provenance://crystalite/outputs/final report output/mattergen_eval_fixed_film_raw_skip8_view/fixed_film__g5__t4/cifs/sample_00028.cif,True,True,True,True,1.40742801559834,375.0251367847157,23.43907104904473,16,False,True,True,,,,False,,3.316414292930979,True,
fixed_film__g5__t4,5,4,31,provenance://crystalite/outputs/final report output/mattergen_eval_fixed_film_raw_skip8_view/fixed_film__g5__t4/cifs/sample_00031.cif,True,True,True,True,1.469551733463457,97.60490919860732,19.520981839721465,5,False,True,True,,,,False,,2.68662649139927,True,
fixed_film__g5__t4,5,4,34,provenance://crystalite/outputs/final report output/mattergen_eval_fixed_film_raw_skip8_view/fixed_film__g5__t4/cifs/sample_00034.cif,True,False,True,False,1.2352963290719712,651.159948429099,50.08922680223839,13,False,True,True,,,,False,,1.6686743787352345,True,
fixed_film__g5__t4,5,4,37,provenance://crystalite/outputs/final report output/mattergen_eval_fixed_film_raw_skip8_view/fixed_film__g5__t4/cifs/sample_00037.cif,True,True,True,True,1.2539519664507326,499.7856788349006,31.236604927181286,16,False,True,True,,,,False,,2.090307085985074,True,
fixed_film__g5__t4,5,4,38,provenance://crystalite/outputs/final report output/mattergen_eval_fixed_film_raw_skip8_view/fixed_film__g5__t4/cifs/sample_00038.cif,True,True,True,True,1.4515972479740238,271.1859121700283,22.598826014169024,12,False,True,True,,,,False,,3.1719376642757062,True,
fixed_film__g5__t4,5,4,40,provenance://crystalite/outputs/final report output/mattergen_eval_fixed_film_raw_skip8_view/fixed_film__g5__t4/cifs/sample_00040.cif,True,True,True,True,3.332898817657997,75.73938227952279,37.86969113976139,2,False,True,False,,,,False,,2.2715096346248536,True,
fixed_film__g5__t4,5,4,42,provenance://crystalite/outputs/final report output/mattergen_eval_fixed_film_raw_skip8_view/fixed_film__g5__t4/cifs/sample_00042.cif,True,True,True,True,1.4184643234757446,374.5739004068228,23.410868775426422,16,False,True,True,,,,False,,3.345093043572701,True,
fixed_film__g5__t4,5,4,43,provenance://crystalite/outputs/final report output/mattergen_eval_fixed_film_raw_skip8_view/fixed_film__g5__t4/cifs/sample_00043.cif,True,True,True,True,1.3277868902706582,203.76200671896945,20.376200671896942,10,False,True,True,,,,False,,2.7513143349471485,True,
fixed_film__g5__t4,5,4,44,provenance://crystalite/outputs/final report output/mattergen_eval_fixed_film_raw_skip8_view/fixed_film__g5__t4/cifs/sample_00044.cif,True,True,True,True,1.450129661131678,186.637188849638,18.663718884963803,10,False,True,True,,,,False,,2.8442415266710888,True,
fixed_film__g5__t4,5,4,45,provenance://crystalite/outputs/final report output/mattergen_eval_fixed_film_raw_skip8_view/fixed_film__g5__t4/cifs/sample_00045.cif,True,True,True,True,1.2343430824473702,298.0019567803723,49.66699279672872,6,False,True,True,,,,False,,1.710194214923489,True,
fixed_film__g5__t4,5,4,46,provenance://crystalite/outputs/final report output/mattergen_eval_fixed_film_raw_skip8_view/fixed_film__g5__t4/cifs/sample_00046.cif,True,False,True,False,1.233547158698478,367.2695134082831,33.38813758257118,11,False,True,True,,,,False,,1.9999132233539123,True,
fixed_film__g5__t4,5,4,47,provenance://crystalite/outputs/final report output/mattergen_eval_fixed_film_raw_skip8_view/fixed_film__g5__t4/cifs/sample_00047.cif,True,True,True,True,0.9750371785940404,372.7486589980973,31.062388249841444,12,False,True,True,,,,False,,2.079081625809726,True,
fixed_film__g5__t4,5,4,50,provenance://crystalite/outputs/final report output/mattergen_eval_fixed_film_raw_skip8_view/fixed_film__g5__t4/cifs/sample_00050.cif,True,False,True,False,1.1407762611215548,403.173803303493,33.59781694195775,12,False,True,True,,,,False,,1.690102917359808,True,
fixed_film__g5__t4,5,4,51,provenance://crystalite/outputs/final report output/mattergen_eval_fixed_film_raw_skip8_view/fixed_film__g5__t4/cifs/sample_00051.cif,True,True,False,False,0.2692628962917366,3.756002951830279,0.4173336613144754,9,False,True,True,,,,False,,,False,skipped_anisonet: structure_valid=False; AnisoNet graph construction is unsafe for collapsed geometries
fixed_film__g5__t4,5,4,52,provenance://crystalite/outputs/final report output/mattergen_eval_fixed_film_raw_skip8_view/fixed_film__g5__t4/cifs/sample_00052.cif,True,True,True,True,1.450774274556501,186.2026361031496,16.927512373013602,11,False,True,True,,,,False,,2.61088736503311,True,
fixed_film__g5__t4,5,4,53,provenance://crystalite/outputs/final report output/mattergen_eval_fixed_film_raw_skip8_view/fixed_film__g5__t4/cifs/sample_00053.cif,True,True,True,True,1.2304965658701787,770.526658818406,42.80703660102255,18,False,True,True,,,,False,,1.7367752293104275,True,
fixed_film__g5__t4,5,4,56,provenance://crystalite/outputs/final report output/mattergen_eval_fixed_film_raw_skip8_view/fixed_film__g5__t4/cifs/sample_00056.cif,True,True,True,True,2.3577168908395887,81.0371671970653,20.259291799266325,4,False,True,True,,,,False,,5.842625555049257,True,
fixed_film__g5__t4,5,4,57,provenance://crystalite/outputs/final report output/mattergen_eval_fixed_film_raw_skip8_view/fixed_film__g5__t4/cifs/sample_00057.cif,True,False,True,False,1.3892769321510705,193.7597229722383,38.751944594447664,5,False,True,True,,,,False,,2.4893840328254133,True,
fixed_film__g5__t4,5,4,61,provenance://crystalite/outputs/final report output/mattergen_eval_fixed_film_raw_skip8_view/fixed_film__g5__t4/cifs/sample_00061.cif,True,False,True,False,1.2356463909366255,241.1635871475472,17.22597051053909,14,False,True,True,,,,False,,2.498274419107346,True,
fixed_film__g5__t4,5,4,62,provenance://crystalite/outputs/final report output/mattergen_eval_fixed_film_raw_skip8_view/fixed_film__g5__t4/cifs/sample_00062.cif,True,True,True,True,1.4719784982234083,302.05475339920974,27.459523036291795,11,False,True,True,,,,False,,2.2209164219564754,True,
fixed_film__g5__t4,5,4,63,provenance://crystalite/outputs/final report output/mattergen_eval_fixed_film_raw_skip8_view/fixed_film__g5__t4/cifs/sample_00063.cif,True,True,True,True,1.4531966182928284,153.4928196613211,17.05475774014679,9,False,True,True,,,,False,,2.88793134177292,True,
fixed_film__g5__t4,5,4,64,provenance://crystalite/outputs/final report output/mattergen_eval_fixed_film_raw_skip8_view/fixed_film__g5__t4/cifs/sample_00064.cif,True,True,True,True,1.4631308636217384,121.12404843419615,17.30343549059945,7,False,True,True,,,,False,,3.886434976437876,True,
fixed_film__g5__t4,5,4,65,provenance://crystalite/outputs/final report output/mattergen_eval_fixed_film_raw_skip8_view/fixed_film__g5__t4/cifs/sample_00065.cif,True,False,False,False,0.4129401281399291,11.975240281237776,1.995873380206296,6,False,True,True,,,,False,,,False,skipped_anisonet: structure_valid=False; AnisoNet graph construction is unsafe for collapsed geometries
fixed_film__g5__t4,5,4,68,provenance://crystalite/outputs/final report output/mattergen_eval_fixed_film_raw_skip8_view/fixed_film__g5__t4/cifs/sample_00068.cif,True,True,True,True,1.3332921697939089,133.45379963330836,33.36344990832709,4,False,True,True,,,,False,,2.0671939450107555,True,
fixed_film__g5__t4,5,4,69,provenance://crystalite/outputs/final report output/mattergen_eval_fixed_film_raw_skip8_view/fixed_film__g5__t4/cifs/sample_00069.cif,True,True,True,True,1.345612486256747,660.7360568693276,33.03680284346638,20,False,True,True,,,,False,,2.065298269385141,True,
fixed_film__g5__t4,5,4,70,provenance://crystalite/outputs/final report output/mattergen_eval_fixed_film_raw_skip8_view/fixed_film__g5__t4/cifs/sample_00070.cif,True,True,True,True,1.4289228594000771,462.4846616746704,25.693592315259465,18,False,True,True,,,,False,,3.6689294166693753,True,
fixed_film__g5__t4,5,4,71,provenance://crystalite/outputs/final report output/mattergen_eval_fixed_film_raw_skip8_view/fixed_film__g5__t4/cifs/sample_00071.cif,True,True,True,True,1.2320496617213124,167.51538855382373,27.91923142563729,6,False,True,True,,,,False,,2.2710807845684577,True,
fixed_film__g5__t4,5,4,73,provenance://crystalite/outputs/final report output/mattergen_eval_fixed_film_raw_skip8_view/fixed_film__g5__t4/cifs/sample_00073.cif,True,True,True,True,1.1784617448203245,388.3105639083674,24.26941024427296,16,False,True,True,,,,False,,2.1688658485536005,True,
fixed_film__g5__t4,5,4,74,provenance://crystalite/outputs/final report output/mattergen_eval_fixed_film_raw_skip8_view/fixed_film__g5__t4/cifs/sample_00074.cif,True,True,True,True,1.553446697977794,38.072924962008486,9.51823124050212,4,False,True,True,,,,False,,2.611958567025566,True,
fixed_film__g5__t4,5,4,75,provenance://crystalite/outputs/final report output/mattergen_eval_fixed_film_raw_skip8_view/fixed_film__g5__t4/cifs/sample_00075.cif,True,False,True,False,1.2310542681801262,144.58120084435245,18.072650105544056,8,False,True,True,,,,False,,1.875711178731125,True,
fixed_film__g5__t4,5,4,76,provenance://crystalite/outputs/final report output/mattergen_eval_fixed_film_raw_skip8_view/fixed_film__g5__t4/cifs/sample_00076.cif,True,True,True,True,4.872709742908223,74.71926084485686,37.35963042242843,2,False,True,True,,,,False,,1.963157521945125,True,
fixed_film__g5__t4,5,4,78,provenance://crystalite/outputs/final report output/mattergen_eval_fixed_film_raw_skip8_view/fixed_film__g5__t4/cifs/sample_00078.cif,True,True,True,True,1.183674716829843,246.35936479513845,30.794920599392302,8,False,True,True,,,,False,,1.9149961956577064,True,
fixed_film__g5__t4,5,4,80,provenance://crystalite/outputs/final report output/mattergen_eval_fixed_film_raw_skip8_view/fixed_film__g5__t4/cifs/sample_00080.cif,True,True,False,False,0.1352710960451541,1.941006473843032,0.1941006473843031,10,False,True,True,,,,False,,,False,skipped_anisonet: structure_valid=False; AnisoNet graph construction is unsafe for collapsed geometries
fixed_film__g5__t4,5,4,82,provenance://crystalite/outputs/final report output/mattergen_eval_fixed_film_raw_skip8_view/fixed_film__g5__t4/cifs/sample_00082.cif,True,True,True,True,1.2280678377212164,118.25794202952927,19.70965700492155,6,False,True,True,,,,False,,3.090914365253396,True,
fixed_film__g5__t4,5,4,84,provenance://crystalite/outputs/final report output/mattergen_eval_fixed_film_raw_skip8_view/fixed_film__g5__t4/cifs/sample_00084.cif,True,True,True,True,1.2306026692777212,711.102928052086,39.505718225115885,18,False,True,True,,,,False,,2.04229935030134,True,
fixed_film__g5__t4,5,4,86,provenance://crystalite/outputs/final report output/mattergen_eval_fixed_film_raw_skip8_view/fixed_film__g5__t4/cifs/sample_00086.cif,True,True,True,True,1.2314871853747542,503.3930743377072,35.956648166979086,14,False,True,True,,,,False,,1.9386681259243816,True,
fixed_film__g5__t4,5,4,87,provenance://crystalite/outputs/final report output/mattergen_eval_fixed_film_raw_skip8_view/fixed_film__g5__t4/cifs/sample_00087.cif,True,True,True,True,1.2322229124533426,930.170721866352,77.51422682219601,12,False,True,True,,,,False,,2.0839095185602594,True,
fixed_film__g5__t4,5,4,90,provenance://crystalite/outputs/final report output/mattergen_eval_fixed_film_raw_skip8_view/fixed_film__g5__t4/cifs/sample_00090.cif,True,False,True,False,1.2334319619293042,592.1341177330132,42.29529412378666,14,False,True,True,,,,False,,3.386596733723222,True,
fixed_film__g5__t4,5,4,91,provenance://crystalite/outputs/final report output/mattergen_eval_fixed_film_raw_skip8_view/fixed_film__g5__t4/cifs/sample_00091.cif,True,True,True,True,1.570431282111609,27.0364733229819,9.0121577743273,3,False,True,True,,,,False,,2.5812787091843963,True,
fixed_film__g5__t4,5,4,92,provenance://crystalite/outputs/final report output/mattergen_eval_fixed_film_raw_skip8_view/fixed_film__g5__t4/cifs/sample_00092.cif,True,True,True,True,0.9845733634798052,57.247738294936006,11.449547658987202,5,False,True,True,,,,False,,1.9504760009157536,True,
fixed_film__g5__t4,5,4,93,provenance://crystalite/outputs/final report output/mattergen_eval_fixed_film_raw_skip8_view/fixed_film__g5__t4/cifs/sample_00093.cif,True,False,True,False,0.980357749814809,72.48028722950593,10.354326747072276,7,False,True,True,,,,False,,2.2934991334342736,True,
fixed_film__g5__t4,5,4,94,provenance://crystalite/outputs/final report output/mattergen_eval_fixed_film_raw_skip8_view/fixed_film__g5__t4/cifs/sample_00094.cif,True,True,True,True,1.6807319115420616,215.41600365840983,21.541600365840985,10,False,True,True,,,,False,,2.654247876296514,True,
fixed_film__g5__t4,5,4,95,provenance://crystalite/outputs/final report output/mattergen_eval_fixed_film_raw_skip8_view/fixed_film__g5__t4/cifs/sample_00095.cif,True,False,False,False,0.2541253392191295,18.64779141173292,1.1654869632333076,16,False,True,True,,,,False,,,False,skipped_anisonet: structure_valid=False; AnisoNet graph construction is unsafe for collapsed geometries
fixed_film__g5__t4,5,4,96,provenance://crystalite/outputs/final report output/mattergen_eval_fixed_film_raw_skip8_view/fixed_film__g5__t4/cifs/sample_00096.cif,True,True,True,True,1.233790622906878,191.1804175709319,31.863402928488643,6,False,True,True,,,,False,,2.030249145741708,True,
fixed_film__g5__t4,5,4,97,provenance://crystalite/outputs/final report output/mattergen_eval_fixed_film_raw_skip8_view/fixed_film__g5__t4/cifs/sample_00097.cif,True,True,True,True,1.277302142927729,459.1595843006255,24.16629391055924,19,False,True,True,,,,False,,2.6556545766695603,True,
fixed_film__g5__t4,5,4,98,provenance://crystalite/outputs/final report output/mattergen_eval_fixed_film_raw_skip8_view/fixed_film__g5__t4/cifs/sample_00098.cif,True,True,True,True,1.2333639329705854,370.0952303536487,20.56084613075826,18,False,True,True,,,,False,,3.113016767262617,True,
fixed_film__g5__t4,5,4,99,provenance://crystalite/outputs/final report output/mattergen_eval_fixed_film_raw_skip8_view/fixed_film__g5__t4/cifs/sample_00099.cif,True,True,True,True,1.4606765594104718,470.08965223388304,26.11609179077128,18,False,True,True,,,,False,,2.444273877278237,True,
fixed_film__g5__t4,5,4,100,provenance://crystalite/outputs/final report output/mattergen_eval_fixed_film_raw_skip8_view/fixed_film__g5__t4/cifs/sample_00100.cif,True,True,True,True,1.4704442358964815,139.13200448932082,19.876000641331547,7,False,True,True,,,,False,,6.797226296959959,True,
fixed_film__g5__t4,5,4,101,provenance://crystalite/outputs/final report output/mattergen_eval_fixed_film_raw_skip8_view/fixed_film__g5__t4/cifs/sample_00101.cif,True,True,True,True,1.7235320456001375,201.4983707769703,25.187296347121286,8,False,True,True,,,,False,,3.497652894332699,True,
fixed_film__g5__t4,5,4,102,provenance://crystalite/outputs/final report output/mattergen_eval_fixed_film_raw_skip8_view/fixed_film__g5__t4/cifs/sample_00102.cif,True,True,True,True,1.2311497453283151,451.0989404708199,37.59157837256832,12,False,True,True,,,,False,,2.0702023584140825,True,
fixed_film__g5__t4,5,4,104,provenance://crystalite/outputs/final report output/mattergen_eval_fixed_film_raw_skip8_view/fixed_film__g5__t4/cifs/sample_00104.cif,True,True,True,True,1.2352082456496245,306.1893361877885,25.515778015649044,12,False,True,True,,,,False,,2.1966583627441696,True,
fixed_film__g5__t4,5,4,105,provenance://crystalite/outputs/final report output/mattergen_eval_fixed_film_raw_skip8_view/fixed_film__g5__t4/cifs/sample_00105.cif,True,True,True,True,1.5011632609558276,76.45288423566916,25.484294745223053,3,False,True,True,,,,False,,6.08047992898873,True,
fixed_film__g5__t4,5,4,107,provenance://crystalite/outputs/final report output/mattergen_eval_fixed_film_raw_skip8_view/fixed_film__g5__t4/cifs/sample_00107.cif,True,True,True,True,1.2671006162506244,400.1389838509092,30.77992183468532,13,False,True,True,,,,False,,2.3635830349134106,True,
fixed_film__g5__t4,5,4,108,provenance://crystalite/outputs/final report output/mattergen_eval_fixed_film_raw_skip8_view/fixed_film__g5__t4/cifs/sample_00108.cif,True,False,True,False,1.2591185143158192,333.6782277900807,27.806518982506727,12,False,True,True,,,,False,,2.1923084802257966,True,
fixed_film__g5__t4,5,4,109,provenance://crystalite/outputs/final report output/mattergen_eval_fixed_film_raw_skip8_view/fixed_film__g5__t4/cifs/sample_00109.cif,True,False,True,False,1.234153022999668,531.3959032905218,29.52199462725121,18,False,True,True,,,,False,,2.380723834289391,True,
fixed_film__g5__t4,5,4,110,provenance://crystalite/outputs/final report output/mattergen_eval_fixed_film_raw_skip8_view/fixed_film__g5__t4/cifs/sample_00110.cif,True,True,True,True,2.043689733590362,414.7223469317015,29.623024780835824,14,False,True,True,,,,False,,4.242302856497496,True,
fixed_film__g5__t4,5,4,111,provenance://crystalite/outputs/final report output/mattergen_eval_fixed_film_raw_skip8_view/fixed_film__g5__t4/cifs/sample_00111.cif,True,False,True,False,1.2401276991498442,302.21364782560573,37.77670597820072,8,False,True,True,,,,False,,2.273900907419274,True,
fixed_film__g5__t4,5,4,112,provenance://crystalite/outputs/final report output/mattergen_eval_fixed_film_raw_skip8_view/fixed_film__g5__t4/cifs/sample_00112.cif,True,True,True,True,1.2216393884412362,11.990203515068544,2.398040703013709,5,False,True,True,,,,False,,-191.6596250588437,True,
fixed_film__g5__t4,5,4,115,provenance://crystalite/outputs/final report output/mattergen_eval_fixed_film_raw_skip8_view/fixed_film__g5__t4/cifs/sample_00115.cif,True,True,False,False,0.2740350143946009,10.128736022309727,0.8440613351924773,12,False,True,True,,,,False,,,False,skipped_anisonet: structure_valid=False; AnisoNet graph construction is unsafe for collapsed geometries
fixed_film__g5__t4,5,4,116,provenance://crystalite/outputs/final report output/mattergen_eval_fixed_film_raw_skip8_view/fixed_film__g5__t4/cifs/sample_00116.cif,True,True,True,True,1.4193531781434956,195.7635919128396,24.470448989104945,8,False,True,True,,,,False,,3.727315879575437,True,
fixed_film__g5__t4,5,4,120,provenance://crystalite/outputs/final report output/mattergen_eval_fixed_film_raw_skip8_view/fixed_film__g5__t4/cifs/sample_00120.cif,True,True,True,True,1.2402888289968457,596.0839057366528,29.80419528683264,20,False,True,True,,,,False,,2.698425195229225,True,
fixed_film__g5__t4,5,4,121,provenance://crystalite/outputs/final report output/mattergen_eval_fixed_film_raw_skip8_view/fixed_film__g5__t4/cifs/sample_00121.cif,True,True,False,False,0.3344012447971907,5.833120983962074,0.4487016141509287,13,False,True,True,,,,False,,,False,skipped_anisonet: structure_valid=False; AnisoNet graph construction is unsafe for collapsed geometries
fixed_film__g5__t4,5,4,122,provenance://crystalite/outputs/final report output/mattergen_eval_fixed_film_raw_skip8_view/fixed_film__g5__t4/cifs/sample_00122.cif,True,True,True,True,1.2256364547751537,1450.041923925112,80.55788466250623,18,False,True,True,,,,False,,1.6471495156211229,True,
fixed_film__g5__t4,5,4,123,provenance://crystalite/outputs/final report output/mattergen_eval_fixed_film_raw_skip8_view/fixed_film__g5__t4/cifs/sample_00123.cif,True,True,True,True,1.4692620160018488,492.6151293101973,49.26151293101973,10,False,True,True,,,,False,,1.942065297214288,True,
fixed_film__g5__t4,5,4,124,provenance://crystalite/outputs/final report output/mattergen_eval_fixed_film_raw_skip8_view/fixed_film__g5__t4/cifs/sample_00124.cif,True,True,True,True,1.4817629945746107,323.4937119443807,23.106693710312907,14,False,True,True,,,,False,,3.1943883708562004,True,
fixed_film__g5__t4,5,4,125,provenance://crystalite/outputs/final report output/mattergen_eval_fixed_film_raw_skip8_view/fixed_film__g5__t4/cifs/sample_00125.cif,True,True,True,True,1.2969755606095157,541.652217470573,27.082610873528647,20,False,True,True,,,,False,,3.0837506476071432,True,
fixed_film__g5__t4,5,4,126,provenance://crystalite/outputs/final report output/mattergen_eval_fixed_film_raw_skip8_view/fixed_film__g5__t4/cifs/sample_00126.cif,True,True,True,True,1.3573227211947725,235.82464881519104,18.140357601168542,13,False,True,True,,,,False,,2.4656050764870616,True,
fixed_film__g5__t4,5,4,127,provenance://crystalite/outputs/final report output/mattergen_eval_fixed_film_raw_skip8_view/fixed_film__g5__t4/cifs/sample_00127.cif,True,False,True,False,1.381883933008582,179.47004955579655,17.947004955579654,10,False,True,True,,,,False,,3.316897426252438,True,
fixed_film__g5__t8,5,8,0,provenance://crystalite/outputs/final report output/mattergen_eval_fixed_film_raw_skip8_view/fixed_film__g5__t8/cifs/sample_00000.cif,True,True,True,True,2.7779787930193707,129.23714362085843,32.30928590521461,4,False,True,True,,,,False,,16.974125737231148,True,
fixed_film__g5__t8,5,8,3,provenance://crystalite/outputs/final report output/mattergen_eval_fixed_film_raw_skip8_view/fixed_film__g5__t8/cifs/sample_00003.cif,True,True,True,True,2.3591038677241034,240.22659335448463,30.028324169310583,8,False,True,True,,,,False,,8.57984034283801,True,
fixed_film__g5__t8,5,8,4,provenance://crystalite/outputs/final report output/mattergen_eval_fixed_film_raw_skip8_view/fixed_film__g5__t8/cifs/sample_00004.cif,True,True,True,True,2.3222459406023344,66.58565246660285,33.292826233301426,2,False,True,True,,,,False,,7.8562872593016495,True,
fixed_film__g5__t8,5,8,6,provenance://crystalite/outputs/final report output/mattergen_eval_fixed_film_raw_skip8_view/fixed_film__g5__t8/cifs/sample_00006.cif,True,True,True,True,2.4895705759925346,259.08419282392464,32.38552410299058,8,False,True,True,,,,False,,9.37030472824087,True,
fixed_film__g5__t8,5,8,7,provenance://crystalite/outputs/final report output/mattergen_eval_fixed_film_raw_skip8_view/fixed_film__g5__t8/cifs/sample_00007.cif,True,True,True,True,2.148262998324329,538.3562931083835,38.45402093631311,14,False,True,True,,,,False,,8.045667387634014,True,
fixed_film__g5__t8,5,8,12,provenance://crystalite/outputs/final report output/mattergen_eval_fixed_film_raw_skip8_view/fixed_film__g5__t8/cifs/sample_00012.cif,True,False,True,False,1.6928461986882786,525.0466919077178,52.50466919077178,10,False,True,True,,,,False,,4.167051538120639,True,
fixed_film__g5__t8,5,8,13,provenance://crystalite/outputs/final report output/mattergen_eval_fixed_film_raw_skip8_view/fixed_film__g5__t8/cifs/sample_00013.cif,True,True,True,True,2.3136977736860405,522.6406174054966,43.55338478379139,12,False,True,True,,,,False,,4.177943461237947,True,
fixed_film__g5__t8,5,8,14,provenance://crystalite/outputs/final report output/mattergen_eval_fixed_film_raw_skip8_view/fixed_film__g5__t8/cifs/sample_00014.cif,True,False,True,False,1.7758295305950622,413.8418763949302,34.48682303291085,12,False,True,True,,,,False,,5.734876601438702,True,
fixed_film__g5__t8,5,8,15,provenance://crystalite/outputs/final report output/mattergen_eval_fixed_film_raw_skip8_view/fixed_film__g5__t8/cifs/sample_00015.cif,True,True,True,True,3.4741608272167417,94.25707888357586,31.419026294525285,3,True,True,True,,,,False,,25.72582986420808,True,
fixed_film__g5__t8,5,8,18,provenance://crystalite/outputs/final report output/mattergen_eval_fixed_film_raw_skip8_view/fixed_film__g5__t8/cifs/sample_00018.cif,True,False,True,False,2.9482298633054635,53.64078942032724,26.82039471016362,2,False,True,True,,,,False,,22.25573794683617,True,
fixed_film__g5__t8,5,8,20,provenance://crystalite/outputs/final report output/mattergen_eval_fixed_film_raw_skip8_view/fixed_film__g5__t8/cifs/sample_00020.cif,True,True,True,True,1.9777447368172447,127.40825727519902,25.481651455039803,5,False,True,True,,,,False,,11.146502718196194,True,
fixed_film__g5__t8,5,8,23,provenance://crystalite/outputs/final report output/mattergen_eval_fixed_film_raw_skip8_view/fixed_film__g5__t8/cifs/sample_00023.cif,True,False,True,False,1.4623915704365469,180.3725673293299,20.041396369925547,9,False,True,True,,,,False,,6.824915720137921,True,
fixed_film__g5__t8,5,8,27,provenance://crystalite/outputs/final report output/mattergen_eval_fixed_film_raw_skip8_view/fixed_film__g5__t8/cifs/sample_00027.cif,True,True,True,True,2.3887258194883056,176.84953841121688,22.10619230140211,8,False,True,True,,,,False,,10.10094171010372,True,
fixed_film__g5__t8,5,8,31,provenance://crystalite/outputs/final report output/mattergen_eval_fixed_film_raw_skip8_view/fixed_film__g5__t8/cifs/sample_00031.cif,True,True,True,True,2.9125841694750445,193.9953768720124,38.79907537440248,5,False,True,True,,,,False,,3.352315357759726,True,
fixed_film__g5__t8,5,8,35,provenance://crystalite/outputs/final report output/mattergen_eval_fixed_film_raw_skip8_view/fixed_film__g5__t8/cifs/sample_00035.cif,True,False,True,False,2.140889250962052,222.1791508793749,31.73987869705356,7,False,True,True,,,,False,,5.602663617880258,True,
fixed_film__g5__t8,5,8,36,provenance://crystalite/outputs/final report output/mattergen_eval_fixed_film_raw_skip8_view/fixed_film__g5__t8/cifs/sample_00036.cif,True,True,True,True,2.3661807662228926,829.9072656797646,46.105959204431365,18,False,True,True,,,,False,,6.529069281819733,True,
fixed_film__g5__t8,5,8,38,provenance://crystalite/outputs/final report output/mattergen_eval_fixed_film_raw_skip8_view/fixed_film__g5__t8/cifs/sample_00038.cif,True,True,True,True,2.061516913526852,359.5059313266028,29.958827610550237,12,False,True,True,,,,False,,6.858998486110171,True,
fixed_film__g5__t8,5,8,40,provenance://crystalite/outputs/final report output/mattergen_eval_fixed_film_raw_skip8_view/fixed_film__g5__t8/cifs/sample_00040.cif,True,True,True,True,2.5714867612070784,93.92497151505562,46.96248575752781,2,False,True,True,,,,False,,10.26662869095342,True,
fixed_film__g5__t8,5,8,42,provenance://crystalite/outputs/final report output/mattergen_eval_fixed_film_raw_skip8_view/fixed_film__g5__t8/cifs/sample_00042.cif,True,True,True,True,2.1742669490938256,569.6931143894599,35.60581964934124,16,False,True,True,,,,False,,9.34957740228092,True,
fixed_film__g5__t8,5,8,45,provenance://crystalite/outputs/final report output/mattergen_eval_fixed_film_raw_skip8_view/fixed_film__g5__t8/cifs/sample_00045.cif,True,True,True,True,2.015627064960713,203.9604195757873,33.99340326263122,6,False,True,True,,,,False,,4.529087839198104,True,
fixed_film__g5__t8,5,8,46,provenance://crystalite/outputs/final report output/mattergen_eval_fixed_film_raw_skip8_view/fixed_film__g5__t8/cifs/sample_00046.cif,True,False,False,False,0.3328286076547784,4.036979180778336,0.3669981073434851,11,False,True,True,,,,False,,,False,skipped_anisonet: structure_valid=False; AnisoNet graph construction is unsafe for collapsed geometries
fixed_film__g5__t8,5,8,48,provenance://crystalite/outputs/final report output/mattergen_eval_fixed_film_raw_skip8_view/fixed_film__g5__t8/cifs/sample_00048.cif,True,True,True,True,2.352526664827222,221.78335954058525,27.72291994257316,8,False,True,True,,,,False,,9.285297004525969,True,
fixed_film__g5__t8,5,8,51,provenance://crystalite/outputs/final report output/mattergen_eval_fixed_film_raw_skip8_view/fixed_film__g5__t8/cifs/sample_00051.cif,True,True,True,True,2.951652527089049,244.67382725698585,27.18598080633176,9,True,True,True,,,,False,,18.28420910515386,True,
fixed_film__g5__t8,5,8,55,provenance://crystalite/outputs/final report output/mattergen_eval_fixed_film_raw_skip8_view/fixed_film__g5__t8/cifs/sample_00055.cif,True,True,True,True,2.21628556892065,337.1434004437387,28.09528337031156,12,False,True,True,,,,False,,11.40302018368496,True,
fixed_film__g5__t8,5,8,56,provenance://crystalite/outputs/final report output/mattergen_eval_fixed_film_raw_skip8_view/fixed_film__g5__t8/cifs/sample_00056.cif,True,True,True,True,2.8206587412023367,102.76590680012076,25.691476700030197,4,False,True,True,,,,False,,13.281534214614496,True,
fixed_film__g5__t8,5,8,60,provenance://crystalite/outputs/final report output/mattergen_eval_fixed_film_raw_skip8_view/fixed_film__g5__t8/cifs/sample_00060.cif,True,False,True,False,1.8499859864049693,107.51301852072076,26.878254630180187,4,False,True,True,,,,False,,10.346781582688555,True,
fixed_film__g5__t8,5,8,64,provenance://crystalite/outputs/final report output/mattergen_eval_fixed_film_raw_skip8_view/fixed_film__g5__t8/cifs/sample_00064.cif,True,True,True,True,1.9301186335066585,251.42878326290395,35.918397608986275,7,False,True,True,,,,False,,4.896261919638828,True,
fixed_film__g5__t8,5,8,67,provenance://crystalite/outputs/final report output/mattergen_eval_fixed_film_raw_skip8_view/fixed_film__g5__t8/cifs/sample_00067.cif,True,True,True,True,2.260612401362392,341.0180154299811,28.418167952498425,12,False,True,True,,,,False,,12.022131968595184,True,
fixed_film__g5__t8,5,8,68,provenance://crystalite/outputs/final report output/mattergen_eval_fixed_film_raw_skip8_view/fixed_film__g5__t8/cifs/sample_00068.cif,True,True,True,True,2.3858159559044023,119.56194494490204,29.890486236225517,4,False,True,True,,,,False,,16.78487634203614,True,
fixed_film__g5__t8,5,8,71,provenance://crystalite/outputs/final report output/mattergen_eval_fixed_film_raw_skip8_view/fixed_film__g5__t8/cifs/sample_00071.cif,True,True,True,True,2.2373271065216493,186.4688415248916,31.078140254148604,6,False,True,True,,,,False,,10.802441387172564,True,
fixed_film__g5__t8,5,8,73,provenance://crystalite/outputs/final report output/mattergen_eval_fixed_film_raw_skip8_view/fixed_film__g5__t8/cifs/sample_00073.cif,True,False,True,False,1.8434166148952849,475.8897824085976,29.743111400537348,16,False,True,True,,,,False,,7.448121031328028,True,
fixed_film__g5__t8,5,8,74,provenance://crystalite/outputs/final report output/mattergen_eval_fixed_film_raw_skip8_view/fixed_film__g5__t8/cifs/sample_00074.cif,True,False,True,False,2.818808636943531,103.69454004778844,25.923635011947116,4,False,True,True,,,,False,,12.599953095532966,True,
fixed_film__g5__t8,5,8,75,provenance://crystalite/outputs/final report output/mattergen_eval_fixed_film_raw_skip8_view/fixed_film__g5__t8/cifs/sample_00075.cif,True,True,True,True,2.381487768642994,265.07759662624807,33.13469957828101,8,False,True,True,,,,False,,6.9673263156645815,True,
fixed_film__g5__t8,5,8,76,provenance://crystalite/outputs/final report output/mattergen_eval_fixed_film_raw_skip8_view/fixed_film__g5__t8/cifs/sample_00076.cif,True,True,True,True,2.3819574851647243,41.73558506784198,20.86779253392099,2,False,True,False,,,,False,,10.663504994770932,True,
fixed_film__g5__t8,5,8,82,provenance://crystalite/outputs/final report output/mattergen_eval_fixed_film_raw_skip8_view/fixed_film__g5__t8/cifs/sample_00082.cif,True,False,True,False,2.2434133063489843,230.23678360821603,38.372797268036,6,False,True,True,,,,False,,5.304277424681548,True,
fixed_film__g5__t8,5,8,83,provenance://crystalite/outputs/final report output/mattergen_eval_fixed_film_raw_skip8_view/fixed_film__g5__t8/cifs/sample_00083.cif,True,True,True,True,2.405651121834638,571.0208918817933,47.58507432348278,12,False,True,True,,,,False,,5.961599568050534,True,
fixed_film__g5__t8,5,8,87,provenance://crystalite/outputs/final report output/mattergen_eval_fixed_film_raw_skip8_view/fixed_film__g5__t8/cifs/sample_00087.cif,True,True,True,True,1.83524926542046,398.98898584509226,33.24908215375769,12,False,True,True,,,,False,,8.218564092286048,True,
fixed_film__g5__t8,5,8,89,provenance://crystalite/outputs/final report output/mattergen_eval_fixed_film_raw_skip8_view/fixed_film__g5__t8/cifs/sample_00089.cif,True,True,True,True,1.112176253119113,431.2815872292847,26.955099201830294,16,False,True,True,,,,False,,3.3634795731861864,True,
fixed_film__g5__t8,5,8,90,provenance://crystalite/outputs/final report output/mattergen_eval_fixed_film_raw_skip8_view/fixed_film__g5__t8/cifs/sample_00090.cif,True,False,True,False,1.4429404502048315,442.343349158025,31.5959535112875,14,False,True,True,,,,False,,4.2542652736071895,True,
fixed_film__g5__t8,5,8,92,provenance://crystalite/outputs/final report output/mattergen_eval_fixed_film_raw_skip8_view/fixed_film__g5__t8/cifs/sample_00092.cif,True,False,True,False,3.119582357813353,286.0781826280209,57.21563652560418,5,False,True,True,,,,False,,4.954018118570306,True,
fixed_film__g5__t8,5,8,93,provenance://crystalite/outputs/final report output/mattergen_eval_fixed_film_raw_skip8_view/fixed_film__g5__t8/cifs/sample_00093.cif,True,True,True,True,2.3569912280169336,294.55212618994403,42.078875169992,7,False,True,True,,,,False,,6.426441237579136,True,
fixed_film__g5__t8,5,8,94,provenance://crystalite/outputs/final report output/mattergen_eval_fixed_film_raw_skip8_view/fixed_film__g5__t8/cifs/sample_00094.cif,True,True,True,True,1.785119520991813,300.4009041643164,30.04009041643163,10,False,True,True,,,,False,,8.878456039743392,True,
fixed_film__g5__t8,5,8,95,provenance://crystalite/outputs/final report output/mattergen_eval_fixed_film_raw_skip8_view/fixed_film__g5__t8/cifs/sample_00095.cif,True,True,True,True,1.1649439932799603,639.0026729407648,39.9376670587978,16,False,True,True,,,,False,,3.2914927491654,True,
fixed_film__g5__t8,5,8,102,provenance://crystalite/outputs/final report output/mattergen_eval_fixed_film_raw_skip8_view/fixed_film__g5__t8/cifs/sample_00102.cif,True,True,True,True,2.1019573714517485,329.14125444584965,27.42843787048747,12,False,True,True,,,,False,,11.044753068958302,True,
fixed_film__g5__t8,5,8,103,provenance://crystalite/outputs/final report output/mattergen_eval_fixed_film_raw_skip8_view/fixed_film__g5__t8/cifs/sample_00103.cif,True,True,True,True,1.4681094342444168,585.672462445326,29.2836231222663,20,False,True,True,,,,False,,11.204719907690196,True,
fixed_film__g5__t8,5,8,104,provenance://crystalite/outputs/final report output/mattergen_eval_fixed_film_raw_skip8_view/fixed_film__g5__t8/cifs/sample_00104.cif,True,False,True,False,1.929565455900424,405.4536815107461,33.78780679256217,12,False,True,True,,,,False,,5.554142674257929,True,
fixed_film__g5__t8,5,8,105,provenance://crystalite/outputs/final report output/mattergen_eval_fixed_film_raw_skip8_view/fixed_film__g5__t8/cifs/sample_00105.cif,True,False,True,False,2.9418187831783023,94.397210466695,31.465736822231666,3,False,True,True,,,,False,,16.099906324835874,True,
fixed_film__g5__t8,5,8,107,provenance://crystalite/outputs/final report output/mattergen_eval_fixed_film_raw_skip8_view/fixed_film__g5__t8/cifs/sample_00107.cif,True,False,True,False,2.334603908143152,462.0119551192067,35.5393811630159,13,False,True,True,,,,False,,8.446916285890934,True,
fixed_film__g5__t8,5,8,111,provenance://crystalite/outputs/final report output/mattergen_eval_fixed_film_raw_skip8_view/fixed_film__g5__t8/cifs/sample_00111.cif,True,True,True,True,2.4630468856115555,224.1125302488107,28.01406628110134,8,False,True,True,,,,False,,8.96550868328942,True,
fixed_film__g5__t8,5,8,112,provenance://crystalite/outputs/final report output/mattergen_eval_fixed_film_raw_skip8_view/fixed_film__g5__t8/cifs/sample_00112.cif,True,False,True,False,3.226434950083995,377.3143428980927,75.46286857961854,5,False,True,True,,,,False,,3.179133378721247,True,
fixed_film__g5__t8,5,8,113,provenance://crystalite/outputs/final report output/mattergen_eval_fixed_film_raw_skip8_view/fixed_film__g5__t8/cifs/sample_00113.cif,True,False,True,False,2.703842913148776,283.518056790589,35.43975709882363,8,False,True,True,,,,False,,9.869954465031912,True,
fixed_film__g5__t8,5,8,114,provenance://crystalite/outputs/final report output/mattergen_eval_fixed_film_raw_skip8_view/fixed_film__g5__t8/cifs/sample_00114.cif,True,True,True,True,2.10000539168463,447.0018068001243,31.92870048572317,14,False,True,True,,,,False,,4.355459425190774,True,
fixed_film__g5__t8,5,8,116,provenance://crystalite/outputs/final report output/mattergen_eval_fixed_film_raw_skip8_view/fixed_film__g5__t8/cifs/sample_00116.cif,True,False,True,False,2.178174669043357,334.0796566658005,41.75995708322506,8,False,True,True,,,,False,,6.919078634817788,True,
fixed_film__g5__t8,5,8,123,provenance://crystalite/outputs/final report output/mattergen_eval_fixed_film_raw_skip8_view/fixed_film__g5__t8/cifs/sample_00123.cif,True,True,True,True,2.111691506517387,454.878466020578,45.4878466020578,10,False,True,True,,,,False,,5.581111001960967,True,
fixed_film__uncond,0,uncond,0,provenance://crystalite/outputs/final report output/mattergen_eval_fixed_film_raw_skip8_view/fixed_film__uncond/cifs/sample_00000.cif,True,True,True,True,2.816990571198846,251.0872638922688,62.771815973067206,4,False,True,False,,,,False,,8.56948048781891,True,
fixed_film__uncond,0,uncond,1,provenance://crystalite/outputs/final report output/mattergen_eval_fixed_film_raw_skip8_view/fixed_film__uncond/cifs/sample_00001.cif,True,True,True,True,2.585764628047152,456.34265837704254,22.817132918852128,20,False,True,True,,,,False,,7.20377715204959,True,
fixed_film__uncond,0,uncond,3,provenance://crystalite/outputs/final report output/mattergen_eval_fixed_film_raw_skip8_view/fixed_film__uncond/cifs/sample_00003.cif,True,False,True,False,1.9395858150258969,93.98677951906686,11.748347439883355,8,False,True,True,,,,False,,6.480972379673667,True,
fixed_film__uncond,0,uncond,4,provenance://crystalite/outputs/final report output/mattergen_eval_fixed_film_raw_skip8_view/fixed_film__uncond/cifs/sample_00004.cif,True,True,True,True,3.214736673811014,51.22022590019149,25.610112950095743,2,True,True,True,,,,False,,13.817098995055751,True,
fixed_film__uncond,0,uncond,5,provenance://crystalite/outputs/final report output/mattergen_eval_fixed_film_raw_skip8_view/fixed_film__uncond/cifs/sample_00005.cif,True,False,True,False,1.9892356208055664,854.0337483021711,53.3771092688857,16,False,True,True,,,,False,,2.13292856748061,True,
fixed_film__uncond,0,uncond,6,provenance://crystalite/outputs/final report output/mattergen_eval_fixed_film_raw_skip8_view/fixed_film__uncond/cifs/sample_00006.cif,True,False,True,False,1.4285302358246663,130.695430352461,16.336928794057624,8,False,True,True,,,,False,,2.8969255858460152,True,
fixed_film__uncond,0,uncond,7,provenance://crystalite/outputs/final report output/mattergen_eval_fixed_film_raw_skip8_view/fixed_film__uncond/cifs/sample_00007.cif,True,False,True,False,1.404508147965262,187.3889659237543,13.384926137411025,14,False,True,True,,,,False,,3.0219407183197333,True,
fixed_film__uncond,0,uncond,8,provenance://crystalite/outputs/final report output/mattergen_eval_fixed_film_raw_skip8_view/fixed_film__uncond/cifs/sample_00008.cif,True,True,True,True,1.837697452975121,161.16940769780845,13.430783974817372,12,False,True,True,,,,False,,3.924072860562538,True,
fixed_film__uncond,0,uncond,9,provenance://crystalite/outputs/final report output/mattergen_eval_fixed_film_raw_skip8_view/fixed_film__uncond/cifs/sample_00009.cif,True,True,True,True,1.8481115904803471,102.129992432465,12.766249054058123,8,False,True,True,,,,False,,7.0687123823512295,True,
fixed_film__uncond,0,uncond,10,provenance://crystalite/outputs/final report output/mattergen_eval_fixed_film_raw_skip8_view/fixed_film__uncond/cifs/sample_00010.cif,True,True,True,True,2.5779795096434026,245.77196307019443,20.4809969225162,12,True,True,True,,,,False,,18.50675096275624,True,
fixed_film__uncond,0,uncond,11,provenance://crystalite/outputs/final report output/mattergen_eval_fixed_film_raw_skip8_view/fixed_film__uncond/cifs/sample_00011.cif,True,False,True,False,1.6902735629861814,242.63143560074175,13.47952420004121,18,False,True,True,,,,False,,4.101262408100719,True,
fixed_film__uncond,0,uncond,12,provenance://crystalite/outputs/final report output/mattergen_eval_fixed_film_raw_skip8_view/fixed_film__uncond/cifs/sample_00012.cif,True,False,True,False,2.372651840196107,365.9173444974005,36.591734449740045,10,False,True,True,,,,False,,4.497446121256655,True,
fixed_film__uncond,0,uncond,14,provenance://crystalite/outputs/final report output/mattergen_eval_fixed_film_raw_skip8_view/fixed_film__uncond/cifs/sample_00014.cif,True,True,True,True,2.255337966434406,517.537861225373,43.12815510211442,12,False,True,True,,,,False,,3.8740517939036088,True,
fixed_film__uncond,0,uncond,15,provenance://crystalite/outputs/final report output/mattergen_eval_fixed_film_raw_skip8_view/fixed_film__uncond/cifs/sample_00015.cif,True,True,True,True,3.1568093514963893,94.61658711466367,31.53886237155456,3,False,True,True,,,,False,,16.26279407394721,True,
fixed_film__uncond,0,uncond,16,provenance://crystalite/outputs/final report output/mattergen_eval_fixed_film_raw_skip8_view/fixed_film__uncond/cifs/sample_00016.cif,True,False,True,False,1.8883842482258324,510.5098448311969,28.36165804617761,18,False,True,True,,,,False,,4.3654719550505705,True,
fixed_film__uncond,0,uncond,17,provenance://crystalite/outputs/final report output/mattergen_eval_fixed_film_raw_skip8_view/fixed_film__uncond/cifs/sample_00017.cif,True,True,True,True,1.68536279689807,109.59278553170635,13.699098191463296,8,False,True,True,,,,False,,3.9855821332629184,True,
fixed_film__uncond,0,uncond,18,provenance://crystalite/outputs/final report output/mattergen_eval_fixed_film_raw_skip8_view/fixed_film__uncond/cifs/sample_00018.cif,True,True,True,True,2.851433218163262,46.69342628773891,23.34671314386945,2,False,True,True,,,,False,,5.433004100438073,True,
fixed_film__uncond,0,uncond,19,provenance://crystalite/outputs/final report output/mattergen_eval_fixed_film_raw_skip8_view/fixed_film__uncond/cifs/sample_00019.cif,True,True,True,True,3.1199363932032824,488.2302343088614,48.82302343088614,10,False,True,True,,,,False,,7.836113313709724,True,
fixed_film__uncond,0,uncond,20,provenance://crystalite/outputs/final report output/mattergen_eval_fixed_film_raw_skip8_view/fixed_film__uncond/cifs/sample_00020.cif,True,True,True,True,2.6925452761414355,157.54099447194108,31.50819889438821,5,False,True,True,,,,False,,3.705192396694765,True,
fixed_film__uncond,0,uncond,21,provenance://crystalite/outputs/final report output/mattergen_eval_fixed_film_raw_skip8_view/fixed_film__uncond/cifs/sample_00021.cif,True,False,True,False,1.419579465504592,280.67705959589654,14.033852979794826,20,False,True,True,,,,False,,3.504353224760202,True,
fixed_film__uncond,0,uncond,22,provenance://crystalite/outputs/final report output/mattergen_eval_fixed_film_raw_skip8_view/fixed_film__uncond/cifs/sample_00022.cif,True,False,True,False,1.8710862926700127,393.0085082230223,28.07203630164445,14,False,True,True,,,,False,,2.5151693654758005,True,
fixed_film__uncond,0,uncond,23,provenance://crystalite/outputs/final report output/mattergen_eval_fixed_film_raw_skip8_view/fixed_film__uncond/cifs/sample_00023.cif,True,True,True,True,1.6300118226036189,127.11671200079104,14.124079111199004,9,False,True,True,,,,False,,4.775674767897075,True,
fixed_film__uncond,0,uncond,24,provenance://crystalite/outputs/final report output/mattergen_eval_fixed_film_raw_skip8_view/fixed_film__uncond/cifs/sample_00024.cif,True,True,True,True,2.690541276632605,643.9156266394124,64.39156266394124,10,True,True,True,,,,False,,8.603420016469663,True,
fixed_film__uncond,0,uncond,25,provenance://crystalite/outputs/final report output/mattergen_eval_fixed_film_raw_skip8_view/fixed_film__uncond/cifs/sample_00025.cif,True,False,True,False,0.7482790755790181,209.444838848796,13.090302428049752,16,False,True,True,,,,False,,1.8237591445088148,True,
fixed_film__uncond,0,uncond,26,provenance://crystalite/outputs/final report output/mattergen_eval_fixed_film_raw_skip8_view/fixed_film__uncond/cifs/sample_00026.cif,True,True,True,True,2.032549931797785,858.5480561894733,42.92740280947366,20,False,True,True,,,,False,,2.082851179943851,True,
fixed_film__uncond,0,uncond,28,provenance://crystalite/outputs/final report output/mattergen_eval_fixed_film_raw_skip8_view/fixed_film__uncond/cifs/sample_00028.cif,True,True,True,True,1.6574215448862195,279.53607429918856,17.471004643699285,16,False,True,True,,,,False,,3.3585020016820297,True,
fixed_film__uncond,0,uncond,29,provenance://crystalite/outputs/final report output/mattergen_eval_fixed_film_raw_skip8_view/fixed_film__uncond/cifs/sample_00029.cif,True,True,True,True,1.8785326991236968,141.7084689121329,8.856779307008306,16,False,True,True,,,,False,,5.366548503347759,True,
fixed_film__uncond,0,uncond,30,provenance://crystalite/outputs/final report output/mattergen_eval_fixed_film_raw_skip8_view/fixed_film__uncond/cifs/sample_00030.cif,True,True,True,True,0.981875672577691,322.2479221275601,20.140495132972507,16,False,True,True,,,,False,,2.968869286531115,True,
fixed_film__uncond,0,uncond,31,provenance://crystalite/outputs/final report output/mattergen_eval_fixed_film_raw_skip8_view/fixed_film__uncond/cifs/sample_00031.cif,True,False,True,False,2.4576937850593423,89.33471995827682,17.866943991655365,5,False,True,True,,,,False,,15.17772583930622,True,
fixed_film__uncond,0,uncond,32,provenance://crystalite/outputs/final report output/mattergen_eval_fixed_film_raw_skip8_view/fixed_film__uncond/cifs/sample_00032.cif,True,False,True,False,0.976656865009616,302.02868049850514,16.779371138805843,18,False,True,True,,,,False,,3.0962168540391883,True,
fixed_film__uncond,0,uncond,33,provenance://crystalite/outputs/final report output/mattergen_eval_fixed_film_raw_skip8_view/fixed_film__uncond/cifs/sample_00033.cif,True,True,True,True,1.49158393600022,225.18594986546216,18.76549582212185,12,False,True,True,,,,False,,3.482639963843564,True,
fixed_film__uncond,0,uncond,34,provenance://crystalite/outputs/final report output/mattergen_eval_fixed_film_raw_skip8_view/fixed_film__uncond/cifs/sample_00034.cif,True,False,True,False,2.460823723660891,541.2737864958445,41.636445115064966,13,False,True,True,,,,False,,8.731663889314559,True,
fixed_film__uncond,0,uncond,35,provenance://crystalite/outputs/final report output/mattergen_eval_fixed_film_raw_skip8_view/fixed_film__uncond/cifs/sample_00035.cif,True,True,True,True,2.4194921431314125,177.76568896308143,25.39509842329735,7,False,True,True,,,,False,,10.55110734966749,True,
fixed_film__uncond,0,uncond,36,provenance://crystalite/outputs/final report output/mattergen_eval_fixed_film_raw_skip8_view/fixed_film__uncond/cifs/sample_00036.cif,True,False,True,False,1.4591508500679768,280.41451540570097,15.578584189205609,18,False,True,True,,,,False,,4.732339422791065,True,
fixed_film__uncond,0,uncond,37,provenance://crystalite/outputs/final report output/mattergen_eval_fixed_film_raw_skip8_view/fixed_film__uncond/cifs/sample_00037.cif,True,True,True,True,1.3394267766044423,197.2723072420076,12.329519202625471,16,False,True,True,,,,False,,3.284252154543644,True,
fixed_film__uncond,0,uncond,38,provenance://crystalite/outputs/final report output/mattergen_eval_fixed_film_raw_skip8_view/fixed_film__uncond/cifs/sample_00038.cif,True,True,True,True,1.600824955864111,242.9203072451625,20.243358937096872,12,False,True,True,,,,False,,2.6905410968045658,True,
fixed_film__uncond,0,uncond,39,provenance://crystalite/outputs/final report output/mattergen_eval_fixed_film_raw_skip8_view/fixed_film__uncond/cifs/sample_00039.cif,True,True,True,True,2.0748912007660905,406.6022421753841,25.412640135961507,16,False,True,True,,,,False,,7.5387307990407955,True,
fixed_film__uncond,0,uncond,40,provenance://crystalite/outputs/final report output/mattergen_eval_fixed_film_raw_skip8_view/fixed_film__uncond/cifs/sample_00040.cif,True,True,True,True,2.674735304458434,38.8834566184304,19.4417283092152,2,False,True,True,,,,False,,10.10816430352362,True,
fixed_film__uncond,0,uncond,41,provenance://crystalite/outputs/final report output/mattergen_eval_fixed_film_raw_skip8_view/fixed_film__uncond/cifs/sample_00041.cif,True,True,True,True,2.392232969011572,79.17120898356409,15.834241796712815,5,True,True,True,,,,False,,12.9401263671599,True,
fixed_film__uncond,0,uncond,42,provenance://crystalite/outputs/final report output/mattergen_eval_fixed_film_raw_skip8_view/fixed_film__uncond/cifs/sample_00042.cif,True,True,True,True,1.733089406406365,265.51008413495043,16.594380258434402,16,False,True,True,,,,False,,2.901676436409444,True,
fixed_film__uncond,0,uncond,43,provenance://crystalite/outputs/final report output/mattergen_eval_fixed_film_raw_skip8_view/fixed_film__uncond/cifs/sample_00043.cif,True,True,True,True,2.0035393389236544,132.3362257317997,13.233622573179968,10,False,True,True,,,,False,,4.892057621092486,True,
fixed_film__uncond,0,uncond,44,provenance://crystalite/outputs/final report output/mattergen_eval_fixed_film_raw_skip8_view/fixed_film__uncond/cifs/sample_00044.cif,True,True,True,True,2.594419515017807,357.7566244128731,35.77566244128731,10,False,True,True,,,,False,,9.35740944238677,True,
fixed_film__uncond,0,uncond,45,provenance://crystalite/outputs/final report output/mattergen_eval_fixed_film_raw_skip8_view/fixed_film__uncond/cifs/sample_00045.cif,True,True,True,True,2.3521642995886247,123.29577431553152,20.54929571925525,6,True,True,True,,,,False,,12.734301549169594,True,
fixed_film__uncond,0,uncond,46,provenance://crystalite/outputs/final report output/mattergen_eval_fixed_film_raw_skip8_view/fixed_film__uncond/cifs/sample_00046.cif,True,True,True,True,1.5039062313848444,132.3226796552043,12.02933451410948,11,False,True,True,,,,False,,3.4702304278180693,True,
fixed_film__uncond,0,uncond,48,provenance://crystalite/outputs/final report output/mattergen_eval_fixed_film_raw_skip8_view/fixed_film__uncond/cifs/sample_00048.cif,True,True,True,True,2.475860468412093,242.72125979617223,30.34015747452153,8,False,True,True,,,,False,,6.542014271892367,True,
fixed_film__uncond,0,uncond,49,provenance://crystalite/outputs/final report output/mattergen_eval_fixed_film_raw_skip8_view/fixed_film__uncond/cifs/sample_00049.cif,True,True,True,True,2.273215325239573,172.69696961547515,21.587121201934394,8,False,True,True,,,,False,,14.589385073966,True,
fixed_film__uncond,0,uncond,50,provenance://crystalite/outputs/final report output/mattergen_eval_fixed_film_raw_skip8_view/fixed_film__uncond/cifs/sample_00050.cif,True,True,True,True,2.3725866883370643,192.58234864956907,16.048529054130757,12,False,True,True,,,,False,,16.677607346753486,True,
fixed_film__uncond,0,uncond,51,provenance://crystalite/outputs/final report output/mattergen_eval_fixed_film_raw_skip8_view/fixed_film__uncond/cifs/sample_00051.cif,True,False,True,False,2.306147701222616,189.61545498318847,21.068383887020943,9,False,True,True,,,,False,,14.805635096707086,True,
fixed_film__uncond,0,uncond,52,provenance://crystalite/outputs/final report output/mattergen_eval_fixed_film_raw_skip8_view/fixed_film__uncond/cifs/sample_00052.cif,True,True,True,True,1.6972357003156229,180.4464193689715,16.404219942633773,11,False,True,True,,,,False,,4.122048297118041,True,
fixed_film__uncond,0,uncond,53,provenance://crystalite/outputs/final report output/mattergen_eval_fixed_film_raw_skip8_view/fixed_film__uncond/cifs/sample_00053.cif,True,True,True,True,1.8221333199166208,372.0765846777715,20.670921370987305,18,False,True,True,,,,False,,2.2300858228588365,True,
fixed_film__uncond,0,uncond,54,provenance://crystalite/outputs/final report output/mattergen_eval_fixed_film_raw_skip8_view/fixed_film__uncond/cifs/sample_00054.cif,True,True,True,True,1.8129396818198356,182.92357662926952,10.162420923848307,18,False,True,True,,,,False,,5.336914526840946,True,
fixed_film__uncond,0,uncond,55,provenance://crystalite/outputs/final report output/mattergen_eval_fixed_film_raw_skip8_view/fixed_film__uncond/cifs/sample_00055.cif,True,True,True,True,3.307517932590585,439.461233487404,36.62176945728366,12,False,True,True,,,,False,,3.42958742254558,True,
fixed_film__uncond,0,uncond,56,provenance://crystalite/outputs/final report output/mattergen_eval_fixed_film_raw_skip8_view/fixed_film__uncond/cifs/sample_00056.cif,True,True,True,True,3.026324046667576,86.46748926519305,21.616872316298263,4,True,True,True,,,,False,,17.877425664743935,True,
fixed_film__uncond,0,uncond,57,provenance://crystalite/outputs/final report output/mattergen_eval_fixed_film_raw_skip8_view/fixed_film__uncond/cifs/sample_00057.cif,True,False,True,False,2.0128390918269257,75.60350005287079,15.120700010574158,5,False,True,True,,,,False,,14.931872175111655,True,
fixed_film__uncond,0,uncond,58,provenance://crystalite/outputs/final report output/mattergen_eval_fixed_film_raw_skip8_view/fixed_film__uncond/cifs/sample_00058.cif,True,False,True,False,3.002454635873424,505.9291899089756,28.107177217165308,18,False,True,True,,,,False,,14.825196909644497,True,
fixed_film__uncond,0,uncond,59,provenance://crystalite/outputs/final report output/mattergen_eval_fixed_film_raw_skip8_view/fixed_film__uncond/cifs/sample_00059.cif,True,True,True,True,1.5540999679740102,301.9024010194132,27.44567281994665,11,False,True,True,,,,False,,5.183797840685371,True,
fixed_film__uncond,0,uncond,60,provenance://crystalite/outputs/final report output/mattergen_eval_fixed_film_raw_skip8_view/fixed_film__uncond/cifs/sample_00060.cif,True,True,True,True,2.9358116974215034,78.53977595277397,19.63494398819349,4,True,True,True,,,,False,,10.329233719851388,True,
fixed_film__uncond,0,uncond,61,provenance://crystalite/outputs/final report output/mattergen_eval_fixed_film_raw_skip8_view/fixed_film__uncond/cifs/sample_00061.cif,True,False,True,False,2.337529298310342,476.5683178501448,34.0405941321532,14,False,True,True,,,,False,,3.719455608090944,True,
fixed_film__uncond,0,uncond,62,provenance://crystalite/outputs/final report output/mattergen_eval_fixed_film_raw_skip8_view/fixed_film__uncond/cifs/sample_00062.cif,True,True,True,True,2.653420664985694,296.9040115041264,26.9912737731024,11,False,True,True,,,,False,,12.176203452319752,True,
fixed_film__uncond,0,uncond,63,provenance://crystalite/outputs/final report output/mattergen_eval_fixed_film_raw_skip8_view/fixed_film__uncond/cifs/sample_00063.cif,True,True,True,True,1.8589562768295131,126.70873858570448,14.07874873174494,9,False,True,True,,,,False,,3.5315848625583466,True,
fixed_film__uncond,0,uncond,64,provenance://crystalite/outputs/final report output/mattergen_eval_fixed_film_raw_skip8_view/fixed_film__uncond/cifs/sample_00064.cif,True,True,True,True,2.903144535268696,185.25300806811464,26.46471543830209,7,True,True,True,,,,False,,16.183587374903908,True,
fixed_film__uncond,0,uncond,65,provenance://crystalite/outputs/final report output/mattergen_eval_fixed_film_raw_skip8_view/fixed_film__uncond/cifs/sample_00065.cif,True,True,True,True,2.3055325681088505,160.91814951845254,26.819691586408755,6,False,True,True,,,,False,,2.683822252028233,True,
fixed_film__uncond,0,uncond,66,provenance://crystalite/outputs/final report output/mattergen_eval_fixed_film_raw_skip8_view/fixed_film__uncond/cifs/sample_00066.cif,True,True,True,True,1.7285852968276336,317.83510294264016,15.891755147132008,20,False,True,True,,,,False,,3.831043804511377,True,
fixed_film__uncond,0,uncond,67,provenance://crystalite/outputs/final report output/mattergen_eval_fixed_film_raw_skip8_view/fixed_film__uncond/cifs/sample_00067.cif,True,False,True,False,2.2556574806858736,214.6865332635575,17.890544438629792,12,False,True,True,,,,False,,2.8978848607205023,True,
fixed_film__uncond,0,uncond,68,provenance://crystalite/outputs/final report output/mattergen_eval_fixed_film_raw_skip8_view/fixed_film__uncond/cifs/sample_00068.cif,True,True,True,True,2.811883459357116,67.27327255650142,16.818318139125356,4,True,True,True,,,,False,,16.73040536375584,True,
fixed_film__uncond,0,uncond,69,provenance://crystalite/outputs/final report output/mattergen_eval_fixed_film_raw_skip8_view/fixed_film__uncond/cifs/sample_00069.cif,True,True,True,True,1.5017345440522254,281.6012965103217,14.080064825516084,20,False,True,True,,,,False,,2.608047786548686,True,
fixed_film__uncond,0,uncond,70,provenance://crystalite/outputs/final report output/mattergen_eval_fixed_film_raw_skip8_view/fixed_film__uncond/cifs/sample_00070.cif,True,True,True,True,1.2125123683343488,274.15715982589444,15.230953323660804,18,False,True,True,,,,False,,4.096587570245172,True,
fixed_film__uncond,0,uncond,71,provenance://crystalite/outputs/final report output/mattergen_eval_fixed_film_raw_skip8_view/fixed_film__uncond/cifs/sample_00071.cif,True,False,True,False,2.708735151547986,362.2048778923298,60.367479648721634,6,False,True,True,,,,False,,4.673697650166557,True,
fixed_film__uncond,0,uncond,72,provenance://crystalite/outputs/final report output/mattergen_eval_fixed_film_raw_skip8_view/fixed_film__uncond/cifs/sample_00072.cif,True,False,True,False,2.201253533901032,178.23209956725466,17.823209956725467,10,False,True,True,,,,False,,5.107823874014948,True,
fixed_film__uncond,0,uncond,73,provenance://crystalite/outputs/final report output/mattergen_eval_fixed_film_raw_skip8_view/fixed_film__uncond/cifs/sample_00073.cif,True,False,True,False,1.7479561510759591,224.75311148872143,14.04706946804509,16,False,True,True,,,,False,,3.8771018345057455,True,
fixed_film__uncond,0,uncond,74,provenance://crystalite/outputs/final report output/mattergen_eval_fixed_film_raw_skip8_view/fixed_film__uncond/cifs/sample_00074.cif,True,True,True,True,2.2960560074242875,72.70582333034258,18.17645583258565,4,False,True,True,,,,False,,14.78928604408072,True,
fixed_film__uncond,0,uncond,75,provenance://crystalite/outputs/final report output/mattergen_eval_fixed_film_raw_skip8_view/fixed_film__uncond/cifs/sample_00075.cif,True,False,True,False,2.07865688933108,132.32138314682462,16.540172893353077,8,False,True,True,,,,False,,2.263853912226668,True,
fixed_film__uncond,0,uncond,76,provenance://crystalite/outputs/final report output/mattergen_eval_fixed_film_raw_skip8_view/fixed_film__uncond/cifs/sample_00076.cif,True,True,True,True,3.1373111898112382,55.05024122342902,27.52512061171451,2,True,True,True,,,,False,,19.604742038905343,True,
fixed_film__uncond,0,uncond,79,provenance://crystalite/outputs/final report output/mattergen_eval_fixed_film_raw_skip8_view/fixed_film__uncond/cifs/sample_00079.cif,True,True,True,True,0.9790877656630236,168.80860732829495,10.550537958018436,16,False,True,True,,,,False,,4.024471186845141,True,
fixed_film__uncond,0,uncond,80,provenance://crystalite/outputs/final report output/mattergen_eval_fixed_film_raw_skip8_view/fixed_film__uncond/cifs/sample_00080.cif,True,True,True,True,2.269498759056228,201.7561280978585,20.17561280978585,10,False,True,True,,,,False,,3.3761723160615986,True,
fixed_film__uncond,0,uncond,81,provenance://crystalite/outputs/final report output/mattergen_eval_fixed_film_raw_skip8_view/fixed_film__uncond/cifs/sample_00081.cif,True,True,True,True,1.384210931783307,241.3106783821756,12.06553391910878,20,False,True,True,,,,False,,4.343095136505571,True,
fixed_film__uncond,0,uncond,82,provenance://crystalite/outputs/final report output/mattergen_eval_fixed_film_raw_skip8_view/fixed_film__uncond/cifs/sample_00082.cif,True,True,True,True,1.937916858703516,112.26492728477348,18.71082121412892,6,False,True,True,,,,False,,6.840382811751205,True,
fixed_film__uncond,0,uncond,83,provenance://crystalite/outputs/final report output/mattergen_eval_fixed_film_raw_skip8_view/fixed_film__uncond/cifs/sample_00083.cif,True,True,True,True,0.9769639103300236,163.9419284088383,13.66182736740319,12,False,True,True,,,,False,,2.5149151516411545,True,
fixed_film__uncond,0,uncond,84,provenance://crystalite/outputs/final report output/mattergen_eval_fixed_film_raw_skip8_view/fixed_film__uncond/cifs/sample_00084.cif,True,True,True,True,3.414437358013482,880.014422160495,48.889690120027495,18,False,True,True,,,,False,,3.916270986299745,True,
fixed_film__uncond,0,uncond,85,provenance://crystalite/outputs/final report output/mattergen_eval_fixed_film_raw_skip8_view/fixed_film__uncond/cifs/sample_00085.cif,True,True,True,True,2.586871662582629,421.9886506822633,35.16572089018861,12,False,True,True,,,,False,,12.16875540914291,True,
fixed_film__uncond,0,uncond,86,provenance://crystalite/outputs/final report output/mattergen_eval_fixed_film_raw_skip8_view/fixed_film__uncond/cifs/sample_00086.cif,True,True,True,True,2.477594471529176,363.6631977967354,25.97594269976681,14,False,True,True,,,,False,,4.37317745816333,True,
fixed_film__uncond,0,uncond,87,provenance://crystalite/outputs/final report output/mattergen_eval_fixed_film_raw_skip8_view/fixed_film__uncond/cifs/sample_00087.cif,True,True,True,True,1.4498662788127172,157.59663617029852,13.133053014191544,12,False,True,False,,,,False,,2.9785110750700263,True,
fixed_film__uncond,0,uncond,88,provenance://crystalite/outputs/final report output/mattergen_eval_fixed_film_raw_skip8_view/fixed_film__uncond/cifs/sample_00088.cif,True,True,True,True,1.8713061836728515,249.4095047552568,12.47047523776284,20,False,True,True,,,,False,,5.776796945776991,True,
fixed_film__uncond,0,uncond,89,provenance://crystalite/outputs/final report output/mattergen_eval_fixed_film_raw_skip8_view/fixed_film__uncond/cifs/sample_00089.cif,True,True,True,True,2.4869412114608487,592.3656303881208,37.02285189925755,16,False,True,True,,,,False,,4.675890131199169,True,
fixed_film__uncond,0,uncond,90,provenance://crystalite/outputs/final report output/mattergen_eval_fixed_film_raw_skip8_view/fixed_film__uncond/cifs/sample_00090.cif,True,False,True,False,1.765895049055017,206.9656974881604,14.783264106297173,14,False,True,True,,,,False,,2.9750288466037724,True,
fixed_film__uncond,0,uncond,91,provenance://crystalite/outputs/final report output/mattergen_eval_fixed_film_raw_skip8_view/fixed_film__uncond/cifs/sample_00091.cif,True,True,True,True,2.963131216465997,79.58000080712577,26.52666693570859,3,True,True,True,,,,False,,9.633485454996254,True,
fixed_film__uncond,0,uncond,92,provenance://crystalite/outputs/final report output/mattergen_eval_fixed_film_raw_skip8_view/fixed_film__uncond/cifs/sample_00092.cif,True,True,True,True,2.4519256862512027,70.4403417228924,14.08806834457848,5,True,True,True,,,,False,,14.657692630665665,True,
fixed_film__uncond,0,uncond,93,provenance://crystalite/outputs/final report output/mattergen_eval_fixed_film_raw_skip8_view/fixed_film__uncond/cifs/sample_00093.cif,True,False,True,False,2.4623668442132294,161.30185208363878,23.043121726234112,7,False,True,True,,,,False,,8.253643174513698,True,
fixed_film__uncond,0,uncond,94,provenance://crystalite/outputs/final report output/mattergen_eval_fixed_film_raw_skip8_view/fixed_film__uncond/cifs/sample_00094.cif,True,True,True,True,1.943921849799172,107.1520064298188,10.71520064298188,10,False,True,True,,,,False,,2.961994268337255,True,
fixed_film__uncond,0,uncond,95,provenance://crystalite/outputs/final report output/mattergen_eval_fixed_film_raw_skip8_view/fixed_film__uncond/cifs/sample_00095.cif,True,True,True,True,1.78541090255766,191.18909245600145,11.949318278500089,16,False,True,True,,,,False,,3.631996716916865,True,
fixed_film__uncond,0,uncond,96,provenance://crystalite/outputs/final report output/mattergen_eval_fixed_film_raw_skip8_view/fixed_film__uncond/cifs/sample_00096.cif,True,True,True,True,1.2303604912469326,175.75014341347406,29.291690568912344,6,False,True,True,,,,False,,1.801711207707716,True,
fixed_film__uncond,0,uncond,97,provenance://crystalite/outputs/final report output/mattergen_eval_fixed_film_raw_skip8_view/fixed_film__uncond/cifs/sample_00097.cif,True,False,True,False,1.881413894635326,659.8752498267669,34.73027630667194,19,False,True,True,,,,False,,2.624460417132132,True,
fixed_film__uncond,0,uncond,98,provenance://crystalite/outputs/final report output/mattergen_eval_fixed_film_raw_skip8_view/fixed_film__uncond/cifs/sample_00098.cif,True,True,True,True,0.9878127067499785,274.7754288244863,15.26530160136035,18,False,True,True,,,,False,,2.606261399018527,True,
fixed_film__uncond,0,uncond,99,provenance://crystalite/outputs/final report output/mattergen_eval_fixed_film_raw_skip8_view/fixed_film__uncond/cifs/sample_00099.cif,True,True,True,True,2.347639418884494,482.6393876996981,26.813299316649893,18,False,True,True,,,,False,,4.635289799606188,True,
fixed_film__uncond,0,uncond,100,provenance://crystalite/outputs/final report output/mattergen_eval_fixed_film_raw_skip8_view/fixed_film__uncond/cifs/sample_00100.cif,True,True,True,True,2.0041144154485746,87.07630290739424,12.439471843913465,7,False,True,True,,,,False,,3.481783802671897,True,
fixed_film__uncond,0,uncond,101,provenance://crystalite/outputs/final report output/mattergen_eval_fixed_film_raw_skip8_view/fixed_film__uncond/cifs/sample_00101.cif,True,True,True,True,2.4692045932615008,91.06340869497316,11.382926086871644,8,False,True,True,,,,False,,19.65233300137062,True,
fixed_film__uncond,0,uncond,102,provenance://crystalite/outputs/final report output/mattergen_eval_fixed_film_raw_skip8_view/fixed_film__uncond/cifs/sample_00102.cif,True,True,True,True,1.342091561945656,156.0563843246928,13.0046986937244,12,False,True,True,,,,False,,3.737875094196845,True,
fixed_film__uncond,0,uncond,103,provenance://crystalite/outputs/final report output/mattergen_eval_fixed_film_raw_skip8_view/fixed_film__uncond/cifs/sample_00103.cif,True,True,True,True,1.945257566849487,268.8537287619442,13.442686438097208,20,False,True,True,,,,False,,8.105484193098102,True,
fixed_film__uncond,0,uncond,104,provenance://crystalite/outputs/final report output/mattergen_eval_fixed_film_raw_skip8_view/fixed_film__uncond/cifs/sample_00104.cif,True,True,True,True,1.8244642383492824,137.1562128100709,11.429684400839244,12,False,True,True,,,,False,,7.437506016768034,True,
fixed_film__uncond,0,uncond,105,provenance://crystalite/outputs/final report output/mattergen_eval_fixed_film_raw_skip8_view/fixed_film__uncond/cifs/sample_00105.cif,True,True,True,True,2.4453903899385248,45.221795605083614,15.073931868361203,3,False,True,False,,,,False,,3.706920947179961,True,
fixed_film__uncond,0,uncond,106,provenance://crystalite/outputs/final report output/mattergen_eval_fixed_film_raw_skip8_view/fixed_film__uncond/cifs/sample_00106.cif,True,False,True,False,2.4094459246677213,270.1511246875777,19.29650890625555,14,False,True,True,,,,False,,5.011870019388295,True,
fixed_film__uncond,0,uncond,107,provenance://crystalite/outputs/final report output/mattergen_eval_fixed_film_raw_skip8_view/fixed_film__uncond/cifs/sample_00107.cif,True,True,True,True,2.353512038119984,408.8325217204272,31.44865551695594,13,False,True,True,,,,False,,3.2528562800059686,True,
fixed_film__uncond,0,uncond,108,provenance://crystalite/outputs/final report output/mattergen_eval_fixed_film_raw_skip8_view/fixed_film__uncond/cifs/sample_00108.cif,True,True,True,True,1.8235571978893668,185.0544592968662,15.421204941405518,12,False,True,True,,,,False,,7.889256858135237,True,
fixed_film__uncond,0,uncond,109,provenance://crystalite/outputs/final report output/mattergen_eval_fixed_film_raw_skip8_view/fixed_film__uncond/cifs/sample_00109.cif,True,True,True,True,1.9505582371995875,215.40503212833383,11.96694622935188,18,False,True,True,,,,False,,6.9559380233336325,True,
fixed_film__uncond,0,uncond,110,provenance://crystalite/outputs/final report output/mattergen_eval_fixed_film_raw_skip8_view/fixed_film__uncond/cifs/sample_00110.cif,True,True,True,True,1.9265329358024212,158.25533219047784,11.303952299319846,14,False,True,True,,,,False,,5.21162029103539,True,
fixed_film__uncond,0,uncond,111,provenance://crystalite/outputs/final report output/mattergen_eval_fixed_film_raw_skip8_view/fixed_film__uncond/cifs/sample_00111.cif,True,False,True,False,2.762689618960619,224.249197773,28.031149721625,8,False,True,True,,,,False,,21.761616135921656,True,
fixed_film__uncond,0,uncond,112,provenance://crystalite/outputs/final report output/mattergen_eval_fixed_film_raw_skip8_view/fixed_film__uncond/cifs/sample_00112.cif,True,True,True,True,1.8164288143908864,80.12282423493518,16.024564846987037,5,False,True,True,,,,False,,4.942856233762639,True,
fixed_film__uncond,0,uncond,113,provenance://crystalite/outputs/final report output/mattergen_eval_fixed_film_raw_skip8_view/fixed_film__uncond/cifs/sample_00113.cif,True,True,True,True,2.2761596104100907,181.9731061271463,22.74663826589329,8,False,True,True,,,,False,,4.3542025837597,True,
fixed_film__uncond,0,uncond,114,provenance://crystalite/outputs/final report output/mattergen_eval_fixed_film_raw_skip8_view/fixed_film__uncond/cifs/sample_00114.cif,True,True,True,True,1.94185078425686,200.27273661830316,14.305195472735935,14,False,True,True,,,,False,,6.066985616482319,True,
fixed_film__uncond,0,uncond,115,provenance://crystalite/outputs/final report output/mattergen_eval_fixed_film_raw_skip8_view/fixed_film__uncond/cifs/sample_00115.cif,True,True,True,True,2.292461015762185,374.2883481447552,31.1906956787296,12,False,True,True,,,,False,,7.864672642838233,True,
fixed_film__uncond,0,uncond,116,provenance://crystalite/outputs/final report output/mattergen_eval_fixed_film_raw_skip8_view/fixed_film__uncond/cifs/sample_00116.cif,True,True,True,True,2.462282721650973,158.85204181702608,19.85650522712826,8,True,True,True,,,,False,,15.33465425700806,True,
fixed_film__uncond,0,uncond,117,provenance://crystalite/outputs/final report output/mattergen_eval_fixed_film_raw_skip8_view/fixed_film__uncond/cifs/sample_00117.cif,True,True,True,True,2.618434807561829,1370.2562325292113,80.60330779583596,17,False,True,True,,,,False,,3.983039373082691,True,
fixed_film__uncond,0,uncond,118,provenance://crystalite/outputs/final report output/mattergen_eval_fixed_film_raw_skip8_view/fixed_film__uncond/cifs/sample_00118.cif,True,True,True,True,2.0381899055570747,243.3289103841567,12.166445519207835,20,False,True,True,,,,False,,5.418988191401386,True,
fixed_film__uncond,0,uncond,119,provenance://crystalite/outputs/final report output/mattergen_eval_fixed_film_raw_skip8_view/fixed_film__uncond/cifs/sample_00119.cif,True,False,True,False,2.6958696470298493,768.3357664465025,38.416788322325125,20,False,True,True,,,,False,,4.15570052436471,True,
fixed_film__uncond,0,uncond,120,provenance://crystalite/outputs/final report output/mattergen_eval_fixed_film_raw_skip8_view/fixed_film__uncond/cifs/sample_00120.cif,True,True,True,True,1.8637792470150407,333.9255021564717,16.696275107823585,20,False,True,True,,,,False,,5.084916518329544,True,
fixed_film__uncond,0,uncond,121,provenance://crystalite/outputs/final report output/mattergen_eval_fixed_film_raw_skip8_view/fixed_film__uncond/cifs/sample_00121.cif,True,False,True,False,1.812255449772635,364.238130455107,28.018317727315925,13,False,True,True,,,,False,,2.138658715551724,True,
fixed_film__uncond,0,uncond,122,provenance://crystalite/outputs/final report output/mattergen_eval_fixed_film_raw_skip8_view/fixed_film__uncond/cifs/sample_00122.cif,True,False,True,False,2.324729829739974,698.1952052275777,38.78862251264321,18,False,True,True,,,,False,,9.915666533295145,True,
fixed_film__uncond,0,uncond,123,provenance://crystalite/outputs/final report output/mattergen_eval_fixed_film_raw_skip8_view/fixed_film__uncond/cifs/sample_00123.cif,True,True,True,True,2.2265495996939912,324.8071808509493,32.480718085094935,10,False,True,True,,,,False,,6.566847762438839,True,
fixed_film__uncond,0,uncond,124,provenance://crystalite/outputs/final report output/mattergen_eval_fixed_film_raw_skip8_view/fixed_film__uncond/cifs/sample_00124.cif,True,True,True,True,1.3483757426664926,146.9280546095711,10.494861043540793,14,False,True,True,,,,False,,8.390060288215116,True,
fixed_film__uncond,0,uncond,125,provenance://crystalite/outputs/final report output/mattergen_eval_fixed_film_raw_skip8_view/fixed_film__uncond/cifs/sample_00125.cif,True,True,True,True,2.232716530486303,543.3801510660185,27.16900755330092,20,False,True,True,,,,False,,3.028441480666312,True,
fixed_film__uncond,0,uncond,126,provenance://crystalite/outputs/final report output/mattergen_eval_fixed_film_raw_skip8_view/fixed_film__uncond/cifs/sample_00126.cif,True,True,True,True,2.843073375940865,454.9566586507252,34.99666605005578,13,False,True,True,,,,False,,4.392941841056773,True,
