record,comp,ele_comb,reward,source_loop
"{'structure_id': 'gen_1', 'cif_path': 'provenance://mattergen/outputs/dielectric_rl/direct_rl_target12_online/matinvent_style_target12_tri_fixed_scaler_gpu/loop_0005/postprocess/input_cifs/gen_1.cif', 'input_cif_path': 'provenance://mattergen/outputs/dielectric_rl/direct_rl_target12_online/matinvent_style_target12_tri_fixed_scaler_gpu/loop_0005/postprocess/input_cifs/gen_1.cif', 'raw_valid': True, 'formula': 'Ce1 Y2 Tm3 P6', 'chemical_system': 'Ce-P-Tm-Y', 'num_sites': 12, 'raw_valid_reason': nan, 'relaxed_cif_path': 'provenance://mattergen/outputs/dielectric_rl/direct_rl_target12_online/matinvent_style_target12_tri_fixed_scaler_gpu/loop_0005/postprocess/relaxed/relaxed_cifs/gen_1_relaxed.cif', 'relaxation_success': True, 'total_energy': -83.85751342773438, 'composition_valid': True, 'structure_valid': True, 'structure_comp_valid': True, 'reference_name': 'TRI2024', 'is_unique': True, 'is_novel': True, 'stable': True, 'predicted_dielectric_scalar': 12.012661357860182, 'predicted_tensor': '[[12.22907894566111, -0.0003876675784167661, 0.006509584594548917], [-0.0003876675784167661, 12.228411067518106, 0.010829621792314809], [0.006509584594548917, 0.010829621792314809, 11.58049406040133]]', 'volume': 271.676302760098, 'prediction_success': True, 'target_dielectric_scalar': 12.0, 'abs_error': 0.0126613578601819, 'reward_raw': 0.9999799614529165, 'reward_final': 0.99998, 'gate_reason': nan, 'reward_final_diversity': 0.99998, 'diversity_penalty': False, 'selection_rank': 1, 'source_loop': 5}",CeY2(TmP2)3,"('Ce', 'P', 'Tm', 'Y')",0.99998,5
"{'structure_id': 'gen_46', 'cif_path': 'provenance://mattergen/outputs/dielectric_rl/direct_rl_target12_online/matinvent_style_target12_eval24_topk025_from_loop0020/loop_0007/postprocess/input_cifs/gen_46.cif', 'input_cif_path': 'provenance://mattergen/outputs/dielectric_rl/direct_rl_target12_online/matinvent_style_target12_eval24_topk025_from_loop0020/loop_0007/postprocess/input_cifs/gen_46.cif', 'raw_valid': True, 'formula': 'Sm5 Dy5 Mg2', 'chemical_system': 'Dy-Mg-Sm', 'num_sites': 12, 'raw_valid_reason': '', 'relaxed_cif_path': 'provenance://mattergen/outputs/dielectric_rl/direct_rl_target12_online/matinvent_style_target12_eval24_topk025_from_loop0020/loop_0007/postprocess/relaxed/relaxed_cifs/gen_46_relaxed.cif', 'relaxation_success': True, 'total_energy': -49.304443359375, 'composition_valid': True, 'structure_valid': True, 'structure_comp_valid': True, 'reference_name': 'TRI2024', 'is_unique': True, 'is_novel': True, 'stable': True, 'predicted_dielectric_scalar': 12.02503975236812, 'predicted_tensor': '[[12.03658427859356, 0.0006234003841212747, 3.317462080414832e-05], [0.0006234003841212747, 11.92630656840279, -0.0013405375476783974], [3.317462080414832e-05, -0.0013405375476783974, 12.112228410108012]]', 'volume': 372.9225591271498, 'prediction_success': True, 'target_dielectric_scalar': 12.0, 'abs_error': 0.025039752368119395, 'reward_raw': 0.9999216294213021, 'reward_final': 0.9999216198921204, 'gate_reason': '', 'reward_final_diversity': 0.9999216198921204, 'diversity_penalty': False, 'selection_rank': 1, 'source_loop': 7}",Sm5Dy5Mg2,"('Dy', 'Mg', 'Sm')",0.9999216198921204,7
"{'structure_id': 'gen_36', 'cif_path': 'provenance://mattergen/outputs/dielectric_rl/direct_rl_target12_online/matinvent_style_target12_tri_fixed_scaler_gpu/loop_0019/postprocess/input_cifs/gen_36.cif', 'input_cif_path': 'provenance://mattergen/outputs/dielectric_rl/direct_rl_target12_online/matinvent_style_target12_tri_fixed_scaler_gpu/loop_0019/postprocess/input_cifs/gen_36.cif', 'raw_valid': True, 'formula': 'Tb5 Pr3 Tm1', 'chemical_system': 'Pr-Tb-Tm', 'num_sites': 9, 'raw_valid_reason': nan, 'relaxed_cif_path': 'provenance://mattergen/outputs/dielectric_rl/direct_rl_target12_online/matinvent_style_target12_tri_fixed_scaler_gpu/loop_0019/postprocess/relaxed/relaxed_cifs/gen_36_relaxed.cif', 'relaxation_success': True, 'total_energy': -41.76632690429688, 'composition_valid': True, 'structure_valid': True, 'structure_comp_valid': True, 'reference_name': 'TRI2024', 'is_unique': True, 'is_novel': True, 'stable': True, 'predicted_dielectric_scalar': 12.051220078548107, 'predicted_tensor': '[[12.097253289969379, -0.0005514516478141746, -0.00034240759387106016], [-0.0005514516478141746, 12.026303735434846, -0.02670956364606649], [-0.00034240759387106016, -0.02670956364606649, 12.03010321024009]]', 'volume': 299.1891821343943, 'prediction_success': True, 'target_dielectric_scalar': 12.0, 'abs_error': 0.0512200785481073, 'reward_raw': 0.9996721167096696, 'reward_final': 0.9996721, 'gate_reason': nan, 'reward_final_diversity': 0.9996721, 'diversity_penalty': False, 'selection_rank': 1, 'source_loop': 19}",Tb5Pr3Tm,"('Pr', 'Tb', 'Tm')",0.9996721,19
"{'structure_id': 'gen_32', 'cif_path': 'provenance://mattergen/outputs/dielectric_rl/direct_rl_target12_online/matinvent_style_target12_eval24_topk025_from_loop0020/loop_0000/postprocess/input_cifs/gen_32.cif', 'input_cif_path': 'provenance://mattergen/outputs/dielectric_rl/direct_rl_target12_online/matinvent_style_target12_eval24_topk025_from_loop0020/loop_0000/postprocess/input_cifs/gen_32.cif', 'raw_valid': True, 'formula': 'Yb2 Si2 W2 C1', 'chemical_system': 'C-Si-W-Yb', 'num_sites': 7, 'raw_valid_reason': '', 'relaxed_cif_path': 'provenance://mattergen/outputs/dielectric_rl/direct_rl_target12_online/matinvent_style_target12_eval24_topk025_from_loop0020/loop_0000/postprocess/relaxed/relaxed_cifs/gen_32_relaxed.cif', 'relaxation_success': True, 'total_energy': -51.599388122558594, 'composition_valid': True, 'structure_valid': True, 'structure_comp_valid': True, 'reference_name': 'TRI2024', 'is_unique': True, 'is_novel': True, 'stable': True, 'predicted_dielectric_scalar': 11.948761382246287, 'predicted_tensor': '[[13.80229594074191, -2.5993768140728004e-06, -1.5194337000305625e-05], [-2.5993768140728004e-06, 13.802549374194713, 6.589072092999416e-06], [-1.5194337000305625e-05, 6.589072092999416e-06, 8.241438831802256]]', 'volume': 128.2703980281493, 'prediction_success': True, 'target_dielectric_scalar': 12.0, 'abs_error': 0.051238617753712745, 'reward_raw': 0.9996718793496951, 'reward_final': 0.9996718764305115, 'gate_reason': '', 'reward_final_diversity': 0.9996718764305115, 'diversity_penalty': False, 'selection_rank': 1, 'source_loop': 0}",Yb2Si2W2C,"('C', 'Si', 'W', 'Yb')",0.9996718764305116,0
"{'structure_id': 'gen_26', 'cif_path': 'provenance://mattergen/outputs/dielectric_rl/direct_rl_target12_online/matinvent_style_target12_tri_fixed_scaler_gpu/loop_0015/postprocess/input_cifs/gen_26.cif', 'input_cif_path': 'provenance://mattergen/outputs/dielectric_rl/direct_rl_target12_online/matinvent_style_target12_tri_fixed_scaler_gpu/loop_0015/postprocess/input_cifs/gen_26.cif', 'raw_valid': True, 'formula': 'Li2 Ho2 Cu2', 'chemical_system': 'Cu-Ho-Li', 'num_sites': 6, 'raw_valid_reason': nan, 'relaxed_cif_path': 'provenance://mattergen/outputs/dielectric_rl/direct_rl_target12_online/matinvent_style_target12_tri_fixed_scaler_gpu/loop_0015/postprocess/relaxed/relaxed_cifs/gen_26_relaxed.cif', 'relaxation_success': True, 'total_energy': -22.039405822753903, 'composition_valid': True, 'structure_valid': True, 'structure_comp_valid': True, 'reference_name': 'TRI2024', 'is_unique': True, 'is_novel': True, 'stable': True, 'predicted_dielectric_scalar': 11.946850843662125, 'predicted_tensor': '[[12.586870375447647, 0.0059048497383809555, 0.002361309655027174], [0.0059048497383809555, 11.51078548151554, 0.4497147602868634], [0.002361309655027174, 0.4497147602868634, 11.74289667402318]]', 'volume': 119.76191250313458, 'prediction_success': True, 'target_dielectric_scalar': 12.0, 'abs_error': 0.0531491563378754, 'reward_raw': 0.999646958231488, 'reward_final': 0.99964696, 'gate_reason': nan, 'reward_final_diversity': 0.99964696, 'diversity_penalty': False, 'selection_rank': 1, 'source_loop': 15}",LiHoCu,"('Cu', 'Ho', 'Li')",0.99964696,15
"{'structure_id': 'gen_61', 'cif_path': 'provenance://mattergen/outputs/dielectric_rl/direct_rl_target12_online/matinvent_style_target12_tri_fixed_scaler_gpu/loop_0020/postprocess/input_cifs/gen_61.cif', 'input_cif_path': 'provenance://mattergen/outputs/dielectric_rl/direct_rl_target12_online/matinvent_style_target12_tri_fixed_scaler_gpu/loop_0020/postprocess/input_cifs/gen_61.cif', 'raw_valid': True, 'formula': 'La2 Tb5 Mg1', 'chemical_system': 'La-Mg-Tb', 'num_sites': 8, 'raw_valid_reason': nan, 'relaxed_cif_path': 'provenance://mattergen/outputs/dielectric_rl/direct_rl_target12_online/matinvent_style_target12_tri_fixed_scaler_gpu/loop_0020/postprocess/relaxed/relaxed_cifs/gen_61_relaxed.cif', 'relaxation_success': True, 'total_energy': -34.42203521728516, 'composition_valid': True, 'structure_valid': True, 'structure_comp_valid': True, 'reference_name': 'TRI2024', 'is_unique': True, 'is_novel': True, 'stable': True, 'predicted_dielectric_scalar': 12.059366013889909, 'predicted_tensor': '[[12.08431127723355, -0.0007622644751637852, 1.2950110479454569e-05], [-0.0007622644751637852, 12.084284960979321, -3.290033779205606e-05], [1.2950110479454569e-05, -3.290033779205606e-05, 12.009501803456857]]', 'volume': 257.28061129156265, 'prediction_success': True, 'target_dielectric_scalar': 12.0, 'abs_error': 0.0593660138899085, 'reward_raw': 0.9995595565730492, 'reward_final': 0.9995596, 'gate_reason': nan, 'reward_final_diversity': 0.9995596, 'diversity_penalty': False, 'selection_rank': 1, 'source_loop': 20}",La2Tb5Mg,"('La', 'Mg', 'Tb')",0.9995596,20
"{'structure_id': 'gen_20', 'cif_path': 'provenance://mattergen/outputs/dielectric_rl/direct_rl_target12_online/matinvent_style_target12_tri_fixed_scaler_gpu/loop_0011/postprocess/input_cifs/gen_20.cif', 'input_cif_path': 'provenance://mattergen/outputs/dielectric_rl/direct_rl_target12_online/matinvent_style_target12_tri_fixed_scaler_gpu/loop_0011/postprocess/input_cifs/gen_20.cif', 'raw_valid': True, 'formula': 'Tb6 Mg1 Sc1', 'chemical_system': 'Mg-Sc-Tb', 'num_sites': 8, 'raw_valid_reason': nan, 'relaxed_cif_path': 'provenance://mattergen/outputs/dielectric_rl/direct_rl_target12_online/matinvent_style_target12_tri_fixed_scaler_gpu/loop_0011/postprocess/relaxed/relaxed_cifs/gen_20_relaxed.cif', 'relaxation_success': True, 'total_energy': -35.610843658447266, 'composition_valid': True, 'structure_valid': True, 'structure_comp_valid': True, 'reference_name': 'TRI2024', 'is_unique': True, 'is_novel': True, 'stable': True, 'predicted_dielectric_scalar': 12.061146953681936, 'predicted_tensor': '[[12.055508295478477, 0.05074264861595956, -0.010685728401119816], [0.05074264861595956, 12.110262222006696, 0.0062418847938178175], [-0.010685728401119816, 0.0062418847938178175, 12.017670343560637]]', 'volume': 239.13230718044343, 'prediction_success': True, 'target_dielectric_scalar': 12.0, 'abs_error': 0.061146953681936, 'reward_raw': 0.9995327404566856, 'reward_final': 0.99953276, 'gate_reason': nan, 'reward_final_diversity': 0.99953276, 'diversity_penalty': False, 'selection_rank': 1, 'source_loop': 11}",Tb6MgSc,"('Mg', 'Sc', 'Tb')",0.99953276,11
"{'structure_id': 'gen_2', 'cif_path': 'provenance://mattergen/outputs/dielectric_rl/direct_rl_target12_online/matinvent_style_target12_tri_fixed_scaler_gpu/loop_0008/postprocess/input_cifs/gen_2.cif', 'input_cif_path': 'provenance://mattergen/outputs/dielectric_rl/direct_rl_target12_online/matinvent_style_target12_tri_fixed_scaler_gpu/loop_0008/postprocess/input_cifs/gen_2.cif', 'raw_valid': True, 'formula': 'Ca8 Ag1 Sb5', 'chemical_system': 'Ag-Ca-Sb', 'num_sites': 14, 'raw_valid_reason': nan, 'relaxed_cif_path': 'provenance://mattergen/outputs/dielectric_rl/direct_rl_target12_online/matinvent_style_target12_tri_fixed_scaler_gpu/loop_0008/postprocess/relaxed/relaxed_cifs/gen_2_relaxed.cif', 'relaxation_success': True, 'total_energy': -52.53476333618164, 'composition_valid': True, 'structure_valid': True, 'structure_comp_valid': True, 'reference_name': 'TRI2024', 'is_unique': True, 'is_novel': True, 'stable': True, 'predicted_dielectric_scalar': 12.078729504586262, 'predicted_tensor': '[[12.080607621785184, -0.0667417936358694, -0.11839707412684403], [-0.0667417936358694, 12.029527268736002, 0.0834887715111063], [-0.11839707412684403, 0.0834887715111063, 12.126053623237606]]', 'volume': 427.1057863462406, 'prediction_success': True, 'target_dielectric_scalar': 12.0, 'abs_error': 0.0787295045862617, 'reward_raw': 0.9992255082121614, 'reward_final': 0.9992255, 'gate_reason': nan, 'reward_final_diversity': 0.9992255, 'diversity_penalty': False, 'selection_rank': 1, 'source_loop': 8}",Ca8AgSb5,"('Ag', 'Ca', 'Sb')",0.9992255,8
"{'structure_id': 'gen_22', 'cif_path': 'provenance://mattergen/outputs/dielectric_rl/direct_rl_target12_online/matinvent_style_target12_eval24_topk025_from_loop0020/loop_0001/postprocess/input_cifs/gen_22.cif', 'input_cif_path': 'provenance://mattergen/outputs/dielectric_rl/direct_rl_target12_online/matinvent_style_target12_eval24_topk025_from_loop0020/loop_0001/postprocess/input_cifs/gen_22.cif', 'raw_valid': True, 'formula': 'La1 Tb6 Y1 Er4', 'chemical_system': 'Er-La-Tb-Y', 'num_sites': 12, 'raw_valid_reason': '', 'relaxed_cif_path': 'provenance://mattergen/outputs/dielectric_rl/direct_rl_target12_online/matinvent_style_target12_eval24_topk025_from_loop0020/loop_0001/postprocess/relaxed/relaxed_cifs/gen_22_relaxed.cif', 'relaxation_success': True, 'total_energy': -57.13615417480469, 'composition_valid': True, 'structure_valid': True, 'structure_comp_valid': True, 'reference_name': 'TRI2024', 'is_unique': True, 'is_novel': True, 'stable': True, 'predicted_dielectric_scalar': 11.909757340403951, 'predicted_tensor': '[[11.99046124090913, 9.999378417147056e-05, 0.0005591501663746375], [9.999378417147056e-05, 11.991918237220172, -0.0009077284836785037], [0.0005591501663746375, -0.0009077284836785037, 11.746892543082538]]', 'volume': 384.27608651540834, 'prediction_success': True, 'target_dielectric_scalar': 12.0, 'abs_error': 0.09024265959604882, 'reward_raw': 0.9989825507514726, 'reward_final': 0.9989825487136841, 'gate_reason': '', 'reward_final_diversity': 0.9989825487136841, 'diversity_penalty': False, 'selection_rank': 1, 'source_loop': 1}",LaTb6YEr4,"('Er', 'La', 'Tb', 'Y')",0.998982548713684,1
"{'structure_id': 'gen_45', 'cif_path': 'provenance://mattergen/outputs/dielectric_rl/direct_rl_target12_online/matinvent_style_target12_tri_fixed_scaler_gpu/loop_0002/postprocess/input_cifs/gen_45.cif', 'input_cif_path': 'provenance://mattergen/outputs/dielectric_rl/direct_rl_target12_online/matinvent_style_target12_tri_fixed_scaler_gpu/loop_0002/postprocess/input_cifs/gen_45.cif', 'raw_valid': True, 'formula': 'Na1 Sr1 Hg1 Au2', 'chemical_system': 'Au-Hg-Na-Sr', 'num_sites': 5, 'raw_valid_reason': nan, 'relaxed_cif_path': 'provenance://mattergen/outputs/dielectric_rl/direct_rl_target12_online/matinvent_style_target12_tri_fixed_scaler_gpu/loop_0002/postprocess/relaxed/relaxed_cifs/gen_45_relaxed.cif', 'relaxation_success': True, 'total_energy': -12.46815299987793, 'composition_valid': True, 'structure_valid': True, 'structure_comp_valid': True, 'reference_name': 'TRI2024', 'is_unique': True, 'is_novel': True, 'stable': True, 'predicted_dielectric_scalar': 12.107249927061387, 'predicted_tensor': '[[10.167322112607089, -2.0334657854499288e-05, 0.003756366938864168], [-2.0334657854499288e-05, 10.154241037638268, 0.0018535753486318076], [0.003756366938864168, 0.0018535753486318076, 16.000186630938806]]', 'volume': 131.2312067372903, 'prediction_success': True, 'target_dielectric_scalar': 12.0, 'abs_error': 0.1072499270613871, 'reward_raw': 0.998563214808752, 'reward_final': 0.99856323, 'gate_reason': nan, 'reward_final_diversity': 0.99856323, 'diversity_penalty': False, 'selection_rank': 1, 'source_loop': 2}",NaSrHgAu2,"('Au', 'Hg', 'Na', 'Sr')",0.99856323,2
"{'structure_id': 'gen_15', 'cif_path': 'provenance://mattergen/outputs/dielectric_rl/direct_rl_target12_online/matinvent_style_target12_tri_fixed_scaler_gpu/loop_0020/postprocess/input_cifs/gen_15.cif', 'input_cif_path': 'provenance://mattergen/outputs/dielectric_rl/direct_rl_target12_online/matinvent_style_target12_tri_fixed_scaler_gpu/loop_0020/postprocess/input_cifs/gen_15.cif', 'raw_valid': True, 'formula': 'Li6 Ag6 Sn1 Ge2', 'chemical_system': 'Ag-Ge-Li-Sn', 'num_sites': 15, 'raw_valid_reason': nan, 'relaxed_cif_path': 'provenance://mattergen/outputs/dielectric_rl/direct_rl_target12_online/matinvent_style_target12_tri_fixed_scaler_gpu/loop_0020/postprocess/relaxed/relaxed_cifs/gen_15_relaxed.cif', 'relaxation_success': True, 'total_energy': -44.50577163696289, 'composition_valid': True, 'structure_valid': True, 'structure_comp_valid': True, 'reference_name': 'TRI2024', 'is_unique': True, 'is_novel': True, 'stable': True, 'predicted_dielectric_scalar': 12.11632831111806, 'predicted_tensor': '[[12.408960344302038, -0.08005317155281608, 0.7633077719138485], [-0.08005317155281608, 11.452878279955076, 0.34821684353980725], [0.7633077719138485, 0.34821684353980725, 12.48714630909706]]', 'volume': 266.7846236902621, 'prediction_success': True, 'target_dielectric_scalar': 12.0, 'abs_error': 0.1163283111180604, 'reward_raw': 0.9983098953422076, 'reward_final': 0.9983099, 'gate_reason': nan, 'reward_final_diversity': 0.9983099, 'diversity_penalty': False, 'selection_rank': 2, 'source_loop': 20}",Li6Ag6SnGe2,"('Ag', 'Ge', 'Li', 'Sn')",0.9983099,20
"{'structure_id': 'gen_8', 'cif_path': 'provenance://mattergen/outputs/dielectric_rl/direct_rl_target12_online/matinvent_style_target12_eval24_topk025_from_loop0020/loop_0009/postprocess/input_cifs/gen_8.cif', 'input_cif_path': 'provenance://mattergen/outputs/dielectric_rl/direct_rl_target12_online/matinvent_style_target12_eval24_topk025_from_loop0020/loop_0009/postprocess/input_cifs/gen_8.cif', 'raw_valid': True, 'formula': 'La1 Tb2 Dy3 Er6', 'chemical_system': 'Dy-Er-La-Tb', 'num_sites': 12, 'raw_valid_reason': '', 'relaxed_cif_path': 'provenance://mattergen/outputs/dielectric_rl/direct_rl_target12_online/matinvent_style_target12_eval24_topk025_from_loop0020/loop_0009/postprocess/relaxed/relaxed_cifs/gen_8_relaxed.cif', 'relaxation_success': True, 'total_energy': -55.119441986083984, 'composition_valid': True, 'structure_valid': True, 'structure_comp_valid': True, 'reference_name': 'TRI2024', 'is_unique': True, 'is_novel': True, 'stable': True, 'predicted_dielectric_scalar': 11.880817871290644, 'predicted_tensor': '[[11.799348883680263, 5.2560616701389627e-05, 0.0002935424263644279], [5.2560616701389627e-05, 11.901688600431287, -0.004265909087912859], [0.0002935424263644279, -0.004265909087912859, 11.941416129760388]]', 'volume': 378.8208845234831, 'prediction_success': True, 'target_dielectric_scalar': 12.0, 'abs_error': 0.1191821287093564, 'reward_raw': 0.9982260278764484, 'reward_final': 0.9982260465621948, 'gate_reason': '', 'reward_final_diversity': 0.9982260465621948, 'diversity_penalty': False, 'selection_rank': 1, 'source_loop': 9}",LaTb2(DyEr2)3,"('Dy', 'Er', 'La', 'Tb')",0.9982260465621948,9
"{'structure_id': 'gen_7', 'cif_path': 'provenance://mattergen/outputs/dielectric_rl/direct_rl_target12_online/matinvent_style_target12_eval24_topk025_from_loop0020/loop_0002/postprocess/input_cifs/gen_7.cif', 'input_cif_path': 'provenance://mattergen/outputs/dielectric_rl/direct_rl_target12_online/matinvent_style_target12_eval24_topk025_from_loop0020/loop_0002/postprocess/input_cifs/gen_7.cif', 'raw_valid': True, 'formula': 'Sr2 Cd5 Au4', 'chemical_system': 'Au-Cd-Sr', 'num_sites': 11, 'raw_valid_reason': '', 'relaxed_cif_path': 'provenance://mattergen/outputs/dielectric_rl/direct_rl_target12_online/matinvent_style_target12_eval24_topk025_from_loop0020/loop_0002/postprocess/relaxed/relaxed_cifs/gen_7_relaxed.cif', 'relaxation_success': True, 'total_energy': -25.494680404663086, 'composition_valid': True, 'structure_valid': True, 'structure_comp_valid': True, 'reference_name': 'TRI2024', 'is_unique': True, 'is_novel': True, 'stable': True, 'predicted_dielectric_scalar': 12.121108911343306, 'predicted_tensor': '[[11.094248878956328, 0.4014427378954629, -0.009850017358215134], [0.4014427378954629, 11.5531963934457, 0.012273482064029503], [-0.009850017358215134, 0.012273482064029503, 13.71588146162788]]', 'volume': 279.5203420180285, 'prediction_success': True, 'target_dielectric_scalar': 12.0, 'abs_error': 0.12110891134330615, 'reward_raw': 0.9981682586388467, 'reward_final': 0.9981682300567627, 'gate_reason': '', 'reward_final_diversity': 0.9981682300567627, 'diversity_penalty': False, 'selection_rank': 1, 'source_loop': 2}",Sr2Cd5Au4,"('Au', 'Cd', 'Sr')",0.9981682300567628,2
"{'structure_id': 'gen_26', 'cif_path': 'provenance://mattergen/outputs/dielectric_rl/direct_rl_target12_online/matinvent_style_target12_eval24_topk025_from_loop0020/loop_0007/postprocess/input_cifs/gen_26.cif', 'input_cif_path': 'provenance://mattergen/outputs/dielectric_rl/direct_rl_target12_online/matinvent_style_target12_eval24_topk025_from_loop0020/loop_0007/postprocess/input_cifs/gen_26.cif', 'raw_valid': True, 'formula': 'Li4 Al3 Zn3 Ag4', 'chemical_system': 'Ag-Al-Li-Zn', 'num_sites': 14, 'raw_valid_reason': '', 'relaxed_cif_path': 'provenance://mattergen/outputs/dielectric_rl/direct_rl_target12_online/matinvent_style_target12_eval24_topk025_from_loop0020/loop_0007/postprocess/relaxed/relaxed_cifs/gen_26_relaxed.cif', 'relaxation_success': True, 'total_energy': -36.3390998840332, 'composition_valid': True, 'structure_valid': True, 'structure_comp_valid': True, 'reference_name': 'TRI2024', 'is_unique': True, 'is_novel': True, 'stable': True, 'predicted_dielectric_scalar': 12.14989222641752, 'predicted_tensor': '[[12.81478248239788, -0.0014951063841295105, -0.0010519059845623781], [-0.0014951063841295105, 11.932959916358863, -0.814722613350009], [-0.0010519059845623781, -0.814722613350009, 11.70193428049582]]', 'volume': 223.51081827399568, 'prediction_success': True, 'target_dielectric_scalar': 12.0, 'abs_error': 0.14989222641752065, 'reward_raw': 0.9971954800917351, 'reward_final': 0.9971954822540283, 'gate_reason': '', 'reward_final_diversity': 0.9971954822540283, 'diversity_penalty': False, 'selection_rank': 2, 'source_loop': 7}",Li4Al3Zn3Ag4,"('Ag', 'Al', 'Li', 'Zn')",0.9971954822540284,7
"{'structure_id': 'gen_41', 'cif_path': 'provenance://mattergen/outputs/dielectric_rl/direct_rl_target12_online/matinvent_style_target12_tri_fixed_scaler_gpu/loop_0012/postprocess/input_cifs/gen_41.cif', 'input_cif_path': 'provenance://mattergen/outputs/dielectric_rl/direct_rl_target12_online/matinvent_style_target12_tri_fixed_scaler_gpu/loop_0012/postprocess/input_cifs/gen_41.cif', 'raw_valid': True, 'formula': 'Hg2', 'chemical_system': 'Hg', 'num_sites': 2, 'raw_valid_reason': nan, 'relaxed_cif_path': 'provenance://mattergen/outputs/dielectric_rl/direct_rl_target12_online/matinvent_style_target12_tri_fixed_scaler_gpu/loop_0012/postprocess/relaxed/relaxed_cifs/gen_41_relaxed.cif', 'relaxation_success': True, 'total_energy': -0.6012163162231445, 'composition_valid': True, 'structure_valid': True, 'structure_comp_valid': True, 'reference_name': 'TRI2024', 'is_unique': True, 'is_novel': True, 'stable': True, 'predicted_dielectric_scalar': 12.182628261887604, 'predicted_tensor': '[[12.30814797206946, 0.13462286819777275, -0.04200583492039646], [0.13462286819777275, 11.79119435062051, -0.01152895149075302], [-0.04200583492039646, -0.01152895149075302, 12.448542462972839]]', 'volume': 62.29280365884564, 'prediction_success': True, 'target_dielectric_scalar': 12.0, 'abs_error': 0.1826282618876042, 'reward_raw': 0.9958395435241858, 'reward_final': 0.99583954, 'gate_reason': nan, 'reward_final_diversity': 0.99583954, 'diversity_penalty': False, 'selection_rank': 1, 'source_loop': 12}",Hg,"('Hg',)",0.99583954,12
"{'structure_id': 'gen_34', 'cif_path': 'provenance://mattergen/outputs/dielectric_rl/direct_rl_target12_online/matinvent_style_target12_eval24_topk025_from_loop0020/loop_0010/postprocess/input_cifs/gen_34.cif', 'input_cif_path': 'provenance://mattergen/outputs/dielectric_rl/direct_rl_target12_online/matinvent_style_target12_eval24_topk025_from_loop0020/loop_0010/postprocess/input_cifs/gen_34.cif', 'raw_valid': True, 'formula': 'Y3 Er5 Tm2 Sc2', 'chemical_system': 'Er-Sc-Tm-Y', 'num_sites': 12, 'raw_valid_reason': '', 'relaxed_cif_path': 'provenance://mattergen/outputs/dielectric_rl/direct_rl_target12_online/matinvent_style_target12_eval24_topk025_from_loop0020/loop_0010/postprocess/relaxed/relaxed_cifs/gen_34_relaxed.cif', 'relaxation_success': True, 'total_energy': -63.560089111328125, 'composition_valid': True, 'structure_valid': True, 'structure_comp_valid': True, 'reference_name': 'TRI2024', 'is_unique': True, 'is_novel': True, 'stable': True, 'predicted_dielectric_scalar': 12.188348711832925, 'predicted_tensor': '[[12.491743663087576, -0.0007411442383726972, 0.00017797355872246846], [-0.0007411442383726972, 11.91685861349346, 0.1599462848362138], [0.00017797355872246846, 0.1599462848362138, 12.156443858917726]]', 'volume': 361.1999369356945, 'prediction_success': True, 'target_dielectric_scalar': 12.0, 'abs_error': 0.18834871183292456, 'reward_raw': 0.9955754127993026, 'reward_final': 0.9955754280090332, 'gate_reason': '', 'reward_final_diversity': 0.9955754280090332, 'diversity_penalty': False, 'selection_rank': 1, 'source_loop': 10}",Y3Er5(TmSc)2,"('Er', 'Sc', 'Tm', 'Y')",0.9955754280090332,10
"{'structure_id': 'gen_44', 'cif_path': 'provenance://mattergen/outputs/dielectric_rl/direct_rl_target12_online/matinvent_style_target12_tri_fixed_scaler_gpu/loop_0006/postprocess/input_cifs/gen_44.cif', 'input_cif_path': 'provenance://mattergen/outputs/dielectric_rl/direct_rl_target12_online/matinvent_style_target12_tri_fixed_scaler_gpu/loop_0006/postprocess/input_cifs/gen_44.cif', 'raw_valid': True, 'formula': 'Li4 Er2 Sn5', 'chemical_system': 'Er-Li-Sn', 'num_sites': 11, 'raw_valid_reason': nan, 'relaxed_cif_path': 'provenance://mattergen/outputs/dielectric_rl/direct_rl_target12_online/matinvent_style_target12_tri_fixed_scaler_gpu/loop_0006/postprocess/relaxed/relaxed_cifs/gen_44_relaxed.cif', 'relaxation_success': True, 'total_energy': -41.7631950378418, 'composition_valid': True, 'structure_valid': True, 'structure_comp_valid': True, 'reference_name': 'TRI2024', 'is_unique': True, 'is_novel': True, 'stable': True, 'predicted_dielectric_scalar': 12.200007664402309, 'predicted_tensor': '[[11.504588532521446, -8.708130667704054e-06, -0.0002973359463069845], [-8.708130667704054e-06, 11.503407220798463, -8.731008248473445e-05], [-0.0002973359463069845, -8.731008248473445e-05, 13.592027239887006]]', 'volume': 256.3184930427079, 'prediction_success': True, 'target_dielectric_scalar': 12.0, 'abs_error': 0.2000076644023085, 'reward_raw': 0.995012097876652, 'reward_final': 0.9950121, 'gate_reason': nan, 'reward_final_diversity': 0.9950121, 'diversity_penalty': False, 'selection_rank': 1, 'source_loop': 6}",Li4Er2Sn5,"('Er', 'Li', 'Sn')",0.9950121,6
"{'structure_id': 'gen_36', 'cif_path': 'provenance://mattergen/outputs/dielectric_rl/direct_rl_target12_online/matinvent_style_target12_eval24_topk025_from_loop0020/loop_0002/postprocess/input_cifs/gen_36.cif', 'input_cif_path': 'provenance://mattergen/outputs/dielectric_rl/direct_rl_target12_online/matinvent_style_target12_eval24_topk025_from_loop0020/loop_0002/postprocess/input_cifs/gen_36.cif', 'raw_valid': True, 'formula': 'Sr2 Hg8', 'chemical_system': 'Hg-Sr', 'num_sites': 10, 'raw_valid_reason': '', 'relaxed_cif_path': 'provenance://mattergen/outputs/dielectric_rl/direct_rl_target12_online/matinvent_style_target12_eval24_topk025_from_loop0020/loop_0002/postprocess/relaxed/relaxed_cifs/gen_36_relaxed.cif', 'relaxation_success': True, 'total_energy': -9.073095321655273, 'composition_valid': True, 'structure_valid': True, 'structure_comp_valid': True, 'reference_name': 'TRI2024', 'is_unique': True, 'is_novel': True, 'stable': True, 'predicted_dielectric_scalar': 11.760614208101208, 'predicted_tensor': '[[11.752109866403863, 0.0007251432462221557, 0.017223185954694645], [0.0007251432462221557, 12.313463272965476, -0.015894208334456334], [0.017223185954694645, -0.015894208334456334, 11.216269484934287]]', 'volume': 280.9450676928423, 'prediction_success': True, 'target_dielectric_scalar': 12.0, 'abs_error': 0.23938579189879228, 'reward_raw': 0.9928623998592375, 'reward_final': 0.9928624033927917, 'gate_reason': '', 'reward_final_diversity': 0.9928624033927917, 'diversity_penalty': False, 'selection_rank': 2, 'source_loop': 2}",SrHg4,"('Hg', 'Sr')",0.9928624033927916,2
"{'structure_id': 'gen_47', 'cif_path': 'provenance://mattergen/outputs/dielectric_rl/direct_rl_target12_online/matinvent_style_target12_tri_fixed_scaler_gpu/loop_0005/postprocess/input_cifs/gen_47.cif', 'input_cif_path': 'provenance://mattergen/outputs/dielectric_rl/direct_rl_target12_online/matinvent_style_target12_tri_fixed_scaler_gpu/loop_0005/postprocess/input_cifs/gen_47.cif', 'raw_valid': True, 'formula': 'Na2 Cd2 In5 Hg2', 'chemical_system': 'Cd-Hg-In-Na', 'num_sites': 11, 'raw_valid_reason': nan, 'relaxed_cif_path': 'provenance://mattergen/outputs/dielectric_rl/direct_rl_target12_online/matinvent_style_target12_tri_fixed_scaler_gpu/loop_0005/postprocess/relaxed/relaxed_cifs/gen_47_relaxed.cif', 'relaxation_success': True, 'total_energy': -19.104825973510746, 'composition_valid': True, 'structure_valid': True, 'structure_comp_valid': True, 'reference_name': 'TRI2024', 'is_unique': True, 'is_novel': True, 'stable': True, 'predicted_dielectric_scalar': 11.751446932191906, 'predicted_tensor': '[[12.313446550286619, 0.003730486933448106, -0.021537573581832937], [0.003730486933448106, 12.282001644925316, -0.011003567770579734], [-0.021537573581832937, -0.011003567770579734, 10.658892601363798]]', 'volume': 310.0926970152838, 'prediction_success': True, 'target_dielectric_scalar': 12.0, 'abs_error': 0.2485530678080945, 'reward_raw': 0.99230741213393, 'reward_final': 0.9923074, 'gate_reason': nan, 'reward_final_diversity': 0.9923074, 'diversity_penalty': False, 'selection_rank': 2, 'source_loop': 5}",Na2Cd2In5Hg2,"('Cd', 'Hg', 'In', 'Na')",0.9923074,5
"{'structure_id': 'gen_63', 'cif_path': 'provenance://mattergen/outputs/dielectric_rl/direct_rl_target12_online/matinvent_style_target12_eval24_topk025_from_loop0020/loop_0010/postprocess/input_cifs/gen_63.cif', 'input_cif_path': 'provenance://mattergen/outputs/dielectric_rl/direct_rl_target12_online/matinvent_style_target12_eval24_topk025_from_loop0020/loop_0010/postprocess/input_cifs/gen_63.cif', 'raw_valid': True, 'formula': 'Ce2 Sm1 Y1 Se4', 'chemical_system': 'Ce-Se-Sm-Y', 'num_sites': 8, 'raw_valid_reason': '', 'relaxed_cif_path': 'provenance://mattergen/outputs/dielectric_rl/direct_rl_target12_online/matinvent_style_target12_eval24_topk025_from_loop0020/loop_0010/postprocess/relaxed/relaxed_cifs/gen_63_relaxed.cif', 'relaxation_success': True, 'total_energy': -51.35105514526367, 'composition_valid': True, 'structure_valid': True, 'structure_comp_valid': True, 'reference_name': 'TRI2024', 'is_unique': True, 'is_novel': True, 'stable': True, 'predicted_dielectric_scalar': 12.248659037566616, 'predicted_tensor': '[[12.70631267297064, -0.003242701411622111, -0.004688287459256799], [-0.003242701411622111, 12.61829603023003, -0.011595127464694169], [-0.004688287459256799, -0.011595127464694169, 11.42136840949917]]', 'volume': 204.7645440231937, 'prediction_success': True, 'target_dielectric_scalar': 12.0, 'abs_error': 0.24865903756661645, 'reward_raw': 0.9923008766393845, 'reward_final': 0.9923008680343628, 'gate_reason': '', 'reward_final_diversity': 0.9923008680343628, 'diversity_penalty': False, 'selection_rank': 2, 'source_loop': 10}",Ce2SmYSe4,"('Ce', 'Se', 'Sm', 'Y')",0.9923008680343628,10
"{'structure_id': 'gen_42', 'cif_path': 'provenance://mattergen/outputs/dielectric_rl/direct_rl_target12_online/matinvent_style_target12_eval24_topk025_from_loop0020/loop_0007/postprocess/input_cifs/gen_42.cif', 'input_cif_path': 'provenance://mattergen/outputs/dielectric_rl/direct_rl_target12_online/matinvent_style_target12_eval24_topk025_from_loop0020/loop_0007/postprocess/input_cifs/gen_42.cif', 'raw_valid': True, 'formula': 'La2 Tb2 Pr2 Dy4', 'chemical_system': 'Dy-La-Pr-Tb', 'num_sites': 10, 'raw_valid_reason': '', 'relaxed_cif_path': 'provenance://mattergen/outputs/dielectric_rl/direct_rl_target12_online/matinvent_style_target12_eval24_topk025_from_loop0020/loop_0007/postprocess/relaxed/relaxed_cifs/gen_42_relaxed.cif', 'relaxation_success': True, 'total_energy': -46.801658630371094, 'composition_valid': True, 'structure_valid': True, 'structure_comp_valid': True, 'reference_name': 'TRI2024', 'is_unique': True, 'is_novel': True, 'stable': True, 'predicted_dielectric_scalar': 12.257853826104244, 'predicted_tensor': '[[12.327068789330442, 7.35635084956256e-05, 0.00039937399571819395], [7.35635084956256e-05, 12.255276402707723, 0.002650735827414789], [0.00039937399571819395, 0.002650735827414789, 12.191216286274562]]', 'volume': 335.239472129207, 'prediction_success': True, 'target_dielectric_scalar': 12.0, 'abs_error': 0.25785382610424357, 'reward_raw': 0.9917233670433885, 'reward_final': 0.991723358631134, 'gate_reason': '', 'reward_final_diversity': 0.991723358631134, 'diversity_penalty': False, 'selection_rank': 3, 'source_loop': 7}",LaTbPrDy2,"('Dy', 'La', 'Pr', 'Tb')",0.991723358631134,7
"{'structure_id': 'gen_1', 'cif_path': 'provenance://mattergen/outputs/dielectric_rl/direct_rl_target12_online/matinvent_style_target12_eval24_topk025_from_loop0020/loop_0006/postprocess/input_cifs/gen_1.cif', 'input_cif_path': 'provenance://mattergen/outputs/dielectric_rl/direct_rl_target12_online/matinvent_style_target12_eval24_topk025_from_loop0020/loop_0006/postprocess/input_cifs/gen_1.cif', 'raw_valid': True, 'formula': 'La4 Y4 Er2 Tm2', 'chemical_system': 'Er-La-Tm-Y', 'num_sites': 12, 'raw_valid_reason': '', 'relaxed_cif_path': 'provenance://mattergen/outputs/dielectric_rl/direct_rl_target12_online/matinvent_style_target12_eval24_topk025_from_loop0020/loop_0006/postprocess/relaxed/relaxed_cifs/gen_1_relaxed.cif', 'relaxation_success': True, 'total_energy': -63.0914306640625, 'composition_valid': True, 'structure_valid': True, 'structure_comp_valid': True, 'reference_name': 'TRI2024', 'is_unique': True, 'is_novel': True, 'stable': True, 'predicted_dielectric_scalar': 12.259397528422753, 'predicted_tensor': '[[12.49144928633612, -0.0004121022441911819, -2.6120933018942062e-05], [-0.0004121022441911819, 11.965323928292426, -0.09236033260136157], [-2.6120933018942062e-05, -0.09236033260136157, 12.32141937063971]]', 'volume': 399.4069091869613, 'prediction_success': True, 'target_dielectric_scalar': 12.0, 'abs_error': 0.25939752842275254, 'reward_raw': 0.9916243878115616, 'reward_final': 0.9916244149208069, 'gate_reason': '', 'reward_final_diversity': 0.9916244149208069, 'diversity_penalty': False, 'selection_rank': 1, 'source_loop': 6}",La2Y2ErTm,"('Er', 'La', 'Tm', 'Y')",0.9916244149208068,6
"{'structure_id': 'gen_25', 'cif_path': 'provenance://mattergen/outputs/dielectric_rl/direct_rl_target12_online/matinvent_style_target12_tri_fixed_scaler_gpu/loop_0009/postprocess/input_cifs/gen_25.cif', 'input_cif_path': 'provenance://mattergen/outputs/dielectric_rl/direct_rl_target12_online/matinvent_style_target12_tri_fixed_scaler_gpu/loop_0009/postprocess/input_cifs/gen_25.cif', 'raw_valid': True, 'formula': 'Li2 Tb2 Y4 Tl4', 'chemical_system': 'Li-Tb-Tl-Y', 'num_sites': 12, 'raw_valid_reason': nan, 'relaxed_cif_path': 'provenance://mattergen/outputs/dielectric_rl/direct_rl_target12_online/matinvent_style_target12_tri_fixed_scaler_gpu/loop_0009/postprocess/relaxed/relaxed_cifs/gen_25_relaxed.cif', 'relaxation_success': True, 'total_energy': -51.764381408691406, 'composition_valid': True, 'structure_valid': True, 'structure_comp_valid': True, 'reference_name': 'TRI2024', 'is_unique': True, 'is_novel': True, 'stable': True, 'predicted_dielectric_scalar': 11.732356145016448, 'predicted_tensor': '[[12.43536709246364, 0.0003213301658621634, 0.0003566404275833354], [0.0003213301658621634, 11.776836872613945, -0.002377270847049604], [0.0003566404275833354, -0.002377270847049604, 10.98486446997175]]', 'volume': 323.9815450619029, 'prediction_success': True, 'target_dielectric_scalar': 12.0, 'abs_error': 0.267643854983552, 'reward_raw': 0.991085814914047, 'reward_final': 0.9910858, 'gate_reason': nan, 'reward_final_diversity': 0.9910858, 'diversity_penalty': False, 'selection_rank': 1, 'source_loop': 9}",LiTb(YTl)2,"('Li', 'Tb', 'Tl', 'Y')",0.9910858,9
"{'structure_id': 'gen_33', 'cif_path': 'provenance://mattergen/outputs/dielectric_rl/direct_rl_target12_online/matinvent_style_target12_tri_fixed_scaler_gpu/loop_0002/postprocess/input_cifs/gen_33.cif', 'input_cif_path': 'provenance://mattergen/outputs/dielectric_rl/direct_rl_target12_online/matinvent_style_target12_tri_fixed_scaler_gpu/loop_0002/postprocess/input_cifs/gen_33.cif', 'raw_valid': True, 'formula': 'Sr2 In1 Ga1 Hg6', 'chemical_system': 'Ga-Hg-In-Sr', 'num_sites': 10, 'raw_valid_reason': nan, 'relaxed_cif_path': 'provenance://mattergen/outputs/dielectric_rl/direct_rl_target12_online/matinvent_style_target12_tri_fixed_scaler_gpu/loop_0002/postprocess/relaxed/relaxed_cifs/gen_33_relaxed.cif', 'relaxation_success': True, 'total_energy': -13.784618377685549, 'composition_valid': True, 'structure_valid': True, 'structure_comp_valid': True, 'reference_name': 'TRI2024', 'is_unique': True, 'is_novel': True, 'stable': True, 'predicted_dielectric_scalar': 11.664212529068044, 'predicted_tensor': '[[10.381626722052625, -0.012514498327705906, 0.00759648296327428], [-0.012514498327705906, 12.190960689094279, -1.044436664035343], [0.00759648296327428, -1.044436664035343, 12.420050176057233]]', 'volume': 274.1363833740176, 'prediction_success': True, 'target_dielectric_scalar': 12.0, 'abs_error': 0.3357874709319564, 'reward_raw': 0.9860047043899124, 'reward_final': 0.9860047, 'gate_reason': nan, 'reward_final_diversity': 0.9860047, 'diversity_penalty': False, 'selection_rank': 2, 'source_loop': 2}",Sr2InGaHg6,"('Ga', 'Hg', 'In', 'Sr')",0.9860047,2
"{'structure_id': 'gen_59', 'cif_path': 'provenance://mattergen/outputs/dielectric_rl/direct_rl_target12_online/matinvent_style_target12_eval24_topk025_from_loop0020/loop_0009/postprocess/input_cifs/gen_59.cif', 'input_cif_path': 'provenance://mattergen/outputs/dielectric_rl/direct_rl_target12_online/matinvent_style_target12_eval24_topk025_from_loop0020/loop_0009/postprocess/input_cifs/gen_59.cif', 'raw_valid': True, 'formula': 'Y1 Tm3 P4', 'chemical_system': 'P-Tm-Y', 'num_sites': 8, 'raw_valid_reason': '', 'relaxed_cif_path': 'provenance://mattergen/outputs/dielectric_rl/direct_rl_target12_online/matinvent_style_target12_eval24_topk025_from_loop0020/loop_0009/postprocess/relaxed/relaxed_cifs/gen_59_relaxed.cif', 'relaxation_success': True, 'total_energy': -54.41328048706055, 'composition_valid': True, 'structure_valid': True, 'structure_comp_valid': True, 'reference_name': 'TRI2024', 'is_unique': True, 'is_novel': True, 'stable': True, 'predicted_dielectric_scalar': 11.66264608204053, 'predicted_tensor': '[[11.736467873597148, 0.0012184693520394488, 0.002630170568467735], [0.0012184693520394488, 11.63739035447308, -0.03677283224924304], [0.002630170568467735, -0.03677283224924304, 11.614080018051352]]', 'volume': 176.65893384307006, 'prediction_success': True, 'target_dielectric_scalar': 12.0, 'abs_error': 0.33735391795947045, 'reward_raw': 0.985874752563799, 'reward_final': 0.9858747720718384, 'gate_reason': '', 'reward_final_diversity': 0.9858747720718384, 'diversity_penalty': False, 'selection_rank': 2, 'source_loop': 9}",YTm3P4,"('P', 'Tm', 'Y')",0.9858747720718384,9
"{'structure_id': 'gen_50', 'cif_path': 'provenance://mattergen/outputs/dielectric_rl/direct_rl_target12_online/matinvent_style_target12_eval24_topk025_from_loop0020/loop_0002/postprocess/input_cifs/gen_50.cif', 'input_cif_path': 'provenance://mattergen/outputs/dielectric_rl/direct_rl_target12_online/matinvent_style_target12_eval24_topk025_from_loop0020/loop_0002/postprocess/input_cifs/gen_50.cif', 'raw_valid': True, 'formula': 'Tb2 Pr2 Nd2 Dy4 Y2', 'chemical_system': 'Dy-Nd-Pr-Tb-Y', 'num_sites': 12, 'raw_valid_reason': '', 'relaxed_cif_path': 'provenance://mattergen/outputs/dielectric_rl/direct_rl_target12_online/matinvent_style_target12_eval24_topk025_from_loop0020/loop_0002/postprocess/relaxed/relaxed_cifs/gen_50_relaxed.cif', 'relaxation_success': True, 'total_energy': -59.361854553222656, 'composition_valid': True, 'structure_valid': True, 'structure_comp_valid': True, 'reference_name': 'TRI2024', 'is_unique': True, 'is_novel': True, 'stable': True, 'predicted_dielectric_scalar': 12.352480407122258, 'predicted_tensor': '[[12.37388384862807, -0.00039666182700664836, -0.0003779107607359032], [-0.00039666182700664836, 12.318412964868468, -0.06653284572418136], [-0.0003779107607359032, -0.06653284572418136, 12.36514440787023]]', 'volume': 397.6347037231181, 'prediction_success': True, 'target_dielectric_scalar': 12.0, 'abs_error': 0.3524804071222576, 'reward_raw': 0.9845896686290775, 'reward_final': 0.984589695930481, 'gate_reason': '', 'reward_final_diversity': 0.984589695930481, 'diversity_penalty': False, 'selection_rank': 3, 'source_loop': 2}",TbPrNdDy2Y,"('Dy', 'Nd', 'Pr', 'Tb', 'Y')",0.984589695930481,2
"{'structure_id': 'gen_40', 'cif_path': 'provenance://mattergen/outputs/dielectric_rl/direct_rl_target12_online/matinvent_style_target12_tri_fixed_scaler_gpu/loop_0018/postprocess/input_cifs/gen_40.cif', 'input_cif_path': 'provenance://mattergen/outputs/dielectric_rl/direct_rl_target12_online/matinvent_style_target12_tri_fixed_scaler_gpu/loop_0018/postprocess/input_cifs/gen_40.cif', 'raw_valid': True, 'formula': 'Tb3 Pr2 Sm3 Er2', 'chemical_system': 'Er-Pr-Sm-Tb', 'num_sites': 10, 'raw_valid_reason': nan, 'relaxed_cif_path': 'provenance://mattergen/outputs/dielectric_rl/direct_rl_target12_online/matinvent_style_target12_tri_fixed_scaler_gpu/loop_0018/postprocess/relaxed/relaxed_cifs/gen_40_relaxed.cif', 'relaxation_success': True, 'total_energy': -46.35902404785156, 'composition_valid': True, 'structure_valid': True, 'structure_comp_valid': True, 'reference_name': 'TRI2024', 'is_unique': True, 'is_novel': True, 'stable': True, 'predicted_dielectric_scalar': 11.642659966439524, 'predicted_tensor': '[[11.648328025883012, 0.0005897924177958038, 0.0005140997619117567], [0.0005897924177958038, 11.644716245302712, -0.004917010560228725], [0.0005140997619117567, -0.004917010560228725, 11.63493562813285]]', 'volume': 331.7528870463408, 'prediction_success': True, 'target_dielectric_scalar': 12.0, 'abs_error': 0.3573400335604759, 'reward_raw': 0.9841652220395964, 'reward_final': 0.98416525, 'gate_reason': nan, 'reward_final_diversity': 0.98416525, 'diversity_penalty': False, 'selection_rank': 1, 'source_loop': 18}",Tb3Pr2Sm3Er2,"('Er', 'Pr', 'Sm', 'Tb')",0.98416525,18
"{'structure_id': 'gen_36', 'cif_path': 'provenance://mattergen/outputs/dielectric_rl/direct_rl_target12_online/matinvent_style_target12_tri_fixed_scaler_gpu/loop_0004/postprocess/input_cifs/gen_36.cif', 'input_cif_path': 'provenance://mattergen/outputs/dielectric_rl/direct_rl_target12_online/matinvent_style_target12_tri_fixed_scaler_gpu/loop_0004/postprocess/input_cifs/gen_36.cif', 'raw_valid': True, 'formula': 'Tb5 Ho2 Tm2', 'chemical_system': 'Ho-Tb-Tm', 'num_sites': 9, 'raw_valid_reason': nan, 'relaxed_cif_path': 'provenance://mattergen/outputs/dielectric_rl/direct_rl_target12_online/matinvent_style_target12_tri_fixed_scaler_gpu/loop_0004/postprocess/relaxed/relaxed_cifs/gen_36_relaxed.cif', 'relaxation_success': True, 'total_energy': -41.06459045410156, 'composition_valid': True, 'structure_valid': True, 'structure_comp_valid': True, 'reference_name': 'TRI2024', 'is_unique': True, 'is_novel': True, 'stable': True, 'predicted_dielectric_scalar': 12.36487639739797, 'predicted_tensor': '[[12.351552733300359, 0.00012785638667290423, -0.0001499172541603523], [0.00012785638667290423, 12.490251509791296, -0.017242251515373744], [-0.0001499172541603523, -0.017242251515373744, 12.252824949102255]]', 'volume': 282.9757742943354, 'prediction_success': True, 'target_dielectric_scalar': 12.0, 'abs_error': 0.3648763973979694, 'reward_raw': 0.9834958624052792, 'reward_final': 0.9834959, 'gate_reason': nan, 'reward_final_diversity': 0.9834959, 'diversity_penalty': False, 'selection_rank': 1, 'source_loop': 4}",Tb5(HoTm)2,"('Ho', 'Tb', 'Tm')",0.9834959,4
"{'structure_id': 'gen_36', 'cif_path': 'provenance://mattergen/outputs/dielectric_rl/direct_rl_target12_online/matinvent_style_target12_tri_fixed_scaler_gpu/loop_0010/postprocess/input_cifs/gen_36.cif', 'input_cif_path': 'provenance://mattergen/outputs/dielectric_rl/direct_rl_target12_online/matinvent_style_target12_tri_fixed_scaler_gpu/loop_0010/postprocess/input_cifs/gen_36.cif', 'raw_valid': True, 'formula': 'Nd6 Tm2 Ir4', 'chemical_system': 'Ir-Nd-Tm', 'num_sites': 12, 'raw_valid_reason': nan, 'relaxed_cif_path': 'provenance://mattergen/outputs/dielectric_rl/direct_rl_target12_online/matinvent_style_target12_tri_fixed_scaler_gpu/loop_0010/postprocess/relaxed/relaxed_cifs/gen_36_relaxed.cif', 'relaxation_success': True, 'total_energy': -79.6961898803711, 'composition_valid': True, 'structure_valid': True, 'structure_comp_valid': True, 'reference_name': 'TRI2024', 'is_unique': True, 'is_novel': True, 'stable': True, 'predicted_dielectric_scalar': 12.37916709316503, 'predicted_tensor': '[[12.294532718697095, -0.5705818068482439, -0.41527566209162314], [-0.5705818068482439, 12.357706691285436, -0.3946137279326169], [-0.41527566209162314, -0.3946137279326169, 12.485261869512563]]', 'volume': 333.4825087298635, 'prediction_success': True, 'target_dielectric_scalar': 12.0, 'abs_error': 0.3791670931650301, 'reward_raw': 0.9821895541715264, 'reward_final': 0.98218954, 'gate_reason': nan, 'reward_final_diversity': 0.98218954, 'diversity_penalty': False, 'selection_rank': 1, 'source_loop': 10}",Nd3TmIr2,"('Ir', 'Nd', 'Tm')",0.98218954,10
"{'structure_id': 'gen_1', 'cif_path': 'provenance://mattergen/outputs/dielectric_rl/direct_rl_target12_online/matinvent_style_target12_eval24_topk025_from_loop0020/loop_0000/postprocess/input_cifs/gen_1.cif', 'input_cif_path': 'provenance://mattergen/outputs/dielectric_rl/direct_rl_target12_online/matinvent_style_target12_eval24_topk025_from_loop0020/loop_0000/postprocess/input_cifs/gen_1.cif', 'raw_valid': True, 'formula': 'Pr5 Nd13 Dy2', 'chemical_system': 'Dy-Nd-Pr', 'num_sites': 20, 'raw_valid_reason': '', 'relaxed_cif_path': 'provenance://mattergen/outputs/dielectric_rl/direct_rl_target12_online/matinvent_style_target12_eval24_topk025_from_loop0020/loop_0000/postprocess/relaxed/relaxed_cifs/gen_1_relaxed.cif', 'relaxation_success': True, 'total_energy': -94.75628662109375, 'composition_valid': True, 'structure_valid': True, 'structure_comp_valid': True, 'reference_name': 'TRI2024', 'is_unique': True, 'is_novel': True, 'stable': True, 'predicted_dielectric_scalar': 11.60327024467238, 'predicted_tensor': '[[11.595771244985176, 0.018407264914959257, 0.0051170802439281775], [0.018407264914959257, 11.618936203150355, 0.011817204493406466], [0.0051170802439281775, 0.011817204493406466, 11.595103285881606]]', 'volume': 704.6070426646933, 'prediction_success': True, 'target_dielectric_scalar': 12.0, 'abs_error': 0.39672975532761967, 'reward_raw': 0.9805179639054961, 'reward_final': 0.9805179834365845, 'gate_reason': '', 'reward_final_diversity': 0.9805179834365845, 'diversity_penalty': False, 'selection_rank': 2, 'source_loop': 0}",Pr5Nd13Dy2,"('Dy', 'Nd', 'Pr')",0.9805179834365844,0
"{'structure_id': 'gen_47', 'cif_path': 'provenance://mattergen/outputs/dielectric_rl/direct_rl_target12_online/matinvent_style_target12_tri_fixed_scaler_gpu/loop_0013/postprocess/input_cifs/gen_47.cif', 'input_cif_path': 'provenance://mattergen/outputs/dielectric_rl/direct_rl_target12_online/matinvent_style_target12_tri_fixed_scaler_gpu/loop_0013/postprocess/input_cifs/gen_47.cif', 'raw_valid': True, 'formula': 'Ba2 Ca2 La2 Ga4', 'chemical_system': 'Ba-Ca-Ga-La', 'num_sites': 10, 'raw_valid_reason': nan, 'relaxed_cif_path': 'provenance://mattergen/outputs/dielectric_rl/direct_rl_target12_online/matinvent_style_target12_tri_fixed_scaler_gpu/loop_0013/postprocess/relaxed/relaxed_cifs/gen_47_relaxed.cif', 'relaxation_success': True, 'total_energy': -33.64096450805664, 'composition_valid': True, 'structure_valid': True, 'structure_comp_valid': True, 'reference_name': 'TRI2024', 'is_unique': True, 'is_novel': True, 'stable': True, 'predicted_dielectric_scalar': 11.60163048446744, 'predicted_tensor': '[[11.51685157952019, 7.606213633510385e-07, -0.0004035204884025017], [7.606213633510385e-07, 11.712265569848878, 0.00034340429160258936], [-0.0004035204884025017, 0.00034340429160258936, 11.57577430403326]]', 'volume': 331.82005364134926, 'prediction_success': True, 'target_dielectric_scalar': 12.0, 'abs_error': 0.3983695155325595, 'reward_raw': 0.9803581804250056, 'reward_final': 0.9803582, 'gate_reason': nan, 'reward_final_diversity': 0.9803582, 'diversity_penalty': False, 'selection_rank': 1, 'source_loop': 13}",BaCaLaGa2,"('Ba', 'Ca', 'Ga', 'La')",0.9803582,13
"{'structure_id': 'gen_31', 'cif_path': 'provenance://mattergen/outputs/dielectric_rl/direct_rl_target12_online/matinvent_style_target12_tri_fixed_scaler_gpu/loop_0010/postprocess/input_cifs/gen_31.cif', 'input_cif_path': 'provenance://mattergen/outputs/dielectric_rl/direct_rl_target12_online/matinvent_style_target12_tri_fixed_scaler_gpu/loop_0010/postprocess/input_cifs/gen_31.cif', 'raw_valid': True, 'formula': 'La2 Y2 Er3', 'chemical_system': 'Er-La-Y', 'num_sites': 7, 'raw_valid_reason': nan, 'relaxed_cif_path': 'provenance://mattergen/outputs/dielectric_rl/direct_rl_target12_online/matinvent_style_target12_tri_fixed_scaler_gpu/loop_0010/postprocess/relaxed/relaxed_cifs/gen_31_relaxed.cif', 'relaxation_success': True, 'total_energy': -36.21487808227539, 'composition_valid': True, 'structure_valid': True, 'structure_comp_valid': True, 'reference_name': 'TRI2024', 'is_unique': True, 'is_novel': True, 'stable': True, 'predicted_dielectric_scalar': 12.411802356088591, 'predicted_tensor': '[[12.677318101721552, 7.88128865390359e-05, 0.00017483878374783578], [7.88128865390359e-05, 12.372649463071177, -0.0001924328370470321], [0.00017483878374783578, -0.0001924328370470321, 12.18543950347304]]', 'volume': 230.5043943617549, 'prediction_success': True, 'target_dielectric_scalar': 12.0, 'abs_error': 0.4118023560885913, 'reward_raw': 0.9790254434555106, 'reward_final': 0.9790254, 'gate_reason': nan, 'reward_final_diversity': 0.9790254, 'diversity_penalty': False, 'selection_rank': 2, 'source_loop': 10}",La2Y2Er3,"('Er', 'La', 'Y')",0.9790254,10
"{'structure_id': 'gen_13', 'cif_path': 'provenance://mattergen/outputs/dielectric_rl/direct_rl_target12_online/matinvent_style_target12_tri_fixed_scaler_gpu/loop_0008/postprocess/input_cifs/gen_13.cif', 'input_cif_path': 'provenance://mattergen/outputs/dielectric_rl/direct_rl_target12_online/matinvent_style_target12_tri_fixed_scaler_gpu/loop_0008/postprocess/input_cifs/gen_13.cif', 'raw_valid': True, 'formula': 'Sm6 Sn2 H4', 'chemical_system': 'H-Sm-Sn', 'num_sites': 12, 'raw_valid_reason': nan, 'relaxed_cif_path': 'provenance://mattergen/outputs/dielectric_rl/direct_rl_target12_online/matinvent_style_target12_tri_fixed_scaler_gpu/loop_0008/postprocess/relaxed/relaxed_cifs/gen_13_relaxed.cif', 'relaxation_success': True, 'total_energy': -57.03235626220703, 'composition_valid': True, 'structure_valid': True, 'structure_comp_valid': True, 'reference_name': 'TRI2024', 'is_unique': True, 'is_novel': True, 'stable': True, 'predicted_dielectric_scalar': 11.584246225588291, 'predicted_tensor': '[[11.82761372484745, 0.000980279556187162, 2.288676256418617e-05], [0.000980279556187162, 11.45276607546101, 0.060234068732883846], [2.288676256418617e-05, 0.060234068732883846, 11.47235887645642]]', 'volume': 258.6815931381736, 'prediction_success': True, 'target_dielectric_scalar': 12.0, 'abs_error': 0.4157537744117086, 'reward_raw': 0.9786253460779344, 'reward_final': 0.97862536, 'gate_reason': nan, 'reward_final_diversity': 0.97862536, 'diversity_penalty': False, 'selection_rank': 2, 'source_loop': 8}",Sm3SnH2,"('H', 'Sm', 'Sn')",0.97862536,8
"{'structure_id': 'gen_48', 'cif_path': 'provenance://mattergen/outputs/dielectric_rl/direct_rl_target12_online/matinvent_style_target12_eval24_topk025_from_loop0020/loop_0008/postprocess/input_cifs/gen_48.cif', 'input_cif_path': 'provenance://mattergen/outputs/dielectric_rl/direct_rl_target12_online/matinvent_style_target12_eval24_topk025_from_loop0020/loop_0008/postprocess/input_cifs/gen_48.cif', 'raw_valid': True, 'formula': 'Pr2 Nd2 Sm7 Er1', 'chemical_system': 'Er-Nd-Pr-Sm', 'num_sites': 12, 'raw_valid_reason': '', 'relaxed_cif_path': 'provenance://mattergen/outputs/dielectric_rl/direct_rl_target12_online/matinvent_style_target12_eval24_topk025_from_loop0020/loop_0008/postprocess/relaxed/relaxed_cifs/gen_48_relaxed.cif', 'relaxation_success': True, 'total_energy': -56.020965576171875, 'composition_valid': True, 'structure_valid': True, 'structure_comp_valid': True, 'reference_name': 'TRI2024', 'is_unique': True, 'is_novel': True, 'stable': True, 'predicted_dielectric_scalar': 12.426002957273123, 'predicted_tensor': '[[12.4010812068767, -0.00019768264361429366, 0.00019096538645374918], [-0.00019768264361429366, 12.429352234860161, 0.030850285749392473], [0.00019096538645374918, 0.030850285749392473, 12.447575430082509]]', 'volume': 411.8263642932959, 'prediction_success': True, 'target_dielectric_scalar': 12.0, 'abs_error': 0.42600295727312343, 'reward_raw': 0.9775705508439401, 'reward_final': 0.9775705337524414, 'gate_reason': '', 'reward_final_diversity': 0.9775705337524414, 'diversity_penalty': False, 'selection_rank': 1, 'source_loop': 8}",Pr2Nd2Sm7Er,"('Er', 'Nd', 'Pr', 'Sm')",0.9775705337524414,8
"{'structure_id': 'gen_5', 'cif_path': 'provenance://mattergen/outputs/dielectric_rl/direct_rl_target12_online/matinvent_style_target12_tri_fixed_scaler_gpu/loop_0004/postprocess/input_cifs/gen_5.cif', 'input_cif_path': 'provenance://mattergen/outputs/dielectric_rl/direct_rl_target12_online/matinvent_style_target12_tri_fixed_scaler_gpu/loop_0004/postprocess/input_cifs/gen_5.cif', 'raw_valid': True, 'formula': 'Li7 In11 Hg1', 'chemical_system': 'Hg-In-Li', 'num_sites': 19, 'raw_valid_reason': nan, 'relaxed_cif_path': 'provenance://mattergen/outputs/dielectric_rl/direct_rl_target12_online/matinvent_style_target12_tri_fixed_scaler_gpu/loop_0004/postprocess/relaxed/relaxed_cifs/gen_5_relaxed.cif', 'relaxation_success': True, 'total_energy': -47.29879760742188, 'composition_valid': True, 'structure_valid': True, 'structure_comp_valid': True, 'reference_name': 'TRI2024', 'is_unique': True, 'is_novel': True, 'stable': True, 'predicted_dielectric_scalar': 11.560588468367063, 'predicted_tensor': '[[11.856838143432281, 0.19771292287213796, 0.08121593601216173], [0.19771292287213796, 11.029264206460464, 0.5397340151920295], [0.08121593601216173, 0.5397340151920295, 11.795663055208443]]', 'volume': 419.1169701227271, 'prediction_success': True, 'target_dielectric_scalar': 12.0, 'abs_error': 0.4394115316329365, 'reward_raw': 0.9761536157510512, 'reward_final': 0.9761536, 'gate_reason': nan, 'reward_final_diversity': 0.9761536, 'diversity_penalty': False, 'selection_rank': 2, 'source_loop': 4}",Li7In11Hg,"('Hg', 'In', 'Li')",0.9761536,4
"{'structure_id': 'gen_35', 'cif_path': 'provenance://mattergen/outputs/dielectric_rl/direct_rl_target12_online/matinvent_style_target12_tri_fixed_scaler_gpu/loop_0020/postprocess/input_cifs/gen_35.cif', 'input_cif_path': 'provenance://mattergen/outputs/dielectric_rl/direct_rl_target12_online/matinvent_style_target12_tri_fixed_scaler_gpu/loop_0020/postprocess/input_cifs/gen_35.cif', 'raw_valid': True, 'formula': 'Tb4 Tm1 Hg2', 'chemical_system': 'Hg-Tb-Tm', 'num_sites': 7, 'raw_valid_reason': nan, 'relaxed_cif_path': 'provenance://mattergen/outputs/dielectric_rl/direct_rl_target12_online/matinvent_style_target12_tri_fixed_scaler_gpu/loop_0020/postprocess/relaxed/relaxed_cifs/gen_35_relaxed.cif', 'relaxation_success': True, 'total_energy': -25.123443603515625, 'composition_valid': True, 'structure_valid': True, 'structure_comp_valid': True, 'reference_name': 'TRI2024', 'is_unique': True, 'is_novel': True, 'stable': True, 'predicted_dielectric_scalar': 11.560300789655429, 'predicted_tensor': '[[11.868246315591234, -0.00046014373628206905, -3.680191048771689e-05], [-0.00046014373628206905, 11.301576916392229, -0.07529681578841838], [-3.680191048771689e-05, -0.07529681578841838, 11.511079136982831]]', 'volume': 200.79996388607023, 'prediction_success': True, 'target_dielectric_scalar': 12.0, 'abs_error': 0.4396992103445711, 'reward_raw': 0.976122757406238, 'reward_final': 0.97612274, 'gate_reason': nan, 'reward_final_diversity': 0.97612274, 'diversity_penalty': False, 'selection_rank': 3, 'source_loop': 20}",Tb4TmHg2,"('Hg', 'Tb', 'Tm')",0.97612274,20
"{'structure_id': 'gen_28', 'cif_path': 'provenance://mattergen/outputs/dielectric_rl/direct_rl_target12_online/matinvent_style_target12_tri_fixed_scaler_gpu/loop_0017/postprocess/input_cifs/gen_28.cif', 'input_cif_path': 'provenance://mattergen/outputs/dielectric_rl/direct_rl_target12_online/matinvent_style_target12_tri_fixed_scaler_gpu/loop_0017/postprocess/input_cifs/gen_28.cif', 'raw_valid': True, 'formula': 'Ba1 Gd3 Ru1', 'chemical_system': 'Ba-Gd-Ru', 'num_sites': 5, 'raw_valid_reason': nan, 'relaxed_cif_path': 'provenance://mattergen/outputs/dielectric_rl/direct_rl_target12_online/matinvent_style_target12_tri_fixed_scaler_gpu/loop_0017/postprocess/relaxed/relaxed_cifs/gen_28_relaxed.cif', 'relaxation_success': True, 'total_energy': -53.48780822753906, 'composition_valid': True, 'structure_valid': True, 'structure_comp_valid': True, 'reference_name': 'TRI2024', 'is_unique': True, 'is_novel': True, 'stable': True, 'predicted_dielectric_scalar': 12.45170506072897, 'predicted_tensor': '[[12.450198287479378, -0.01019773106583968, -0.0048068774397976915], [-0.01019773106583968, 12.451478270069186, -0.004148325561980795], [-0.0048068774397976915, -0.004148325561980795, 12.453438624638352]]', 'volume': 163.477055325998, 'prediction_success': True, 'target_dielectric_scalar': 12.0, 'abs_error': 0.4517050607289707, 'reward_raw': 0.9748178141405616, 'reward_final': 0.9748178, 'gate_reason': nan, 'reward_final_diversity': 0.9748178, 'diversity_penalty': False, 'selection_rank': 1, 'source_loop': 17}",BaGd3Ru,"('Ba', 'Gd', 'Ru')",0.9748178,17
"{'structure_id': 'gen_32', 'cif_path': 'provenance://mattergen/outputs/dielectric_rl/direct_rl_target12_online/matinvent_style_target12_tri_fixed_scaler_gpu/loop_0010/postprocess/input_cifs/gen_32.cif', 'input_cif_path': 'provenance://mattergen/outputs/dielectric_rl/direct_rl_target12_online/matinvent_style_target12_tri_fixed_scaler_gpu/loop_0010/postprocess/input_cifs/gen_32.cif', 'raw_valid': True, 'formula': 'Na2 Sn8', 'chemical_system': 'Na-Sn', 'num_sites': 10, 'raw_valid_reason': nan, 'relaxed_cif_path': 'provenance://mattergen/outputs/dielectric_rl/direct_rl_target12_online/matinvent_style_target12_tri_fixed_scaler_gpu/loop_0010/postprocess/relaxed/relaxed_cifs/gen_32_relaxed.cif', 'relaxation_success': True, 'total_energy': -35.34342193603516, 'composition_valid': True, 'structure_valid': True, 'structure_comp_valid': True, 'reference_name': 'TRI2024', 'is_unique': True, 'is_novel': True, 'stable': True, 'predicted_dielectric_scalar': 12.456727208079412, 'predicted_tensor': '[[12.634502213435564, 0.0005008466863545615, -0.002424163065829938], [0.0005008466863545615, 12.023620903551567, 0.19929134091419198], [-0.002424163065829938, 0.19929134091419198, 12.712058507251104]]', 'volume': 295.9255623835608, 'prediction_success': True, 'target_dielectric_scalar': 12.0, 'abs_error': 0.4567272080794122, 'reward_raw': 0.9742620485641568, 'reward_final': 0.97426206, 'gate_reason': nan, 'reward_final_diversity': 0.97426206, 'diversity_penalty': False, 'selection_rank': 3, 'source_loop': 10}",NaSn4,"('Na', 'Sn')",0.97426206,10
"{'structure_id': 'gen_5', 'cif_path': 'provenance://mattergen/outputs/dielectric_rl/direct_rl_target12_online/matinvent_style_target12_eval24_topk025_from_loop0020/loop_0003/postprocess/input_cifs/gen_5.cif', 'input_cif_path': 'provenance://mattergen/outputs/dielectric_rl/direct_rl_target12_online/matinvent_style_target12_eval24_topk025_from_loop0020/loop_0003/postprocess/input_cifs/gen_5.cif', 'raw_valid': True, 'formula': 'Li1 Cu2 Te1 O6', 'chemical_system': 'Cu-Li-O-Te', 'num_sites': 10, 'raw_valid_reason': '', 'relaxed_cif_path': 'provenance://mattergen/outputs/dielectric_rl/direct_rl_target12_online/matinvent_style_target12_eval24_topk025_from_loop0020/loop_0003/postprocess/relaxed/relaxed_cifs/gen_5_relaxed.cif', 'relaxation_success': True, 'total_energy': -52.0380859375, 'composition_valid': True, 'structure_valid': True, 'structure_comp_valid': True, 'reference_name': 'TRI2024', 'is_unique': True, 'is_novel': True, 'stable': True, 'predicted_dielectric_scalar': 12.461605286414974, 'predicted_tensor': '[[13.260747344496144, 0.015282444475906546, 0.01942119637426833], [0.015282444475906546, 13.25847554363581, -0.004219144297565433], [0.01942119637426833, -0.004219144297565433, 10.865592971112969]]', 'volume': 107.96628264151592, 'prediction_success': True, 'target_dielectric_scalar': 12.0, 'abs_error': 0.461605286414974, 'reward_raw': 0.9737166513292563, 'reward_final': 0.973716676235199, 'gate_reason': '', 'reward_final_diversity': 0.973716676235199, 'diversity_penalty': False, 'selection_rank': 1, 'source_loop': 3}",LiCu2TeO6,"('Cu', 'Li', 'O', 'Te')",0.973716676235199,3
"{'structure_id': 'gen_46', 'cif_path': 'provenance://mattergen/outputs/dielectric_rl/direct_rl_target12_online/matinvent_style_target12_eval24_topk025_from_loop0020/loop_0010/postprocess/input_cifs/gen_46.cif', 'input_cif_path': 'provenance://mattergen/outputs/dielectric_rl/direct_rl_target12_online/matinvent_style_target12_eval24_topk025_from_loop0020/loop_0010/postprocess/input_cifs/gen_46.cif', 'raw_valid': True, 'formula': 'Tb6 Pr5 Er5', 'chemical_system': 'Er-Pr-Tb', 'num_sites': 16, 'raw_valid_reason': '', 'relaxed_cif_path': 'provenance://mattergen/outputs/dielectric_rl/direct_rl_target12_online/matinvent_style_target12_eval24_topk025_from_loop0020/loop_0010/postprocess/relaxed/relaxed_cifs/gen_46_relaxed.cif', 'relaxation_success': True, 'total_energy': -74.18719482421875, 'composition_valid': True, 'structure_valid': True, 'structure_comp_valid': True, 'reference_name': 'TRI2024', 'is_unique': True, 'is_novel': True, 'stable': True, 'predicted_dielectric_scalar': 11.536745717218617, 'predicted_tensor': '[[11.454997167765352, 0.04791092145887788, 0.012345195691007302], [0.04791092145887788, 11.544845693215859, 0.012566382190115804], [0.012345195691007302, 0.012566382190115804, 11.61039429067463]]', 'volume': 525.9745283927724, 'prediction_success': True, 'target_dielectric_scalar': 12.0, 'abs_error': 0.46325428278138325, 'reward_raw': 0.9735310433222508, 'reward_final': 0.9735310673713684, 'gate_reason': '', 'reward_final_diversity': 0.9735310673713684, 'diversity_penalty': False, 'selection_rank': 3, 'source_loop': 10}",Tb6(PrEr)5,"('Er', 'Pr', 'Tb')",0.9735310673713684,10
"{'structure_id': 'gen_17', 'cif_path': 'provenance://mattergen/outputs/dielectric_rl/direct_rl_target12_online/matinvent_style_target12_eval24_topk025_from_loop0020/loop_0001/postprocess/input_cifs/gen_17.cif', 'input_cif_path': 'provenance://mattergen/outputs/dielectric_rl/direct_rl_target12_online/matinvent_style_target12_eval24_topk025_from_loop0020/loop_0001/postprocess/input_cifs/gen_17.cif', 'raw_valid': True, 'formula': 'Tb10 Er2 Mg3 Cd1', 'chemical_system': 'Cd-Er-Mg-Tb', 'num_sites': 16, 'raw_valid_reason': '', 'relaxed_cif_path': 'provenance://mattergen/outputs/dielectric_rl/direct_rl_target12_online/matinvent_style_target12_eval24_topk025_from_loop0020/loop_0001/postprocess/relaxed/relaxed_cifs/gen_17_relaxed.cif', 'relaxation_success': True, 'total_energy': -61.325992584228516, 'composition_valid': True, 'structure_valid': True, 'structure_comp_valid': True, 'reference_name': 'TRI2024', 'is_unique': True, 'is_novel': True, 'stable': True, 'predicted_dielectric_scalar': 11.521067002729362, 'predicted_tensor': '[[11.568923486666069, -0.020611092067316903, 0.005039031825308492], [-0.020611092067316903, 11.502845548158373, 0.02260033806657745], [0.005039031825308492, 0.02260033806657745, 11.491431973363643]]', 'volume': 471.7516551328593, 'prediction_success': True, 'target_dielectric_scalar': 12.0, 'abs_error': 0.478932997270638, 'reward_raw': 0.971735042225346, 'reward_final': 0.9717350602149963, 'gate_reason': '', 'reward_final_diversity': 0.9717350602149963, 'diversity_penalty': False, 'selection_rank': 2, 'source_loop': 1}",Tb10Er2Mg3Cd,"('Cd', 'Er', 'Mg', 'Tb')",0.9717350602149964,1
"{'structure_id': 'gen_21', 'cif_path': 'provenance://mattergen/outputs/dielectric_rl/direct_rl_target12_online/matinvent_style_target12_tri_fixed_scaler_gpu/loop_0001/postprocess/input_cifs/gen_21.cif', 'input_cif_path': 'provenance://mattergen/outputs/dielectric_rl/direct_rl_target12_online/matinvent_style_target12_tri_fixed_scaler_gpu/loop_0001/postprocess/input_cifs/gen_21.cif', 'raw_valid': True, 'formula': 'Ce2 Dy4 Er6', 'chemical_system': 'Ce-Dy-Er', 'num_sites': 12, 'raw_valid_reason': nan, 'relaxed_cif_path': 'provenance://mattergen/outputs/dielectric_rl/direct_rl_target12_online/matinvent_style_target12_tri_fixed_scaler_gpu/loop_0001/postprocess/relaxed/relaxed_cifs/gen_21_relaxed.cif', 'relaxation_success': True, 'total_energy': -57.09050369262695, 'composition_valid': True, 'structure_valid': True, 'structure_comp_valid': True, 'reference_name': 'TRI2024', 'is_unique': True, 'is_novel': True, 'stable': True, 'predicted_dielectric_scalar': 11.512596858639656, 'predicted_tensor': '[[11.780757276925852, 0.0037468370468192384, 0.005989505855763113], [0.0037468370468192384, 11.351197484201768, -0.001714816084760923], [0.005989505855763113, -0.001714816084760923, 11.405835814791343]]', 'volume': 373.7731074280421, 'prediction_success': True, 'target_dielectric_scalar': 12.0, 'abs_error': 0.4874031413603443, 'reward_raw': 0.9707413434670804, 'reward_final': 0.97074133, 'gate_reason': nan, 'reward_final_diversity': 0.97074133, 'diversity_penalty': False, 'selection_rank': 1, 'source_loop': 1}",CeDy2Er3,"('Ce', 'Dy', 'Er')",0.97074133,1
"{'structure_id': 'gen_57', 'cif_path': 'provenance://mattergen/outputs/dielectric_rl/direct_rl_target12_online/matinvent_style_target12_eval24_topk025_from_loop0020/loop_0002/postprocess/input_cifs/gen_57.cif', 'input_cif_path': 'provenance://mattergen/outputs/dielectric_rl/direct_rl_target12_online/matinvent_style_target12_eval24_topk025_from_loop0020/loop_0002/postprocess/input_cifs/gen_57.cif', 'raw_valid': True, 'formula': 'La10 Ho4 Tm6', 'chemical_system': 'Ho-La-Tm', 'num_sites': 20, 'raw_valid_reason': '', 'relaxed_cif_path': 'provenance://mattergen/outputs/dielectric_rl/direct_rl_target12_online/matinvent_style_target12_eval24_topk025_from_loop0020/loop_0002/postprocess/relaxed/relaxed_cifs/gen_57_relaxed.cif', 'relaxation_success': True, 'total_energy': -93.41187286376953, 'composition_valid': True, 'structure_valid': True, 'structure_comp_valid': True, 'reference_name': 'TRI2024', 'is_unique': True, 'is_novel': True, 'stable': True, 'predicted_dielectric_scalar': 11.507370780622702, 'predicted_tensor': '[[11.513514132707302, -0.05295205438660427, 0.027603699629113757], [-0.05295205438660427, 11.512933157768234, 0.04239010308332302], [0.027603699629113757, 0.04239010308332302, 11.495665051392569]]', 'volume': 673.481872139445, 'prediction_success': True, 'target_dielectric_scalar': 12.0, 'abs_error': 0.49262921937729764, 'reward_raw': 0.9701200585206314, 'reward_final': 0.9701200723648071, 'gate_reason': '', 'reward_final_diversity': 0.9701200723648071, 'diversity_penalty': False, 'selection_rank': 4, 'source_loop': 2}",La5Ho2Tm3,"('Ho', 'La', 'Tm')",0.9701200723648072,2
"{'structure_id': 'gen_21', 'cif_path': 'provenance://mattergen/outputs/dielectric_rl/direct_rl_target12_online/matinvent_style_target12_tri_fixed_scaler_gpu/loop_0007/postprocess/input_cifs/gen_21.cif', 'input_cif_path': 'provenance://mattergen/outputs/dielectric_rl/direct_rl_target12_online/matinvent_style_target12_tri_fixed_scaler_gpu/loop_0007/postprocess/input_cifs/gen_21.cif', 'raw_valid': True, 'formula': 'La2 Cd6 Ag2', 'chemical_system': 'Ag-Cd-La', 'num_sites': 10, 'raw_valid_reason': nan, 'relaxed_cif_path': 'provenance://mattergen/outputs/dielectric_rl/direct_rl_target12_online/matinvent_style_target12_tri_fixed_scaler_gpu/loop_0007/postprocess/relaxed/relaxed_cifs/gen_21_relaxed.cif', 'relaxation_success': True, 'total_energy': -23.5212459564209, 'composition_valid': True, 'structure_valid': True, 'structure_comp_valid': True, 'reference_name': 'TRI2024', 'is_unique': True, 'is_novel': True, 'stable': True, 'predicted_dielectric_scalar': 12.499773780826386, 'predicted_tensor': '[[12.952382722129872, 0.0006307264711555512, -0.0001098199675023896], [0.0006307264711555512, 12.952531222908265, 5.3028906438029746e-05], [-0.0001098199675023896, 5.3028906438029746e-05, 11.594407397441021]]', 'volume': 252.5274224885514, 'prediction_success': True, 'target_dielectric_scalar': 12.0, 'abs_error': 0.499773780826386, 'reward_raw': 0.9692606360562672, 'reward_final': 0.96926063, 'gate_reason': nan, 'reward_final_diversity': 0.96926063, 'diversity_penalty': False, 'selection_rank': 1, 'source_loop': 7}",LaCd3Ag,"('Ag', 'Cd', 'La')",0.96926063,7
"{'structure_id': 'gen_32', 'cif_path': 'provenance://mattergen/outputs/dielectric_rl/direct_rl_target12_online/matinvent_style_target12_eval24_topk025_from_loop0020/loop_0005/postprocess/input_cifs/gen_32.cif', 'input_cif_path': 'provenance://mattergen/outputs/dielectric_rl/direct_rl_target12_online/matinvent_style_target12_eval24_topk025_from_loop0020/loop_0005/postprocess/input_cifs/gen_32.cif', 'raw_valid': True, 'formula': 'Y2 Tm8 In2', 'chemical_system': 'In-Tm-Y', 'num_sites': 12, 'raw_valid_reason': '', 'relaxed_cif_path': 'provenance://mattergen/outputs/dielectric_rl/direct_rl_target12_online/matinvent_style_target12_eval24_topk025_from_loop0020/loop_0005/postprocess/relaxed/relaxed_cifs/gen_32_relaxed.cif', 'relaxation_success': True, 'total_energy': -55.992733001708984, 'composition_valid': True, 'structure_valid': True, 'structure_comp_valid': True, 'reference_name': 'TRI2024', 'is_unique': True, 'is_novel': True, 'stable': True, 'predicted_dielectric_scalar': 11.486002645411013, 'predicted_tensor': '[[11.834803377592253, 0.008401434128021381, -0.00703434131321134], [0.008401434128021381, 11.844705030820732, -0.008205079248337495], [-0.00703434131321134, -0.008205079248337495, 10.778499527820054]]', 'volume': 346.1024182673286, 'prediction_success': True, 'target_dielectric_scalar': 12.0, 'abs_error': 0.5139973545889873, 'reward_raw': 0.9675151840763789, 'reward_final': 0.9675151705741882, 'gate_reason': '', 'reward_final_diversity': 0.9675151705741882, 'diversity_penalty': False, 'selection_rank': 1, 'source_loop': 5}",YTm4In,"('In', 'Tm', 'Y')",0.9675151705741882,5
"{'structure_id': 'gen_30', 'cif_path': 'provenance://mattergen/outputs/dielectric_rl/direct_rl_target12_online/matinvent_style_target12_tri_fixed_scaler_gpu/loop_0018/postprocess/input_cifs/gen_30.cif', 'input_cif_path': 'provenance://mattergen/outputs/dielectric_rl/direct_rl_target12_online/matinvent_style_target12_tri_fixed_scaler_gpu/loop_0018/postprocess/input_cifs/gen_30.cif', 'raw_valid': True, 'formula': 'Dy4 Ga1 Hg3', 'chemical_system': 'Dy-Ga-Hg', 'num_sites': 8, 'raw_valid_reason': nan, 'relaxed_cif_path': 'provenance://mattergen/outputs/dielectric_rl/direct_rl_target12_online/matinvent_style_target12_tri_fixed_scaler_gpu/loop_0018/postprocess/relaxed/relaxed_cifs/gen_30_relaxed.cif', 'relaxation_success': True, 'total_energy': -25.892940521240234, 'composition_valid': True, 'structure_valid': True, 'structure_comp_valid': True, 'reference_name': 'TRI2024', 'is_unique': True, 'is_novel': True, 'stable': True, 'predicted_dielectric_scalar': 12.53674570423023, 'predicted_tensor': '[[11.545810001370036, -0.0001048456227856247, 0.0008360352469379881], [-0.0001048456227856247, 13.714555067000965, 0.0004754286580764775], [0.0008360352469379881, 0.0004754286580764775, 12.349872044319692]]', 'volume': 210.29334881081016, 'prediction_success': True, 'target_dielectric_scalar': 12.0, 'abs_error': 0.5367457042302295, 'reward_raw': 0.964628723776248, 'reward_final': 0.9646287, 'gate_reason': nan, 'reward_final_diversity': 0.9646287, 'diversity_penalty': False, 'selection_rank': 2, 'source_loop': 18}",Dy4GaHg3,"('Dy', 'Ga', 'Hg')",0.9646287,18
"{'structure_id': 'gen_56', 'cif_path': 'provenance://mattergen/outputs/dielectric_rl/direct_rl_target12_online/matinvent_style_target12_tri_fixed_scaler_gpu/loop_0005/postprocess/input_cifs/gen_56.cif', 'input_cif_path': 'provenance://mattergen/outputs/dielectric_rl/direct_rl_target12_online/matinvent_style_target12_tri_fixed_scaler_gpu/loop_0005/postprocess/input_cifs/gen_56.cif', 'raw_valid': True, 'formula': 'Tb3 Nd3 Hg4', 'chemical_system': 'Hg-Nd-Tb', 'num_sites': 10, 'raw_valid_reason': nan, 'relaxed_cif_path': 'provenance://mattergen/outputs/dielectric_rl/direct_rl_target12_online/matinvent_style_target12_tri_fixed_scaler_gpu/loop_0005/postprocess/relaxed/relaxed_cifs/gen_56_relaxed.cif', 'relaxation_success': True, 'total_energy': -32.541473388671875, 'composition_valid': True, 'structure_valid': True, 'structure_comp_valid': True, 'reference_name': 'TRI2024', 'is_unique': True, 'is_novel': True, 'stable': True, 'predicted_dielectric_scalar': 12.544750596309456, 'predicted_tensor': '[[12.917610802744397, 0.0012733604122138107, 0.00035332007350454713], [0.0012733604122138107, 12.0204258576881, -0.42453177713095813], [0.00035332007350454713, -0.42453177713095813, 12.696215128495874]]', 'volume': 287.298864667697, 'prediction_success': True, 'target_dielectric_scalar': 12.0, 'abs_error': 0.5447505963094557, 'reward_raw': 0.9635854080448968, 'reward_final': 0.96358544, 'gate_reason': nan, 'reward_final_diversity': 0.96358544, 'diversity_penalty': False, 'selection_rank': 3, 'source_loop': 5}",Tb3Nd3Hg4,"('Hg', 'Nd', 'Tb')",0.96358544,5
"{'structure_id': 'gen_42', 'cif_path': 'provenance://mattergen/outputs/dielectric_rl/direct_rl_target12_online/matinvent_style_target12_tri_fixed_scaler_gpu/loop_0001/postprocess/input_cifs/gen_42.cif', 'input_cif_path': 'provenance://mattergen/outputs/dielectric_rl/direct_rl_target12_online/matinvent_style_target12_tri_fixed_scaler_gpu/loop_0001/postprocess/input_cifs/gen_42.cif', 'raw_valid': True, 'formula': 'Nd2 Ho4 Er10', 'chemical_system': 'Er-Ho-Nd', 'num_sites': 16, 'raw_valid_reason': nan, 'relaxed_cif_path': 'provenance://mattergen/outputs/dielectric_rl/direct_rl_target12_online/matinvent_style_target12_tri_fixed_scaler_gpu/loop_0001/postprocess/relaxed/relaxed_cifs/gen_42_relaxed.cif', 'relaxation_success': True, 'total_energy': -73.24715423583984, 'composition_valid': True, 'structure_valid': True, 'structure_comp_valid': True, 'reference_name': 'TRI2024', 'is_unique': True, 'is_novel': True, 'stable': True, 'predicted_dielectric_scalar': 12.54871416011855, 'predicted_tensor': '[[12.473838807343434, 0.02361594646115454, -0.0001573959657488073], [0.02361594646115454, 12.565523157295944, 0.0004057232108147459], [-0.0001573959657488073, 0.0004057232108147459, 12.606780515716274]]', 'volume': 501.09194028803, 'prediction_success': True, 'target_dielectric_scalar': 12.0, 'abs_error': 0.5487141601185499, 'reward_raw': 0.9630635249405228, 'reward_final': 0.96306354, 'gate_reason': nan, 'reward_final_diversity': 0.96306354, 'diversity_penalty': False, 'selection_rank': 2, 'source_loop': 1}",NdHo2Er5,"('Er', 'Ho', 'Nd')",0.96306354,1
"{'structure_id': 'gen_58', 'cif_path': 'provenance://mattergen/outputs/dielectric_rl/direct_rl_target12_online/matinvent_style_target12_eval24_topk025_from_loop0020/loop_0001/postprocess/input_cifs/gen_58.cif', 'input_cif_path': 'provenance://mattergen/outputs/dielectric_rl/direct_rl_target12_online/matinvent_style_target12_eval24_topk025_from_loop0020/loop_0001/postprocess/input_cifs/gen_58.cif', 'raw_valid': True, 'formula': 'Ho5 Er2 Tm4 Zr1', 'chemical_system': 'Er-Ho-Tm-Zr', 'num_sites': 12, 'raw_valid_reason': '', 'relaxed_cif_path': 'provenance://mattergen/outputs/dielectric_rl/direct_rl_target12_online/matinvent_style_target12_eval24_topk025_from_loop0020/loop_0001/postprocess/relaxed/relaxed_cifs/gen_58_relaxed.cif', 'relaxation_success': True, 'total_energy': -57.97910690307617, 'composition_valid': True, 'structure_valid': True, 'structure_comp_valid': True, 'reference_name': 'TRI2024', 'is_unique': True, 'is_novel': True, 'stable': True, 'predicted_dielectric_scalar': 12.555939901747408, 'predicted_tensor': '[[12.580289647776432, -0.014767438268995497, -0.046251293441665814], [-0.014767438268995497, 12.553882544445836, -0.05339863627321461], [-0.046251293441665814, -0.05339863627321461, 12.53364751301995]]', 'volume': 358.223255292868, 'prediction_success': True, 'target_dielectric_scalar': 12.0, 'abs_error': 0.5559399017474078, 'reward_raw': 0.9621031141500944, 'reward_final': 0.9621031284332275, 'gate_reason': '', 'reward_final_diversity': 0.9621031284332275, 'diversity_penalty': False, 'selection_rank': 3, 'source_loop': 1}",Ho5Er2Tm4Zr,"('Er', 'Ho', 'Tm', 'Zr')",0.9621031284332277,1
"{'structure_id': 'gen_47', 'cif_path': 'provenance://mattergen/outputs/dielectric_rl/direct_rl_target12_online/matinvent_style_target12_tri_fixed_scaler_gpu/loop_0020/postprocess/input_cifs/gen_47.cif', 'input_cif_path': 'provenance://mattergen/outputs/dielectric_rl/direct_rl_target12_online/matinvent_style_target12_tri_fixed_scaler_gpu/loop_0020/postprocess/input_cifs/gen_47.cif', 'raw_valid': True, 'formula': 'Pr6 Sm9 Y5', 'chemical_system': 'Pr-Sm-Y', 'num_sites': 20, 'raw_valid_reason': nan, 'relaxed_cif_path': 'provenance://mattergen/outputs/dielectric_rl/direct_rl_target12_online/matinvent_style_target12_tri_fixed_scaler_gpu/loop_0020/postprocess/relaxed/relaxed_cifs/gen_47_relaxed.cif', 'relaxation_success': True, 'total_energy': -102.36236572265624, 'composition_valid': True, 'structure_valid': True, 'structure_comp_valid': True, 'reference_name': 'TRI2024', 'is_unique': True, 'is_novel': True, 'stable': True, 'predicted_dielectric_scalar': 12.55727327126522, 'predicted_tensor': '[[12.504427740357697, 0.025501515560118617, -0.05401318803131181], [0.025501515560118617, 12.60705909608537, 0.02120460016447921], [-0.05401318803131181, 0.02120460016447921, 12.560332977352592]]', 'volume': 684.2392610642737, 'prediction_success': True, 'target_dielectric_scalar': 12.0, 'abs_error': 0.5572732712652204, 'reward_raw': 0.9619246215550228, 'reward_final': 0.9619246, 'gate_reason': nan, 'reward_final_diversity': 0.9619246, 'diversity_penalty': False, 'selection_rank': 4, 'source_loop': 20}",Pr6Sm9Y5,"('Pr', 'Sm', 'Y')",0.9619246,20
"{'structure_id': 'gen_60', 'cif_path': 'provenance://mattergen/outputs/dielectric_rl/direct_rl_target12_online/matinvent_style_target12_eval24_topk025_from_loop0020/loop_0008/postprocess/input_cifs/gen_60.cif', 'input_cif_path': 'provenance://mattergen/outputs/dielectric_rl/direct_rl_target12_online/matinvent_style_target12_eval24_topk025_from_loop0020/loop_0008/postprocess/input_cifs/gen_60.cif', 'raw_valid': True, 'formula': 'Li5 La2 Cd9', 'chemical_system': 'Cd-La-Li', 'num_sites': 16, 'raw_valid_reason': '', 'relaxed_cif_path': 'provenance://mattergen/outputs/dielectric_rl/direct_rl_target12_online/matinvent_style_target12_eval24_topk025_from_loop0020/loop_0008/postprocess/relaxed/relaxed_cifs/gen_60_relaxed.cif', 'relaxation_success': True, 'total_energy': -31.700634002685547, 'composition_valid': True, 'structure_valid': True, 'structure_comp_valid': True, 'reference_name': 'TRI2024', 'is_unique': True, 'is_novel': True, 'stable': True, 'predicted_dielectric_scalar': 11.440904931767912, 'predicted_tensor': '[[11.403253800898282, 0.3043322879989801, 0.31177908093534185], [0.3043322879989801, 11.704478954731336, -0.19385831727790345], [0.31177908093534185, -0.19385831727790345, 11.214982039674114]]', 'volume': 359.3120339353911, 'prediction_success': True, 'target_dielectric_scalar': 12.0, 'abs_error': 0.5590950682320877, 'reward_raw': 0.9616801077764048, 'reward_final': 0.9616801142692566, 'gate_reason': '', 'reward_final_diversity': 0.9616801142692566, 'diversity_penalty': False, 'selection_rank': 2, 'source_loop': 8}",Li5La2Cd9,"('Cd', 'La', 'Li')",0.9616801142692566,8
"{'structure_id': 'gen_58', 'cif_path': 'provenance://mattergen/outputs/dielectric_rl/direct_rl_target12_online/matinvent_style_target12_eval24_topk025_from_loop0020/loop_0005/postprocess/input_cifs/gen_58.cif', 'input_cif_path': 'provenance://mattergen/outputs/dielectric_rl/direct_rl_target12_online/matinvent_style_target12_eval24_topk025_from_loop0020/loop_0005/postprocess/input_cifs/gen_58.cif', 'raw_valid': True, 'formula': 'Nd4 Al2 Zn4', 'chemical_system': 'Al-Nd-Zn', 'num_sites': 10, 'raw_valid_reason': '', 'relaxed_cif_path': 'provenance://mattergen/outputs/dielectric_rl/direct_rl_target12_online/matinvent_style_target12_eval24_topk025_from_loop0020/loop_0005/postprocess/relaxed/relaxed_cifs/gen_58_relaxed.cif', 'relaxation_success': True, 'total_energy': -35.38313674926758, 'composition_valid': True, 'structure_valid': True, 'structure_comp_valid': True, 'reference_name': 'TRI2024', 'is_unique': True, 'is_novel': True, 'stable': True, 'predicted_dielectric_scalar': 12.604457907754258, 'predicted_tensor': '[[10.607709461073325, 2.1107432604836265, -0.0003049363961351721], [2.1107432604836265, 13.027017415696996, -0.004388805756526147], [-0.0003049363961351721, -0.004388805756526147, 14.178646846492446]]', 'volume': 233.92483527740643, 'prediction_success': True, 'target_dielectric_scalar': 12.0, 'abs_error': 0.6044579077542576, 'reward_raw': 0.9553560600104543, 'reward_final': 0.9553560614585876, 'gate_reason': '', 'reward_final_diversity': 0.9553560614585876, 'diversity_penalty': False, 'selection_rank': 2, 'source_loop': 5}",Nd2AlZn2,"('Al', 'Nd', 'Zn')",0.9553560614585876,5
"{'structure_id': 'gen_28', 'cif_path': 'provenance://mattergen/outputs/dielectric_rl/direct_rl_target12_online/matinvent_style_target12_tri_fixed_scaler_gpu/loop_0014/postprocess/input_cifs/gen_28.cif', 'input_cif_path': 'provenance://mattergen/outputs/dielectric_rl/direct_rl_target12_online/matinvent_style_target12_tri_fixed_scaler_gpu/loop_0014/postprocess/input_cifs/gen_28.cif', 'raw_valid': True, 'formula': 'K2 Si1 Pb1 Au6', 'chemical_system': 'Au-K-Pb-Si', 'num_sites': 10, 'raw_valid_reason': nan, 'relaxed_cif_path': 'provenance://mattergen/outputs/dielectric_rl/direct_rl_target12_online/matinvent_style_target12_tri_fixed_scaler_gpu/loop_0014/postprocess/relaxed/relaxed_cifs/gen_28_relaxed.cif', 'relaxation_success': True, 'total_energy': -33.04451370239258, 'composition_valid': True, 'structure_valid': True, 'structure_comp_valid': True, 'reference_name': 'TRI2024', 'is_unique': True, 'is_novel': True, 'stable': True, 'predicted_dielectric_scalar': 12.616056787480924, 'predicted_tensor': '[[12.458284718486727, -0.0013165068958670267, -0.005353835457841061], [-0.0013165068958670267, 12.460435293000392, -0.014358738992806175], [-0.005353835457841061, -0.014358738992806175, 12.929450350955658]]', 'volume': 269.2876041061619, 'prediction_success': True, 'target_dielectric_scalar': 12.0, 'abs_error': 0.6160567874809235, 'reward_raw': 0.9536669803515, 'reward_final': 0.953667, 'gate_reason': nan, 'reward_final_diversity': 0.953667, 'diversity_penalty': False, 'selection_rank': 1, 'source_loop': 14}",K2SiPbAu6,"('Au', 'K', 'Pb', 'Si')",0.953667,14
"{'structure_id': 'gen_22', 'cif_path': 'provenance://mattergen/outputs/dielectric_rl/direct_rl_target12_online/matinvent_style_target12_tri_fixed_scaler_gpu/loop_0002/postprocess/input_cifs/gen_22.cif', 'input_cif_path': 'provenance://mattergen/outputs/dielectric_rl/direct_rl_target12_online/matinvent_style_target12_tri_fixed_scaler_gpu/loop_0002/postprocess/input_cifs/gen_22.cif', 'raw_valid': True, 'formula': 'Ca1 Pr11 Y4', 'chemical_system': 'Ca-Pr-Y', 'num_sites': 16, 'raw_valid_reason': nan, 'relaxed_cif_path': 'provenance://mattergen/outputs/dielectric_rl/direct_rl_target12_online/matinvent_style_target12_tri_fixed_scaler_gpu/loop_0002/postprocess/relaxed/relaxed_cifs/gen_22_relaxed.cif', 'relaxation_success': True, 'total_energy': -79.69142150878906, 'composition_valid': True, 'structure_valid': True, 'structure_comp_valid': True, 'reference_name': 'TRI2024', 'is_unique': True, 'is_novel': True, 'stable': True, 'predicted_dielectric_scalar': 12.655649943444194, 'predicted_tensor': '[[12.654395777589233, -0.0002234941912920587, -2.4728492784022512e-05], [-0.0002234941912920587, 12.654183564401325, 2.6611385858183065e-05], [-2.4728492784022512e-05, 2.6611385858183065e-05, 12.658370488342012]]', 'volume': 566.2198182953399, 'prediction_success': True, 'target_dielectric_scalar': 12.0, 'abs_error': 0.6556499434441942, 'reward_raw': 0.9476835826268438, 'reward_final': 0.9476836, 'gate_reason': nan, 'reward_final_diversity': 0.9476836, 'diversity_penalty': False, 'selection_rank': 3, 'source_loop': 2}",CaPr11Y4,"('Ca', 'Pr', 'Y')",0.9476836,2
"{'structure_id': 'gen_5', 'cif_path': 'provenance://mattergen/outputs/dielectric_rl/direct_rl_target12_online/matinvent_style_target12_eval24_topk025_from_loop0020/loop_0002/postprocess/input_cifs/gen_5.cif', 'input_cif_path': 'provenance://mattergen/outputs/dielectric_rl/direct_rl_target12_online/matinvent_style_target12_eval24_topk025_from_loop0020/loop_0002/postprocess/input_cifs/gen_5.cif', 'raw_valid': True, 'formula': 'Ti2 Mn2 Cr2 S8', 'chemical_system': 'Cr-Mn-S-Ti', 'num_sites': 14, 'raw_valid_reason': '', 'relaxed_cif_path': 'provenance://mattergen/outputs/dielectric_rl/direct_rl_target12_online/matinvent_style_target12_eval24_topk025_from_loop0020/loop_0002/postprocess/relaxed/relaxed_cifs/gen_5_relaxed.cif', 'relaxation_success': True, 'total_energy': -99.13138580322266, 'composition_valid': True, 'structure_valid': True, 'structure_comp_valid': True, 'reference_name': 'TRI2024', 'is_unique': True, 'is_novel': True, 'stable': True, 'predicted_dielectric_scalar': 11.33481322980476, 'predicted_tensor': '[[11.002821001930236, 0.002657437735879881, 0.0058412987187756275], [0.002657437735879881, 11.414679794858705, -0.23947219737337047], [0.0058412987187756275, -0.23947219737337047, 11.586938892625337]]', 'volume': 264.8781744485542, 'prediction_success': True, 'target_dielectric_scalar': 12.0, 'abs_error': 0.6651867701952394, 'reward_raw': 0.9461925589986709, 'reward_final': 0.9461925625801086, 'gate_reason': '', 'reward_final_diversity': 0.9461925625801086, 'diversity_penalty': False, 'selection_rank': 5, 'source_loop': 2}",TiMnCrS4,"('Cr', 'Mn', 'S', 'Ti')",0.9461925625801086,2
"{'structure_id': 'gen_15', 'cif_path': 'provenance://mattergen/outputs/dielectric_rl/direct_rl_target12_online/matinvent_style_target12_tri_fixed_scaler_gpu/loop_0016/postprocess/input_cifs/gen_15.cif', 'input_cif_path': 'provenance://mattergen/outputs/dielectric_rl/direct_rl_target12_online/matinvent_style_target12_tri_fixed_scaler_gpu/loop_0016/postprocess/input_cifs/gen_15.cif', 'raw_valid': True, 'formula': 'Tb2 Nd1 Y2 Tm2', 'chemical_system': 'Nd-Tb-Tm-Y', 'num_sites': 7, 'raw_valid_reason': nan, 'relaxed_cif_path': 'provenance://mattergen/outputs/dielectric_rl/direct_rl_target12_online/matinvent_style_target12_tri_fixed_scaler_gpu/loop_0016/postprocess/relaxed/relaxed_cifs/gen_15_relaxed.cif', 'relaxation_success': True, 'total_energy': -35.656585693359375, 'composition_valid': True, 'structure_valid': True, 'structure_comp_valid': True, 'reference_name': 'TRI2024', 'is_unique': True, 'is_novel': True, 'stable': True, 'predicted_dielectric_scalar': 11.315207593984452, 'predicted_tensor': '[[11.214239906565224, -0.00038921857851101057, -0.0008632944350727485], [-0.00038921857851101057, 11.231701627147073, 0.05320265274278119], [-0.0008632944350727485, 0.05320265274278119, 11.499681248241055]]', 'volume': 224.8028119879864, 'prediction_success': True, 'target_dielectric_scalar': 12.0, 'abs_error': 0.6847924060155481, 'reward_raw': 0.9430673480998591, 'reward_final': 0.9430674, 'gate_reason': nan, 'reward_final_diversity': 0.9430674, 'diversity_penalty': False, 'selection_rank': 1, 'source_loop': 16}",Tb2Nd(YTm)2,"('Nd', 'Tb', 'Tm', 'Y')",0.9430674,16
"{'structure_id': 'gen_61', 'cif_path': 'provenance://mattergen/outputs/dielectric_rl/direct_rl_target12_online/matinvent_style_target12_tri_fixed_scaler_gpu/loop_0012/postprocess/input_cifs/gen_61.cif', 'input_cif_path': 'provenance://mattergen/outputs/dielectric_rl/direct_rl_target12_online/matinvent_style_target12_tri_fixed_scaler_gpu/loop_0012/postprocess/input_cifs/gen_61.cif', 'raw_valid': True, 'formula': 'Sr4 Tl6 Pb2', 'chemical_system': 'Pb-Sr-Tl', 'num_sites': 12, 'raw_valid_reason': nan, 'relaxed_cif_path': 'provenance://mattergen/outputs/dielectric_rl/direct_rl_target12_online/matinvent_style_target12_tri_fixed_scaler_gpu/loop_0012/postprocess/relaxed/relaxed_cifs/gen_61_relaxed.cif', 'relaxation_success': True, 'total_energy': -32.42689895629883, 'composition_valid': True, 'structure_valid': True, 'structure_comp_valid': True, 'reference_name': 'TRI2024', 'is_unique': True, 'is_novel': True, 'stable': True, 'predicted_dielectric_scalar': 12.696116862905583, 'predicted_tensor': '[[12.721051601007334, -1.279892419143982, 0.0014979628864557756], [-1.279892419143982, 11.89549747659756, -0.0002921190955226105], [0.0014979628864557756, -0.0002921190955226105, 13.471801511111861]]', 'volume': 402.378479985842, 'prediction_success': True, 'target_dielectric_scalar': 12.0, 'abs_error': 0.6961168629055834, 'reward_raw': 0.941225682193582, 'reward_final': 0.9412257, 'gate_reason': nan, 'reward_final_diversity': 0.9412257, 'diversity_penalty': False, 'selection_rank': 2, 'source_loop': 12}",Sr2Tl3Pb,"('Pb', 'Sr', 'Tl')",0.9412257,12
"{'structure_id': 'gen_51', 'cif_path': 'provenance://mattergen/outputs/dielectric_rl/direct_rl_target12_online/matinvent_style_target12_eval24_topk025_from_loop0020/loop_0008/postprocess/input_cifs/gen_51.cif', 'input_cif_path': 'provenance://mattergen/outputs/dielectric_rl/direct_rl_target12_online/matinvent_style_target12_eval24_topk025_from_loop0020/loop_0008/postprocess/input_cifs/gen_51.cif', 'raw_valid': True, 'formula': 'La4 Tb2 Sm5 Dy1', 'chemical_system': 'Dy-La-Sm-Tb', 'num_sites': 12, 'raw_valid_reason': '', 'relaxed_cif_path': 'provenance://mattergen/outputs/dielectric_rl/direct_rl_target12_online/matinvent_style_target12_eval24_topk025_from_loop0020/loop_0008/postprocess/relaxed/relaxed_cifs/gen_51_relaxed.cif', 'relaxation_success': True, 'total_energy': -56.561256408691406, 'composition_valid': True, 'structure_valid': True, 'structure_comp_valid': True, 'reference_name': 'TRI2024', 'is_unique': True, 'is_novel': True, 'stable': True, 'predicted_dielectric_scalar': 12.709022104713112, 'predicted_tensor': '[[12.78405497061637, -0.0008255811680422188, 0.0003362723558281871], [-0.0008255811680422188, 12.671260620860972, -0.005107686800132434], [0.0003362723558281871, -0.005107686800132434, 12.67175072266199]]', 'volume': 411.4391945040318, 'prediction_success': True, 'target_dielectric_scalar': 12.0, 'abs_error': 0.709022104713112, 'reward_raw': 0.93909461526308, 'reward_final': 0.939094603061676, 'gate_reason': '', 'reward_final_diversity': 0.939094603061676, 'diversity_penalty': False, 'selection_rank': 3, 'source_loop': 8}",La4Tb2Sm5Dy,"('Dy', 'La', 'Sm', 'Tb')",0.939094603061676,8
"{'structure_id': 'gen_40', 'cif_path': 'provenance://mattergen/outputs/dielectric_rl/direct_rl_target12_online/matinvent_style_target12_eval24_topk025_from_loop0020/loop_0004/postprocess/input_cifs/gen_40.cif', 'input_cif_path': 'provenance://mattergen/outputs/dielectric_rl/direct_rl_target12_online/matinvent_style_target12_eval24_topk025_from_loop0020/loop_0004/postprocess/input_cifs/gen_40.cif', 'raw_valid': True, 'formula': 'Tb3 Y6 Er1', 'chemical_system': 'Er-Tb-Y', 'num_sites': 10, 'raw_valid_reason': '', 'relaxed_cif_path': 'provenance://mattergen/outputs/dielectric_rl/direct_rl_target12_online/matinvent_style_target12_eval24_topk025_from_loop0020/loop_0004/postprocess/relaxed/relaxed_cifs/gen_40_relaxed.cif', 'relaxation_success': True, 'total_energy': -56.96554183959961, 'composition_valid': True, 'structure_valid': True, 'structure_comp_valid': True, 'reference_name': 'TRI2024', 'is_unique': True, 'is_novel': True, 'stable': True, 'predicted_dielectric_scalar': 12.73807386928119, 'predicted_tensor': '[[12.88411084088451, 0.006621806400358838, -0.013946539836552573], [0.006621806400358838, 12.588587140880092, -0.2367339034990664], [-0.013946539836552573, -0.2367339034990664, 12.741523626078969]]', 'volume': 322.4340807172886, 'prediction_success': True, 'target_dielectric_scalar': 12.0, 'abs_error': 0.7380738692811892, 'reward_raw': 0.9341725361845596, 'reward_final': 0.934172511100769, 'gate_reason': '', 'reward_final_diversity': 0.934172511100769, 'diversity_penalty': False, 'selection_rank': 1, 'source_loop': 4}",Tb3Y6Er,"('Er', 'Tb', 'Y')",0.934172511100769,4
"{'structure_id': 'gen_47', 'cif_path': 'provenance://mattergen/outputs/dielectric_rl/direct_rl_target12_online/matinvent_style_target12_eval24_topk025_from_loop0020/loop_0001/postprocess/input_cifs/gen_47.cif', 'input_cif_path': 'provenance://mattergen/outputs/dielectric_rl/direct_rl_target12_online/matinvent_style_target12_eval24_topk025_from_loop0020/loop_0001/postprocess/input_cifs/gen_47.cif', 'raw_valid': True, 'formula': 'Pr3 Y3 Ho2 Te8', 'chemical_system': 'Ho-Pr-Te-Y', 'num_sites': 16, 'raw_valid_reason': '', 'relaxed_cif_path': 'provenance://mattergen/outputs/dielectric_rl/direct_rl_target12_online/matinvent_style_target12_eval24_topk025_from_loop0020/loop_0001/postprocess/relaxed/relaxed_cifs/gen_47_relaxed.cif', 'relaxation_success': True, 'total_energy': -89.31645965576172, 'composition_valid': True, 'structure_valid': True, 'structure_comp_valid': True, 'reference_name': 'TRI2024', 'is_unique': True, 'is_novel': True, 'stable': True, 'predicted_dielectric_scalar': 11.210975292051522, 'predicted_tensor': '[[11.2785430990047, 0.0016323744104121453, 0.0010362523718223191], [0.0016323744104121453, 11.257987735785932, 0.0234184495650652], [0.0010362523718223191, 0.0234184495650652, 11.096395041363941]]', 'volume': 490.1837097773172, 'prediction_success': True, 'target_dielectric_scalar': 12.0, 'abs_error': 0.789024707948478, 'reward_raw': 0.9251309363105961, 'reward_final': 0.9251309633255005, 'gate_reason': '', 'reward_final_diversity': 0.9251309633255005, 'diversity_penalty': False, 'selection_rank': 4, 'source_loop': 1}",Pr3Y3(HoTe4)2,"('Ho', 'Pr', 'Te', 'Y')",0.9251309633255004,1
"{'structure_id': 'gen_35', 'cif_path': 'provenance://mattergen/outputs/dielectric_rl/direct_rl_target12_online/matinvent_style_target12_eval24_topk025_from_loop0020/loop_0003/postprocess/input_cifs/gen_35.cif', 'input_cif_path': 'provenance://mattergen/outputs/dielectric_rl/direct_rl_target12_online/matinvent_style_target12_eval24_topk025_from_loop0020/loop_0003/postprocess/input_cifs/gen_35.cif', 'raw_valid': True, 'formula': 'Tb7 Sm4 Tm5', 'chemical_system': 'Sm-Tb-Tm', 'num_sites': 16, 'raw_valid_reason': '', 'relaxed_cif_path': 'provenance://mattergen/outputs/dielectric_rl/direct_rl_target12_online/matinvent_style_target12_eval24_topk025_from_loop0020/loop_0003/postprocess/relaxed/relaxed_cifs/gen_35_relaxed.cif', 'relaxation_success': True, 'total_energy': -72.96202850341797, 'composition_valid': True, 'structure_valid': True, 'structure_comp_valid': True, 'reference_name': 'TRI2024', 'is_unique': True, 'is_novel': True, 'stable': True, 'predicted_dielectric_scalar': 11.203793166114464, 'predicted_tensor': '[[11.156041673874373, 0.01945645858752232, -0.043537729813021155], [0.01945645858752232, 11.14039305009254, -0.032293306260904465], [-0.043537729813021155, -0.032293306260904465, 11.314944774376475]]', 'volume': 511.756677572322, 'prediction_success': True, 'target_dielectric_scalar': 12.0, 'abs_error': 0.7962068338855364, 'reward_raw': 0.9238152573249209, 'reward_final': 0.9238152503967285, 'gate_reason': '', 'reward_final_diversity': 0.9238152503967285, 'diversity_penalty': False, 'selection_rank': 2, 'source_loop': 3}",Tb7Sm4Tm5,"('Sm', 'Tb', 'Tm')",0.9238152503967284,3
"{'structure_id': 'gen_12', 'cif_path': 'provenance://mattergen/outputs/dielectric_rl/direct_rl_target12_online/matinvent_style_target12_tri_fixed_scaler_gpu/loop_0015/postprocess/input_cifs/gen_12.cif', 'input_cif_path': 'provenance://mattergen/outputs/dielectric_rl/direct_rl_target12_online/matinvent_style_target12_tri_fixed_scaler_gpu/loop_0015/postprocess/input_cifs/gen_12.cif', 'raw_valid': True, 'formula': 'Y4 Ho2 Er4 Tm2', 'chemical_system': 'Er-Ho-Tm-Y', 'num_sites': 12, 'raw_valid_reason': nan, 'relaxed_cif_path': 'provenance://mattergen/outputs/dielectric_rl/direct_rl_target12_online/matinvent_style_target12_tri_fixed_scaler_gpu/loop_0015/postprocess/relaxed/relaxed_cifs/gen_12_relaxed.cif', 'relaxation_success': True, 'total_energy': -61.93538284301758, 'composition_valid': True, 'structure_valid': True, 'structure_comp_valid': True, 'reference_name': 'TRI2024', 'is_unique': True, 'is_novel': True, 'stable': True, 'predicted_dielectric_scalar': 12.80224710774881, 'predicted_tensor': '[[13.013521953147334, 0.001375214760196205, -0.0007389003740660254], [0.001375214760196205, 12.630269107351696, 0.09262395646142246], [-0.0007389003740660254, 0.09262395646142246, 12.76295026274739]]', 'volume': 375.7635229942074, 'prediction_success': True, 'target_dielectric_scalar': 12.0, 'abs_error': 0.8022471077488103, 'reward_raw': 0.9227009888223288, 'reward_final': 0.922701, 'gate_reason': nan, 'reward_final_diversity': 0.922701, 'diversity_penalty': False, 'selection_rank': 2, 'source_loop': 15}",Y2HoEr2Tm,"('Er', 'Ho', 'Tm', 'Y')",0.922701,15
"{'structure_id': 'gen_53', 'cif_path': 'provenance://mattergen/outputs/dielectric_rl/direct_rl_target12_online/matinvent_style_target12_eval24_topk025_from_loop0020/loop_0007/postprocess/input_cifs/gen_53.cif', 'input_cif_path': 'provenance://mattergen/outputs/dielectric_rl/direct_rl_target12_online/matinvent_style_target12_eval24_topk025_from_loop0020/loop_0007/postprocess/input_cifs/gen_53.cif', 'raw_valid': True, 'formula': 'Sr4 Hg6', 'chemical_system': 'Hg-Sr', 'num_sites': 10, 'raw_valid_reason': '', 'relaxed_cif_path': 'provenance://mattergen/outputs/dielectric_rl/direct_rl_target12_online/matinvent_style_target12_eval24_topk025_from_loop0020/loop_0007/postprocess/relaxed/relaxed_cifs/gen_53_relaxed.cif', 'relaxation_success': True, 'total_energy': -13.296722412109375, 'composition_valid': True, 'structure_valid': True, 'structure_comp_valid': True, 'reference_name': 'TRI2024', 'is_unique': True, 'is_novel': True, 'stable': True, 'predicted_dielectric_scalar': 11.116246420931466, 'predicted_tensor': '[[11.413787949620312, 0.6534913612074864, 0.4222421484638869], [0.6534913612074864, 10.639884422538541, 0.23775135718682677], [0.4222421484638869, 0.23775135718682677, 11.295066890635551]]', 'volume': 310.83044425564145, 'prediction_success': True, 'target_dielectric_scalar': 12.0, 'abs_error': 0.883753579068534, 'reward_raw': 0.9069866493325768, 'reward_final': 0.906986653804779, 'gate_reason': '', 'reward_final_diversity': 0.906986653804779, 'diversity_penalty': False, 'selection_rank': 4, 'source_loop': 7}",Sr2Hg3,"('Hg', 'Sr')",0.906986653804779,7
"{'structure_id': 'gen_27', 'cif_path': 'provenance://mattergen/outputs/dielectric_rl/direct_rl_target12_online/matinvent_style_target12_eval24_topk025_from_loop0020/loop_0009/postprocess/input_cifs/gen_27.cif', 'input_cif_path': 'provenance://mattergen/outputs/dielectric_rl/direct_rl_target12_online/matinvent_style_target12_eval24_topk025_from_loop0020/loop_0009/postprocess/input_cifs/gen_27.cif', 'raw_valid': True, 'formula': 'Dy1 Lu2 Ag3', 'chemical_system': 'Ag-Dy-Lu', 'num_sites': 6, 'raw_valid_reason': '', 'relaxed_cif_path': 'provenance://mattergen/outputs/dielectric_rl/direct_rl_target12_online/matinvent_style_target12_eval24_topk025_from_loop0020/loop_0009/postprocess/relaxed/relaxed_cifs/gen_27_relaxed.cif', 'relaxation_success': True, 'total_energy': -24.173070907592773, 'composition_valid': True, 'structure_valid': True, 'structure_comp_valid': True, 'reference_name': 'TRI2024', 'is_unique': True, 'is_novel': True, 'stable': True, 'predicted_dielectric_scalar': 12.889356312428568, 'predicted_tensor': '[[12.929443764149571, 0.012405148681912084, -0.003274267658309277], [0.012405148681912084, 12.929852577170532, -0.0022929092892222673], [-0.003274267658309277, -0.0022929092892222673, 12.8087725959656]]', 'volume': 138.98788069991625, 'prediction_success': True, 'target_dielectric_scalar': 12.0, 'abs_error': 0.8893563124285677, 'reward_raw': 0.9058610679721405, 'reward_final': 0.9058610796928406, 'gate_reason': '', 'reward_final_diversity': 0.9058610796928406, 'diversity_penalty': False, 'selection_rank': 3, 'source_loop': 9}",DyLu2Ag3,"('Ag', 'Dy', 'Lu')",0.9058610796928406,9
"{'structure_id': 'gen_45', 'cif_path': 'provenance://mattergen/outputs/dielectric_rl/direct_rl_target12_online/matinvent_style_target12_tri_fixed_scaler_gpu/loop_0020/postprocess/input_cifs/gen_45.cif', 'input_cif_path': 'provenance://mattergen/outputs/dielectric_rl/direct_rl_target12_online/matinvent_style_target12_tri_fixed_scaler_gpu/loop_0020/postprocess/input_cifs/gen_45.cif', 'raw_valid': True, 'formula': 'Tb12 Ni7 Au1', 'chemical_system': 'Au-Ni-Tb', 'num_sites': 20, 'raw_valid_reason': nan, 'relaxed_cif_path': 'provenance://mattergen/outputs/dielectric_rl/direct_rl_target12_online/matinvent_style_target12_tri_fixed_scaler_gpu/loop_0020/postprocess/relaxed/relaxed_cifs/gen_45_relaxed.cif', 'relaxation_success': True, 'total_energy': -105.90279388427734, 'composition_valid': True, 'structure_valid': True, 'structure_comp_valid': True, 'reference_name': 'TRI2024', 'is_unique': True, 'is_novel': True, 'stable': True, 'predicted_dielectric_scalar': 12.919422916597291, 'predicted_tensor': '[[12.970291870675414, -0.03695290933421358, 0.06428528254115524], [-0.03695290933421358, 12.94330571568101, 0.08813709784849207], [0.06428528254115524, 0.08813709784849207, 12.844671163435457]]', 'volume': 463.9016615112983, 'prediction_success': True, 'target_dielectric_scalar': 12.0, 'abs_error': 0.9194229165972914, 'reward_raw': 0.8997239252426531, 'reward_final': 0.89972395, 'gate_reason': nan, 'reward_final_diversity': 0.89972395, 'diversity_penalty': False, 'selection_rank': 5, 'source_loop': 20}",Tb12Ni7Au,"('Au', 'Ni', 'Tb')",0.89972395,20
"{'structure_id': 'gen_59', 'cif_path': 'provenance://mattergen/outputs/dielectric_rl/direct_rl_target12_online/matinvent_style_target12_eval24_topk025_from_loop0020/loop_0001/postprocess/input_cifs/gen_59.cif', 'input_cif_path': 'provenance://mattergen/outputs/dielectric_rl/direct_rl_target12_online/matinvent_style_target12_eval24_topk025_from_loop0020/loop_0001/postprocess/input_cifs/gen_59.cif', 'raw_valid': True, 'formula': 'Yb2 Ni3', 'chemical_system': 'Ni-Yb', 'num_sites': 5, 'raw_valid_reason': '', 'relaxed_cif_path': 'provenance://mattergen/outputs/dielectric_rl/direct_rl_target12_online/matinvent_style_target12_eval24_topk025_from_loop0020/loop_0001/postprocess/relaxed/relaxed_cifs/gen_59_relaxed.cif', 'relaxation_success': True, 'total_energy': -22.279903411865234, 'composition_valid': True, 'structure_valid': True, 'structure_comp_valid': True, 'reference_name': 'TRI2024', 'is_unique': True, 'is_novel': True, 'stable': True, 'predicted_dielectric_scalar': 12.923277434541916, 'predicted_tensor': '[[14.324623686034816, 0.0002862555772689938, -0.0010802465375984512], [0.0002862555772689938, 11.441627883218914, -1.4653044014287842], [-0.0010802465375984512, -1.4653044014287842, 13.003580734372015]]', 'volume': 82.44122555102801, 'prediction_success': True, 'target_dielectric_scalar': 12.0, 'abs_error': 0.9232774345419159, 'reward_raw': 0.8989254686796564, 'reward_final': 0.8989254832267761, 'gate_reason': '', 'reward_final_diversity': 0.8989254832267761, 'diversity_penalty': False, 'selection_rank': 5, 'source_loop': 1}",Yb2Ni3,"('Ni', 'Yb')",0.8989254832267761,1
"{'structure_id': 'gen_63', 'cif_path': 'provenance://mattergen/outputs/dielectric_rl/direct_rl_target12_online/matinvent_style_target12_eval24_topk025_from_loop0020/loop_0009/postprocess/input_cifs/gen_63.cif', 'input_cif_path': 'provenance://mattergen/outputs/dielectric_rl/direct_rl_target12_online/matinvent_style_target12_eval24_topk025_from_loop0020/loop_0009/postprocess/input_cifs/gen_63.cif', 'raw_valid': True, 'formula': 'Tb3 Sm6 Y9', 'chemical_system': 'Sm-Tb-Y', 'num_sites': 18, 'raw_valid_reason': '', 'relaxed_cif_path': 'provenance://mattergen/outputs/dielectric_rl/direct_rl_target12_online/matinvent_style_target12_eval24_topk025_from_loop0020/loop_0009/postprocess/relaxed/relaxed_cifs/gen_63_relaxed.cif', 'relaxation_success': True, 'total_energy': -99.55878448486328, 'composition_valid': True, 'structure_valid': True, 'structure_comp_valid': True, 'reference_name': 'TRI2024', 'is_unique': True, 'is_novel': True, 'stable': True, 'predicted_dielectric_scalar': 12.934007714098865, 'predicted_tensor': '[[12.856538091809918, 0.103601058806655, -0.056906047780357495], [0.103601058806655, 12.948425007509547, -0.13408458663153006], [-0.056906047780357495, -0.13408458663153006, 12.99706004297713]]', 'volume': 592.4990736864988, 'prediction_success': True, 'target_dielectric_scalar': 12.0, 'abs_error': 0.9340077140988647, 'reward_raw': 0.8966888987206127, 'reward_final': 0.8966888785362244, 'gate_reason': '', 'reward_final_diversity': 0.8966888785362244, 'diversity_penalty': False, 'selection_rank': 4, 'source_loop': 9}",TbSm2Y3,"('Sm', 'Tb', 'Y')",0.8966888785362244,9
"{'structure_id': 'gen_42', 'cif_path': 'provenance://mattergen/outputs/dielectric_rl/direct_rl_target12_online/matinvent_style_target12_tri_fixed_scaler_gpu/loop_0000/postprocess/input_cifs/gen_42.cif', 'input_cif_path': 'provenance://mattergen/outputs/dielectric_rl/direct_rl_target12_online/matinvent_style_target12_tri_fixed_scaler_gpu/loop_0000/postprocess/input_cifs/gen_42.cif', 'raw_valid': True, 'formula': 'Tb2 Nd2 Y1 Al2', 'chemical_system': 'Al-Nd-Tb-Y', 'num_sites': 7, 'raw_valid_reason': nan, 'relaxed_cif_path': 'provenance://mattergen/outputs/dielectric_rl/direct_rl_target12_online/matinvent_style_target12_tri_fixed_scaler_gpu/loop_0000/postprocess/relaxed/relaxed_cifs/gen_42_relaxed.cif', 'relaxation_success': True, 'total_energy': -34.18887710571289, 'composition_valid': True, 'structure_valid': True, 'structure_comp_valid': True, 'reference_name': 'TRI2024', 'is_unique': True, 'is_novel': True, 'stable': True, 'predicted_dielectric_scalar': 12.938419763879658, 'predicted_tensor': '[[13.632211615511956, 0.00018099871527760004, 0.00011660416896092694], [0.00018099871527760004, 12.419182199444865, -0.04638339895637652], [0.00011660416896092694, -0.04638339895637652, 12.763865476682152]]', 'volume': 198.3160005046269, 'prediction_success': True, 'target_dielectric_scalar': 12.0, 'abs_error': 0.938419763879658, 'reward_raw': 0.8957634060220859, 'reward_final': 0.8957634, 'gate_reason': nan, 'reward_final_diversity': 0.8957634, 'diversity_penalty': False, 'selection_rank': 1, 'source_loop': 0}",Tb2Nd2YAl2,"('Al', 'Nd', 'Tb', 'Y')",0.8957634,0
"{'structure_id': 'gen_11', 'cif_path': 'provenance://mattergen/outputs/dielectric_rl/direct_rl_target12_online/matinvent_style_target12_eval24_topk025_from_loop0020/loop_0005/postprocess/input_cifs/gen_11.cif', 'input_cif_path': 'provenance://mattergen/outputs/dielectric_rl/direct_rl_target12_online/matinvent_style_target12_eval24_topk025_from_loop0020/loop_0005/postprocess/input_cifs/gen_11.cif', 'raw_valid': True, 'formula': 'Nd1 Dy5 Y4 Sc2', 'chemical_system': 'Dy-Nd-Sc-Y', 'num_sites': 12, 'raw_valid_reason': '', 'relaxed_cif_path': 'provenance://mattergen/outputs/dielectric_rl/direct_rl_target12_online/matinvent_style_target12_eval24_topk025_from_loop0020/loop_0005/postprocess/relaxed/relaxed_cifs/gen_11_relaxed.cif', 'relaxation_success': True, 'total_energy': -65.87773895263672, 'composition_valid': True, 'structure_valid': True, 'structure_comp_valid': True, 'reference_name': 'TRI2024', 'is_unique': True, 'is_novel': True, 'stable': True, 'predicted_dielectric_scalar': 12.947974741206204, 'predicted_tensor': '[[13.174995755026517, 0.021761442597005815, 0.022367668309013163], [0.021761442597005815, 12.534564696651358, 0.19932725017476058], [0.022367668309013163, 0.19932725017476058, 13.134363771940732]]', 'volume': 372.1957076999463, 'prediction_success': True, 'target_dielectric_scalar': 12.0, 'abs_error': 0.9479747412062043, 'reward_raw': 0.8937474717888676, 'reward_final': 0.8937474489212036, 'gate_reason': '', 'reward_final_diversity': 0.8937474489212036, 'diversity_penalty': False, 'selection_rank': 3, 'source_loop': 5}",NdDy5(Y2Sc)2,"('Dy', 'Nd', 'Sc', 'Y')",0.8937474489212036,5
"{'structure_id': 'gen_10', 'cif_path': 'provenance://mattergen/outputs/dielectric_rl/direct_rl_target12_online/matinvent_style_target12_eval24_topk025_from_loop0020/loop_0001/postprocess/input_cifs/gen_10.cif', 'input_cif_path': 'provenance://mattergen/outputs/dielectric_rl/direct_rl_target12_online/matinvent_style_target12_eval24_topk025_from_loop0020/loop_0001/postprocess/input_cifs/gen_10.cif', 'raw_valid': True, 'formula': 'Na1 Ca1 Pr1 Nd1 Hg4', 'chemical_system': 'Ca-Hg-Na-Nd-Pr', 'num_sites': 8, 'raw_valid_reason': '', 'relaxed_cif_path': 'provenance://mattergen/outputs/dielectric_rl/direct_rl_target12_online/matinvent_style_target12_eval24_topk025_from_loop0020/loop_0001/postprocess/relaxed/relaxed_cifs/gen_10_relaxed.cif', 'relaxation_success': True, 'total_energy': -17.65472984313965, 'composition_valid': True, 'structure_valid': True, 'structure_comp_valid': True, 'reference_name': 'TRI2024', 'is_unique': True, 'is_novel': True, 'stable': True, 'predicted_dielectric_scalar': 12.978261670786535, 'predicted_tensor': '[[12.966847814684263, 0.0019975936582980994, -0.0008211558078228773], [0.0019975936582980994, 12.956946780251462, -0.003918245319167805], [-0.0008211558078228773, -0.003918245319167805, 13.010990417423885]]', 'volume': 221.10306461664268, 'prediction_success': True, 'target_dielectric_scalar': 12.0, 'abs_error': 0.9782616707865355, 'reward_raw': 0.887253549352482, 'reward_final': 0.8872535228729248, 'gate_reason': '', 'reward_final_diversity': 0.8872535228729248, 'diversity_penalty': False, 'selection_rank': 6, 'source_loop': 1}",NaCaPrNdHg4,"('Ca', 'Hg', 'Na', 'Nd', 'Pr')",0.8872535228729248,1
"{'structure_id': 'gen_40', 'cif_path': 'provenance://mattergen/outputs/dielectric_rl/direct_rl_target12_online/matinvent_style_target12_tri_fixed_scaler_gpu/loop_0004/postprocess/input_cifs/gen_40.cif', 'input_cif_path': 'provenance://mattergen/outputs/dielectric_rl/direct_rl_target12_online/matinvent_style_target12_tri_fixed_scaler_gpu/loop_0004/postprocess/input_cifs/gen_40.cif', 'raw_valid': True, 'formula': 'Li2 Cd12 In3 Hg1', 'chemical_system': 'Cd-Hg-In-Li', 'num_sites': 18, 'raw_valid_reason': nan, 'relaxed_cif_path': 'provenance://mattergen/outputs/dielectric_rl/direct_rl_target12_online/matinvent_style_target12_tri_fixed_scaler_gpu/loop_0004/postprocess/relaxed/relaxed_cifs/gen_40_relaxed.cif', 'relaxation_success': True, 'total_energy': -23.81429100036621, 'composition_valid': True, 'structure_valid': True, 'structure_comp_valid': True, 'reference_name': 'TRI2024', 'is_unique': True, 'is_novel': True, 'stable': True, 'predicted_dielectric_scalar': 12.98538311607608, 'predicted_tensor': '[[12.903995395669687, -0.3891719131672962, 0.1720614559799438], [-0.3891719131672962, 12.938911852169033, 0.19764295505286517], [0.1720614559799438, 0.19764295505286517, 13.113242100389522]]', 'volume': 423.15676722624585, 'prediction_success': True, 'target_dielectric_scalar': 12.0, 'abs_error': 0.9853831160760808, 'reward_raw': 0.8857039860890867, 'reward_final': 0.885704, 'gate_reason': nan, 'reward_final_diversity': 0.885704, 'diversity_penalty': False, 'selection_rank': 3, 'source_loop': 4}",Li2Cd12In3Hg,"('Cd', 'Hg', 'In', 'Li')",0.885704,4
"{'structure_id': 'gen_10', 'cif_path': 'provenance://mattergen/outputs/dielectric_rl/direct_rl_target12_online/matinvent_style_target12_tri_fixed_scaler_gpu/loop_0010/postprocess/input_cifs/gen_10.cif', 'input_cif_path': 'provenance://mattergen/outputs/dielectric_rl/direct_rl_target12_online/matinvent_style_target12_tri_fixed_scaler_gpu/loop_0010/postprocess/input_cifs/gen_10.cif', 'raw_valid': True, 'formula': 'La2 Nd1 Sm7 Y2', 'chemical_system': 'La-Nd-Sm-Y', 'num_sites': 12, 'raw_valid_reason': nan, 'relaxed_cif_path': 'provenance://mattergen/outputs/dielectric_rl/direct_rl_target12_online/matinvent_style_target12_tri_fixed_scaler_gpu/loop_0010/postprocess/relaxed/relaxed_cifs/gen_10_relaxed.cif', 'relaxation_success': True, 'total_energy': -59.85259246826172, 'composition_valid': True, 'structure_valid': True, 'structure_comp_valid': True, 'reference_name': 'TRI2024', 'is_unique': True, 'is_novel': True, 'stable': True, 'predicted_dielectric_scalar': 12.985715254025031, 'predicted_tensor': '[[13.1561046086815, -0.00015983339137700276, -3.1021711404625164e-05], [-0.00015983339137700276, 12.894344158500553, 0.10495367524840551], [-3.1021711404625164e-05, 0.10495367524840551, 12.906696994893055]]', 'volume': 410.9014127622895, 'prediction_success': True, 'target_dielectric_scalar': 12.0, 'abs_error': 0.9857152540250312, 'reward_raw': 0.8856315078488034, 'reward_final': 0.8856315, 'gate_reason': nan, 'reward_final_diversity': 0.8856315, 'diversity_penalty': False, 'selection_rank': 4, 'source_loop': 10}",La2NdSm7Y2,"('La', 'Nd', 'Sm', 'Y')",0.8856315,10
"{'structure_id': 'gen_20', 'cif_path': 'provenance://mattergen/outputs/dielectric_rl/direct_rl_target12_online/matinvent_style_target12_tri_fixed_scaler_gpu/loop_0005/postprocess/input_cifs/gen_20.cif', 'input_cif_path': 'provenance://mattergen/outputs/dielectric_rl/direct_rl_target12_online/matinvent_style_target12_tri_fixed_scaler_gpu/loop_0005/postprocess/input_cifs/gen_20.cif', 'raw_valid': True, 'formula': 'Nd2 Sm1 Y2 Sc2', 'chemical_system': 'Nd-Sc-Sm-Y', 'num_sites': 7, 'raw_valid_reason': nan, 'relaxed_cif_path': 'provenance://mattergen/outputs/dielectric_rl/direct_rl_target12_online/matinvent_style_target12_tri_fixed_scaler_gpu/loop_0005/postprocess/relaxed/relaxed_cifs/gen_20_relaxed.cif', 'relaxation_success': True, 'total_energy': -39.46270751953125, 'composition_valid': True, 'structure_valid': True, 'structure_comp_valid': True, 'reference_name': 'TRI2024', 'is_unique': True, 'is_novel': True, 'stable': True, 'predicted_dielectric_scalar': 12.986340094768176, 'predicted_tensor': '[[13.081180984202415, -0.00035110086065201794, -0.0012479258869029818], [-0.00035110086065201794, 13.183489046417565, -0.09689632137044982], [-0.0012479258869029818, -0.09689632137044982, 12.69435025368455]]', 'volume': 218.0544621708189, 'prediction_success': True, 'target_dielectric_scalar': 12.0, 'abs_error': 0.9863400947681756, 'reward_raw': 0.8854951066881316, 'reward_final': 0.8854951, 'gate_reason': nan, 'reward_final_diversity': 0.8854951, 'diversity_penalty': False, 'selection_rank': 4, 'source_loop': 5}",Nd2Sm(YSc)2,"('Nd', 'Sc', 'Sm', 'Y')",0.8854951,5
"{'structure_id': 'gen_48', 'cif_path': 'provenance://mattergen/outputs/dielectric_rl/direct_rl_target12_online/matinvent_style_target12_tri_fixed_scaler_gpu/loop_0020/postprocess/input_cifs/gen_48.cif', 'input_cif_path': 'provenance://mattergen/outputs/dielectric_rl/direct_rl_target12_online/matinvent_style_target12_tri_fixed_scaler_gpu/loop_0020/postprocess/input_cifs/gen_48.cif', 'raw_valid': True, 'formula': 'Na5 Tl9 Cd4', 'chemical_system': 'Cd-Na-Tl', 'num_sites': 18, 'raw_valid_reason': nan, 'relaxed_cif_path': 'provenance://mattergen/outputs/dielectric_rl/direct_rl_target12_online/matinvent_style_target12_tri_fixed_scaler_gpu/loop_0020/postprocess/relaxed/relaxed_cifs/gen_48_relaxed.cif', 'relaxation_success': True, 'total_energy': -32.32326126098633, 'composition_valid': True, 'structure_valid': True, 'structure_comp_valid': True, 'reference_name': 'TRI2024', 'is_unique': True, 'is_novel': True, 'stable': True, 'predicted_dielectric_scalar': 12.994553924236437, 'predicted_tensor': '[[13.156243133193813, -0.008668827959133242, 0.007928776449868278], [-0.008668827959133242, 13.088874694099657, 0.9029243518443869], [0.007928776449868278, 0.9029243518443869, 12.738543945415826]]', 'volume': 527.911340928652, 'prediction_success': True, 'target_dielectric_scalar': 12.0, 'abs_error': 0.9945539242364364, 'reward_raw': 0.8836959808809323, 'reward_final': 0.88369596, 'gate_reason': nan, 'reward_final_diversity': 0.88369596, 'diversity_penalty': False, 'selection_rank': 6, 'source_loop': 20}",Na5Tl9Cd4,"('Cd', 'Na', 'Tl')",0.88369596,20
"{'structure_id': 'gen_41', 'cif_path': 'provenance://mattergen/outputs/dielectric_rl/direct_rl_target12_online/matinvent_style_target12_eval24_topk025_from_loop0020/loop_0006/postprocess/input_cifs/gen_41.cif', 'input_cif_path': 'provenance://mattergen/outputs/dielectric_rl/direct_rl_target12_online/matinvent_style_target12_eval24_topk025_from_loop0020/loop_0006/postprocess/input_cifs/gen_41.cif', 'raw_valid': True, 'formula': 'Pr2 Nd5 Sm2 Y2 In1', 'chemical_system': 'In-Nd-Pr-Sm-Y', 'num_sites': 12, 'raw_valid_reason': '', 'relaxed_cif_path': 'provenance://mattergen/outputs/dielectric_rl/direct_rl_target12_online/matinvent_style_target12_eval24_topk025_from_loop0020/loop_0006/postprocess/relaxed/relaxed_cifs/gen_41_relaxed.cif', 'relaxation_success': True, 'total_energy': -59.28409194946289, 'composition_valid': True, 'structure_valid': True, 'structure_comp_valid': True, 'reference_name': 'TRI2024', 'is_unique': True, 'is_novel': True, 'stable': True, 'predicted_dielectric_scalar': 12.997273099325032, 'predicted_tensor': '[[13.110246637780847, 0.0310612126613755, 0.013819783648458284], [0.0310612126613755, 13.135930793497696, -0.03439000086739189], [0.013819783648458284, -0.03439000086739189, 12.745641866696559]]', 'volume': 401.7566464432434, 'prediction_success': True, 'target_dielectric_scalar': 12.0, 'abs_error': 0.9972730993250316, 'reward_raw': 0.8830979072124165, 'reward_final': 0.8830978870391846, 'gate_reason': '', 'reward_final_diversity': 0.8830978870391846, 'diversity_penalty': False, 'selection_rank': 2, 'source_loop': 6}",Pr2Nd5Sm2Y2In,"('In', 'Nd', 'Pr', 'Sm', 'Y')",0.8830978870391846,6
"{'structure_id': 'gen_62', 'cif_path': 'provenance://mattergen/outputs/dielectric_rl/direct_rl_target12_online/matinvent_style_target12_eval24_topk025_from_loop0020/loop_0004/postprocess/input_cifs/gen_62.cif', 'input_cif_path': 'provenance://mattergen/outputs/dielectric_rl/direct_rl_target12_online/matinvent_style_target12_eval24_topk025_from_loop0020/loop_0004/postprocess/input_cifs/gen_62.cif', 'raw_valid': True, 'formula': 'La2 Pr8 Sm2 Al6', 'chemical_system': 'Al-La-Pr-Sm', 'num_sites': 18, 'raw_valid_reason': '', 'relaxed_cif_path': 'provenance://mattergen/outputs/dielectric_rl/direct_rl_target12_online/matinvent_style_target12_eval24_topk025_from_loop0020/loop_0004/postprocess/relaxed/relaxed_cifs/gen_62_relaxed.cif', 'relaxation_success': True, 'total_energy': -84.4344482421875, 'composition_valid': True, 'structure_valid': True, 'structure_comp_valid': True, 'reference_name': 'TRI2024', 'is_unique': True, 'is_novel': True, 'stable': True, 'predicted_dielectric_scalar': 10.974917502499196, 'predicted_tensor': '[[11.955675661903056, 0.00014764760970034237, 0.0002390694861209459], [0.00014764760970034237, 10.48426158922208, -0.001432026951937262], [0.0002390694861209459, -0.001432026951937262, 10.484815256372459]]', 'volume': 526.225170741573, 'prediction_success': True, 'target_dielectric_scalar': 12.0, 'abs_error': 1.0250824975008044, 'reward_raw': 0.8769114456905102, 'reward_final': 0.876911461353302, 'gate_reason': '', 'reward_final_diversity': 0.876911461353302, 'diversity_penalty': False, 'selection_rank': 2, 'source_loop': 4}",LaPr4SmAl3,"('Al', 'La', 'Pr', 'Sm')",0.876911461353302,4
"{'structure_id': 'gen_44', 'cif_path': 'provenance://mattergen/outputs/dielectric_rl/direct_rl_target12_online/matinvent_style_target12_tri_fixed_scaler_gpu/loop_0015/postprocess/input_cifs/gen_44.cif', 'input_cif_path': 'provenance://mattergen/outputs/dielectric_rl/direct_rl_target12_online/matinvent_style_target12_tri_fixed_scaler_gpu/loop_0015/postprocess/input_cifs/gen_44.cif', 'raw_valid': True, 'formula': 'Sr6 In10', 'chemical_system': 'In-Sr', 'num_sites': 16, 'raw_valid_reason': nan, 'relaxed_cif_path': 'provenance://mattergen/outputs/dielectric_rl/direct_rl_target12_online/matinvent_style_target12_tri_fixed_scaler_gpu/loop_0015/postprocess/relaxed/relaxed_cifs/gen_44_relaxed.cif', 'relaxation_success': True, 'total_energy': -43.81575393676758, 'composition_valid': True, 'structure_valid': True, 'structure_comp_valid': True, 'reference_name': 'TRI2024', 'is_unique': True, 'is_novel': True, 'stable': True, 'predicted_dielectric_scalar': 10.9718597333978, 'predicted_tensor': '[[10.611637512259218, 0.399164531374678, -0.0019438423701916886], [0.399164531374678, 10.780831454237532, -0.005234352923367949], [-0.0019438423701916886, -0.005234352923367949, 11.523110233696645]]', 'volume': 518.8096481098501, 'prediction_success': True, 'target_dielectric_scalar': 12.0, 'abs_error': 1.0281402666022004, 'reward_raw': 0.8762235285870066, 'reward_final': 0.8762235, 'gate_reason': nan, 'reward_final_diversity': 0.8762235, 'diversity_penalty': False, 'selection_rank': 3, 'source_loop': 15}",Sr3In5,"('In', 'Sr')",0.8762235,15
"{'structure_id': 'gen_61', 'cif_path': 'provenance://mattergen/outputs/dielectric_rl/direct_rl_target12_online/matinvent_style_target12_tri_fixed_scaler_gpu/loop_0007/postprocess/input_cifs/gen_61.cif', 'input_cif_path': 'provenance://mattergen/outputs/dielectric_rl/direct_rl_target12_online/matinvent_style_target12_tri_fixed_scaler_gpu/loop_0007/postprocess/input_cifs/gen_61.cif', 'raw_valid': True, 'formula': 'Ca1 Tl1 Hg5 Pd1', 'chemical_system': 'Ca-Hg-Pd-Tl', 'num_sites': 8, 'raw_valid_reason': nan, 'relaxed_cif_path': 'provenance://mattergen/outputs/dielectric_rl/direct_rl_target12_online/matinvent_style_target12_tri_fixed_scaler_gpu/loop_0007/postprocess/relaxed/relaxed_cifs/gen_61_relaxed.cif', 'relaxation_success': True, 'total_energy': -12.535567283630373, 'composition_valid': True, 'structure_valid': True, 'structure_comp_valid': True, 'reference_name': 'TRI2024', 'is_unique': True, 'is_novel': True, 'stable': True, 'predicted_dielectric_scalar': 13.070556418120818, 'predicted_tensor': '[[13.764056166016664, 0.3506090227210539, -0.005875690645653925], [0.3506090227210539, 11.502333510107045, 0.00752438136185506], [-0.005875690645653925, 0.00752438136185506, 13.945279578238749]]', 'volume': 206.0640101156324, 'prediction_success': True, 'target_dielectric_scalar': 12.0, 'abs_error': 1.0705564181208178, 'reward_raw': 0.8665275458480971, 'reward_final': 0.86652756, 'gate_reason': nan, 'reward_final_diversity': 0.86652756, 'diversity_penalty': False, 'selection_rank': 2, 'source_loop': 7}",CaTlHg5Pd,"('Ca', 'Hg', 'Pd', 'Tl')",0.86652756,7
"{'structure_id': 'gen_35', 'cif_path': 'provenance://mattergen/outputs/dielectric_rl/direct_rl_target12_online/matinvent_style_target12_tri_fixed_scaler_gpu/loop_0004/postprocess/input_cifs/gen_35.cif', 'input_cif_path': 'provenance://mattergen/outputs/dielectric_rl/direct_rl_target12_online/matinvent_style_target12_tri_fixed_scaler_gpu/loop_0004/postprocess/input_cifs/gen_35.cif', 'raw_valid': True, 'formula': 'Ca2 Ce3 Dy1 Se6', 'chemical_system': 'Ca-Ce-Dy-Se', 'num_sites': 12, 'raw_valid_reason': nan, 'relaxed_cif_path': 'provenance://mattergen/outputs/dielectric_rl/direct_rl_target12_online/matinvent_style_target12_tri_fixed_scaler_gpu/loop_0004/postprocess/relaxed/relaxed_cifs/gen_35_relaxed.cif', 'relaxation_success': True, 'total_energy': -69.38607788085938, 'composition_valid': True, 'structure_valid': True, 'structure_comp_valid': True, 'reference_name': 'TRI2024', 'is_unique': True, 'is_novel': True, 'stable': True, 'predicted_dielectric_scalar': 10.919395523617656, 'predicted_tensor': '[[9.903397978567838, -0.2733096470363059, -0.50212337314754], [-0.2733096470363059, 11.487780971083305, -0.0930193421952796], [-0.50212337314754, -0.0930193421952796, 11.367007621201832]]', 'volume': 312.55445420842176, 'prediction_success': True, 'target_dielectric_scalar': 12.0, 'abs_error': 1.0806044763823444, 'reward_raw': 0.8641894578502007, 'reward_final': 0.86418945, 'gate_reason': nan, 'reward_final_diversity': 0.86418945, 'diversity_penalty': False, 'selection_rank': 4, 'source_loop': 4}",Ca2Ce3DySe6,"('Ca', 'Ce', 'Dy', 'Se')",0.86418945,4
"{'structure_id': 'gen_7', 'cif_path': 'provenance://mattergen/outputs/dielectric_rl/direct_rl_target12_online/matinvent_style_target12_tri_fixed_scaler_gpu/loop_0001/postprocess/input_cifs/gen_7.cif', 'input_cif_path': 'provenance://mattergen/outputs/dielectric_rl/direct_rl_target12_online/matinvent_style_target12_tri_fixed_scaler_gpu/loop_0001/postprocess/input_cifs/gen_7.cif', 'raw_valid': True, 'formula': 'Tb1 Sm1 Dy2 Er1 Mg2', 'chemical_system': 'Dy-Er-Mg-Sm-Tb', 'num_sites': 7, 'raw_valid_reason': nan, 'relaxed_cif_path': 'provenance://mattergen/outputs/dielectric_rl/direct_rl_target12_online/matinvent_style_target12_tri_fixed_scaler_gpu/loop_0001/postprocess/relaxed/relaxed_cifs/gen_7_relaxed.cif', 'relaxation_success': True, 'total_energy': -26.093860626220703, 'composition_valid': True, 'structure_valid': True, 'structure_comp_valid': True, 'reference_name': 'TRI2024', 'is_unique': True, 'is_novel': True, 'stable': True, 'predicted_dielectric_scalar': 10.912196074448447, 'predicted_tensor': '[[10.837199045579945, 6.0135599045665184e-05, -5.225920721432527e-05], [6.0135599045665184e-05, 10.837129145596307, -4.410050362107367e-05], [-5.225920721432527e-05, -4.410050362107367e-05, 11.062260032169084]]', 'volume': 204.397857430668, 'prediction_success': True, 'target_dielectric_scalar': 12.0, 'abs_error': 1.0878039255515528, 'reward_raw': 0.862504707124665, 'reward_final': 0.8625047, 'gate_reason': nan, 'reward_final_diversity': 0.8625047, 'diversity_penalty': False, 'selection_rank': 3, 'source_loop': 1}",TbSmDy2ErMg2,"('Dy', 'Er', 'Mg', 'Sm', 'Tb')",0.8625047,1
"{'structure_id': 'gen_32', 'cif_path': 'provenance://mattergen/outputs/dielectric_rl/direct_rl_target12_online/matinvent_style_target12_eval24_topk025_from_loop0020/loop_0009/postprocess/input_cifs/gen_32.cif', 'input_cif_path': 'provenance://mattergen/outputs/dielectric_rl/direct_rl_target12_online/matinvent_style_target12_eval24_topk025_from_loop0020/loop_0009/postprocess/input_cifs/gen_32.cif', 'raw_valid': True, 'formula': 'La2 Pr5 Tm5', 'chemical_system': 'La-Pr-Tm', 'num_sites': 12, 'raw_valid_reason': '', 'relaxed_cif_path': 'provenance://mattergen/outputs/dielectric_rl/direct_rl_target12_online/matinvent_style_target12_eval24_topk025_from_loop0020/loop_0009/postprocess/relaxed/relaxed_cifs/gen_32_relaxed.cif', 'relaxation_success': True, 'total_energy': -55.549407958984375, 'composition_valid': True, 'structure_valid': True, 'structure_comp_valid': True, 'reference_name': 'TRI2024', 'is_unique': True, 'is_novel': True, 'stable': True, 'predicted_dielectric_scalar': 10.885131488891636, 'predicted_tensor': '[[11.043100475118885, -0.0006527041338640424, 0.000297221861180392], [-0.0006527041338640424, 10.828588996921042, -0.006616171534055358], [0.000297221861180392, -0.006616171534055358, 10.78370499463499]]', 'volume': 404.0764971445688, 'prediction_success': True, 'target_dielectric_scalar': 12.0, 'abs_error': 1.114868511108364, 'reward_raw': 0.8561013805488931, 'reward_final': 0.856101393699646, 'gate_reason': '', 'reward_final_diversity': 0.856101393699646, 'diversity_penalty': False, 'selection_rank': 5, 'source_loop': 9}",La2(PrTm)5,"('La', 'Pr', 'Tm')",0.856101393699646,9
"{'structure_id': 'gen_14', 'cif_path': 'provenance://mattergen/outputs/dielectric_rl/direct_rl_target12_online/matinvent_style_target12_eval24_topk025_from_loop0020/loop_0008/postprocess/input_cifs/gen_14.cif', 'input_cif_path': 'provenance://mattergen/outputs/dielectric_rl/direct_rl_target12_online/matinvent_style_target12_eval24_topk025_from_loop0020/loop_0008/postprocess/input_cifs/gen_14.cif', 'raw_valid': True, 'formula': 'Nd6 Ho1 Tm5', 'chemical_system': 'Ho-Nd-Tm', 'num_sites': 12, 'raw_valid_reason': '', 'relaxed_cif_path': 'provenance://mattergen/outputs/dielectric_rl/direct_rl_target12_online/matinvent_style_target12_eval24_topk025_from_loop0020/loop_0008/postprocess/relaxed/relaxed_cifs/gen_14_relaxed.cif', 'relaxation_success': True, 'total_energy': -55.01398849487305, 'composition_valid': True, 'structure_valid': True, 'structure_comp_valid': True, 'reference_name': 'TRI2024', 'is_unique': True, 'is_novel': True, 'stable': True, 'predicted_dielectric_scalar': 10.879293249017737, 'predicted_tensor': '[[10.856521147974384, 0.0007947646591845648, -0.031999915827632244], [0.0007947646591845648, 10.885604620715101, -0.0003407450711865924], [-0.031999915827632244, -0.0003407450711865924, 10.895753978363711]]', 'volume': 393.3654918374043, 'prediction_success': True, 'target_dielectric_scalar': 12.0, 'abs_error': 1.1207067509822632, 'reward_raw': 0.854705808644709, 'reward_final': 0.854705810546875, 'gate_reason': '', 'reward_final_diversity': 0.854705810546875, 'diversity_penalty': False, 'selection_rank': 4, 'source_loop': 8}",Nd6HoTm5,"('Ho', 'Nd', 'Tm')",0.854705810546875,8
"{'structure_id': 'gen_38', 'cif_path': 'provenance://mattergen/outputs/dielectric_rl/direct_rl_target12_online/matinvent_style_target12_eval24_topk025_from_loop0020/loop_0005/postprocess/input_cifs/gen_38.cif', 'input_cif_path': 'provenance://mattergen/outputs/dielectric_rl/direct_rl_target12_online/matinvent_style_target12_eval24_topk025_from_loop0020/loop_0005/postprocess/input_cifs/gen_38.cif', 'raw_valid': True, 'formula': 'La6 In1 Ge2', 'chemical_system': 'Ge-In-La', 'num_sites': 9, 'raw_valid_reason': '', 'relaxed_cif_path': 'provenance://mattergen/outputs/dielectric_rl/direct_rl_target12_online/matinvent_style_target12_eval24_topk025_from_loop0020/loop_0005/postprocess/relaxed/relaxed_cifs/gen_38_relaxed.cif', 'relaxation_success': True, 'total_energy': -45.939903259277344, 'composition_valid': True, 'structure_valid': True, 'structure_comp_valid': True, 'reference_name': 'TRI2024', 'is_unique': True, 'is_novel': True, 'stable': True, 'predicted_dielectric_scalar': 13.122694716024888, 'predicted_tensor': '[[12.884428242668202, 0.0008137855813082313, -0.00235161819558159], [0.0008137855813082313, 13.233752999483446, 0.004700421340431163], [-0.00235161819558159, 0.004700421340431163, 13.24990290592301]]', 'volume': 289.12531524183714, 'prediction_success': True, 'target_dielectric_scalar': 12.0, 'abs_error': 1.1226947160248884, 'reward_raw': 0.8542294639170679, 'reward_final': 0.8542294502258301, 'gate_reason': '', 'reward_final_diversity': 0.8542294502258301, 'diversity_penalty': False, 'selection_rank': 4, 'source_loop': 5}",La6InGe2,"('Ge', 'In', 'La')",0.8542294502258301,5
"{'structure_id': 'gen_61', 'cif_path': 'provenance://mattergen/outputs/dielectric_rl/direct_rl_target12_online/matinvent_style_target12_tri_fixed_scaler_gpu/loop_0018/postprocess/input_cifs/gen_61.cif', 'input_cif_path': 'provenance://mattergen/outputs/dielectric_rl/direct_rl_target12_online/matinvent_style_target12_tri_fixed_scaler_gpu/loop_0018/postprocess/input_cifs/gen_61.cif', 'raw_valid': True, 'formula': 'Sr4 In3 Au3', 'chemical_system': 'Au-In-Sr', 'num_sites': 10, 'raw_valid_reason': nan, 'relaxed_cif_path': 'provenance://mattergen/outputs/dielectric_rl/direct_rl_target12_online/matinvent_style_target12_tri_fixed_scaler_gpu/loop_0018/postprocess/relaxed/relaxed_cifs/gen_61_relaxed.cif', 'relaxation_success': True, 'total_energy': -30.84922409057617, 'composition_valid': True, 'structure_valid': True, 'structure_comp_valid': True, 'reference_name': 'TRI2024', 'is_unique': True, 'is_novel': True, 'stable': True, 'predicted_dielectric_scalar': 13.129495070016384, 'predicted_tensor': '[[10.222750244239684, 0.0008433629490740452, -0.0007237473081336157], [0.0008433629490740452, 14.526411211356345, -0.5303201105964885], [-0.0007237473081336157, -0.5303201105964885, 14.63932375445313]]', 'volume': 300.78575228835643, 'prediction_success': True, 'target_dielectric_scalar': 12.0, 'abs_error': 1.1294950700163842, 'reward_raw': 0.8525956393902523, 'reward_final': 0.8525956, 'gate_reason': nan, 'reward_final_diversity': 0.8525956, 'diversity_penalty': False, 'selection_rank': 3, 'source_loop': 18}",Sr4(InAu)3,"('Au', 'In', 'Sr')",0.8525956,18
"{'structure_id': 'gen_62', 'cif_path': 'provenance://mattergen/outputs/dielectric_rl/direct_rl_target12_online/matinvent_style_target12_eval24_topk025_from_loop0020/loop_0002/postprocess/input_cifs/gen_62.cif', 'input_cif_path': 'provenance://mattergen/outputs/dielectric_rl/direct_rl_target12_online/matinvent_style_target12_eval24_topk025_from_loop0020/loop_0002/postprocess/input_cifs/gen_62.cif', 'raw_valid': True, 'formula': 'Ba8 Ir2 Au5', 'chemical_system': 'Au-Ba-Ir', 'num_sites': 15, 'raw_valid_reason': '', 'relaxed_cif_path': 'provenance://mattergen/outputs/dielectric_rl/direct_rl_target12_online/matinvent_style_target12_eval24_topk025_from_loop0020/loop_0002/postprocess/relaxed/relaxed_cifs/gen_62_relaxed.cif', 'relaxation_success': True, 'total_energy': -56.953643798828125, 'composition_valid': True, 'structure_valid': True, 'structure_comp_valid': True, 'reference_name': 'TRI2024', 'is_unique': True, 'is_novel': True, 'stable': True, 'predicted_dielectric_scalar': 10.852274008352126, 'predicted_tensor': '[[10.832543553903104, 0.000540406581254235, 0.00023308322969276029], [0.000540406581254235, 10.832924087699531, 0.000724458144716994], [0.00023308322969276029, 0.000724458144716994, 10.891354383453749]]', 'volume': 518.7163259701446, 'prediction_success': True, 'target_dielectric_scalar': 12.0, 'abs_error': 1.1477259916478744, 'reward_raw': 0.8481825721743187, 'reward_final': 0.8481825590133667, 'gate_reason': '', 'reward_final_diversity': 0.8481825590133667, 'diversity_penalty': False, 'selection_rank': 6, 'source_loop': 2}",Ba8Ir2Au5,"('Au', 'Ba', 'Ir')",0.8481825590133667,2
"{'structure_id': 'gen_25', 'cif_path': 'provenance://mattergen/outputs/dielectric_rl/direct_rl_target12_online/matinvent_style_target12_eval24_topk025_from_loop0020/loop_0008/postprocess/input_cifs/gen_25.cif', 'input_cif_path': 'provenance://mattergen/outputs/dielectric_rl/direct_rl_target12_online/matinvent_style_target12_eval24_topk025_from_loop0020/loop_0008/postprocess/input_cifs/gen_25.cif', 'raw_valid': True, 'formula': 'Tb2 Pr1 Y2', 'chemical_system': 'Pr-Tb-Y', 'num_sites': 5, 'raw_valid_reason': '', 'relaxed_cif_path': 'provenance://mattergen/outputs/dielectric_rl/direct_rl_target12_online/matinvent_style_target12_eval24_topk025_from_loop0020/loop_0008/postprocess/relaxed/relaxed_cifs/gen_25_relaxed.cif', 'relaxation_success': True, 'total_energy': -26.848922729492188, 'composition_valid': True, 'structure_valid': True, 'structure_comp_valid': True, 'reference_name': 'TRI2024', 'is_unique': True, 'is_novel': True, 'stable': True, 'predicted_dielectric_scalar': 13.176702929969784, 'predicted_tensor': '[[13.319376835192289, 5.32282384255256e-05, 0.00023179844131666438], [5.32282384255256e-05, 13.319250683503402, -0.000800898773436146], [0.00023179844131666438, -0.000800898773436146, 12.891481271213658]]', 'volume': 164.98384236470858, 'prediction_success': True, 'target_dielectric_scalar': 12.0, 'abs_error': 1.1767029299697835, 'reward_raw': 0.8410714004273648, 'reward_final': 0.8410714268684387, 'gate_reason': '', 'reward_final_diversity': 0.8410714268684387, 'diversity_penalty': False, 'selection_rank': 5, 'source_loop': 8}",Tb2PrY2,"('Pr', 'Tb', 'Y')",0.8410714268684387,8
"{'structure_id': 'gen_34', 'cif_path': 'provenance://mattergen/outputs/dielectric_rl/direct_rl_target12_online/matinvent_style_target12_eval24_topk025_from_loop0020/loop_0003/postprocess/input_cifs/gen_34.cif', 'input_cif_path': 'provenance://mattergen/outputs/dielectric_rl/direct_rl_target12_online/matinvent_style_target12_eval24_topk025_from_loop0020/loop_0003/postprocess/input_cifs/gen_34.cif', 'raw_valid': True, 'formula': 'Li7 Ag12 Hg1', 'chemical_system': 'Ag-Hg-Li', 'num_sites': 20, 'raw_valid_reason': '', 'relaxed_cif_path': 'provenance://mattergen/outputs/dielectric_rl/direct_rl_target12_online/matinvent_style_target12_eval24_topk025_from_loop0020/loop_0003/postprocess/relaxed/relaxed_cifs/gen_34_relaxed.cif', 'relaxation_success': True, 'total_energy': -50.47652053833008, 'composition_valid': True, 'structure_valid': True, 'structure_comp_valid': True, 'reference_name': 'TRI2024', 'is_unique': True, 'is_novel': True, 'stable': True, 'predicted_dielectric_scalar': 13.195709085691531, 'predicted_tensor': '[[12.937655214399944, 0.23348637403769906, 0.33239108501488634], [0.23348637403769906, 13.609785944192604, 0.18774769656297344], [0.33239108501488634, 0.18774769656297344, 13.039686098482038]]', 'volume': 348.0279287365965, 'prediction_success': True, 'target_dielectric_scalar': 12.0, 'abs_error': 1.1957090856915311, 'reward_raw': 0.8363442007888263, 'reward_final': 0.8363441824913025, 'gate_reason': '', 'reward_final_diversity': 0.8363441824913025, 'diversity_penalty': False, 'selection_rank': 3, 'source_loop': 3}",Li7Ag12Hg,"('Ag', 'Hg', 'Li')",0.8363441824913025,3
"{'structure_id': 'gen_8', 'cif_path': 'provenance://mattergen/outputs/dielectric_rl/direct_rl_target12_online/matinvent_style_target12_tri_fixed_scaler_gpu/loop_0011/postprocess/input_cifs/gen_8.cif', 'input_cif_path': 'provenance://mattergen/outputs/dielectric_rl/direct_rl_target12_online/matinvent_style_target12_tri_fixed_scaler_gpu/loop_0011/postprocess/input_cifs/gen_8.cif', 'raw_valid': True, 'formula': 'Tb2 Er8 Tm2', 'chemical_system': 'Er-Tb-Tm', 'num_sites': 12, 'raw_valid_reason': nan, 'relaxed_cif_path': 'provenance://mattergen/outputs/dielectric_rl/direct_rl_target12_online/matinvent_style_target12_tri_fixed_scaler_gpu/loop_0011/postprocess/relaxed/relaxed_cifs/gen_8_relaxed.cif', 'relaxation_success': True, 'total_energy': -54.540557861328125, 'composition_valid': True, 'structure_valid': True, 'structure_comp_valid': True, 'reference_name': 'TRI2024', 'is_unique': True, 'is_novel': True, 'stable': True, 'predicted_dielectric_scalar': 10.798021775828213, 'predicted_tensor': '[[10.866557670731686, 3.287246190217436e-05, -0.00012662100779609463], [3.287246190217436e-05, 10.78610567180204, -0.0012054337952479525], [-0.00012662100779609463, -0.0012054337952479525, 10.741401984950913]]', 'volume': 369.7292987552552, 'prediction_success': True, 'target_dielectric_scalar': 12.0, 'abs_error': 1.2019782241717871, 'reward_raw': 0.8347742446102653, 'reward_final': 0.83477426, 'gate_reason': nan, 'reward_final_diversity': 0.83477426, 'diversity_penalty': False, 'selection_rank': 2, 'source_loop': 11}",TbEr4Tm,"('Er', 'Tb', 'Tm')",0.83477426,11
"{'structure_id': 'gen_34', 'cif_path': 'provenance://mattergen/outputs/dielectric_rl/direct_rl_target12_online/matinvent_style_target12_tri_fixed_scaler_gpu/loop_0015/postprocess/input_cifs/gen_34.cif', 'input_cif_path': 'provenance://mattergen/outputs/dielectric_rl/direct_rl_target12_online/matinvent_style_target12_tri_fixed_scaler_gpu/loop_0015/postprocess/input_cifs/gen_34.cif', 'raw_valid': True, 'formula': 'Pr4 Dy3 Er1', 'chemical_system': 'Dy-Er-Pr', 'num_sites': 8, 'raw_valid_reason': nan, 'relaxed_cif_path': 'provenance://mattergen/outputs/dielectric_rl/direct_rl_target12_online/matinvent_style_target12_tri_fixed_scaler_gpu/loop_0015/postprocess/relaxed/relaxed_cifs/gen_34_relaxed.cif', 'relaxation_success': True, 'total_energy': -37.29985046386719, 'composition_valid': True, 'structure_valid': True, 'structure_comp_valid': True, 'reference_name': 'TRI2024', 'is_unique': True, 'is_novel': True, 'stable': True, 'predicted_dielectric_scalar': 13.22681284876064, 'predicted_tensor': '[[13.28678034236485, -0.0005982470869298689, -0.00031961411579327717], [-0.0005982470869298689, 13.28715164728245, -0.000127305401220317], [-0.00031961411579327717, -0.000127305401220317, 13.106506556634628]]', 'volume': 269.6563463108687, 'prediction_success': True, 'target_dielectric_scalar': 12.0, 'abs_error': 1.2268128487606391, 'reward_raw': 0.8285039116725601, 'reward_final': 0.8285039, 'gate_reason': nan, 'reward_final_diversity': 0.8285039, 'diversity_penalty': False, 'selection_rank': 4, 'source_loop': 15}",Pr4Dy3Er,"('Dy', 'Er', 'Pr')",0.8285039,15
"{'structure_id': 'gen_41', 'cif_path': 'provenance://mattergen/outputs/dielectric_rl/direct_rl_target12_online/matinvent_style_target12_eval24_topk025_from_loop0020/loop_0004/postprocess/input_cifs/gen_41.cif', 'input_cif_path': 'provenance://mattergen/outputs/dielectric_rl/direct_rl_target12_online/matinvent_style_target12_eval24_topk025_from_loop0020/loop_0004/postprocess/input_cifs/gen_41.cif', 'raw_valid': True, 'formula': 'Cs1 Zn6 Au4', 'chemical_system': 'Au-Cs-Zn', 'num_sites': 11, 'raw_valid_reason': '', 'relaxed_cif_path': 'provenance://mattergen/outputs/dielectric_rl/direct_rl_target12_online/matinvent_style_target12_eval24_topk025_from_loop0020/loop_0004/postprocess/relaxed/relaxed_cifs/gen_41_relaxed.cif', 'relaxation_success': True, 'total_energy': -23.161876678466797, 'composition_valid': True, 'structure_valid': True, 'structure_comp_valid': True, 'reference_name': 'TRI2024', 'is_unique': True, 'is_novel': True, 'stable': True, 'predicted_dielectric_scalar': 10.773008028680358, 'predicted_tensor': '[[10.631020354308879, -0.00044114396502494387, -0.0004822350959598749], [-0.00044114396502494387, 9.275602880060196, 0.7598565160229104], [-0.0004822350959598749, 0.7598565160229104, 12.412400851672002]]', 'volume': 233.31579765997844, 'prediction_success': True, 'target_dielectric_scalar': 12.0, 'abs_error': 1.2269919713196416, 'reward_raw': 0.8284583936961717, 'reward_final': 0.8284583687782288, 'gate_reason': '', 'reward_final_diversity': 0.8284583687782288, 'diversity_penalty': False, 'selection_rank': 3, 'source_loop': 4}",Cs(Zn3Au2)2,"('Au', 'Cs', 'Zn')",0.8284583687782288,4
"{'structure_id': 'gen_29', 'cif_path': 'provenance://mattergen/outputs/dielectric_rl/direct_rl_target12_online/matinvent_style_target12_tri_fixed_scaler_gpu/loop_0016/postprocess/input_cifs/gen_29.cif', 'input_cif_path': 'provenance://mattergen/outputs/dielectric_rl/direct_rl_target12_online/matinvent_style_target12_tri_fixed_scaler_gpu/loop_0016/postprocess/input_cifs/gen_29.cif', 'raw_valid': True, 'formula': 'Ba2 Ca2 Bi2 Pb4', 'chemical_system': 'Ba-Bi-Ca-Pb', 'num_sites': 10, 'raw_valid_reason': nan, 'relaxed_cif_path': 'provenance://mattergen/outputs/dielectric_rl/direct_rl_target12_online/matinvent_style_target12_tri_fixed_scaler_gpu/loop_0016/postprocess/relaxed/relaxed_cifs/gen_29_relaxed.cif', 'relaxation_success': True, 'total_energy': -36.0013313293457, 'composition_valid': True, 'structure_valid': True, 'structure_comp_valid': True, 'reference_name': 'TRI2024', 'is_unique': True, 'is_novel': True, 'stable': True, 'predicted_dielectric_scalar': 13.2279958539815, 'predicted_tensor': '[[14.085759073301345, 1.0293674262040898e-05, -0.0038856720076104988], [1.0293674262040898e-05, 14.192428956777484, 0.00025425166776011846], [-0.0038856720076104988, 0.00025425166776011846, 11.405799531865659]]', 'volume': 377.1838536295741, 'prediction_success': True, 'target_dielectric_scalar': 12.0, 'abs_error': 1.2279958539815006, 'reward_raw': 0.8282032139988298, 'reward_final': 0.8282032, 'gate_reason': nan, 'reward_final_diversity': 0.8282032, 'diversity_penalty': False, 'selection_rank': 2, 'source_loop': 16}",BaCaBiPb2,"('Ba', 'Bi', 'Ca', 'Pb')",0.8282032,16
"{'structure_id': 'gen_54', 'cif_path': 'provenance://mattergen/outputs/dielectric_rl/direct_rl_target12_online/matinvent_style_target12_tri_fixed_scaler_gpu/loop_0007/postprocess/input_cifs/gen_54.cif', 'input_cif_path': 'provenance://mattergen/outputs/dielectric_rl/direct_rl_target12_online/matinvent_style_target12_tri_fixed_scaler_gpu/loop_0007/postprocess/input_cifs/gen_54.cif', 'raw_valid': True, 'formula': 'Na4 Cd2 In2 Bi4', 'chemical_system': 'Bi-Cd-In-Na', 'num_sites': 12, 'raw_valid_reason': nan, 'relaxed_cif_path': 'provenance://mattergen/outputs/dielectric_rl/direct_rl_target12_online/matinvent_style_target12_tri_fixed_scaler_gpu/loop_0007/postprocess/relaxed/relaxed_cifs/gen_54_relaxed.cif', 'relaxation_success': True, 'total_energy': -30.98384094238281, 'composition_valid': True, 'structure_valid': True, 'structure_comp_valid': True, 'reference_name': 'TRI2024', 'is_unique': True, 'is_novel': True, 'stable': True, 'predicted_dielectric_scalar': 13.235247170462308, 'predicted_tensor': '[[14.322351850319313, -0.0009097432869283264, 0.0019437969140059345], [-0.0009097432869283264, 14.008488316172228, 0.002315252752597787], [0.0019437969140059345, 0.002315252752597787, 11.374901344895383]]', 'volume': 373.4080352818992, 'prediction_success': True, 'target_dielectric_scalar': 12.0, 'abs_error': 1.2352471704623085, 'reward_raw': 0.8263561314392709, 'reward_final': 0.8263561, 'gate_reason': nan, 'reward_final_diversity': 0.8263561, 'diversity_penalty': False, 'selection_rank': 3, 'source_loop': 7}",Na2CdInBi2,"('Bi', 'Cd', 'In', 'Na')",0.8263561,7
"{'structure_id': 'gen_29', 'cif_path': 'provenance://mattergen/outputs/dielectric_rl/direct_rl_target12_online/matinvent_style_target12_tri_fixed_scaler_gpu/loop_0005/postprocess/input_cifs/gen_29.cif', 'input_cif_path': 'provenance://mattergen/outputs/dielectric_rl/direct_rl_target12_online/matinvent_style_target12_tri_fixed_scaler_gpu/loop_0005/postprocess/input_cifs/gen_29.cif', 'raw_valid': True, 'formula': 'Li1 Nd2 Ga8', 'chemical_system': 'Ga-Li-Nd', 'num_sites': 11, 'raw_valid_reason': nan, 'relaxed_cif_path': 'provenance://mattergen/outputs/dielectric_rl/direct_rl_target12_online/matinvent_style_target12_tri_fixed_scaler_gpu/loop_0005/postprocess/relaxed/relaxed_cifs/gen_29_relaxed.cif', 'relaxation_success': True, 'total_energy': -40.22405624389648, 'composition_valid': True, 'structure_valid': True, 'structure_comp_valid': True, 'reference_name': 'TRI2024', 'is_unique': True, 'is_novel': True, 'stable': True, 'predicted_dielectric_scalar': 13.24673620268794, 'predicted_tensor': '[[13.13672622989621, -1.2742985890087155e-05, -0.0004164993124260027], [-1.2742985890087155e-05, 13.13705461773385, 4.6163928687098135e-05], [-0.0004164993124260027, 4.6163928687098135e-05, 13.466427760433776]]', 'volume': 223.85796629758144, 'prediction_success': True, 'target_dielectric_scalar': 12.0, 'abs_error': 1.2467362026879396, 'reward_raw': 0.823415870990124, 'reward_final': 0.8234159, 'gate_reason': nan, 'reward_final_diversity': 0.8234159, 'diversity_penalty': False, 'selection_rank': 5, 'source_loop': 5}",Li(NdGa4)2,"('Ga', 'Li', 'Nd')",0.8234159,5
"{'structure_id': 'gen_49', 'cif_path': 'provenance://mattergen/outputs/dielectric_rl/direct_rl_target12_online/matinvent_style_target12_eval24_topk025_from_loop0020/loop_0009/postprocess/input_cifs/gen_49.cif', 'input_cif_path': 'provenance://mattergen/outputs/dielectric_rl/direct_rl_target12_online/matinvent_style_target12_eval24_topk025_from_loop0020/loop_0009/postprocess/input_cifs/gen_49.cif', 'raw_valid': True, 'formula': 'Sr4 Zn2 Ni2 Ge4', 'chemical_system': 'Ge-Ni-Sr-Zn', 'num_sites': 12, 'raw_valid_reason': '', 'relaxed_cif_path': 'provenance://mattergen/outputs/dielectric_rl/direct_rl_target12_online/matinvent_style_target12_eval24_topk025_from_loop0020/loop_0009/postprocess/relaxed/relaxed_cifs/gen_49_relaxed.cif', 'relaxation_success': True, 'total_energy': -44.5054817199707, 'composition_valid': True, 'structure_valid': True, 'structure_comp_valid': True, 'reference_name': 'TRI2024', 'is_unique': True, 'is_novel': True, 'stable': True, 'predicted_dielectric_scalar': 13.247850441907062, 'predicted_tensor': '[[15.362513969645638, -0.004904223622869588, -0.003948089327571919], [-0.004904223622869588, 14.799370304956263, 0.009524057822254862], [-0.003948089327571919, 0.009524057822254862, 9.581667051119284]]', 'volume': 277.2918478638011, 'prediction_success': True, 'target_dielectric_scalar': 12.0, 'abs_error': 1.2478504419070617, 'reward_raw': 0.8231298283120096, 'reward_final': 0.8231298327445984, 'gate_reason': '', 'reward_final_diversity': 0.8231298327445984, 'diversity_penalty': False, 'selection_rank': 6, 'source_loop': 9}",Sr2ZnNiGe2,"('Ge', 'Ni', 'Sr', 'Zn')",0.8231298327445984,9
"{'structure_id': 'gen_40', 'cif_path': 'provenance://mattergen/outputs/dielectric_rl/direct_rl_target12_online/matinvent_style_target12_tri_fixed_scaler_gpu/loop_0003/postprocess/input_cifs/gen_40.cif', 'input_cif_path': 'provenance://mattergen/outputs/dielectric_rl/direct_rl_target12_online/matinvent_style_target12_tri_fixed_scaler_gpu/loop_0003/postprocess/input_cifs/gen_40.cif', 'raw_valid': True, 'formula': 'Na2 Ag1 Rh1 N1', 'chemical_system': 'Ag-N-Na-Rh', 'num_sites': 5, 'raw_valid_reason': nan, 'relaxed_cif_path': 'provenance://mattergen/outputs/dielectric_rl/direct_rl_target12_online/matinvent_style_target12_tri_fixed_scaler_gpu/loop_0003/postprocess/relaxed/relaxed_cifs/gen_40_relaxed.cif', 'relaxation_success': True, 'total_energy': -21.137001037597656, 'composition_valid': True, 'structure_valid': True, 'structure_comp_valid': True, 'reference_name': 'TRI2024', 'is_unique': True, 'is_novel': True, 'stable': True, 'predicted_dielectric_scalar': 10.732523639535083, 'predicted_tensor': '[[14.489668929781393, 3.745613550608132e-06, 2.332562327360059e-05], [3.745613550608132e-06, 8.853957698898418, -1.89207745385063e-05], [2.332562327360059e-05, -1.89207745385063e-05, 8.853944289925439]]', 'volume': 98.32237132163884, 'prediction_success': True, 'target_dielectric_scalar': 12.0, 'abs_error': 1.2674763604649169, 'reward_raw': 0.8180661803798638, 'reward_final': 0.8180662, 'gate_reason': nan, 'reward_final_diversity': 0.8180662, 'diversity_penalty': False, 'selection_rank': 1, 'source_loop': 3}",Na2AgRhN,"('Ag', 'N', 'Na', 'Rh')",0.8180662,3
"{'structure_id': 'gen_47', 'cif_path': 'provenance://mattergen/outputs/dielectric_rl/direct_rl_target12_online/matinvent_style_target12_tri_fixed_scaler_gpu/loop_0000/postprocess/input_cifs/gen_47.cif', 'input_cif_path': 'provenance://mattergen/outputs/dielectric_rl/direct_rl_target12_online/matinvent_style_target12_tri_fixed_scaler_gpu/loop_0000/postprocess/input_cifs/gen_47.cif', 'raw_valid': True, 'formula': 'Tb8 Tl1', 'chemical_system': 'Tb-Tl', 'num_sites': 9, 'raw_valid_reason': nan, 'relaxed_cif_path': 'provenance://mattergen/outputs/dielectric_rl/direct_rl_target12_online/matinvent_style_target12_tri_fixed_scaler_gpu/loop_0000/postprocess/relaxed/relaxed_cifs/gen_47_relaxed.cif', 'relaxation_success': True, 'total_energy': -39.74391174316406, 'composition_valid': True, 'structure_valid': True, 'structure_comp_valid': True, 'reference_name': 'TRI2024', 'is_unique': True, 'is_novel': True, 'stable': True, 'predicted_dielectric_scalar': 13.268760961871967, 'predicted_tensor': '[[13.603074842745993, -1.2160859004525076e-05, -6.821837329100809e-05], [-1.2160859004525076e-05, 13.100654617860867, -0.000606090992590018], [-6.821837329100809e-05, -0.000606090992590018, 13.102553425009042]]', 'volume': 282.2088925698801, 'prediction_success': True, 'target_dielectric_scalar': 12.0, 'abs_error': 1.2687609618719673, 'reward_raw': 0.8177330852348219, 'reward_final': 0.8177331, 'gate_reason': nan, 'reward_final_diversity': 0.8177331, 'diversity_penalty': False, 'selection_rank': 2, 'source_loop': 0}",Tb8Tl,"('Tb', 'Tl')",0.8177331,0
"{'structure_id': 'gen_10', 'cif_path': 'provenance://mattergen/outputs/dielectric_rl/direct_rl_target12_online/matinvent_style_target12_tri_fixed_scaler_gpu/loop_0015/postprocess/input_cifs/gen_10.cif', 'input_cif_path': 'provenance://mattergen/outputs/dielectric_rl/direct_rl_target12_online/matinvent_style_target12_tri_fixed_scaler_gpu/loop_0015/postprocess/input_cifs/gen_10.cif', 'raw_valid': True, 'formula': 'Er4 Ga3 Sn1', 'chemical_system': 'Er-Ga-Sn', 'num_sites': 8, 'raw_valid_reason': nan, 'relaxed_cif_path': 'provenance://mattergen/outputs/dielectric_rl/direct_rl_target12_online/matinvent_style_target12_tri_fixed_scaler_gpu/loop_0015/postprocess/relaxed/relaxed_cifs/gen_10_relaxed.cif', 'relaxation_success': True, 'total_energy': -36.34180068969727, 'composition_valid': True, 'structure_valid': True, 'structure_comp_valid': True, 'reference_name': 'TRI2024', 'is_unique': True, 'is_novel': True, 'stable': True, 'predicted_dielectric_scalar': 13.271293050412728, 'predicted_tensor': '[[12.49236009633418, -4.394762218864114e-06, 0.0011284204716630417], [-4.394762218864114e-06, 16.062732536724447, 0.0014096896825299492], [0.0011284204716630417, 0.0014096896825299492, 11.25878651817955]]', 'volume': 193.86304189750348, 'prediction_success': True, 'target_dielectric_scalar': 12.0, 'abs_error': 1.2712930504127282, 'reward_raw': 0.8170759286604868, 'reward_final': 0.8170759, 'gate_reason': nan, 'reward_final_diversity': 0.8170759, 'diversity_penalty': False, 'selection_rank': 5, 'source_loop': 15}",Er4Ga3Sn,"('Er', 'Ga', 'Sn')",0.8170759,15
"{'structure_id': 'gen_56', 'cif_path': 'provenance://mattergen/outputs/dielectric_rl/direct_rl_target12_online/matinvent_style_target12_eval24_topk025_from_loop0020/loop_0004/postprocess/input_cifs/gen_56.cif', 'input_cif_path': 'provenance://mattergen/outputs/dielectric_rl/direct_rl_target12_online/matinvent_style_target12_eval24_topk025_from_loop0020/loop_0004/postprocess/input_cifs/gen_56.cif', 'raw_valid': True, 'formula': 'K2 Cd1 In2 Ag5', 'chemical_system': 'Ag-Cd-In-K', 'num_sites': 10, 'raw_valid_reason': '', 'relaxed_cif_path': 'provenance://mattergen/outputs/dielectric_rl/direct_rl_target12_online/matinvent_style_target12_eval24_topk025_from_loop0020/loop_0004/postprocess/relaxed/relaxed_cifs/gen_56_relaxed.cif', 'relaxation_success': True, 'total_energy': -23.224136352539062, 'composition_valid': True, 'structure_valid': True, 'structure_comp_valid': True, 'reference_name': 'TRI2024', 'is_unique': True, 'is_novel': True, 'stable': True, 'predicted_dielectric_scalar': 10.716140959105038, 'predicted_tensor': '[[12.210536548186441, 0.001311766188020933, 0.0039808373117958115], [0.001311766188020933, 8.857146297418502, 0.5454724260946823], [0.0039808373117958115, 0.5454724260946823, 11.080740031710176]]', 'volume': 249.60895865862437, 'prediction_success': True, 'target_dielectric_scalar': 12.0, 'abs_error': 1.2838590408949617, 'reward_raw': 0.8138031647145078, 'reward_final': 0.8138031363487244, 'gate_reason': '', 'reward_final_diversity': 0.8138031363487244, 'diversity_penalty': False, 'selection_rank': 4, 'source_loop': 4}",K2CdIn2Ag5,"('Ag', 'Cd', 'In', 'K')",0.8138031363487244,4
"{'structure_id': 'gen_55', 'cif_path': 'provenance://mattergen/outputs/dielectric_rl/direct_rl_target12_online/matinvent_style_target12_tri_fixed_scaler_gpu/loop_0016/postprocess/input_cifs/gen_55.cif', 'input_cif_path': 'provenance://mattergen/outputs/dielectric_rl/direct_rl_target12_online/matinvent_style_target12_tri_fixed_scaler_gpu/loop_0016/postprocess/input_cifs/gen_55.cif', 'raw_valid': True, 'formula': 'Li1 Zn1 Hg8', 'chemical_system': 'Hg-Li-Zn', 'num_sites': 10, 'raw_valid_reason': nan, 'relaxed_cif_path': 'provenance://mattergen/outputs/dielectric_rl/direct_rl_target12_online/matinvent_style_target12_tri_fixed_scaler_gpu/loop_0016/postprocess/relaxed/relaxed_cifs/gen_55_relaxed.cif', 'relaxation_success': True, 'total_energy': -6.009528636932373, 'composition_valid': True, 'structure_valid': True, 'structure_comp_valid': True, 'reference_name': 'TRI2024', 'is_unique': True, 'is_novel': True, 'stable': True, 'predicted_dielectric_scalar': 10.70546691614532, 'predicted_tensor': '[[10.670927163671761, 0.37733379642741327, 0.30968329041376647], [0.37733379642741327, 10.77198671690546, -0.21507648050382697], [0.30968329041376647, -0.21507648050382697, 10.673486867858733]]', 'volume': 253.6732834439005, 'prediction_success': True, 'target_dielectric_scalar': 12.0, 'abs_error': 1.2945330838546791, 'reward_raw': 0.8110083020203331, 'reward_final': 0.8110083, 'gate_reason': nan, 'reward_final_diversity': 0.8110083, 'diversity_penalty': False, 'selection_rank': 3, 'source_loop': 16}",LiZnHg8,"('Hg', 'Li', 'Zn')",0.8110083,16
"{'structure_id': 'gen_3', 'cif_path': 'provenance://mattergen/outputs/dielectric_rl/direct_rl_target12_online/matinvent_style_target12_tri_fixed_scaler_gpu/loop_0010/postprocess/input_cifs/gen_3.cif', 'input_cif_path': 'provenance://mattergen/outputs/dielectric_rl/direct_rl_target12_online/matinvent_style_target12_tri_fixed_scaler_gpu/loop_0010/postprocess/input_cifs/gen_3.cif', 'raw_valid': True, 'formula': 'Pr2 Nd4 Sb2', 'chemical_system': 'Nd-Pr-Sb', 'num_sites': 8, 'raw_valid_reason': nan, 'relaxed_cif_path': 'provenance://mattergen/outputs/dielectric_rl/direct_rl_target12_online/matinvent_style_target12_tri_fixed_scaler_gpu/loop_0010/postprocess/relaxed/relaxed_cifs/gen_3_relaxed.cif', 'relaxation_success': True, 'total_energy': -41.520301818847656, 'composition_valid': True, 'structure_valid': True, 'structure_comp_valid': True, 'reference_name': 'TRI2024', 'is_unique': True, 'is_novel': True, 'stable': True, 'predicted_dielectric_scalar': 13.311783641777774, 'predicted_tensor': '[[13.88843188705875, 0.0009586803993070134, 0.0004991004263404359], [0.0009586803993070134, 13.030199906422963, -0.00041768464622302445], [0.0004991004263404359, -0.00041768464622302445, 13.016719131851609]]', 'volume': 269.2822484913432, 'prediction_success': True, 'target_dielectric_scalar': 12.0, 'abs_error': 1.3117836417777742, 'reward_raw': 0.8064631769074865, 'reward_final': 0.8064632, 'gate_reason': nan, 'reward_final_diversity': 0.8064632, 'diversity_penalty': False, 'selection_rank': 5, 'source_loop': 10}",PrNd2Sb,"('Nd', 'Pr', 'Sb')",0.8064632,10
