record,comp,ele_comb,reward
"{'structure_id': 'gen_1', 'cif_path': 'provenance://mattergen/outputs/dielectric_rl/direct_rl_target12_online/matinvent_style_target12_tri_fixed_scaler_gpu/loop_0005/postprocess/input_cifs/gen_1.cif', 'input_cif_path': 'provenance://mattergen/outputs/dielectric_rl/direct_rl_target12_online/matinvent_style_target12_tri_fixed_scaler_gpu/loop_0005/postprocess/input_cifs/gen_1.cif', 'raw_valid': True, 'formula': 'Ce1 Y2 Tm3 P6', 'chemical_system': 'Ce-P-Tm-Y', 'num_sites': 12, 'raw_valid_reason': '', 'relaxed_cif_path': 'provenance://mattergen/outputs/dielectric_rl/direct_rl_target12_online/matinvent_style_target12_tri_fixed_scaler_gpu/loop_0005/postprocess/relaxed/relaxed_cifs/gen_1_relaxed.cif', 'relaxation_success': True, 'total_energy': -83.85751342773438, 'composition_valid': True, 'structure_valid': True, 'structure_comp_valid': True, 'reference_name': 'TRI2024', 'is_unique': True, 'is_novel': True, 'stable': True, 'predicted_dielectric_scalar': 12.012661357860182, 'predicted_tensor': '[[12.22907894566111, -0.0003876675784167661, 0.006509584594548917], [-0.0003876675784167661, 12.228411067518106, 0.010829621792314809], [0.006509584594548917, 0.010829621792314809, 11.58049406040133]]', 'volume': 271.676302760098, 'prediction_success': True, 'target_dielectric_scalar': 12.0, 'abs_error': 0.012661357860181965, 'reward_raw': 0.9999799614529165, 'reward_final': 0.9999799728393555, 'gate_reason': '', 'reward_final_diversity': 0.9999799728393555, 'diversity_penalty': False, 'selection_rank': 1}",CeY2(TmP2)3,"('Ce', 'P', 'Tm', 'Y')",0.9999799728393556
"{'structure_id': 'gen_17', 'cif_path': 'provenance://mattergen/outputs/dielectric_rl/direct_rl_target12_online/matinvent_style_target12_tri_fixed_scaler_gpu/loop_0021/postprocess/input_cifs/gen_17.cif', 'input_cif_path': 'provenance://mattergen/outputs/dielectric_rl/direct_rl_target12_online/matinvent_style_target12_tri_fixed_scaler_gpu/loop_0021/postprocess/input_cifs/gen_17.cif', 'raw_valid': True, 'formula': 'Tb6 Te2 As2 Se2', 'chemical_system': 'As-Se-Tb-Te', 'num_sites': 12, 'raw_valid_reason': '', 'relaxed_cif_path': 'provenance://mattergen/outputs/dielectric_rl/direct_rl_target12_online/matinvent_style_target12_tri_fixed_scaler_gpu/loop_0021/postprocess/relaxed/relaxed_cifs/gen_17_relaxed.cif', 'relaxation_success': True, 'total_energy': -69.18576049804688, 'composition_valid': True, 'structure_valid': True, 'structure_comp_valid': True, 'reference_name': 'TRI2024', 'is_unique': True, 'is_novel': True, 'stable': True, 'predicted_dielectric_scalar': 12.016113017485578, 'predicted_tensor': '[[12.052856939825656, -0.0006367629824323418, 0.0003125206682435389], [-0.0006367629824323418, 11.999027418666083, -0.11352318875312557], [0.0003125206682435389, -0.11352318875312557, 11.996454693964996]]', 'volume': 318.4190638453024, 'prediction_success': True, 'target_dielectric_scalar': 12.0, 'abs_error': 0.01611301748557814, 'reward_raw': 0.9999675468600532, 'reward_final': 0.9999675750732422, 'gate_reason': '', 'reward_final_diversity': 0.9999675750732422, 'diversity_penalty': False, 'selection_rank': 1}",Tb3TeAsSe,"('As', 'Se', 'Tb', 'Te')",0.9999675750732422
"{'structure_id': 'gen_36', 'cif_path': 'provenance://mattergen/outputs/dielectric_rl/direct_rl_target12_online/matinvent_style_target12_tri_fixed_scaler_gpu/loop_0019/postprocess/input_cifs/gen_36.cif', 'input_cif_path': 'provenance://mattergen/outputs/dielectric_rl/direct_rl_target12_online/matinvent_style_target12_tri_fixed_scaler_gpu/loop_0019/postprocess/input_cifs/gen_36.cif', 'raw_valid': True, 'formula': 'Tb5 Pr3 Tm1', 'chemical_system': 'Pr-Tb-Tm', 'num_sites': 9, 'raw_valid_reason': '', 'relaxed_cif_path': 'provenance://mattergen/outputs/dielectric_rl/direct_rl_target12_online/matinvent_style_target12_tri_fixed_scaler_gpu/loop_0019/postprocess/relaxed/relaxed_cifs/gen_36_relaxed.cif', 'relaxation_success': True, 'total_energy': -41.766326904296875, 'composition_valid': True, 'structure_valid': True, 'structure_comp_valid': True, 'reference_name': 'TRI2024', 'is_unique': True, 'is_novel': True, 'stable': True, 'predicted_dielectric_scalar': 12.051220078548107, 'predicted_tensor': '[[12.097253289969379, -0.0005514516478141746, -0.00034240759387106016], [-0.0005514516478141746, 12.026303735434846, -0.02670956364606649], [-0.00034240759387106016, -0.02670956364606649, 12.03010321024009]]', 'volume': 299.1891821343943, 'prediction_success': True, 'target_dielectric_scalar': 12.0, 'abs_error': 0.051220078548107395, 'reward_raw': 0.9996721167096696, 'reward_final': 0.9996721148490906, 'gate_reason': '', 'reward_final_diversity': 0.9996721148490906, 'diversity_penalty': False, 'selection_rank': 1}",Tb5Pr3Tm,"('Pr', 'Tb', 'Tm')",0.9996721148490906
"{'structure_id': 'gen_43', 'cif_path': 'provenance://mattergen/outputs/dielectric_rl/direct_rl_target12_online/matinvent_style_target12_tri_fixed_scaler_gpu/loop_0022/postprocess/input_cifs/gen_43.cif', 'input_cif_path': 'provenance://mattergen/outputs/dielectric_rl/direct_rl_target12_online/matinvent_style_target12_tri_fixed_scaler_gpu/loop_0022/postprocess/input_cifs/gen_43.cif', 'raw_valid': True, 'formula': 'La2 Tb4 Nd4 Dy2', 'chemical_system': 'Dy-La-Nd-Tb', 'num_sites': 12, 'raw_valid_reason': '', 'relaxed_cif_path': 'provenance://mattergen/outputs/dielectric_rl/direct_rl_target12_online/matinvent_style_target12_tri_fixed_scaler_gpu/loop_0022/postprocess/relaxed/relaxed_cifs/gen_43_relaxed.cif', 'relaxation_success': True, 'total_energy': -56.32792663574219, 'composition_valid': True, 'structure_valid': True, 'structure_comp_valid': True, 'reference_name': 'TRI2024', 'is_unique': True, 'is_novel': True, 'stable': True, 'predicted_dielectric_scalar': 12.051852032338015, 'predicted_tensor': '[[12.080794996476627, 0.0006666367595347394, 0.00045567997121699806], [0.0006666367595347394, 12.043320297345279, 0.03338105644206228], [0.00045567997121699806, 0.03338105644206228, 12.031440803192144]]', 'volume': 405.8328158846931, 'prediction_success': True, 'target_dielectric_scalar': 12.0, 'abs_error': 0.051852032338015164, 'reward_raw': 0.999663977311076, 'reward_final': 0.9996639490127563, 'gate_reason': '', 'reward_final_diversity': 0.9996639490127563, 'diversity_penalty': False, 'selection_rank': 1}",LaTb2Nd2Dy,"('Dy', 'La', 'Nd', 'Tb')",0.9996639490127563
"{'structure_id': 'gen_26', 'cif_path': 'provenance://mattergen/outputs/dielectric_rl/direct_rl_target12_online/matinvent_style_target12_tri_fixed_scaler_gpu/loop_0015/postprocess/input_cifs/gen_26.cif', 'input_cif_path': 'provenance://mattergen/outputs/dielectric_rl/direct_rl_target12_online/matinvent_style_target12_tri_fixed_scaler_gpu/loop_0015/postprocess/input_cifs/gen_26.cif', 'raw_valid': True, 'formula': 'Li2 Ho2 Cu2', 'chemical_system': 'Cu-Ho-Li', 'num_sites': 6, 'raw_valid_reason': '', 'relaxed_cif_path': 'provenance://mattergen/outputs/dielectric_rl/direct_rl_target12_online/matinvent_style_target12_tri_fixed_scaler_gpu/loop_0015/postprocess/relaxed/relaxed_cifs/gen_26_relaxed.cif', 'relaxation_success': True, 'total_energy': -22.039405822753906, 'composition_valid': True, 'structure_valid': True, 'structure_comp_valid': True, 'reference_name': 'TRI2024', 'is_unique': True, 'is_novel': True, 'stable': True, 'predicted_dielectric_scalar': 11.946850843662125, 'predicted_tensor': '[[12.586870375447647, 0.0059048497383809555, 0.002361309655027174], [0.0059048497383809555, 11.51078548151554, 0.4497147602868634], [0.002361309655027174, 0.4497147602868634, 11.74289667402318]]', 'volume': 119.76191250313458, 'prediction_success': True, 'target_dielectric_scalar': 12.0, 'abs_error': 0.053149156337875425, 'reward_raw': 0.9996469582314881, 'reward_final': 0.9996469616889954, 'gate_reason': '', 'reward_final_diversity': 0.9996469616889954, 'diversity_penalty': False, 'selection_rank': 1}",LiHoCu,"('Cu', 'Ho', 'Li')",0.9996469616889954
"{'structure_id': 'gen_61', 'cif_path': 'provenance://mattergen/outputs/dielectric_rl/direct_rl_target12_online/matinvent_style_target12_tri_fixed_scaler_gpu/loop_0020/postprocess/input_cifs/gen_61.cif', 'input_cif_path': 'provenance://mattergen/outputs/dielectric_rl/direct_rl_target12_online/matinvent_style_target12_tri_fixed_scaler_gpu/loop_0020/postprocess/input_cifs/gen_61.cif', 'raw_valid': True, 'formula': 'La2 Tb5 Mg1', 'chemical_system': 'La-Mg-Tb', 'num_sites': 8, 'raw_valid_reason': '', 'relaxed_cif_path': 'provenance://mattergen/outputs/dielectric_rl/direct_rl_target12_online/matinvent_style_target12_tri_fixed_scaler_gpu/loop_0020/postprocess/relaxed/relaxed_cifs/gen_61_relaxed.cif', 'relaxation_success': True, 'total_energy': -34.422035217285156, 'composition_valid': True, 'structure_valid': True, 'structure_comp_valid': True, 'reference_name': 'TRI2024', 'is_unique': True, 'is_novel': True, 'stable': True, 'predicted_dielectric_scalar': 12.059366013889909, 'predicted_tensor': '[[12.08431127723355, -0.0007622644751637852, 1.2950110479454569e-05], [-0.0007622644751637852, 12.084284960979321, -3.290033779205606e-05], [1.2950110479454569e-05, -3.290033779205606e-05, 12.009501803456857]]', 'volume': 257.28061129156265, 'prediction_success': True, 'target_dielectric_scalar': 12.0, 'abs_error': 0.059366013889908587, 'reward_raw': 0.9995595565730491, 'reward_final': 0.9995595812797546, 'gate_reason': '', 'reward_final_diversity': 0.9995595812797546, 'diversity_penalty': False, 'selection_rank': 1}",La2Tb5Mg,"('La', 'Mg', 'Tb')",0.9995595812797546
"{'structure_id': 'gen_20', 'cif_path': 'provenance://mattergen/outputs/dielectric_rl/direct_rl_target12_online/matinvent_style_target12_tri_fixed_scaler_gpu/loop_0011/postprocess/input_cifs/gen_20.cif', 'input_cif_path': 'provenance://mattergen/outputs/dielectric_rl/direct_rl_target12_online/matinvent_style_target12_tri_fixed_scaler_gpu/loop_0011/postprocess/input_cifs/gen_20.cif', 'raw_valid': True, 'formula': 'Tb6 Mg1 Sc1', 'chemical_system': 'Mg-Sc-Tb', 'num_sites': 8, 'raw_valid_reason': '', 'relaxed_cif_path': 'provenance://mattergen/outputs/dielectric_rl/direct_rl_target12_online/matinvent_style_target12_tri_fixed_scaler_gpu/loop_0011/postprocess/relaxed/relaxed_cifs/gen_20_relaxed.cif', 'relaxation_success': True, 'total_energy': -35.610843658447266, 'composition_valid': True, 'structure_valid': True, 'structure_comp_valid': True, 'reference_name': 'TRI2024', 'is_unique': True, 'is_novel': True, 'stable': True, 'predicted_dielectric_scalar': 12.061146953681936, 'predicted_tensor': '[[12.055508295478477, 0.05074264861595956, -0.010685728401119816], [0.05074264861595956, 12.110262222006696, 0.0062418847938178175], [-0.010685728401119816, 0.0062418847938178175, 12.017670343560637]]', 'volume': 239.13230718044343, 'prediction_success': True, 'target_dielectric_scalar': 12.0, 'abs_error': 0.06114695368193601, 'reward_raw': 0.9995327404566855, 'reward_final': 0.9995327591896057, 'gate_reason': '', 'reward_final_diversity': 0.9995327591896057, 'diversity_penalty': False, 'selection_rank': 1}",Tb6MgSc,"('Mg', 'Sc', 'Tb')",0.9995327591896056
"{'structure_id': 'gen_2', 'cif_path': 'provenance://mattergen/outputs/dielectric_rl/direct_rl_target12_online/matinvent_style_target12_tri_fixed_scaler_gpu/loop_0008/postprocess/input_cifs/gen_2.cif', 'input_cif_path': 'provenance://mattergen/outputs/dielectric_rl/direct_rl_target12_online/matinvent_style_target12_tri_fixed_scaler_gpu/loop_0008/postprocess/input_cifs/gen_2.cif', 'raw_valid': True, 'formula': 'Ca8 Ag1 Sb5', 'chemical_system': 'Ag-Ca-Sb', 'num_sites': 14, 'raw_valid_reason': '', 'relaxed_cif_path': 'provenance://mattergen/outputs/dielectric_rl/direct_rl_target12_online/matinvent_style_target12_tri_fixed_scaler_gpu/loop_0008/postprocess/relaxed/relaxed_cifs/gen_2_relaxed.cif', 'relaxation_success': True, 'total_energy': -52.53476333618164, 'composition_valid': True, 'structure_valid': True, 'structure_comp_valid': True, 'reference_name': 'TRI2024', 'is_unique': True, 'is_novel': True, 'stable': True, 'predicted_dielectric_scalar': 12.078729504586262, 'predicted_tensor': '[[12.080607621785184, -0.0667417936358694, -0.11839707412684403], [-0.0667417936358694, 12.029527268736002, 0.0834887715111063], [-0.11839707412684403, 0.0834887715111063, 12.126053623237606]]', 'volume': 427.1057863462406, 'prediction_success': True, 'target_dielectric_scalar': 12.0, 'abs_error': 0.07872950458626171, 'reward_raw': 0.9992255082121614, 'reward_final': 0.9992254972457886, 'gate_reason': '', 'reward_final_diversity': 0.9992254972457886, 'diversity_penalty': False, 'selection_rank': 1}",Ca8AgSb5,"('Ag', 'Ca', 'Sb')",0.9992254972457886
"{'structure_id': 'gen_45', 'cif_path': 'provenance://mattergen/outputs/dielectric_rl/direct_rl_target12_online/matinvent_style_target12_tri_fixed_scaler_gpu/loop_0002/postprocess/input_cifs/gen_45.cif', 'input_cif_path': 'provenance://mattergen/outputs/dielectric_rl/direct_rl_target12_online/matinvent_style_target12_tri_fixed_scaler_gpu/loop_0002/postprocess/input_cifs/gen_45.cif', 'raw_valid': True, 'formula': 'Na1 Sr1 Hg1 Au2', 'chemical_system': 'Au-Hg-Na-Sr', 'num_sites': 5, 'raw_valid_reason': '', 'relaxed_cif_path': 'provenance://mattergen/outputs/dielectric_rl/direct_rl_target12_online/matinvent_style_target12_tri_fixed_scaler_gpu/loop_0002/postprocess/relaxed/relaxed_cifs/gen_45_relaxed.cif', 'relaxation_success': True, 'total_energy': -12.46815299987793, 'composition_valid': True, 'structure_valid': True, 'structure_comp_valid': True, 'reference_name': 'TRI2024', 'is_unique': True, 'is_novel': True, 'stable': True, 'predicted_dielectric_scalar': 12.107249927061387, 'predicted_tensor': '[[10.167322112607089, -2.0334657854499288e-05, 0.003756366938864168], [-2.0334657854499288e-05, 10.154241037638268, 0.0018535753486318076], [0.003756366938864168, 0.0018535753486318076, 16.000186630938806]]', 'volume': 131.2312067372903, 'prediction_success': True, 'target_dielectric_scalar': 12.0, 'abs_error': 0.10724992706138714, 'reward_raw': 0.9985632148087521, 'reward_final': 0.9985632300376892, 'gate_reason': '', 'reward_final_diversity': 0.9985632300376892, 'diversity_penalty': False, 'selection_rank': 1}",NaSrHgAu2,"('Au', 'Hg', 'Na', 'Sr')",0.9985632300376892
"{'structure_id': 'gen_15', 'cif_path': 'provenance://mattergen/outputs/dielectric_rl/direct_rl_target12_online/matinvent_style_target12_tri_fixed_scaler_gpu/loop_0020/postprocess/input_cifs/gen_15.cif', 'input_cif_path': 'provenance://mattergen/outputs/dielectric_rl/direct_rl_target12_online/matinvent_style_target12_tri_fixed_scaler_gpu/loop_0020/postprocess/input_cifs/gen_15.cif', 'raw_valid': True, 'formula': 'Li6 Ag6 Sn1 Ge2', 'chemical_system': 'Ag-Ge-Li-Sn', 'num_sites': 15, 'raw_valid_reason': '', 'relaxed_cif_path': 'provenance://mattergen/outputs/dielectric_rl/direct_rl_target12_online/matinvent_style_target12_tri_fixed_scaler_gpu/loop_0020/postprocess/relaxed/relaxed_cifs/gen_15_relaxed.cif', 'relaxation_success': True, 'total_energy': -44.50577163696289, 'composition_valid': True, 'structure_valid': True, 'structure_comp_valid': True, 'reference_name': 'TRI2024', 'is_unique': True, 'is_novel': True, 'stable': True, 'predicted_dielectric_scalar': 12.11632831111806, 'predicted_tensor': '[[12.408960344302038, -0.08005317155281608, 0.7633077719138485], [-0.08005317155281608, 11.452878279955076, 0.34821684353980725], [0.7633077719138485, 0.34821684353980725, 12.48714630909706]]', 'volume': 266.7846236902621, 'prediction_success': True, 'target_dielectric_scalar': 12.0, 'abs_error': 0.11632831111806041, 'reward_raw': 0.9983098953422075, 'reward_final': 0.9983099102973938, 'gate_reason': '', 'reward_final_diversity': 0.9983099102973938, 'diversity_penalty': False, 'selection_rank': 2}",Li6Ag6SnGe2,"('Ag', 'Ge', 'Li', 'Sn')",0.9983099102973938
"{'structure_id': 'gen_25', 'cif_path': 'provenance://mattergen/outputs/dielectric_rl/direct_rl_target12_online/matinvent_style_target12_tri_fixed_scaler_gpu/loop_0022/postprocess/input_cifs/gen_25.cif', 'input_cif_path': 'provenance://mattergen/outputs/dielectric_rl/direct_rl_target12_online/matinvent_style_target12_tri_fixed_scaler_gpu/loop_0022/postprocess/input_cifs/gen_25.cif', 'raw_valid': True, 'formula': 'Ho5 Tm5 Sc2', 'chemical_system': 'Ho-Sc-Tm', 'num_sites': 12, 'raw_valid_reason': '', 'relaxed_cif_path': 'provenance://mattergen/outputs/dielectric_rl/direct_rl_target12_online/matinvent_style_target12_tri_fixed_scaler_gpu/loop_0022/postprocess/relaxed/relaxed_cifs/gen_25_relaxed.cif', 'relaxation_success': True, 'total_energy': -57.65058135986328, 'composition_valid': True, 'structure_valid': True, 'structure_comp_valid': True, 'reference_name': 'TRI2024', 'is_unique': True, 'is_novel': True, 'stable': True, 'predicted_dielectric_scalar': 12.155076493308409, 'predicted_tensor': '[[12.158452930301621, 0.001003860623384575, -0.0003576648608232667], [0.001003860623384575, 12.214917148282758, 0.020463840129111153], [-0.0003576648608232667, 0.020463840129111153, 12.091859401340834]]', 'volume': 355.6554532934698, 'prediction_success': True, 'target_dielectric_scalar': 12.0, 'abs_error': 0.15507649330840856, 'reward_raw': 0.9969984239169208, 'reward_final': 0.9969984292984009, 'gate_reason': '', 'reward_final_diversity': 0.9969984292984009, 'diversity_penalty': False, 'selection_rank': 2}",Ho5Tm5Sc2,"('Ho', 'Sc', 'Tm')",0.9969984292984009
"{'structure_id': 'gen_41', 'cif_path': 'provenance://mattergen/outputs/dielectric_rl/direct_rl_target12_online/matinvent_style_target12_tri_fixed_scaler_gpu/loop_0012/postprocess/input_cifs/gen_41.cif', 'input_cif_path': 'provenance://mattergen/outputs/dielectric_rl/direct_rl_target12_online/matinvent_style_target12_tri_fixed_scaler_gpu/loop_0012/postprocess/input_cifs/gen_41.cif', 'raw_valid': True, 'formula': 'Hg2', 'chemical_system': 'Hg', 'num_sites': 2, 'raw_valid_reason': nan, 'relaxed_cif_path': 'provenance://mattergen/outputs/dielectric_rl/direct_rl_target12_online/matinvent_style_target12_tri_fixed_scaler_gpu/loop_0012/postprocess/relaxed/relaxed_cifs/gen_41_relaxed.cif', 'relaxation_success': True, 'total_energy': -0.6012163162231445, 'composition_valid': True, 'structure_valid': True, 'structure_comp_valid': True, 'reference_name': 'TRI2024', 'is_unique': True, 'is_novel': True, 'stable': True, 'predicted_dielectric_scalar': 12.182628261887604, 'predicted_tensor': '[[12.30814797206946, 0.13462286819777275, -0.04200583492039646], [0.13462286819777275, 11.79119435062051, -0.01152895149075302], [-0.04200583492039646, -0.01152895149075302, 12.448542462972839]]', 'volume': 62.29280365884564, 'prediction_success': True, 'target_dielectric_scalar': 12.0, 'abs_error': 0.18262826188760428, 'reward_raw': 0.9958395435241858, 'reward_final': 0.995839536190033, 'gate_reason': '', 'reward_final_diversity': 0.995839536190033, 'diversity_penalty': False, 'selection_rank': 1}",Hg,"('Hg',)",0.995839536190033
"{'structure_id': 'gen_44', 'cif_path': 'provenance://mattergen/outputs/dielectric_rl/direct_rl_target12_online/matinvent_style_target12_tri_fixed_scaler_gpu/loop_0006/postprocess/input_cifs/gen_44.cif', 'input_cif_path': 'provenance://mattergen/outputs/dielectric_rl/direct_rl_target12_online/matinvent_style_target12_tri_fixed_scaler_gpu/loop_0006/postprocess/input_cifs/gen_44.cif', 'raw_valid': True, 'formula': 'Li4 Er2 Sn5', 'chemical_system': 'Er-Li-Sn', 'num_sites': 11, 'raw_valid_reason': '', 'relaxed_cif_path': 'provenance://mattergen/outputs/dielectric_rl/direct_rl_target12_online/matinvent_style_target12_tri_fixed_scaler_gpu/loop_0006/postprocess/relaxed/relaxed_cifs/gen_44_relaxed.cif', 'relaxation_success': True, 'total_energy': -41.7631950378418, 'composition_valid': True, 'structure_valid': True, 'structure_comp_valid': True, 'reference_name': 'TRI2024', 'is_unique': True, 'is_novel': True, 'stable': True, 'predicted_dielectric_scalar': 12.200007664402309, 'predicted_tensor': '[[11.504588532521446, -8.708130667704054e-06, -0.0002973359463069845], [-8.708130667704054e-06, 11.503407220798463, -8.731008248473445e-05], [-0.0002973359463069845, -8.731008248473445e-05, 13.592027239887006]]', 'volume': 256.3184930427079, 'prediction_success': True, 'target_dielectric_scalar': 12.0, 'abs_error': 0.20000766440230855, 'reward_raw': 0.995012097876652, 'reward_final': 0.995012104511261, 'gate_reason': '', 'reward_final_diversity': 0.995012104511261, 'diversity_penalty': False, 'selection_rank': 1}",Li4Er2Sn5,"('Er', 'Li', 'Sn')",0.995012104511261
"{'structure_id': 'gen_47', 'cif_path': 'provenance://mattergen/outputs/dielectric_rl/direct_rl_target12_online/matinvent_style_target12_tri_fixed_scaler_gpu/loop_0005/postprocess/input_cifs/gen_47.cif', 'input_cif_path': 'provenance://mattergen/outputs/dielectric_rl/direct_rl_target12_online/matinvent_style_target12_tri_fixed_scaler_gpu/loop_0005/postprocess/input_cifs/gen_47.cif', 'raw_valid': True, 'formula': 'Na2 Cd2 In5 Hg2', 'chemical_system': 'Cd-Hg-In-Na', 'num_sites': 11, 'raw_valid_reason': '', 'relaxed_cif_path': 'provenance://mattergen/outputs/dielectric_rl/direct_rl_target12_online/matinvent_style_target12_tri_fixed_scaler_gpu/loop_0005/postprocess/relaxed/relaxed_cifs/gen_47_relaxed.cif', 'relaxation_success': True, 'total_energy': -19.104825973510742, 'composition_valid': True, 'structure_valid': True, 'structure_comp_valid': True, 'reference_name': 'TRI2024', 'is_unique': True, 'is_novel': True, 'stable': True, 'predicted_dielectric_scalar': 11.751446932191906, 'predicted_tensor': '[[12.313446550286619, 0.003730486933448106, -0.021537573581832937], [0.003730486933448106, 12.282001644925316, -0.011003567770579734], [-0.021537573581832937, -0.011003567770579734, 10.658892601363798]]', 'volume': 310.0926970152838, 'prediction_success': True, 'target_dielectric_scalar': 12.0, 'abs_error': 0.2485530678080945, 'reward_raw': 0.9923074121339301, 'reward_final': 0.9923074245452881, 'gate_reason': '', 'reward_final_diversity': 0.9923074245452881, 'diversity_penalty': False, 'selection_rank': 2}",Na2Cd2In5Hg2,"('Cd', 'Hg', 'In', 'Na')",0.992307424545288
"{'structure_id': 'gen_25', 'cif_path': 'provenance://mattergen/outputs/dielectric_rl/direct_rl_target12_online/matinvent_style_target12_tri_fixed_scaler_gpu/loop_0009/postprocess/input_cifs/gen_25.cif', 'input_cif_path': 'provenance://mattergen/outputs/dielectric_rl/direct_rl_target12_online/matinvent_style_target12_tri_fixed_scaler_gpu/loop_0009/postprocess/input_cifs/gen_25.cif', 'raw_valid': True, 'formula': 'Li2 Tb2 Y4 Tl4', 'chemical_system': 'Li-Tb-Tl-Y', 'num_sites': 12, 'raw_valid_reason': '', 'relaxed_cif_path': 'provenance://mattergen/outputs/dielectric_rl/direct_rl_target12_online/matinvent_style_target12_tri_fixed_scaler_gpu/loop_0009/postprocess/relaxed/relaxed_cifs/gen_25_relaxed.cif', 'relaxation_success': True, 'total_energy': -51.764381408691406, 'composition_valid': True, 'structure_valid': True, 'structure_comp_valid': True, 'reference_name': 'TRI2024', 'is_unique': True, 'is_novel': True, 'stable': True, 'predicted_dielectric_scalar': 11.732356145016448, 'predicted_tensor': '[[12.43536709246364, 0.0003213301658621634, 0.0003566404275833354], [0.0003213301658621634, 11.776836872613945, -0.002377270847049604], [0.0003566404275833354, -0.002377270847049604, 10.98486446997175]]', 'volume': 323.9815450619029, 'prediction_success': True, 'target_dielectric_scalar': 12.0, 'abs_error': 0.26764385498355203, 'reward_raw': 0.991085814914047, 'reward_final': 0.9910858273506165, 'gate_reason': '', 'reward_final_diversity': 0.9910858273506165, 'diversity_penalty': False, 'selection_rank': 1}",LiTb(YTl)2,"('Li', 'Tb', 'Tl', 'Y')",0.9910858273506165
"{'structure_id': 'gen_33', 'cif_path': 'provenance://mattergen/outputs/dielectric_rl/direct_rl_target12_online/matinvent_style_target12_tri_fixed_scaler_gpu/loop_0002/postprocess/input_cifs/gen_33.cif', 'input_cif_path': 'provenance://mattergen/outputs/dielectric_rl/direct_rl_target12_online/matinvent_style_target12_tri_fixed_scaler_gpu/loop_0002/postprocess/input_cifs/gen_33.cif', 'raw_valid': True, 'formula': 'Sr2 In1 Ga1 Hg6', 'chemical_system': 'Ga-Hg-In-Sr', 'num_sites': 10, 'raw_valid_reason': '', 'relaxed_cif_path': 'provenance://mattergen/outputs/dielectric_rl/direct_rl_target12_online/matinvent_style_target12_tri_fixed_scaler_gpu/loop_0002/postprocess/relaxed/relaxed_cifs/gen_33_relaxed.cif', 'relaxation_success': True, 'total_energy': -13.784618377685547, 'composition_valid': True, 'structure_valid': True, 'structure_comp_valid': True, 'reference_name': 'TRI2024', 'is_unique': True, 'is_novel': True, 'stable': True, 'predicted_dielectric_scalar': 11.664212529068044, 'predicted_tensor': '[[10.381626722052625, -0.012514498327705906, 0.00759648296327428], [-0.012514498327705906, 12.190960689094279, -1.044436664035343], [0.00759648296327428, -1.044436664035343, 12.420050176057233]]', 'volume': 274.1363833740176, 'prediction_success': True, 'target_dielectric_scalar': 12.0, 'abs_error': 0.3357874709319564, 'reward_raw': 0.9860047043899124, 'reward_final': 0.9860047101974487, 'gate_reason': '', 'reward_final_diversity': 0.9860047101974487, 'diversity_penalty': False, 'selection_rank': 2}",Sr2InGaHg6,"('Ga', 'Hg', 'In', 'Sr')",0.9860047101974488
"{'structure_id': 'gen_40', 'cif_path': 'provenance://mattergen/outputs/dielectric_rl/direct_rl_target12_online/matinvent_style_target12_tri_fixed_scaler_gpu/loop_0018/postprocess/input_cifs/gen_40.cif', 'input_cif_path': 'provenance://mattergen/outputs/dielectric_rl/direct_rl_target12_online/matinvent_style_target12_tri_fixed_scaler_gpu/loop_0018/postprocess/input_cifs/gen_40.cif', 'raw_valid': True, 'formula': 'Tb3 Pr2 Sm3 Er2', 'chemical_system': 'Er-Pr-Sm-Tb', 'num_sites': 10, 'raw_valid_reason': '', 'relaxed_cif_path': 'provenance://mattergen/outputs/dielectric_rl/direct_rl_target12_online/matinvent_style_target12_tri_fixed_scaler_gpu/loop_0018/postprocess/relaxed/relaxed_cifs/gen_40_relaxed.cif', 'relaxation_success': True, 'total_energy': -46.35902404785156, 'composition_valid': True, 'structure_valid': True, 'structure_comp_valid': True, 'reference_name': 'TRI2024', 'is_unique': True, 'is_novel': True, 'stable': True, 'predicted_dielectric_scalar': 11.642659966439524, 'predicted_tensor': '[[11.648328025883012, 0.0005897924177958038, 0.0005140997619117567], [0.0005897924177958038, 11.644716245302712, -0.004917010560228725], [0.0005140997619117567, -0.004917010560228725, 11.63493562813285]]', 'volume': 331.7528870463408, 'prediction_success': True, 'target_dielectric_scalar': 12.0, 'abs_error': 0.35734003356047594, 'reward_raw': 0.9841652220395964, 'reward_final': 0.9841652512550354, 'gate_reason': '', 'reward_final_diversity': 0.9841652512550354, 'diversity_penalty': False, 'selection_rank': 1}",Tb3Pr2Sm3Er2,"('Er', 'Pr', 'Sm', 'Tb')",0.9841652512550354
"{'structure_id': 'gen_36', 'cif_path': 'provenance://mattergen/outputs/dielectric_rl/direct_rl_target12_online/matinvent_style_target12_tri_fixed_scaler_gpu/loop_0004/postprocess/input_cifs/gen_36.cif', 'input_cif_path': 'provenance://mattergen/outputs/dielectric_rl/direct_rl_target12_online/matinvent_style_target12_tri_fixed_scaler_gpu/loop_0004/postprocess/input_cifs/gen_36.cif', 'raw_valid': True, 'formula': 'Tb5 Ho2 Tm2', 'chemical_system': 'Ho-Tb-Tm', 'num_sites': 9, 'raw_valid_reason': '', 'relaxed_cif_path': 'provenance://mattergen/outputs/dielectric_rl/direct_rl_target12_online/matinvent_style_target12_tri_fixed_scaler_gpu/loop_0004/postprocess/relaxed/relaxed_cifs/gen_36_relaxed.cif', 'relaxation_success': True, 'total_energy': -41.06459045410156, 'composition_valid': True, 'structure_valid': True, 'structure_comp_valid': True, 'reference_name': 'TRI2024', 'is_unique': True, 'is_novel': True, 'stable': True, 'predicted_dielectric_scalar': 12.36487639739797, 'predicted_tensor': '[[12.351552733300359, 0.00012785638667290423, -0.0001499172541603523], [0.00012785638667290423, 12.490251509791296, -0.017242251515373744], [-0.0001499172541603523, -0.017242251515373744, 12.252824949102255]]', 'volume': 282.9757742943354, 'prediction_success': True, 'target_dielectric_scalar': 12.0, 'abs_error': 0.3648763973979694, 'reward_raw': 0.9834958624052792, 'reward_final': 0.9834958910942078, 'gate_reason': '', 'reward_final_diversity': 0.9834958910942078, 'diversity_penalty': False, 'selection_rank': 1}",Tb5(HoTm)2,"('Ho', 'Tb', 'Tm')",0.9834958910942078
"{'structure_id': 'gen_36', 'cif_path': 'provenance://mattergen/outputs/dielectric_rl/direct_rl_target12_online/matinvent_style_target12_tri_fixed_scaler_gpu/loop_0010/postprocess/input_cifs/gen_36.cif', 'input_cif_path': 'provenance://mattergen/outputs/dielectric_rl/direct_rl_target12_online/matinvent_style_target12_tri_fixed_scaler_gpu/loop_0010/postprocess/input_cifs/gen_36.cif', 'raw_valid': True, 'formula': 'Nd6 Tm2 Ir4', 'chemical_system': 'Ir-Nd-Tm', 'num_sites': 12, 'raw_valid_reason': '', 'relaxed_cif_path': 'provenance://mattergen/outputs/dielectric_rl/direct_rl_target12_online/matinvent_style_target12_tri_fixed_scaler_gpu/loop_0010/postprocess/relaxed/relaxed_cifs/gen_36_relaxed.cif', 'relaxation_success': True, 'total_energy': -79.6961898803711, 'composition_valid': True, 'structure_valid': True, 'structure_comp_valid': True, 'reference_name': 'TRI2024', 'is_unique': True, 'is_novel': True, 'stable': True, 'predicted_dielectric_scalar': 12.37916709316503, 'predicted_tensor': '[[12.294532718697095, -0.5705818068482439, -0.41527566209162314], [-0.5705818068482439, 12.357706691285436, -0.3946137279326169], [-0.41527566209162314, -0.3946137279326169, 12.485261869512563]]', 'volume': 333.4825087298635, 'prediction_success': True, 'target_dielectric_scalar': 12.0, 'abs_error': 0.37916709316503017, 'reward_raw': 0.9821895541715265, 'reward_final': 0.9821895360946655, 'gate_reason': '', 'reward_final_diversity': 0.9821895360946655, 'diversity_penalty': False, 'selection_rank': 1}",Nd3TmIr2,"('Ir', 'Nd', 'Tm')",0.9821895360946656
"{'structure_id': 'gen_47', 'cif_path': 'provenance://mattergen/outputs/dielectric_rl/direct_rl_target12_online/matinvent_style_target12_tri_fixed_scaler_gpu/loop_0013/postprocess/input_cifs/gen_47.cif', 'input_cif_path': 'provenance://mattergen/outputs/dielectric_rl/direct_rl_target12_online/matinvent_style_target12_tri_fixed_scaler_gpu/loop_0013/postprocess/input_cifs/gen_47.cif', 'raw_valid': True, 'formula': 'Ba2 Ca2 La2 Ga4', 'chemical_system': 'Ba-Ca-Ga-La', 'num_sites': 10, 'raw_valid_reason': '', 'relaxed_cif_path': 'provenance://mattergen/outputs/dielectric_rl/direct_rl_target12_online/matinvent_style_target12_tri_fixed_scaler_gpu/loop_0013/postprocess/relaxed/relaxed_cifs/gen_47_relaxed.cif', 'relaxation_success': True, 'total_energy': -33.64096450805664, 'composition_valid': True, 'structure_valid': True, 'structure_comp_valid': True, 'reference_name': 'TRI2024', 'is_unique': True, 'is_novel': True, 'stable': True, 'predicted_dielectric_scalar': 11.60163048446744, 'predicted_tensor': '[[11.51685157952019, 7.606213633510385e-07, -0.0004035204884025017], [7.606213633510385e-07, 11.712265569848878, 0.00034340429160258936], [-0.0004035204884025017, 0.00034340429160258936, 11.57577430403326]]', 'volume': 331.82005364134926, 'prediction_success': True, 'target_dielectric_scalar': 12.0, 'abs_error': 0.3983695155325595, 'reward_raw': 0.9803581804250057, 'reward_final': 0.9803581833839417, 'gate_reason': '', 'reward_final_diversity': 0.9803581833839417, 'diversity_penalty': False, 'selection_rank': 1}",BaCaLaGa2,"('Ba', 'Ca', 'Ga', 'La')",0.9803581833839417
"{'structure_id': 'gen_31', 'cif_path': 'provenance://mattergen/outputs/dielectric_rl/direct_rl_target12_online/matinvent_style_target12_tri_fixed_scaler_gpu/loop_0010/postprocess/input_cifs/gen_31.cif', 'input_cif_path': 'provenance://mattergen/outputs/dielectric_rl/direct_rl_target12_online/matinvent_style_target12_tri_fixed_scaler_gpu/loop_0010/postprocess/input_cifs/gen_31.cif', 'raw_valid': True, 'formula': 'La2 Y2 Er3', 'chemical_system': 'Er-La-Y', 'num_sites': 7, 'raw_valid_reason': '', 'relaxed_cif_path': 'provenance://mattergen/outputs/dielectric_rl/direct_rl_target12_online/matinvent_style_target12_tri_fixed_scaler_gpu/loop_0010/postprocess/relaxed/relaxed_cifs/gen_31_relaxed.cif', 'relaxation_success': True, 'total_energy': -36.21487808227539, 'composition_valid': True, 'structure_valid': True, 'structure_comp_valid': True, 'reference_name': 'TRI2024', 'is_unique': True, 'is_novel': True, 'stable': True, 'predicted_dielectric_scalar': 12.411802356088591, 'predicted_tensor': '[[12.677318101721552, 7.88128865390359e-05, 0.00017483878374783578], [7.88128865390359e-05, 12.372649463071177, -0.0001924328370470321], [0.00017483878374783578, -0.0001924328370470321, 12.18543950347304]]', 'volume': 230.5043943617549, 'prediction_success': True, 'target_dielectric_scalar': 12.0, 'abs_error': 0.4118023560885913, 'reward_raw': 0.9790254434555106, 'reward_final': 0.9790254235267639, 'gate_reason': '', 'reward_final_diversity': 0.9790254235267639, 'diversity_penalty': False, 'selection_rank': 2}",La2Y2Er3,"('Er', 'La', 'Y')",0.979025423526764
"{'structure_id': 'gen_13', 'cif_path': 'provenance://mattergen/outputs/dielectric_rl/direct_rl_target12_online/matinvent_style_target12_tri_fixed_scaler_gpu/loop_0008/postprocess/input_cifs/gen_13.cif', 'input_cif_path': 'provenance://mattergen/outputs/dielectric_rl/direct_rl_target12_online/matinvent_style_target12_tri_fixed_scaler_gpu/loop_0008/postprocess/input_cifs/gen_13.cif', 'raw_valid': True, 'formula': 'Sm6 Sn2 H4', 'chemical_system': 'H-Sm-Sn', 'num_sites': 12, 'raw_valid_reason': '', 'relaxed_cif_path': 'provenance://mattergen/outputs/dielectric_rl/direct_rl_target12_online/matinvent_style_target12_tri_fixed_scaler_gpu/loop_0008/postprocess/relaxed/relaxed_cifs/gen_13_relaxed.cif', 'relaxation_success': True, 'total_energy': -57.03235626220703, 'composition_valid': True, 'structure_valid': True, 'structure_comp_valid': True, 'reference_name': 'TRI2024', 'is_unique': True, 'is_novel': True, 'stable': True, 'predicted_dielectric_scalar': 11.584246225588291, 'predicted_tensor': '[[11.82761372484745, 0.000980279556187162, 2.288676256418617e-05], [0.000980279556187162, 11.45276607546101, 0.060234068732883846], [2.288676256418617e-05, 0.060234068732883846, 11.47235887645642]]', 'volume': 258.6815931381736, 'prediction_success': True, 'target_dielectric_scalar': 12.0, 'abs_error': 0.4157537744117086, 'reward_raw': 0.9786253460779344, 'reward_final': 0.9786253571510315, 'gate_reason': '', 'reward_final_diversity': 0.9786253571510315, 'diversity_penalty': False, 'selection_rank': 2}",Sm3SnH2,"('H', 'Sm', 'Sn')",0.9786253571510316
"{'structure_id': 'gen_5', 'cif_path': 'provenance://mattergen/outputs/dielectric_rl/direct_rl_target12_online/matinvent_style_target12_tri_fixed_scaler_gpu/loop_0004/postprocess/input_cifs/gen_5.cif', 'input_cif_path': 'provenance://mattergen/outputs/dielectric_rl/direct_rl_target12_online/matinvent_style_target12_tri_fixed_scaler_gpu/loop_0004/postprocess/input_cifs/gen_5.cif', 'raw_valid': True, 'formula': 'Li7 In11 Hg1', 'chemical_system': 'Hg-In-Li', 'num_sites': 19, 'raw_valid_reason': '', 'relaxed_cif_path': 'provenance://mattergen/outputs/dielectric_rl/direct_rl_target12_online/matinvent_style_target12_tri_fixed_scaler_gpu/loop_0004/postprocess/relaxed/relaxed_cifs/gen_5_relaxed.cif', 'relaxation_success': True, 'total_energy': -47.298797607421875, 'composition_valid': True, 'structure_valid': True, 'structure_comp_valid': True, 'reference_name': 'TRI2024', 'is_unique': True, 'is_novel': True, 'stable': True, 'predicted_dielectric_scalar': 11.560588468367063, 'predicted_tensor': '[[11.856838143432281, 0.19771292287213796, 0.08121593601216173], [0.19771292287213796, 11.029264206460464, 0.5397340151920295], [0.08121593601216173, 0.5397340151920295, 11.795663055208443]]', 'volume': 419.1169701227271, 'prediction_success': True, 'target_dielectric_scalar': 12.0, 'abs_error': 0.43941153163293656, 'reward_raw': 0.9761536157510511, 'reward_final': 0.9761536121368408, 'gate_reason': '', 'reward_final_diversity': 0.9761536121368408, 'diversity_penalty': False, 'selection_rank': 2}",Li7In11Hg,"('Hg', 'In', 'Li')",0.9761536121368408
"{'structure_id': 'gen_35', 'cif_path': 'provenance://mattergen/outputs/dielectric_rl/direct_rl_target12_online/matinvent_style_target12_tri_fixed_scaler_gpu/loop_0020/postprocess/input_cifs/gen_35.cif', 'input_cif_path': 'provenance://mattergen/outputs/dielectric_rl/direct_rl_target12_online/matinvent_style_target12_tri_fixed_scaler_gpu/loop_0020/postprocess/input_cifs/gen_35.cif', 'raw_valid': True, 'formula': 'Tb4 Tm1 Hg2', 'chemical_system': 'Hg-Tb-Tm', 'num_sites': 7, 'raw_valid_reason': '', 'relaxed_cif_path': 'provenance://mattergen/outputs/dielectric_rl/direct_rl_target12_online/matinvent_style_target12_tri_fixed_scaler_gpu/loop_0020/postprocess/relaxed/relaxed_cifs/gen_35_relaxed.cif', 'relaxation_success': True, 'total_energy': -25.123443603515625, 'composition_valid': True, 'structure_valid': True, 'structure_comp_valid': True, 'reference_name': 'TRI2024', 'is_unique': True, 'is_novel': True, 'stable': True, 'predicted_dielectric_scalar': 11.560300789655429, 'predicted_tensor': '[[11.868246315591234, -0.00046014373628206905, -3.680191048771689e-05], [-0.00046014373628206905, 11.301576916392229, -0.07529681578841838], [-3.680191048771689e-05, -0.07529681578841838, 11.511079136982831]]', 'volume': 200.79996388607023, 'prediction_success': True, 'target_dielectric_scalar': 12.0, 'abs_error': 0.43969921034457116, 'reward_raw': 0.9761227574062379, 'reward_final': 0.9761227369308472, 'gate_reason': '', 'reward_final_diversity': 0.9761227369308472, 'diversity_penalty': False, 'selection_rank': 3}",Tb4TmHg2,"('Hg', 'Tb', 'Tm')",0.9761227369308472
"{'structure_id': 'gen_28', 'cif_path': 'provenance://mattergen/outputs/dielectric_rl/direct_rl_target12_online/matinvent_style_target12_tri_fixed_scaler_gpu/loop_0017/postprocess/input_cifs/gen_28.cif', 'input_cif_path': 'provenance://mattergen/outputs/dielectric_rl/direct_rl_target12_online/matinvent_style_target12_tri_fixed_scaler_gpu/loop_0017/postprocess/input_cifs/gen_28.cif', 'raw_valid': True, 'formula': 'Ba1 Gd3 Ru1', 'chemical_system': 'Ba-Gd-Ru', 'num_sites': 5, 'raw_valid_reason': '', 'relaxed_cif_path': 'provenance://mattergen/outputs/dielectric_rl/direct_rl_target12_online/matinvent_style_target12_tri_fixed_scaler_gpu/loop_0017/postprocess/relaxed/relaxed_cifs/gen_28_relaxed.cif', 'relaxation_success': True, 'total_energy': -53.48780822753906, 'composition_valid': True, 'structure_valid': True, 'structure_comp_valid': True, 'reference_name': 'TRI2024', 'is_unique': True, 'is_novel': True, 'stable': True, 'predicted_dielectric_scalar': 12.45170506072897, 'predicted_tensor': '[[12.450198287479378, -0.01019773106583968, -0.0048068774397976915], [-0.01019773106583968, 12.451478270069186, -0.004148325561980795], [-0.0048068774397976915, -0.004148325561980795, 12.453438624638352]]', 'volume': 163.477055325998, 'prediction_success': True, 'target_dielectric_scalar': 12.0, 'abs_error': 0.45170506072897076, 'reward_raw': 0.9748178141405616, 'reward_final': 0.9748178124427795, 'gate_reason': '', 'reward_final_diversity': 0.9748178124427795, 'diversity_penalty': False, 'selection_rank': 1}",BaGd3Ru,"('Ba', 'Gd', 'Ru')",0.9748178124427795
"{'structure_id': 'gen_32', 'cif_path': 'provenance://mattergen/outputs/dielectric_rl/direct_rl_target12_online/matinvent_style_target12_tri_fixed_scaler_gpu/loop_0010/postprocess/input_cifs/gen_32.cif', 'input_cif_path': 'provenance://mattergen/outputs/dielectric_rl/direct_rl_target12_online/matinvent_style_target12_tri_fixed_scaler_gpu/loop_0010/postprocess/input_cifs/gen_32.cif', 'raw_valid': True, 'formula': 'Na2 Sn8', 'chemical_system': 'Na-Sn', 'num_sites': 10, 'raw_valid_reason': '', 'relaxed_cif_path': 'provenance://mattergen/outputs/dielectric_rl/direct_rl_target12_online/matinvent_style_target12_tri_fixed_scaler_gpu/loop_0010/postprocess/relaxed/relaxed_cifs/gen_32_relaxed.cif', 'relaxation_success': True, 'total_energy': -35.343421936035156, 'composition_valid': True, 'structure_valid': True, 'structure_comp_valid': True, 'reference_name': 'TRI2024', 'is_unique': True, 'is_novel': True, 'stable': True, 'predicted_dielectric_scalar': 12.456727208079412, 'predicted_tensor': '[[12.634502213435564, 0.0005008466863545615, -0.002424163065829938], [0.0005008466863545615, 12.023620903551567, 0.19929134091419198], [-0.002424163065829938, 0.19929134091419198, 12.712058507251104]]', 'volume': 295.9255623835608, 'prediction_success': True, 'target_dielectric_scalar': 12.0, 'abs_error': 0.45672720807941225, 'reward_raw': 0.9742620485641568, 'reward_final': 0.9742620587348938, 'gate_reason': '', 'reward_final_diversity': 0.9742620587348938, 'diversity_penalty': False, 'selection_rank': 3}",NaSn4,"('Na', 'Sn')",0.9742620587348938
"{'structure_id': 'gen_17', 'cif_path': 'provenance://mattergen/outputs/dielectric_rl/direct_rl_target12_online/matinvent_style_target12_tri_fixed_scaler_gpu/loop_0023/postprocess/input_cifs/gen_17.cif', 'input_cif_path': 'provenance://mattergen/outputs/dielectric_rl/direct_rl_target12_online/matinvent_style_target12_tri_fixed_scaler_gpu/loop_0023/postprocess/input_cifs/gen_17.cif', 'raw_valid': True, 'formula': 'Pr11 Dy3 Ho4', 'chemical_system': 'Dy-Ho-Pr', 'num_sites': 18, 'raw_valid_reason': '', 'relaxed_cif_path': 'provenance://mattergen/outputs/dielectric_rl/direct_rl_target12_online/matinvent_style_target12_tri_fixed_scaler_gpu/loop_0023/postprocess/relaxed/relaxed_cifs/gen_17_relaxed.cif', 'relaxation_success': True, 'total_energy': -84.37472534179688, 'composition_valid': True, 'structure_valid': True, 'structure_comp_valid': True, 'reference_name': 'TRI2024', 'is_unique': True, 'is_novel': True, 'stable': True, 'predicted_dielectric_scalar': 12.474933175019942, 'predicted_tensor': '[[12.494286631622403, 0.03998851689295531, 0.08634067219397469], [0.03998851689295531, 12.484347316626097, 0.02720041032909232], [0.08634067219397469, 0.02720041032909232, 12.44616557681133]]', 'volume': 617.6122146111798, 'prediction_success': True, 'target_dielectric_scalar': 12.0, 'abs_error': 0.4749331750199417, 'reward_raw': 0.9721985847490414, 'reward_final': 0.9721986055374146, 'gate_reason': '', 'reward_final_diversity': 0.9721986055374146, 'diversity_penalty': False, 'selection_rank': 1}",Pr11Dy3Ho4,"('Dy', 'Ho', 'Pr')",0.9721986055374146
"{'structure_id': 'gen_21', 'cif_path': 'provenance://mattergen/outputs/dielectric_rl/direct_rl_target12_online/matinvent_style_target12_tri_fixed_scaler_gpu/loop_0001/postprocess/input_cifs/gen_21.cif', 'input_cif_path': 'provenance://mattergen/outputs/dielectric_rl/direct_rl_target12_online/matinvent_style_target12_tri_fixed_scaler_gpu/loop_0001/postprocess/input_cifs/gen_21.cif', 'raw_valid': True, 'formula': 'Ce2 Dy4 Er6', 'chemical_system': 'Ce-Dy-Er', 'num_sites': 12, 'raw_valid_reason': '', 'relaxed_cif_path': 'provenance://mattergen/outputs/dielectric_rl/direct_rl_target12_online/matinvent_style_target12_tri_fixed_scaler_gpu/loop_0001/postprocess/relaxed/relaxed_cifs/gen_21_relaxed.cif', 'relaxation_success': True, 'total_energy': -57.09050369262695, 'composition_valid': True, 'structure_valid': True, 'structure_comp_valid': True, 'reference_name': 'TRI2024', 'is_unique': True, 'is_novel': True, 'stable': True, 'predicted_dielectric_scalar': 11.512596858639656, 'predicted_tensor': '[[11.780757276925852, 0.0037468370468192384, 0.005989505855763113], [0.0037468370468192384, 11.351197484201768, -0.001714816084760923], [0.005989505855763113, -0.001714816084760923, 11.405835814791343]]', 'volume': 373.7731074280421, 'prediction_success': True, 'target_dielectric_scalar': 12.0, 'abs_error': 0.48740314136034435, 'reward_raw': 0.9707413434670805, 'reward_final': 0.970741331577301, 'gate_reason': '', 'reward_final_diversity': 0.970741331577301, 'diversity_penalty': False, 'selection_rank': 1}",CeDy2Er3,"('Ce', 'Dy', 'Er')",0.970741331577301
"{'structure_id': 'gen_21', 'cif_path': 'provenance://mattergen/outputs/dielectric_rl/direct_rl_target12_online/matinvent_style_target12_tri_fixed_scaler_gpu/loop_0007/postprocess/input_cifs/gen_21.cif', 'input_cif_path': 'provenance://mattergen/outputs/dielectric_rl/direct_rl_target12_online/matinvent_style_target12_tri_fixed_scaler_gpu/loop_0007/postprocess/input_cifs/gen_21.cif', 'raw_valid': True, 'formula': 'La2 Cd6 Ag2', 'chemical_system': 'Ag-Cd-La', 'num_sites': 10, 'raw_valid_reason': '', 'relaxed_cif_path': 'provenance://mattergen/outputs/dielectric_rl/direct_rl_target12_online/matinvent_style_target12_tri_fixed_scaler_gpu/loop_0007/postprocess/relaxed/relaxed_cifs/gen_21_relaxed.cif', 'relaxation_success': True, 'total_energy': -23.5212459564209, 'composition_valid': True, 'structure_valid': True, 'structure_comp_valid': True, 'reference_name': 'TRI2024', 'is_unique': True, 'is_novel': True, 'stable': True, 'predicted_dielectric_scalar': 12.499773780826386, 'predicted_tensor': '[[12.952382722129872, 0.0006307264711555512, -0.0001098199675023896], [0.0006307264711555512, 12.952531222908265, 5.3028906438029746e-05], [-0.0001098199675023896, 5.3028906438029746e-05, 11.594407397441021]]', 'volume': 252.5274224885514, 'prediction_success': True, 'target_dielectric_scalar': 12.0, 'abs_error': 0.499773780826386, 'reward_raw': 0.9692606360562673, 'reward_final': 0.9692606329917908, 'gate_reason': '', 'reward_final_diversity': 0.9692606329917908, 'diversity_penalty': False, 'selection_rank': 1}",LaCd3Ag,"('Ag', 'Cd', 'La')",0.9692606329917908
"{'structure_id': 'gen_30', 'cif_path': 'provenance://mattergen/outputs/dielectric_rl/direct_rl_target12_online/matinvent_style_target12_tri_fixed_scaler_gpu/loop_0018/postprocess/input_cifs/gen_30.cif', 'input_cif_path': 'provenance://mattergen/outputs/dielectric_rl/direct_rl_target12_online/matinvent_style_target12_tri_fixed_scaler_gpu/loop_0018/postprocess/input_cifs/gen_30.cif', 'raw_valid': True, 'formula': 'Dy4 Ga1 Hg3', 'chemical_system': 'Dy-Ga-Hg', 'num_sites': 8, 'raw_valid_reason': '', 'relaxed_cif_path': 'provenance://mattergen/outputs/dielectric_rl/direct_rl_target12_online/matinvent_style_target12_tri_fixed_scaler_gpu/loop_0018/postprocess/relaxed/relaxed_cifs/gen_30_relaxed.cif', 'relaxation_success': True, 'total_energy': -25.892940521240234, 'composition_valid': True, 'structure_valid': True, 'structure_comp_valid': True, 'reference_name': 'TRI2024', 'is_unique': True, 'is_novel': True, 'stable': True, 'predicted_dielectric_scalar': 12.53674570423023, 'predicted_tensor': '[[11.545810001370036, -0.0001048456227856247, 0.0008360352469379881], [-0.0001048456227856247, 13.714555067000965, 0.0004754286580764775], [0.0008360352469379881, 0.0004754286580764775, 12.349872044319692]]', 'volume': 210.29334881081016, 'prediction_success': True, 'target_dielectric_scalar': 12.0, 'abs_error': 0.5367457042302295, 'reward_raw': 0.9646287237762479, 'reward_final': 0.9646286964416504, 'gate_reason': '', 'reward_final_diversity': 0.9646286964416504, 'diversity_penalty': False, 'selection_rank': 2}",Dy4GaHg3,"('Dy', 'Ga', 'Hg')",0.9646286964416504
"{'structure_id': 'gen_56', 'cif_path': 'provenance://mattergen/outputs/dielectric_rl/direct_rl_target12_online/matinvent_style_target12_tri_fixed_scaler_gpu/loop_0005/postprocess/input_cifs/gen_56.cif', 'input_cif_path': 'provenance://mattergen/outputs/dielectric_rl/direct_rl_target12_online/matinvent_style_target12_tri_fixed_scaler_gpu/loop_0005/postprocess/input_cifs/gen_56.cif', 'raw_valid': True, 'formula': 'Tb3 Nd3 Hg4', 'chemical_system': 'Hg-Nd-Tb', 'num_sites': 10, 'raw_valid_reason': '', 'relaxed_cif_path': 'provenance://mattergen/outputs/dielectric_rl/direct_rl_target12_online/matinvent_style_target12_tri_fixed_scaler_gpu/loop_0005/postprocess/relaxed/relaxed_cifs/gen_56_relaxed.cif', 'relaxation_success': True, 'total_energy': -32.541473388671875, 'composition_valid': True, 'structure_valid': True, 'structure_comp_valid': True, 'reference_name': 'TRI2024', 'is_unique': True, 'is_novel': True, 'stable': True, 'predicted_dielectric_scalar': 12.544750596309456, 'predicted_tensor': '[[12.917610802744397, 0.0012733604122138107, 0.00035332007350454713], [0.0012733604122138107, 12.0204258576881, -0.42453177713095813], [0.00035332007350454713, -0.42453177713095813, 12.696215128495874]]', 'volume': 287.298864667697, 'prediction_success': True, 'target_dielectric_scalar': 12.0, 'abs_error': 0.5447505963094557, 'reward_raw': 0.9635854080448967, 'reward_final': 0.9635854363441467, 'gate_reason': '', 'reward_final_diversity': 0.9635854363441467, 'diversity_penalty': False, 'selection_rank': 3}",Tb3Nd3Hg4,"('Hg', 'Nd', 'Tb')",0.9635854363441468
"{'structure_id': 'gen_42', 'cif_path': 'provenance://mattergen/outputs/dielectric_rl/direct_rl_target12_online/matinvent_style_target12_tri_fixed_scaler_gpu/loop_0001/postprocess/input_cifs/gen_42.cif', 'input_cif_path': 'provenance://mattergen/outputs/dielectric_rl/direct_rl_target12_online/matinvent_style_target12_tri_fixed_scaler_gpu/loop_0001/postprocess/input_cifs/gen_42.cif', 'raw_valid': True, 'formula': 'Nd2 Ho4 Er10', 'chemical_system': 'Er-Ho-Nd', 'num_sites': 16, 'raw_valid_reason': '', 'relaxed_cif_path': 'provenance://mattergen/outputs/dielectric_rl/direct_rl_target12_online/matinvent_style_target12_tri_fixed_scaler_gpu/loop_0001/postprocess/relaxed/relaxed_cifs/gen_42_relaxed.cif', 'relaxation_success': True, 'total_energy': -73.24715423583984, 'composition_valid': True, 'structure_valid': True, 'structure_comp_valid': True, 'reference_name': 'TRI2024', 'is_unique': True, 'is_novel': True, 'stable': True, 'predicted_dielectric_scalar': 12.54871416011855, 'predicted_tensor': '[[12.473838807343434, 0.02361594646115454, -0.0001573959657488073], [0.02361594646115454, 12.565523157295944, 0.0004057232108147459], [-0.0001573959657488073, 0.0004057232108147459, 12.606780515716274]]', 'volume': 501.09194028803, 'prediction_success': True, 'target_dielectric_scalar': 12.0, 'abs_error': 0.5487141601185499, 'reward_raw': 0.9630635249405229, 'reward_final': 0.9630635380744934, 'gate_reason': '', 'reward_final_diversity': 0.9630635380744934, 'diversity_penalty': False, 'selection_rank': 2}",NdHo2Er5,"('Er', 'Ho', 'Nd')",0.9630635380744934
"{'structure_id': 'gen_47', 'cif_path': 'provenance://mattergen/outputs/dielectric_rl/direct_rl_target12_online/matinvent_style_target12_tri_fixed_scaler_gpu/loop_0020/postprocess/input_cifs/gen_47.cif', 'input_cif_path': 'provenance://mattergen/outputs/dielectric_rl/direct_rl_target12_online/matinvent_style_target12_tri_fixed_scaler_gpu/loop_0020/postprocess/input_cifs/gen_47.cif', 'raw_valid': True, 'formula': 'Pr6 Sm9 Y5', 'chemical_system': 'Pr-Sm-Y', 'num_sites': 20, 'raw_valid_reason': '', 'relaxed_cif_path': 'provenance://mattergen/outputs/dielectric_rl/direct_rl_target12_online/matinvent_style_target12_tri_fixed_scaler_gpu/loop_0020/postprocess/relaxed/relaxed_cifs/gen_47_relaxed.cif', 'relaxation_success': True, 'total_energy': -102.36236572265625, 'composition_valid': True, 'structure_valid': True, 'structure_comp_valid': True, 'reference_name': 'TRI2024', 'is_unique': True, 'is_novel': True, 'stable': True, 'predicted_dielectric_scalar': 12.55727327126522, 'predicted_tensor': '[[12.504427740357697, 0.025501515560118617, -0.05401318803131181], [0.025501515560118617, 12.60705909608537, 0.02120460016447921], [-0.05401318803131181, 0.02120460016447921, 12.560332977352592]]', 'volume': 684.2392610642737, 'prediction_success': True, 'target_dielectric_scalar': 12.0, 'abs_error': 0.5572732712652204, 'reward_raw': 0.9619246215550227, 'reward_final': 0.9619246125221252, 'gate_reason': '', 'reward_final_diversity': 0.9619246125221252, 'diversity_penalty': False, 'selection_rank': 4}",Pr6Sm9Y5,"('Pr', 'Sm', 'Y')",0.9619246125221252
"{'structure_id': 'gen_2', 'cif_path': 'provenance://mattergen/outputs/dielectric_rl/direct_rl_target12_online/matinvent_style_target12_tri_fixed_scaler_gpu/loop_0022/postprocess/input_cifs/gen_2.cif', 'input_cif_path': 'provenance://mattergen/outputs/dielectric_rl/direct_rl_target12_online/matinvent_style_target12_tri_fixed_scaler_gpu/loop_0022/postprocess/input_cifs/gen_2.cif', 'raw_valid': True, 'formula': 'Pr2 Dy3 Tm1 Mg2', 'chemical_system': 'Dy-Mg-Pr-Tm', 'num_sites': 8, 'raw_valid_reason': '', 'relaxed_cif_path': 'provenance://mattergen/outputs/dielectric_rl/direct_rl_target12_online/matinvent_style_target12_tri_fixed_scaler_gpu/loop_0022/postprocess/relaxed/relaxed_cifs/gen_2_relaxed.cif', 'relaxation_success': True, 'total_energy': -30.863842010498047, 'composition_valid': True, 'structure_valid': True, 'structure_comp_valid': True, 'reference_name': 'TRI2024', 'is_unique': True, 'is_novel': True, 'stable': True, 'predicted_dielectric_scalar': 11.430362384483916, 'predicted_tensor': '[[11.508251804806887, -5.935956598131526e-07, 0.00010875468395881706], [-5.935956598131526e-07, 11.47647882235619, -5.1831022521891076e-05], [0.00010875468395881706, -5.1831022521891076e-05, 11.306356526288669]]', 'volume': 241.2604949612036, 'prediction_success': True, 'target_dielectric_scalar': 12.0, 'abs_error': 0.5696376155160845, 'reward_raw': 0.9602507059086178, 'reward_final': 0.960250735282898, 'gate_reason': '', 'reward_final_diversity': 0.960250735282898, 'diversity_penalty': False, 'selection_rank': 3}",Pr2Dy3TmMg2,"('Dy', 'Mg', 'Pr', 'Tm')",0.960250735282898
"{'structure_id': 'gen_28', 'cif_path': 'provenance://mattergen/outputs/dielectric_rl/direct_rl_target12_online/matinvent_style_target12_tri_fixed_scaler_gpu/loop_0014/postprocess/input_cifs/gen_28.cif', 'input_cif_path': 'provenance://mattergen/outputs/dielectric_rl/direct_rl_target12_online/matinvent_style_target12_tri_fixed_scaler_gpu/loop_0014/postprocess/input_cifs/gen_28.cif', 'raw_valid': True, 'formula': 'K2 Si1 Pb1 Au6', 'chemical_system': 'Au-K-Pb-Si', 'num_sites': 10, 'raw_valid_reason': '', 'relaxed_cif_path': 'provenance://mattergen/outputs/dielectric_rl/direct_rl_target12_online/matinvent_style_target12_tri_fixed_scaler_gpu/loop_0014/postprocess/relaxed/relaxed_cifs/gen_28_relaxed.cif', 'relaxation_success': True, 'total_energy': -33.04451370239258, 'composition_valid': True, 'structure_valid': True, 'structure_comp_valid': True, 'reference_name': 'TRI2024', 'is_unique': True, 'is_novel': True, 'stable': True, 'predicted_dielectric_scalar': 12.616056787480924, 'predicted_tensor': '[[12.458284718486727, -0.0013165068958670267, -0.005353835457841061], [-0.0013165068958670267, 12.460435293000392, -0.014358738992806175], [-0.005353835457841061, -0.014358738992806175, 12.929450350955658]]', 'volume': 269.2876041061619, 'prediction_success': True, 'target_dielectric_scalar': 12.0, 'abs_error': 0.6160567874809235, 'reward_raw': 0.9536669803514999, 'reward_final': 0.9536669850349426, 'gate_reason': '', 'reward_final_diversity': 0.9536669850349426, 'diversity_penalty': False, 'selection_rank': 1}",K2SiPbAu6,"('Au', 'K', 'Pb', 'Si')",0.9536669850349426
"{'structure_id': 'gen_22', 'cif_path': 'provenance://mattergen/outputs/dielectric_rl/direct_rl_target12_online/matinvent_style_target12_tri_fixed_scaler_gpu/loop_0002/postprocess/input_cifs/gen_22.cif', 'input_cif_path': 'provenance://mattergen/outputs/dielectric_rl/direct_rl_target12_online/matinvent_style_target12_tri_fixed_scaler_gpu/loop_0002/postprocess/input_cifs/gen_22.cif', 'raw_valid': True, 'formula': 'Ca1 Pr11 Y4', 'chemical_system': 'Ca-Pr-Y', 'num_sites': 16, 'raw_valid_reason': '', 'relaxed_cif_path': 'provenance://mattergen/outputs/dielectric_rl/direct_rl_target12_online/matinvent_style_target12_tri_fixed_scaler_gpu/loop_0002/postprocess/relaxed/relaxed_cifs/gen_22_relaxed.cif', 'relaxation_success': True, 'total_energy': -79.69142150878906, 'composition_valid': True, 'structure_valid': True, 'structure_comp_valid': True, 'reference_name': 'TRI2024', 'is_unique': True, 'is_novel': True, 'stable': True, 'predicted_dielectric_scalar': 12.655649943444194, 'predicted_tensor': '[[12.654395777589233, -0.0002234941912920587, -2.4728492784022512e-05], [-0.0002234941912920587, 12.654183564401325, 2.6611385858183065e-05], [-2.4728492784022512e-05, 2.6611385858183065e-05, 12.658370488342012]]', 'volume': 566.2198182953399, 'prediction_success': True, 'target_dielectric_scalar': 12.0, 'abs_error': 0.6556499434441942, 'reward_raw': 0.9476835826268438, 'reward_final': 0.947683572769165, 'gate_reason': '', 'reward_final_diversity': 0.947683572769165, 'diversity_penalty': False, 'selection_rank': 3}",CaPr11Y4,"('Ca', 'Pr', 'Y')",0.947683572769165
"{'structure_id': 'gen_10', 'cif_path': 'provenance://mattergen/outputs/dielectric_rl/direct_rl_target12_online/matinvent_style_target12_tri_fixed_scaler_gpu/loop_0023/postprocess/input_cifs/gen_10.cif', 'input_cif_path': 'provenance://mattergen/outputs/dielectric_rl/direct_rl_target12_online/matinvent_style_target12_tri_fixed_scaler_gpu/loop_0023/postprocess/input_cifs/gen_10.cif', 'raw_valid': True, 'formula': 'Sr2 Ga6 Ag4', 'chemical_system': 'Ag-Ga-Sr', 'num_sites': 12, 'raw_valid_reason': '', 'relaxed_cif_path': 'provenance://mattergen/outputs/dielectric_rl/direct_rl_target12_online/matinvent_style_target12_tri_fixed_scaler_gpu/loop_0023/postprocess/relaxed/relaxed_cifs/gen_10_relaxed.cif', 'relaxation_success': True, 'total_energy': -35.89529037475586, 'composition_valid': True, 'structure_valid': True, 'structure_comp_valid': True, 'reference_name': 'TRI2024', 'is_unique': True, 'is_novel': True, 'stable': True, 'predicted_dielectric_scalar': 12.674891160537872, 'predicted_tensor': '[[14.099151647731242, 0.001023601181024109, 0.0030266997362074885], [0.001023601181024109, 11.899034747184583, 0.27385015521942363], [0.0030266997362074885, 0.27385015521942363, 12.0264870866978]]', 'volume': 266.4103539314264, 'prediction_success': True, 'target_dielectric_scalar': 12.0, 'abs_error': 0.6748911605378716, 'reward_raw': 0.9446556968624731, 'reward_final': 0.94465571641922, 'gate_reason': '', 'reward_final_diversity': 0.94465571641922, 'diversity_penalty': False, 'selection_rank': 2}",SrGa3Ag2,"('Ag', 'Ga', 'Sr')",0.94465571641922
"{'structure_id': 'gen_15', 'cif_path': 'provenance://mattergen/outputs/dielectric_rl/direct_rl_target12_online/matinvent_style_target12_tri_fixed_scaler_gpu/loop_0016/postprocess/input_cifs/gen_15.cif', 'input_cif_path': 'provenance://mattergen/outputs/dielectric_rl/direct_rl_target12_online/matinvent_style_target12_tri_fixed_scaler_gpu/loop_0016/postprocess/input_cifs/gen_15.cif', 'raw_valid': True, 'formula': 'Tb2 Nd1 Y2 Tm2', 'chemical_system': 'Nd-Tb-Tm-Y', 'num_sites': 7, 'raw_valid_reason': '', 'relaxed_cif_path': 'provenance://mattergen/outputs/dielectric_rl/direct_rl_target12_online/matinvent_style_target12_tri_fixed_scaler_gpu/loop_0016/postprocess/relaxed/relaxed_cifs/gen_15_relaxed.cif', 'relaxation_success': True, 'total_energy': -35.656585693359375, 'composition_valid': True, 'structure_valid': True, 'structure_comp_valid': True, 'reference_name': 'TRI2024', 'is_unique': True, 'is_novel': True, 'stable': True, 'predicted_dielectric_scalar': 11.315207593984452, 'predicted_tensor': '[[11.214239906565224, -0.00038921857851101057, -0.0008632944350727485], [-0.00038921857851101057, 11.231701627147073, 0.05320265274278119], [-0.0008632944350727485, 0.05320265274278119, 11.499681248241055]]', 'volume': 224.8028119879864, 'prediction_success': True, 'target_dielectric_scalar': 12.0, 'abs_error': 0.6847924060155481, 'reward_raw': 0.9430673480998593, 'reward_final': 0.9430673718452454, 'gate_reason': '', 'reward_final_diversity': 0.9430673718452454, 'diversity_penalty': False, 'selection_rank': 1}",Tb2Nd(YTm)2,"('Nd', 'Tb', 'Tm', 'Y')",0.9430673718452454
"{'structure_id': 'gen_61', 'cif_path': 'provenance://mattergen/outputs/dielectric_rl/direct_rl_target12_online/matinvent_style_target12_tri_fixed_scaler_gpu/loop_0012/postprocess/input_cifs/gen_61.cif', 'input_cif_path': 'provenance://mattergen/outputs/dielectric_rl/direct_rl_target12_online/matinvent_style_target12_tri_fixed_scaler_gpu/loop_0012/postprocess/input_cifs/gen_61.cif', 'raw_valid': True, 'formula': 'Sr4 Tl6 Pb2', 'chemical_system': 'Pb-Sr-Tl', 'num_sites': 12, 'raw_valid_reason': nan, 'relaxed_cif_path': 'provenance://mattergen/outputs/dielectric_rl/direct_rl_target12_online/matinvent_style_target12_tri_fixed_scaler_gpu/loop_0012/postprocess/relaxed/relaxed_cifs/gen_61_relaxed.cif', 'relaxation_success': True, 'total_energy': -32.42689895629883, 'composition_valid': True, 'structure_valid': True, 'structure_comp_valid': True, 'reference_name': 'TRI2024', 'is_unique': True, 'is_novel': True, 'stable': True, 'predicted_dielectric_scalar': 12.696116862905583, 'predicted_tensor': '[[12.721051601007334, -1.279892419143982, 0.0014979628864557756], [-1.279892419143982, 11.89549747659756, -0.0002921190955226105], [0.0014979628864557756, -0.0002921190955226105, 13.471801511111861]]', 'volume': 402.378479985842, 'prediction_success': True, 'target_dielectric_scalar': 12.0, 'abs_error': 0.6961168629055834, 'reward_raw': 0.9412256821935819, 'reward_final': 0.9412257075309753, 'gate_reason': '', 'reward_final_diversity': 0.9412257075309753, 'diversity_penalty': False, 'selection_rank': 2}",Sr2Tl3Pb,"('Pb', 'Sr', 'Tl')",0.9412257075309752
"{'structure_id': 'gen_51', 'cif_path': 'provenance://mattergen/outputs/dielectric_rl/direct_rl_target12_online/matinvent_style_target12_tri_fixed_scaler_gpu/loop_0021/postprocess/input_cifs/gen_51.cif', 'input_cif_path': 'provenance://mattergen/outputs/dielectric_rl/direct_rl_target12_online/matinvent_style_target12_tri_fixed_scaler_gpu/loop_0021/postprocess/input_cifs/gen_51.cif', 'raw_valid': True, 'formula': 'Ba2 In7 Ag3', 'chemical_system': 'Ag-Ba-In', 'num_sites': 12, 'raw_valid_reason': '', 'relaxed_cif_path': 'provenance://mattergen/outputs/dielectric_rl/direct_rl_target12_online/matinvent_style_target12_tri_fixed_scaler_gpu/loop_0021/postprocess/relaxed/relaxed_cifs/gen_51_relaxed.cif', 'relaxation_success': True, 'total_energy': -34.65201187133789, 'composition_valid': True, 'structure_valid': True, 'structure_comp_valid': True, 'reference_name': 'TRI2024', 'is_unique': True, 'is_novel': True, 'stable': True, 'predicted_dielectric_scalar': 12.721231538169164, 'predicted_tensor': '[[12.439120759241538, -0.4313857203627769, -0.010908300923584462], [-0.4313857203627769, 12.020388349929531, 0.00442333446399672], [-0.010908300923584462, 0.00442333446399672, 13.704185505336417]]', 'volume': 335.87292947857, 'prediction_success': True, 'target_dielectric_scalar': 12.0, 'abs_error': 0.7212315381691639, 'reward_raw': 0.9370469732567528, 'reward_final': 0.9370469450950623, 'gate_reason': '', 'reward_final_diversity': 0.9370469450950623, 'diversity_penalty': False, 'selection_rank': 2}",Ba2In7Ag3,"('Ag', 'Ba', 'In')",0.9370469450950623
"{'structure_id': 'gen_12', 'cif_path': 'provenance://mattergen/outputs/dielectric_rl/direct_rl_target12_online/matinvent_style_target12_tri_fixed_scaler_gpu/loop_0015/postprocess/input_cifs/gen_12.cif', 'input_cif_path': 'provenance://mattergen/outputs/dielectric_rl/direct_rl_target12_online/matinvent_style_target12_tri_fixed_scaler_gpu/loop_0015/postprocess/input_cifs/gen_12.cif', 'raw_valid': True, 'formula': 'Y4 Ho2 Er4 Tm2', 'chemical_system': 'Er-Ho-Tm-Y', 'num_sites': 12, 'raw_valid_reason': '', 'relaxed_cif_path': 'provenance://mattergen/outputs/dielectric_rl/direct_rl_target12_online/matinvent_style_target12_tri_fixed_scaler_gpu/loop_0015/postprocess/relaxed/relaxed_cifs/gen_12_relaxed.cif', 'relaxation_success': True, 'total_energy': -61.93538284301758, 'composition_valid': True, 'structure_valid': True, 'structure_comp_valid': True, 'reference_name': 'TRI2024', 'is_unique': True, 'is_novel': True, 'stable': True, 'predicted_dielectric_scalar': 12.80224710774881, 'predicted_tensor': '[[13.013521953147334, 0.001375214760196205, -0.0007389003740660254], [0.001375214760196205, 12.630269107351696, 0.09262395646142246], [-0.0007389003740660254, 0.09262395646142246, 12.76295026274739]]', 'volume': 375.7635229942074, 'prediction_success': True, 'target_dielectric_scalar': 12.0, 'abs_error': 0.8022471077488103, 'reward_raw': 0.9227009888223288, 'reward_final': 0.9227010011672974, 'gate_reason': '', 'reward_final_diversity': 0.9227010011672974, 'diversity_penalty': False, 'selection_rank': 2}",Y2HoEr2Tm,"('Er', 'Ho', 'Tm', 'Y')",0.9227010011672974
"{'structure_id': 'gen_45', 'cif_path': 'provenance://mattergen/outputs/dielectric_rl/direct_rl_target12_online/matinvent_style_target12_tri_fixed_scaler_gpu/loop_0020/postprocess/input_cifs/gen_45.cif', 'input_cif_path': 'provenance://mattergen/outputs/dielectric_rl/direct_rl_target12_online/matinvent_style_target12_tri_fixed_scaler_gpu/loop_0020/postprocess/input_cifs/gen_45.cif', 'raw_valid': True, 'formula': 'Tb12 Ni7 Au1', 'chemical_system': 'Au-Ni-Tb', 'num_sites': 20, 'raw_valid_reason': '', 'relaxed_cif_path': 'provenance://mattergen/outputs/dielectric_rl/direct_rl_target12_online/matinvent_style_target12_tri_fixed_scaler_gpu/loop_0020/postprocess/relaxed/relaxed_cifs/gen_45_relaxed.cif', 'relaxation_success': True, 'total_energy': -105.90279388427734, 'composition_valid': True, 'structure_valid': True, 'structure_comp_valid': True, 'reference_name': 'TRI2024', 'is_unique': True, 'is_novel': True, 'stable': True, 'predicted_dielectric_scalar': 12.919422916597291, 'predicted_tensor': '[[12.970291870675414, -0.03695290933421358, 0.06428528254115524], [-0.03695290933421358, 12.94330571568101, 0.08813709784849207], [0.06428528254115524, 0.08813709784849207, 12.844671163435457]]', 'volume': 463.9016615112983, 'prediction_success': True, 'target_dielectric_scalar': 12.0, 'abs_error': 0.9194229165972914, 'reward_raw': 0.8997239252426531, 'reward_final': 0.8997239470481873, 'gate_reason': '', 'reward_final_diversity': 0.8997239470481873, 'diversity_penalty': False, 'selection_rank': 5}",Tb12Ni7Au,"('Au', 'Ni', 'Tb')",0.8997239470481873
"{'structure_id': 'gen_58', 'cif_path': 'provenance://mattergen/outputs/dielectric_rl/direct_rl_target12_online/matinvent_style_target12_tri_fixed_scaler_gpu/loop_0023/postprocess/input_cifs/gen_58.cif', 'input_cif_path': 'provenance://mattergen/outputs/dielectric_rl/direct_rl_target12_online/matinvent_style_target12_tri_fixed_scaler_gpu/loop_0023/postprocess/input_cifs/gen_58.cif', 'raw_valid': True, 'formula': 'Tb4 Al2 Ag4', 'chemical_system': 'Ag-Al-Tb', 'num_sites': 10, 'raw_valid_reason': '', 'relaxed_cif_path': 'provenance://mattergen/outputs/dielectric_rl/direct_rl_target12_online/matinvent_style_target12_tri_fixed_scaler_gpu/loop_0023/postprocess/relaxed/relaxed_cifs/gen_58_relaxed.cif', 'relaxation_success': True, 'total_energy': -40.45752716064453, 'composition_valid': True, 'structure_valid': True, 'structure_comp_valid': True, 'reference_name': 'TRI2024', 'is_unique': True, 'is_novel': True, 'stable': True, 'predicted_dielectric_scalar': 12.93756964776148, 'predicted_tensor': '[[11.821545682718535, 0.00024228653966501223, 0.001181559644105539], [0.00024228653966501223, 13.497764232466976, -0.00015455162713463866], [0.001181559644105539, -0.00015455162713463866, 13.493399028098922]]', 'volume': 232.46379217239996, 'prediction_success': True, 'target_dielectric_scalar': 12.0, 'abs_error': 0.9375696477614799, 'reward_raw': 0.8959419952468765, 'reward_final': 0.895941972732544, 'gate_reason': '', 'reward_final_diversity': 0.895941972732544, 'diversity_penalty': False, 'selection_rank': 3}",Tb2AlAg2,"('Ag', 'Al', 'Tb')",0.895941972732544
"{'structure_id': 'gen_42', 'cif_path': 'provenance://mattergen/outputs/dielectric_rl/direct_rl_target12_online/matinvent_style_target12_tri_fixed_scaler_gpu/loop_0000/postprocess/input_cifs/gen_42.cif', 'input_cif_path': 'provenance://mattergen/outputs/dielectric_rl/direct_rl_target12_online/matinvent_style_target12_tri_fixed_scaler_gpu/loop_0000/postprocess/input_cifs/gen_42.cif', 'raw_valid': True, 'formula': 'Tb2 Nd2 Y1 Al2', 'chemical_system': 'Al-Nd-Tb-Y', 'num_sites': 7, 'raw_valid_reason': '', 'relaxed_cif_path': 'provenance://mattergen/outputs/dielectric_rl/direct_rl_target12_online/matinvent_style_target12_tri_fixed_scaler_gpu/loop_0000/postprocess/relaxed/relaxed_cifs/gen_42_relaxed.cif', 'relaxation_success': True, 'total_energy': -34.18887710571289, 'composition_valid': True, 'structure_valid': True, 'structure_comp_valid': True, 'reference_name': 'TRI2024', 'is_unique': True, 'is_novel': True, 'stable': True, 'predicted_dielectric_scalar': 12.938419763879658, 'predicted_tensor': '[[13.632211615511956, 0.00018099871527760004, 0.00011660416896092694], [0.00018099871527760004, 12.419182199444865, -0.04638339895637652], [0.00011660416896092694, -0.04638339895637652, 12.763865476682152]]', 'volume': 198.3160005046269, 'prediction_success': True, 'target_dielectric_scalar': 12.0, 'abs_error': 0.9384197638796579, 'reward_raw': 0.8957634060220859, 'reward_final': 0.8957633972167969, 'gate_reason': '', 'reward_final_diversity': 0.8957633972167969, 'diversity_penalty': False, 'selection_rank': 1}",Tb2Nd2YAl2,"('Al', 'Nd', 'Tb', 'Y')",0.8957633972167969
"{'structure_id': 'gen_2', 'cif_path': 'provenance://mattergen/outputs/dielectric_rl/direct_rl_target12_online/matinvent_style_target12_tri_fixed_scaler_gpu/loop_0023/postprocess/input_cifs/gen_2.cif', 'input_cif_path': 'provenance://mattergen/outputs/dielectric_rl/direct_rl_target12_online/matinvent_style_target12_tri_fixed_scaler_gpu/loop_0023/postprocess/input_cifs/gen_2.cif', 'raw_valid': True, 'formula': 'Li2 Y1 Cd2 Au2', 'chemical_system': 'Au-Cd-Li-Y', 'num_sites': 7, 'raw_valid_reason': '', 'relaxed_cif_path': 'provenance://mattergen/outputs/dielectric_rl/direct_rl_target12_online/matinvent_style_target12_tri_fixed_scaler_gpu/loop_0023/postprocess/relaxed/relaxed_cifs/gen_2_relaxed.cif', 'relaxation_success': True, 'total_energy': -22.11989974975586, 'composition_valid': True, 'structure_valid': True, 'structure_comp_valid': True, 'reference_name': 'TRI2024', 'is_unique': True, 'is_novel': True, 'stable': True, 'predicted_dielectric_scalar': 12.97588241913586, 'predicted_tensor': '[[14.604713121591244, 0.016436927211257522, 0.00015137465799113675], [0.016436927211257522, 14.578657351942386, 0.0011401177818236312], [0.00015137465799113675, 0.0011401177818236312, 9.744276783873955]]', 'volume': 141.26819569085765, 'prediction_success': True, 'target_dielectric_scalar': 12.0, 'abs_error': 0.9758824191358606, 'reward_raw': 0.8877693488655941, 'reward_final': 0.887769341468811, 'gate_reason': '', 'reward_final_diversity': 0.887769341468811, 'diversity_penalty': False, 'selection_rank': 4}",Li2Y(CdAu)2,"('Au', 'Cd', 'Li', 'Y')",0.887769341468811
"{'structure_id': 'gen_40', 'cif_path': 'provenance://mattergen/outputs/dielectric_rl/direct_rl_target12_online/matinvent_style_target12_tri_fixed_scaler_gpu/loop_0004/postprocess/input_cifs/gen_40.cif', 'input_cif_path': 'provenance://mattergen/outputs/dielectric_rl/direct_rl_target12_online/matinvent_style_target12_tri_fixed_scaler_gpu/loop_0004/postprocess/input_cifs/gen_40.cif', 'raw_valid': True, 'formula': 'Li2 Cd12 In3 Hg1', 'chemical_system': 'Cd-Hg-In-Li', 'num_sites': 18, 'raw_valid_reason': '', 'relaxed_cif_path': 'provenance://mattergen/outputs/dielectric_rl/direct_rl_target12_online/matinvent_style_target12_tri_fixed_scaler_gpu/loop_0004/postprocess/relaxed/relaxed_cifs/gen_40_relaxed.cif', 'relaxation_success': True, 'total_energy': -23.81429100036621, 'composition_valid': True, 'structure_valid': True, 'structure_comp_valid': True, 'reference_name': 'TRI2024', 'is_unique': True, 'is_novel': True, 'stable': True, 'predicted_dielectric_scalar': 12.98538311607608, 'predicted_tensor': '[[12.903995395669687, -0.3891719131672962, 0.1720614559799438], [-0.3891719131672962, 12.938911852169033, 0.19764295505286517], [0.1720614559799438, 0.19764295505286517, 13.113242100389522]]', 'volume': 423.15676722624585, 'prediction_success': True, 'target_dielectric_scalar': 12.0, 'abs_error': 0.9853831160760809, 'reward_raw': 0.8857039860890867, 'reward_final': 0.885703980922699, 'gate_reason': '', 'reward_final_diversity': 0.885703980922699, 'diversity_penalty': False, 'selection_rank': 3}",Li2Cd12In3Hg,"('Cd', 'Hg', 'In', 'Li')",0.885703980922699
"{'structure_id': 'gen_10', 'cif_path': 'provenance://mattergen/outputs/dielectric_rl/direct_rl_target12_online/matinvent_style_target12_tri_fixed_scaler_gpu/loop_0010/postprocess/input_cifs/gen_10.cif', 'input_cif_path': 'provenance://mattergen/outputs/dielectric_rl/direct_rl_target12_online/matinvent_style_target12_tri_fixed_scaler_gpu/loop_0010/postprocess/input_cifs/gen_10.cif', 'raw_valid': True, 'formula': 'La2 Nd1 Sm7 Y2', 'chemical_system': 'La-Nd-Sm-Y', 'num_sites': 12, 'raw_valid_reason': '', 'relaxed_cif_path': 'provenance://mattergen/outputs/dielectric_rl/direct_rl_target12_online/matinvent_style_target12_tri_fixed_scaler_gpu/loop_0010/postprocess/relaxed/relaxed_cifs/gen_10_relaxed.cif', 'relaxation_success': True, 'total_energy': -59.85259246826172, 'composition_valid': True, 'structure_valid': True, 'structure_comp_valid': True, 'reference_name': 'TRI2024', 'is_unique': True, 'is_novel': True, 'stable': True, 'predicted_dielectric_scalar': 12.985715254025031, 'predicted_tensor': '[[13.1561046086815, -0.00015983339137700276, -3.1021711404625164e-05], [-0.00015983339137700276, 12.894344158500553, 0.10495367524840551], [-3.1021711404625164e-05, 0.10495367524840551, 12.906696994893055]]', 'volume': 410.9014127622895, 'prediction_success': True, 'target_dielectric_scalar': 12.0, 'abs_error': 0.9857152540250311, 'reward_raw': 0.8856315078488034, 'reward_final': 0.8856315016746521, 'gate_reason': '', 'reward_final_diversity': 0.8856315016746521, 'diversity_penalty': False, 'selection_rank': 4}",La2NdSm7Y2,"('La', 'Nd', 'Sm', 'Y')",0.8856315016746521
"{'structure_id': 'gen_20', 'cif_path': 'provenance://mattergen/outputs/dielectric_rl/direct_rl_target12_online/matinvent_style_target12_tri_fixed_scaler_gpu/loop_0005/postprocess/input_cifs/gen_20.cif', 'input_cif_path': 'provenance://mattergen/outputs/dielectric_rl/direct_rl_target12_online/matinvent_style_target12_tri_fixed_scaler_gpu/loop_0005/postprocess/input_cifs/gen_20.cif', 'raw_valid': True, 'formula': 'Nd2 Sm1 Y2 Sc2', 'chemical_system': 'Nd-Sc-Sm-Y', 'num_sites': 7, 'raw_valid_reason': '', 'relaxed_cif_path': 'provenance://mattergen/outputs/dielectric_rl/direct_rl_target12_online/matinvent_style_target12_tri_fixed_scaler_gpu/loop_0005/postprocess/relaxed/relaxed_cifs/gen_20_relaxed.cif', 'relaxation_success': True, 'total_energy': -39.46270751953125, 'composition_valid': True, 'structure_valid': True, 'structure_comp_valid': True, 'reference_name': 'TRI2024', 'is_unique': True, 'is_novel': True, 'stable': True, 'predicted_dielectric_scalar': 12.986340094768176, 'predicted_tensor': '[[13.081180984202415, -0.00035110086065201794, -0.0012479258869029818], [-0.00035110086065201794, 13.183489046417565, -0.09689632137044982], [-0.0012479258869029818, -0.09689632137044982, 12.69435025368455]]', 'volume': 218.0544621708189, 'prediction_success': True, 'target_dielectric_scalar': 12.0, 'abs_error': 0.9863400947681757, 'reward_raw': 0.8854951066881316, 'reward_final': 0.885495126247406, 'gate_reason': '', 'reward_final_diversity': 0.885495126247406, 'diversity_penalty': False, 'selection_rank': 4}",Nd2Sm(YSc)2,"('Nd', 'Sc', 'Sm', 'Y')",0.885495126247406
"{'structure_id': 'gen_48', 'cif_path': 'provenance://mattergen/outputs/dielectric_rl/direct_rl_target12_online/matinvent_style_target12_tri_fixed_scaler_gpu/loop_0020/postprocess/input_cifs/gen_48.cif', 'input_cif_path': 'provenance://mattergen/outputs/dielectric_rl/direct_rl_target12_online/matinvent_style_target12_tri_fixed_scaler_gpu/loop_0020/postprocess/input_cifs/gen_48.cif', 'raw_valid': True, 'formula': 'Na5 Tl9 Cd4', 'chemical_system': 'Cd-Na-Tl', 'num_sites': 18, 'raw_valid_reason': '', 'relaxed_cif_path': 'provenance://mattergen/outputs/dielectric_rl/direct_rl_target12_online/matinvent_style_target12_tri_fixed_scaler_gpu/loop_0020/postprocess/relaxed/relaxed_cifs/gen_48_relaxed.cif', 'relaxation_success': True, 'total_energy': -32.32326126098633, 'composition_valid': True, 'structure_valid': True, 'structure_comp_valid': True, 'reference_name': 'TRI2024', 'is_unique': True, 'is_novel': True, 'stable': True, 'predicted_dielectric_scalar': 12.994553924236437, 'predicted_tensor': '[[13.156243133193813, -0.008668827959133242, 0.007928776449868278], [-0.008668827959133242, 13.088874694099657, 0.9029243518443869], [0.007928776449868278, 0.9029243518443869, 12.738543945415826]]', 'volume': 527.911340928652, 'prediction_success': True, 'target_dielectric_scalar': 12.0, 'abs_error': 0.9945539242364365, 'reward_raw': 0.8836959808809323, 'reward_final': 0.8836959600448608, 'gate_reason': '', 'reward_final_diversity': 0.8836959600448608, 'diversity_penalty': False, 'selection_rank': 6}",Na5Tl9Cd4,"('Cd', 'Na', 'Tl')",0.8836959600448608
"{'structure_id': 'gen_44', 'cif_path': 'provenance://mattergen/outputs/dielectric_rl/direct_rl_target12_online/matinvent_style_target12_tri_fixed_scaler_gpu/loop_0015/postprocess/input_cifs/gen_44.cif', 'input_cif_path': 'provenance://mattergen/outputs/dielectric_rl/direct_rl_target12_online/matinvent_style_target12_tri_fixed_scaler_gpu/loop_0015/postprocess/input_cifs/gen_44.cif', 'raw_valid': True, 'formula': 'Sr6 In10', 'chemical_system': 'In-Sr', 'num_sites': 16, 'raw_valid_reason': '', 'relaxed_cif_path': 'provenance://mattergen/outputs/dielectric_rl/direct_rl_target12_online/matinvent_style_target12_tri_fixed_scaler_gpu/loop_0015/postprocess/relaxed/relaxed_cifs/gen_44_relaxed.cif', 'relaxation_success': True, 'total_energy': -43.81575393676758, 'composition_valid': True, 'structure_valid': True, 'structure_comp_valid': True, 'reference_name': 'TRI2024', 'is_unique': True, 'is_novel': True, 'stable': True, 'predicted_dielectric_scalar': 10.9718597333978, 'predicted_tensor': '[[10.611637512259218, 0.399164531374678, -0.0019438423701916886], [0.399164531374678, 10.780831454237532, -0.005234352923367949], [-0.0019438423701916886, -0.005234352923367949, 11.523110233696645]]', 'volume': 518.8096481098501, 'prediction_success': True, 'target_dielectric_scalar': 12.0, 'abs_error': 1.0281402666022004, 'reward_raw': 0.8762235285870066, 'reward_final': 0.8762235045433044, 'gate_reason': '', 'reward_final_diversity': 0.8762235045433044, 'diversity_penalty': False, 'selection_rank': 3}",Sr3In5,"('In', 'Sr')",0.8762235045433044
"{'structure_id': 'gen_61', 'cif_path': 'provenance://mattergen/outputs/dielectric_rl/direct_rl_target12_online/matinvent_style_target12_tri_fixed_scaler_gpu/loop_0007/postprocess/input_cifs/gen_61.cif', 'input_cif_path': 'provenance://mattergen/outputs/dielectric_rl/direct_rl_target12_online/matinvent_style_target12_tri_fixed_scaler_gpu/loop_0007/postprocess/input_cifs/gen_61.cif', 'raw_valid': True, 'formula': 'Ca1 Tl1 Hg5 Pd1', 'chemical_system': 'Ca-Hg-Pd-Tl', 'num_sites': 8, 'raw_valid_reason': '', 'relaxed_cif_path': 'provenance://mattergen/outputs/dielectric_rl/direct_rl_target12_online/matinvent_style_target12_tri_fixed_scaler_gpu/loop_0007/postprocess/relaxed/relaxed_cifs/gen_61_relaxed.cif', 'relaxation_success': True, 'total_energy': -12.535567283630371, 'composition_valid': True, 'structure_valid': True, 'structure_comp_valid': True, 'reference_name': 'TRI2024', 'is_unique': True, 'is_novel': True, 'stable': True, 'predicted_dielectric_scalar': 13.070556418120818, 'predicted_tensor': '[[13.764056166016664, 0.3506090227210539, -0.005875690645653925], [0.3506090227210539, 11.502333510107045, 0.00752438136185506], [-0.005875690645653925, 0.00752438136185506, 13.945279578238749]]', 'volume': 206.0640101156324, 'prediction_success': True, 'target_dielectric_scalar': 12.0, 'abs_error': 1.0705564181208178, 'reward_raw': 0.8665275458480971, 'reward_final': 0.8665275573730469, 'gate_reason': '', 'reward_final_diversity': 0.8665275573730469, 'diversity_penalty': False, 'selection_rank': 2}",CaTlHg5Pd,"('Ca', 'Hg', 'Pd', 'Tl')",0.8665275573730469
"{'structure_id': 'gen_35', 'cif_path': 'provenance://mattergen/outputs/dielectric_rl/direct_rl_target12_online/matinvent_style_target12_tri_fixed_scaler_gpu/loop_0004/postprocess/input_cifs/gen_35.cif', 'input_cif_path': 'provenance://mattergen/outputs/dielectric_rl/direct_rl_target12_online/matinvent_style_target12_tri_fixed_scaler_gpu/loop_0004/postprocess/input_cifs/gen_35.cif', 'raw_valid': True, 'formula': 'Ca2 Ce3 Dy1 Se6', 'chemical_system': 'Ca-Ce-Dy-Se', 'num_sites': 12, 'raw_valid_reason': '', 'relaxed_cif_path': 'provenance://mattergen/outputs/dielectric_rl/direct_rl_target12_online/matinvent_style_target12_tri_fixed_scaler_gpu/loop_0004/postprocess/relaxed/relaxed_cifs/gen_35_relaxed.cif', 'relaxation_success': True, 'total_energy': -69.38607788085938, 'composition_valid': True, 'structure_valid': True, 'structure_comp_valid': True, 'reference_name': 'TRI2024', 'is_unique': True, 'is_novel': True, 'stable': True, 'predicted_dielectric_scalar': 10.919395523617656, 'predicted_tensor': '[[9.903397978567838, -0.2733096470363059, -0.50212337314754], [-0.2733096470363059, 11.487780971083305, -0.0930193421952796], [-0.50212337314754, -0.0930193421952796, 11.367007621201832]]', 'volume': 312.55445420842176, 'prediction_success': True, 'target_dielectric_scalar': 12.0, 'abs_error': 1.0806044763823444, 'reward_raw': 0.8641894578502007, 'reward_final': 0.8641894459724426, 'gate_reason': '', 'reward_final_diversity': 0.8641894459724426, 'diversity_penalty': False, 'selection_rank': 4}",Ca2Ce3DySe6,"('Ca', 'Ce', 'Dy', 'Se')",0.8641894459724426
"{'structure_id': 'gen_7', 'cif_path': 'provenance://mattergen/outputs/dielectric_rl/direct_rl_target12_online/matinvent_style_target12_tri_fixed_scaler_gpu/loop_0001/postprocess/input_cifs/gen_7.cif', 'input_cif_path': 'provenance://mattergen/outputs/dielectric_rl/direct_rl_target12_online/matinvent_style_target12_tri_fixed_scaler_gpu/loop_0001/postprocess/input_cifs/gen_7.cif', 'raw_valid': True, 'formula': 'Tb1 Sm1 Dy2 Er1 Mg2', 'chemical_system': 'Dy-Er-Mg-Sm-Tb', 'num_sites': 7, 'raw_valid_reason': '', 'relaxed_cif_path': 'provenance://mattergen/outputs/dielectric_rl/direct_rl_target12_online/matinvent_style_target12_tri_fixed_scaler_gpu/loop_0001/postprocess/relaxed/relaxed_cifs/gen_7_relaxed.cif', 'relaxation_success': True, 'total_energy': -26.093860626220703, 'composition_valid': True, 'structure_valid': True, 'structure_comp_valid': True, 'reference_name': 'TRI2024', 'is_unique': True, 'is_novel': True, 'stable': True, 'predicted_dielectric_scalar': 10.912196074448447, 'predicted_tensor': '[[10.837199045579945, 6.0135599045665184e-05, -5.225920721432527e-05], [6.0135599045665184e-05, 10.837129145596307, -4.410050362107367e-05], [-5.225920721432527e-05, -4.410050362107367e-05, 11.062260032169084]]', 'volume': 204.397857430668, 'prediction_success': True, 'target_dielectric_scalar': 12.0, 'abs_error': 1.0878039255515528, 'reward_raw': 0.862504707124665, 'reward_final': 0.8625047206878662, 'gate_reason': '', 'reward_final_diversity': 0.8625047206878662, 'diversity_penalty': False, 'selection_rank': 3}",TbSmDy2ErMg2,"('Dy', 'Er', 'Mg', 'Sm', 'Tb')",0.8625047206878662
"{'structure_id': 'gen_61', 'cif_path': 'provenance://mattergen/outputs/dielectric_rl/direct_rl_target12_online/matinvent_style_target12_tri_fixed_scaler_gpu/loop_0018/postprocess/input_cifs/gen_61.cif', 'input_cif_path': 'provenance://mattergen/outputs/dielectric_rl/direct_rl_target12_online/matinvent_style_target12_tri_fixed_scaler_gpu/loop_0018/postprocess/input_cifs/gen_61.cif', 'raw_valid': True, 'formula': 'Sr4 In3 Au3', 'chemical_system': 'Au-In-Sr', 'num_sites': 10, 'raw_valid_reason': '', 'relaxed_cif_path': 'provenance://mattergen/outputs/dielectric_rl/direct_rl_target12_online/matinvent_style_target12_tri_fixed_scaler_gpu/loop_0018/postprocess/relaxed/relaxed_cifs/gen_61_relaxed.cif', 'relaxation_success': True, 'total_energy': -30.849224090576172, 'composition_valid': True, 'structure_valid': True, 'structure_comp_valid': True, 'reference_name': 'TRI2024', 'is_unique': True, 'is_novel': True, 'stable': True, 'predicted_dielectric_scalar': 13.129495070016384, 'predicted_tensor': '[[10.222750244239684, 0.0008433629490740452, -0.0007237473081336157], [0.0008433629490740452, 14.526411211356345, -0.5303201105964885], [-0.0007237473081336157, -0.5303201105964885, 14.63932375445313]]', 'volume': 300.78575228835643, 'prediction_success': True, 'target_dielectric_scalar': 12.0, 'abs_error': 1.1294950700163842, 'reward_raw': 0.8525956393902523, 'reward_final': 0.8525956273078918, 'gate_reason': '', 'reward_final_diversity': 0.8525956273078918, 'diversity_penalty': False, 'selection_rank': 3}",Sr4(InAu)3,"('Au', 'In', 'Sr')",0.8525956273078918
"{'structure_id': 'gen_18', 'cif_path': 'provenance://mattergen/outputs/dielectric_rl/direct_rl_target12_online/matinvent_style_target12_tri_fixed_scaler_gpu/loop_0021/postprocess/input_cifs/gen_18.cif', 'input_cif_path': 'provenance://mattergen/outputs/dielectric_rl/direct_rl_target12_online/matinvent_style_target12_tri_fixed_scaler_gpu/loop_0021/postprocess/input_cifs/gen_18.cif', 'raw_valid': True, 'formula': 'Ba2 Zn4 Au4', 'chemical_system': 'Au-Ba-Zn', 'num_sites': 10, 'raw_valid_reason': '', 'relaxed_cif_path': 'provenance://mattergen/outputs/dielectric_rl/direct_rl_target12_online/matinvent_style_target12_tri_fixed_scaler_gpu/loop_0021/postprocess/relaxed/relaxed_cifs/gen_18_relaxed.cif', 'relaxation_success': True, 'total_energy': -26.2744083404541, 'composition_valid': True, 'structure_valid': True, 'structure_comp_valid': True, 'reference_name': 'TRI2024', 'is_unique': True, 'is_novel': True, 'stable': True, 'predicted_dielectric_scalar': 13.166452208658766, 'predicted_tensor': '[[12.569818859144219, 0.20523083946658532, -1.049040854404643], [0.20523083946658532, 14.574247242464377, -0.7704683711539061], [-1.049040854404643, -0.7704683711539061, 12.355290524367687]]', 'volume': 232.9009744019358, 'prediction_success': True, 'target_dielectric_scalar': 12.0, 'abs_error': 1.1664522086587663, 'reward_raw': 0.8436004099828692, 'reward_final': 0.8436003923416138, 'gate_reason': '', 'reward_final_diversity': 0.8436003923416138, 'diversity_penalty': False, 'selection_rank': 3}",Ba(ZnAu)2,"('Au', 'Ba', 'Zn')",0.8436003923416138
"{'structure_id': 'gen_8', 'cif_path': 'provenance://mattergen/outputs/dielectric_rl/direct_rl_target12_online/matinvent_style_target12_tri_fixed_scaler_gpu/loop_0011/postprocess/input_cifs/gen_8.cif', 'input_cif_path': 'provenance://mattergen/outputs/dielectric_rl/direct_rl_target12_online/matinvent_style_target12_tri_fixed_scaler_gpu/loop_0011/postprocess/input_cifs/gen_8.cif', 'raw_valid': True, 'formula': 'Tb2 Er8 Tm2', 'chemical_system': 'Er-Tb-Tm', 'num_sites': 12, 'raw_valid_reason': '', 'relaxed_cif_path': 'provenance://mattergen/outputs/dielectric_rl/direct_rl_target12_online/matinvent_style_target12_tri_fixed_scaler_gpu/loop_0011/postprocess/relaxed/relaxed_cifs/gen_8_relaxed.cif', 'relaxation_success': True, 'total_energy': -54.540557861328125, 'composition_valid': True, 'structure_valid': True, 'structure_comp_valid': True, 'reference_name': 'TRI2024', 'is_unique': True, 'is_novel': True, 'stable': True, 'predicted_dielectric_scalar': 10.798021775828213, 'predicted_tensor': '[[10.866557670731686, 3.287246190217436e-05, -0.00012662100779609463], [3.287246190217436e-05, 10.78610567180204, -0.0012054337952479525], [-0.00012662100779609463, -0.0012054337952479525, 10.741401984950913]]', 'volume': 369.7292987552552, 'prediction_success': True, 'target_dielectric_scalar': 12.0, 'abs_error': 1.2019782241717873, 'reward_raw': 0.8347742446102653, 'reward_final': 0.8347742557525635, 'gate_reason': '', 'reward_final_diversity': 0.8347742557525635, 'diversity_penalty': False, 'selection_rank': 2}",TbEr4Tm,"('Er', 'Tb', 'Tm')",0.8347742557525635
"{'structure_id': 'gen_34', 'cif_path': 'provenance://mattergen/outputs/dielectric_rl/direct_rl_target12_online/matinvent_style_target12_tri_fixed_scaler_gpu/loop_0015/postprocess/input_cifs/gen_34.cif', 'input_cif_path': 'provenance://mattergen/outputs/dielectric_rl/direct_rl_target12_online/matinvent_style_target12_tri_fixed_scaler_gpu/loop_0015/postprocess/input_cifs/gen_34.cif', 'raw_valid': True, 'formula': 'Pr4 Dy3 Er1', 'chemical_system': 'Dy-Er-Pr', 'num_sites': 8, 'raw_valid_reason': '', 'relaxed_cif_path': 'provenance://mattergen/outputs/dielectric_rl/direct_rl_target12_online/matinvent_style_target12_tri_fixed_scaler_gpu/loop_0015/postprocess/relaxed/relaxed_cifs/gen_34_relaxed.cif', 'relaxation_success': True, 'total_energy': -37.29985046386719, 'composition_valid': True, 'structure_valid': True, 'structure_comp_valid': True, 'reference_name': 'TRI2024', 'is_unique': True, 'is_novel': True, 'stable': True, 'predicted_dielectric_scalar': 13.22681284876064, 'predicted_tensor': '[[13.28678034236485, -0.0005982470869298689, -0.00031961411579327717], [-0.0005982470869298689, 13.28715164728245, -0.000127305401220317], [-0.00031961411579327717, -0.000127305401220317, 13.106506556634628]]', 'volume': 269.6563463108687, 'prediction_success': True, 'target_dielectric_scalar': 12.0, 'abs_error': 1.2268128487606393, 'reward_raw': 0.8285039116725601, 'reward_final': 0.8285039067268372, 'gate_reason': '', 'reward_final_diversity': 0.8285039067268372, 'diversity_penalty': False, 'selection_rank': 4}",Pr4Dy3Er,"('Dy', 'Er', 'Pr')",0.8285039067268372
"{'structure_id': 'gen_29', 'cif_path': 'provenance://mattergen/outputs/dielectric_rl/direct_rl_target12_online/matinvent_style_target12_tri_fixed_scaler_gpu/loop_0016/postprocess/input_cifs/gen_29.cif', 'input_cif_path': 'provenance://mattergen/outputs/dielectric_rl/direct_rl_target12_online/matinvent_style_target12_tri_fixed_scaler_gpu/loop_0016/postprocess/input_cifs/gen_29.cif', 'raw_valid': True, 'formula': 'Ba2 Ca2 Bi2 Pb4', 'chemical_system': 'Ba-Bi-Ca-Pb', 'num_sites': 10, 'raw_valid_reason': '', 'relaxed_cif_path': 'provenance://mattergen/outputs/dielectric_rl/direct_rl_target12_online/matinvent_style_target12_tri_fixed_scaler_gpu/loop_0016/postprocess/relaxed/relaxed_cifs/gen_29_relaxed.cif', 'relaxation_success': True, 'total_energy': -36.0013313293457, 'composition_valid': True, 'structure_valid': True, 'structure_comp_valid': True, 'reference_name': 'TRI2024', 'is_unique': True, 'is_novel': True, 'stable': True, 'predicted_dielectric_scalar': 13.2279958539815, 'predicted_tensor': '[[14.085759073301345, 1.0293674262040898e-05, -0.0038856720076104988], [1.0293674262040898e-05, 14.192428956777484, 0.00025425166776011846], [-0.0038856720076104988, 0.00025425166776011846, 11.405799531865659]]', 'volume': 377.1838536295741, 'prediction_success': True, 'target_dielectric_scalar': 12.0, 'abs_error': 1.2279958539815006, 'reward_raw': 0.8282032139988298, 'reward_final': 0.8282032012939453, 'gate_reason': '', 'reward_final_diversity': 0.8282032012939453, 'diversity_penalty': False, 'selection_rank': 2}",BaCaBiPb2,"('Ba', 'Bi', 'Ca', 'Pb')",0.8282032012939453
"{'structure_id': 'gen_54', 'cif_path': 'provenance://mattergen/outputs/dielectric_rl/direct_rl_target12_online/matinvent_style_target12_tri_fixed_scaler_gpu/loop_0007/postprocess/input_cifs/gen_54.cif', 'input_cif_path': 'provenance://mattergen/outputs/dielectric_rl/direct_rl_target12_online/matinvent_style_target12_tri_fixed_scaler_gpu/loop_0007/postprocess/input_cifs/gen_54.cif', 'raw_valid': True, 'formula': 'Na4 Cd2 In2 Bi4', 'chemical_system': 'Bi-Cd-In-Na', 'num_sites': 12, 'raw_valid_reason': '', 'relaxed_cif_path': 'provenance://mattergen/outputs/dielectric_rl/direct_rl_target12_online/matinvent_style_target12_tri_fixed_scaler_gpu/loop_0007/postprocess/relaxed/relaxed_cifs/gen_54_relaxed.cif', 'relaxation_success': True, 'total_energy': -30.983840942382812, 'composition_valid': True, 'structure_valid': True, 'structure_comp_valid': True, 'reference_name': 'TRI2024', 'is_unique': True, 'is_novel': True, 'stable': True, 'predicted_dielectric_scalar': 13.235247170462308, 'predicted_tensor': '[[14.322351850319313, -0.0009097432869283264, 0.0019437969140059345], [-0.0009097432869283264, 14.008488316172228, 0.002315252752597787], [0.0019437969140059345, 0.002315252752597787, 11.374901344895383]]', 'volume': 373.4080352818992, 'prediction_success': True, 'target_dielectric_scalar': 12.0, 'abs_error': 1.2352471704623085, 'reward_raw': 0.8263561314392709, 'reward_final': 0.8263561129570007, 'gate_reason': '', 'reward_final_diversity': 0.8263561129570007, 'diversity_penalty': False, 'selection_rank': 3}",Na2CdInBi2,"('Bi', 'Cd', 'In', 'Na')",0.8263561129570007
"{'structure_id': 'gen_29', 'cif_path': 'provenance://mattergen/outputs/dielectric_rl/direct_rl_target12_online/matinvent_style_target12_tri_fixed_scaler_gpu/loop_0005/postprocess/input_cifs/gen_29.cif', 'input_cif_path': 'provenance://mattergen/outputs/dielectric_rl/direct_rl_target12_online/matinvent_style_target12_tri_fixed_scaler_gpu/loop_0005/postprocess/input_cifs/gen_29.cif', 'raw_valid': True, 'formula': 'Li1 Nd2 Ga8', 'chemical_system': 'Ga-Li-Nd', 'num_sites': 11, 'raw_valid_reason': '', 'relaxed_cif_path': 'provenance://mattergen/outputs/dielectric_rl/direct_rl_target12_online/matinvent_style_target12_tri_fixed_scaler_gpu/loop_0005/postprocess/relaxed/relaxed_cifs/gen_29_relaxed.cif', 'relaxation_success': True, 'total_energy': -40.224056243896484, 'composition_valid': True, 'structure_valid': True, 'structure_comp_valid': True, 'reference_name': 'TRI2024', 'is_unique': True, 'is_novel': True, 'stable': True, 'predicted_dielectric_scalar': 13.24673620268794, 'predicted_tensor': '[[13.13672622989621, -1.2742985890087155e-05, -0.0004164993124260027], [-1.2742985890087155e-05, 13.13705461773385, 4.6163928687098135e-05], [-0.0004164993124260027, 4.6163928687098135e-05, 13.466427760433776]]', 'volume': 223.85796629758144, 'prediction_success': True, 'target_dielectric_scalar': 12.0, 'abs_error': 1.2467362026879396, 'reward_raw': 0.823415870990124, 'reward_final': 0.8234158754348755, 'gate_reason': '', 'reward_final_diversity': 0.8234158754348755, 'diversity_penalty': False, 'selection_rank': 5}",Li(NdGa4)2,"('Ga', 'Li', 'Nd')",0.8234158754348755
"{'structure_id': 'gen_40', 'cif_path': 'provenance://mattergen/outputs/dielectric_rl/direct_rl_target12_online/matinvent_style_target12_tri_fixed_scaler_gpu/loop_0003/postprocess/input_cifs/gen_40.cif', 'input_cif_path': 'provenance://mattergen/outputs/dielectric_rl/direct_rl_target12_online/matinvent_style_target12_tri_fixed_scaler_gpu/loop_0003/postprocess/input_cifs/gen_40.cif', 'raw_valid': True, 'formula': 'Na2 Ag1 Rh1 N1', 'chemical_system': 'Ag-N-Na-Rh', 'num_sites': 5, 'raw_valid_reason': '', 'relaxed_cif_path': 'provenance://mattergen/outputs/dielectric_rl/direct_rl_target12_online/matinvent_style_target12_tri_fixed_scaler_gpu/loop_0003/postprocess/relaxed/relaxed_cifs/gen_40_relaxed.cif', 'relaxation_success': True, 'total_energy': -21.137001037597656, 'composition_valid': True, 'structure_valid': True, 'structure_comp_valid': True, 'reference_name': 'TRI2024', 'is_unique': True, 'is_novel': True, 'stable': True, 'predicted_dielectric_scalar': 10.732523639535083, 'predicted_tensor': '[[14.489668929781393, 3.745613550608132e-06, 2.332562327360059e-05], [3.745613550608132e-06, 8.853957698898418, -1.89207745385063e-05], [2.332562327360059e-05, -1.89207745385063e-05, 8.853944289925439]]', 'volume': 98.32237132163884, 'prediction_success': True, 'target_dielectric_scalar': 12.0, 'abs_error': 1.2674763604649169, 'reward_raw': 0.8180661803798638, 'reward_final': 0.8180661797523499, 'gate_reason': '', 'reward_final_diversity': 0.8180661797523499, 'diversity_penalty': False, 'selection_rank': 1}",Na2AgRhN,"('Ag', 'N', 'Na', 'Rh')",0.8180661797523499
"{'structure_id': 'gen_47', 'cif_path': 'provenance://mattergen/outputs/dielectric_rl/direct_rl_target12_online/matinvent_style_target12_tri_fixed_scaler_gpu/loop_0000/postprocess/input_cifs/gen_47.cif', 'input_cif_path': 'provenance://mattergen/outputs/dielectric_rl/direct_rl_target12_online/matinvent_style_target12_tri_fixed_scaler_gpu/loop_0000/postprocess/input_cifs/gen_47.cif', 'raw_valid': True, 'formula': 'Tb8 Tl1', 'chemical_system': 'Tb-Tl', 'num_sites': 9, 'raw_valid_reason': '', 'relaxed_cif_path': 'provenance://mattergen/outputs/dielectric_rl/direct_rl_target12_online/matinvent_style_target12_tri_fixed_scaler_gpu/loop_0000/postprocess/relaxed/relaxed_cifs/gen_47_relaxed.cif', 'relaxation_success': True, 'total_energy': -39.74391174316406, 'composition_valid': True, 'structure_valid': True, 'structure_comp_valid': True, 'reference_name': 'TRI2024', 'is_unique': True, 'is_novel': True, 'stable': True, 'predicted_dielectric_scalar': 13.268760961871967, 'predicted_tensor': '[[13.603074842745993, -1.2160859004525076e-05, -6.821837329100809e-05], [-1.2160859004525076e-05, 13.100654617860867, -0.000606090992590018], [-6.821837329100809e-05, -0.000606090992590018, 13.102553425009042]]', 'volume': 282.2088925698801, 'prediction_success': True, 'target_dielectric_scalar': 12.0, 'abs_error': 1.2687609618719673, 'reward_raw': 0.8177330852348219, 'reward_final': 0.817733108997345, 'gate_reason': '', 'reward_final_diversity': 0.817733108997345, 'diversity_penalty': False, 'selection_rank': 2}",Tb8Tl,"('Tb', 'Tl')",0.817733108997345
"{'structure_id': 'gen_10', 'cif_path': 'provenance://mattergen/outputs/dielectric_rl/direct_rl_target12_online/matinvent_style_target12_tri_fixed_scaler_gpu/loop_0015/postprocess/input_cifs/gen_10.cif', 'input_cif_path': 'provenance://mattergen/outputs/dielectric_rl/direct_rl_target12_online/matinvent_style_target12_tri_fixed_scaler_gpu/loop_0015/postprocess/input_cifs/gen_10.cif', 'raw_valid': True, 'formula': 'Er4 Ga3 Sn1', 'chemical_system': 'Er-Ga-Sn', 'num_sites': 8, 'raw_valid_reason': '', 'relaxed_cif_path': 'provenance://mattergen/outputs/dielectric_rl/direct_rl_target12_online/matinvent_style_target12_tri_fixed_scaler_gpu/loop_0015/postprocess/relaxed/relaxed_cifs/gen_10_relaxed.cif', 'relaxation_success': True, 'total_energy': -36.341800689697266, 'composition_valid': True, 'structure_valid': True, 'structure_comp_valid': True, 'reference_name': 'TRI2024', 'is_unique': True, 'is_novel': True, 'stable': True, 'predicted_dielectric_scalar': 13.271293050412728, 'predicted_tensor': '[[12.49236009633418, -4.394762218864114e-06, 0.0011284204716630417], [-4.394762218864114e-06, 16.062732536724447, 0.0014096896825299492], [0.0011284204716630417, 0.0014096896825299492, 11.25878651817955]]', 'volume': 193.86304189750348, 'prediction_success': True, 'target_dielectric_scalar': 12.0, 'abs_error': 1.2712930504127282, 'reward_raw': 0.8170759286604868, 'reward_final': 0.8170759081840515, 'gate_reason': '', 'reward_final_diversity': 0.8170759081840515, 'diversity_penalty': False, 'selection_rank': 5}",Er4Ga3Sn,"('Er', 'Ga', 'Sn')",0.8170759081840515
"{'structure_id': 'gen_55', 'cif_path': 'provenance://mattergen/outputs/dielectric_rl/direct_rl_target12_online/matinvent_style_target12_tri_fixed_scaler_gpu/loop_0016/postprocess/input_cifs/gen_55.cif', 'input_cif_path': 'provenance://mattergen/outputs/dielectric_rl/direct_rl_target12_online/matinvent_style_target12_tri_fixed_scaler_gpu/loop_0016/postprocess/input_cifs/gen_55.cif', 'raw_valid': True, 'formula': 'Li1 Zn1 Hg8', 'chemical_system': 'Hg-Li-Zn', 'num_sites': 10, 'raw_valid_reason': '', 'relaxed_cif_path': 'provenance://mattergen/outputs/dielectric_rl/direct_rl_target12_online/matinvent_style_target12_tri_fixed_scaler_gpu/loop_0016/postprocess/relaxed/relaxed_cifs/gen_55_relaxed.cif', 'relaxation_success': True, 'total_energy': -6.009528636932373, 'composition_valid': True, 'structure_valid': True, 'structure_comp_valid': True, 'reference_name': 'TRI2024', 'is_unique': True, 'is_novel': True, 'stable': True, 'predicted_dielectric_scalar': 10.70546691614532, 'predicted_tensor': '[[10.670927163671761, 0.37733379642741327, 0.30968329041376647], [0.37733379642741327, 10.77198671690546, -0.21507648050382697], [0.30968329041376647, -0.21507648050382697, 10.673486867858733]]', 'volume': 253.6732834439005, 'prediction_success': True, 'target_dielectric_scalar': 12.0, 'abs_error': 1.2945330838546791, 'reward_raw': 0.8110083020203331, 'reward_final': 0.8110082745552063, 'gate_reason': '', 'reward_final_diversity': 0.8110082745552063, 'diversity_penalty': False, 'selection_rank': 3}",LiZnHg8,"('Hg', 'Li', 'Zn')",0.8110082745552063
"{'structure_id': 'gen_3', 'cif_path': 'provenance://mattergen/outputs/dielectric_rl/direct_rl_target12_online/matinvent_style_target12_tri_fixed_scaler_gpu/loop_0010/postprocess/input_cifs/gen_3.cif', 'input_cif_path': 'provenance://mattergen/outputs/dielectric_rl/direct_rl_target12_online/matinvent_style_target12_tri_fixed_scaler_gpu/loop_0010/postprocess/input_cifs/gen_3.cif', 'raw_valid': True, 'formula': 'Pr2 Nd4 Sb2', 'chemical_system': 'Nd-Pr-Sb', 'num_sites': 8, 'raw_valid_reason': '', 'relaxed_cif_path': 'provenance://mattergen/outputs/dielectric_rl/direct_rl_target12_online/matinvent_style_target12_tri_fixed_scaler_gpu/loop_0010/postprocess/relaxed/relaxed_cifs/gen_3_relaxed.cif', 'relaxation_success': True, 'total_energy': -41.520301818847656, 'composition_valid': True, 'structure_valid': True, 'structure_comp_valid': True, 'reference_name': 'TRI2024', 'is_unique': True, 'is_novel': True, 'stable': True, 'predicted_dielectric_scalar': 13.311783641777774, 'predicted_tensor': '[[13.88843188705875, 0.0009586803993070134, 0.0004991004263404359], [0.0009586803993070134, 13.030199906422963, -0.00041768464622302445], [0.0004991004263404359, -0.00041768464622302445, 13.016719131851609]]', 'volume': 269.2822484913432, 'prediction_success': True, 'target_dielectric_scalar': 12.0, 'abs_error': 1.3117836417777742, 'reward_raw': 0.8064631769074865, 'reward_final': 0.8064631819725037, 'gate_reason': '', 'reward_final_diversity': 0.8064631819725037, 'diversity_penalty': False, 'selection_rank': 5}",PrNd2Sb,"('Nd', 'Pr', 'Sb')",0.8064631819725037
"{'structure_id': 'gen_61', 'cif_path': 'provenance://mattergen/outputs/dielectric_rl/direct_rl_target12_online/matinvent_style_target12_tri_fixed_scaler_gpu/loop_0005/postprocess/input_cifs/gen_61.cif', 'input_cif_path': 'provenance://mattergen/outputs/dielectric_rl/direct_rl_target12_online/matinvent_style_target12_tri_fixed_scaler_gpu/loop_0005/postprocess/input_cifs/gen_61.cif', 'raw_valid': True, 'formula': 'Li7 Pt3', 'chemical_system': 'Li-Pt', 'num_sites': 10, 'raw_valid_reason': '', 'relaxed_cif_path': 'provenance://mattergen/outputs/dielectric_rl/direct_rl_target12_online/matinvent_style_target12_tri_fixed_scaler_gpu/loop_0005/postprocess/relaxed/relaxed_cifs/gen_61_relaxed.cif', 'relaxation_success': True, 'total_energy': -36.34685516357422, 'composition_valid': True, 'structure_valid': True, 'structure_comp_valid': True, 'reference_name': 'TRI2024', 'is_unique': True, 'is_novel': True, 'stable': True, 'predicted_dielectric_scalar': 10.672574149024111, 'predicted_tensor': '[[15.33041151045707, -5.374515621814622e-05, -0.002839325457377675], [-5.374515621814622e-05, 9.02411577804167, 0.004328209319571484], [-0.002839325457377675, 0.004328209319571484, 7.663195158573591]]', 'volume': 158.89402567602048, 'prediction_success': True, 'target_dielectric_scalar': 12.0, 'abs_error': 1.3274258509758887, 'reward_raw': 0.8023122371681717, 'reward_final': 0.8023122549057007, 'gate_reason': '', 'reward_final_diversity': 0.8023122549057007, 'diversity_penalty': False, 'selection_rank': 6}",Li7Pt3,"('Li', 'Pt')",0.8023122549057007
"{'structure_id': 'gen_9', 'cif_path': 'provenance://mattergen/outputs/dielectric_rl/direct_rl_target12_online/matinvent_style_target12_tri_fixed_scaler_gpu/loop_0013/postprocess/input_cifs/gen_9.cif', 'input_cif_path': 'provenance://mattergen/outputs/dielectric_rl/direct_rl_target12_online/matinvent_style_target12_tri_fixed_scaler_gpu/loop_0013/postprocess/input_cifs/gen_9.cif', 'raw_valid': True, 'formula': 'Ce3 Hf1 Tl4 S8', 'chemical_system': 'Ce-Hf-S-Tl', 'num_sites': 16, 'raw_valid_reason': '', 'relaxed_cif_path': 'provenance://mattergen/outputs/dielectric_rl/direct_rl_target12_online/matinvent_style_target12_tri_fixed_scaler_gpu/loop_0013/postprocess/relaxed/relaxed_cifs/gen_9_relaxed.cif', 'relaxation_success': True, 'total_energy': -91.87718963623047, 'composition_valid': True, 'structure_valid': True, 'structure_comp_valid': True, 'reference_name': 'TRI2024', 'is_unique': True, 'is_novel': True, 'stable': True, 'predicted_dielectric_scalar': 10.668040448532034, 'predicted_tensor': '[[10.929664912403904, 0.00010024212061965689, -0.005169058488886306], [0.00010024212061965689, 10.929612606222, -0.0017918147815482446], [-0.005169058488886306, -0.0017918147815482446, 10.14484382697021]]', 'volume': 446.0306808740877, 'prediction_success': True, 'target_dielectric_scalar': 12.0, 'abs_error': 1.3319595514679659, 'reward_raw': 0.8011039774054615, 'reward_final': 0.801103949546814, 'gate_reason': '', 'reward_final_diversity': 0.801103949546814, 'diversity_penalty': False, 'selection_rank': 2}",Ce3Hf(TlS2)4,"('Ce', 'Hf', 'S', 'Tl')",0.801103949546814
"{'structure_id': 'gen_4', 'cif_path': 'provenance://mattergen/outputs/dielectric_rl/direct_rl_target12_online/matinvent_style_target12_tri_fixed_scaler_gpu/loop_0012/postprocess/input_cifs/gen_4.cif', 'input_cif_path': 'provenance://mattergen/outputs/dielectric_rl/direct_rl_target12_online/matinvent_style_target12_tri_fixed_scaler_gpu/loop_0012/postprocess/input_cifs/gen_4.cif', 'raw_valid': True, 'formula': 'Zr5 Tl1 H4', 'chemical_system': 'H-Tl-Zr', 'num_sites': 10, 'raw_valid_reason': nan, 'relaxed_cif_path': 'provenance://mattergen/outputs/dielectric_rl/direct_rl_target12_online/matinvent_style_target12_tri_fixed_scaler_gpu/loop_0012/postprocess/relaxed/relaxed_cifs/gen_4_relaxed.cif', 'relaxation_success': True, 'total_energy': -61.83145523071289, 'composition_valid': True, 'structure_valid': True, 'structure_comp_valid': True, 'reference_name': 'TRI2024', 'is_unique': True, 'is_novel': True, 'stable': True, 'predicted_dielectric_scalar': 13.339738881076087, 'predicted_tensor': '[[13.343627060390348, -8.350635506508418e-05, 5.9924082041754566e-05], [-8.350635506508418e-05, 13.202069289264584, -0.02622554470825266], [5.9924082041754566e-05, -0.02622554470825266, 13.473520293573342]]', 'volume': 153.77636863567682, 'prediction_success': True, 'target_dielectric_scalar': 12.0, 'abs_error': 1.3397388810760873, 'reward_raw': 0.7990254082304395, 'reward_final': 0.7990254163742065, 'gate_reason': '', 'reward_final_diversity': 0.7990254163742065, 'diversity_penalty': False, 'selection_rank': 3}",Zr5TlH4,"('H', 'Tl', 'Zr')",0.7990254163742065
"{'structure_id': 'gen_35', 'cif_path': 'provenance://mattergen/outputs/dielectric_rl/direct_rl_target12_online/matinvent_style_target12_tri_fixed_scaler_gpu/loop_0017/postprocess/input_cifs/gen_35.cif', 'input_cif_path': 'provenance://mattergen/outputs/dielectric_rl/direct_rl_target12_online/matinvent_style_target12_tri_fixed_scaler_gpu/loop_0017/postprocess/input_cifs/gen_35.cif', 'raw_valid': True, 'formula': 'La2 Pr4 Ga2', 'chemical_system': 'Ga-La-Pr', 'num_sites': 8, 'raw_valid_reason': '', 'relaxed_cif_path': 'provenance://mattergen/outputs/dielectric_rl/direct_rl_target12_online/matinvent_style_target12_tri_fixed_scaler_gpu/loop_0017/postprocess/relaxed/relaxed_cifs/gen_35_relaxed.cif', 'relaxation_success': True, 'total_energy': -37.14173126220703, 'composition_valid': True, 'structure_valid': True, 'structure_comp_valid': True, 'reference_name': 'TRI2024', 'is_unique': True, 'is_novel': True, 'stable': True, 'predicted_dielectric_scalar': 13.358176219356691, 'predicted_tensor': '[[13.716125011333311, 0.0001907210183001502, 9.677634504701992e-05], [0.0001907210183001502, 13.163426373737028, -0.000290323601539747], [9.677634504701992e-05, -0.000290323601539747, 13.194977272999747]]', 'volume': 238.3497123396665, 'prediction_success': True, 'target_dielectric_scalar': 12.0, 'abs_error': 1.3581762193566913, 'reward_raw': 0.794072644304075, 'reward_final': 0.7940726280212402, 'gate_reason': '', 'reward_final_diversity': 0.7940726280212402, 'diversity_penalty': False, 'selection_rank': 2}",LaPr2Ga,"('Ga', 'La', 'Pr')",0.7940726280212402
"{'structure_id': 'gen_36', 'cif_path': 'provenance://mattergen/outputs/dielectric_rl/direct_rl_target12_online/matinvent_style_target12_tri_fixed_scaler_gpu/loop_0017/postprocess/input_cifs/gen_36.cif', 'input_cif_path': 'provenance://mattergen/outputs/dielectric_rl/direct_rl_target12_online/matinvent_style_target12_tri_fixed_scaler_gpu/loop_0017/postprocess/input_cifs/gen_36.cif', 'raw_valid': True, 'formula': 'Sr6 Al1 Ge2', 'chemical_system': 'Al-Ge-Sr', 'num_sites': 9, 'raw_valid_reason': '', 'relaxed_cif_path': 'provenance://mattergen/outputs/dielectric_rl/direct_rl_target12_online/matinvent_style_target12_tri_fixed_scaler_gpu/loop_0017/postprocess/relaxed/relaxed_cifs/gen_36_relaxed.cif', 'relaxation_success': True, 'total_energy': -26.167953491210938, 'composition_valid': True, 'structure_valid': True, 'structure_comp_valid': True, 'reference_name': 'TRI2024', 'is_unique': True, 'is_novel': True, 'stable': True, 'predicted_dielectric_scalar': 10.615703507366767, 'predicted_tensor': '[[10.351039336914017, -0.00028904861335247257, -0.0002119365854576149], [-0.00028904861335247257, 10.750797467263686, -0.001112084160400186], [-0.0002119365854576149, -0.001112084160400186, 10.745273717922611]]', 'volume': 319.06669466127704, 'prediction_success': True, 'target_dielectric_scalar': 12.0, 'abs_error': 1.3842964926332328, 'reward_raw': 0.786994044892024, 'reward_final': 0.7869940400123596, 'gate_reason': '', 'reward_final_diversity': 0.7869940400123596, 'diversity_penalty': False, 'selection_rank': 3}",Sr6AlGe2,"('Al', 'Ge', 'Sr')",0.7869940400123596
"{'structure_id': 'gen_27', 'cif_path': 'provenance://mattergen/outputs/dielectric_rl/direct_rl_target12_online/matinvent_style_target12_tri_fixed_scaler_gpu/loop_0005/postprocess/input_cifs/gen_27.cif', 'input_cif_path': 'provenance://mattergen/outputs/dielectric_rl/direct_rl_target12_online/matinvent_style_target12_tri_fixed_scaler_gpu/loop_0005/postprocess/input_cifs/gen_27.cif', 'raw_valid': True, 'formula': 'Ba4 Ag1 Sb2', 'chemical_system': 'Ag-Ba-Sb', 'num_sites': 7, 'raw_valid_reason': '', 'relaxed_cif_path': 'provenance://mattergen/outputs/dielectric_rl/direct_rl_target12_online/matinvent_style_target12_tri_fixed_scaler_gpu/loop_0005/postprocess/relaxed/relaxed_cifs/gen_27_relaxed.cif', 'relaxation_success': True, 'total_energy': -24.512426376342773, 'composition_valid': True, 'structure_valid': True, 'structure_comp_valid': True, 'reference_name': 'TRI2024', 'is_unique': True, 'is_novel': True, 'stable': True, 'predicted_dielectric_scalar': 10.607990876132872, 'predicted_tensor': '[[10.525174430479824, 3.1172875496921486e-05, 0.0035071686578165497], [3.1172875496921486e-05, 10.523508408384453, -9.983871071398703e-06], [0.0035071686578165497, -9.983871071398703e-06, 10.775289789534336]]', 'volume': 295.92046958009905, 'prediction_success': True, 'target_dielectric_scalar': 12.0, 'abs_error': 1.392009123867128, 'reward_raw': 0.7848904107258684, 'reward_final': 0.7848904132843018, 'gate_reason': '', 'reward_final_diversity': 0.7848904132843018, 'diversity_penalty': False, 'selection_rank': 7}",Ba4AgSb2,"('Ag', 'Ba', 'Sb')",0.7848904132843018
"{'structure_id': 'gen_38', 'cif_path': 'provenance://mattergen/outputs/dielectric_rl/direct_rl_target12_online/matinvent_style_target12_tri_fixed_scaler_gpu/loop_0019/postprocess/input_cifs/gen_38.cif', 'input_cif_path': 'provenance://mattergen/outputs/dielectric_rl/direct_rl_target12_online/matinvent_style_target12_tri_fixed_scaler_gpu/loop_0019/postprocess/input_cifs/gen_38.cif', 'raw_valid': True, 'formula': 'Li1 Ho1 Zr2 N4', 'chemical_system': 'Ho-Li-N-Zr', 'num_sites': 8, 'raw_valid_reason': '', 'relaxed_cif_path': 'provenance://mattergen/outputs/dielectric_rl/direct_rl_target12_online/matinvent_style_target12_tri_fixed_scaler_gpu/loop_0019/postprocess/relaxed/relaxed_cifs/gen_38_relaxed.cif', 'relaxation_success': True, 'total_energy': -68.74585723876953, 'composition_valid': True, 'structure_valid': True, 'structure_comp_valid': True, 'reference_name': 'TRI2024', 'is_unique': True, 'is_novel': True, 'stable': True, 'predicted_dielectric_scalar': 10.58773749648019, 'predicted_tensor': '[[11.401496179809108, -3.03093162608132e-05, -0.0011883109184311052], [-3.03093162608132e-05, 11.510138778246827, 0.26179080060422005], [-0.0011883109184311052, 0.26179080060422005, 8.851577531384624]]', 'volume': 101.5530552695972, 'prediction_success': True, 'target_dielectric_scalar': 12.0, 'abs_error': 1.4122625035198109, 'reward_raw': 0.7793378170552606, 'reward_final': 0.7793378233909607, 'gate_reason': '', 'reward_final_diversity': 0.7793378233909607, 'diversity_penalty': False, 'selection_rank': 2}",LiHoZr2N4,"('Ho', 'Li', 'N', 'Zr')",0.7793378233909607
"{'structure_id': 'gen_41', 'cif_path': 'provenance://mattergen/outputs/dielectric_rl/direct_rl_target12_online/matinvent_style_target12_tri_fixed_scaler_gpu/loop_0007/postprocess/input_cifs/gen_41.cif', 'input_cif_path': 'provenance://mattergen/outputs/dielectric_rl/direct_rl_target12_online/matinvent_style_target12_tri_fixed_scaler_gpu/loop_0007/postprocess/input_cifs/gen_41.cif', 'raw_valid': True, 'formula': 'Li2 Ga9 Cu3', 'chemical_system': 'Cu-Ga-Li', 'num_sites': 14, 'raw_valid_reason': '', 'relaxed_cif_path': 'provenance://mattergen/outputs/dielectric_rl/direct_rl_target12_online/matinvent_style_target12_tri_fixed_scaler_gpu/loop_0007/postprocess/relaxed/relaxed_cifs/gen_41_relaxed.cif', 'relaxation_success': True, 'total_energy': -44.73936462402344, 'composition_valid': True, 'structure_valid': True, 'structure_comp_valid': True, 'reference_name': 'TRI2024', 'is_unique': True, 'is_novel': True, 'stable': True, 'predicted_dielectric_scalar': 13.418159096422258, 'predicted_tensor': '[[12.957530113033483, -0.01815999244424653, 0.011245151548693865], [-0.01815999244424653, 13.01032906419314, -0.3479510105472923], [0.011245151548693865, -0.3479510105472923, 14.286618112040147]]', 'volume': 226.0991458563465, 'prediction_success': True, 'target_dielectric_scalar': 12.0, 'abs_error': 1.418159096422258, 'reward_raw': 0.777713633539259, 'reward_final': 0.7777136564254761, 'gate_reason': '', 'reward_final_diversity': 0.7777136564254761, 'diversity_penalty': False, 'selection_rank': 4}",Li2(Ga3Cu)3,"('Cu', 'Ga', 'Li')",0.7777136564254761
"{'structure_id': 'gen_14', 'cif_path': 'provenance://mattergen/outputs/dielectric_rl/direct_rl_target12_online/matinvent_style_target12_tri_fixed_scaler_gpu/loop_0004/postprocess/input_cifs/gen_14.cif', 'input_cif_path': 'provenance://mattergen/outputs/dielectric_rl/direct_rl_target12_online/matinvent_style_target12_tri_fixed_scaler_gpu/loop_0004/postprocess/input_cifs/gen_14.cif', 'raw_valid': True, 'formula': 'Na1 Cd2 Hg8', 'chemical_system': 'Cd-Hg-Na', 'num_sites': 11, 'raw_valid_reason': '', 'relaxed_cif_path': 'provenance://mattergen/outputs/dielectric_rl/direct_rl_target12_online/matinvent_style_target12_tri_fixed_scaler_gpu/loop_0004/postprocess/relaxed/relaxed_cifs/gen_14_relaxed.cif', 'relaxation_success': True, 'total_energy': -6.007095813751221, 'composition_valid': True, 'structure_valid': True, 'structure_comp_valid': True, 'reference_name': 'TRI2024', 'is_unique': True, 'is_novel': True, 'stable': True, 'predicted_dielectric_scalar': 10.55122011446605, 'predicted_tensor': '[[10.607637576062142, -0.2979776868394043, -0.33354692526645857], [-0.2979776868394043, 10.522344984970022, 0.0011774294860487859], [-0.33354692526645857, 0.0011774294860487859, 10.523677782365986]]', 'volume': 297.8455173719567, 'prediction_success': True, 'target_dielectric_scalar': 12.0, 'abs_error': 1.4487798855339502, 'reward_raw': 0.7692260537656227, 'reward_final': 0.76922607421875, 'gate_reason': '', 'reward_final_diversity': 0.76922607421875, 'diversity_penalty': False, 'selection_rank': 5}",Na(CdHg4)2,"('Cd', 'Hg', 'Na')",0.76922607421875
"{'structure_id': 'gen_16', 'cif_path': 'provenance://mattergen/outputs/dielectric_rl/direct_rl_target12_online/matinvent_style_target12_tri_fixed_scaler_gpu/loop_0009/postprocess/input_cifs/gen_16.cif', 'input_cif_path': 'provenance://mattergen/outputs/dielectric_rl/direct_rl_target12_online/matinvent_style_target12_tri_fixed_scaler_gpu/loop_0009/postprocess/input_cifs/gen_16.cif', 'raw_valid': True, 'formula': 'La6 Sm1 In1', 'chemical_system': 'In-La-Sm', 'num_sites': 8, 'raw_valid_reason': '', 'relaxed_cif_path': 'provenance://mattergen/outputs/dielectric_rl/direct_rl_target12_online/matinvent_style_target12_tri_fixed_scaler_gpu/loop_0009/postprocess/relaxed/relaxed_cifs/gen_16_relaxed.cif', 'relaxation_success': True, 'total_energy': -38.10491943359375, 'composition_valid': True, 'structure_valid': True, 'structure_comp_valid': True, 'reference_name': 'TRI2024', 'is_unique': True, 'is_novel': True, 'stable': True, 'predicted_dielectric_scalar': 13.47680714514508, 'predicted_tensor': '[[13.66217055581254, 3.498145360594338e-05, 0.028232680157959617], [3.498145360594338e-05, 13.358964254018336, 0.0002833251924530938], [0.028232680157959617, 0.0002833251924530938, 13.409286625604366]]', 'volume': 273.561944028739, 'prediction_success': True, 'target_dielectric_scalar': 12.0, 'abs_error': 1.4768071451450808, 'reward_raw': 0.7613821202840347, 'reward_final': 0.7613821029663086, 'gate_reason': '', 'reward_final_diversity': 0.7613821029663086, 'diversity_penalty': False, 'selection_rank': 2}",La6SmIn,"('In', 'La', 'Sm')",0.7613821029663086
"{'structure_id': 'gen_39', 'cif_path': 'provenance://mattergen/outputs/dielectric_rl/direct_rl_target12_online/matinvent_style_target12_tri_fixed_scaler_gpu/loop_0002/postprocess/input_cifs/gen_39.cif', 'input_cif_path': 'provenance://mattergen/outputs/dielectric_rl/direct_rl_target12_online/matinvent_style_target12_tri_fixed_scaler_gpu/loop_0002/postprocess/input_cifs/gen_39.cif', 'raw_valid': True, 'formula': 'Pr2 Sm2 Ho6 Er2', 'chemical_system': 'Er-Ho-Pr-Sm', 'num_sites': 12, 'raw_valid_reason': '', 'relaxed_cif_path': 'provenance://mattergen/outputs/dielectric_rl/direct_rl_target12_online/matinvent_style_target12_tri_fixed_scaler_gpu/loop_0002/postprocess/relaxed/relaxed_cifs/gen_39_relaxed.cif', 'relaxation_success': True, 'total_energy': -55.26547622680664, 'composition_valid': True, 'structure_valid': True, 'structure_comp_valid': True, 'reference_name': 'TRI2024', 'is_unique': True, 'is_novel': True, 'stable': True, 'predicted_dielectric_scalar': 13.488139369512458, 'predicted_tensor': '[[13.7033076804154, 0.0002570952685483949, 2.0419248865422785e-05], [0.0002570952685483949, 13.304422506915609, -0.02763160552167302], [2.0419248865422785e-05, -0.02763160552167302, 13.456687921206363]]', 'volume': 388.38195484325234, 'prediction_success': True, 'target_dielectric_scalar': 12.0, 'abs_error': 1.4881393695124583, 'reward_raw': 0.7581910745322084, 'reward_final': 0.7581910490989685, 'gate_reason': '', 'reward_final_diversity': 0.7581910490989685, 'diversity_penalty': False, 'selection_rank': 4}",PrSmHo3Er,"('Er', 'Ho', 'Pr', 'Sm')",0.7581910490989685
"{'structure_id': 'gen_3', 'cif_path': 'provenance://mattergen/outputs/dielectric_rl/direct_rl_target12_online/matinvent_style_target12_tri_fixed_scaler_gpu/loop_0003/postprocess/input_cifs/gen_3.cif', 'input_cif_path': 'provenance://mattergen/outputs/dielectric_rl/direct_rl_target12_online/matinvent_style_target12_tri_fixed_scaler_gpu/loop_0003/postprocess/input_cifs/gen_3.cif', 'raw_valid': True, 'formula': 'La2 Tb2 Pr4 Ho4', 'chemical_system': 'Ho-La-Pr-Tb', 'num_sites': 12, 'raw_valid_reason': '', 'relaxed_cif_path': 'provenance://mattergen/outputs/dielectric_rl/direct_rl_target12_online/matinvent_style_target12_tri_fixed_scaler_gpu/loop_0003/postprocess/relaxed/relaxed_cifs/gen_3_relaxed.cif', 'relaxation_success': True, 'total_energy': -56.27289962768555, 'composition_valid': True, 'structure_valid': True, 'structure_comp_valid': True, 'reference_name': 'TRI2024', 'is_unique': True, 'is_novel': True, 'stable': True, 'predicted_dielectric_scalar': 13.500287938191846, 'predicted_tensor': '[[13.56191647783317, -0.00013160625190756622, 0.00012884517380056012], [-0.00013160625190756622, 13.50703141391379, 0.027244634482368052], [0.00012884517380056012, 0.027244634482368052, 13.431915922828585]]', 'volume': 406.2687319341384, 'prediction_success': True, 'target_dielectric_scalar': 12.0, 'abs_error': 1.5002879381918461, 'reward_raw': 0.7547580933859117, 'reward_final': 0.7547581195831299, 'gate_reason': '', 'reward_final_diversity': 0.7547581195831299, 'diversity_penalty': False, 'selection_rank': 2}",LaTb(PrHo)2,"('Ho', 'La', 'Pr', 'Tb')",0.7547581195831299
"{'structure_id': 'gen_2', 'cif_path': 'provenance://mattergen/outputs/dielectric_rl/direct_rl_target12_online/matinvent_style_target12_tri_fixed_scaler_gpu/loop_0006/postprocess/input_cifs/gen_2.cif', 'input_cif_path': 'provenance://mattergen/outputs/dielectric_rl/direct_rl_target12_online/matinvent_style_target12_tri_fixed_scaler_gpu/loop_0006/postprocess/input_cifs/gen_2.cif', 'raw_valid': True, 'formula': 'Ca2 La8 Ru2', 'chemical_system': 'Ca-La-Ru', 'num_sites': 12, 'raw_valid_reason': '', 'relaxed_cif_path': 'provenance://mattergen/outputs/dielectric_rl/direct_rl_target12_online/matinvent_style_target12_tri_fixed_scaler_gpu/loop_0006/postprocess/relaxed/relaxed_cifs/gen_2_relaxed.cif', 'relaxation_success': True, 'total_energy': -63.031272888183594, 'composition_valid': True, 'structure_valid': True, 'structure_comp_valid': True, 'reference_name': 'TRI2024', 'is_unique': True, 'is_novel': True, 'stable': True, 'predicted_dielectric_scalar': 10.4843841910236, 'predicted_tensor': '[[10.651079299097933, 0.0030145094276749014, -0.006061650678453627], [0.0030145094276749014, 10.575432115089932, -0.0036219064269058256], [-0.006061650678453627, -0.0036219064269058256, 10.226641158882938]]', 'volume': 427.7266509099831, 'prediction_success': True, 'target_dielectric_scalar': 12.0, 'abs_error': 1.5156158089763991, 'reward_raw': 0.7504093584751439, 'reward_final': 0.7504093647003174, 'gate_reason': '', 'reward_final_diversity': 0.7504093647003174, 'diversity_penalty': False, 'selection_rank': 2}",CaLa4Ru,"('Ca', 'La', 'Ru')",0.7504093647003174
"{'structure_id': 'gen_3', 'cif_path': 'provenance://mattergen/outputs/dielectric_rl/direct_rl_target12_online/matinvent_style_target12_tri_fixed_scaler_gpu/loop_0002/postprocess/input_cifs/gen_3.cif', 'input_cif_path': 'provenance://mattergen/outputs/dielectric_rl/direct_rl_target12_online/matinvent_style_target12_tri_fixed_scaler_gpu/loop_0002/postprocess/input_cifs/gen_3.cif', 'raw_valid': True, 'formula': 'Pr3 Y2 Tm4', 'chemical_system': 'Pr-Tm-Y', 'num_sites': 9, 'raw_valid_reason': '', 'relaxed_cif_path': 'provenance://mattergen/outputs/dielectric_rl/direct_rl_target12_online/matinvent_style_target12_tri_fixed_scaler_gpu/loop_0002/postprocess/relaxed/relaxed_cifs/gen_3_relaxed.cif', 'relaxation_success': True, 'total_energy': -44.77256393432617, 'composition_valid': True, 'structure_valid': True, 'structure_comp_valid': True, 'reference_name': 'TRI2024', 'is_unique': True, 'is_novel': True, 'stable': True, 'predicted_dielectric_scalar': 10.459747116313617, 'predicted_tensor': '[[10.572585401438303, 0.0003507557731927529, -0.0006177367233823644], [0.0003507557731927529, 10.532286938708573, -0.04038421437366728], [-0.0006177367233823644, -0.04038421437366728, 10.274369008793961]]', 'volume': 293.1334702057214, 'prediction_success': True, 'target_dielectric_scalar': 12.0, 'abs_error': 1.5402528836863834, 'reward_raw': 0.7433804138283095, 'reward_final': 0.7433804273605347, 'gate_reason': '', 'reward_final_diversity': 0.7433804273605347, 'diversity_penalty': False, 'selection_rank': 5}",Pr3(YTm2)2,"('Pr', 'Tm', 'Y')",0.7433804273605347
"{'structure_id': 'gen_12', 'cif_path': 'provenance://mattergen/outputs/dielectric_rl/direct_rl_target12_online/matinvent_style_target12_tri_fixed_scaler_gpu/loop_0017/postprocess/input_cifs/gen_12.cif', 'input_cif_path': 'provenance://mattergen/outputs/dielectric_rl/direct_rl_target12_online/matinvent_style_target12_tri_fixed_scaler_gpu/loop_0017/postprocess/input_cifs/gen_12.cif', 'raw_valid': True, 'formula': 'Na2 Sn4 Hg4', 'chemical_system': 'Hg-Na-Sn', 'num_sites': 10, 'raw_valid_reason': '', 'relaxed_cif_path': 'provenance://mattergen/outputs/dielectric_rl/direct_rl_target12_online/matinvent_style_target12_tri_fixed_scaler_gpu/loop_0017/postprocess/relaxed/relaxed_cifs/gen_12_relaxed.cif', 'relaxation_success': True, 'total_energy': -20.547916412353516, 'composition_valid': True, 'structure_valid': True, 'structure_comp_valid': True, 'reference_name': 'TRI2024', 'is_unique': True, 'is_novel': True, 'stable': True, 'predicted_dielectric_scalar': 13.563296938204845, 'predicted_tensor': '[[15.142278000499797, 0.007128548984821533, -0.0066380573638841495], [0.007128548984821533, 13.079520459935718, 0.01212923966186666], [-0.0066380573638841495, 0.01212923966186666, 12.468092354179031]]', 'volume': 267.4095415245177, 'prediction_success': True, 'target_dielectric_scalar': 12.0, 'abs_error': 1.5632969382048447, 'reward_raw': 0.7367643614156156, 'reward_final': 0.7367643713951111, 'gate_reason': '', 'reward_final_diversity': 0.7367643713951111, 'diversity_penalty': False, 'selection_rank': 4}",Na(SnHg)2,"('Hg', 'Na', 'Sn')",0.7367643713951111
"{'structure_id': 'gen_57', 'cif_path': 'provenance://mattergen/outputs/dielectric_rl/direct_rl_target12_online/matinvent_style_target12_tri_fixed_scaler_gpu/loop_0011/postprocess/input_cifs/gen_57.cif', 'input_cif_path': 'provenance://mattergen/outputs/dielectric_rl/direct_rl_target12_online/matinvent_style_target12_tri_fixed_scaler_gpu/loop_0011/postprocess/input_cifs/gen_57.cif', 'raw_valid': True, 'formula': 'Yb4 Hg6', 'chemical_system': 'Hg-Yb', 'num_sites': 10, 'raw_valid_reason': '', 'relaxed_cif_path': 'provenance://mattergen/outputs/dielectric_rl/direct_rl_target12_online/matinvent_style_target12_tri_fixed_scaler_gpu/loop_0011/postprocess/relaxed/relaxed_cifs/gen_57_relaxed.cif', 'relaxation_success': True, 'total_energy': -12.961776733398438, 'composition_valid': True, 'structure_valid': True, 'structure_comp_valid': True, 'reference_name': 'TRI2024', 'is_unique': True, 'is_novel': True, 'stable': True, 'predicted_dielectric_scalar': 10.429997880159563, 'predicted_tensor': '[[9.73694501682947, 0.0004627830473026623, 0.0004256150171973028], [0.0004627830473026623, 10.126876790633524, 0.9057947876201334], [0.0004256150171973028, 0.9057947876201334, 11.426171833015708]]', 'volume': 271.0689702740692, 'prediction_success': True, 'target_dielectric_scalar': 12.0, 'abs_error': 1.5700021198404368, 'reward_raw': 0.7348320332778737, 'reward_final': 0.7348320484161377, 'gate_reason': '', 'reward_final_diversity': 0.7348320484161377, 'diversity_penalty': False, 'selection_rank': 3}",Yb2Hg3,"('Hg', 'Yb')",0.7348320484161377
"{'structure_id': 'gen_4', 'cif_path': 'provenance://mattergen/outputs/dielectric_rl/direct_rl_target12_online/matinvent_style_target12_tri_fixed_scaler_gpu/loop_0016/postprocess/input_cifs/gen_4.cif', 'input_cif_path': 'provenance://mattergen/outputs/dielectric_rl/direct_rl_target12_online/matinvent_style_target12_tri_fixed_scaler_gpu/loop_0016/postprocess/input_cifs/gen_4.cif', 'raw_valid': True, 'formula': 'Mg1 Al5 Ga2', 'chemical_system': 'Al-Ga-Mg', 'num_sites': 8, 'raw_valid_reason': '', 'relaxed_cif_path': 'provenance://mattergen/outputs/dielectric_rl/direct_rl_target12_online/matinvent_style_target12_tri_fixed_scaler_gpu/loop_0016/postprocess/relaxed/relaxed_cifs/gen_4_relaxed.cif', 'relaxation_success': True, 'total_energy': -26.103532791137695, 'composition_valid': True, 'structure_valid': True, 'structure_comp_valid': True, 'reference_name': 'TRI2024', 'is_unique': True, 'is_novel': True, 'stable': True, 'predicted_dielectric_scalar': 13.574709154826555, 'predicted_tensor': '[[13.683881005498444, -0.30904864176776253, -0.003367092496242661], [-0.30904864176776253, 13.701999628444852, 0.0034767585170943725], [-0.003367092496242661, 0.0034767585170943725, 13.338246830536372]]', 'volume': 140.4104782228722, 'prediction_success': True, 'target_dielectric_scalar': 12.0, 'abs_error': 1.5747091548265555, 'reward_raw': 0.7334736429669156, 'reward_final': 0.7334736585617065, 'gate_reason': '', 'reward_final_diversity': 0.7334736585617065, 'diversity_penalty': False, 'selection_rank': 4}",MgAl5Ga2,"('Al', 'Ga', 'Mg')",0.7334736585617065
"{'structure_id': 'gen_27', 'cif_path': 'provenance://mattergen/outputs/dielectric_rl/direct_rl_target12_online/matinvent_style_target12_tri_fixed_scaler_gpu/loop_0003/postprocess/input_cifs/gen_27.cif', 'input_cif_path': 'provenance://mattergen/outputs/dielectric_rl/direct_rl_target12_online/matinvent_style_target12_tri_fixed_scaler_gpu/loop_0003/postprocess/input_cifs/gen_27.cif', 'raw_valid': True, 'formula': 'La2 Tb6 Ho4', 'chemical_system': 'Ho-La-Tb', 'num_sites': 12, 'raw_valid_reason': '', 'relaxed_cif_path': 'provenance://mattergen/outputs/dielectric_rl/direct_rl_target12_online/matinvent_style_target12_tri_fixed_scaler_gpu/loop_0003/postprocess/relaxed/relaxed_cifs/gen_27_relaxed.cif', 'relaxation_success': True, 'total_energy': -55.665931701660156, 'composition_valid': True, 'structure_valid': True, 'structure_comp_valid': True, 'reference_name': 'TRI2024', 'is_unique': True, 'is_novel': True, 'stable': True, 'predicted_dielectric_scalar': 13.692986494664115, 'predicted_tensor': '[[13.893450898084398, -0.00021883216171349497, 0.0002157737444038475], [-0.00021883216171349497, 13.893065966751559, 0.0005834683689133274], [0.0002157737444038475, 0.0005834683689133274, 13.292442619156398]]', 'volume': 390.0273248523872, 'prediction_success': True, 'target_dielectric_scalar': 12.0, 'abs_error': 1.6929864946641153, 'reward_raw': 0.6988805705772707, 'reward_final': 0.6988805532455444, 'gate_reason': '', 'reward_final_diversity': 0.6988805532455444, 'diversity_penalty': False, 'selection_rank': 3}",LaTb3Ho2,"('Ho', 'La', 'Tb')",0.6988805532455444
"{'structure_id': 'gen_17', 'cif_path': 'provenance://mattergen/outputs/dielectric_rl/direct_rl_target12_online/matinvent_style_target12_tri_fixed_scaler_gpu/loop_0010/postprocess/input_cifs/gen_17.cif', 'input_cif_path': 'provenance://mattergen/outputs/dielectric_rl/direct_rl_target12_online/matinvent_style_target12_tri_fixed_scaler_gpu/loop_0010/postprocess/input_cifs/gen_17.cif', 'raw_valid': True, 'formula': 'Ba4 Na2 Sb4', 'chemical_system': 'Ba-Na-Sb', 'num_sites': 10, 'raw_valid_reason': '', 'relaxed_cif_path': 'provenance://mattergen/outputs/dielectric_rl/direct_rl_target12_online/matinvent_style_target12_tri_fixed_scaler_gpu/loop_0010/postprocess/relaxed/relaxed_cifs/gen_17_relaxed.cif', 'relaxation_success': True, 'total_energy': -35.44126510620117, 'composition_valid': True, 'structure_valid': True, 'structure_comp_valid': True, 'reference_name': 'TRI2024', 'is_unique': True, 'is_novel': True, 'stable': True, 'predicted_dielectric_scalar': 10.29271624943812, 'predicted_tensor': '[[10.604993364369557, -0.0001707933549165236, -4.2324757540394146e-05], [-0.0001707933549165236, 10.138506065587148, 0.08183012138405574], [-4.2324757540394146e-05, 0.08183012138405574, 10.134649318357644]]', 'volume': 382.684005747807, 'prediction_success': True, 'target_dielectric_scalar': 12.0, 'abs_error': 1.7072837505618796, 'reward_raw': 0.6946464793634292, 'reward_final': 0.6946464776992798, 'gate_reason': '', 'reward_final_diversity': 0.6946464776992798, 'diversity_penalty': False, 'selection_rank': 6}",Ba2NaSb2,"('Ba', 'Na', 'Sb')",0.6946464776992798
"{'structure_id': 'gen_31', 'cif_path': 'provenance://mattergen/outputs/dielectric_rl/direct_rl_target12_online/matinvent_style_target12_tri_fixed_scaler_gpu/loop_0007/postprocess/input_cifs/gen_31.cif', 'input_cif_path': 'provenance://mattergen/outputs/dielectric_rl/direct_rl_target12_online/matinvent_style_target12_tri_fixed_scaler_gpu/loop_0007/postprocess/input_cifs/gen_31.cif', 'raw_valid': True, 'formula': 'Nd6 Ta1 N7', 'chemical_system': 'N-Nd-Ta', 'num_sites': 14, 'raw_valid_reason': '', 'relaxed_cif_path': 'provenance://mattergen/outputs/dielectric_rl/direct_rl_target12_online/matinvent_style_target12_tri_fixed_scaler_gpu/loop_0007/postprocess/relaxed/relaxed_cifs/gen_31_relaxed.cif', 'relaxation_success': True, 'total_energy': -116.95170593261719, 'composition_valid': True, 'structure_valid': True, 'structure_comp_valid': True, 'reference_name': 'TRI2024', 'is_unique': True, 'is_novel': True, 'stable': True, 'predicted_dielectric_scalar': 10.152111293168648, 'predicted_tensor': '[[10.096468462921342, -0.13277618642906877, 0.163000714073656], [-0.13277618642906877, 10.140302723742787, -0.1935653330185909], [0.163000714073656, -0.1935653330185909, 10.219562692841818]]', 'volume': 225.3536342815048, 'prediction_success': True, 'target_dielectric_scalar': 12.0, 'abs_error': 1.8478887068313519, 'reward_raw': 0.6525701838560772, 'reward_final': 0.6525701880455017, 'gate_reason': '', 'reward_final_diversity': 0.6525701880455017, 'diversity_penalty': False, 'selection_rank': 5}",Nd6TaN7,"('N', 'Nd', 'Ta')",0.6525701880455017
"{'structure_id': 'gen_49', 'cif_path': 'provenance://mattergen/outputs/dielectric_rl/direct_rl_target12_online/matinvent_style_target12_tri_fixed_scaler_gpu/loop_0012/postprocess/input_cifs/gen_49.cif', 'input_cif_path': 'provenance://mattergen/outputs/dielectric_rl/direct_rl_target12_online/matinvent_style_target12_tri_fixed_scaler_gpu/loop_0012/postprocess/input_cifs/gen_49.cif', 'raw_valid': True, 'formula': 'La5 Sc3 In2', 'chemical_system': 'In-La-Sc', 'num_sites': 10, 'raw_valid_reason': nan, 'relaxed_cif_path': 'provenance://mattergen/outputs/dielectric_rl/direct_rl_target12_online/matinvent_style_target12_tri_fixed_scaler_gpu/loop_0012/postprocess/relaxed/relaxed_cifs/gen_49_relaxed.cif', 'relaxation_success': True, 'total_energy': -50.67805099487305, 'composition_valid': True, 'structure_valid': True, 'structure_comp_valid': True, 'reference_name': 'TRI2024', 'is_unique': True, 'is_novel': True, 'stable': True, 'predicted_dielectric_scalar': 13.85771710829039, 'predicted_tensor': '[[14.25427169606045, -2.139137108297315e-05, 2.765652889473518e-05], [-2.139137108297315e-05, 13.403358518819967, 0.5949964140510414], [2.765652889473518e-05, 0.5949964140510414, 13.915521109990753]]', 'volume': 310.1907864704394, 'prediction_success': True, 'target_dielectric_scalar': 12.0, 'abs_error': 1.8577171082903892, 'reward_raw': 0.6496060954399724, 'reward_final': 0.6496061086654663, 'gate_reason': '', 'reward_final_diversity': 0.6496061086654663, 'diversity_penalty': False, 'selection_rank': 4}",La5Sc3In2,"('In', 'La', 'Sc')",0.6496061086654663
"{'structure_id': 'gen_16', 'cif_path': 'provenance://mattergen/outputs/dielectric_rl/direct_rl_target12_online/matinvent_style_target12_tri_fixed_scaler_gpu/loop_0003/postprocess/input_cifs/gen_16.cif', 'input_cif_path': 'provenance://mattergen/outputs/dielectric_rl/direct_rl_target12_online/matinvent_style_target12_tri_fixed_scaler_gpu/loop_0003/postprocess/input_cifs/gen_16.cif', 'raw_valid': True, 'formula': 'Dy8 Ho2 In1', 'chemical_system': 'Dy-Ho-In', 'num_sites': 11, 'raw_valid_reason': '', 'relaxed_cif_path': 'provenance://mattergen/outputs/dielectric_rl/direct_rl_target12_online/matinvent_style_target12_tri_fixed_scaler_gpu/loop_0003/postprocess/relaxed/relaxed_cifs/gen_16_relaxed.cif', 'relaxation_success': True, 'total_energy': -49.80520248413086, 'composition_valid': True, 'structure_valid': True, 'structure_comp_valid': True, 'reference_name': 'TRI2024', 'is_unique': True, 'is_novel': True, 'stable': True, 'predicted_dielectric_scalar': 13.88403614248169, 'predicted_tensor': '[[13.929190649082688, 0.01118835726963565, 0.011954982790109408], [0.01118835726963565, 13.858510328170874, 0.015782716989712117], [0.011954982790109408, 0.015782716989712117, 13.864407450191518]]', 'volume': 336.2647812457886, 'prediction_success': True, 'target_dielectric_scalar': 12.0, 'abs_error': 1.8840361424816905, 'reward_raw': 0.6416585160478284, 'reward_final': 0.6416585445404053, 'gate_reason': '', 'reward_final_diversity': 0.6416585445404053, 'diversity_penalty': False, 'selection_rank': 4}",Dy8Ho2In,"('Dy', 'Ho', 'In')",0.6416585445404053
"{'structure_id': 'gen_29', 'cif_path': 'provenance://mattergen/outputs/dielectric_rl/direct_rl_target12_online/matinvent_style_target12_tri_fixed_scaler_gpu/loop_0021/postprocess/input_cifs/gen_29.cif', 'input_cif_path': 'provenance://mattergen/outputs/dielectric_rl/direct_rl_target12_online/matinvent_style_target12_tri_fixed_scaler_gpu/loop_0021/postprocess/input_cifs/gen_29.cif', 'raw_valid': True, 'formula': 'Pr7 Sm3 In2', 'chemical_system': 'In-Pr-Sm', 'num_sites': 12, 'raw_valid_reason': '', 'relaxed_cif_path': 'provenance://mattergen/outputs/dielectric_rl/direct_rl_target12_online/matinvent_style_target12_tri_fixed_scaler_gpu/loop_0021/postprocess/relaxed/relaxed_cifs/gen_29_relaxed.cif', 'relaxation_success': True, 'total_energy': -54.992671966552734, 'composition_valid': True, 'structure_valid': True, 'structure_comp_valid': True, 'reference_name': 'TRI2024', 'is_unique': True, 'is_novel': True, 'stable': True, 'predicted_dielectric_scalar': 13.890584783195228, 'predicted_tensor': '[[13.992228495324332, 0.0009734757754044596, 0.01577002192655144], [0.0009734757754044596, 13.893403540821806, 0.0007014692368667125], [0.01577002192655144, 0.0007014692368667125, 13.786122313439543]]', 'volume': 391.55087232376616, 'prediction_success': True, 'target_dielectric_scalar': 12.0, 'abs_error': 1.8905847831952283, 'reward_raw': 0.6396789604338056, 'reward_final': 0.639678955078125, 'gate_reason': '', 'reward_final_diversity': 0.639678955078125, 'diversity_penalty': False, 'selection_rank': 4}",Pr7Sm3In2,"('In', 'Pr', 'Sm')",0.639678955078125
"{'structure_id': 'gen_33', 'cif_path': 'provenance://mattergen/outputs/dielectric_rl/direct_rl_target12_online/matinvent_style_target12_tri_fixed_scaler_gpu/loop_0012/postprocess/input_cifs/gen_33.cif', 'input_cif_path': 'provenance://mattergen/outputs/dielectric_rl/direct_rl_target12_online/matinvent_style_target12_tri_fixed_scaler_gpu/loop_0012/postprocess/input_cifs/gen_33.cif', 'raw_valid': True, 'formula': 'K1 Li1 Cd5 Hg4', 'chemical_system': 'Cd-Hg-K-Li', 'num_sites': 11, 'raw_valid_reason': nan, 'relaxed_cif_path': 'provenance://mattergen/outputs/dielectric_rl/direct_rl_target12_online/matinvent_style_target12_tri_fixed_scaler_gpu/loop_0012/postprocess/relaxed/relaxed_cifs/gen_33_relaxed.cif', 'relaxation_success': True, 'total_energy': -9.6489896774292, 'composition_valid': True, 'structure_valid': True, 'structure_comp_valid': True, 'reference_name': 'TRI2024', 'is_unique': True, 'is_novel': True, 'stable': True, 'predicted_dielectric_scalar': 10.109131988621412, 'predicted_tensor': '[[10.018531428375356, 0.01875613396961556, 0.004440534581199723], [0.01875613396961556, 9.943895075388472, -0.4507396559269326], [0.004440534581199723, -0.4507396559269326, 10.364969462100413]]', 'volume': 281.0510368552001, 'prediction_success': True, 'target_dielectric_scalar': 12.0, 'abs_error': 1.890868011378588, 'reward_raw': 0.6395933280253243, 'reward_final': 0.6395933032035828, 'gate_reason': '', 'reward_final_diversity': 0.6395933032035828, 'diversity_penalty': False, 'selection_rank': 5}",KLiCd5Hg4,"('Cd', 'Hg', 'K', 'Li')",0.6395933032035828
"{'structure_id': 'gen_18', 'cif_path': 'provenance://mattergen/outputs/dielectric_rl/direct_rl_target12_online/matinvent_style_target12_tri_fixed_scaler_gpu/loop_0013/postprocess/input_cifs/gen_18.cif', 'input_cif_path': 'provenance://mattergen/outputs/dielectric_rl/direct_rl_target12_online/matinvent_style_target12_tri_fixed_scaler_gpu/loop_0013/postprocess/input_cifs/gen_18.cif', 'raw_valid': True, 'formula': 'Li2 Mg1 Cd2 Ag2', 'chemical_system': 'Ag-Cd-Li-Mg', 'num_sites': 7, 'raw_valid_reason': '', 'relaxed_cif_path': 'provenance://mattergen/outputs/dielectric_rl/direct_rl_target12_online/matinvent_style_target12_tri_fixed_scaler_gpu/loop_0013/postprocess/relaxed/relaxed_cifs/gen_18_relaxed.cif', 'relaxation_success': True, 'total_energy': -14.273017883300781, 'composition_valid': True, 'structure_valid': True, 'structure_comp_valid': True, 'reference_name': 'TRI2024', 'is_unique': True, 'is_novel': True, 'stable': True, 'predicted_dielectric_scalar': 10.07103080040954, 'predicted_tensor': '[[9.834960082485138, -0.26547629776130965, -0.25367654921720084], [-0.26547629776130965, 10.34242318028505, 0.4654810167779199], [-0.25367654921720084, 0.4654810167779199, 10.035709138458435]]', 'volume': 131.0666597752724, 'prediction_success': True, 'target_dielectric_scalar': 12.0, 'abs_error': 1.92896919959046, 'reward_raw': 0.6280627032108337, 'reward_final': 0.6280627250671387, 'gate_reason': '', 'reward_final_diversity': 0.6280627250671387, 'diversity_penalty': False, 'selection_rank': 3}",Li2Mg(CdAg)2,"('Ag', 'Cd', 'Li', 'Mg')",0.6280627250671387
"{'structure_id': 'gen_2', 'cif_path': 'provenance://mattergen/outputs/dielectric_rl/direct_rl_target12_online/matinvent_style_target12_tri_fixed_scaler_gpu/loop_0004/postprocess/input_cifs/gen_2.cif', 'input_cif_path': 'provenance://mattergen/outputs/dielectric_rl/direct_rl_target12_online/matinvent_style_target12_tri_fixed_scaler_gpu/loop_0004/postprocess/input_cifs/gen_2.cif', 'raw_valid': True, 'formula': 'Yb8 Cu2 Bi2', 'chemical_system': 'Bi-Cu-Yb', 'num_sites': 12, 'raw_valid_reason': '', 'relaxed_cif_path': 'provenance://mattergen/outputs/dielectric_rl/direct_rl_target12_online/matinvent_style_target12_tri_fixed_scaler_gpu/loop_0004/postprocess/relaxed/relaxed_cifs/gen_2_relaxed.cif', 'relaxation_success': True, 'total_energy': -32.882240295410156, 'composition_valid': True, 'structure_valid': True, 'structure_comp_valid': True, 'reference_name': 'TRI2024', 'is_unique': True, 'is_novel': True, 'stable': True, 'predicted_dielectric_scalar': 10.053101919079229, 'predicted_tensor': '[[10.477311119989906, 0.008803071960312176, 0.018758132777612284], [0.008803071960312176, 9.963308657688211, -0.24247720359802957], [0.018758132777612284, -0.24247720359802957, 9.718685979559563]]', 'volume': 360.6207847222248, 'prediction_success': True, 'target_dielectric_scalar': 12.0, 'abs_error': 1.9468980809207714, 'reward_raw': 0.6226308218213049, 'reward_final': 0.6226308345794678, 'gate_reason': '', 'reward_final_diversity': 0.6226308345794678, 'diversity_penalty': False, 'selection_rank': 6}",Yb4CuBi,"('Bi', 'Cu', 'Yb')",0.6226308345794678
"{'structure_id': 'gen_22', 'cif_path': 'provenance://mattergen/outputs/dielectric_rl/direct_rl_target12_online/matinvent_style_target12_tri_fixed_scaler_gpu/loop_0020/postprocess/input_cifs/gen_22.cif', 'input_cif_path': 'provenance://mattergen/outputs/dielectric_rl/direct_rl_target12_online/matinvent_style_target12_tri_fixed_scaler_gpu/loop_0020/postprocess/input_cifs/gen_22.cif', 'raw_valid': True, 'formula': 'Li10 Pt6', 'chemical_system': 'Li-Pt', 'num_sites': 16, 'raw_valid_reason': '', 'relaxed_cif_path': 'provenance://mattergen/outputs/dielectric_rl/direct_rl_target12_online/matinvent_style_target12_tri_fixed_scaler_gpu/loop_0020/postprocess/relaxed/relaxed_cifs/gen_22_relaxed.cif', 'relaxation_success': True, 'total_energy': -64.21052551269531, 'composition_valid': True, 'structure_valid': True, 'structure_comp_valid': True, 'reference_name': 'TRI2024', 'is_unique': True, 'is_novel': True, 'stable': True, 'predicted_dielectric_scalar': 14.00571183536683, 'predicted_tensor': '[[13.233215793943414, -1.3078612451960987, -0.7863128281029018], [-1.3078612451960987, 13.201391764374259, -0.7971791361201911], [-0.7863128281029018, -0.7971791361201911, 15.582527947782813]]', 'volume': 222.2911328730888, 'prediction_success': True, 'target_dielectric_scalar': 12.0, 'abs_error': 2.0057118353668297, 'reward_raw': 0.6047984627820909, 'reward_final': 0.604798436164856, 'gate_reason': '', 'reward_final_diversity': 0.604798436164856, 'diversity_penalty': False, 'selection_rank': 7}",Li5Pt3,"('Li', 'Pt')",0.604798436164856
"{'structure_id': 'gen_51', 'cif_path': 'provenance://mattergen/outputs/dielectric_rl/direct_rl_target12_online/matinvent_style_target12_tri_fixed_scaler_gpu/loop_0011/postprocess/input_cifs/gen_51.cif', 'input_cif_path': 'provenance://mattergen/outputs/dielectric_rl/direct_rl_target12_online/matinvent_style_target12_tri_fixed_scaler_gpu/loop_0011/postprocess/input_cifs/gen_51.cif', 'raw_valid': True, 'formula': 'La2 Co4 Si2', 'chemical_system': 'Co-La-Si', 'num_sites': 8, 'raw_valid_reason': '', 'relaxed_cif_path': 'provenance://mattergen/outputs/dielectric_rl/direct_rl_target12_online/matinvent_style_target12_tri_fixed_scaler_gpu/loop_0011/postprocess/relaxed/relaxed_cifs/gen_51_relaxed.cif', 'relaxation_success': True, 'total_energy': -52.75324249267578, 'composition_valid': True, 'structure_valid': True, 'structure_comp_valid': True, 'reference_name': 'TRI2024', 'is_unique': True, 'is_novel': True, 'stable': True, 'predicted_dielectric_scalar': 14.007678929932032, 'predicted_tensor': '[[14.784251221062114, -0.00018158637768373354, 6.726768146561055e-06], [-0.00018158637768373354, 9.633609904386562, -0.00490356194612781], [6.726768146561055e-06, -0.00490356194612781, 17.605175664347414]]', 'volume': 140.8701854357653, 'prediction_success': True, 'target_dielectric_scalar': 12.0, 'abs_error': 2.007678929932032, 'reward_raw': 0.6042019179259415, 'reward_final': 0.6042019128799438, 'gate_reason': '', 'reward_final_diversity': 0.6042019128799438, 'diversity_penalty': False, 'selection_rank': 4}",LaCo2Si,"('Co', 'La', 'Si')",0.6042019128799438
"{'structure_id': 'gen_5', 'cif_path': 'provenance://mattergen/outputs/dielectric_rl/direct_rl_target12_online/matinvent_style_target12_tri_fixed_scaler_gpu/loop_0016/postprocess/input_cifs/gen_5.cif', 'input_cif_path': 'provenance://mattergen/outputs/dielectric_rl/direct_rl_target12_online/matinvent_style_target12_tri_fixed_scaler_gpu/loop_0016/postprocess/input_cifs/gen_5.cif', 'raw_valid': True, 'formula': 'Li1 Ca2 Ag9', 'chemical_system': 'Ag-Ca-Li', 'num_sites': 12, 'raw_valid_reason': '', 'relaxed_cif_path': 'provenance://mattergen/outputs/dielectric_rl/direct_rl_target12_online/matinvent_style_target12_tri_fixed_scaler_gpu/loop_0016/postprocess/relaxed/relaxed_cifs/gen_5_relaxed.cif', 'relaxation_success': True, 'total_energy': -33.10209655761719, 'composition_valid': True, 'structure_valid': True, 'structure_comp_valid': True, 'reference_name': 'TRI2024', 'is_unique': True, 'is_novel': True, 'stable': True, 'predicted_dielectric_scalar': 14.025343331465798, 'predicted_tensor': '[[14.228807121525284, -0.1280327891624653, 0.04145953866160601], [-0.1280327891624653, 14.059449009858628, -0.025510176889979676], [0.04145953866160601, -0.025510176889979676, 13.78777386301349]]', 'volume': 242.07675491841997, 'prediction_success': True, 'target_dielectric_scalar': 12.0, 'abs_error': 2.0253433314657983, 'reward_raw': 0.5988453159929734, 'reward_final': 0.5988453030586243, 'gate_reason': '', 'reward_final_diversity': 0.5988453030586243, 'diversity_penalty': False, 'selection_rank': 5}",LiCa2Ag9,"('Ag', 'Ca', 'Li')",0.5988453030586243
"{'structure_id': 'gen_38', 'cif_path': 'provenance://mattergen/outputs/dielectric_rl/direct_rl_target12_online/matinvent_style_target12_tri_fixed_scaler_gpu/loop_0021/postprocess/input_cifs/gen_38.cif', 'input_cif_path': 'provenance://mattergen/outputs/dielectric_rl/direct_rl_target12_online/matinvent_style_target12_tri_fixed_scaler_gpu/loop_0021/postprocess/input_cifs/gen_38.cif', 'raw_valid': True, 'formula': 'Ca1 Cd2 In1 Ga2', 'chemical_system': 'Ca-Cd-Ga-In', 'num_sites': 6, 'raw_valid_reason': '', 'relaxed_cif_path': 'provenance://mattergen/outputs/dielectric_rl/direct_rl_target12_online/matinvent_style_target12_tri_fixed_scaler_gpu/loop_0021/postprocess/relaxed/relaxed_cifs/gen_38_relaxed.cif', 'relaxation_success': True, 'total_energy': -13.912065505981445, 'composition_valid': True, 'structure_valid': True, 'structure_comp_valid': True, 'reference_name': 'TRI2024', 'is_unique': True, 'is_novel': True, 'stable': True, 'predicted_dielectric_scalar': 14.030919813239697, 'predicted_tensor': '[[14.13962002519329, 0.021582028991526614, 0.03511163962810381], [0.021582028991526614, 12.763369313646134, -0.76869036327413], [0.03511163962810381, -0.76869036327413, 15.189770100879658]]', 'volume': 140.7920100459725, 'prediction_success': True, 'target_dielectric_scalar': 12.0, 'abs_error': 2.030919813239697, 'reward_raw': 0.5971544964916415, 'reward_final': 0.5971544981002808, 'gate_reason': '', 'reward_final_diversity': 0.5971544981002808, 'diversity_penalty': False, 'selection_rank': 5}",CaCd2InGa2,"('Ca', 'Cd', 'Ga', 'In')",0.5971544981002808
"{'structure_id': 'gen_23', 'cif_path': 'provenance://mattergen/outputs/dielectric_rl/direct_rl_target12_online/matinvent_style_target12_tri_fixed_scaler_gpu/loop_0010/postprocess/input_cifs/gen_23.cif', 'input_cif_path': 'provenance://mattergen/outputs/dielectric_rl/direct_rl_target12_online/matinvent_style_target12_tri_fixed_scaler_gpu/loop_0010/postprocess/input_cifs/gen_23.cif', 'raw_valid': True, 'formula': 'Na7 Tl4 Au1', 'chemical_system': 'Au-Na-Tl', 'num_sites': 12, 'raw_valid_reason': '', 'relaxed_cif_path': 'provenance://mattergen/outputs/dielectric_rl/direct_rl_target12_online/matinvent_style_target12_tri_fixed_scaler_gpu/loop_0010/postprocess/relaxed/relaxed_cifs/gen_23_relaxed.cif', 'relaxation_success': True, 'total_energy': -23.526458740234375, 'composition_valid': True, 'structure_valid': True, 'structure_comp_valid': True, 'reference_name': 'TRI2024', 'is_unique': True, 'is_novel': True, 'stable': True, 'predicted_dielectric_scalar': 9.886659184835812, 'predicted_tensor': '[[10.538053083957733, -0.00011363805658172253, -7.907879771384132e-05], [-0.00011363805658172253, 10.345777614682328, 0.00215363797495039], [-7.907879771384132e-05, 0.00215363797495039, 8.776146855867376]]', 'volume': 329.8621175334345, 'prediction_success': True, 'target_dielectric_scalar': 12.0, 'abs_error': 2.1133408151641877, 'reward_raw': 0.5721945774214897, 'reward_final': 0.5721945762634277, 'gate_reason': '', 'reward_final_diversity': 0.5721945762634277, 'diversity_penalty': False, 'selection_rank': 7}",Na7Tl4Au,"('Au', 'Na', 'Tl')",0.5721945762634277
"{'structure_id': 'gen_49', 'cif_path': 'provenance://mattergen/outputs/dielectric_rl/direct_rl_target12_online/matinvent_style_target12_tri_fixed_scaler_gpu/loop_0005/postprocess/input_cifs/gen_49.cif', 'input_cif_path': 'provenance://mattergen/outputs/dielectric_rl/direct_rl_target12_online/matinvent_style_target12_tri_fixed_scaler_gpu/loop_0005/postprocess/input_cifs/gen_49.cif', 'raw_valid': True, 'formula': 'Sr1 La2 In3', 'chemical_system': 'In-La-Sr', 'num_sites': 6, 'raw_valid_reason': '', 'relaxed_cif_path': 'provenance://mattergen/outputs/dielectric_rl/direct_rl_target12_online/matinvent_style_target12_tri_fixed_scaler_gpu/loop_0005/postprocess/relaxed/relaxed_cifs/gen_49_relaxed.cif', 'relaxation_success': True, 'total_energy': -22.66684341430664, 'composition_valid': True, 'structure_valid': True, 'structure_comp_valid': True, 'reference_name': 'TRI2024', 'is_unique': True, 'is_novel': True, 'stable': True, 'predicted_dielectric_scalar': 14.177767596573752, 'predicted_tensor': '[[14.341771632175627, -1.851374847355579e-05, -5.819149577975248e-05], [-1.851374847355579e-05, 14.341820842080352, -0.00034397020779911106], [-5.819149577975248e-05, -0.00034397020779911106, 13.849710315465275]]', 'volume': 193.5241326279888, 'prediction_success': True, 'target_dielectric_scalar': 12.0, 'abs_error': 2.1777675965737515, 'reward_raw': 0.5527585655681181, 'reward_final': 0.5527585744857788, 'gate_reason': '', 'reward_final_diversity': 0.5527585744857788, 'diversity_penalty': False, 'selection_rank': 8}",SrLa2In3,"('In', 'La', 'Sr')",0.5527585744857788
"{'structure_id': 'gen_58', 'cif_path': 'provenance://mattergen/outputs/dielectric_rl/direct_rl_target12_online/matinvent_style_target12_tri_fixed_scaler_gpu/loop_0018/postprocess/input_cifs/gen_58.cif', 'input_cif_path': 'provenance://mattergen/outputs/dielectric_rl/direct_rl_target12_online/matinvent_style_target12_tri_fixed_scaler_gpu/loop_0018/postprocess/input_cifs/gen_58.cif', 'raw_valid': True, 'formula': 'In7 Ga9 Ge2', 'chemical_system': 'Ga-Ge-In', 'num_sites': 18, 'raw_valid_reason': '', 'relaxed_cif_path': 'provenance://mattergen/outputs/dielectric_rl/direct_rl_target12_online/matinvent_style_target12_tri_fixed_scaler_gpu/loop_0018/postprocess/relaxed/relaxed_cifs/gen_58_relaxed.cif', 'relaxation_success': True, 'total_energy': -54.15575408935547, 'composition_valid': True, 'structure_valid': True, 'structure_comp_valid': True, 'reference_name': 'TRI2024', 'is_unique': True, 'is_novel': True, 'stable': True, 'predicted_dielectric_scalar': 14.183898083511291, 'predicted_tensor': '[[14.047161321335853, 0.079346041266322, -0.036062625333956856], [0.079346041266322, 14.137982915220078, 0.6481355260366012], [-0.036062625333956856, 0.6481355260366012, 14.36655001397795]]', 'volume': 415.7125663724846, 'prediction_success': True, 'target_dielectric_scalar': 12.0, 'abs_error': 2.1838980835112913, 'reward_raw': 0.5509141140228055, 'reward_final': 0.5509141087532043, 'gate_reason': '', 'reward_final_diversity': 0.5509141087532043, 'diversity_penalty': False, 'selection_rank': 4}",In7Ga9Ge2,"('Ga', 'Ge', 'In')",0.5509141087532043
"{'structure_id': 'gen_56', 'cif_path': 'provenance://mattergen/outputs/dielectric_rl/direct_rl_target12_online/matinvent_style_target12_tri_fixed_scaler_gpu/loop_0020/postprocess/input_cifs/gen_56.cif', 'input_cif_path': 'provenance://mattergen/outputs/dielectric_rl/direct_rl_target12_online/matinvent_style_target12_tri_fixed_scaler_gpu/loop_0020/postprocess/input_cifs/gen_56.cif', 'raw_valid': True, 'formula': 'Li1 Al1 Zn6', 'chemical_system': 'Al-Li-Zn', 'num_sites': 8, 'raw_valid_reason': '', 'relaxed_cif_path': 'provenance://mattergen/outputs/dielectric_rl/direct_rl_target12_online/matinvent_style_target12_tri_fixed_scaler_gpu/loop_0020/postprocess/relaxed/relaxed_cifs/gen_56_relaxed.cif', 'relaxation_success': True, 'total_energy': -14.071741104125977, 'composition_valid': True, 'structure_valid': True, 'structure_comp_valid': True, 'reference_name': 'TRI2024', 'is_unique': True, 'is_novel': True, 'stable': True, 'predicted_dielectric_scalar': 14.191362503651744, 'predicted_tensor': '[[14.204966250331232, 0.004644574028574722, 0.004661733923068396], [0.004644574028574722, 14.20862896259574, 0.009501630167615469], [0.004661733923068396, 0.009501630167615469, 14.160492298028256]]', 'volume': 120.52134431497224, 'prediction_success': True, 'target_dielectric_scalar': 12.0, 'abs_error': 2.191362503651744, 'reward_raw': 0.5486696753499655, 'reward_final': 0.548669695854187, 'gate_reason': '', 'reward_final_diversity': 0.548669695854187, 'diversity_penalty': False, 'selection_rank': 8}",LiAlZn6,"('Al', 'Li', 'Zn')",0.548669695854187
"{'structure_id': 'gen_35', 'cif_path': 'provenance://mattergen/outputs/dielectric_rl/direct_rl_target12_online/matinvent_style_target12_tri_fixed_scaler_gpu/loop_0013/postprocess/input_cifs/gen_35.cif', 'input_cif_path': 'provenance://mattergen/outputs/dielectric_rl/direct_rl_target12_online/matinvent_style_target12_tri_fixed_scaler_gpu/loop_0013/postprocess/input_cifs/gen_35.cif', 'raw_valid': True, 'formula': 'La2 Nd3 Dy2 Ho9', 'chemical_system': 'Dy-Ho-La-Nd', 'num_sites': 16, 'raw_valid_reason': '', 'relaxed_cif_path': 'provenance://mattergen/outputs/dielectric_rl/direct_rl_target12_online/matinvent_style_target12_tri_fixed_scaler_gpu/loop_0013/postprocess/relaxed/relaxed_cifs/gen_35_relaxed.cif', 'relaxation_success': True, 'total_energy': -74.11595916748047, 'composition_valid': True, 'structure_valid': True, 'structure_comp_valid': True, 'reference_name': 'TRI2024', 'is_unique': True, 'is_novel': True, 'stable': True, 'predicted_dielectric_scalar': 14.19175862193964, 'predicted_tensor': '[[14.15916613362864, -0.0009860168742608704, 0.07302969188116425], [-0.0009860168742608704, 14.257365491225794, -0.00019118033990631162], [0.07302969188116425, -0.00019118033990631162, 14.158744240964468]]', 'volume': 523.287913035647, 'prediction_success': True, 'target_dielectric_scalar': 12.0, 'abs_error': 2.1917586219396394, 'reward_raw': 0.5485506108726381, 'reward_final': 0.5485506057739258, 'gate_reason': '', 'reward_final_diversity': 0.5485506057739258, 'diversity_penalty': False, 'selection_rank': 4}",La2Nd3Dy2Ho9,"('Dy', 'Ho', 'La', 'Nd')",0.5485506057739258
