split,material_id,dft_dielectric_scalar
train,anisonet_train_000000,3.979
train,anisonet_train_000001,2.187333333
train,anisonet_train_000002,2.236333333
train,anisonet_train_000003,4.137666667
train,anisonet_train_000004,3.106
train,anisonet_train_000006,3.026333333
train,anisonet_train_000007,1.517
train,anisonet_train_000008,2.631666667
train,anisonet_train_000013,2.228
train,anisonet_train_000017,4.669035
train,anisonet_train_000018,1.401
train,anisonet_train_000020,1.529605
train,anisonet_train_000022,3.408
train,anisonet_train_000023,2.729
train,anisonet_train_000025,3.339666667
train,anisonet_train_000027,4.030104333
train,anisonet_train_000029,6.306333333
train,anisonet_train_000030,1.977333333
train,anisonet_train_000032,3.924002333
train,anisonet_train_000034,5.114333333
train,anisonet_train_000036,3.775333333
train,anisonet_train_000037,4.547
train,anisonet_train_000040,2.460133333
train,anisonet_train_000041,2.413778
train,anisonet_train_000044,1.759333333
train,anisonet_train_000045,3.025671667
train,anisonet_train_000046,1.799666667
train,anisonet_train_000048,2.182985667
train,anisonet_train_000049,1.995
train,anisonet_train_000050,2.102028333
train,anisonet_train_000051,2.281
train,anisonet_train_000052,2.362
train,anisonet_train_000053,2.798666667
train,anisonet_train_000054,2.171666667
train,anisonet_train_000055,2.705
train,anisonet_train_000057,4.106304
train,anisonet_train_000059,3.313
train,anisonet_train_000060,3.119321667
train,anisonet_train_000061,3.046666667
train,anisonet_train_000063,3.380666667
train,anisonet_train_000065,2.306
train,anisonet_train_000067,3.867787
train,anisonet_train_000068,4.646
train,anisonet_train_000070,9.763333333
train,anisonet_train_000071,3.125
train,anisonet_train_000075,2.113666667
train,anisonet_train_000077,1.883333333
train,anisonet_train_000081,2.535333333
train,anisonet_train_000082,3.585035
train,anisonet_train_000083,2.762699667
train,anisonet_train_000084,2.175295
train,anisonet_train_000086,5.098429667
train,anisonet_train_000089,2.385018
train,anisonet_train_000090,6.597796
train,anisonet_train_000091,5.829714
train,anisonet_train_000095,6.460765
train,anisonet_train_000097,4.420392667
train,anisonet_train_000098,9.358666667
train,anisonet_train_000102,10.76033333
train,anisonet_train_000103,6.962842
train,anisonet_train_000107,2.467489667
train,anisonet_train_000109,3.110131667
train,anisonet_train_000110,3.120121667
train,anisonet_train_000113,6.408673667
train,anisonet_train_000115,7.361666667
train,anisonet_train_000116,7.448333333
train,anisonet_train_000120,10.45444133
train,anisonet_train_000121,9.254
train,anisonet_train_000122,9.240333333
train,anisonet_train_000123,4.197179667
train,anisonet_train_000124,10.13266667
train,anisonet_train_000125,4.649557
train,anisonet_train_000126,3.739464333
train,anisonet_train_000127,4.701768
train,anisonet_train_000129,4.580947667
train,anisonet_train_000130,3.452996
train,anisonet_train_000132,4.220213
train,anisonet_train_000133,3.464
train,anisonet_train_000136,4.713
train,anisonet_train_000137,5.209333333
train,anisonet_train_000140,5.192333333
train,anisonet_train_000141,4.919497333
train,anisonet_train_000142,5.378531333
train,anisonet_train_000143,13.507624
train,anisonet_train_000147,4.567829667
train,anisonet_train_000148,4.97712
train,anisonet_train_000149,5.648230333
train,anisonet_train_000150,5.252541
train,anisonet_train_000151,4.504000667
train,anisonet_train_000153,8.605
train,anisonet_train_000154,4.915333333
train,anisonet_train_000157,3.490139333
train,anisonet_train_000158,4.519666667
train,anisonet_train_000159,8.800299667
train,anisonet_train_000162,3.199768667
train,anisonet_train_000163,7.481666667
train,anisonet_train_000164,10.14266667
train,anisonet_train_000165,14.463608
train,anisonet_train_000167,4.952995
train,anisonet_train_000168,2.619308
train,anisonet_train_000170,3.29021
train,anisonet_train_000174,3.823375
train,anisonet_train_000175,5.499
train,anisonet_train_000176,5.123834
train,anisonet_train_000177,3.794666667
train,anisonet_train_000178,4.223
train,anisonet_train_000179,8.456882333
train,anisonet_train_000180,10.90033333
train,anisonet_train_000181,13.418
train,anisonet_train_000183,3.246697
train,anisonet_train_000184,2.478333333
train,anisonet_train_000185,2.406071667
train,anisonet_train_000187,7.092
train,anisonet_train_000189,4.768666667
train,anisonet_train_000190,5.157333333
train,anisonet_train_000193,3.899368
train,anisonet_train_000195,2.148529333
train,anisonet_train_000197,4.886811667
train,anisonet_train_000198,4.404945
train,anisonet_train_000199,4.920068667
train,anisonet_train_000200,5.754387333
train,anisonet_train_000202,2.175333333
train,anisonet_train_000203,2.189666667
train,anisonet_train_000206,2.167666667
train,anisonet_train_000209,2.838
train,anisonet_train_000210,1.950838333
train,anisonet_train_000211,2.591217333
train,anisonet_train_000213,2.185967667
train,anisonet_train_000219,2.253333333
train,anisonet_train_000220,2.084706667
train,anisonet_train_000221,2.230858667
train,anisonet_train_000222,2.820773333
train,anisonet_train_000223,2.515217
train,anisonet_train_000225,2.802731
train,anisonet_train_000226,2.831659333
train,anisonet_train_000227,1.741666667
train,anisonet_train_000229,2.019877667
train,anisonet_train_000230,1.830061333
train,anisonet_train_000231,2.160872667
train,anisonet_train_000232,2.115867
train,anisonet_train_000234,2.426666667
train,anisonet_train_000235,2.294333333
train,anisonet_train_000236,2.580406
train,anisonet_train_000237,2.62047
train,anisonet_train_000239,2.349666667
train,anisonet_train_000242,2.168935333
train,anisonet_train_000244,3.593257
train,anisonet_train_000245,2.11978
train,anisonet_train_000246,2.37
train,anisonet_train_000247,2.129973
train,anisonet_train_000248,2.357866333
train,anisonet_train_000249,2.294208667
train,anisonet_train_000253,3.960807667
train,anisonet_train_000256,2.861076333
train,anisonet_train_000257,2.178878333
train,anisonet_train_000258,1.855333333
train,anisonet_train_000259,2.145951333
train,anisonet_train_000260,2.262195
train,anisonet_train_000261,1.816983333
train,anisonet_train_000262,1.708355
train,anisonet_train_000263,1.926666667
train,anisonet_train_000265,1.830337333
train,anisonet_train_000266,2.516731667
train,anisonet_train_000267,2.635666667
train,anisonet_train_000269,2.406
train,anisonet_train_000274,2.259666667
train,anisonet_train_000275,2.493338667
train,anisonet_train_000277,2.372545
train,anisonet_train_000278,1.724993333
train,anisonet_train_000279,1.865742667
train,anisonet_train_000280,2.186933333
train,anisonet_train_000281,2.090666667
train,anisonet_train_000284,2.178483667
train,anisonet_train_000285,2.374758
train,anisonet_train_000286,1.778
train,anisonet_train_000287,2.79
train,anisonet_train_000288,2.787037333
train,anisonet_train_000289,3.059362
train,anisonet_train_000290,3.326666
train,anisonet_train_000293,2.073173333
train,anisonet_train_000295,2.748
train,anisonet_train_000296,1.994827333
train,anisonet_train_000297,2.050230333
train,anisonet_train_000298,2.093333333
train,anisonet_train_000299,2.092078
train,anisonet_train_000300,1.972922
train,anisonet_train_000301,2.4
train,anisonet_train_000302,2.184995
train,anisonet_train_000305,1.530666667
train,anisonet_train_000306,1.155
train,anisonet_train_000307,1.247333333
train,anisonet_train_000310,2.658516667
train,anisonet_train_000311,2.359738667
train,anisonet_train_000313,2.209805667
train,anisonet_train_000314,2.253854667
train,anisonet_train_000316,4.789062
train,anisonet_train_000317,3.062333333
train,anisonet_train_000319,2.066666667
train,anisonet_train_000324,2.296
train,anisonet_train_000327,2.415530667
train,anisonet_train_000328,2.462683667
train,anisonet_train_000332,3.304
train,anisonet_train_000333,3.538813
train,anisonet_train_000334,5.143333333
train,anisonet_train_000335,4.330220333
train,anisonet_train_000338,3.873666667
train,anisonet_train_000340,2.039666667
train,anisonet_train_000342,2.489825667
train,anisonet_train_000344,10.183402
train,anisonet_train_000345,1.977333333
train,anisonet_train_000346,2.439333333
train,anisonet_train_000348,3.187636
train,anisonet_train_000349,2.526321333
train,anisonet_train_000354,2.266218667
train,anisonet_train_000355,2.549666667
train,anisonet_train_000356,2.429215333
train,anisonet_train_000358,3.644666667
train,anisonet_train_000362,2.476666667
train,anisonet_train_000363,2.161333333
train,anisonet_train_000364,2.533084
train,anisonet_train_000365,3.333853
train,anisonet_train_000369,3.79
train,anisonet_train_000373,3.584958667
train,anisonet_train_000374,4.018
train,anisonet_train_000377,5.554070333
train,anisonet_train_000382,2.44
train,anisonet_train_000383,2.579000333
train,anisonet_train_000384,3.753177667
train,anisonet_train_000385,3.415867667
train,anisonet_train_000386,1.816666667
train,anisonet_train_000387,2.540333333
train,anisonet_train_000388,4.344505
train,anisonet_train_000389,2.99
train,anisonet_train_000390,2.468386333
train,anisonet_train_000391,4.455559
train,anisonet_train_000392,3.186455667
train,anisonet_train_000393,4.525703667
train,anisonet_train_000395,2.469349667
train,anisonet_train_000396,5.779333333
train,anisonet_train_000397,3.819470667
train,anisonet_train_000398,3.321
train,anisonet_train_000399,2.800333333
train,anisonet_train_000402,5.526201
train,anisonet_train_000403,8.079
train,anisonet_train_000404,4.445
train,anisonet_train_000405,4.406
train,anisonet_train_000406,3.364985333
train,anisonet_train_000407,4.104639333
train,anisonet_train_000409,6.28013
train,anisonet_train_000411,3.469356
train,anisonet_train_000413,5.121852667
train,anisonet_train_000416,4.508
train,anisonet_train_000417,3.704708
train,anisonet_train_000418,8.333493
train,anisonet_train_000419,9.507666667
train,anisonet_train_000424,10.66033333
train,anisonet_train_000425,4.960254333
train,anisonet_train_000426,8.173882333
train,anisonet_train_000427,3.609064667
train,anisonet_train_000428,2.626772
train,anisonet_train_000429,2.605058333
train,anisonet_train_000430,4.35297
train,anisonet_train_000431,3.69
train,anisonet_train_000432,3.389
train,anisonet_train_000433,5.419407667
train,anisonet_train_000434,5.896838333
train,anisonet_train_000437,4.744581333
train,anisonet_train_000438,2.924720333
train,anisonet_train_000439,2.593
train,anisonet_train_000440,3.943461333
train,anisonet_train_000442,5.284258
train,anisonet_train_000443,3.261052667
train,anisonet_train_000446,3.392856667
train,anisonet_train_000447,3.913709
train,anisonet_train_000448,4.951666667
train,anisonet_train_000452,5.307
train,anisonet_train_000453,10.372813
train,anisonet_train_000454,9.856490333
train,anisonet_train_000456,8.419
train,anisonet_train_000457,8.905666667
train,anisonet_train_000458,7.238251
train,anisonet_train_000459,7.851716
train,anisonet_train_000460,8.790100667
train,anisonet_train_000461,7.076061
train,anisonet_train_000462,7.801616
train,anisonet_train_000463,8.91562
train,anisonet_train_000464,10.69066667
train,anisonet_train_000466,5.871660333
train,anisonet_train_000469,6.128889
train,anisonet_train_000470,2.36642
train,anisonet_train_000471,3.190551
train,anisonet_train_000472,2.580436667
train,anisonet_train_000474,2.290620667
train,anisonet_train_000475,1.993878667
train,anisonet_train_000476,2.289043667
train,anisonet_train_000478,3.495789
train,anisonet_train_000479,3.430259
train,anisonet_train_000480,2.479458
train,anisonet_train_000484,5.546373
train,anisonet_train_000485,4.12268
train,anisonet_train_000486,6.282943333
train,anisonet_train_000487,4.446689333
train,anisonet_train_000489,4.231232333
train,anisonet_train_000490,4.177901333
train,anisonet_train_000491,2.952333333
train,anisonet_train_000493,5.593666667
train,anisonet_train_000495,5.705045667
train,anisonet_train_000497,5.339333333
train,anisonet_train_000499,6.145189333
train,anisonet_train_000500,6.686321667
train,anisonet_train_000501,6.804134333
train,anisonet_train_000503,7.599189
train,anisonet_train_000506,5.006666667
train,anisonet_train_000507,11.21139667
train,anisonet_train_000508,1.875666667
train,anisonet_train_000509,1.942
train,anisonet_train_000510,1.866333333
train,anisonet_train_000511,1.947
train,anisonet_train_000512,1.830666667
train,anisonet_train_000514,2.069333333
train,anisonet_train_000517,1.948
train,anisonet_train_000518,2.264303
train,anisonet_train_000519,2.288473667
train,anisonet_train_000520,3.598943667
train,anisonet_train_000523,2.577742333
train,anisonet_train_000527,3.061334333
train,anisonet_train_000529,3.216706
train,anisonet_train_000531,2.031333333
train,anisonet_train_000532,2.221
train,anisonet_train_000533,2.771333333
train,anisonet_train_000535,5.652518333
train,anisonet_train_000537,4.732324667
train,anisonet_train_000538,3.876218667
train,anisonet_train_000539,2.412282667
train,anisonet_train_000540,2.723303333
train,anisonet_train_000541,3.054134
train,anisonet_train_000542,4.606162
train,anisonet_train_000543,3.461333333
train,anisonet_train_000545,3.730333333
train,anisonet_train_000547,4.450915667
train,anisonet_train_000548,4.624563333
train,anisonet_train_000552,9.175
train,anisonet_train_000553,9.55912
train,anisonet_train_000556,5.752333333
train,anisonet_train_000557,7.527666667
train,anisonet_train_000558,7.674
train,anisonet_train_000560,3.432134667
train,anisonet_train_000561,4.246919667
train,anisonet_train_000562,3.834032333
train,anisonet_train_000563,3.373678333
train,anisonet_train_000564,2.466666667
train,anisonet_train_000565,4.193103
train,anisonet_train_000566,4.991489
train,anisonet_train_000568,10.050347
train,anisonet_train_000569,5.548225
train,anisonet_train_000570,4.518825
train,anisonet_train_000571,6.297393667
train,anisonet_train_000572,3.540666667
train,anisonet_train_000574,3.903573
train,anisonet_train_000575,4.986670333
train,anisonet_train_000576,5.468424667
train,anisonet_train_000577,5.958303333
train,anisonet_train_000578,5.090527333
train,anisonet_train_000586,7.578548667
train,anisonet_train_000587,9.064584
train,anisonet_train_000590,6.517006333
train,anisonet_train_000591,6.629333333
train,anisonet_train_000592,6.225851
train,anisonet_train_000595,10.152
train,anisonet_train_000596,10.53933333
train,anisonet_train_000597,6.23867
train,anisonet_train_000598,2.836374667
train,anisonet_train_000600,3.975931667
train,anisonet_train_000601,5.234940667
train,anisonet_train_000603,2.167666667
train,anisonet_train_000604,6.520884667
train,anisonet_train_000607,2.678920667
train,anisonet_train_000608,2.898
train,anisonet_train_000609,2.884397667
train,anisonet_train_000610,4.257666667
train,anisonet_train_000612,5.681254
train,anisonet_train_000613,5.677016667
train,anisonet_train_000615,4.682829333
train,anisonet_train_000616,5.558302333
train,anisonet_train_000617,7.139249667
train,anisonet_train_000620,4.372534667
train,anisonet_train_000623,4.503046
train,anisonet_train_000624,5.164
train,anisonet_train_000627,2.353666667
train,anisonet_train_000628,4.392141667
train,anisonet_train_000629,3.134884333
train,anisonet_train_000635,3.217333333
train,anisonet_train_000636,3.914590333
train,anisonet_train_000637,4.542328
train,anisonet_train_000638,5.219784667
train,anisonet_train_000639,6.271992
train,anisonet_train_000640,4.011489
train,anisonet_train_000641,6.099792
train,anisonet_train_000642,7.684977
train,anisonet_train_000643,4.879832667
train,anisonet_train_000644,4.813628333
train,anisonet_train_000645,3.578
train,anisonet_train_000646,3.850706
train,anisonet_train_000649,5.097355333
train,anisonet_train_000650,10.49884033
train,anisonet_train_000651,3.84
train,anisonet_train_000652,6.368666667
train,anisonet_train_000653,3.076333333
train,anisonet_train_000654,3.487666667
train,anisonet_train_000658,4.849
train,anisonet_train_000659,4.001666667
train,anisonet_train_000661,7.711009333
train,anisonet_train_000662,7.753063667
train,anisonet_train_000667,5.066555333
train,anisonet_train_000670,6.654142
train,anisonet_train_000671,6.858039
train,anisonet_train_000672,4.449333333
train,anisonet_train_000674,5.576333333
train,anisonet_train_000676,5.370333333
train,anisonet_train_000677,7.350092667
train,anisonet_train_000678,7.881
train,anisonet_train_000680,3.353351667
train,anisonet_train_000681,3.932168333
train,anisonet_train_000682,2.812
train,anisonet_train_000685,5.593583333
train,anisonet_train_000686,2.522732333
train,anisonet_train_000687,2.384333333
train,anisonet_train_000689,7.062937
train,anisonet_train_000692,2.598666667
train,anisonet_train_000694,4.272265667
train,anisonet_train_000695,2.869652667
train,anisonet_train_000696,3.468166
train,anisonet_train_000697,3.319666667
train,anisonet_train_000699,3.516166667
train,anisonet_train_000700,3.648127333
train,anisonet_train_000701,3.807051333
train,anisonet_train_000703,3.657578
train,anisonet_train_000704,4.369
train,anisonet_train_000705,5.930815333
train,anisonet_train_000708,5.149717333
train,anisonet_train_000709,5.345433
train,anisonet_train_000710,8.804333333
train,anisonet_train_000711,6.124
train,anisonet_train_000712,14.892
train,anisonet_train_000713,3.404654667
train,anisonet_train_000715,9.555666667
train,anisonet_train_000716,5.990878333
train,anisonet_train_000717,7.041666667
train,anisonet_train_000718,6.502241
train,anisonet_train_000719,10.489542
train,anisonet_train_000720,2.640600333
train,anisonet_train_000724,2.471109
train,anisonet_train_000725,6.879572667
train,anisonet_train_000726,1.868887667
train,anisonet_train_000728,3.594482333
train,anisonet_train_000731,8.885752
train,anisonet_train_000732,3.235246
train,anisonet_train_000733,3.29098
train,anisonet_train_000734,3.420592667
train,anisonet_train_000735,5.337529
train,anisonet_train_000736,6.716363
train,anisonet_train_000738,8.606589
train,anisonet_train_000739,2.685434333
train,anisonet_train_000744,8.573123333
train,anisonet_train_000745,5.615855667
train,anisonet_train_000748,4.961735
train,anisonet_train_000749,4.095154
train,anisonet_train_000751,5.323829333
train,anisonet_train_000752,4.796891
train,anisonet_train_000756,8.339877333
train,anisonet_train_000757,12.944955
train,anisonet_train_000758,7.950756333
train,anisonet_train_000759,8.864006667
train,anisonet_train_000760,5.899012667
train,anisonet_train_000763,9.438351333
train,anisonet_train_000765,14.686282
train,anisonet_train_000767,7.987692667
train,anisonet_train_000768,6.521868333
train,anisonet_train_000769,10.52633333
train,anisonet_train_000771,7.030625333
train,anisonet_train_000772,5.753
train,anisonet_train_000775,4.730619
train,anisonet_train_000778,4.999323667
train,anisonet_train_000781,9.680848
train,anisonet_train_000782,8.653419
train,anisonet_train_000783,8.388918667
train,anisonet_train_000785,8.671562333
train,anisonet_train_000786,7.230333333
train,anisonet_train_000788,10.84044167
train,anisonet_train_000789,10.98233333
train,anisonet_train_000790,14.53444333
train,anisonet_train_000791,2.581333333
train,anisonet_train_000792,2.469198333
train,anisonet_train_000793,4.157997
train,anisonet_train_000794,14.30669933
train,anisonet_train_000795,4.294284
train,anisonet_train_000796,4.686325333
train,anisonet_train_000799,4.540481
train,anisonet_train_000800,2.339435667
train,anisonet_train_000801,3.627646333
train,anisonet_train_000803,5.021725333
train,anisonet_train_000804,3.525774333
train,anisonet_train_000806,2.258513333
train,anisonet_train_000809,4.410072667
train,anisonet_train_000810,4.729719667
train,anisonet_train_000811,2.509333333
train,anisonet_train_000813,6.106613
train,anisonet_train_000816,6.213837333
train,anisonet_train_000817,2.077
train,anisonet_train_000820,5.377635667
train,anisonet_train_000821,1.922666667
train,anisonet_train_000822,2.213308667
train,anisonet_train_000823,5.550762333
train,anisonet_train_000825,2.109666667
train,anisonet_train_000826,2.344
train,anisonet_train_000827,1.988666667
train,anisonet_train_000829,2.215333333
train,anisonet_train_000830,4.208289
train,anisonet_train_000831,3.732274333
train,anisonet_train_000834,2.683703667
train,anisonet_train_000838,3.524496
train,anisonet_train_000839,2.229
train,anisonet_train_000841,2.166533
train,anisonet_train_000842,2.304967667
train,anisonet_train_000843,2.180805
train,anisonet_train_000844,2.030937333
train,anisonet_train_000845,2.34237
train,anisonet_train_000846,2.257392667
train,anisonet_train_000848,2.516356667
train,anisonet_train_000849,2.278215333
train,anisonet_train_000851,2.507564333
train,anisonet_train_000852,1.973299
train,anisonet_train_000853,2.735153
train,anisonet_train_000855,1.831
train,anisonet_train_000856,1.849666667
train,anisonet_train_000859,2.329
train,anisonet_train_000860,1.83
train,anisonet_train_000861,1.939
train,anisonet_train_000862,1.942333333
train,anisonet_train_000864,2.145666667
train,anisonet_train_000872,2.247
train,anisonet_train_000873,1.778333333
train,anisonet_train_000875,2.184336
train,anisonet_train_000877,2.012666667
train,anisonet_train_000879,2.000333333
train,anisonet_train_000880,2.236603667
train,anisonet_train_000882,2.060603
train,anisonet_train_000884,2.119327667
train,anisonet_train_000885,2.440005667
train,anisonet_train_000888,2.011112
train,anisonet_train_000889,2.320928333
train,anisonet_train_000890,2.592406333
train,anisonet_train_000891,2.307769
train,anisonet_train_000893,3.140333333
train,anisonet_train_000894,5.057938667
train,anisonet_train_000895,3.846
train,anisonet_train_000896,3.526333333
train,anisonet_train_000898,7.367
train,anisonet_train_000904,7.116666667
train,anisonet_train_000906,7.065333333
train,anisonet_train_000908,7.078
train,anisonet_train_000910,7.126
train,anisonet_train_000911,7.387333333
train,anisonet_train_000912,7.179666667
train,anisonet_train_000914,12.74794533
train,anisonet_train_000915,12.042496
train,anisonet_train_000916,13.003383
train,anisonet_train_000918,2.634531667
train,anisonet_train_000921,4.161542
train,anisonet_train_000923,3.10887
train,anisonet_train_000926,4.501698667
train,anisonet_train_000927,4.281004333
train,anisonet_train_000928,6.365666667
train,anisonet_train_000930,2.510033333
train,anisonet_train_000931,4.020666667
train,anisonet_train_000932,13.298216
train,anisonet_train_000936,9.512333333
train,anisonet_train_000937,3.015491667
train,anisonet_train_000938,4.053905667
train,anisonet_train_000940,3.163056
train,anisonet_train_000941,5.546487667
train,anisonet_train_000943,6.830763333
train,anisonet_train_000945,9.862799
train,anisonet_train_000946,7.759653667
train,anisonet_train_000947,8.838644
train,anisonet_train_000948,8.777482
train,anisonet_train_000951,14.483882
train,anisonet_train_000958,8.592203667
train,anisonet_train_000960,3.673746667
train,anisonet_train_000961,9.050120333
train,anisonet_train_000966,6.437946333
train,anisonet_train_000967,4.799333333
train,anisonet_train_000969,6.815
train,anisonet_train_000970,5.462
train,anisonet_train_000971,6.330666667
train,anisonet_train_000972,5.432739333
train,anisonet_train_000973,13.36049433
train,anisonet_train_000974,11.384431
train,anisonet_train_000975,10.507
train,anisonet_train_000978,4.639105333
train,anisonet_train_000979,4.845174
train,anisonet_train_000982,3.588753
train,anisonet_train_000983,4.674043
train,anisonet_train_000984,2.340482333
train,anisonet_train_000985,9.750001
train,anisonet_train_000986,4.231193667
train,anisonet_train_000987,5.955974333
train,anisonet_train_000990,3.343370667
train,anisonet_train_000991,3.323870333
train,anisonet_train_000992,6.681609
train,anisonet_train_000997,14.005065
train,anisonet_train_000998,5.564942667
train,anisonet_train_001002,3.083265333
train,anisonet_train_001003,2.671
train,anisonet_train_001004,11.70215067
train,anisonet_train_001007,3.533333333
train,anisonet_train_001010,4.38
train,anisonet_train_001013,3.068472667
train,anisonet_train_001014,2.933524333
train,anisonet_train_001015,2.817940667
train,anisonet_train_001017,2.911372
train,anisonet_train_001019,2.986884333
train,anisonet_train_001020,4.744063
train,anisonet_train_001021,5.378572
train,anisonet_train_001028,2.549958333
train,anisonet_train_001032,10.25821
train,anisonet_train_001033,6.018516
train,anisonet_train_001034,4.670861667
train,anisonet_train_001035,5.183794667
train,anisonet_train_001037,7.205686
train,anisonet_train_001038,7.223179333
train,anisonet_train_001040,2.75556
train,anisonet_train_001041,4.473250333
train,anisonet_train_001042,4.698145667
train,anisonet_train_001045,2.416666667
train,anisonet_train_001049,4.125321
train,anisonet_train_001050,5.609505
train,anisonet_train_001051,4.175187333
train,anisonet_train_001052,4.422308333
train,anisonet_train_001053,4.577046667
train,anisonet_train_001054,4.493211333
train,anisonet_train_001055,4.450855667
train,anisonet_train_001060,4.146992333
train,anisonet_train_001061,12.690323
train,anisonet_train_001062,6.213333333
train,anisonet_train_001064,2.473051333
train,anisonet_train_001066,3.299447667
train,anisonet_train_001067,3.731391333
train,anisonet_train_001068,3.857383333
train,anisonet_train_001071,4.978493
train,anisonet_train_001072,8.732320667
train,anisonet_train_001073,2.690874333
train,anisonet_train_001074,2.403305
train,anisonet_train_001075,2.666431333
train,anisonet_train_001078,2.830637667
train,anisonet_train_001079,3.305296
train,anisonet_train_001080,3.850918333
train,anisonet_train_001081,4.687947667
train,anisonet_train_001082,6.111068
train,anisonet_train_001084,2.299
train,anisonet_train_001085,2.352333333
train,anisonet_train_001086,2.561834667
train,anisonet_train_001091,7.050991
train,anisonet_train_001093,5.840376667
train,anisonet_train_001094,8.776
train,anisonet_train_001095,3.435342333
train,anisonet_train_001097,13.85566667
train,anisonet_train_001098,8.201004667
train,anisonet_train_001100,8.779525667
train,anisonet_train_001101,12.07057833
train,anisonet_train_001102,4.349469
train,anisonet_train_001103,4.370071667
train,anisonet_train_001107,2.736136333
train,anisonet_train_001109,5.894582
train,anisonet_train_001111,5.863706667
train,anisonet_train_001113,7.796757667
train,anisonet_train_001116,11.67233333
train,anisonet_train_001117,4.147606667
train,anisonet_train_001118,7.983737333
train,anisonet_train_001119,6.089
train,anisonet_train_001120,5.946229667
train,anisonet_train_001122,5.400666667
train,anisonet_train_001124,6.490666667
train,anisonet_train_001125,8.249666667
train,anisonet_train_001127,10.559982
train,anisonet_train_001130,9.165729667
train,anisonet_train_001131,3.766990333
train,anisonet_train_001133,5.500936667
train,anisonet_train_001135,4.734233667
train,anisonet_train_001137,11.773275
train,anisonet_train_001138,3.230296667
train,anisonet_train_001139,8.943505
train,anisonet_train_001142,3.217756
train,anisonet_train_001143,5.444626667
train,anisonet_train_001144,3.878415
train,anisonet_train_001145,4.074829333
train,anisonet_train_001150,4.167375
train,anisonet_train_001151,3.629302333
train,anisonet_train_001153,12.54732233
train,anisonet_train_001155,5.809947
train,anisonet_train_001156,6.958184
train,anisonet_train_001160,2.612455333
train,anisonet_train_001162,4.276079
train,anisonet_train_001163,4.386324333
train,anisonet_train_001164,5.592301333
train,anisonet_train_001165,7.190708667
train,anisonet_train_001166,9.329894667
train,anisonet_train_001169,5.502398667
train,anisonet_train_001170,5.520540333
train,anisonet_train_001173,8.670256
train,anisonet_train_001174,11.140975
train,anisonet_train_001175,6.671964667
train,anisonet_train_001176,9.104168
train,anisonet_train_001178,3.743477667
train,anisonet_train_001179,5.317354667
train,anisonet_train_001180,5.74143
train,anisonet_train_001181,7.389161
train,anisonet_train_001182,7.934292667
train,anisonet_train_001183,4.901521667
train,anisonet_train_001184,7.717873667
train,anisonet_train_001187,10.54048833
train,anisonet_train_001189,6.842666667
train,anisonet_train_001191,8.774333333
train,anisonet_train_001192,7.182333333
train,anisonet_train_001196,2.792145
train,anisonet_train_001198,4.210038
train,anisonet_train_001199,4.651201333
train,anisonet_train_001201,2.592
train,anisonet_train_001202,3.018253
train,anisonet_train_001205,7.001349
train,anisonet_train_001206,8.992063333
train,anisonet_train_001207,7.435592667
train,anisonet_train_001209,9.74887
train,anisonet_train_001210,3.656324333
train,anisonet_train_001213,4.611940667
train,anisonet_train_001214,5.819098333
train,anisonet_train_001215,7.444999333
train,anisonet_train_001217,5.019488333
train,anisonet_train_001218,7.176713
train,anisonet_train_001219,7.673496667
train,anisonet_train_001222,9.517437
train,anisonet_train_001224,3.0697
train,anisonet_train_001225,2.912137333
train,anisonet_train_001229,4.863580333
train,anisonet_train_001230,3.027553333
train,anisonet_train_001231,4.538060333
train,anisonet_train_001232,3.455821
train,anisonet_train_001233,4.931842
train,anisonet_train_001234,3.320945
train,anisonet_train_001235,3.470612333
train,anisonet_train_001236,3.879477667
train,anisonet_train_001237,3.425895333
train,anisonet_train_001238,5.170112667
train,anisonet_train_001239,5.210466667
train,anisonet_train_001240,6.494007
train,anisonet_train_001241,12.746
train,anisonet_train_001242,4.487684333
train,anisonet_train_001243,7.825325
train,anisonet_train_001245,4.985014333
train,anisonet_train_001246,3.419184333
train,anisonet_train_001247,4.429981333
train,anisonet_train_001248,7.534834667
train,anisonet_train_001249,3.550333333
train,anisonet_train_001250,6.88203
train,anisonet_train_001252,5.807363333
train,anisonet_train_001254,10.81916133
train,anisonet_train_001256,5.598022
train,anisonet_train_001258,5.271906667
train,anisonet_train_001259,2.803
train,anisonet_train_001260,4.457
train,anisonet_train_001264,3.520209667
train,anisonet_train_001265,3.537984
train,anisonet_train_001267,4.731666667
train,anisonet_train_001268,4.568333333
train,anisonet_train_001269,4.396148667
train,anisonet_train_001270,4.674747
train,anisonet_train_001271,4.676852667
train,anisonet_train_001272,4.720420667
train,anisonet_train_001273,7.525287
train,anisonet_train_001274,9.661
train,anisonet_train_001275,9.715113333
train,anisonet_train_001277,3.119526667
train,anisonet_train_001280,5.848643
train,anisonet_train_001281,7.220139
train,anisonet_train_001283,5.497654333
train,anisonet_train_001284,5.614932
train,anisonet_train_001285,5.032394333
train,anisonet_train_001287,6.453333333
train,anisonet_train_001288,3.802904
train,anisonet_train_001289,9.674
train,anisonet_train_001290,8.956
train,anisonet_train_001293,5.995255
train,anisonet_train_001294,4.884334
train,anisonet_train_001295,3.076992667
train,anisonet_train_001296,2.716794333
train,anisonet_train_001297,2.630228667
train,anisonet_train_001300,9.081075333
train,anisonet_train_001302,5.488892
train,anisonet_train_001304,5.073949
train,anisonet_train_001305,2.763904333
train,anisonet_train_001308,2.935574
train,anisonet_train_001309,3.975836667
train,anisonet_train_001310,4.439946333
train,anisonet_train_001311,2.766016667
train,anisonet_train_001313,4.815934333
train,anisonet_train_001314,4.037792667
train,anisonet_train_001316,7.459697667
train,anisonet_train_001318,5.198015667
train,anisonet_train_001321,4.621695667
train,anisonet_train_001323,9.032626333
train,anisonet_train_001324,3.071124333
train,anisonet_train_001326,7.234361667
train,anisonet_train_001328,6.133375
train,anisonet_train_001330,3.435469667
train,anisonet_train_001331,3.432979667
train,anisonet_train_001332,3.47563
train,anisonet_train_001333,4.428880333
train,anisonet_train_001335,4.023
train,anisonet_train_001336,3.755
train,anisonet_train_001337,4.674
train,anisonet_train_001339,4.385460333
train,anisonet_train_001340,4.397278333
train,anisonet_train_001341,5.104283667
train,anisonet_train_001343,7.113140667
train,anisonet_train_001344,13.105157
train,anisonet_train_001345,10.26651333
train,anisonet_train_001347,6.178101
train,anisonet_train_001348,2.709
train,anisonet_train_001350,5.152893667
train,anisonet_train_001354,2.536
train,anisonet_train_001355,4.043822667
train,anisonet_train_001356,6.318333333
train,anisonet_train_001358,2.414646333
train,anisonet_train_001359,3.441563667
train,anisonet_train_001360,5.113843
train,anisonet_train_001362,2.922343
train,anisonet_train_001363,2.159443667
train,anisonet_train_001364,3.323414667
train,anisonet_train_001366,2.748152667
train,anisonet_train_001367,3.129092
train,anisonet_train_001368,4.292377333
train,anisonet_train_001369,4.733013
train,anisonet_train_001370,4.877348333
train,anisonet_train_001374,4.075778667
train,anisonet_train_001375,2.512760667
train,anisonet_train_001376,4.134160333
train,anisonet_train_001379,7.40794
train,anisonet_train_001382,6.317399333
train,anisonet_train_001383,9.837318
train,anisonet_train_001385,4.700038667
train,anisonet_train_001386,2.949807667
train,anisonet_train_001388,9.061269333
train,anisonet_train_001390,5.009603667
train,anisonet_train_001392,6.716994
train,anisonet_train_001395,3.109772
train,anisonet_train_001397,5.580139667
train,anisonet_train_001398,4.220188667
train,anisonet_train_001399,6.041043333
train,anisonet_train_001400,5.908642333
train,anisonet_train_001401,7.682155
train,anisonet_train_001403,7.802956
train,anisonet_train_001405,10.118069
train,anisonet_train_001409,4.215363333
train,anisonet_train_001411,3.764365
train,anisonet_train_001412,5.131571
train,anisonet_train_001413,4.603498333
train,anisonet_train_001414,4.416101
train,anisonet_train_001416,3.269826
train,anisonet_train_001418,3.76997
train,anisonet_train_001419,3.412510667
train,anisonet_train_001420,2.217879333
train,anisonet_train_001421,3.346811333
train,anisonet_train_001422,2.716501
train,anisonet_train_001428,6.624900333
train,anisonet_train_001429,5.537308333
train,anisonet_train_001431,5.267782333
train,anisonet_train_001434,6.018426667
train,anisonet_train_001437,5.124842333
train,anisonet_train_001438,13.08960667
train,anisonet_train_001439,6.073848333
train,anisonet_train_001440,5.137041333
train,anisonet_train_001441,10.52948267
train,anisonet_train_001442,13.52390033
train,anisonet_train_001444,7.592924667
train,anisonet_train_001445,5.897794667
train,anisonet_train_001446,5.920033
train,anisonet_train_001447,7.623058333
train,anisonet_train_001448,4.564093667
train,anisonet_train_001450,2.553333333
train,anisonet_train_001451,2.555
train,anisonet_train_001452,4.181
train,anisonet_train_001453,2.819333333
train,anisonet_train_001455,2.866333333
train,anisonet_train_001456,8.413263
train,anisonet_train_001457,5.391594667
train,anisonet_train_001460,13.46433333
train,anisonet_train_001462,7.685364
train,anisonet_train_001467,6.488266667
train,anisonet_train_001469,5.878333333
train,anisonet_train_001470,5.858
train,anisonet_train_001471,5.880353667
train,anisonet_train_001473,5.912333333
train,anisonet_train_001476,5.891
train,anisonet_train_001481,7.177666667
train,anisonet_train_001482,8.758
train,anisonet_train_001483,8.953061
train,anisonet_train_001485,13.72666667
train,anisonet_train_001487,4.287438667
train,anisonet_train_001489,2.887485
train,anisonet_train_001490,2.86132
train,anisonet_train_001492,2.931372
train,anisonet_train_001495,4.997068333
train,anisonet_train_001496,5.050471667
train,anisonet_train_001499,6.297801
train,anisonet_train_001500,4.684323333
train,anisonet_train_001501,5.341155333
train,anisonet_train_001502,5.965009667
train,anisonet_train_001504,7.206105
train,anisonet_train_001506,11.318888
train,anisonet_train_001509,5.370749
train,anisonet_train_001511,3.682125
train,anisonet_train_001513,4.100247667
train,anisonet_train_001514,9.012578
train,anisonet_train_001515,8.027666667
train,anisonet_train_001516,5.797718667
train,anisonet_train_001517,4.571719667
train,anisonet_train_001520,2.606
train,anisonet_train_001521,2.435491
train,anisonet_train_001522,2.511557667
train,anisonet_train_001523,2.571656667
train,anisonet_train_001524,2.854782333
train,anisonet_train_001525,3.541813333
train,anisonet_train_001526,3.075499
train,anisonet_train_001528,3.029185
train,anisonet_train_001532,5.052431333
train,anisonet_train_001533,7.486282667
train,anisonet_train_001537,4.464582667
train,anisonet_train_001539,3.137
train,anisonet_train_001540,2.689666667
train,anisonet_train_001541,3.805404667
train,anisonet_train_001543,3.257925
train,anisonet_train_001544,4.886204
train,anisonet_train_001545,5.060970333
train,anisonet_train_001546,5.368499
train,anisonet_train_001547,8.154937333
train,anisonet_train_001548,4.523915333
train,anisonet_train_001553,5.947559
train,anisonet_train_001554,6.636776667
train,anisonet_train_001555,10.088
train,anisonet_train_001556,3.850938333
train,anisonet_train_001557,3.919666667
train,anisonet_train_001561,3.441013
train,anisonet_train_001563,3.344256
train,anisonet_train_001564,2.857922667
train,anisonet_train_001565,6.216960333
train,anisonet_train_001566,8.501422333
train,anisonet_train_001567,6.822275333
train,anisonet_train_001568,3.202565
train,anisonet_train_001569,4.730252667
train,anisonet_train_001570,4.778567333
train,anisonet_train_001571,12.033708
train,anisonet_train_001572,12.63136167
train,anisonet_train_001573,2.906666667
train,anisonet_train_001574,2.323717
train,anisonet_train_001576,2.611229333
train,anisonet_train_001577,3.333737667
train,anisonet_train_001578,3.691385333
train,anisonet_train_001579,3.607837
train,anisonet_train_001580,2.511246
train,anisonet_train_001581,12.533546
train,anisonet_train_001584,2.238216
train,anisonet_train_001586,4.044333333
train,anisonet_train_001588,7.196427667
train,anisonet_train_001590,3.118603333
train,anisonet_train_001591,3.558363
train,anisonet_train_001594,4.014929
train,anisonet_train_001598,6.844322667
train,anisonet_train_001601,3.356226667
train,anisonet_train_001602,9.438904667
train,anisonet_train_001605,6.271333333
train,anisonet_train_001606,2.781466667
train,anisonet_train_001607,9.083766667
train,anisonet_train_001608,2.840633333
train,anisonet_train_001610,2.486794
train,anisonet_train_001611,3.885666667
train,anisonet_train_001613,4.081228333
train,anisonet_train_001618,9.193147333
train,anisonet_train_001619,13.32092067
train,anisonet_train_001620,9.850603
train,anisonet_train_001621,9.854657
train,anisonet_train_001622,8.987120333
train,anisonet_train_001626,3.760643
train,anisonet_train_001628,4.390415333
train,anisonet_train_001630,3.431427333
train,anisonet_train_001631,4.64617
train,anisonet_train_001632,5.009516667
train,anisonet_train_001633,3.511808333
train,anisonet_train_001634,3.983761
train,anisonet_train_001635,8.139686667
train,anisonet_train_001638,7.049942333
train,anisonet_train_001639,4.033870333
train,anisonet_train_001640,3.979097667
train,anisonet_train_001641,5.124423333
train,anisonet_train_001644,8.480084
train,anisonet_train_001645,10.46233333
train,anisonet_train_001646,8.707950333
train,anisonet_train_001648,5.565485
train,anisonet_train_001649,6.879880333
train,anisonet_train_001650,6.659523
train,anisonet_train_001651,6.652018333
train,anisonet_train_001653,3.801333333
train,anisonet_train_001654,6.257
train,anisonet_train_001655,4.078324333
train,anisonet_train_001656,4.617182333
train,anisonet_train_001657,7.198
train,anisonet_train_001658,8.315
train,anisonet_train_001659,7.419
train,anisonet_train_001660,6.032207
train,anisonet_train_001661,6.381222
train,anisonet_train_001663,11.318832
train,anisonet_train_001665,12.47933333
train,anisonet_train_001666,2.075377
train,anisonet_train_001667,10.751403
train,anisonet_train_001669,13.257238
train,anisonet_train_001670,4.547147667
train,anisonet_train_001677,3.433333333
train,anisonet_train_001679,2.638659667
train,anisonet_train_001681,2.214803667
train,anisonet_train_001684,2.564515
train,anisonet_train_001685,2.628
train,anisonet_train_001687,2.869847333
train,anisonet_train_001690,2.694666667
train,anisonet_train_001691,4.624413
train,anisonet_train_001692,1.840595
train,anisonet_train_001696,2.124542
train,anisonet_train_001697,2.292917667
train,anisonet_train_001699,3.175078667
train,anisonet_train_001700,3.092513
train,anisonet_train_001702,4.065835333
train,anisonet_train_001703,2.934481667
train,anisonet_train_001704,2.959383667
train,anisonet_train_001705,3.406717333
train,anisonet_train_001709,2.705408
train,anisonet_train_001710,2.75955
train,anisonet_train_001711,2.635
train,anisonet_train_001712,3.136804333
train,anisonet_train_001713,2.358827333
train,anisonet_train_001714,6.006657
train,anisonet_train_001715,9.312141667
train,anisonet_train_001717,5.410647333
train,anisonet_train_001719,2.111115667
train,anisonet_train_001720,1.943
train,anisonet_train_001721,1.903666667
train,anisonet_train_001722,2.847666667
train,anisonet_train_001724,2.8296
train,anisonet_train_001727,3.188282
train,anisonet_train_001728,2.887644333
train,anisonet_train_001729,4.492666667
train,anisonet_train_001731,5.837662667
train,anisonet_train_001732,5.763539
train,anisonet_train_001733,7.669431333
train,anisonet_train_001735,8.828756667
train,anisonet_train_001739,8.378333333
train,anisonet_train_001740,10.05223767
train,anisonet_train_001741,5.221399667
train,anisonet_train_001743,3.267143
train,anisonet_train_001744,3.501471
train,anisonet_train_001745,3.656604333
train,anisonet_train_001746,6.454179
train,anisonet_train_001747,9.006
train,anisonet_train_001748,6.036381333
train,anisonet_train_001749,7.309469667
train,anisonet_train_001750,4.595619
train,anisonet_train_001751,5.703747333
train,anisonet_train_001752,7.188972333
train,anisonet_train_001753,9.409222
train,anisonet_train_001754,3.619585
train,anisonet_train_001756,5.013269667
train,anisonet_train_001759,3.447734
train,anisonet_train_001760,6.369394667
train,anisonet_train_001761,6.289127
train,anisonet_train_001762,8.271812
train,anisonet_train_001763,2.995607
train,anisonet_train_001764,2.702349
train,anisonet_train_001765,3.032928667
train,anisonet_train_001766,6.79593
train,anisonet_train_001768,4.857493
train,anisonet_train_001769,4.901747
train,anisonet_train_001772,3.218333333
train,anisonet_train_001773,2.626566667
train,anisonet_train_001774,3.280323667
train,anisonet_train_001775,3.173648
train,anisonet_train_001776,3.064075333
train,anisonet_train_001779,7.465793
train,anisonet_train_001781,3.318605667
train,anisonet_train_001783,4.617936
train,anisonet_train_001784,4.542533
train,anisonet_train_001786,8.136015
train,anisonet_train_001789,11.996853
train,anisonet_train_001791,8.166
train,anisonet_train_001792,11.89722067
train,anisonet_train_001794,2.470884333
train,anisonet_train_001795,4.937173333
train,anisonet_train_001798,6.818640667
train,anisonet_train_001799,7.379636
train,anisonet_train_001800,9.824245
train,anisonet_train_001802,7.723958
train,anisonet_train_001803,4.460516
train,anisonet_train_001804,5.151894333
train,anisonet_train_001805,5.976166333
train,anisonet_train_001806,10.87359467
train,anisonet_train_001807,5.655718
train,anisonet_train_001809,5.436721667
train,anisonet_train_001810,5.303189333
train,anisonet_train_001811,6.230279667
train,anisonet_train_001812,4.623579
train,anisonet_train_001813,6.111284333
train,anisonet_train_001816,6.889233667
train,anisonet_train_001817,3.197276
train,anisonet_train_001818,2.548031
train,anisonet_train_001819,3.156212667
train,anisonet_train_001820,3.455281667
train,anisonet_train_001821,3.571
train,anisonet_train_001822,4.467678333
train,anisonet_train_001823,5.836405667
train,anisonet_train_001824,6.840173333
train,anisonet_train_001827,3.863116
train,anisonet_train_001828,4.459427667
train,anisonet_train_001829,5.364105667
train,anisonet_train_001830,5.159253
train,anisonet_train_001832,6.770663333
train,anisonet_train_001834,7.75574
train,anisonet_train_001835,5.375256333
train,anisonet_train_001836,4.102533667
train,anisonet_train_001837,5.745269333
train,anisonet_train_001838,5.174100333
train,anisonet_train_001840,5.319862
train,anisonet_train_001841,6.721585333
train,anisonet_train_001842,9.407333333
train,anisonet_train_001843,6.103886
train,anisonet_train_001844,8.622666667
train,anisonet_train_001845,9.137666667
train,anisonet_train_001847,7.057360333
train,anisonet_train_001848,9.337700333
train,anisonet_train_001849,2.127762667
train,anisonet_train_001851,2.337323667
train,anisonet_train_001853,2.885856667
train,anisonet_train_001855,3.454198
train,anisonet_train_001856,3.604729
train,anisonet_train_001857,3.223477
train,anisonet_train_001858,3.529785667
train,anisonet_train_001859,3.168735333
train,anisonet_train_001860,2.390122
train,anisonet_train_001864,2.650243333
train,anisonet_train_001865,2.561087667
train,anisonet_train_001866,2.672028333
train,anisonet_train_001867,4.792906
train,anisonet_train_001868,4.749278
train,anisonet_train_001870,10.62375667
train,anisonet_train_001871,13.091827
train,anisonet_train_001872,13.428254
train,anisonet_train_001874,4.564806
train,anisonet_train_001875,9.474666333
train,anisonet_train_001876,10.90128333
train,anisonet_train_001877,3.857221
train,anisonet_train_001880,1.517027
train,anisonet_train_001881,1.438
train,anisonet_train_001882,2.307
train,anisonet_train_001883,1.965666667
train,anisonet_train_001884,2.514666667
train,anisonet_train_001885,3.192666667
train,anisonet_train_001889,3.109
train,anisonet_train_001891,5.257
train,anisonet_train_001894,10.071
train,anisonet_train_001899,2.181038667
train,anisonet_train_001900,2.677963667
train,anisonet_train_001901,3.906161
train,anisonet_train_001902,4.181001667
train,anisonet_train_001904,5.554368333
train,anisonet_train_001905,10.69097733
train,anisonet_train_001906,2.778307
train,anisonet_train_001908,2.684829667
train,anisonet_train_001909,5.146768667
train,anisonet_train_001910,4.392928333
train,anisonet_train_001911,5.971788667
train,anisonet_train_001912,3.609898333
train,anisonet_train_001913,7.354913667
train,anisonet_train_001914,2.615542
train,anisonet_train_001916,4.085293667
train,anisonet_train_001917,4.541755
train,anisonet_train_001918,4.465784667
train,anisonet_train_001921,2.214507333
train,anisonet_train_001923,8.037466333
train,anisonet_train_001925,3.168313333
train,anisonet_train_001926,4.974788667
train,anisonet_train_001930,4.624163
train,anisonet_train_001931,4.59803
train,anisonet_train_001932,6.067934667
train,anisonet_train_001934,7.566440333
train,anisonet_train_001935,10.23453567
train,anisonet_train_001936,9.878862
train,anisonet_train_001937,5.065373667
train,anisonet_train_001938,3.479392
train,anisonet_train_001939,6.775307333
train,anisonet_train_001940,8.171595667
train,anisonet_train_001941,5.172411
train,anisonet_train_001942,4.194645333
train,anisonet_train_001944,4.510904
train,anisonet_train_001946,3.371777
train,anisonet_train_001950,3.728576333
train,anisonet_train_001951,6.732841667
train,anisonet_train_001952,3.120694667
train,anisonet_train_001954,3.077365667
train,anisonet_train_001955,5.724175333
train,anisonet_train_001960,3.167719
train,anisonet_train_001961,4.075234667
train,anisonet_train_001963,7.009087667
train,anisonet_train_001964,7.121182667
train,anisonet_train_001965,3.496051
train,anisonet_train_001967,6.421065333
train,anisonet_train_001968,7.355441667
train,anisonet_train_001971,8.525197
train,anisonet_train_001972,5.834453667
train,anisonet_train_001973,7.048252
train,anisonet_train_001974,6.203706333
train,anisonet_train_001976,6.025282667
train,anisonet_train_001977,4.627996333
train,anisonet_train_001978,3.804775
train,anisonet_train_001979,2.352666667
train,anisonet_train_001980,2.376
train,anisonet_train_001981,2.529089
train,anisonet_train_001982,6.385318333
train,anisonet_train_001983,6.790140333
train,anisonet_train_001984,8.867214333
train,anisonet_train_001985,9.141411333
train,anisonet_train_001986,7.165726667
train,anisonet_train_001987,12.255806
train,anisonet_train_001989,8.659333333
train,anisonet_train_001990,10.137
train,anisonet_train_001991,3.178
train,anisonet_train_001992,3.661
train,anisonet_train_001993,4.042
train,anisonet_train_001995,4.974666667
train,anisonet_train_001996,5.902561333
train,anisonet_train_001997,2.889690667
train,anisonet_train_001998,9.370666667
train,anisonet_train_002000,6.26923
train,anisonet_train_002002,4.695088333
train,anisonet_train_002004,4.366468
train,anisonet_train_002005,4.778933667
train,anisonet_train_002006,3.685693333
train,anisonet_train_002012,9.826651667
train,anisonet_train_002013,5.217004
train,anisonet_train_002014,3.06526
train,anisonet_train_002016,4.136558
train,anisonet_train_002018,5.571926
train,anisonet_train_002020,2.57175
train,anisonet_train_002021,5.841665333
train,anisonet_train_002025,8.935114667
train,anisonet_train_002026,9.391061
train,anisonet_train_002029,2.568
train,anisonet_train_002030,4.966954
train,anisonet_train_002031,6.436286667
train,anisonet_train_002032,5.494243333
train,anisonet_train_002033,5.823616333
train,anisonet_train_002034,5.91086
train,anisonet_train_002038,10.02111867
train,anisonet_train_002039,5.821118
train,anisonet_train_002040,5.981673
train,anisonet_train_002041,5.975438667
train,anisonet_train_002042,5.391099
train,anisonet_train_002045,4.593184333
train,anisonet_train_002047,5.923261333
train,anisonet_train_002048,5.812683667
train,anisonet_train_002049,7.923234333
train,anisonet_train_002050,8.099
train,anisonet_train_002051,6.838952667
train,anisonet_train_002053,3.821544
train,anisonet_train_002054,4.835578
train,anisonet_train_002055,8.571141667
train,anisonet_train_002057,8.792601667
train,anisonet_train_002058,6.507581333
train,anisonet_train_002059,6.144793667
train,anisonet_train_002060,3.586418667
train,anisonet_train_002061,5.734245667
train,anisonet_train_002062,2.919484667
train,anisonet_train_002064,6.071964
train,anisonet_train_002066,6.99262
train,anisonet_train_002069,6.889237
train,anisonet_train_002070,7.292054
train,anisonet_train_002071,2.520962667
train,anisonet_train_002072,2.659106
train,anisonet_train_002074,5.280637333
train,anisonet_train_002076,5.781775
train,anisonet_train_002077,5.186008
train,anisonet_train_002078,6.036028
train,anisonet_train_002079,5.011055333
train,anisonet_train_002080,5.195027
train,anisonet_train_002081,5.162106333
train,anisonet_train_002084,6.866366
train,anisonet_train_002085,6.020852667
train,anisonet_train_002087,3.698824667
train,anisonet_train_002090,6.054530333
train,anisonet_train_002091,5.552843667
train,anisonet_train_002092,6.742092667
train,anisonet_train_002093,6.684464667
train,anisonet_train_002095,5.798208667
train,anisonet_train_002098,5.628
train,anisonet_train_002099,5.278627667
train,anisonet_train_002102,3.389568
train,anisonet_train_002103,3.089191
train,anisonet_train_002104,3.994560667
train,anisonet_train_002105,3.506970333
train,anisonet_train_002106,5.414126333
train,anisonet_train_002108,4.578727333
train,anisonet_train_002109,3.802484
train,anisonet_train_002110,4.773258
train,anisonet_train_002111,4.209929333
train,anisonet_train_002112,5.075418333
train,anisonet_train_002113,5.546751333
train,anisonet_train_002114,5.087266333
train,anisonet_train_002115,4.678882667
train,anisonet_train_002120,5.760438
train,anisonet_train_002122,4.543873
train,anisonet_train_002123,4.447643
train,anisonet_train_002125,2.263
train,anisonet_train_002126,3.063666667
train,anisonet_train_002127,7.153651667
train,anisonet_train_002128,3.665068333
train,anisonet_train_002129,3.833258667
train,anisonet_train_002131,8.289228667
train,anisonet_train_002132,12.25166667
train,anisonet_train_002133,5.919584667
train,anisonet_train_002135,10.55404733
train,anisonet_train_002138,9.851712
train,anisonet_train_002139,7.776594
train,anisonet_train_002140,4.794729667
train,anisonet_train_002141,5.907071
train,anisonet_train_002142,5.478641667
train,anisonet_train_002143,7.241639
train,anisonet_train_002144,7.991
train,anisonet_train_002145,3.922426333
train,anisonet_train_002148,3.675800667
train,anisonet_train_002150,4.524668333
train,anisonet_train_002151,6.356144667
train,anisonet_train_002152,8.082029
train,anisonet_train_002154,10.45966667
train,anisonet_train_002155,9.673329667
train,anisonet_train_002157,14.84008467
train,anisonet_train_002158,8.430639667
train,anisonet_train_002159,3.624828
train,anisonet_train_002160,3.113439667
train,anisonet_train_002162,6.053146667
train,anisonet_train_002164,2.718837333
train,anisonet_train_002166,2.208544
train,anisonet_train_002167,2.395
train,anisonet_train_002173,13.916862
train,anisonet_train_002174,4.160666667
train,anisonet_train_002177,2.885067333
train,anisonet_train_002178,2.993666667
train,anisonet_train_002179,6.128443
train,anisonet_train_002180,8.607482667
train,anisonet_train_002181,9.175387
train,anisonet_train_002184,6.697333333
train,anisonet_train_002188,4.912782667
train,anisonet_train_002189,5.228956333
train,anisonet_train_002191,4.780554333
train,anisonet_train_002192,5.347666667
train,anisonet_train_002193,5.594581333
train,anisonet_train_002194,8.616666667
train,anisonet_train_002195,6.216598333
train,anisonet_train_002196,5.864098333
train,anisonet_train_002197,7.735338
train,anisonet_train_002198,8.045666667
train,anisonet_train_002199,9.247824
train,anisonet_train_002200,12.299
train,anisonet_train_002201,5.995133667
train,anisonet_train_002203,6.005476667
train,anisonet_train_002204,9.246812667
train,anisonet_train_002209,13.26625
train,anisonet_train_002210,5.133666667
train,anisonet_train_002211,2.610613
train,anisonet_train_002212,2.194666667
train,anisonet_train_002213,2.088
train,anisonet_train_002214,2.323
train,anisonet_train_002215,2.483107
train,anisonet_train_002217,2.582874333
train,anisonet_train_002218,2.346666667
train,anisonet_train_002220,2.665333333
train,anisonet_train_002221,4.217637333
train,anisonet_train_002223,3.023333333
train,anisonet_train_002224,2.567575667
train,anisonet_train_002226,7.255404
train,anisonet_train_002227,5.303188667
train,anisonet_train_002233,3.095808
train,anisonet_train_002234,2.447205
train,anisonet_train_002239,2.929305333
train,anisonet_train_002241,4.264500333
train,anisonet_train_002243,5.362318333
train,anisonet_train_002244,5.133909333
train,anisonet_train_002247,2.928624667
train,anisonet_train_002248,2.028219667
train,anisonet_train_002249,3.104497667
train,anisonet_train_002250,8.06911
train,anisonet_train_002251,3.479824333
train,anisonet_train_002252,2.518204667
train,anisonet_train_002253,3.640228333
train,anisonet_train_002254,2.545441333
train,anisonet_train_002255,5.189050667
train,anisonet_train_002256,2.023729
train,anisonet_train_002257,4.435568
train,anisonet_train_002258,4.795304333
train,anisonet_train_002259,4.007371667
train,anisonet_train_002261,2.483294667
train,anisonet_train_002262,2.657885333
train,anisonet_train_002263,3.910535333
train,anisonet_train_002264,7.788892667
train,anisonet_train_002265,9.147701
train,anisonet_train_002266,8.462539333
train,anisonet_train_002267,4.487437
train,anisonet_train_002269,8.831597667
train,anisonet_train_002270,4.727981333
train,anisonet_train_002271,2.952615
train,anisonet_train_002273,3.078942333
train,anisonet_train_002276,8.655821
train,anisonet_train_002277,4.867635
train,anisonet_train_002278,6.358
train,anisonet_train_002280,5.036564667
train,anisonet_train_002281,2.566280333
train,anisonet_train_002283,4.274005333
train,anisonet_train_002284,2.387406
train,anisonet_train_002285,2.526
train,anisonet_train_002287,2.738185
train,anisonet_train_002288,2.356506
train,anisonet_train_002290,3.901093
train,anisonet_train_002291,3.802624
train,anisonet_train_002292,2.766553333
train,anisonet_train_002293,1.866807
train,anisonet_train_002295,2.607666667
train,anisonet_train_002298,10.286
train,anisonet_train_002299,13.86866667
train,anisonet_train_002303,4.891598667
train,anisonet_train_002304,2.725490667
train,anisonet_train_002305,2.498408333
train,anisonet_train_002307,3.114163333
train,anisonet_train_002308,4.705344
train,anisonet_train_002309,9.604401
train,anisonet_train_002310,10.807894
train,anisonet_train_002312,5.965957
train,anisonet_train_002313,4.765766667
train,anisonet_train_002314,5.287233
train,anisonet_train_002316,3.715948333
train,anisonet_train_002317,5.498244333
train,anisonet_train_002320,2.459554
train,anisonet_train_002321,3.156712
train,anisonet_train_002322,3.764465667
train,anisonet_train_002326,9.614849333
train,anisonet_train_002327,6.337425667
train,anisonet_train_002329,4.4733
train,anisonet_train_002330,8.619464667
train,anisonet_train_002331,10.17042433
train,anisonet_train_002332,4.184556667
train,anisonet_train_002333,8.628347
train,anisonet_train_002334,6.981675667
train,anisonet_train_002336,2.874959667
train,anisonet_train_002337,4.946535333
train,anisonet_train_002340,2.789333333
train,anisonet_train_002343,2.895
train,anisonet_train_002344,4.961328
train,anisonet_train_002345,6.111696333
train,anisonet_train_002346,3.356032333
train,anisonet_train_002347,2.342
train,anisonet_train_002349,2.431226
train,anisonet_train_002353,3.673333333
train,anisonet_train_002355,3.950333333
train,anisonet_train_002356,4.054
train,anisonet_train_002357,4.713381667
train,anisonet_train_002358,4.417706333
train,anisonet_train_002359,10.429
train,anisonet_train_002360,5.652173333
train,anisonet_train_002362,6.243978
train,anisonet_train_002364,6.870283667
train,anisonet_train_002366,5.16951
train,anisonet_train_002367,5.273778333
train,anisonet_train_002368,3.632895667
train,anisonet_train_002369,2.811699
train,anisonet_train_002370,3.378594
train,anisonet_train_002371,3.208362
train,anisonet_train_002372,3.036558
train,anisonet_train_002373,3.470689667
train,anisonet_train_002375,3.015355
train,anisonet_train_002376,3.789046
train,anisonet_train_002377,5.400333333
train,anisonet_train_002378,4.039166
train,anisonet_train_002380,4.657035
train,anisonet_train_002381,5.488
train,anisonet_train_002382,5.503
train,anisonet_train_002383,7.319
train,anisonet_train_002385,11.285
train,anisonet_train_002386,8.349
train,anisonet_train_002387,14.120816
train,anisonet_train_002388,8.039557667
train,anisonet_train_002389,4.655797333
train,anisonet_train_002390,2.177
train,anisonet_train_002391,11.119708
train,anisonet_train_002392,2.060280667
train,anisonet_train_002394,13.78515333
train,anisonet_train_002395,3.927835
train,anisonet_train_002400,2.713
train,anisonet_train_002401,7.805470333
train,anisonet_train_002403,9.548
train,anisonet_train_002404,4.624248
train,anisonet_train_002405,8.167385333
train,anisonet_train_002406,6.310749
train,anisonet_train_002407,4.811
train,anisonet_train_002408,5.012639333
train,anisonet_train_002409,4.639662333
train,anisonet_train_002410,4.783126
train,anisonet_train_002411,7.050192
train,anisonet_train_002413,5.374284333
train,anisonet_train_002414,5.373411667
train,anisonet_train_002415,8.357508
train,anisonet_train_002416,8.650303333
train,anisonet_train_002417,9.63206
train,anisonet_train_002418,11.181047
train,anisonet_train_002424,3.391784667
train,anisonet_train_002425,3.278923
train,anisonet_train_002427,4.426937
train,anisonet_train_002428,4.475567333
train,anisonet_train_002429,5.561815667
train,anisonet_train_002431,8.232108333
train,anisonet_train_002433,3.442715333
train,anisonet_train_002434,3.102779667
train,anisonet_train_002435,2.749582333
train,anisonet_train_002438,4.868146
train,anisonet_train_002440,3.386375333
train,anisonet_train_002441,5.545591333
train,anisonet_train_002442,4.482815667
train,anisonet_train_002443,4.489289
train,anisonet_train_002444,4.013496
train,anisonet_train_002446,4.541295667
train,anisonet_train_002447,7.529815333
train,anisonet_train_002449,2.619754667
train,anisonet_train_002450,5.244959
train,anisonet_train_002452,3.750899
train,anisonet_train_002454,5.093516667
train,anisonet_train_002455,3.403884667
train,anisonet_train_002457,4.036367
train,anisonet_train_002458,8.688263667
train,anisonet_train_002459,9.271203667
train,anisonet_train_002460,11.22569333
train,anisonet_train_002463,4.557741667
train,anisonet_train_002464,6.563086
train,anisonet_train_002465,2.938832667
train,anisonet_train_002466,2.352430667
train,anisonet_train_002468,3.415749333
train,anisonet_train_002469,5.536142333
train,anisonet_train_002470,3.628652667
train,anisonet_train_002471,7.125739
train,anisonet_train_002472,8.706228667
train,anisonet_train_002475,7.947782667
train,anisonet_train_002476,7.569212
train,anisonet_train_002477,4.129170333
train,anisonet_train_002479,3.260557
train,anisonet_train_002480,2.474741
train,anisonet_train_002481,5.151257333
train,anisonet_train_002483,4.704083
train,anisonet_train_002484,2.596776333
train,anisonet_train_002485,3.728664667
train,anisonet_train_002487,5.494466333
train,anisonet_train_002488,5.834194333
train,anisonet_train_002490,5.207046333
train,anisonet_train_002491,2.977432
train,anisonet_train_002494,13.21866667
train,anisonet_train_002495,3.595773667
train,anisonet_train_002496,4.495920667
train,anisonet_train_002497,4.239415333
train,anisonet_train_002498,4.810555
train,anisonet_train_002499,3.780726333
train,anisonet_train_002500,3.615142
train,anisonet_train_002501,4.629436667
train,anisonet_train_002504,3.744745667
train,anisonet_train_002505,4.395981333
train,anisonet_train_002506,3.239176
train,anisonet_train_002507,4.786587667
train,anisonet_train_002508,7.989025333
train,anisonet_train_002509,3.901699
train,anisonet_train_002510,7.480253
train,anisonet_train_002511,7.038519
train,anisonet_train_002513,7.872483333
train,anisonet_train_002516,5.558068333
train,anisonet_train_002518,4.449139333
train,anisonet_train_002519,5.248522333
train,anisonet_train_002521,4.265562
train,anisonet_train_002522,8.095666667
train,anisonet_train_002523,4.059304667
train,anisonet_train_002525,4.049935667
train,anisonet_train_002526,2.654333333
train,anisonet_train_002527,2.609333333
train,anisonet_train_002529,3.631671
train,anisonet_train_002530,3.654621333
train,anisonet_train_002531,3.727164667
train,anisonet_train_002532,4.886132667
train,anisonet_train_002535,11.61190633
train,anisonet_train_002536,9.853311
train,anisonet_train_002537,7.919288
train,anisonet_train_002538,9.156606667
train,anisonet_train_002539,4.871842333
train,anisonet_train_002540,4.876355667
train,anisonet_train_002541,7.898278333
train,anisonet_train_002545,7.991238333
train,anisonet_train_002546,9.625485333
train,anisonet_train_002548,4.425115
train,anisonet_train_002550,4.059440333
train,anisonet_train_002551,6.143389333
train,anisonet_train_002552,4.145087333
train,anisonet_train_002553,6.543135333
train,anisonet_train_002554,3.966935333
train,anisonet_train_002557,4.195508667
train,anisonet_train_002560,3.558675
train,anisonet_train_002561,4.25713
train,anisonet_train_002562,3.644181333
train,anisonet_train_002564,4.303953
train,anisonet_train_002565,5.819760667
train,anisonet_train_002567,6.902779
train,anisonet_train_002568,4.048792667
train,anisonet_train_002569,6.533666667
train,anisonet_train_002570,6.685292333
train,anisonet_train_002573,7.045689667
train,anisonet_train_002575,6.813244667
train,anisonet_train_002576,9.327654
train,anisonet_train_002579,8.159484333
train,anisonet_train_002580,9.211956
train,anisonet_train_002582,7.467036333
train,anisonet_train_002583,5.568321333
train,anisonet_train_002584,2.749305667
train,anisonet_train_002585,3.214491
train,anisonet_train_002586,3.775268
train,anisonet_train_002589,11.26291533
train,anisonet_train_002592,10.09382467
train,anisonet_train_002594,4.091252333
train,anisonet_train_002595,3.060246
train,anisonet_train_002597,3.827373333
train,anisonet_train_002600,5.289029333
train,anisonet_train_002602,6.806224
train,anisonet_train_002603,4.432009333
train,anisonet_train_002606,7.483523333
train,anisonet_train_002608,6.720196333
train,anisonet_train_002609,9.736474667
train,anisonet_train_002610,5.775044
train,anisonet_train_002613,8.929748667
train,anisonet_train_002614,8.740514333
train,anisonet_train_002616,3.043128667
train,anisonet_train_002618,3.772199
train,anisonet_train_002619,3.697067
train,anisonet_train_002621,9.206213333
train,anisonet_train_002622,4.106303667
train,anisonet_train_002623,3.843715
train,anisonet_train_002624,8.904325
train,anisonet_train_002625,7.735877667
train,anisonet_train_002626,9.643253
train,anisonet_train_002628,5.973429333
train,anisonet_train_002631,8.734115667
train,anisonet_train_002632,11.103596
train,anisonet_train_002633,7.564588667
train,anisonet_train_002634,2.765071667
train,anisonet_train_002636,3.582421667
train,anisonet_train_002637,3.863111333
train,anisonet_train_002638,4.370950667
train,anisonet_train_002639,8.809234333
train,anisonet_train_002641,3.619187
train,anisonet_train_002642,4.28963
train,anisonet_train_002643,9.840044667
train,anisonet_train_002645,8.691661333
train,anisonet_train_002647,11.02242167
train,anisonet_train_002648,7.482439
train,anisonet_train_002649,8.094086
train,anisonet_train_002650,6.640801
train,anisonet_train_002652,7.202311
train,anisonet_train_002653,7.965
train,anisonet_train_002654,3.174635667
train,anisonet_train_002656,7.863300667
train,anisonet_train_002657,5.745162333
train,anisonet_train_002658,2.004779333
train,anisonet_train_002661,3.76265
train,anisonet_train_002664,7.942013
train,anisonet_train_002666,9.687501
train,anisonet_train_002669,8.713552667
train,anisonet_train_002670,5.640935
train,anisonet_train_002671,2.864473667
train,anisonet_train_002672,4.472078333
train,anisonet_train_002674,4.719669667
train,anisonet_train_002675,3.149057667
train,anisonet_train_002676,5.369454333
train,anisonet_train_002678,3.441630667
train,anisonet_train_002681,5.489006333
train,anisonet_train_002682,3.300416667
train,anisonet_train_002683,3.625362
train,anisonet_train_002685,4.184583333
train,anisonet_train_002687,5.191533
train,anisonet_train_002688,5.013
train,anisonet_train_002689,4.668
train,anisonet_train_002691,4.554728
train,anisonet_train_002693,4.605481667
train,anisonet_train_002694,4.595957
train,anisonet_train_002695,4.310067667
train,anisonet_train_002696,13.46706367
train,anisonet_train_002697,4.891168333
train,anisonet_train_002698,3.683845333
train,anisonet_train_002703,7.819903667
train,anisonet_train_002704,4.851
train,anisonet_train_002705,4.91
train,anisonet_train_002706,4.789
train,anisonet_train_002707,4.894
train,anisonet_train_002710,6.629148333
train,anisonet_train_002711,12.03866667
train,anisonet_train_002712,5.00939
train,anisonet_train_002714,6.732059667
train,anisonet_train_002715,5.61899
train,anisonet_train_002716,3.786212667
train,anisonet_train_002717,4.137798667
train,anisonet_train_002718,4.152485667
train,anisonet_train_002719,4.885016667
train,anisonet_train_002722,3.740333333
train,anisonet_train_002723,4.414
train,anisonet_train_002726,9.190213667
train,anisonet_train_002727,4.718201667
train,anisonet_train_002729,5.417724
train,anisonet_train_002730,9.016962667
train,anisonet_train_002731,7.542206667
train,anisonet_train_002732,7.098591
train,anisonet_train_002733,4.791683333
train,anisonet_train_002734,7.350465
train,anisonet_train_002735,10.59252967
train,anisonet_train_002736,12.31988433
train,anisonet_train_002737,9.082212333
train,anisonet_train_002738,9.998351
train,anisonet_train_002739,7.633173
train,anisonet_train_002740,5.039531
train,anisonet_train_002741,4.665720667
train,anisonet_train_002743,3.550819333
train,anisonet_train_002744,3.762642
train,anisonet_train_002745,4.285715333
train,anisonet_train_002746,4.144528333
train,anisonet_train_002747,4.468955333
train,anisonet_train_002748,5.552462667
train,anisonet_train_002749,5.812063
train,anisonet_train_002750,6.307933333
train,anisonet_train_002753,9.678638333
train,anisonet_train_002754,9.831565667
train,anisonet_train_002755,12.478593
train,anisonet_train_002757,7.561434333
train,anisonet_train_002758,3.685342333
train,anisonet_train_002760,5.443464
train,anisonet_train_002761,6.495307667
train,anisonet_train_002762,7.036333333
train,anisonet_train_002763,3.493105
train,anisonet_train_002764,3.503248333
train,anisonet_train_002765,6.629442
train,anisonet_train_002766,5.058520667
train,anisonet_train_002767,3.153291667
train,anisonet_train_002768,2.818390333
train,anisonet_train_002769,3.242613333
train,anisonet_train_002770,2.690861333
train,anisonet_train_002771,8.810249
train,anisonet_train_002772,2.843623667
train,anisonet_train_002775,3.006941667
train,anisonet_train_002776,2.751719333
train,anisonet_train_002777,2.987461
train,anisonet_train_002780,2.380956
train,anisonet_train_002781,3.627789
train,anisonet_train_002783,3.485432
train,anisonet_train_002784,3.866281
train,anisonet_train_002785,3.158163
train,anisonet_train_002787,2.060889333
train,anisonet_train_002788,2.460449667
train,anisonet_train_002791,2.901338
train,anisonet_train_002792,1.890852333
train,anisonet_train_002793,2.876543333
train,anisonet_train_002796,2.388050333
train,anisonet_train_002797,2.132870667
train,anisonet_train_002798,3.927619
train,anisonet_train_002799,1.968251
train,anisonet_train_002800,2.963996333
train,anisonet_train_002802,3.481207333
train,anisonet_train_002803,4.327007667
train,anisonet_train_002804,3.030974667
train,anisonet_train_002807,2.030535
train,anisonet_train_002808,4.202955
train,anisonet_train_002809,5.275119
train,anisonet_train_002810,3.796199333
train,anisonet_train_002811,8.474865333
train,anisonet_train_002815,5.157465
train,anisonet_train_002816,3.208921
train,anisonet_train_002817,4.008136333
train,anisonet_train_002819,2.304864
train,anisonet_train_002820,4.395958
train,anisonet_train_002824,5.903624333
train,anisonet_train_002825,2.343083667
train,anisonet_train_002826,7.34331
train,anisonet_train_002828,3.730559333
train,anisonet_train_002829,8.083174667
train,anisonet_train_002830,7.719973667
train,anisonet_train_002831,7.716995333
train,anisonet_train_002833,7.664793333
train,anisonet_train_002834,2.734392
train,anisonet_train_002837,5.161910667
train,anisonet_train_002838,5.765056333
train,anisonet_train_002839,4.870392333
train,anisonet_train_002843,3.81538
train,anisonet_train_002846,2.975678667
train,anisonet_train_002848,3.521562333
train,anisonet_train_002850,3.144560333
train,anisonet_train_002851,2.622118667
train,anisonet_train_002852,2.393161
train,anisonet_train_002853,3.545011667
train,anisonet_train_002854,3.316591667
train,anisonet_train_002855,3.022544667
train,anisonet_train_002856,3.007225
train,anisonet_train_002858,2.880499667
train,anisonet_train_002859,2.796739667
train,anisonet_train_002860,3.020205
train,anisonet_train_002861,4.001871333
train,anisonet_train_002863,2.711274333
train,anisonet_train_002865,3.209418667
train,anisonet_train_002867,7.308618
train,anisonet_train_002868,2.645014333
train,anisonet_train_002869,2.647959
train,anisonet_train_002870,5.293317333
train,anisonet_train_002871,6.958957
train,anisonet_train_002873,3.376598
train,anisonet_train_002874,3.760122333
train,anisonet_train_002876,5.530070333
train,anisonet_train_002878,12.28325467
train,anisonet_train_002880,4.565273667
train,anisonet_train_002881,3.820355
train,anisonet_train_002882,11.753194
train,anisonet_train_002886,8.905110667
train,anisonet_train_002887,11.11883
train,anisonet_train_002888,14.39999633
train,anisonet_train_002890,2.813987333
train,anisonet_train_002891,3.331394
train,anisonet_train_002892,3.777289667
train,anisonet_train_002893,3.080006
train,anisonet_train_002895,9.581722667
train,anisonet_train_002896,10.31809133
train,anisonet_train_002899,6.877942
train,anisonet_train_002900,4.215514667
train,anisonet_train_002902,5.844212
train,anisonet_train_002903,9.078927333
train,anisonet_train_002904,10.62666667
train,anisonet_train_002905,4.359669333
train,anisonet_train_002907,4.639525
train,anisonet_train_002909,2.884724667
train,anisonet_train_002910,6.334532667
train,anisonet_train_002913,5.791474
train,anisonet_train_002915,4.440299
train,anisonet_train_002916,2.934874333
train,anisonet_train_002918,2.918939667
train,anisonet_train_002920,2.879839
train,anisonet_train_002922,5.618927
train,anisonet_train_002924,6.009808
train,anisonet_train_002925,4.853666
train,anisonet_train_002927,4.788584667
train,anisonet_train_002928,11.948
train,anisonet_train_002930,14.28971
train,anisonet_train_002931,5.307461333
train,anisonet_train_002932,7.796874
train,anisonet_train_002939,2.911465
train,anisonet_train_002941,3.948925667
train,anisonet_train_002945,6.718937667
train,anisonet_train_002946,7.653845
train,anisonet_train_002950,2.240871
train,anisonet_train_002951,2.36
train,anisonet_train_002953,3.018508667
train,anisonet_train_002955,2.738333333
train,anisonet_train_002956,3.13
train,anisonet_train_002959,4.574955333
train,anisonet_train_002961,4.100648
train,anisonet_train_002962,4.223570333
train,anisonet_train_002964,3.657887
train,anisonet_train_002965,3.690124
train,anisonet_train_002966,4.171090333
train,anisonet_train_002968,3.174356
train,anisonet_train_002969,10.89433333
train,anisonet_train_002970,3.260462667
train,anisonet_train_002971,9.303691
train,anisonet_train_002972,6.302156667
train,anisonet_train_002973,9.802408333
train,anisonet_train_002974,7.001282667
train,anisonet_train_002978,6.663427333
train,anisonet_train_002979,6.168372
train,anisonet_train_002982,4.717
train,anisonet_train_002986,9.528666667
train,anisonet_train_002987,5.258071333
train,anisonet_train_002988,6.411969333
train,anisonet_train_002990,9.335454
train,anisonet_train_002991,10.76515567
train,anisonet_train_002992,13.427
train,anisonet_train_002993,6.388819
train,anisonet_train_002997,5.010213
train,anisonet_train_002998,4.874465
train,anisonet_train_002999,5.044221
train,anisonet_train_003000,5.406910333
train,anisonet_train_003001,6.584505667
train,anisonet_train_003002,11.89233333
train,anisonet_train_003003,8.496522333
train,anisonet_train_003004,5.816819
train,anisonet_train_003006,12.522
train,anisonet_train_003007,4.953081333
train,anisonet_train_003009,5.803597667
train,anisonet_train_003011,6.113946
train,anisonet_train_003013,10.05898167
train,anisonet_train_003014,6.616485
train,anisonet_train_003015,3.339750333
train,anisonet_train_003016,3.879
train,anisonet_train_003017,4.576946667
train,anisonet_train_003018,4.604646667
train,anisonet_train_003020,5.674737
train,anisonet_train_003022,3.870529
train,anisonet_train_003023,5.617
train,anisonet_train_003026,5.826359
train,anisonet_train_003027,8.198333333
train,anisonet_train_003029,6.592
train,anisonet_train_003030,6.025007667
train,anisonet_train_003031,5.641784667
train,anisonet_train_003033,6.687243
train,anisonet_train_003034,7.365469
train,anisonet_train_003035,7.914646667
train,anisonet_train_003036,9.138592667
train,anisonet_train_003037,9.370382667
train,anisonet_train_003038,10.295535
train,anisonet_train_003039,8.445
train,anisonet_train_003040,9.072
train,anisonet_train_003042,13.84886
train,anisonet_train_003043,2.893889
train,anisonet_train_003044,2.868717333
train,anisonet_train_003045,5.038178
train,anisonet_train_003046,2.332805667
train,anisonet_train_003047,2.552725667
train,anisonet_train_003048,3.388771333
train,anisonet_train_003049,3.202265333
train,anisonet_train_003052,3.067879667
train,anisonet_train_003054,4.542749
train,anisonet_train_003055,2.652786
train,anisonet_train_003057,5.996768
train,anisonet_train_003058,5.019030667
train,anisonet_train_003059,6.494884
train,anisonet_train_003061,4.60078
train,anisonet_train_003062,5.628128667
train,anisonet_train_003063,4.463974
train,anisonet_train_003064,5.574092
train,anisonet_train_003065,4.43315
train,anisonet_train_003069,2.332073667
train,anisonet_train_003070,2.226666667
train,anisonet_train_003071,2.432666667
train,anisonet_train_003072,3.337083667
train,anisonet_train_003076,2.433286333
train,anisonet_train_003078,4.096061
train,anisonet_train_003080,3.160464
train,anisonet_train_003081,3.236507667
train,anisonet_train_003082,2.648631333
train,anisonet_train_003084,2.393837
train,anisonet_train_003086,4.386500667
train,anisonet_train_003088,2.712257667
train,anisonet_train_003089,3.666913333
train,anisonet_train_003095,3.933400333
train,anisonet_train_003096,4.142779667
train,anisonet_train_003097,3.099666667
train,anisonet_train_003098,4.471757
train,anisonet_train_003101,3.749827
train,anisonet_train_003102,5.979243333
train,anisonet_train_003106,2.272403
train,anisonet_train_003107,3.027454
train,anisonet_train_003108,3.126521
train,anisonet_train_003110,2.629399667
train,anisonet_train_003111,2.581872667
train,anisonet_train_003113,4.804349333
train,anisonet_train_003115,3.485033667
train,anisonet_train_003116,3.144198333
train,anisonet_train_003117,3.202537
train,anisonet_train_003118,3.964802333
train,anisonet_train_003119,3.470859
train,anisonet_train_003122,3.368380333
train,anisonet_train_003124,3.327504667
train,anisonet_train_003125,3.347166333
train,anisonet_train_003126,3.324851333
train,anisonet_train_003127,2.870650667
train,anisonet_train_003128,3.905658
train,anisonet_train_003130,4.770397333
train,anisonet_train_003131,3.037177333
train,anisonet_train_003132,2.789395
train,anisonet_train_003133,3.485180333
train,anisonet_train_003141,5.101548
train,anisonet_train_003142,5.595923
train,anisonet_train_003144,3.370989333
train,anisonet_train_003145,2.859569667
train,anisonet_train_003146,2.553354333
train,anisonet_train_003147,3.104967
train,anisonet_train_003148,3.712001333
train,anisonet_train_003151,7.612078
train,anisonet_train_003153,10.108606
train,anisonet_train_003155,3.074155
train,anisonet_train_003156,4.301498
train,anisonet_train_003157,2.433958333
train,anisonet_train_003159,5.463229667
train,anisonet_train_003160,7.396968
train,anisonet_train_003162,7.596086
train,anisonet_train_003163,3.933535667
train,anisonet_train_003165,5.623308
train,anisonet_train_003166,4.314370333
train,anisonet_train_003169,2.915995
train,anisonet_train_003170,3.549245667
train,anisonet_train_003171,2.491468333
train,anisonet_train_003174,2.960962
train,anisonet_train_003176,5.304161
train,anisonet_train_003179,4.059568667
train,anisonet_train_003180,2.581452
train,anisonet_train_003183,4.557212333
train,anisonet_train_003184,4.666466333
train,anisonet_train_003185,4.532643
train,anisonet_train_003186,2.601093
train,anisonet_train_003187,2.003493333
train,anisonet_train_003188,2.140884
train,anisonet_train_003191,2.931661667
train,anisonet_train_003192,2.588967333
train,anisonet_train_003195,1.874333333
train,anisonet_train_003196,2.003666667
train,anisonet_train_003197,2.491
train,anisonet_train_003198,2.005333333
train,anisonet_train_003199,7.316121667
train,anisonet_train_003201,9.778551333
train,anisonet_train_003204,2.904398667
train,anisonet_train_003206,3.438522
train,anisonet_train_003208,2.593666667
train,anisonet_train_003209,2.167666667
train,anisonet_train_003210,2.189168
train,anisonet_train_003211,2.049008
train,anisonet_train_003212,2.788923
train,anisonet_train_003214,4.998265667
train,anisonet_train_003215,2.147825333
train,anisonet_train_003217,4.276289333
train,anisonet_train_003218,2.832740333
train,anisonet_train_003220,3.859694
train,anisonet_train_003221,3.655829
train,anisonet_train_003223,3.451079
train,anisonet_train_003224,5.157409333
train,anisonet_train_003225,3.024556
train,anisonet_train_003227,3.475792
train,anisonet_train_003228,3.338335333
train,anisonet_train_003231,2.809194
train,anisonet_train_003233,8.589608333
train,anisonet_train_003234,3.192199
train,anisonet_train_003236,3.667742667
train,anisonet_train_003237,2.801899667
train,anisonet_train_003239,2.819595333
train,anisonet_train_003240,2.870397333
train,anisonet_train_003241,2.838642333
train,anisonet_train_003243,4.147716
train,anisonet_train_003244,4.345004
train,anisonet_train_003245,3.885957
train,anisonet_train_003246,3.667646333
train,anisonet_train_003247,3.901761333
train,anisonet_train_003248,3.845856
train,anisonet_train_003251,3.884232333
train,anisonet_train_003252,10.01771833
train,anisonet_train_003253,3.145730333
train,anisonet_train_003254,3.090210333
train,anisonet_train_003256,3.358673667
train,anisonet_train_003257,2.663111333
train,anisonet_train_003258,2.652231
train,anisonet_train_003259,2.714875667
train,anisonet_train_003260,2.711071333
train,anisonet_train_003261,2.745468333
train,anisonet_train_003262,3.557795333
train,anisonet_train_003264,3.037777
train,anisonet_train_003265,3.207266667
train,anisonet_train_003266,3.649026667
train,anisonet_train_003269,3.130215333
train,anisonet_train_003270,3.304930667
train,anisonet_train_003271,4.067059667
train,anisonet_train_003272,2.803550333
train,anisonet_train_003274,3.03701
train,anisonet_train_003275,4.820912333
train,anisonet_train_003276,4.040933667
train,anisonet_train_003277,3.782762333
train,anisonet_train_003278,3.906863333
train,anisonet_train_003279,3.571199333
train,anisonet_train_003281,7.844914
train,anisonet_train_003283,4.758372667
train,anisonet_train_003284,3.401146667
train,anisonet_train_003285,3.398448333
train,anisonet_train_003289,3.873758333
train,anisonet_train_003292,6.35565
train,anisonet_train_003293,4.365338
train,anisonet_train_003298,4.92405
train,anisonet_train_003301,4.598542667
train,anisonet_train_003302,3.435681667
train,anisonet_train_003303,2.553504667
train,anisonet_train_003304,11.99988633
train,anisonet_train_003306,2.767051333
train,anisonet_train_003307,2.623727333
train,anisonet_train_003308,2.622163667
train,anisonet_train_003309,3.045783667
train,anisonet_train_003310,2.63088
train,anisonet_train_003312,2.988744333
train,anisonet_train_003313,2.628758
train,anisonet_train_003314,2.712136333
train,anisonet_train_003315,3.014641
train,anisonet_train_003316,2.667023667
train,anisonet_train_003317,3.990986667
train,anisonet_train_003318,6.951718
train,anisonet_train_003319,5.600962667
train,anisonet_train_003320,5.769773
train,anisonet_train_003321,6.201306333
train,anisonet_train_003322,5.358321667
train,anisonet_train_003323,4.544779
train,anisonet_train_003325,6.521576
train,anisonet_train_003326,5.77996
train,anisonet_train_003329,2.869574
train,anisonet_train_003330,2.661166333
train,anisonet_train_003331,2.818145667
train,anisonet_train_003332,5.13529
train,anisonet_train_003333,5.289389667
train,anisonet_train_003334,5.484609333
train,anisonet_train_003335,5.000513
train,anisonet_train_003338,2.745153
train,anisonet_train_003339,6.893061333
train,anisonet_train_003340,4.911912667
train,anisonet_train_003342,3.066278667
train,anisonet_train_003344,4.651182667
train,anisonet_train_003346,3.268576333
train,anisonet_train_003348,2.755609667
train,anisonet_train_003349,3.791795667
train,anisonet_train_003351,4.780836
train,anisonet_train_003352,3.131821333
train,anisonet_train_003354,2.814990333
train,anisonet_train_003356,2.322
train,anisonet_train_003357,1.981
train,anisonet_train_003359,7.192373
train,anisonet_train_003361,2.280327
train,anisonet_train_003363,13.887869
train,anisonet_train_003364,1.658957333
train,anisonet_train_003365,3.018602
train,anisonet_train_003366,2.614366
train,anisonet_train_003367,2.386295333
train,anisonet_train_003369,5.206095333
train,anisonet_train_003370,7.10008
train,anisonet_train_003371,2.992931
train,anisonet_train_003372,2.993853
train,anisonet_train_003373,7.460106333
train,anisonet_train_003374,2.696961667
train,anisonet_train_003375,4.405344333
train,anisonet_train_003376,3.193881
train,anisonet_train_003377,2.453287
train,anisonet_train_003378,2.303696
train,anisonet_train_003381,3.026666667
train,anisonet_train_003382,3.076756667
train,anisonet_train_003383,2.357169333
train,anisonet_train_003384,3.331435333
train,anisonet_train_003385,3.032625
train,anisonet_train_003387,2.480589667
train,anisonet_train_003388,3.201288667
train,anisonet_train_003389,2.812061
train,anisonet_train_003390,3.942910667
train,anisonet_train_003391,2.611205
train,anisonet_train_003394,2.508436333
train,anisonet_train_003396,13.03466433
train,anisonet_train_003397,7.658874
train,anisonet_train_003399,2.283422333
train,anisonet_train_003401,2.57013
train,anisonet_train_003403,2.664199
train,anisonet_train_003404,2.599082
train,anisonet_train_003407,2.520938
train,anisonet_train_003412,5.484365333
train,anisonet_train_003414,3.180808333
train,anisonet_train_003415,3.614146667
train,anisonet_train_003418,2.595542
train,anisonet_train_003419,3.603666667
train,anisonet_train_003422,2.231144
train,anisonet_train_003424,2.352466667
train,anisonet_train_003425,2.618333333
train,anisonet_train_003428,3.615391667
train,anisonet_train_003429,4.848749667
train,anisonet_train_003430,3.458509
train,anisonet_train_003431,4.517376
train,anisonet_train_003432,3.467164333
train,anisonet_train_003433,3.837976333
train,anisonet_train_003434,3.776425
train,anisonet_train_003435,2.308304
train,anisonet_train_003437,5.254008333
train,anisonet_train_003439,3.218516
train,anisonet_train_003441,5.088429667
train,anisonet_train_003442,5.957664333
train,anisonet_train_003443,6.062252667
train,anisonet_train_003445,2.324666667
train,anisonet_train_003446,7.240980333
train,anisonet_train_003449,5.584238
train,anisonet_train_003450,5.181568
train,anisonet_train_003451,5.578896667
train,anisonet_train_003452,6.768022333
train,anisonet_train_003453,4.490390333
train,anisonet_train_003454,5.848401333
train,anisonet_train_003455,5.866826333
train,anisonet_train_003457,7.840082
train,anisonet_train_003458,6.913459
train,anisonet_train_003461,2.193361667
train,anisonet_train_003462,2.189766
train,anisonet_train_003463,4.658918667
train,anisonet_train_003464,7.062869333
train,anisonet_train_003466,5.241333333
train,anisonet_train_003468,3.933771667
train,anisonet_train_003469,3.879302667
train,anisonet_train_003470,5.991229667
train,anisonet_train_003472,5.617327667
train,anisonet_train_003473,3.021808
train,anisonet_train_003474,3.566761
train,anisonet_train_003476,4.607074667
train,anisonet_train_003477,4.294387
train,anisonet_train_003478,4.241295
train,anisonet_train_003481,4.137592
train,anisonet_train_003482,2.395802
train,anisonet_train_003483,3.892596333
train,anisonet_train_003484,7.248737
train,anisonet_train_003486,2.097223333
train,anisonet_train_003489,2.494229667
train,anisonet_train_003490,7.965369333
train,anisonet_train_003491,3.382796333
train,anisonet_train_003492,2.594
train,anisonet_train_003493,2.491888333
train,anisonet_train_003495,2.770591667
train,anisonet_train_003502,2.321848667
train,anisonet_train_003507,2.718185
train,anisonet_train_003508,2.780095333
train,anisonet_train_003509,3.527613
train,anisonet_train_003510,2.551139
train,anisonet_train_003512,2.762666667
train,anisonet_train_003513,6.376259333
train,anisonet_train_003514,7.583547667
train,anisonet_train_003515,1.893
train,anisonet_train_003516,2.680512667
train,anisonet_train_003520,10.41987267
train,anisonet_train_003521,2.928347667
train,anisonet_train_003522,2.522562667
train,anisonet_train_003523,5.122564667
train,anisonet_train_003525,3.846949
train,anisonet_train_003526,3.349774
train,anisonet_train_003527,2.723946667
train,anisonet_train_003528,2.932256
train,anisonet_train_003529,3.746726
train,anisonet_train_003530,7.782706667
train,anisonet_train_003533,7.364017667
train,anisonet_train_003534,3.352089333
train,anisonet_train_003535,3.195407
train,anisonet_train_003537,3.128360333
train,anisonet_train_003538,3.191027333
train,anisonet_train_003539,6.020521667
train,anisonet_train_003541,6.481328333
train,anisonet_train_003543,4.456213
train,anisonet_train_003544,3.146946667
train,anisonet_train_003545,3.215682333
train,anisonet_train_003546,6.506138
train,anisonet_train_003548,2.421907
train,anisonet_train_003549,3.307216667
train,anisonet_train_003550,3.182797333
train,anisonet_train_003552,5.344295667
train,anisonet_train_003556,4.845899
train,anisonet_train_003558,7.473455
train,anisonet_train_003559,4.405217667
train,anisonet_train_003561,5.924625
train,anisonet_train_003562,7.207551
train,anisonet_train_003565,4.907965667
train,anisonet_train_003567,3.299113333
train,anisonet_train_003568,3.138843667
train,anisonet_train_003570,4.606142333
train,anisonet_train_003571,4.346652333
train,anisonet_train_003576,3.270861667
train,anisonet_train_003578,4.959501667
train,anisonet_train_003580,4.559817667
train,anisonet_train_003581,2.702272
train,anisonet_train_003583,4.615212
train,anisonet_train_003585,3.348953
train,anisonet_train_003586,5.111954333
train,anisonet_train_003587,4.800380333
train,anisonet_train_003588,9.717112
train,anisonet_train_003589,5.194583333
train,anisonet_train_003592,3.374916667
train,anisonet_train_003593,3.708369667
train,anisonet_train_003594,3.091998667
train,anisonet_train_003599,3.730766
train,anisonet_train_003600,8.69647
train,anisonet_train_003606,2.308272667
train,anisonet_train_003607,2.335290333
train,anisonet_train_003608,3.274094333
train,anisonet_train_003609,3.184738667
train,anisonet_train_003610,2.963250667
train,anisonet_train_003611,2.995043
train,anisonet_train_003612,3.059023
train,anisonet_train_003613,5.227481667
train,anisonet_train_003614,5.156991333
train,anisonet_train_003615,5.185032
train,anisonet_train_003616,4.609299333
train,anisonet_train_003618,7.708524333
train,anisonet_train_003619,10.86660467
train,anisonet_train_003620,11.36735933
train,anisonet_train_003621,3.136641
train,anisonet_train_003622,4.256621
train,anisonet_train_003624,2.941301
train,anisonet_train_003626,3.746734333
train,anisonet_train_003628,6.031755333
train,anisonet_train_003630,7.038798667
train,anisonet_train_003631,6.792624667
train,anisonet_train_003632,6.214920333
train,anisonet_train_003635,5.331262667
train,anisonet_train_003637,4.834769
train,anisonet_train_003638,5.034734
train,anisonet_train_003640,5.406985
train,anisonet_train_003642,2.090805667
train,anisonet_train_003645,3.816928
train,anisonet_train_003646,3.237091667
train,anisonet_train_003648,3.385146333
train,anisonet_train_003650,2.975127
train,anisonet_train_003653,3.103991667
train,anisonet_train_003654,2.128666667
train,anisonet_train_003655,1.924969667
train,anisonet_train_003657,2.922452667
train,anisonet_train_003658,2.147720333
train,anisonet_train_003659,2.732502333
train,anisonet_train_003660,3.009808
train,anisonet_train_003664,2.120666667
train,anisonet_train_003665,2.104333333
train,anisonet_train_003666,1.947683667
train,anisonet_train_003667,1.928066333
train,anisonet_train_003668,2.584989333
train,anisonet_train_003669,3.656333333
train,anisonet_train_003671,2.753666667
train,anisonet_train_003672,3.415662
train,anisonet_train_003675,4.716838333
train,anisonet_train_003679,3.048354333
train,anisonet_train_003680,2.253245
train,anisonet_train_003681,2.845637667
train,anisonet_train_003682,3.111771
train,anisonet_train_003684,3.669697333
train,anisonet_train_003685,3.731407667
train,anisonet_train_003686,2.212107333
train,anisonet_train_003687,3.518818333
train,anisonet_train_003688,3.379526333
train,anisonet_train_003691,4.226373333
train,anisonet_train_003693,2.140491
train,anisonet_train_003694,2.195093667
train,anisonet_train_003696,2.841256667
train,anisonet_train_003697,2.771506333
train,anisonet_train_003698,3.02345
train,anisonet_train_003700,3.903862667
train,anisonet_train_003702,2.488821667
train,anisonet_train_003703,2.37
train,anisonet_train_003705,5.564813333
train,anisonet_train_003706,6.87729
train,anisonet_train_003708,3.076585
train,anisonet_train_003713,2.924666667
train,anisonet_train_003714,7.842377
train,anisonet_train_003715,11.66826333
train,anisonet_train_003722,7.165976333
train,anisonet_train_003723,2.766536
train,anisonet_train_003724,2.426288
train,anisonet_train_003725,5.627826667
train,anisonet_train_003726,4.621139
train,anisonet_train_003727,7.172434
train,anisonet_train_003728,3.680858333
train,anisonet_train_003730,4.004325667
train,anisonet_train_003731,3.312510333
train,anisonet_train_003732,3.503639667
train,anisonet_train_003734,7.348267
train,anisonet_train_003735,10.354285
train,anisonet_train_003736,11.973829
train,anisonet_train_003739,4.924246
train,anisonet_train_003740,4.475455667
train,anisonet_train_003741,8.274662
train,anisonet_train_003742,9.230857333
train,anisonet_train_003747,4.173328667
train,anisonet_train_003748,5.489544333
train,anisonet_train_003749,5.841180667
train,anisonet_train_003750,5.554033
train,anisonet_train_003751,4.229286333
train,anisonet_train_003752,8.449288667
train,anisonet_train_003753,5.097129
train,anisonet_train_003754,6.970439667
train,anisonet_train_003756,9.179493
train,anisonet_train_003757,3.918303333
train,anisonet_train_003759,8.238687
train,anisonet_train_003760,6.642748667
train,anisonet_train_003762,12.94322033
train,anisonet_train_003763,2.264
train,anisonet_train_003766,4.202559667
train,anisonet_train_003767,11.289797
train,anisonet_train_003768,2.512327667
train,anisonet_train_003769,2.782896333
train,anisonet_train_003770,3.508895333
train,anisonet_train_003777,8.751211
train,anisonet_train_003778,3.417853
train,anisonet_train_003779,6.089554333
train,anisonet_train_003780,4.504868
train,anisonet_train_003782,6.808555
train,anisonet_train_003783,3.123248
train,anisonet_train_003785,3.038716
train,anisonet_train_003786,5.216545333
train,anisonet_train_003788,3.020857333
train,anisonet_train_003789,2.693374667
train,anisonet_train_003790,4.124548
train,anisonet_train_003791,3.782856333
train,anisonet_train_003792,5.437126333
train,anisonet_train_003793,2.746185333
train,anisonet_train_003794,4.327946333
train,anisonet_train_003800,6.430635333
train,anisonet_train_003801,3.779294
train,anisonet_train_003802,2.51938
train,anisonet_train_003803,4.264842333
train,anisonet_train_003804,4.491873667
train,anisonet_train_003805,3.063
train,anisonet_train_003807,3.707552667
train,anisonet_train_003808,7.86036
train,anisonet_train_003810,3.846223333
train,anisonet_train_003811,3.816339667
train,anisonet_train_003813,4.520897667
train,anisonet_train_003814,4.501074
train,anisonet_train_003815,2.335018
train,anisonet_train_003816,2.395041333
train,anisonet_train_003817,4.412113667
train,anisonet_train_003819,4.088716
train,anisonet_train_003820,2.630434667
train,anisonet_train_003821,3.733428667
train,anisonet_train_003822,5.27841
train,anisonet_train_003824,2.967842
train,anisonet_train_003825,2.808307333
train,anisonet_train_003826,1.878253333
train,anisonet_train_003828,2.494385
train,anisonet_train_003829,2.398469667
train,anisonet_train_003830,4.014946667
train,anisonet_train_003832,2.696559
train,anisonet_train_003834,4.198368333
train,anisonet_train_003836,3.246374
train,anisonet_train_003837,4.042717333
train,anisonet_train_003838,3.263622
train,anisonet_train_003840,3.088017
train,anisonet_train_003841,4.560273
train,anisonet_train_003843,3.630580333
train,anisonet_train_003846,3.676615
train,anisonet_train_003847,3.92749
train,anisonet_train_003848,4.238011333
train,anisonet_train_003849,3.075286
train,anisonet_train_003850,2.45032
train,anisonet_train_003851,2.115
train,anisonet_train_003854,2.439966
train,anisonet_train_003856,3.697
train,anisonet_train_003857,4.11
train,anisonet_train_003858,3.144511
train,anisonet_train_003859,3.887875667
train,anisonet_train_003861,4.703213667
train,anisonet_train_003865,10.81233333
train,anisonet_train_003866,3.210966
train,anisonet_train_003867,3.193081667
train,anisonet_train_003872,4.873309333
train,anisonet_train_003874,7.043312667
train,anisonet_train_003875,3.065147
train,anisonet_train_003877,6.444925
train,anisonet_train_003878,2.989457667
train,anisonet_train_003880,4.60245
train,anisonet_train_003881,3.686851333
train,anisonet_train_003883,3.452704
train,anisonet_train_003884,5.193154333
train,anisonet_train_003885,5.680094
train,anisonet_train_003892,3.923391
train,anisonet_train_003893,4.006561667
train,anisonet_train_003894,4.806735333
train,anisonet_train_003896,3.340392667
train,anisonet_train_003897,3.59927
train,anisonet_train_003898,5.571152
train,anisonet_train_003899,3.186181333
train,anisonet_train_003900,4.315666667
train,anisonet_train_003903,5.578895667
train,anisonet_train_003905,3.732035333
train,anisonet_train_003907,4.909387
train,anisonet_train_003908,6.123625
train,anisonet_train_003909,3.532536
train,anisonet_train_003911,5.047583
train,anisonet_train_003912,6.617517333
train,anisonet_train_003913,4.833409
train,anisonet_train_003917,3.748070667
train,anisonet_train_003925,4.040272667
train,anisonet_train_003927,4.030754333
train,anisonet_train_003928,3.934893
train,anisonet_train_003929,4.325
train,anisonet_train_003930,5.292768333
train,anisonet_train_003935,6.088641
train,anisonet_train_003937,5.731212
train,anisonet_train_003938,6.273109667
train,anisonet_train_003939,5.577333333
train,anisonet_train_003941,6.874
train,anisonet_train_003942,7.556
train,anisonet_train_003943,10.187
train,anisonet_train_003945,13.77666667
train,anisonet_train_003946,6.649466333
train,anisonet_train_003948,2.884097667
train,anisonet_train_003951,4.611329667
train,anisonet_train_003952,3.159452
train,anisonet_train_003953,2.456511
train,anisonet_train_003954,2.791639667
train,anisonet_train_003957,4.239377667
train,anisonet_train_003958,4.240324
train,anisonet_train_003960,2.786129667
train,anisonet_train_003961,4.049931667
train,anisonet_train_003962,2.618707
train,anisonet_train_003965,3.453869667
train,anisonet_train_003967,3.479408333
train,anisonet_train_003969,3.742604333
train,anisonet_train_003970,2.108806
train,anisonet_train_003971,2.237598667
train,anisonet_train_003972,2.008667
train,anisonet_train_003974,2.672839
train,anisonet_train_003975,2.767121333
train,anisonet_train_003976,2.822717667
train,anisonet_train_003977,3.056817667
train,anisonet_train_003978,4.541655667
train,anisonet_train_003979,7.856613
train,anisonet_train_003980,10.115
train,anisonet_train_003982,3.145378667
train,anisonet_train_003984,3.667544667
train,anisonet_train_003988,6.417906
train,anisonet_train_003990,6.045051333
train,anisonet_train_003991,2.727816667
train,anisonet_train_003994,9.124085
train,anisonet_train_003997,2.892047
train,anisonet_train_003999,5.388132667
train,anisonet_train_004000,7.339607
train,anisonet_train_004002,7.310750333
train,anisonet_train_004003,7.364910333
train,anisonet_train_004005,7.510595667
train,anisonet_train_004007,7.490766667
train,anisonet_train_004008,4.952251333
train,anisonet_train_004010,7.427960667
train,anisonet_train_004011,6.553918333
train,anisonet_train_004013,3.502859
train,anisonet_train_004014,2.773141667
train,anisonet_train_004015,3.609917667
train,anisonet_train_004016,3.362977
train,anisonet_train_004018,4.759962667
train,anisonet_train_004019,2.515406
train,anisonet_train_004020,2.336073667
train,anisonet_train_004023,2.271863
train,anisonet_train_004024,3.058957
train,anisonet_train_004026,4.160964333
train,anisonet_train_004027,3.127292
train,anisonet_train_004028,2.797035667
train,anisonet_train_004029,2.882057
train,anisonet_train_004030,3.054536
train,anisonet_train_004031,7.866
train,anisonet_train_004033,4.770673
train,anisonet_train_004034,4.459663667
train,anisonet_train_004036,3.391358
train,anisonet_train_004039,8.135593667
train,anisonet_train_004040,6.739796
train,anisonet_train_004041,2.745746333
train,anisonet_train_004043,6.235838667
train,anisonet_train_004045,9.384626667
train,anisonet_train_004046,4.064757667
train,anisonet_train_004048,3.141508
train,anisonet_train_004049,4.511725333
train,anisonet_train_004051,4.387364667
train,anisonet_train_004053,5.926700667
train,anisonet_train_004054,5.972380333
train,anisonet_train_004056,4.474872
train,anisonet_train_004057,4.858496333
train,anisonet_train_004058,4.440796
train,anisonet_train_004059,12.031
train,anisonet_train_004060,4.686453
train,anisonet_train_004061,11.10333333
train,anisonet_train_004062,5.160965667
train,anisonet_train_004063,7.560852333
train,anisonet_train_004064,6.441914333
train,anisonet_train_004066,5.036301
train,anisonet_train_004067,7.557333333
train,anisonet_train_004069,7.873666667
train,anisonet_train_004071,4.685274667
train,anisonet_train_004072,4.653409
train,anisonet_train_004073,4.625442333
train,anisonet_train_004074,4.697749333
train,anisonet_train_004075,7.732861667
train,anisonet_train_004076,3.750066
train,anisonet_train_004079,10.15356233
train,anisonet_train_004080,13.46627633
train,anisonet_train_004082,4.364673667
train,anisonet_train_004083,8.214833667
train,anisonet_train_004084,4.655422
train,anisonet_train_004085,4.004055333
train,anisonet_train_004086,4.383918667
train,anisonet_train_004087,4.770026333
train,anisonet_train_004088,5.531450667
train,anisonet_train_004089,7.183296
train,anisonet_train_004090,9.783232333
train,anisonet_train_004092,4.254542
train,anisonet_train_004093,2.398950667
train,anisonet_train_004094,4.381116
train,anisonet_train_004096,4.821669667
train,anisonet_train_004099,3.496161
train,anisonet_train_004101,3.541662667
train,anisonet_train_004102,3.770250333
train,anisonet_train_004104,3.10233
train,anisonet_train_004106,3.148948333
train,anisonet_train_004107,2.732960333
train,anisonet_train_004108,3.565752667
train,anisonet_train_004109,8.016493333
train,anisonet_train_004111,5.721853333
train,anisonet_train_004112,12.10716967
train,anisonet_train_004113,6.271598667
train,anisonet_train_004114,4.766024
train,anisonet_train_004115,5.742969667
train,anisonet_train_004117,4.263057
train,anisonet_train_004122,9.039526667
train,anisonet_train_004123,7.181571667
train,anisonet_train_004125,6.669212333
train,anisonet_train_004130,4.446127333
train,anisonet_train_004131,4.430753333
train,anisonet_train_004132,4.579631
train,anisonet_train_004134,4.851903
train,anisonet_train_004135,4.718793333
train,anisonet_train_004136,5.393177667
train,anisonet_train_004137,4.919
train,anisonet_train_004141,3.647239667
train,anisonet_train_004142,4.179074667
train,anisonet_train_004144,3.071314333
train,anisonet_train_004145,4.707727667
train,anisonet_train_004146,6.040098667
train,anisonet_train_004148,5.135212
train,anisonet_train_004151,5.030203667
train,anisonet_train_004153,3.614914333
train,anisonet_train_004156,4.57919
train,anisonet_train_004157,7.949716667
train,anisonet_train_004158,2.329
train,anisonet_train_004161,2.879
train,anisonet_train_004162,3.175782333
train,anisonet_train_004163,3.081523667
train,anisonet_train_004166,4.595961
train,anisonet_train_004167,3.509048
train,anisonet_train_004168,4.531279667
train,anisonet_train_004169,3.861576
train,anisonet_train_004170,3.871731667
train,anisonet_train_004171,3.878751667
train,anisonet_train_004172,4.061046333
train,anisonet_train_004173,4.076
train,anisonet_train_004174,3.566779667
train,anisonet_train_004175,3.541575
train,anisonet_train_004178,4.157828
train,anisonet_train_004179,3.656136333
train,anisonet_train_004180,3.472099667
train,anisonet_train_004181,9.802
train,anisonet_train_004182,3.606685667
train,anisonet_train_004184,4.357635
train,anisonet_train_004185,6.199972
train,anisonet_train_004186,9.301639667
train,anisonet_train_004188,9.663115333
train,anisonet_train_004190,5.565356667
train,anisonet_train_004191,8.225561333
train,anisonet_train_004192,9.322494
train,anisonet_train_004193,6.096622
train,anisonet_train_004197,7.992069
train,anisonet_train_004198,8.936279333
train,anisonet_train_004200,12.51269567
train,anisonet_train_004201,5.763743667
train,anisonet_train_004202,3.042117333
train,anisonet_train_004204,4.097444667
train,anisonet_train_004205,4.619729
train,anisonet_train_004207,6.129169
train,anisonet_train_004208,5.225020667
train,anisonet_train_004209,4.792946667
train,anisonet_train_004210,5.733076333
train,anisonet_train_004211,5.883747
train,anisonet_train_004213,10.26066667
train,anisonet_train_004214,5.450865333
train,anisonet_train_004216,10.45777233
train,anisonet_train_004217,6.314198
train,anisonet_train_004218,9.454333333
train,anisonet_train_004220,4.641212
train,anisonet_train_004225,6.528584333
train,anisonet_train_004226,6.288034667
train,anisonet_train_004227,6.137753
train,anisonet_train_004229,4.669440667
train,anisonet_train_004230,4.980366
train,anisonet_train_004231,4.646
train,anisonet_train_004232,5.177
train,anisonet_train_004236,6.750887667
train,anisonet_train_004237,7.287888
train,anisonet_train_004238,7.929663333
train,anisonet_train_004241,9.844
train,anisonet_train_004243,12.43669867
train,anisonet_train_004245,6.520947333
train,anisonet_train_004249,2.15002
train,anisonet_train_004250,2.286675
train,anisonet_train_004251,4.985179667
train,anisonet_train_004253,2.088995333
train,anisonet_train_004255,2.044078333
train,anisonet_train_004256,2.056469
train,anisonet_train_004258,2.026238
train,anisonet_train_004259,2.29082
train,anisonet_train_004261,2.967428333
train,anisonet_train_004262,2.503568333
train,anisonet_train_004263,2.557759
train,anisonet_train_004264,5.357512333
train,anisonet_train_004266,2.662337333
train,anisonet_train_004269,3.329945667
train,anisonet_train_004270,2.668267667
train,anisonet_train_004274,2.251209
train,anisonet_train_004275,5.085722
train,anisonet_train_004276,3.09612
train,anisonet_train_004277,3.419069333
train,anisonet_train_004278,4.181338333
train,anisonet_train_004279,2.918534333
train,anisonet_train_004280,6.893499333
train,anisonet_train_004283,2.171119
train,anisonet_train_004286,4.187554333
train,anisonet_train_004292,2.958475
train,anisonet_train_004293,2.523334333
train,anisonet_train_004294,2.474030333
train,anisonet_train_004295,2.606441333
train,anisonet_train_004296,3.389215667
train,anisonet_train_004297,5.365765
train,anisonet_train_004298,5.492453667
train,anisonet_train_004299,5.072933
train,anisonet_train_004304,2.167281333
train,anisonet_train_004305,5.454101
train,anisonet_train_004306,6.314798667
train,anisonet_train_004307,3.538888667
train,anisonet_train_004308,3.027878667
train,anisonet_train_004309,5.130196667
train,anisonet_train_004311,3.154254667
train,anisonet_train_004312,2.906701
train,anisonet_train_004313,2.441848333
train,anisonet_train_004315,6.508196667
train,anisonet_train_004316,3.482279
train,anisonet_train_004317,3.115677333
train,anisonet_train_004318,2.893816
train,anisonet_train_004320,2.269166667
train,anisonet_train_004323,2.752717667
train,anisonet_train_004324,2.460605667
train,anisonet_train_004325,5.185667
train,anisonet_train_004326,6.750248
train,anisonet_train_004329,1.953666667
train,anisonet_train_004332,2.229
train,anisonet_train_004333,2.393333333
train,anisonet_train_004334,1.669
train,anisonet_train_004335,1.847016667
train,anisonet_train_004336,1.733
train,anisonet_train_004337,2.816454667
train,anisonet_train_004339,3.607795667
train,anisonet_train_004340,2.684556
train,anisonet_train_004341,2.908215
train,anisonet_train_004342,2.686612
train,anisonet_train_004344,2.670599667
train,anisonet_train_004345,2.728079
train,anisonet_train_004346,2.837722
train,anisonet_train_004350,2.329067333
train,anisonet_train_004351,2.548864667
train,anisonet_train_004352,2.753676
train,anisonet_train_004353,2.702168667
train,anisonet_train_004354,6.984728667
train,anisonet_train_004356,1.961046333
train,anisonet_train_004357,4.116873667
train,anisonet_train_004362,3.039554
train,anisonet_train_004363,2.632811333
train,anisonet_train_004365,2.684063
train,anisonet_train_004366,2.927722667
train,anisonet_train_004367,3.851503667
train,anisonet_train_004368,2.30639
train,anisonet_train_004369,2.386327667
train,anisonet_train_004370,6.222535333
train,anisonet_train_004371,3.038378
train,anisonet_train_004372,3.305047333
train,anisonet_train_004373,2.280193667
train,anisonet_train_004374,2.475488
train,anisonet_train_004375,2.46603
train,anisonet_train_004379,2.70355
train,anisonet_train_004380,3.051905333
train,anisonet_train_004381,2.165421
train,anisonet_train_004382,2.178
train,anisonet_train_004383,2.203039667
train,anisonet_train_004385,1.999804333
train,anisonet_train_004386,2.909432333
train,anisonet_train_004387,2.521922667
train,anisonet_train_004389,2.259019
train,anisonet_train_004390,2.994548333
train,anisonet_train_004392,1.754
train,anisonet_train_004393,2.511353
train,anisonet_train_004394,3.083762333
train,anisonet_train_004395,5.096540333
train,anisonet_train_004396,5.191051333
train,anisonet_train_004399,4.179655667
train,anisonet_train_004400,2.932345
train,anisonet_train_004401,2.579022333
train,anisonet_train_004403,3.047004667
train,anisonet_train_004404,3.445591667
train,anisonet_train_004407,3.217758
train,anisonet_train_004409,2.417973667
train,anisonet_train_004410,3.081367
train,anisonet_train_004411,2.930317333
train,anisonet_train_004413,2.253291333
train,anisonet_train_004415,7.162224333
train,anisonet_train_004416,1.802794333
train,anisonet_train_004417,2.932113
train,anisonet_train_004418,2.43221
train,anisonet_train_004419,2.572432
train,anisonet_train_004420,2.429306
train,anisonet_train_004421,2.473727
train,anisonet_train_004422,2.565236
train,anisonet_train_004424,2.325245
train,anisonet_train_004425,2.430966
train,anisonet_train_004426,2.289628667
train,anisonet_train_004429,4.125935667
train,anisonet_train_004430,2.239125667
train,anisonet_train_004431,4.744604
train,anisonet_train_004432,2.605317333
train,anisonet_train_004434,2.491760333
train,anisonet_train_004435,1.982313667
train,anisonet_train_004436,1.895289
train,anisonet_train_004438,5.505795667
train,anisonet_train_004440,2.001475
train,anisonet_train_004442,2.209585
train,anisonet_train_004444,3.266697667
train,anisonet_train_004445,2.507139667
train,anisonet_train_004446,2.394882667
train,anisonet_train_004448,3.260893
train,anisonet_train_004450,4.508573333
train,anisonet_train_004452,2.246479
train,anisonet_train_004454,2.282041
train,anisonet_train_004455,2.279843
train,anisonet_train_004459,5.302462333
train,anisonet_train_004461,2.465978667
train,anisonet_train_004463,7.494476667
train,anisonet_train_004465,5.206058333
train,anisonet_train_004466,5.568346
train,anisonet_train_004467,1.948368667
train,anisonet_train_004469,3.613950333
train,anisonet_train_004472,9.783978667
train,anisonet_train_004473,3.233764
train,anisonet_train_004477,1.938202
train,anisonet_train_004478,1.782871667
train,anisonet_train_004479,2.387586333
train,anisonet_train_004480,3.261492667
train,anisonet_train_004481,3.211718667
train,anisonet_train_004482,3.281140667
train,anisonet_train_004483,2.338321
train,anisonet_train_004487,2.598690333
train,anisonet_train_004488,2.462909667
train,anisonet_train_004489,2.618327
train,anisonet_train_004490,2.353309
train,anisonet_train_004491,2.431666667
train,anisonet_train_004493,2.311333333
train,anisonet_train_004494,2.156814
train,anisonet_train_004496,4.779080333
train,anisonet_train_004498,6.923034667
train,anisonet_train_004504,4.06517
train,anisonet_train_004505,2.185325
train,anisonet_train_004506,7.922443667
train,anisonet_train_004508,2.440285
train,anisonet_train_004509,5.424548667
train,anisonet_train_004510,13.05467467
train,anisonet_train_004511,8.257561667
train,anisonet_train_004512,10.31449067
train,anisonet_train_004513,13.180215
train,anisonet_train_004514,6.078987333
train,anisonet_train_004515,3.632910667
train,anisonet_train_004516,7.029371
train,anisonet_train_004517,5.792447333
train,anisonet_train_004518,5.466277333
train,anisonet_train_004519,4.756873
train,anisonet_train_004520,3.169160667
train,anisonet_train_004523,4.474618667
train,anisonet_train_004524,3.101424333
train,anisonet_train_004528,7.556818667
train,anisonet_train_004534,3.070508333
train,anisonet_train_004535,2.763549333
train,anisonet_train_004536,2.773645333
train,anisonet_train_004538,5.368834667
train,anisonet_train_004540,2.626525333
train,anisonet_train_004541,5.578648667
train,anisonet_train_004542,7.514795667
train,anisonet_train_004543,8.203702667
train,anisonet_train_004544,6.724269
train,anisonet_train_004545,11.99544233
train,anisonet_train_004547,12.35259667
train,anisonet_train_004548,2.720872
train,anisonet_train_004549,3.628159333
train,anisonet_train_004550,4.454748
train,anisonet_train_004551,4.464920667
train,anisonet_train_004552,2.167356333
train,anisonet_train_004553,8.913983
train,anisonet_train_004554,3.840575333
train,anisonet_train_004557,2.734458
train,anisonet_train_004558,2.520084
train,anisonet_train_004559,2.527033667
train,anisonet_train_004561,3.682023
train,anisonet_train_004562,3.712929667
train,anisonet_train_004563,5.145981
train,anisonet_train_004565,3.872834667
train,anisonet_train_004568,5.807551667
train,anisonet_train_004569,2.826675
train,anisonet_train_004572,8.307586
train,anisonet_train_004573,7.654877
train,anisonet_train_004574,8.857641333
train,anisonet_train_004575,9.653428333
train,anisonet_train_004577,2.238204667
train,anisonet_train_004578,2.486638667
train,anisonet_train_004579,2.824808333
train,anisonet_train_004583,3.451457333
train,anisonet_train_004584,3.473603667
train,anisonet_train_004586,2.385613667
train,anisonet_train_004588,6.404976
train,anisonet_train_004593,2.573975
train,anisonet_train_004594,1.769
train,anisonet_train_004595,1.780333333
train,anisonet_train_004597,2.687702667
train,anisonet_train_004598,4.447979667
train,anisonet_train_004601,2.836419
train,anisonet_train_004602,6.046034333
train,anisonet_train_004604,2.644009
train,anisonet_train_004608,2.035749
train,anisonet_train_004609,3.073838667
train,anisonet_train_004610,2.599402333
train,anisonet_train_004611,3.282024667
train,anisonet_train_004612,2.291444333
train,anisonet_train_004614,5.708221333
train,anisonet_train_004618,2.195
train,anisonet_train_004619,4.418508333
train,anisonet_train_004621,6.762801667
train,anisonet_train_004623,2.342064667
train,anisonet_train_004624,2.362053
train,anisonet_train_004625,2.445385333
train,anisonet_train_004626,2.388567333
train,anisonet_train_004627,3.280333333
train,anisonet_train_004628,3.302142667
train,anisonet_train_004632,5.030752
train,anisonet_train_004633,4.705341667
train,anisonet_train_004634,2.913309667
train,anisonet_train_004637,4.464379667
train,anisonet_train_004640,3.493485667
train,anisonet_train_004641,4.480673667
train,anisonet_train_004642,9.441403667
train,anisonet_train_004643,5.169166667
train,anisonet_train_004644,9.450218667
train,anisonet_train_004645,3.648955
train,anisonet_train_004646,8.228907
train,anisonet_train_004647,3.665675333
train,anisonet_train_004650,8.305145333
train,anisonet_train_004651,9.499655333
train,anisonet_train_004652,6.528080667
train,anisonet_train_004653,9.811702333
train,anisonet_train_004654,6.905929667
train,anisonet_train_004655,2.979315667
train,anisonet_train_004656,3.920890667
train,anisonet_train_004657,4.624967
train,anisonet_train_004659,7.867429333
train,anisonet_train_004660,9.023895333
train,anisonet_train_004663,3.757962333
train,anisonet_train_004664,2.451334333
train,anisonet_train_004665,4.037976333
train,anisonet_train_004666,4.889441667
train,anisonet_train_004668,8.361828667
train,anisonet_train_004670,2.245936
train,anisonet_train_004671,2.771861
train,anisonet_train_004672,3.458649
train,anisonet_train_004673,4.164657
train,anisonet_train_004674,4.079644667
train,anisonet_train_004675,5.167766
train,anisonet_train_004679,4.177568
train,anisonet_train_004682,3.252111333
train,anisonet_train_004683,3.978866333
train,anisonet_train_004684,2.720695333
train,anisonet_train_004685,3.287677333
train,anisonet_train_004687,6.235705333
train,anisonet_train_004688,7.489229667
train,anisonet_train_004690,8.363682667
train,anisonet_train_004692,5.141685667
train,anisonet_train_004693,3.618452
train,anisonet_train_004694,4.302198
train,anisonet_train_004695,3.798138667
train,anisonet_train_004696,2.575917667
train,anisonet_train_004699,4.419910667
train,anisonet_train_004700,5.201161333
train,anisonet_train_004701,2.571205667
train,anisonet_train_004705,3.668274667
train,anisonet_train_004706,4.576385333
train,anisonet_train_004708,5.357673
train,anisonet_train_004709,5.124515667
train,anisonet_train_004712,6.075813
train,anisonet_train_004714,3.165224
train,anisonet_train_004715,3.456097
train,anisonet_train_004716,2.767363333
train,anisonet_train_004717,2.545682333
train,anisonet_train_004718,2.837627667
train,anisonet_train_004720,5.052663667
train,anisonet_train_004722,2.732519
train,anisonet_train_004723,3.016224667
train,anisonet_train_004724,4.086017
train,anisonet_train_004725,4.834301667
train,anisonet_train_004726,6.622401667
train,anisonet_train_004727,2.526414667
train,anisonet_train_004728,3.358259667
train,anisonet_train_004730,3.138811333
train,anisonet_train_004731,3.312348
train,anisonet_train_004733,2.941051
train,anisonet_train_004734,1.919
train,anisonet_train_004735,2.494
train,anisonet_train_004738,3.333
train,anisonet_train_004739,3.686333333
train,anisonet_train_004740,4.084666667
train,anisonet_train_004741,6.276333333
train,anisonet_train_004742,3.317905667
train,anisonet_train_004743,4.243062333
train,anisonet_train_004744,3.790401
train,anisonet_train_004745,3.780006
train,anisonet_train_004749,12.77933333
train,anisonet_train_004750,10.80117033
train,anisonet_train_004753,3.787509
train,anisonet_train_004754,4.071254333
train,anisonet_train_004755,4.066574667
train,anisonet_train_004756,11.01166667
train,anisonet_train_004758,9.042333333
train,anisonet_train_004760,3.366665
train,anisonet_train_004761,9.475
train,anisonet_train_004762,10.38433333
train,anisonet_train_004763,3.503859
train,anisonet_train_004764,3.630557667
train,anisonet_train_004765,4.016893667
train,anisonet_train_004767,6.548768
train,anisonet_train_004768,7.715122667
train,anisonet_train_004770,3.260080667
train,anisonet_train_004772,3.062413
train,anisonet_train_004773,4.383285667
train,anisonet_train_004776,4.672241
train,anisonet_train_004779,3.497729
train,anisonet_train_004780,3.954959667
train,anisonet_train_004782,4.101433333
train,anisonet_train_004784,5.179465667
train,anisonet_train_004786,8.145
train,anisonet_train_004787,3.441254667
train,anisonet_train_004788,7.586666667
train,anisonet_train_004789,3.572228333
train,anisonet_train_004790,3.494693
train,anisonet_train_004791,2.993724333
train,anisonet_train_004792,3.456657667
train,anisonet_train_004793,6.024849
train,anisonet_train_004797,3.272
train,anisonet_train_004798,3.471082333
train,anisonet_train_004799,3.506333333
train,anisonet_train_004800,3.960333333
train,anisonet_train_004802,9.962666667
train,anisonet_train_004803,10.976
train,anisonet_train_004804,3.996253667
train,anisonet_train_004805,5.099603333
train,anisonet_train_004806,4.348573333
train,anisonet_train_004811,3.472652667
train,anisonet_train_004812,3.245678667
train,anisonet_train_004813,2.734723667
train,anisonet_train_004814,2.887536333
train,anisonet_train_004815,3.398062
train,anisonet_train_004816,5.996865667
train,anisonet_train_004817,3.350155
train,anisonet_train_004818,3.019962
train,anisonet_train_004819,3.534003333
train,anisonet_train_004820,3.988249333
train,anisonet_train_004821,3.320114333
train,anisonet_train_004822,2.503844
train,anisonet_train_004824,2.504749667
train,anisonet_train_004825,4.361472
train,anisonet_train_004829,5.655245333
train,anisonet_train_004830,3.023764333
train,anisonet_train_004831,3.387771333
train,anisonet_train_004832,2.491542667
train,anisonet_train_004833,4.882247
train,anisonet_train_004834,5.253121667
train,anisonet_train_004835,3.025435
train,anisonet_train_004837,3.057461333
train,anisonet_train_004840,2.780475667
train,anisonet_train_004842,2.562122333
train,anisonet_train_004843,2.610164667
train,anisonet_train_004844,9.649608667
train,anisonet_train_004851,2.537494333
train,anisonet_train_004852,4.633520667
train,anisonet_train_004853,2.965566333
train,anisonet_train_004854,2.818722667
train,anisonet_train_004855,3.843728333
train,anisonet_train_004856,2.631317667
train,anisonet_train_004859,5.426400667
train,anisonet_train_004860,6.996589333
train,anisonet_train_004862,6.232567333
train,anisonet_train_004863,5.127135
train,anisonet_train_004865,4.908673
train,anisonet_train_004869,2.857665333
train,anisonet_train_004871,3.371838
train,anisonet_train_004872,2.719162333
train,anisonet_train_004873,11.177
train,anisonet_train_004874,3.445353
train,anisonet_train_004875,4.388062
train,anisonet_train_004876,3.951014333
train,anisonet_train_004877,3.74407
train,anisonet_train_004879,6.825261333
train,anisonet_train_004880,3.631048
train,anisonet_train_004881,3.506348
train,anisonet_train_004882,3.318277
train,anisonet_train_004884,2.603573667
train,anisonet_train_004885,2.704333333
train,anisonet_train_004886,2.78583
train,anisonet_train_004889,3.484343
train,anisonet_train_004890,2.293614
train,anisonet_train_004892,6.600815333
train,anisonet_train_004893,7.904498667
train,anisonet_train_004894,6.640396667
train,anisonet_train_004895,7.952861667
train,anisonet_train_004896,3.914755667
train,anisonet_train_004897,2.190809
train,anisonet_train_004899,11.048
train,anisonet_train_004900,2.917736
train,anisonet_train_004904,2.799671667
train,anisonet_train_004905,2.594819
train,anisonet_train_004906,2.539639333
train,anisonet_train_004907,2.464592
train,anisonet_train_004908,3.05087
train,anisonet_train_004911,3.746766
train,anisonet_train_004912,3.606744
train,anisonet_train_004913,4.966491333
train,anisonet_train_004914,3.273745667
train,anisonet_train_004919,12.465966
train,anisonet_train_004920,2.371574
train,anisonet_train_004922,4.718379667
train,anisonet_train_004925,3.933517333
train,anisonet_train_004926,5.856977
train,anisonet_train_004930,3.414999
train,anisonet_train_004933,4.735416667
train,anisonet_train_004934,6.896960667
train,anisonet_train_004935,6.734705
train,anisonet_train_004937,2.936444333
train,anisonet_train_004940,2.346839333
train,anisonet_train_004943,8.862057667
train,anisonet_train_004944,8.821407
train,anisonet_train_004945,6.996667333
train,anisonet_train_004946,4.349491333
train,anisonet_train_004948,3.962466
train,anisonet_train_004949,5.073006333
train,anisonet_train_004953,3.377633667
train,anisonet_train_004954,8.390954667
train,anisonet_train_004955,2.722092
train,anisonet_train_004957,3.379263333
train,anisonet_train_004959,2.49868
train,anisonet_train_004960,4.783501667
train,anisonet_train_004961,2.484102
train,anisonet_train_004962,4.734962667
train,anisonet_train_004963,2.500389333
train,anisonet_train_004967,2.941936333
train,anisonet_train_004969,7.259171667
train,anisonet_train_004971,6.593892333
train,anisonet_train_004972,7.472214667
train,anisonet_train_004973,9.054090333
train,anisonet_train_004974,8.092476333
train,anisonet_train_004975,3.408431667
train,anisonet_train_004978,3.095232333
train,anisonet_train_004979,4.140695
train,anisonet_train_004982,3.374065667
train,anisonet_train_004985,2.714675333
train,anisonet_train_004986,2.731494333
train,anisonet_train_004988,2.685708
train,anisonet_train_004989,2.760840333
train,anisonet_train_004991,8.101629667
train,anisonet_train_004992,4.642909
train,anisonet_train_004995,6.705570667
train,anisonet_train_004996,3.820612667
train,anisonet_train_004997,6.239520667
train,anisonet_train_004998,3.929584333
train,anisonet_train_004999,5.449053333
train,anisonet_train_005000,4.020698667
train,anisonet_train_005001,4.237278667
train,anisonet_train_005002,4.601725667
train,anisonet_train_005003,3.219902
train,anisonet_train_005004,12.78666667
train,anisonet_train_005005,14.665284
train,anisonet_train_005007,7.505327333
train,anisonet_train_005009,4.766412667
train,anisonet_train_005012,10.606124
train,anisonet_train_005013,11.30333333
train,anisonet_train_005014,12.41433333
train,anisonet_train_005016,13.58882
train,anisonet_train_005019,5.267654
train,anisonet_train_005020,5.001682
train,anisonet_train_005021,7.704161
train,anisonet_train_005023,5.234896333
train,anisonet_train_005024,5.631105
train,anisonet_train_005025,5.866612667
train,anisonet_train_005026,4.568386333
train,anisonet_train_005027,5.624220333
train,anisonet_train_005029,5.073101
train,anisonet_train_005030,2.815533
train,anisonet_train_005032,5.592117333
train,anisonet_train_005033,5.513169
train,anisonet_train_005034,4.701249
train,anisonet_train_005036,4.942024667
train,anisonet_train_005037,4.723566333
train,anisonet_train_005039,4.763718333
train,anisonet_train_005040,5.27848
train,anisonet_train_005041,4.961261
train,anisonet_train_005042,4.669066
train,anisonet_train_005044,9.587379
train,anisonet_train_005046,4.574469333
train,anisonet_train_005047,4.370131333
train,anisonet_train_005048,4.801792
train,anisonet_train_005050,9.464481333
train,anisonet_train_005051,10.65970867
train,anisonet_train_005052,4.648779
train,anisonet_train_005053,8.556718
train,anisonet_train_005054,4.630326333
train,anisonet_train_005055,2.436150333
train,anisonet_train_005056,4.316746333
train,anisonet_train_005058,4.657321333
train,anisonet_train_005059,4.537833
train,anisonet_train_005060,4.332814
train,anisonet_train_005063,3.775234
train,anisonet_train_005064,4.662696667
train,anisonet_train_005065,4.981334
train,anisonet_train_005066,4.257187667
train,anisonet_train_005067,3.894206
train,anisonet_train_005068,4.392605667
train,anisonet_train_005070,3.688785667
train,anisonet_train_005072,4.942679333
train,anisonet_train_005076,4.429919
train,anisonet_train_005077,4.432901
train,anisonet_train_005078,3.985502
train,anisonet_train_005079,5.057745
train,anisonet_train_005080,11.220919
train,anisonet_train_005081,4.491693
train,anisonet_train_005082,4.866431
train,anisonet_train_005083,6.664316667
train,anisonet_train_005084,4.347011333
train,anisonet_train_005085,4.651400667
train,anisonet_train_005086,5.014235667
train,anisonet_train_005087,4.851241333
train,anisonet_train_005088,4.417448667
train,anisonet_train_005090,6.932823
train,anisonet_train_005092,3.959677667
train,anisonet_train_005093,3.827351667
train,anisonet_train_005094,4.438113667
train,anisonet_train_005095,3.215689
train,anisonet_train_005097,3.236233
train,anisonet_train_005098,3.467718667
train,anisonet_train_005099,6.319376
train,anisonet_train_005101,5.940666667
train,anisonet_train_005103,3.237136333
train,anisonet_train_005104,7.798030667
train,anisonet_train_005105,3.177107
train,anisonet_train_005106,3.501034667
train,anisonet_train_005107,10.01766667
train,anisonet_train_005108,13.87890533
train,anisonet_train_005109,6.518085667
train,anisonet_train_005112,6.826262667
train,anisonet_train_005113,5.059388
train,anisonet_train_005115,6.198704333
train,anisonet_train_005116,5.333340333
train,anisonet_train_005117,5.992266667
train,anisonet_train_005119,6.529506
train,anisonet_train_005120,5.278144333
train,anisonet_train_005121,7.944228667
train,anisonet_train_005124,9.519806667
train,anisonet_train_005128,3.644626333
train,anisonet_train_005130,7.353492
train,anisonet_train_005131,5.328073667
train,anisonet_train_005132,3.929337333
train,anisonet_train_005133,4.314762667
train,anisonet_train_005135,5.190243667
train,anisonet_train_005139,4.349763
train,anisonet_train_005140,5.481573667
train,anisonet_train_005142,3.890874667
train,anisonet_train_005143,4.136105
train,anisonet_train_005144,4.532348
train,anisonet_train_005145,7.166919
train,anisonet_train_005146,4.408008667
train,anisonet_train_005147,6.743405667
train,anisonet_train_005150,4.189904667
train,anisonet_train_005153,2.445
train,anisonet_train_005155,2.669252667
train,anisonet_train_005156,2.891048667
train,anisonet_train_005157,3.128
train,anisonet_train_005158,3.198759333
train,anisonet_train_005159,3.179333333
train,anisonet_train_005160,3.429081
train,anisonet_train_005161,3.649333333
train,anisonet_train_005162,4.018469
train,anisonet_train_005163,4.339
train,anisonet_train_005164,4.977
train,anisonet_train_005165,7.907666667
train,anisonet_train_005170,4.261666667
train,anisonet_train_005171,10.521849
train,anisonet_train_005172,14.73527067
train,anisonet_train_005173,8.833666667
train,anisonet_train_005174,4.518121333
train,anisonet_train_005179,12.343
train,anisonet_train_005180,9.710737667
train,anisonet_train_005181,5.405846333
train,anisonet_train_005184,6.567975333
train,anisonet_train_005185,6.262093667
train,anisonet_train_005187,9.366147667
train,anisonet_train_005188,8.788002
train,anisonet_train_005189,10.45291233
train,anisonet_train_005190,10.442355
train,anisonet_train_005192,3.063344667
train,anisonet_train_005193,3.416637
train,anisonet_train_005194,3.974527667
train,anisonet_train_005195,4.961008667
train,anisonet_train_005196,5.351845333
train,anisonet_train_005197,5.503220667
train,anisonet_train_005199,5.109718
train,anisonet_train_005200,5.283738333
train,anisonet_train_005202,7.331825667
train,anisonet_train_005203,3.397632
train,anisonet_train_005204,3.849326667
train,anisonet_train_005206,11.87769533
train,anisonet_train_005210,12.31513067
train,anisonet_train_005213,8.372439667
train,anisonet_train_005214,12.21043233
train,anisonet_train_005215,8.915934
train,anisonet_train_005220,5.490801
train,anisonet_train_005221,4.806
train,anisonet_train_005222,5.294
train,anisonet_train_005224,5.361111667
train,anisonet_train_005225,5.976097333
train,anisonet_train_005228,9.35529
train,anisonet_train_005229,10.52014433
train,anisonet_train_005231,14.40905433
train,anisonet_train_005233,2.984922667
train,anisonet_train_005234,3.398002667
train,anisonet_train_005235,2.331410333
train,anisonet_train_005237,3.204823
train,anisonet_train_005238,12.297553
train,anisonet_train_005239,3.404168333
train,anisonet_train_005241,3.229365667
train,anisonet_train_005243,2.52
train,anisonet_train_005248,3.088463667
train,anisonet_train_005249,2.929904
train,anisonet_train_005250,2.913637667
train,anisonet_train_005251,3.141223667
train,anisonet_train_005253,2.866172
train,anisonet_train_005254,2.198
train,anisonet_train_005258,3.003979667
train,anisonet_train_005260,4.337034
train,anisonet_train_005263,3.070832333
train,anisonet_train_005265,2.581986667
train,anisonet_train_005266,10.67771467
train,anisonet_train_005268,3.105463333
train,anisonet_train_005270,4.438144333
train,anisonet_train_005271,2.146893333
train,anisonet_train_005273,2.200295667
train,anisonet_train_005276,2.351337667
train,anisonet_train_005278,2.318
train,anisonet_train_005279,1.95
train,anisonet_train_005280,1.974809333
train,anisonet_train_005281,2.181056333
train,anisonet_train_005282,6.683835333
train,anisonet_train_005283,8.877667333
train,anisonet_train_005284,2.390485333
train,anisonet_train_005285,2.729696667
train,anisonet_train_005288,5.471519667
train,anisonet_train_005289,2.323333333
train,anisonet_train_005290,2.351
train,anisonet_train_005291,2.177381667
train,anisonet_train_005293,9.363356333
train,anisonet_train_005296,2.715202
train,anisonet_train_005298,2.364950667
train,anisonet_train_005299,2.611089
train,anisonet_train_005300,3.052052
train,anisonet_train_005301,3.544744333
train,anisonet_train_005302,2.377538333
train,anisonet_train_005303,4.302073667
train,anisonet_train_005304,2.614599333
train,anisonet_train_005305,3.352968667
train,anisonet_train_005306,3.085711
train,anisonet_train_005307,3.16216
train,anisonet_train_005308,2.06356
train,anisonet_train_005313,3.049375667
train,anisonet_train_005314,3.866579
train,anisonet_train_005315,5.690518333
train,anisonet_train_005317,2.396826667
train,anisonet_train_005318,2.829738
train,anisonet_train_005320,2.248746
train,anisonet_train_005322,2.605046333
train,anisonet_train_005323,2.540192667
train,anisonet_train_005324,2.640053333
train,anisonet_train_005326,2.042666667
train,anisonet_train_005328,9.109068333
train,anisonet_train_005329,3.372537
train,anisonet_train_005330,3.526281667
train,anisonet_train_005332,2.333930667
train,anisonet_train_005333,2.290033
train,anisonet_train_005334,2.128964333
train,anisonet_train_005335,2.052311
train,anisonet_train_005338,3.390037333
train,anisonet_train_005340,6.477915333
train,anisonet_train_005341,6.314483
train,anisonet_train_005342,2.715247333
train,anisonet_train_005343,3.309455333
train,anisonet_train_005344,3.832423667
train,anisonet_train_005345,4.535671
train,anisonet_train_005346,2.026333333
train,anisonet_train_005347,3.501459
train,anisonet_train_005349,2.797889333
train,anisonet_train_005350,3.977920667
train,anisonet_train_005351,3.023295
train,anisonet_train_005352,2.701512333
train,anisonet_train_005354,4.843678333
train,anisonet_train_005355,3.501215333
train,anisonet_train_005358,2.385164
train,anisonet_train_005359,3.432841333
train,anisonet_train_005360,5.155206667
train,anisonet_train_005361,2.373878
train,anisonet_train_005362,3.459322667
train,anisonet_train_005366,3.342363
train,anisonet_train_005367,5.786233333
train,anisonet_train_005368,5.287121
train,anisonet_train_005370,2.185519
train,anisonet_train_005371,2.117063
train,anisonet_train_005372,2.919716333
train,anisonet_train_005373,3.388986333
train,anisonet_train_005374,3.145042
train,anisonet_train_005375,2.531052333
train,anisonet_train_005376,3.013176333
train,anisonet_train_005378,2.402627667
train,anisonet_train_005379,2.169405
train,anisonet_train_005380,2.231558
train,anisonet_train_005382,2.263616
train,anisonet_train_005385,4.374571
train,anisonet_train_005387,3.225133333
train,anisonet_train_005389,2.336635
train,anisonet_train_005391,2.180358333
train,anisonet_train_005392,2.332
train,anisonet_train_005393,2.571178333
train,anisonet_train_005394,2.223513333
train,anisonet_train_005395,2.129
train,anisonet_train_005397,2.232
train,anisonet_train_005398,2.063955
train,anisonet_train_005399,2.153936
train,anisonet_train_005400,3.915333333
train,anisonet_train_005401,3.294572667
train,anisonet_train_005406,3.072057333
train,anisonet_train_005407,2.355491
train,anisonet_train_005408,3.084165333
train,anisonet_train_005409,5.146616667
train,anisonet_train_005410,6.052828333
train,anisonet_train_005411,2.254486333
train,anisonet_train_005412,3.406087333
train,anisonet_train_005415,6.247719667
train,anisonet_train_005416,7.277394333
train,anisonet_train_005417,2.673464
train,anisonet_train_005419,3.685995
train,anisonet_train_005421,1.946981
train,anisonet_train_005423,3.263181
train,anisonet_train_005425,2.240672333
train,anisonet_train_005427,3.079297
train,anisonet_train_005428,1.881025
train,anisonet_train_005432,2.598279667
train,anisonet_train_005433,2.157639667
train,anisonet_train_005434,3.240882667
train,anisonet_train_005435,3.073114
train,anisonet_train_005436,4.596169
train,anisonet_train_005439,2.805261
train,anisonet_train_005443,2.854054667
train,anisonet_train_005444,2.715489
train,anisonet_train_005448,4.114036667
train,anisonet_train_005451,1.924333333
train,anisonet_train_005453,3.469272333
train,anisonet_train_005455,6.155604333
train,anisonet_train_005457,3.268252667
train,anisonet_train_005458,3.844013667
train,anisonet_train_005459,7.451418
train,anisonet_train_005460,12.189945
train,anisonet_train_005461,7.702600333
train,anisonet_train_005463,3.965742
train,anisonet_train_005464,4.043286667
train,anisonet_train_005465,3.689461
train,anisonet_train_005466,3.091309
train,anisonet_train_005467,5.219054333
train,anisonet_train_005468,6.699805
train,anisonet_train_005471,4.447474
train,anisonet_train_005473,2.792722333
train,anisonet_train_005475,4.493236
train,anisonet_train_005476,4.139017333
train,anisonet_train_005477,4.727129333
train,anisonet_train_005479,2.293046
train,anisonet_train_005481,3.943178667
train,anisonet_train_005482,4.459615
train,anisonet_train_005484,4.048800667
train,anisonet_train_005485,4.030431
train,anisonet_train_005488,6.421580333
train,anisonet_train_005489,3.750348667
train,anisonet_train_005491,5.116962333
train,anisonet_train_005493,2.824617
train,anisonet_train_005494,2.515192
train,anisonet_train_005495,2.748133
train,anisonet_train_005496,2.953086333
train,anisonet_train_005497,2.384795667
train,anisonet_train_005498,5.737840667
train,anisonet_train_005499,2.564134667
train,anisonet_train_005500,4.593829
train,anisonet_train_005501,2.576005667
train,anisonet_train_005502,2.783949333
train,anisonet_train_005503,2.765844667
train,anisonet_train_005504,2.629455667
train,anisonet_train_005505,7.475807333
train,anisonet_train_005506,2.494589667
train,anisonet_train_005507,4.691555667
train,anisonet_train_005510,2.713932333
train,anisonet_train_005512,3.658666667
train,anisonet_train_005513,2.190637667
train,anisonet_train_005514,2.738776667
train,anisonet_train_005515,2.983878
train,anisonet_train_005516,5.172957333
train,anisonet_train_005518,8.536122667
train,anisonet_train_005519,2.248202
train,anisonet_train_005522,2.849444667
train,anisonet_train_005525,2.543703
train,anisonet_train_005526,2.956895667
train,anisonet_train_005528,1.928921333
train,anisonet_train_005529,2.037666667
train,anisonet_train_005530,3.725660333
train,anisonet_train_005531,4.158439667
train,anisonet_train_005533,4.288422
train,anisonet_train_005534,2.429666667
train,anisonet_train_005535,2.738333333
train,anisonet_train_005536,6.009455
train,anisonet_train_005537,9.313
train,anisonet_train_005538,3.471323333
train,anisonet_train_005539,4.001977333
train,anisonet_train_005540,3.475852
train,anisonet_train_005541,4.125243
train,anisonet_train_005544,3.690149
train,anisonet_train_005546,4.868254
train,anisonet_train_005548,2.815213333
train,anisonet_train_005550,6.178738
train,anisonet_train_005551,3.765400333
train,anisonet_train_005552,4.096664667
train,anisonet_train_005553,3.454430333
train,anisonet_train_005554,3.590218667
train,anisonet_train_005555,2.976217667
train,anisonet_train_005556,2.556286667
train,anisonet_train_005557,2.845239
train,anisonet_train_005558,4.735537
train,anisonet_train_005559,8.198666667
train,anisonet_train_005561,11.35866667
train,anisonet_train_005564,2.762373667
train,anisonet_train_005565,5.287673
train,anisonet_train_005567,6.397093
train,anisonet_train_005568,6.717929
train,anisonet_train_005569,2.454666667
train,anisonet_train_005570,7.048765667
train,anisonet_train_005572,4.551
train,anisonet_train_005573,8.368823667
train,anisonet_train_005574,7.438667
train,anisonet_train_005576,6.732507
train,anisonet_train_005577,7.528416667
train,anisonet_train_005578,7.943292667
train,anisonet_train_005579,3.017213333
train,anisonet_train_005580,3.772099
train,anisonet_train_005581,6.733548
train,anisonet_train_005582,2.890141333
train,anisonet_train_005583,7.494589667
train,anisonet_train_005585,6.181869333
train,anisonet_train_005586,3.745462667
train,anisonet_train_005587,4.002107667
train,anisonet_train_005588,4.331565
train,anisonet_train_005589,4.712183
train,anisonet_train_005590,3.140959667
train,anisonet_train_005591,3.077094
train,anisonet_train_005592,3.574633
train,anisonet_train_005596,2.910032667
train,anisonet_train_005598,3.178086
train,anisonet_train_005599,2.960147
train,anisonet_train_005600,2.059
train,anisonet_train_005602,2.281
train,anisonet_train_005604,2.709
train,anisonet_train_005605,3.04
train,anisonet_train_005608,3.915699333
train,anisonet_train_005609,4.306108333
train,anisonet_train_005611,2.799
train,anisonet_train_005612,7.829
train,anisonet_train_005613,4.204666667
train,anisonet_train_005614,8.216
train,anisonet_train_005615,4.267064333
train,anisonet_train_005617,3.788311667
train,anisonet_train_005618,5.835848
train,anisonet_train_005619,2.512457667
train,anisonet_train_005622,3.759829
train,anisonet_train_005623,2.776954667
train,anisonet_train_005624,2.937638
train,anisonet_train_005625,6.057
train,anisonet_train_005626,3.017111
train,anisonet_train_005628,6.405117
train,anisonet_train_005629,3.491666667
train,anisonet_train_005630,4.240028333
train,anisonet_train_005631,3.177666667
train,anisonet_train_005633,3.441
train,anisonet_train_005634,3.001463333
train,anisonet_train_005635,3.284665333
train,anisonet_train_005636,4.152487
train,anisonet_train_005637,2.422896
train,anisonet_train_005638,2.436193667
train,anisonet_train_005639,2.64379
train,anisonet_train_005640,2.677247333
train,anisonet_train_005641,2.672513333
train,anisonet_train_005642,2.649443333
train,anisonet_train_005643,2.671959667
train,anisonet_train_005644,3.166664
train,anisonet_train_005645,2.387435
train,anisonet_train_005646,2.510268333
train,anisonet_train_005647,12.13298033
train,anisonet_train_005648,1.891155333
train,anisonet_train_005649,3.202944667
train,anisonet_train_005650,2.404913667
train,anisonet_train_005651,2.260324333
train,anisonet_train_005652,2.424600667
train,anisonet_train_005653,2.356335
train,anisonet_train_005654,3.837995667
train,anisonet_train_005655,3.390678
train,anisonet_train_005656,2.504
train,anisonet_train_005657,4.100023667
train,anisonet_train_005658,4.577312
train,anisonet_train_005659,3.359475
train,anisonet_train_005660,2.555224
train,anisonet_train_005661,3.830227
train,anisonet_train_005662,4.144521667
train,anisonet_train_005663,2.897468333
train,anisonet_train_005664,3.851723667
train,anisonet_train_005667,3.018182
train,anisonet_train_005668,3.393856333
train,anisonet_train_005670,3.236371333
train,anisonet_train_005671,3.176312
train,anisonet_train_005672,2.267666667
train,anisonet_train_005674,2.382666667
train,anisonet_train_005676,4.066847
train,anisonet_train_005677,2.391123333
train,anisonet_train_005678,4.767971333
train,anisonet_train_005681,2.479590333
train,anisonet_train_005682,2.408724333
train,anisonet_train_005684,2.620764333
train,anisonet_train_005685,2.166
train,anisonet_train_005686,5.080313
train,anisonet_train_005697,2.784893333
train,anisonet_train_005703,2.023481333
train,anisonet_train_005704,2.506513667
train,anisonet_train_005705,3.713213333
train,anisonet_train_005707,2.143666667
train,anisonet_train_005708,3.003906667
train,anisonet_train_005709,4.964838
train,anisonet_train_005710,8.619010333
train,anisonet_train_005713,4.086819333
train,anisonet_train_005715,2.469932333
train,anisonet_train_005717,3.896308333
train,anisonet_train_005718,1.932038333
train,anisonet_train_005719,7.96029
train,anisonet_train_005720,9.195557667
train,anisonet_train_005721,2.466141333
train,anisonet_train_005722,2.399695667
train,anisonet_train_005723,2.289081
train,anisonet_train_005724,1.759333333
train,anisonet_train_005726,6.696166
train,anisonet_train_005727,2.278114667
train,anisonet_train_005728,2.200763333
train,anisonet_train_005729,2.671666667
train,anisonet_train_005730,1.943333333
train,anisonet_train_005731,2.08634
train,anisonet_train_005735,6.576508333
train,anisonet_train_005737,10.215819
train,anisonet_train_005738,5.885993667
train,anisonet_train_005739,7.042734667
train,anisonet_train_005741,2.796235667
train,anisonet_train_005742,5.102214333
train,anisonet_train_005743,5.112087
train,anisonet_train_005744,6.039871333
train,anisonet_train_005745,5.004515333
train,anisonet_train_005746,6.633089333
train,anisonet_train_005747,2.011578667
train,anisonet_train_005748,4.798158667
train,anisonet_train_005749,5.643829
train,anisonet_train_005751,5.14714
train,anisonet_train_005752,5.133073667
train,anisonet_train_005753,6.272567667
train,anisonet_train_005754,4.163840333
train,anisonet_train_005755,2.21392
train,anisonet_train_005756,4.844506667
train,anisonet_train_005758,4.279058333
train,anisonet_train_005761,2.466065
train,anisonet_train_005762,4.053627667
train,anisonet_train_005765,5.297566667
train,anisonet_train_005767,5.651614333
train,anisonet_train_005768,4.437937667
train,anisonet_train_005770,2.392825667
train,anisonet_train_005771,2.211181333
train,anisonet_train_005773,1.802666667
train,anisonet_train_005774,2.484519667
train,anisonet_train_005776,3.303248333
train,anisonet_train_005778,3.531178333
train,anisonet_train_005779,3.291779333
train,anisonet_train_005780,2.548591667
train,anisonet_train_005787,3.096252
train,anisonet_train_005788,2.325666667
train,anisonet_train_005789,2.692888667
train,anisonet_train_005790,2.680931
train,anisonet_train_005791,2.042
train,anisonet_train_005792,2.812695
train,anisonet_train_005793,3.243237667
train,anisonet_train_005795,2.244368333
train,anisonet_train_005796,2.672414333
train,anisonet_train_005798,8.159657333
train,anisonet_train_005799,9.851127667
train,anisonet_train_005800,6.695150333
train,anisonet_train_005801,2.061097333
train,anisonet_train_005802,2.296029667
train,anisonet_train_005805,1.650277667
train,anisonet_train_005806,2.280163667
train,anisonet_train_005807,5.399429333
train,anisonet_train_005808,2.397592333
train,anisonet_train_005809,2.684298
train,anisonet_train_005810,4.471757333
train,anisonet_train_005811,2.743239333
train,anisonet_train_005812,2.738044333
train,anisonet_train_005815,1.936333333
train,anisonet_train_005816,2.350333333
train,anisonet_train_005817,2.636418333
train,anisonet_train_005818,2.446068
train,anisonet_train_005819,6.909652
train,anisonet_train_005821,4.132468667
train,anisonet_train_005822,2.830474667
train,anisonet_train_005824,3.534440667
train,anisonet_train_005827,2.178017667
train,anisonet_train_005829,2.973107333
train,anisonet_train_005830,2.104333333
train,anisonet_train_005831,2.404183
train,anisonet_train_005833,5.029030667
train,anisonet_train_005834,6.097203333
train,anisonet_train_005835,3.293197333
train,anisonet_train_005837,2.652565667
train,anisonet_train_005840,4.752549667
train,anisonet_train_005841,2.522545333
train,anisonet_train_005842,2.455450667
train,anisonet_train_005843,2.213
train,anisonet_train_005844,2.311170333
train,anisonet_train_005847,2.069162333
train,anisonet_train_005848,2.750285333
train,anisonet_train_005849,3.536146
train,anisonet_train_005850,2.217
train,anisonet_train_005851,2.217800333
train,anisonet_train_005852,2.449571333
train,anisonet_train_005853,2.213333333
train,anisonet_train_005856,2.50268
train,anisonet_train_005857,3.742
train,anisonet_train_005858,5.507202667
train,anisonet_train_005859,3.203692667
train,anisonet_train_005860,3.235949
train,anisonet_train_005864,3.498433333
train,anisonet_train_005867,2.325843667
train,anisonet_train_005868,3.008148333
train,anisonet_train_005869,2.464950667
train,anisonet_train_005870,2.349744
train,anisonet_train_005873,6.157333333
train,anisonet_train_005875,2.232283667
train,anisonet_train_005878,2.057
train,anisonet_train_005882,2.968853667
train,anisonet_train_005884,2.410719333
train,anisonet_train_005885,2.410945
train,anisonet_train_005886,2.818482333
train,anisonet_train_005890,2.049
train,anisonet_train_005891,2.007165
train,anisonet_train_005893,2.182778667
train,anisonet_train_005894,3.684535
train,anisonet_train_005895,3.446599333
train,anisonet_train_005896,4.376636
train,anisonet_train_005897,4.537678333
train,anisonet_train_005898,3.274654333
train,anisonet_train_005899,2.622687333
train,anisonet_train_005900,2.276730667
train,anisonet_train_005902,2.548541667
train,anisonet_train_005904,3.369257333
train,anisonet_train_005905,3.882153333
train,anisonet_train_005907,4.180181
train,anisonet_train_005909,2.351458
train,anisonet_train_005912,2.463787333
train,anisonet_train_005914,6.632529
train,anisonet_train_005915,7.972997667
train,anisonet_train_005916,2.737855
train,anisonet_train_005919,1.986732667
train,anisonet_train_005921,2.756673
train,anisonet_train_005923,3.168499333
train,anisonet_train_005924,5.426570667
train,anisonet_train_005925,7.154773
train,anisonet_train_005926,6.201154667
train,anisonet_train_005928,2.29585
train,anisonet_train_005929,7.187258333
train,anisonet_train_005931,1.85788
train,anisonet_train_005933,3.026688
train,anisonet_train_005935,4.597453667
train,anisonet_train_005936,3.880529667
train,anisonet_train_005937,4.478216
train,anisonet_train_005940,3.458768
train,anisonet_train_005942,3.205501667
train,anisonet_train_005943,3.550609
train,anisonet_train_005944,2.524911333
train,anisonet_train_005945,2.299013667
train,anisonet_train_005946,2.297542667
train,anisonet_train_005947,2.312046667
train,anisonet_train_005948,2.239479
train,anisonet_train_005949,2.912390667
train,anisonet_train_005950,3.108192
train,anisonet_train_005951,2.588701333
train,anisonet_train_005952,2.918578
train,anisonet_train_005956,2.212752667
train,anisonet_train_005957,2.474
train,anisonet_train_005960,9.729523333
train,anisonet_train_005961,1.895119667
train,anisonet_train_005964,4.408571333
train,anisonet_train_005965,3.055318333
train,anisonet_train_005967,3.637942
train,anisonet_train_005968,5.264874667
train,anisonet_train_005969,6.320934667
train,anisonet_train_005970,2.351161667
train,anisonet_train_005971,3.389766667
train,anisonet_train_005972,4.120368333
train,anisonet_train_005973,7.433237
train,anisonet_train_005974,3.571353333
train,anisonet_train_005975,6.287694333
train,anisonet_train_005976,8.636470667
train,anisonet_train_005977,3.839130333
train,anisonet_train_005978,4.887069667
train,anisonet_train_005979,4.103637
train,anisonet_train_005980,4.139758333
train,anisonet_train_005981,4.124766667
train,anisonet_train_005983,3.922538
train,anisonet_train_005984,7.288119333
train,anisonet_train_005985,5.658239333
train,anisonet_train_005986,2.884445
train,anisonet_train_005987,4.383040333
train,anisonet_train_005989,2.221551333
train,anisonet_train_005990,5.748818333
train,anisonet_train_005993,6.104324333
train,anisonet_train_005994,2.711015333
train,anisonet_train_005996,5.064776
train,anisonet_train_005998,10.621689
train,anisonet_train_005999,11.61533333
train,anisonet_train_006000,2.168298333
train,anisonet_train_006001,2.144829667
train,anisonet_train_006003,4.723628333
train,anisonet_train_006004,5.595464333
train,anisonet_train_006005,3.86714
train,anisonet_train_006010,3.666492667
train,anisonet_train_006011,4.644002667
train,anisonet_train_006012,6.116434667
train,anisonet_train_006013,2.837065
train,anisonet_train_006014,6.385693
train,anisonet_train_006015,9.143271333
train,anisonet_train_006016,3.826242333
train,anisonet_train_006017,2.440955
train,anisonet_train_006018,3.816090333
train,anisonet_train_006020,2.558433667
train,anisonet_train_006021,4.884531
train,anisonet_train_006023,3.713330333
train,anisonet_train_006025,3.346974
train,anisonet_train_006026,3.784969333
train,anisonet_train_006029,2.627244667
train,anisonet_train_006031,4.883226333
train,anisonet_train_006033,2.137428667
train,anisonet_train_006034,4.461185
train,anisonet_train_006036,4.993713333
train,anisonet_train_006038,2.490700667
train,anisonet_train_006040,1.926333333
train,anisonet_train_006042,1.993492
train,anisonet_train_006043,2.515335333
train,anisonet_train_006044,3.15376
train,anisonet_train_006046,2.556609667
train,anisonet_train_006047,3.231602333
train,anisonet_train_006049,4.940238667
train,anisonet_train_006050,2.024393667
train,anisonet_train_006052,1.974208
train,anisonet_train_006054,1.966333333
train,anisonet_train_006062,2.387983
train,anisonet_train_006063,2.826
train,anisonet_train_006068,10.962142
train,anisonet_train_006070,7.078319667
train,anisonet_train_006072,3.727837
train,anisonet_train_006073,8.973497667
train,anisonet_train_006074,5.419635333
train,anisonet_train_006075,8.518522667
train,anisonet_train_006078,5.112311
train,anisonet_train_006079,6.040659667
train,anisonet_train_006080,6.880558667
train,anisonet_train_006082,10.360723
train,anisonet_train_006084,3.355781667
train,anisonet_train_006086,8.287962
train,anisonet_train_006087,5.902312667
train,anisonet_train_006089,4.034572667
train,anisonet_train_006091,10.66137067
train,anisonet_train_006092,4.430383333
train,anisonet_train_006093,6.604679
train,anisonet_train_006095,6.733522
train,anisonet_train_006096,7.989287667
train,anisonet_train_006098,6.728728667
train,anisonet_train_006100,3.622751667
train,anisonet_train_006102,4.434882667
train,anisonet_train_006103,2.707855333
train,anisonet_train_006104,4.675053333
train,anisonet_train_006106,7.23589
train,anisonet_train_006108,3.819805333
train,anisonet_train_006109,3.723378333
train,anisonet_train_006110,4.527122333
train,anisonet_train_006111,9.813
train,anisonet_train_006112,3.296677
train,anisonet_train_006113,9.948666667
train,anisonet_train_006114,7.899492333
train,anisonet_train_006115,7.277715667
train,anisonet_train_006116,7.776503333
train,anisonet_train_006117,2.731025333
train,anisonet_train_006118,2.731942
train,anisonet_train_006120,2.969448333
train,anisonet_train_006121,3.463083
train,anisonet_train_006125,6.681
train,anisonet_train_006126,2.674472333
train,anisonet_train_006127,5.330502333
train,anisonet_train_006128,6.050533333
train,anisonet_train_006129,7.103845667
train,anisonet_train_006130,4.285318333
train,anisonet_train_006131,5.602260333
train,anisonet_train_006132,6.654752333
train,anisonet_train_006133,2.459666667
train,anisonet_train_006135,4.739333333
train,anisonet_train_006136,4.796
train,anisonet_train_006143,3.045925
train,anisonet_train_006144,2.852644667
train,anisonet_train_006145,8.633255667
train,anisonet_train_006146,5.466706333
train,anisonet_train_006151,4.273774333
train,anisonet_train_006152,4.888481
train,anisonet_train_006154,3.984124
train,anisonet_train_006155,4.372643667
train,anisonet_train_006156,4.849205667
train,anisonet_train_006157,2.961911333
train,anisonet_train_006158,3.531174
train,anisonet_train_006160,2.993961
train,anisonet_train_006165,4.366496
train,anisonet_train_006167,3.066098
train,anisonet_train_006168,2.902323333
train,anisonet_train_006169,2.723794667
train,anisonet_train_006170,3.078048333
train,anisonet_train_006172,2.836646667
train,anisonet_train_006173,2.094
train,anisonet_train_006174,2.536
train,anisonet_train_006177,3.117
train,anisonet_train_006178,3.069333333
train,anisonet_train_006179,3.543666667
train,anisonet_train_006181,3.734361667
train,anisonet_train_006182,2.722
train,anisonet_train_006183,6.641221333
train,anisonet_train_006184,6.365306333
train,anisonet_train_006185,7.388775
train,anisonet_train_006186,5.115
train,anisonet_train_006187,4.725333333
train,anisonet_train_006190,3.19781
train,anisonet_train_006191,4.316789667
train,anisonet_train_006193,6.717038
train,anisonet_train_006194,6.978394333
train,anisonet_train_006196,8.821295667
train,anisonet_train_006198,6.005877
train,anisonet_train_006199,6.521411
train,anisonet_train_006202,3.698286
train,anisonet_train_006204,3.790866667
train,anisonet_train_006205,4.274747333
train,anisonet_train_006206,4.406336667
train,anisonet_train_006209,3.723971
train,anisonet_train_006213,2.698174
train,anisonet_train_006214,2.956838
train,anisonet_train_006215,4.907872333
train,anisonet_train_006217,4.935111
train,anisonet_train_006218,5.388046333
train,anisonet_train_006219,4.685955667
train,anisonet_train_006221,4.350555667
train,anisonet_train_006222,4.674111667
train,anisonet_train_006223,6.104069333
train,anisonet_train_006224,2.904387
train,anisonet_train_006225,3.008901
train,anisonet_train_006226,3.256144
train,anisonet_train_006227,4.955131
train,anisonet_train_006228,7.098091
train,anisonet_train_006230,6.880393333
train,anisonet_train_006231,3.182
train,anisonet_train_006233,3.095666667
train,anisonet_train_006235,3.475
train,anisonet_train_006236,8.798
train,anisonet_train_006237,8.093333333
train,anisonet_train_006238,5.423333333
train,anisonet_train_006239,2.245
train,anisonet_train_006240,2.278579
train,anisonet_train_006241,2.530841333
train,anisonet_train_006242,2.520958
train,anisonet_train_006243,2.565527
train,anisonet_train_006244,1.839653333
train,anisonet_train_006246,2.494364
train,anisonet_train_006248,4.218288667
train,anisonet_train_006249,2.302187333
train,anisonet_train_006250,2.388082667
train,anisonet_train_006251,12.06604333
train,anisonet_train_006252,9.386531667
train,anisonet_train_006253,2.977450667
train,anisonet_train_006254,2.424864
train,anisonet_train_006255,3.284571333
train,anisonet_train_006258,4.178233667
train,anisonet_train_006259,2.820673
train,anisonet_train_006262,2.908845
train,anisonet_train_006263,11.85234133
train,anisonet_train_006266,2.977101667
train,anisonet_train_006267,4.893699667
train,anisonet_train_006268,4.554967
train,anisonet_train_006271,2.505442667
train,anisonet_train_006276,3.396559
train,anisonet_train_006277,2.519533
train,anisonet_train_006279,10.55752833
train,anisonet_train_006280,4.429694667
train,anisonet_train_006281,4.125172
train,anisonet_train_006282,4.444352
train,anisonet_train_006284,2.429057
train,anisonet_train_006285,2.375248
train,anisonet_train_006287,6.861278333
train,anisonet_train_006288,4.659385333
train,anisonet_train_006289,5.001842333
train,anisonet_train_006290,2.268176
train,anisonet_train_006291,2.083899333
train,anisonet_train_006293,2.626513
train,anisonet_train_006295,2.376595333
train,anisonet_train_006296,2.336294333
train,anisonet_train_006297,3.670255667
train,anisonet_train_006299,1.863220667
train,anisonet_train_006301,2.485931
train,anisonet_train_006302,1.998961333
train,anisonet_train_006304,2.184572333
train,anisonet_train_006305,2.610581
train,anisonet_train_006307,3.106495
train,anisonet_train_006309,1.924095
train,anisonet_train_006310,2.914813
train,anisonet_train_006311,5.131585667
train,anisonet_train_006314,2.777180667
train,anisonet_train_006316,4.671707
train,anisonet_train_006320,6.268105
train,anisonet_train_006321,8.498112667
train,anisonet_train_006325,3.552619667
train,anisonet_train_006326,2.854273333
train,anisonet_train_006327,3.732971
train,anisonet_train_006328,2.892619333
train,anisonet_train_006329,3.128799333
train,anisonet_train_006330,3.156025333
train,anisonet_train_006331,2.669637
train,anisonet_train_006334,2.391763333
train,anisonet_train_006338,5.159025
train,anisonet_train_006340,2.393775333
train,anisonet_train_006341,2.684794
train,anisonet_train_006342,2.154677
train,anisonet_train_006345,6.916914
train,anisonet_train_006346,7.884228333
train,anisonet_train_006347,4.800968
train,anisonet_train_006350,2.522124333
train,anisonet_train_006351,2.347334667
train,anisonet_train_006352,2.556871
train,anisonet_train_006353,5.983095333
train,anisonet_train_006354,5.383816
train,anisonet_train_006355,5.32787
train,anisonet_train_006356,6.424585333
train,anisonet_train_006358,5.921511
train,anisonet_train_006359,6.068822333
train,anisonet_train_006361,3.182313
train,anisonet_train_006362,3.590321333
train,anisonet_train_006363,2.980903333
train,anisonet_train_006364,2.361031
train,anisonet_train_006367,2.683541667
train,anisonet_train_006368,3.206230333
train,anisonet_train_006369,4.517125667
train,anisonet_train_006370,2.306468667
train,anisonet_train_006373,8.997380667
train,anisonet_train_006374,6.283619667
train,anisonet_train_006378,3.620197667
train,anisonet_train_006379,4.206047
train,anisonet_train_006384,4.501439333
train,anisonet_train_006386,6.549908
train,anisonet_train_006389,3.252302
train,anisonet_train_006392,8.043180667
train,anisonet_train_006393,4.706225667
train,anisonet_train_006395,5.673322333
train,anisonet_train_006397,4.261559667
train,anisonet_train_006398,2.305938667
train,anisonet_train_006399,3.479726333
train,anisonet_train_006400,3.874171
train,anisonet_train_006402,3.662951
train,anisonet_train_006404,2.571726
train,anisonet_train_006405,2.572321
train,anisonet_train_006407,2.589646
train,anisonet_train_006408,3.407688
train,anisonet_train_006409,3.275575333
train,anisonet_train_006410,3.084203
train,anisonet_train_006412,4.073377667
train,anisonet_train_006414,3.384314333
train,anisonet_train_006417,6.575427
train,anisonet_train_006419,5.707299
train,anisonet_train_006420,2.247884667
train,anisonet_train_006422,3.328563
train,anisonet_train_006423,4.037406667
train,anisonet_train_006424,2.551923333
train,anisonet_train_006426,2.735321333
train,anisonet_train_006427,2.620604667
train,anisonet_train_006430,3.070842333
train,anisonet_train_006431,2.308064
train,anisonet_train_006435,2.182847333
train,anisonet_train_006436,2.394805
train,anisonet_train_006437,3.527554
train,anisonet_train_006439,2.551482
train,anisonet_train_006440,2.117567333
train,anisonet_train_006443,4.524202333
train,anisonet_train_006444,4.611722333
train,anisonet_train_006445,2.281450333
train,anisonet_train_006446,3.190651667
train,anisonet_train_006448,2.534576667
train,anisonet_train_006449,2.543123333
train,anisonet_train_006451,3.223035667
train,anisonet_train_006455,2.330269333
train,anisonet_train_006458,2.813844
train,anisonet_train_006460,2.184306667
train,anisonet_train_006461,2.238801
train,anisonet_train_006462,2.317704333
train,anisonet_train_006463,2.849088333
train,anisonet_train_006465,3.265006667
train,anisonet_train_006466,2.628623333
train,anisonet_train_006467,2.234597
train,anisonet_train_006469,2.296161667
train,anisonet_train_006470,2.212121667
train,anisonet_train_006472,2.412903
train,anisonet_train_006473,2.605247
train,anisonet_train_006474,2.38234
train,anisonet_train_006475,2.239544
train,anisonet_train_006477,2.297413667
train,anisonet_train_006478,2.356546
train,anisonet_train_006479,3.456959667
train,anisonet_train_006480,2.691071667
train,anisonet_train_006482,2.765087
train,anisonet_train_006484,3.082317333
train,anisonet_train_006485,2.678014333
train,anisonet_train_006487,2.558824333
train,anisonet_train_006490,2.903932667
train,anisonet_train_006491,3.521428333
train,anisonet_train_006492,4.800296667
train,anisonet_train_006494,6.543259
train,anisonet_train_006495,2.281907667
train,anisonet_train_006496,3.126803
train,anisonet_train_006500,3.008075667
train,anisonet_train_006501,4.844932
train,anisonet_train_006502,2.018676
train,anisonet_train_006504,6.06261
train,anisonet_train_006505,2.199499667
train,anisonet_train_006506,2.683678
train,anisonet_train_006508,4.397823333
train,anisonet_train_006509,2.25804
train,anisonet_train_006510,6.536616667
train,anisonet_train_006511,7.877745
train,anisonet_train_006516,2.387241
train,anisonet_train_006518,5.967528667
train,anisonet_train_006521,2.200034667
train,anisonet_train_006522,2.97932
train,anisonet_train_006524,4.684547333
train,anisonet_train_006525,5.833862667
train,anisonet_train_006526,2.249799667
train,anisonet_train_006529,5.837253333
train,anisonet_train_006531,2.691029667
train,anisonet_train_006532,3.802438
train,anisonet_train_006534,2.979725667
train,anisonet_train_006535,3.237454333
train,anisonet_train_006536,2.414108333
train,anisonet_train_006537,2.543
train,anisonet_train_006538,3.498144
train,anisonet_train_006539,3.219
train,anisonet_train_006540,3.749530667
train,anisonet_train_006542,3.929764
train,anisonet_train_006543,2.368559667
train,anisonet_train_006544,3.472368333
train,anisonet_train_006548,2.391634333
train,anisonet_train_006549,3.484145667
train,anisonet_train_006551,2.522999
train,anisonet_train_006552,3.723134
train,anisonet_train_006553,5.436405
train,anisonet_train_006555,3.980674667
train,anisonet_train_006556,3.070247667
train,anisonet_train_006557,3.887108333
train,anisonet_train_006558,3.073218333
train,anisonet_train_006559,3.621942667
train,anisonet_train_006562,3.092544667
train,anisonet_train_006563,3.295453333
train,anisonet_train_006565,4.280459333
train,anisonet_train_006566,4.520098333
train,anisonet_train_006567,7.652175333
train,anisonet_train_006568,7.659438
train,anisonet_train_006569,2.433246333
train,anisonet_train_006570,6.435262
train,anisonet_train_006572,3.681402333
train,anisonet_train_006575,4.081696
train,anisonet_train_006577,2.585042
train,anisonet_train_006579,3.005030333
train,anisonet_train_006580,3.577333
train,anisonet_train_006581,3.1884
train,anisonet_train_006582,2.217771333
train,anisonet_train_006584,2.839533667
train,anisonet_train_006585,2.997844333
train,anisonet_train_006588,3.999085667
train,anisonet_train_006589,2.401841333
train,anisonet_train_006590,2.337878667
train,anisonet_train_006593,2.676401
train,anisonet_train_006594,4.490087
train,anisonet_train_006595,2.549331
train,anisonet_train_006598,4.218651667
train,anisonet_train_006602,3.16514
train,anisonet_train_006603,2.523617
train,anisonet_train_006606,2.516719333
train,anisonet_train_006608,3.195989
train,anisonet_train_006609,5.410632667
train,anisonet_train_006610,2.274005
train,anisonet_train_006611,2.107021667
train,anisonet_train_006612,2.272018333
train,anisonet_train_006614,2.805260333
train,anisonet_train_006615,3.794658333
train,anisonet_train_006616,4.064867333
train,anisonet_train_006617,4.298829333
train,anisonet_train_006618,4.474573667
train,anisonet_train_006619,2.809710667
train,anisonet_train_006620,2.594657667
train,anisonet_train_006621,3.312752667
train,anisonet_train_006625,3.941981333
train,anisonet_train_006626,3.519099
train,anisonet_train_006627,4.006685333
train,anisonet_train_006628,2.744786
train,anisonet_train_006629,3.724052333
train,anisonet_train_006635,3.705721333
train,anisonet_train_006636,4.856065
train,anisonet_train_006640,3.038082667
train,anisonet_train_006641,3.411621
train,anisonet_train_006643,6.777708333
train,anisonet_train_006644,3.843808333
train,anisonet_train_006645,4.093914
train,anisonet_train_006646,4.317766667
train,anisonet_train_006647,2.715938333
train,anisonet_train_006648,2.970311
train,anisonet_train_006649,3.352357333
train,anisonet_train_006650,5.037755333
train,anisonet_train_006651,8.671666667
train,anisonet_train_006653,10.96769767
train,anisonet_train_006654,3.568183
train,anisonet_train_006655,4.791
train,anisonet_train_006656,2.702074333
train,anisonet_train_006657,6.331884333
train,anisonet_train_006658,6.985321333
train,anisonet_train_006659,7.549944333
train,anisonet_train_006660,7.410305333
train,anisonet_train_006662,8.267654333
train,anisonet_train_006664,3.166535667
train,anisonet_train_006666,3.069204
train,anisonet_train_006668,5.490509
train,anisonet_train_006669,6.114902
train,anisonet_train_006671,4.415583333
train,anisonet_train_006672,4.701478667
train,anisonet_train_006673,3.578584
train,anisonet_train_006675,3.38155
train,anisonet_train_006676,3.892718667
train,anisonet_train_006677,3.635716
train,anisonet_train_006678,2.290245667
train,anisonet_train_006679,3.085712
train,anisonet_train_006680,2.632
train,anisonet_train_006681,2.49787
train,anisonet_train_006683,2.997666667
train,anisonet_train_006684,4.205359
train,anisonet_train_006685,4.991
train,anisonet_train_006686,3.015769
train,anisonet_train_006687,5.184455333
train,anisonet_train_006688,7.751615333
train,anisonet_train_006690,4.737855
train,anisonet_train_006691,5.926022
train,anisonet_train_006692,3.700832
train,anisonet_train_006693,2.685002
train,anisonet_train_006695,3.254947667
train,anisonet_train_006697,4.322843667
train,anisonet_train_006699,7.548254667
train,anisonet_train_006702,3.683
train,anisonet_train_006704,4.086015
train,anisonet_train_006705,7.842718667
val,anisonet_train_000824,1.63
val,anisonet_train_003019,4.957805333
val,anisonet_train_001301,7.176805
val,anisonet_train_002083,5.765516667
val,anisonet_train_002379,4.651
val,anisonet_train_003623,6.836581333
val,anisonet_train_002275,5.403565
val,anisonet_train_001468,5.934494
val,anisonet_train_003860,5.398916333
val,anisonet_train_006192,9.238554667
val,anisonet_train_003012,5.924841667
val,anisonet_train_000544,3.844333333
val,anisonet_train_004398,7.329747667
val,anisonet_train_005797,2.721628333
val,anisonet_train_002365,5.258663
val,anisonet_train_001484,9.200702
val,anisonet_train_001396,8.594710333
val,anisonet_train_003572,5.078145667
val,anisonet_train_004941,2.444516333
val,anisonet_train_003135,4.2427
val,anisonet_train_001636,6.244525333
val,anisonet_train_000011,3.033333333
val,anisonet_train_006257,2.446362333
val,anisonet_train_005911,3.932304333
val,anisonet_train_005018,4.756624667
val,anisonet_train_000602,1.786666667
val,anisonet_train_002752,8.522627
val,anisonet_train_005532,4.425907
val,anisonet_train_001154,4.617076667
val,anisonet_train_005679,2.815642333
val,anisonet_train_004823,2.794857667
val,anisonet_train_001430,3.556871333
val,anisonet_train_003164,2.599174
val,anisonet_train_002130,5.843995
val,anisonet_train_003625,3.702932
val,anisonet_train_006081,7.819594667
val,anisonet_train_000205,3.985932667
val,anisonet_train_006278,4.345066667
val,anisonet_train_002827,7.585250333
val,anisonet_train_001674,2.902612
val,anisonet_train_000655,4.542873
val,anisonet_train_000963,10.13437567
val,anisonet_train_003324,6.348313667
val,anisonet_train_000035,3.792333333
val,anisonet_train_003347,3.305774667
val,anisonet_train_002665,9.758959667
val,anisonet_train_001147,8.545362
val,anisonet_train_000869,2.536333333
val,anisonet_train_003916,3.474493
val,anisonet_train_003518,8.636556667
val,anisonet_train_004878,5.662795
val,anisonet_train_005492,2.636356333
val,anisonet_train_004453,2.758950333
val,anisonet_train_001596,3.567241333
val,anisonet_train_000283,2.038333333
val,anisonet_train_000146,7.459189
val,anisonet_train_005091,3.521993667
val,anisonet_train_002445,9.800331
val,anisonet_train_001536,4.670822333
val,anisonet_train_003633,3.293874667
val,anisonet_train_005701,2.087845
val,anisonet_train_002571,5.096499667
val,anisonet_train_001063,4.881369667
val,anisonet_train_001136,3.369115667
val,anisonet_train_002894,5.306685667
val,anisonet_train_005223,5.443951333
val,anisonet_train_006574,3.420458
val,anisonet_train_005403,1.974911
val,anisonet_train_002864,2.861666667
val,anisonet_train_004486,2.979365
val,anisonet_train_003479,2.652455667
val,anisonet_train_003560,5.761189
val,anisonet_train_003964,3.524184
val,anisonet_train_001157,7.170346333
val,anisonet_train_004713,3.62868
val,anisonet_train_000326,3.400518667
val,anisonet_train_000977,2.766333333
val,anisonet_train_000047,2.061333333
val,anisonet_train_006418,2.499326667
val,anisonet_train_002335,9.416768333
val,anisonet_train_002052,6.205
val,anisonet_train_003636,4.314704
val,anisonet_train_002289,3.623002667
val,anisonet_train_002001,6.614965333
val,anisonet_train_006387,6.125620333
val,anisonet_train_004918,9.929364667
val,anisonet_train_004388,12.08040933
val,anisonet_train_003641,2.598081
val,anisonet_train_000675,4.435
val,anisonet_train_005404,3.216432
val,anisonet_train_002011,3.633849
val,anisonet_train_004212,5.790528667
val,anisonet_train_004983,3.147477333
val,anisonet_train_001642,7.379518
val,anisonet_train_000874,2.261
val,anisonet_train_006701,3.920666667
val,anisonet_train_003341,2.542084
val,anisonet_train_001969,6.071152
val,anisonet_train_000420,10.061
val,anisonet_train_004801,4.322666667
val,anisonet_train_003575,10.23846233
val,anisonet_train_002182,4.936096667
val,anisonet_train_001723,2.834700667
val,anisonet_train_000444,5.493
val,anisonet_train_000999,6.389666667
val,anisonet_train_006583,2.448389667
val,anisonet_train_000323,2.308333333
val,anisonet_train_001465,5.390361
val,anisonet_train_000118,5.62
val,anisonet_train_003839,4.017250333
val,anisonet_train_001893,7.411
val,anisonet_train_000414,2.649448333
val,anisonet_train_001948,3.2286
val,anisonet_train_001325,4.712565333
val,anisonet_train_000837,2.141
val,anisonet_train_004775,6.403113667
val,anisonet_train_000422,7.27404
val,anisonet_train_000554,9.854783
val,anisonet_train_000665,4.143529
val,anisonet_train_000702,5.191200667
val,anisonet_train_005422,2.732935
val,anisonet_train_000807,3.199904
val,anisonet_train_000683,5.395703
val,anisonet_train_004462,3.071051
val,anisonet_train_003060,4.958875333
val,anisonet_train_002679,5.571809667
val,anisonet_train_005212,9.754
val,anisonet_train_004759,3.937418667
val,anisonet_train_000691,6.144585
val,anisonet_train_006308,7.421921
val,anisonet_train_003661,3.890465
val,anisonet_train_001317,4.223100667
val,anisonet_train_004620,2.845383
val,anisonet_train_000093,3.476353
val,anisonet_train_000321,4.877
val,anisonet_train_000887,1.978118
val,anisonet_train_004268,2.339205667
val,anisonet_train_003398,2.314666667
val,anisonet_train_003993,9.447559667
val,anisonet_train_004433,2.017413333
val,anisonet_train_005688,5.650529333
val,anisonet_train_005621,3.868997
val,anisonet_train_000780,5.867548
val,anisonet_train_002921,5.049009333
val,anisonet_train_001701,2.420252
val,anisonet_train_003711,3.079521667
val,anisonet_train_006441,2.944483667
val,anisonet_train_001903,12.562387
val,anisonet_train_005560,9.033666667
val,anisonet_train_001716,3.723777333
val,anisonet_train_005287,1.835
val,anisonet_train_001475,5.899666667
val,anisonet_train_000897,13.28349967
val,anisonet_train_006134,7.631263
val,anisonet_train_004838,4.668926
val,anisonet_train_002700,5.710602667
val,anisonet_train_004615,5.976012
val,anisonet_train_000254,2.346
val,anisonet_train_006066,3.708117
val,anisonet_train_002901,4.712914
val,anisonet_train_006037,2.146274667
val,anisonet_train_002935,3.153866667
val,anisonet_train_002963,4.452666667
val,anisonet_train_001686,2.616586
val,anisonet_train_006283,2.398289333
val,anisonet_train_006273,2.650976667
val,anisonet_train_002037,5.735320667
val,anisonet_train_004288,3.138521667
val,anisonet_train_004300,3.625646667
val,anisonet_train_005542,3.627444
val,anisonet_train_001612,3.319752667
val,anisonet_train_000492,2.817586667
val,anisonet_train_003879,3.462597667
val,anisonet_train_002805,3.076333333
val,anisonet_train_005356,4.146631667
val,anisonet_train_004888,2.853498
val,anisonet_train_003295,2.382379
val,anisonet_train_005126,4.670513
val,anisonet_train_000188,4.437
val,anisonet_train_003745,6.857401333
val,anisonet_train_001493,4.955487
val,anisonet_train_004927,8.723829333
val,anisonet_train_005166,3.55915
val,anisonet_train_000747,4.435849
val,anisonet_train_001057,4.714280667
val,anisonet_train_001454,2.811333333
val,anisonet_train_003536,3.176794333
val,anisonet_train_003936,6.877991
val,anisonet_train_005175,3.855330667
val,anisonet_train_003105,5.126012667
val,anisonet_train_005209,10.77773167
val,anisonet_train_000599,6.524389667
val,anisonet_train_000660,4.391679333
val,anisonet_train_005597,2.896184667
val,anisonet_train_002003,6.884119333
val,anisonet_train_000698,4.742832667
val,anisonet_train_003282,2.669247333
val,anisonet_train_000579,4.922472333
val,anisonet_train_002420,11.76426467
val,anisonet_train_000925,4.131949
val,anisonet_train_006247,2.926061
val,anisonet_train_004704,2.930606667
val,anisonet_train_004359,5.370926
val,anisonet_train_000584,6.031656667
val,anisonet_train_003497,3.510175
val,anisonet_train_004950,3.451469333
val,anisonet_train_004629,3.866272
val,anisonet_train_001185,8.307605667
val,anisonet_train_003091,2.406219333
val,anisonet_train_000956,7.341541
val,anisonet_train_006275,3.396092667
val,anisonet_train_004447,1.957359667
val,anisonet_train_004916,2.978
val,anisonet_train_006150,3.813564
val,anisonet_train_002724,4.545519
val,anisonet_train_000410,1.921218333
val,anisonet_train_001223,3.668404
val,anisonet_train_004707,4.458379
val,anisonet_train_000840,3.165486333
val,anisonet_train_000224,2.5277
val,anisonet_train_003498,3.450796667
val,anisonet_train_000350,2.1588
val,anisonet_train_003448,3.424615333
val,anisonet_train_005127,7.983557
val,anisonet_train_006442,2.873985
val,anisonet_train_004746,4.969059
val,anisonet_train_005137,5.881364
val,anisonet_train_000019,1.408
val,anisonet_train_004044,5.998799333
val,anisonet_train_006601,2.941771667
val,anisonet_train_004827,3.327563
val,anisonet_train_002282,2.950198
val,anisonet_train_001373,3.274466
val,anisonet_train_000743,9.214054667
val,anisonet_train_001785,8.206666667
val,anisonet_train_001161,3.664
val,anisonet_train_002581,6.567708
val,anisonet_train_001200,4.244327667
val,anisonet_train_000131,5.708202667
val,anisonet_train_005183,6.693141333
val,anisonet_train_003083,2.814558667
val,anisonet_train_005071,4.714534
val,anisonet_train_003488,2.223574
val,anisonet_train_003411,6.082215333
val,anisonet_train_000039,2.333069
val,anisonet_train_003677,6.684155333
val,anisonet_train_003496,3.598762333
val,anisonet_train_002926,5.505702
val,anisonet_train_002100,8.822073
val,anisonet_train_006256,2.770194333
val,anisonet_train_002169,11.80447033
val,anisonet_train_005913,3.570488
val,anisonet_train_001503,11.45494
val,anisonet_train_004752,3.295739667
val,anisonet_train_004774,4.067514667
val,anisonet_train_002137,8.649247
val,anisonet_train_002996,4.461393
val,anisonet_train_000359,2.330350333
val,anisonet_train_001043,7.957189333
val,anisonet_train_000818,1.980666667
val,anisonet_train_005826,3.339772
val,anisonet_train_003290,4.017359333
val,anisonet_train_002341,6.592542333
val,anisonet_train_003189,2.286132
val,anisonet_train_002208,10.712159
val,anisonet_train_003345,4.436156333
val,anisonet_train_003181,3.251074333
val,anisonet_train_002010,4.776541
val,anisonet_train_002473,11.24704033
val,anisonet_train_000099,4.569333333
val,anisonet_train_005995,4.353048667
val,anisonet_train_002630,3.678529
val,anisonet_train_004590,2.322318667
val,anisonet_train_002286,2.530666667
val,anisonet_train_004964,2.893943
val,anisonet_train_003438,3.190960333
val,anisonet_train_003456,8.482187333
val,anisonet_train_003895,5.094069
val,anisonet_train_006324,2.495862
val,anisonet_train_006024,2.292440667
val,anisonet_train_003663,2.175826667
val,anisonet_train_000155,6.124333333
val,anisonet_train_002897,4.551738333
val,anisonet_train_001675,2.557698
val,anisonet_train_003662,2.188956667
val,anisonet_train_002268,4.435437667
val,anisonet_train_000776,5.892
val,anisonet_train_003024,14.50678667
val,anisonet_train_005881,2.601152
val,anisonet_train_002008,6.265704333
val,anisonet_train_001498,6.397283667
val,anisonet_train_002917,2.995786333
val,anisonet_train_005114,5.560414667
val,anisonet_train_004783,4.655218333
val,anisonet_train_000252,4.027344667
val,anisonet_train_003771,4.391459
val,anisonet_train_005763,4.681600667
val,anisonet_train_002620,4.830983667
val,anisonet_train_001046,3.21045
val,anisonet_train_005734,4.207555667
val,anisonet_train_001927,14.58316967
val,anisonet_train_006189,8.628
val,anisonet_train_002994,4.369634
val,anisonet_train_006503,2.733516
val,anisonet_train_002348,2.053
val,anisonet_train_004648,6.137463
val,anisonet_train_004271,3.376608
val,anisonet_train_004636,10.61376267
val,anisonet_train_001617,6.755
val,anisonet_train_004808,2.729783
val,anisonet_train_003674,4.072766667
val,anisonet_train_006176,2.754
val,anisonet_train_004522,5.655908333
val,anisonet_train_000876,2.239
val,anisonet_train_006298,2.338205667
val,anisonet_train_006216,5.372432667
val,anisonet_train_003193,2.384757
val,anisonet_train_006055,2.708221667
val,anisonet_train_000762,6.963762333
val,anisonet_train_004507,11.65742167
val,anisonet_train_002542,9.982388
val,anisonet_train_005855,2.690009
val,anisonet_train_006122,6.705344333
val,anisonet_train_002436,12.909478
val,anisonet_train_000498,5.381376667
val,anisonet_train_002686,3.900694667
val,anisonet_train_000058,2.620666667
val,anisonet_train_003090,2.368759
val,anisonet_train_002980,3.229764
val,anisonet_train_003219,5.139439333
val,anisonet_train_002566,8.77172
val,anisonet_train_003799,5.179568
val,anisonet_train_001029,2.67
val,anisonet_train_006514,2.360225
val,anisonet_train_005242,10.74074067
val,anisonet_train_005711,2.464253
val,anisonet_train_003400,7.467283667
val,anisonet_train_000753,4.334901333
val,anisonet_train_001595,3.035088333
val,anisonet_train_002161,3.727241333
val,anisonet_train_006061,2.405
val,anisonet_train_006382,8.721739
val,anisonet_train_000525,2.586005333
val,anisonet_train_006245,2.904493667
val,anisonet_train_001625,6.024049667
val,anisonet_train_002646,10.372736
val,anisonet_train_003235,6.967134667
val,anisonet_train_001477,5.868
val,anisonet_train_000152,5.873760333
val,anisonet_train_003379,2.216140333
val,anisonet_train_005364,2.272418
val,anisonet_train_003336,2.671520667
val,anisonet_train_001432,6.214348
val,anisonet_train_006381,3.276318333
val,anisonet_train_000952,13.52051567
val,anisonet_train_001672,3.310074333
val,anisonet_train_001106,3.961411667
val,anisonet_train_001197,2.793384
val,anisonet_train_005148,4.353971
val,anisonet_train_000787,10.86415267
val,anisonet_train_006175,2.504
val,anisonet_train_000455,9.827333333
val,anisonet_train_005607,3.363666667
val,anisonet_train_004702,2.807848
val,anisonet_train_004302,3.901755
val,anisonet_train_004501,2.407161333
val,anisonet_train_005480,2.638584333
val,anisonet_train_002940,4.700497333
val,anisonet_train_003213,4.012814333
val,anisonet_train_003112,2.494387
val,anisonet_train_002451,12.95760267
val,anisonet_train_001026,6.417676
val,anisonet_train_002617,2.774119667
val,anisonet_train_001730,3.448348
val,anisonet_train_003051,3.674798
val,anisonet_train_005846,2.048381
val,anisonet_train_000308,1.552333333
val,anisonet_train_004364,4.126212
val,anisonet_train_000415,2.516578
val,anisonet_train_002240,4.478688333
val,anisonet_train_004928,8.492901333
val,anisonet_train_002934,9.744936333
val,anisonet_train_001048,4.097822
val,anisonet_train_002908,4.573943
val,anisonet_train_006633,3.200991667
val,anisonet_train_000192,3.362413333
val,anisonet_train_005906,3.528362333
val,anisonet_train_003393,3.035558667
val,anisonet_train_002577,6.476347
val,anisonet_train_003202,3.016716333
val,anisonet_train_003712,2.976287333
val,anisonet_train_002482,4.536607667
val,anisonet_train_002786,4.860598
val,anisonet_train_000043,1.714
val,anisonet_train_003487,2.885163
val,anisonet_train_005035,4.826504333
val,anisonet_train_001227,3.409405333
val,anisonet_train_004938,6.534636
val,anisonet_train_006528,3.980696
val,anisonet_train_001780,3.627153333
val,anisonet_train_000684,3.015644667
val,anisonet_train_003028,6.238442
val,anisonet_train_003933,5.114651667
val,anisonet_train_006452,2.526268
val,anisonet_train_005689,2.859668333
val,anisonet_train_001152,5.237251333
val,anisonet_train_005694,3.212688333
val,anisonet_train_001508,6.112687333
val,anisonet_train_001888,3.410615
val,anisonet_train_004328,3.88926
val,anisonet_train_006229,6.075671
val,anisonet_train_002954,2.786666667
val,anisonet_train_002713,8.002333
val,anisonet_train_004870,2.874584
val,anisonet_train_002019,2.464984667
val,anisonet_train_006069,12.47239233
val,anisonet_train_006605,2.268073
val,anisonet_train_004850,4.080312333
val,anisonet_train_005348,3.777334333
val,anisonet_train_004338,2.083723333
val,anisonet_train_003168,4.391488
val,anisonet_train_001616,6.744696
val,anisonet_train_000944,12.15766867
val,anisonet_train_000357,2.594
val,anisonet_train_004222,7.336844333
val,anisonet_train_002640,8.58751
val,anisonet_train_006547,2.414751333
val,anisonet_train_002958,3.766237333
val,anisonet_train_000088,4.301385333
val,anisonet_train_000339,1.969666667
val,anisonet_train_005861,4.964774667
val,anisonet_train_005396,2.215968
val,anisonet_train_002354,6.000242333
val,anisonet_train_006260,3.221756
val,anisonet_train_003842,3.102037333
val,anisonet_train_000922,3.395495333
val,anisonet_train_002185,9.798333333
val,anisonet_train_000835,2.149
val,anisonet_train_005256,2.781
val,anisonet_train_003950,5.264006667
val,anisonet_train_000101,4.670666667
val,anisonet_train_006163,5.442685
val,anisonet_train_004219,11.66733333
val,anisonet_train_002919,3.346404
val,anisonet_train_004956,3.487153333
val,anisonet_train_000833,2.186151667
val,anisonet_train_003222,2.204
val,anisonet_train_003870,3.710587333
val,anisonet_train_002116,7.600121
val,anisonet_train_001999,6.222333333
val,anisonet_train_003300,4.172161333
val,anisonet_train_000062,2.832110333
val,anisonet_train_001464,6.005
val,anisonet_train_003569,5.125466667
val,anisonet_train_005262,2.364608667
val,anisonet_train_004596,2.418225667
val,anisonet_train_002097,7.870299
val,anisonet_train_001688,8.043773
val,anisonet_train_006002,2.627321333
val,anisonet_train_005446,2.331565667
val,anisonet_train_003692,3.036534333
val,anisonet_train_006456,2.239110333
val,anisonet_train_006335,2.569201667
val,anisonet_train_004376,3.115847333
val,anisonet_train_000664,4.742760667
val,anisonet_train_002635,3.652066
val,anisonet_train_004903,2.749820667
val,anisonet_train_006546,4.458083
val,anisonet_train_001076,3.099791333
val,anisonet_train_005384,2.19539
val,anisonet_train_003149,2.810943333
val,anisonet_train_001188,5.783666667
val,anisonet_train_001782,14.8261
val,anisonet_train_005168,4.440678333
val,anisonet_train_004330,2.190437
val,anisonet_train_000218,2.238473
val,anisonet_train_001030,2.224
val,anisonet_train_005100,5.816168333
val,anisonet_train_006027,2.833139
val,anisonet_train_005286,5.637204
val,anisonet_train_003863,3.649237667
val,anisonet_train_002929,5.837616
val,anisonet_train_000706,5.941128667
val,anisonet_train_002423,3.701884333
val,anisonet_train_003647,3.507228333
val,anisonet_train_002701,12.743884
val,anisonet_train_001251,13.439709
val,anisonet_train_005255,2.388212333
val,anisonet_train_004068,7.322333333
val,anisonet_train_000331,1.701
val,anisonet_train_001943,4.823214667
val,anisonet_train_004939,2.915607333
val,anisonet_train_003744,3.419322
val,anisonet_train_006124,3.888666667
val,anisonet_train_001088,3.765472
val,anisonet_train_006385,3.642229667
val,anisonet_train_004846,3.710245667
val,anisonet_train_005295,2.563906667
val,anisonet_train_006696,3.377896667
val,anisonet_train_000582,5.904757
val,anisonet_train_006032,2.429233667
val,anisonet_train_003311,2.394909
val,anisonet_train_001833,6.731288667
val,anisonet_train_003267,3.263368333
val,anisonet_train_004196,8.362255667
val,anisonet_train_002911,4.717279
val,anisonet_train_000212,2.481
val,anisonet_train_000135,4.012666667
val,anisonet_train_000026,3.024666667
val,anisonet_train_001869,5.293994333
val,anisonet_train_002474,7.886114667
val,anisonet_train_005167,3.893015333
val,anisonet_train_001423,2.692885667
val,anisonet_train_002813,2.550271
val,anisonet_train_003818,4.923487333
val,anisonet_train_003956,4.593844333
val,anisonet_train_001694,2.136252333
val,anisonet_train_000521,1.766333333
val,anisonet_train_000337,1.910666667
val,anisonet_train_004456,2.249497
val,anisonet_train_001668,4.035757
val,anisonet_train_003249,3.938568333
val,anisonet_train_003844,3.619876667
val,anisonet_train_005680,5.261460333
val,anisonet_train_001755,3.738817
val,anisonet_train_003328,6.076139
val,anisonet_train_004546,11.07292667
val,anisonet_train_004443,2.7287
val,anisonet_train_003573,4.615346667
val,anisonet_train_006208,4.235689667
val,anisonet_train_001510,3.837508667
val,anisonet_train_006142,7.166897333
val,anisonet_train_002318,5.846135667
val,anisonet_train_003392,2.522222
val,anisonet_train_006586,7.640905667
val,anisonet_train_005252,2.789387667
test,anisonet_train_006323,2.500850333
test,anisonet_train_001962,8.272811333
test,anisonet_train_004901,2.978677667
test,anisonet_train_001389,3.953339667
test,anisonet_train_005769,5.206999
test,anisonet_train_000505,4.246666667
test,anisonet_train_004576,7.250365
test,anisonet_train_000351,2.315
test,anisonet_train_003250,4.263044
test,anisonet_train_005178,6.860024667
test,anisonet_train_001415,4.490110667
test,anisonet_train_003099,6.572773
test,anisonet_train_000042,2.428366667
test,anisonet_train_001110,4.030666667
test,anisonet_train_002952,3.381333333
test,anisonet_train_000742,6.310496
test,anisonet_train_003853,3.188
test,anisonet_train_003906,5.768927
test,anisonet_train_002883,12.056
test,anisonet_train_002300,11.60833333
test,anisonet_train_000611,3.098779667
test,anisonet_train_003889,4.033442667
test,anisonet_train_005257,3.487074
test,anisonet_train_004065,4.466518667
test,anisonet_train_004234,7.478333333
test,anisonet_train_004680,2.649724
test,anisonet_train_003764,2.402789
test,anisonet_train_005871,2.261163
test,anisonet_train_002117,10.532521
test,anisonet_train_004639,3.128829667
test,anisonet_train_002272,3.143847667
test,anisonet_train_000378,2.661473
test,anisonet_train_001873,4.574231333
test,anisonet_train_003109,3.362902333
test,anisonet_train_001226,3.628829
test,anisonet_train_002885,4.625774
test,anisonet_train_002923,4.130406333
test,anisonet_train_003136,2.54959
test,anisonet_train_004471,4.710604
test,anisonet_train_001562,3.120296667
test,anisonet_train_002512,10.76869333
test,anisonet_train_000580,7.651
test,anisonet_train_004110,11.37
test,anisonet_train_000111,3.95598
test,anisonet_train_003041,8.580527333
test,anisonet_train_006665,6.500803333
test,anisonet_train_005277,2.268903
test,anisonet_train_006682,2.693136667
test,anisonet_train_000009,2.661666667
test,anisonet_train_006499,6.855546333
test,anisonet_train_003746,4.027680667
test,anisonet_train_001797,6.408377
test,anisonet_train_002028,2.271666667
test,anisonet_train_006375,2.886225
test,anisonet_train_005129,4.454621333
test,anisonet_train_005687,6.716923333
test,anisonet_train_001070,2.349463333
test,anisonet_train_004402,2.875785333
test,anisonet_train_004301,4.040439667
test,anisonet_train_001863,2.478409667
test,anisonet_train_003178,2.255841667
test,anisonet_train_005699,5.427379
test,anisonet_train_001372,2.908499
test,anisonet_train_001466,4.469402
test,anisonet_train_002947,5.475268
test,anisonet_train_004235,5.897
test,anisonet_train_004857,4.214167333
test,anisonet_train_002361,10.55264233
test,anisonet_train_004077,6.239454333
test,anisonet_train_000588,9.964992333
test,anisonet_train_002779,2.775647333
test,anisonet_train_002035,5.819882333
test,anisonet_train_002096,5.984509333
test,anisonet_train_002725,3.991959667
test,anisonet_train_001329,2.835666667
test,anisonet_train_005365,2.33138
test,anisonet_train_005595,3.065261333
test,anisonet_train_001000,3.977584333
test,anisonet_train_000605,2.423646333
test,anisonet_train_003008,6.088313
test,anisonet_train_004124,11.48908667
test,anisonet_train_002437,11.587997
test,anisonet_train_004361,3.603031667
test,anisonet_train_005390,2.344
test,anisonet_train_005418,3.115404
test,anisonet_train_003918,4.309483667
test,anisonet_train_004567,5.116586667
test,anisonet_train_000400,3.41
test,anisonet_train_001171,12.09996633
test,anisonet_train_005691,8.207496
test,anisonet_train_001726,3.094333333
test,anisonet_train_000021,2.183333333
test,anisonet_train_001024,3.160857
test,anisonet_train_000104,3.547333333
test,anisonet_train_002677,4.646975333
test,anisonet_train_002156,6.711843333
test,anisonet_train_001956,4.608855333
test,anisonet_train_002611,4.227343
test,anisonet_train_006698,7.761931333
test,anisonet_train_006632,2.939551333
test,anisonet_train_004981,3.430855667
test,anisonet_train_000294,2.545333333
test,anisonet_train_000663,13.50984533
test,anisonet_train_003465,4.606455333
test,anisonet_train_004757,12.07333333
test,anisonet_train_002790,2.094162
test,anisonet_train_006411,3.476900667
test,anisonet_train_000929,3.539128333
test,anisonet_train_001352,10.14810033
test,anisonet_train_004331,2.444557
test,anisonet_train_003919,5.978310333
test,anisonet_train_004187,10.942328
test,anisonet_train_000031,2.692666667
test,anisonet_train_005777,2.500603667
test,anisonet_train_004343,3.597602667
test,anisonet_train_001292,8.866487
test,anisonet_train_006530,2.217284
test,anisonet_train_000935,7.214333333
test,anisonet_train_001512,5.688204667
test,anisonet_train_000618,13.12066667
test,anisonet_train_000214,2.015599333
test,anisonet_train_001056,4.338465667
test,anisonet_train_000626,14.02766667
test,anisonet_train_004580,2.427116
test,anisonet_train_000367,3.172307
test,anisonet_train_000215,2.381773667
test,anisonet_train_002384,10.320902
test,anisonet_train_003426,2.872333333
test,anisonet_train_003947,3.987576667
test,anisonet_train_002306,3.301523333
test,anisonet_train_005706,2.399345333
test,anisonet_train_005154,3.52
test,anisonet_train_003966,3.461301333
test,anisonet_train_003423,2.407294667
test,anisonet_train_001479,5.879
test,anisonet_train_002242,3.040731
test,anisonet_train_005786,3.395356667
test,anisonet_train_003862,4.067605667
test,anisonet_train_001530,5.990807667
test,anisonet_train_002673,3.041856667
test,anisonet_train_001796,2.688252333
test,anisonet_train_002043,6.774502
test,anisonet_train_001123,5.357
test,anisonet_train_001915,2.987758
test,anisonet_train_002823,4.850815667
test,anisonet_train_002325,5.026529333
test,anisonet_train_004635,8.446395667
test,anisonet_train_005888,2.250838667
test,anisonet_train_005075,6.337210667
test,anisonet_train_001349,6.043210333
test,anisonet_train_004282,2.523122667
test,anisonet_train_000814,5.073333333
test,anisonet_train_000304,1.261
test,anisonet_train_003773,5.804870667
test,anisonet_train_005337,2.712256333
test,anisonet_train_000106,4.876062667
test,anisonet_train_004521,3.811570333
test,anisonet_train_003005,9.962666667
test,anisonet_train_004993,5.953356333
test,anisonet_train_000934,6.958333333
test,anisonet_train_002587,3.426054
test,anisonet_train_002514,3.554220667
test,anisonet_train_006390,2.821652
test,anisonet_train_005269,2.190858667
test,anisonet_train_005074,2.548555
test,anisonet_train_004165,3.648954
test,anisonet_train_005892,3.337265333
test,anisonet_train_003704,6.640974667
test,anisonet_train_003888,12.80717133
test,anisonet_train_000690,10.38336667
test,anisonet_train_005218,5.145044333
test,anisonet_train_006523,4.708753
test,anisonet_train_001203,3.441066333
test,anisonet_train_002301,3.668586667
test,anisonet_train_001505,8.230138
test,anisonet_train_003161,6.464057333
test,anisonet_train_001312,2.499759333
test,anisonet_train_002866,8.821445
test,anisonet_train_001551,4.647853
test,anisonet_train_004616,5.707192667
test,anisonet_train_002421,3.74993
test,anisonet_train_002520,4.130666667
test,anisonet_train_006388,3.180036
test,anisonet_train_001322,4.028601333
test,anisonet_train_006090,4.49473
test,anisonet_train_000551,9.155521
test,anisonet_train_004630,5.047221333
test,anisonet_train_000679,10.96633333
test,anisonet_train_000038,9.91
test,anisonet_train_004183,11.47741833
test,anisonet_train_000381,2.019666667
test,anisonet_train_004531,4.287621
test,anisonet_train_006197,3.263029333
test,anisonet_train_004127,5.269821
test,anisonet_train_001172,9.166847333
test,anisonet_train_006292,2.098503667
test,anisonet_train_003460,2.409332333
test,anisonet_train_005011,5.920038333
test,anisonet_train_004100,3.57131
test,anisonet_train_006153,2.679894667
test,anisonet_train_000421,4.456999333
test,anisonet_train_005061,4.496170667
test,anisonet_train_000468,14.23833333
test,anisonet_train_004091,4.286176
test,anisonet_train_005866,3.408082333
test,anisonet_train_005954,3.658185667
test,anisonet_train_003121,2.701087
test,anisonet_train_005814,1.964
test,anisonet_train_002721,3.049068333
test,anisonet_train_006674,3.838677
test,anisonet_train_000303,1.650858667
test,anisonet_train_005447,2.455666667
test,anisonet_train_005920,2.030894667
test,anisonet_train_006210,3.998719333
test,anisonet_train_006554,4.206812667
test,anisonet_train_000688,3.057518
test,anisonet_train_003405,2.657721
test,anisonet_train_004599,5.234102667
test,anisonet_train_002009,6.184607333
test,anisonet_train_003500,2.346885333
test,anisonet_train_002350,2.585212
test,anisonet_train_004658,5.37887
test,anisonet_train_001261,3.247460667
test,anisonet_train_002884,5.089074333
test,anisonet_train_005733,5.731813667
test,anisonet_train_005232,4.664062667
test,anisonet_train_000139,5.348333333
test,anisonet_train_003360,2.698
test,anisonet_train_003944,8.291
test,anisonet_train_006396,5.903455
test,anisonet_train_002949,3.676827667
test,anisonet_train_000172,4.152511333
test,anisonet_train_001377,2.325964
test,anisonet_train_003781,3.174582
test,anisonet_train_002022,4.137891
test,anisonet_train_002027,2.447994667
test,anisonet_train_005122,4.195601
test,anisonet_train_005941,2.256339667
test,anisonet_train_000729,2.830193
test,anisonet_train_002238,2.464666667
test,anisonet_train_005388,2.370335667
test,anisonet_train_006578,2.826165667
test,anisonet_train_001158,4.589593667
test,anisonet_train_006434,3.418577
test,anisonet_train_005782,4.223385667
test,anisonet_train_005149,3.911694333
test,anisonet_train_001767,8.701274
test,anisonet_train_002186,5.310265
test,anisonet_train_000465,12.14933333
test,anisonet_train_003287,2.784734333
test,anisonet_train_006332,3.187525
test,anisonet_train_001108,5.172492667
test,anisonet_train_002260,5.780991667
test,anisonet_train_002339,4.633734667
test,anisonet_train_003787,4.140762333
test,anisonet_train_000201,2.182666667
test,anisonet_train_000085,4.990353333
test,anisonet_train_005963,4.139464
test,anisonet_train_005863,2.330959
test,anisonet_train_002088,4.309095
test,anisonet_train_006064,2.801
test,anisonet_train_005102,8.166
test,anisonet_train_002225,2.370005667
test,anisonet_train_000589,7.336137333
test,anisonet_train_000878,2.041
test,anisonet_train_004224,5.339263667
test,anisonet_train_005865,3.6806
test,anisonet_train_005610,5.293
test,anisonet_train_005794,2.042393
test,anisonet_train_003517,4.237684333
test,anisonet_train_006416,2.468121333
test,anisonet_train_000441,4.210306667
test,anisonet_train_001600,3.858054
test,anisonet_train_000957,6.208783333
test,anisonet_train_005311,2.717507333
test,anisonet_train_000194,3.925666667
test,anisonet_train_004503,5.477911667
test,anisonet_train_004864,5.171042
test,anisonet_train_005571,6.780393333
test,anisonet_train_000777,4.965333333
test,anisonet_train_002989,10.29783833
test,anisonet_train_003985,3.421003
test,anisonet_train_006077,3.280180333
test,anisonet_train_004321,2.465894333
test,anisonet_train_002877,3.863698
test,anisonet_train_001815,7.639760333
test,anisonet_train_006274,3.584403667
test,anisonet_train_001933,7.738875667
test,anisonet_train_005959,3.549534
test,anisonet_train_005781,4.506794667
test,anisonet_train_005483,5.777643333
test,anisonet_train_001629,4.119784333
test,anisonet_train_002533,9.449098
test,anisonet_train_004839,2.940089333
test,anisonet_train_000315,2.607242
test,anisonet_train_004527,5.884306333
test,anisonet_train_006060,6.657897
test,anisonet_train_002943,4.005894
test,anisonet_train_004223,7.121051
test,anisonet_train_000291,2.898052667
test,anisonet_train_001852,1.836331
test,anisonet_train_004017,6.395538333
test,anisonet_train_003670,4.020535
test,anisonet_train_003087,2.416153
test,anisonet_train_001695,2.470333333
test,anisonet_train_004221,7.592150667
test,anisonet_train_001353,12.438158
test,anisonet_train_005955,2.035858667
test,anisonet_train_004848,3.195756333
test,anisonet_train_006380,4.432080667
test,anisonet_train_001255,6.388866667
test,anisonet_train_003876,5.232106
test,anisonet_train_000370,11.07410367
test,anisonet_train_006476,2.316272
test,anisonet_train_000863,2.255333333
test,anisonet_train_006457,2.288453667
test,anisonet_train_001777,5.925333333
test,anisonet_train_003596,4.247623
test,anisonet_train_001945,3.282339667
test,anisonet_train_004990,3.051449333
test,anisonet_train_002842,3.156549667
test,anisonet_train_001315,6.325664
test,anisonet_train_001593,5.243976333
test,anisonet_train_004199,10.126
test,anisonet_train_001707,3.014
test,anisonet_train_001193,14.00226933
test,anisonet_train_003926,3.864
test,anisonet_train_001006,6.128682333
test,anisonet_train_003761,10.59314967
test,anisonet_train_001262,3.013766333
test,anisonet_train_004909,3.566314
test,anisonet_train_003103,3.784682333
test,anisonet_train_004729,2.835264667
test,anisonet_train_005316,9.417535667
test,anisonet_train_000530,1.625
test,anisonet_train_001253,6.438744667
test,anisonet_train_003940,6.002
test,anisonet_train_001009,3.373987667
test,anisonet_train_002274,5.405672333
test,anisonet_train_002219,8.098836
test,anisonet_train_000436,1.854893333
test,anisonet_train_003871,4.361530333
test,anisonet_train_001128,10.34666667
test,anisonet_train_000138,4.877666667
test,anisonet_train_004412,8.524990333
test,anisonet_train_000723,4.837157333
test,anisonet_train_001092,5.83756
test,anisonet_train_001408,4.473049333
test,anisonet_train_004958,3.008687
test,anisonet_train_006591,4.893603333
test,anisonet_train_001924,4.89292
test,anisonet_train_004052,6.842312667
test,anisonet_train_006270,2.72233
test,anisonet_train_001023,3.103056
test,anisonet_train_005062,5.040793333
test,anisonet_train_002967,4.223597
test,anisonet_train_003591,3.804155333
test,anisonet_train_006053,3.235007
test,anisonet_train_002558,3.405112333
test,anisonet_train_002478,8.773381667
test,anisonet_train_000798,3.221107667
test,anisonet_train_002422,4.640104
test,anisonet_train_005219,5.441726
test,anisonet_train_003532,4.226892
test,anisonet_train_005429,2.275768667
test,anisonet_train_003200,2.441666667
test,anisonet_train_000714,4.345017333
test,anisonet_train_006541,3.843193667
test,anisonet_train_000228,2.364355
test,anisonet_train_000959,7.257605667
test,anisonet_train_004676,2.445064333
test,anisonet_train_001778,3.280091667
test,anisonet_train_000515,2.408
test,anisonet_train_004968,2.399666667
test,anisonet_train_002311,4.237553
test,anisonet_train_003772,4.511997667
test,anisonet_train_005377,2.475879333
test,anisonet_train_006592,4.986330333
test,anisonet_train_003138,7.070311
test,anisonet_train_006550,5.258473667
test,anisonet_train_003280,4.093092667
test,anisonet_train_000669,5.63268
test,anisonet_train_003444,3.418123
test,anisonet_train_003531,5.181941
test,anisonet_train_000522,2.100184333
test,anisonet_train_005096,3.735008
test,anisonet_train_004139,4.861333333
test,anisonet_train_001994,3.9
test,anisonet_train_002593,4.55
test,anisonet_train_004155,6.013522333
test,anisonet_train_004265,6.17622
test,anisonet_train_004810,4.748495667
test,anisonet_train_000812,4.277264
test,anisonet_train_002089,12.17392
test,anisonet_train_004485,2.750597333
test,anisonet_train_004150,4.087250333
test,anisonet_train_004662,2.730074
test,anisonet_train_003409,2.693356667
test,anisonet_train_005775,2.310165333
test,anisonet_train_002759,5.121231
test,anisonet_train_000524,2.766443
test,anisonet_train_003547,2.134698333
test,anisonet_train_003590,3.76207
test,anisonet_train_001957,5.004249333
test,anisonet_train_006488,2.945493
test,anisonet_train_005405,2.480496
test,anisonet_train_003981,9.327713333
test,anisonet_train_000343,7.578740333
test,anisonet_train_005201,6.703398333
test,anisonet_train_005903,2.274536333
test,anisonet_train_006149,3.315806667
test,anisonet_train_001862,2.408843333
test,anisonet_train_006318,2.436361
test,anisonet_train_000857,2.359333333
test,anisonet_train_000534,6.310447
test,anisonet_train_005566,5.876905333
test,anisonet_train_002168,9.915308333
test,anisonet_train_000939,6.222760667
test,anisonet_train_006207,3.466505333
test,anisonet_train_003890,2.921201
test,anisonet_train_004689,6.766337333
test,anisonet_train_001047,3.281610333
test,anisonet_train_001738,6.618124333
test,anisonet_train_001725,3.085
test,anisonet_train_001519,2.429185333
test,anisonet_train_006630,3.344100333
test,anisonet_train_001647,10.592976
test,anisonet_train_005381,2.390731333
test,anisonet_train_004358,2.511332667
test,anisonet_train_003025,5.334406
test,anisonet_train_005205,10.73640733
test,anisonet_train_000318,1.988333333
test,anisonet_train_001898,2.404888667
test,anisonet_train_002528,3.121333333
test,anisonet_train_003519,12.15208933
test,anisonet_train_003417,3.361952333
test,anisonet_train_001303,4.885159
test,anisonet_train_000886,2.287983667
test,anisonet_train_000740,3.573234333
test,anisonet_train_001220,7.756378
test,anisonet_train_000494,5.876666667
test,anisonet_train_002832,7.689930333
test,anisonet_train_001652,3.996333333
test,anisonet_train_002774,3.286356667
test,anisonet_train_005695,2.418259667
test,anisonet_train_001112,6.051267
test,anisonet_train_000673,5.631666667
test,anisonet_train_003286,6.640550667
test,anisonet_train_006425,3.337635
test,anisonet_train_000255,1.773666667
test,anisonet_train_004932,9.343523
test,anisonet_train_003812,2.240280333
test,anisonet_train_003998,2.926723667
test,anisonet_train_000632,3.085063667
test,anisonet_train_003551,3.061166667
test,anisonet_train_000309,2.542968
test,anisonet_train_000989,3.662580333
test,anisonet_train_005693,2.659408
test,anisonet_train_001365,3.606899
test,anisonet_train_001887,9.872
test,anisonet_train_004607,2.123801
test,anisonet_train_002172,4.998441667
test,anisonet_train_001022,5.267611667
test,anisonet_train_000919,2.734098667
test,anisonet_train_003729,2.831873333
test,anisonet_train_006703,3.511704
test,anisonet_train_003601,9.585825333
test,anisonet_train_002751,7.23943
test,anisonet_train_001387,3.665627667
test,anisonet_train_004777,3.535615
test,anisonet_train_004748,8.127884667
test,anisonet_train_002363,5.698336667
test,anisonet_train_002690,7.878348
test,anisonet_train_001737,5.564233667
test,anisonet_train_006161,3.744797
test,anisonet_train_002960,3.451709
test,anisonet_train_005545,5.592360667
test,anisonet_train_003010,6.250027
test,anisonet_train_000905,7.097666667
test,anisonet_train_006700,4.609
test,anisonet_train_006057,4.339648333
test,anisonet_train_000292,2.598958333
test,anisonet_train_003743,13.24647467
test,anisonet_train_005182,7.245092
test,anisonet_train_002222,2.582032333
test,anisonet_train_004140,6.183572667
test,anisonet_train_006360,2.937965333
test,anisonet_train_004322,2.834534667
test,anisonet_train_004638,2.538702667
test,anisonet_train_005700,2.055623333
test,anisonet_train_006045,2.984665333
test,anisonet_train_004841,5.523451667
test,anisonet_train_002660,3.102375667
test,anisonet_train_003353,2.151683
test,anisonet_train_002559,3.37549
test,anisonet_train_002183,4.304914333
test,anisonet_train_000312,2.200915
test,anisonet_train_002835,5.746713333
test,anisonet_train_000555,9.800327667
test,anisonet_train_005696,2.946753667
test,anisonet_train_005069,3.596806
test,anisonet_train_006515,2.882228333
test,anisonet_train_003582,4.487977667
test,anisonet_train_003150,3.621434333
test,anisonet_train_004525,6.706499
test,anisonet_train_000847,2.069941667
test,anisonet_train_002245,2.402333333
test,anisonet_train_002230,3.377961667
test,anisonet_train_000585,12.29930233
test,anisonet_train_001534,4.734023667
test,anisonet_train_001970,8.309815333
test,anisonet_train_003627,3.718132
test,anisonet_train_001016,2.979893
test,anisonet_train_002063,2.479797
test,anisonet_train_004347,5.933578
test,anisonet_train_006561,3.225816333
test,anisonet_train_001801,6.638751
test,anisonet_train_006099,3.228604333
test,anisonet_train_006596,2.542253333
test,anisonet_train_004078,8.846350333
test,anisonet_train_000117,5.792004667
test,anisonet_train_006344,6.22634
test,anisonet_train_001286,6.223
test,anisonet_train_005110,3.561230667
test,anisonet_train_005958,4.312499333
test,anisonet_train_005474,2.714980333
test,anisonet_train_006138,8.576516
test,anisonet_train_002615,11.07566033
test,anisonet_train_005043,4.928
test,anisonet_train_000186,4.194333333
test,anisonet_train_004669,2.351114667
test,anisonet_train_003067,4.173197333
test,anisonet_train_004492,2.705223333
test,anisonet_train_002015,5.025374667
test,anisonet_train_003831,2.948921333
test,anisonet_train_006322,4.414603333
