group,guidance_factor,target,sample_id,cif_path,readable,composition_valid,structure_valid,structure_comp_valid,min_distance,volume,volume_per_atom,num_atoms,metal_like_proxy,unique,novel,energy_above_hull_per_atom,stable,predicted_dft_dielectric_scalar,prediction_success,prediction_error,target_numeric,source_method,source_label
fixed_film__uncond,0,uncond,0,provenance://crystalite/outputs/final report output/relaxed_groups/fixed_film__uncond/cifs/sample_00000.cif,True,True,True,True,2.9111908522151184,240.82131086118352,60.20532771529588,4,False,True,False,,,8.799780040573351,True,,,fixed_film,fixed_film
fixed_film__uncond,0,uncond,1,provenance://crystalite/outputs/final report output/relaxed_groups/fixed_film__uncond/cifs/sample_00001.cif,True,True,True,True,2.5982992740050697,454.55213410886176,22.727606705443087,20,False,True,True,,,7.184427159399401,True,,,fixed_film,fixed_film
fixed_film__uncond,0,uncond,2,provenance://crystalite/outputs/final report output/relaxed_groups/fixed_film__uncond/cifs/sample_00002.cif,True,False,True,False,2.870502469145759,176.8802117713579,22.110026471419737,8,False,True,True,,,15.22309755915371,True,,,fixed_film,fixed_film
fixed_film__uncond,0,uncond,3,provenance://crystalite/outputs/final report output/relaxed_groups/fixed_film__uncond/cifs/sample_00003.cif,True,False,True,False,1.9369992065620176,93.13782203414968,11.64222775426871,8,False,True,True,,,6.412894774869699,True,,,fixed_film,fixed_film
fixed_film__uncond,0,uncond,4,provenance://crystalite/outputs/final report output/relaxed_groups/fixed_film__uncond/cifs/sample_00004.cif,True,True,True,True,3.210636116196868,51.12121536745351,25.560607683726754,2,True,True,True,,,13.789062797231926,True,,,fixed_film,fixed_film
fixed_film__uncond,0,uncond,5,provenance://crystalite/outputs/final report output/relaxed_groups/fixed_film__uncond/cifs/sample_00005.cif,True,False,True,False,2.0053086781916694,812.9776713662773,50.81110446039233,16,False,True,True,,,2.0531537728372147,True,,,fixed_film,fixed_film
fixed_film__uncond,0,uncond,6,provenance://crystalite/outputs/final report output/relaxed_groups/fixed_film__uncond/cifs/sample_00006.cif,True,False,True,False,1.5330530320771822,148.59689870977806,18.574612338722257,8,False,True,True,,,2.460407080741521,True,,,fixed_film,fixed_film
fixed_film__uncond,0,uncond,7,provenance://crystalite/outputs/final report output/relaxed_groups/fixed_film__uncond/cifs/sample_00007.cif,True,False,True,False,1.886467677981055,192.19785559134644,13.728418256524746,14,False,True,True,,,3.0202657000999564,True,,,fixed_film,fixed_film
fixed_film__uncond,0,uncond,8,provenance://crystalite/outputs/final report output/relaxed_groups/fixed_film__uncond/cifs/sample_00008.cif,True,True,True,True,1.8167551635300845,156.7465762171955,13.06221468476629,12,False,True,True,,,4.086800790878507,True,,,fixed_film,fixed_film
fixed_film__uncond,0,uncond,9,provenance://crystalite/outputs/final report output/relaxed_groups/fixed_film__uncond/cifs/sample_00009.cif,True,True,True,True,1.7680899595806283,114.82584213989225,14.353230267486529,8,False,True,True,,,6.030670551079512,True,,,fixed_film,fixed_film
fixed_film__uncond,0,uncond,10,provenance://crystalite/outputs/final report output/relaxed_groups/fixed_film__uncond/cifs/sample_00010.cif,True,True,True,True,2.5833819069775625,243.22748122400245,20.26895676866687,12,True,True,True,,,18.66271262949204,True,,,fixed_film,fixed_film
fixed_film__uncond,0,uncond,11,provenance://crystalite/outputs/final report output/relaxed_groups/fixed_film__uncond/cifs/sample_00011.cif,True,False,True,False,1.6852437550161858,228.1898665708734,12.677214809492966,18,False,True,True,,,3.907804874900051,True,,,fixed_film,fixed_film
fixed_film__uncond,0,uncond,12,provenance://crystalite/outputs/final report output/relaxed_groups/fixed_film__uncond/cifs/sample_00012.cif,True,False,True,False,2.33969146383569,355.8730955904349,35.58730955904349,10,False,True,True,,,4.959111405946648,True,,,fixed_film,fixed_film
fixed_film__uncond,0,uncond,13,provenance://crystalite/outputs/final report output/relaxed_groups/fixed_film__uncond/cifs/sample_00013.cif,True,True,True,True,1.982147629801417,205.3456009140081,17.112133409500675,12,False,True,True,,,4.76436786259621,True,,,fixed_film,fixed_film
fixed_film__uncond,0,uncond,14,provenance://crystalite/outputs/final report output/relaxed_groups/fixed_film__uncond/cifs/sample_00014.cif,True,True,True,True,2.157286305664093,406.4307651943439,33.86923043286199,12,False,True,True,,,4.637880524202699,True,,,fixed_film,fixed_film
fixed_film__uncond,0,uncond,15,provenance://crystalite/outputs/final report output/relaxed_groups/fixed_film__uncond/cifs/sample_00015.cif,True,True,True,True,2.7939196217492337,114.83679902897067,38.278933009656896,3,False,True,True,,,15.418023252311722,True,,,fixed_film,fixed_film
fixed_film__uncond,0,uncond,16,provenance://crystalite/outputs/final report output/relaxed_groups/fixed_film__uncond/cifs/sample_00016.cif,True,False,True,False,1.7968943558313435,454.00661846322765,25.22258991462376,18,False,True,True,,,4.43602816425011,True,,,fixed_film,fixed_film
fixed_film__uncond,0,uncond,17,provenance://crystalite/outputs/final report output/relaxed_groups/fixed_film__uncond/cifs/sample_00017.cif,True,True,True,True,1.749673929851554,105.53108814971364,13.191386018714203,8,False,True,True,,,3.578857951604711,True,,,fixed_film,fixed_film
fixed_film__uncond,0,uncond,18,provenance://crystalite/outputs/final report output/relaxed_groups/fixed_film__uncond/cifs/sample_00018.cif,True,True,True,True,2.85334300671195,47.09730903152872,23.54865451576436,2,False,True,True,,,5.369701682592431,True,,,fixed_film,fixed_film
fixed_film__uncond,0,uncond,19,provenance://crystalite/outputs/final report output/relaxed_groups/fixed_film__uncond/cifs/sample_00019.cif,True,True,True,True,3.088259645807852,521.1882023811461,52.11882023811461,10,False,True,True,,,7.358483608531016,True,,,fixed_film,fixed_film
fixed_film__uncond,0,uncond,20,provenance://crystalite/outputs/final report output/relaxed_groups/fixed_film__uncond/cifs/sample_00020.cif,True,True,True,True,2.709182369430333,159.26366191604376,31.852732383208757,5,False,True,True,,,3.6928401119554137,True,,,fixed_film,fixed_film
fixed_film__uncond,0,uncond,21,provenance://crystalite/outputs/final report output/relaxed_groups/fixed_film__uncond/cifs/sample_00021.cif,True,False,True,False,1.7938250549259918,278.9022342462859,13.945111712314295,20,False,True,True,,,3.675500771409009,True,,,fixed_film,fixed_film
fixed_film__uncond,0,uncond,22,provenance://crystalite/outputs/final report output/relaxed_groups/fixed_film__uncond/cifs/sample_00022.cif,True,False,True,False,1.8550104061645756,413.4741882294571,29.533870587818367,14,False,True,True,,,2.5466339302914505,True,,,fixed_film,fixed_film
fixed_film__uncond,0,uncond,23,provenance://crystalite/outputs/final report output/relaxed_groups/fixed_film__uncond/cifs/sample_00023.cif,True,True,True,True,1.6090734839399756,124.71304698762542,13.857005220847268,9,False,True,True,,,4.80548593527985,True,,,fixed_film,fixed_film
fixed_film__uncond,0,uncond,24,provenance://crystalite/outputs/final report output/relaxed_groups/fixed_film__uncond/cifs/sample_00024.cif,True,True,True,True,2.6791965197987024,506.4443720343388,50.644437203433874,10,True,True,True,,,8.621053845284175,True,,,fixed_film,fixed_film
fixed_film__uncond,0,uncond,25,provenance://crystalite/outputs/final report output/relaxed_groups/fixed_film__uncond/cifs/sample_00025.cif,True,False,True,False,0.7436829273166022,196.461234471028,12.27882715443925,16,False,True,True,,,1.926554580701982,True,,,fixed_film,fixed_film
fixed_film__uncond,0,uncond,26,provenance://crystalite/outputs/final report output/relaxed_groups/fixed_film__uncond/cifs/sample_00026.cif,True,True,True,True,2.0312269215968146,811.307221349808,40.5653610674904,20,False,True,True,,,2.196483938796338,True,,,fixed_film,fixed_film
fixed_film__uncond,0,uncond,27,provenance://crystalite/outputs/final report output/relaxed_groups/fixed_film__uncond/cifs/sample_00027.cif,True,True,True,True,2.883411843497031,201.05145542577688,25.13143192822211,8,True,True,True,,,19.558262920105864,True,,,fixed_film,fixed_film
fixed_film__uncond,0,uncond,28,provenance://crystalite/outputs/final report output/relaxed_groups/fixed_film__uncond/cifs/sample_00028.cif,True,True,True,True,1.6671672384996203,274.27552801138893,17.142220500711808,16,False,True,True,,,3.901658974181805,True,,,fixed_film,fixed_film
fixed_film__uncond,0,uncond,29,provenance://crystalite/outputs/final report output/relaxed_groups/fixed_film__uncond/cifs/sample_00029.cif,True,True,True,True,1.849122581756826,142.64524408983615,8.91532775561476,16,False,True,True,,,5.388329206644222,True,,,fixed_film,fixed_film
fixed_film__uncond,0,uncond,30,provenance://crystalite/outputs/final report output/relaxed_groups/fixed_film__uncond/cifs/sample_00030.cif,True,True,True,True,0.99516562572652,276.5185124121944,17.28240702576215,16,False,True,True,,,3.2970585694528283,True,,,fixed_film,fixed_film
fixed_film__uncond,0,uncond,31,provenance://crystalite/outputs/final report output/relaxed_groups/fixed_film__uncond/cifs/sample_00031.cif,True,False,True,False,2.4353043064594617,88.8764249841467,17.77528499682934,5,False,True,True,,,15.116574065366969,True,,,fixed_film,fixed_film
fixed_film__uncond,0,uncond,32,provenance://crystalite/outputs/final report output/relaxed_groups/fixed_film__uncond/cifs/sample_00032.cif,True,False,True,False,0.9844412572628812,292.56865450753503,16.2538141393075,18,False,True,True,,,3.29158541444976,True,,,fixed_film,fixed_film
fixed_film__uncond,0,uncond,33,provenance://crystalite/outputs/final report output/relaxed_groups/fixed_film__uncond/cifs/sample_00033.cif,True,True,True,True,1.7830580445754045,200.55999845161625,16.713333204301353,12,False,True,True,,,4.236144826563982,True,,,fixed_film,fixed_film
fixed_film__uncond,0,uncond,34,provenance://crystalite/outputs/final report output/relaxed_groups/fixed_film__uncond/cifs/sample_00034.cif,True,False,True,False,2.466998983935411,526.5556007542441,40.5042769810957,13,False,True,True,,,9.841070771089392,True,,,fixed_film,fixed_film
fixed_film__uncond,0,uncond,35,provenance://crystalite/outputs/final report output/relaxed_groups/fixed_film__uncond/cifs/sample_00035.cif,True,True,True,True,2.405324318060521,176.65126366206084,25.235894808865837,7,False,True,True,,,10.798353397178344,True,,,fixed_film,fixed_film
fixed_film__uncond,0,uncond,36,provenance://crystalite/outputs/final report output/relaxed_groups/fixed_film__uncond/cifs/sample_00036.cif,True,False,True,False,2.044022443466908,270.1830400536105,15.01016889186725,18,False,True,True,,,4.924682834212398,True,,,fixed_film,fixed_film
fixed_film__uncond,0,uncond,37,provenance://crystalite/outputs/final report output/relaxed_groups/fixed_film__uncond/cifs/sample_00037.cif,True,True,True,True,1.7419721012612728,171.44584209943088,10.71536513121443,16,False,True,True,,,3.961934713280234,True,,,fixed_film,fixed_film
fixed_film__uncond,0,uncond,38,provenance://crystalite/outputs/final report output/relaxed_groups/fixed_film__uncond/cifs/sample_00038.cif,True,True,True,True,1.5628703988769264,250.05792042845053,20.83816003570421,12,False,True,True,,,2.701126666566058,True,,,fixed_film,fixed_film
fixed_film__uncond,0,uncond,39,provenance://crystalite/outputs/final report output/relaxed_groups/fixed_film__uncond/cifs/sample_00039.cif,True,True,True,True,2.130912260268229,407.1735049040221,25.44834405650138,16,False,True,True,,,7.687687884485345,True,,,fixed_film,fixed_film
fixed_film__uncond,0,uncond,40,provenance://crystalite/outputs/final report output/relaxed_groups/fixed_film__uncond/cifs/sample_00040.cif,True,True,True,True,2.6961855085245725,39.61001242009207,19.805006210046034,2,False,True,True,,,9.932944919352163,True,,,fixed_film,fixed_film
fixed_film__uncond,0,uncond,41,provenance://crystalite/outputs/final report output/relaxed_groups/fixed_film__uncond/cifs/sample_00041.cif,True,True,True,True,2.382154247252848,79.05686163995853,15.811372327991704,5,True,True,True,,,12.95584751369873,True,,,fixed_film,fixed_film
fixed_film__uncond,0,uncond,42,provenance://crystalite/outputs/final report output/relaxed_groups/fixed_film__uncond/cifs/sample_00042.cif,True,True,True,True,1.7305196006412484,279.6661121825724,17.479132011410773,16,False,True,True,,,2.8482414932668227,True,,,fixed_film,fixed_film
fixed_film__uncond,0,uncond,43,provenance://crystalite/outputs/final report output/relaxed_groups/fixed_film__uncond/cifs/sample_00043.cif,True,True,True,True,1.996927321400858,131.52272579289112,13.152272579289113,10,False,True,True,,,4.949131425809354,True,,,fixed_film,fixed_film
fixed_film__uncond,0,uncond,44,provenance://crystalite/outputs/final report output/relaxed_groups/fixed_film__uncond/cifs/sample_00044.cif,True,True,True,True,2.601463841337336,382.1730903703181,38.21730903703181,10,False,True,True,,,9.403717322018156,True,,,fixed_film,fixed_film
fixed_film__uncond,0,uncond,45,provenance://crystalite/outputs/final report output/relaxed_groups/fixed_film__uncond/cifs/sample_00045.cif,True,True,True,True,2.262641871212397,121.49315057806528,20.248858429677547,6,True,True,True,,,13.80278278826568,True,,,fixed_film,fixed_film
fixed_film__uncond,0,uncond,46,provenance://crystalite/outputs/final report output/relaxed_groups/fixed_film__uncond/cifs/sample_00046.cif,True,True,True,True,1.7879829060408987,124.36552673585616,11.305956975986923,11,False,True,True,,,3.252824812487489,True,,,fixed_film,fixed_film
fixed_film__uncond,0,uncond,47,provenance://crystalite/outputs/final report output/relaxed_groups/fixed_film__uncond/cifs/sample_00047.cif,True,True,True,True,2.804052880381286,229.6192579026089,19.134938158550742,12,True,True,True,,,12.109785429703312,True,,,fixed_film,fixed_film
fixed_film__uncond,0,uncond,48,provenance://crystalite/outputs/final report output/relaxed_groups/fixed_film__uncond/cifs/sample_00048.cif,True,True,True,True,2.4696913775264724,246.70694750932103,30.83836843866513,8,False,True,True,,,6.375373702922178,True,,,fixed_film,fixed_film
fixed_film__uncond,0,uncond,49,provenance://crystalite/outputs/final report output/relaxed_groups/fixed_film__uncond/cifs/sample_00049.cif,True,True,True,True,2.278234255504593,173.50592259579733,21.688240324474663,8,False,True,True,,,14.339933235388012,True,,,fixed_film,fixed_film
fixed_film__uncond,0,uncond,50,provenance://crystalite/outputs/final report output/relaxed_groups/fixed_film__uncond/cifs/sample_00050.cif,True,True,True,True,2.350946597183725,190.81770580971428,15.901475484142855,12,False,True,True,,,16.43534745723436,True,,,fixed_film,fixed_film
fixed_film__uncond,0,uncond,51,provenance://crystalite/outputs/final report output/relaxed_groups/fixed_film__uncond/cifs/sample_00051.cif,True,False,True,False,2.3354670236252546,184.94101641105047,20.54900182345005,9,False,True,True,,,15.070009567907418,True,,,fixed_film,fixed_film
fixed_film__uncond,0,uncond,52,provenance://crystalite/outputs/final report output/relaxed_groups/fixed_film__uncond/cifs/sample_00052.cif,True,True,True,True,1.765353945844039,153.07467265162845,13.915879331966222,11,False,True,True,,,4.818316555472101,True,,,fixed_film,fixed_film
fixed_film__uncond,0,uncond,53,provenance://crystalite/outputs/final report output/relaxed_groups/fixed_film__uncond/cifs/sample_00053.cif,True,True,True,True,1.756249860313811,382.0834579782983,21.22685877657213,18,False,True,True,,,2.098465212785225,True,,,fixed_film,fixed_film
fixed_film__uncond,0,uncond,54,provenance://crystalite/outputs/final report output/relaxed_groups/fixed_film__uncond/cifs/sample_00054.cif,True,True,True,True,1.8463221023144811,192.44879526206788,10.691599736781548,18,False,True,True,,,5.796338237787968,True,,,fixed_film,fixed_film
fixed_film__uncond,0,uncond,55,provenance://crystalite/outputs/final report output/relaxed_groups/fixed_film__uncond/cifs/sample_00055.cif,True,True,True,True,3.250759821976459,441.5293130640789,36.79410942200658,12,False,True,True,,,3.4117381294693963,True,,,fixed_film,fixed_film
fixed_film__uncond,0,uncond,56,provenance://crystalite/outputs/final report output/relaxed_groups/fixed_film__uncond/cifs/sample_00056.cif,True,True,True,True,3.0136479690238254,86.30916524432973,21.577291311082437,4,True,True,True,,,17.84272091774002,True,,,fixed_film,fixed_film
fixed_film__uncond,0,uncond,57,provenance://crystalite/outputs/final report output/relaxed_groups/fixed_film__uncond/cifs/sample_00057.cif,True,False,True,False,2.007195320631077,73.65278755583145,14.73055751116629,5,False,True,True,,,15.375926187454237,True,,,fixed_film,fixed_film
fixed_film__uncond,0,uncond,58,provenance://crystalite/outputs/final report output/relaxed_groups/fixed_film__uncond/cifs/sample_00058.cif,True,False,True,False,2.93679271846856,510.8793759808712,28.38218755449284,18,False,True,True,,,14.530606427125898,True,,,fixed_film,fixed_film
fixed_film__uncond,0,uncond,59,provenance://crystalite/outputs/final report output/relaxed_groups/fixed_film__uncond/cifs/sample_00059.cif,True,True,True,True,1.5580133703956032,263.5459980766348,23.958727097875887,11,False,True,True,,,6.054356639933576,True,,,fixed_film,fixed_film
fixed_film__uncond,0,uncond,60,provenance://crystalite/outputs/final report output/relaxed_groups/fixed_film__uncond/cifs/sample_00060.cif,True,True,True,True,2.95795707223658,80.1686776551133,20.042169413778325,4,True,True,True,,,10.180733772417303,True,,,fixed_film,fixed_film
fixed_film__uncond,0,uncond,61,provenance://crystalite/outputs/final report output/relaxed_groups/fixed_film__uncond/cifs/sample_00061.cif,True,False,True,False,2.337330087956489,458.4713288028083,32.74795205734345,14,False,True,True,,,3.980536598015688,True,,,fixed_film,fixed_film
fixed_film__uncond,0,uncond,62,provenance://crystalite/outputs/final report output/relaxed_groups/fixed_film__uncond/cifs/sample_00062.cif,True,True,True,True,2.681735203417248,301.97199222925025,27.451999293568203,11,False,True,True,,,12.152250846907757,True,,,fixed_film,fixed_film
fixed_film__uncond,0,uncond,63,provenance://crystalite/outputs/final report output/relaxed_groups/fixed_film__uncond/cifs/sample_00063.cif,True,True,True,True,1.8692408018435305,106.51110825026448,11.83456758336272,9,False,True,True,,,4.18678970533091,True,,,fixed_film,fixed_film
fixed_film__uncond,0,uncond,64,provenance://crystalite/outputs/final report output/relaxed_groups/fixed_film__uncond/cifs/sample_00064.cif,True,True,True,True,2.897963200868415,184.5673319093333,26.366761701333324,7,True,True,True,,,16.190025002634844,True,,,fixed_film,fixed_film
fixed_film__uncond,0,uncond,65,provenance://crystalite/outputs/final report output/relaxed_groups/fixed_film__uncond/cifs/sample_00065.cif,True,True,True,True,2.332774304838961,184.0737068253184,30.67895113755307,6,False,True,True,,,2.4434685912147187,True,,,fixed_film,fixed_film
fixed_film__uncond,0,uncond,66,provenance://crystalite/outputs/final report output/relaxed_groups/fixed_film__uncond/cifs/sample_00066.cif,True,True,True,True,1.7103976982763562,300.45192938294105,15.022596469147052,20,False,True,True,,,3.9866862630416726,True,,,fixed_film,fixed_film
fixed_film__uncond,0,uncond,67,provenance://crystalite/outputs/final report output/relaxed_groups/fixed_film__uncond/cifs/sample_00067.cif,True,False,True,False,2.3179085781120623,212.88280663532493,17.74023388627708,12,False,True,True,,,2.9234027528248028,True,,,fixed_film,fixed_film
fixed_film__uncond,0,uncond,68,provenance://crystalite/outputs/final report output/relaxed_groups/fixed_film__uncond/cifs/sample_00068.cif,True,True,True,True,2.833213015323606,67.60051471386187,16.900128678465467,4,True,True,True,,,16.637254798006712,True,,,fixed_film,fixed_film
fixed_film__uncond,0,uncond,69,provenance://crystalite/outputs/final report output/relaxed_groups/fixed_film__uncond/cifs/sample_00069.cif,True,True,True,True,1.5076351491160405,258.6718780167224,12.93359390083612,20,False,True,True,,,2.597011132133895,True,,,fixed_film,fixed_film
fixed_film__uncond,0,uncond,70,provenance://crystalite/outputs/final report output/relaxed_groups/fixed_film__uncond/cifs/sample_00070.cif,True,True,True,True,1.834552734592115,240.0779988004163,13.337666600023129,18,False,True,True,,,5.177834390618522,True,,,fixed_film,fixed_film
fixed_film__uncond,0,uncond,71,provenance://crystalite/outputs/final report output/relaxed_groups/fixed_film__uncond/cifs/sample_00071.cif,True,False,True,False,2.714013569170387,314.9360104682619,52.489335078043645,6,False,True,True,,,4.094399363747727,True,,,fixed_film,fixed_film
fixed_film__uncond,0,uncond,72,provenance://crystalite/outputs/final report output/relaxed_groups/fixed_film__uncond/cifs/sample_00072.cif,True,False,True,False,2.1983671037146517,178.5193734909043,17.851937349090427,10,False,True,True,,,5.081755549022378,True,,,fixed_film,fixed_film
fixed_film__uncond,0,uncond,73,provenance://crystalite/outputs/final report output/relaxed_groups/fixed_film__uncond/cifs/sample_00073.cif,True,False,True,False,1.7553367151715713,216.4665217122616,13.529157607016352,16,False,True,True,,,4.255505600221279,True,,,fixed_film,fixed_film
fixed_film__uncond,0,uncond,74,provenance://crystalite/outputs/final report output/relaxed_groups/fixed_film__uncond/cifs/sample_00074.cif,True,True,True,True,2.305447908574416,74.03533112730759,18.508832781826897,4,False,True,True,,,14.208479848606828,True,,,fixed_film,fixed_film
fixed_film__uncond,0,uncond,75,provenance://crystalite/outputs/final report output/relaxed_groups/fixed_film__uncond/cifs/sample_00075.cif,True,False,True,False,2.072391965719766,137.61137494373412,17.201421867966765,8,False,True,True,,,2.182011228247028,True,,,fixed_film,fixed_film
fixed_film__uncond,0,uncond,76,provenance://crystalite/outputs/final report output/relaxed_groups/fixed_film__uncond/cifs/sample_00076.cif,True,True,True,True,3.268835140091064,54.49796601092024,27.24898300546012,2,True,True,True,,,20.199970186637803,True,,,fixed_film,fixed_film
fixed_film__uncond,0,uncond,77,provenance://crystalite/outputs/final report output/relaxed_groups/fixed_film__uncond/cifs/sample_00077.cif,True,True,True,True,1.9416250112284297,155.0505940332005,17.22784378146672,9,False,True,True,,,6.00054200282613,True,,,fixed_film,fixed_film
fixed_film__uncond,0,uncond,78,provenance://crystalite/outputs/final report output/relaxed_groups/fixed_film__uncond/cifs/sample_00078.cif,True,False,True,False,1.7897273557723334,85.98316469300916,10.747895586626145,8,False,True,True,,,12.305613674190177,True,,,fixed_film,fixed_film
fixed_film__uncond,0,uncond,79,provenance://crystalite/outputs/final report output/relaxed_groups/fixed_film__uncond/cifs/sample_00079.cif,True,True,True,True,0.9790042615006708,154.62108034198366,9.66381752137398,16,False,True,True,,,4.334104143956842,True,,,fixed_film,fixed_film
fixed_film__uncond,0,uncond,80,provenance://crystalite/outputs/final report output/relaxed_groups/fixed_film__uncond/cifs/sample_00080.cif,True,True,True,True,2.248428645662512,201.437658861281,20.1437658861281,10,False,True,True,,,3.365608690005415,True,,,fixed_film,fixed_film
fixed_film__uncond,0,uncond,81,provenance://crystalite/outputs/final report output/relaxed_groups/fixed_film__uncond/cifs/sample_00081.cif,True,True,True,True,1.3835323154451853,229.2165012541093,11.460825062705464,20,False,True,True,,,4.577463482424616,True,,,fixed_film,fixed_film
fixed_film__uncond,0,uncond,82,provenance://crystalite/outputs/final report output/relaxed_groups/fixed_film__uncond/cifs/sample_00082.cif,True,True,True,True,1.925946175841851,105.5128254278951,17.58547090464918,6,False,True,True,,,7.128483869121851,True,,,fixed_film,fixed_film
fixed_film__uncond,0,uncond,83,provenance://crystalite/outputs/final report output/relaxed_groups/fixed_film__uncond/cifs/sample_00083.cif,True,True,True,True,0.9721104832268356,130.00232254961074,10.833526879134228,12,False,True,True,,,2.7774036488640594,True,,,fixed_film,fixed_film
fixed_film__uncond,0,uncond,84,provenance://crystalite/outputs/final report output/relaxed_groups/fixed_film__uncond/cifs/sample_00084.cif,True,True,True,True,3.2772284752093817,944.3311072002984,52.46283928890546,18,False,True,True,,,4.048721525829197,True,,,fixed_film,fixed_film
fixed_film__uncond,0,uncond,85,provenance://crystalite/outputs/final report output/relaxed_groups/fixed_film__uncond/cifs/sample_00085.cif,True,True,True,True,2.576904852409492,425.66800974706354,35.472334145588626,12,False,True,True,,,11.687531850769238,True,,,fixed_film,fixed_film
fixed_film__uncond,0,uncond,86,provenance://crystalite/outputs/final report output/relaxed_groups/fixed_film__uncond/cifs/sample_00086.cif,True,True,True,True,2.404528563075273,358.31801940347947,25.59414424310568,14,False,True,True,,,4.581625979241704,True,,,fixed_film,fixed_film
fixed_film__uncond,0,uncond,87,provenance://crystalite/outputs/final report output/relaxed_groups/fixed_film__uncond/cifs/sample_00087.cif,True,True,True,True,1.45036050657092,159.3443451427562,13.278695428563015,12,False,True,False,,,2.9618048034454816,True,,,fixed_film,fixed_film
fixed_film__uncond,0,uncond,88,provenance://crystalite/outputs/final report output/relaxed_groups/fixed_film__uncond/cifs/sample_00088.cif,True,True,True,True,1.8962407136560584,247.6640435677544,12.38320217838772,20,False,True,True,,,5.909252906059234,True,,,fixed_film,fixed_film
fixed_film__uncond,0,uncond,89,provenance://crystalite/outputs/final report output/relaxed_groups/fixed_film__uncond/cifs/sample_00089.cif,True,True,True,True,2.4179069206809154,639.511897958217,39.96949362238856,16,False,True,True,,,4.1909554582606985,True,,,fixed_film,fixed_film
fixed_film__uncond,0,uncond,90,provenance://crystalite/outputs/final report output/relaxed_groups/fixed_film__uncond/cifs/sample_00090.cif,True,False,True,False,1.763988972764833,217.48380392529316,15.534557423235224,14,False,True,True,,,2.6255927706254005,True,,,fixed_film,fixed_film
fixed_film__uncond,0,uncond,91,provenance://crystalite/outputs/final report output/relaxed_groups/fixed_film__uncond/cifs/sample_00091.cif,True,True,True,True,2.932321501666063,79.71513296744074,26.57171098914691,3,True,True,True,,,9.679272843635127,True,,,fixed_film,fixed_film
fixed_film__uncond,0,uncond,92,provenance://crystalite/outputs/final report output/relaxed_groups/fixed_film__uncond/cifs/sample_00092.cif,True,True,True,True,2.4522859178928664,70.6645054673536,14.13290109347072,5,True,True,True,,,14.739392237906827,True,,,fixed_film,fixed_film
fixed_film__uncond,0,uncond,93,provenance://crystalite/outputs/final report output/relaxed_groups/fixed_film__uncond/cifs/sample_00093.cif,True,False,True,False,2.329942010642814,206.2642334727552,29.466319067536457,7,False,True,True,,,6.583535920596059,True,,,fixed_film,fixed_film
fixed_film__uncond,0,uncond,94,provenance://crystalite/outputs/final report output/relaxed_groups/fixed_film__uncond/cifs/sample_00094.cif,True,True,True,True,1.9005206757547808,112.90345236187646,11.290345236187646,10,False,True,True,,,3.008449882914224,True,,,fixed_film,fixed_film
fixed_film__uncond,0,uncond,95,provenance://crystalite/outputs/final report output/relaxed_groups/fixed_film__uncond/cifs/sample_00095.cif,True,True,True,True,1.7725594327945828,196.74774374722597,12.29673398420162,16,False,True,True,,,3.294543094869123,True,,,fixed_film,fixed_film
fixed_film__uncond,0,uncond,96,provenance://crystalite/outputs/final report output/relaxed_groups/fixed_film__uncond/cifs/sample_00096.cif,True,True,True,True,1.4745451926119708,91.51181248192206,15.25196874698701,6,False,True,True,,,2.7624000353726204,True,,,fixed_film,fixed_film
fixed_film__uncond,0,uncond,97,provenance://crystalite/outputs/final report output/relaxed_groups/fixed_film__uncond/cifs/sample_00097.cif,True,False,True,False,1.887941220515467,653.3147356722255,34.38498608801187,19,False,True,True,,,2.6726578482319714,True,,,fixed_film,fixed_film
fixed_film__uncond,0,uncond,98,provenance://crystalite/outputs/final report output/relaxed_groups/fixed_film__uncond/cifs/sample_00098.cif,True,True,True,True,0.9826598485972284,224.81343214187768,12.489635118993204,18,False,True,True,,,3.324234137376525,True,,,fixed_film,fixed_film
fixed_film__uncond,0,uncond,99,provenance://crystalite/outputs/final report output/relaxed_groups/fixed_film__uncond/cifs/sample_00099.cif,True,True,True,True,2.358411784627118,483.5137123379484,26.8618729076638,18,False,True,True,,,4.655158760126686,True,,,fixed_film,fixed_film
fixed_film__uncond,0,uncond,100,provenance://crystalite/outputs/final report output/relaxed_groups/fixed_film__uncond/cifs/sample_00100.cif,True,True,True,True,2.0301933177419684,80.63043095319587,11.518632993313696,7,False,True,True,,,3.814107753450848,True,,,fixed_film,fixed_film
fixed_film__uncond,0,uncond,101,provenance://crystalite/outputs/final report output/relaxed_groups/fixed_film__uncond/cifs/sample_00101.cif,True,True,True,True,2.4131432822534817,90.68255471175326,11.335319338969155,8,False,True,True,,,19.41476788778893,True,,,fixed_film,fixed_film
fixed_film__uncond,0,uncond,102,provenance://crystalite/outputs/final report output/relaxed_groups/fixed_film__uncond/cifs/sample_00102.cif,True,True,True,True,1.2931436667136742,169.36547083923443,14.11378923660287,12,False,True,True,,,3.371976074253679,True,,,fixed_film,fixed_film
fixed_film__uncond,0,uncond,103,provenance://crystalite/outputs/final report output/relaxed_groups/fixed_film__uncond/cifs/sample_00103.cif,True,True,True,True,1.8938591795607704,285.79217310496614,14.289608655248308,20,False,True,True,,,6.513889968115142,True,,,fixed_film,fixed_film
fixed_film__uncond,0,uncond,104,provenance://crystalite/outputs/final report output/relaxed_groups/fixed_film__uncond/cifs/sample_00104.cif,True,True,True,True,1.7558573528945356,157.54886387936114,13.12907198994676,12,False,True,True,,,6.034121433942214,True,,,fixed_film,fixed_film
fixed_film__uncond,0,uncond,105,provenance://crystalite/outputs/final report output/relaxed_groups/fixed_film__uncond/cifs/sample_00105.cif,True,True,True,True,2.4267557971209044,45.05050153123373,15.016833843744577,3,False,True,False,,,3.70533282734106,True,,,fixed_film,fixed_film
fixed_film__uncond,0,uncond,106,provenance://crystalite/outputs/final report output/relaxed_groups/fixed_film__uncond/cifs/sample_00106.cif,True,False,True,False,2.3795501484842627,264.8106292900568,18.91504494928977,14,False,True,True,,,5.0026268988636735,True,,,fixed_film,fixed_film
fixed_film__uncond,0,uncond,107,provenance://crystalite/outputs/final report output/relaxed_groups/fixed_film__uncond/cifs/sample_00107.cif,True,True,True,True,2.3727804088625337,392.63852792466,30.202963686512305,13,False,True,True,,,3.574850680993047,True,,,fixed_film,fixed_film
fixed_film__uncond,0,uncond,108,provenance://crystalite/outputs/final report output/relaxed_groups/fixed_film__uncond/cifs/sample_00108.cif,True,True,True,True,1.7938711922733994,175.5804242143823,14.631702017865193,12,False,True,True,,,7.384783918221022,True,,,fixed_film,fixed_film
fixed_film__uncond,0,uncond,109,provenance://crystalite/outputs/final report output/relaxed_groups/fixed_film__uncond/cifs/sample_00109.cif,True,True,True,True,1.9101523648940664,214.87196046783984,11.937331137102213,18,False,True,True,,,6.901669674791909,True,,,fixed_film,fixed_film
fixed_film__uncond,0,uncond,110,provenance://crystalite/outputs/final report output/relaxed_groups/fixed_film__uncond/cifs/sample_00110.cif,True,True,True,True,1.9250146231860288,157.57620680960915,11.25544334354351,14,False,True,True,,,5.252984650088077,True,,,fixed_film,fixed_film
fixed_film__uncond,0,uncond,111,provenance://crystalite/outputs/final report output/relaxed_groups/fixed_film__uncond/cifs/sample_00111.cif,True,False,True,False,2.7012645185761066,241.78039905166145,30.22254988145768,8,False,True,True,,,17.51234151655754,True,,,fixed_film,fixed_film
fixed_film__uncond,0,uncond,112,provenance://crystalite/outputs/final report output/relaxed_groups/fixed_film__uncond/cifs/sample_00112.cif,True,True,True,True,1.871506300414007,61.277561789120696,12.25551235782414,5,False,True,True,,,5.711966176088404,True,,,fixed_film,fixed_film
fixed_film__uncond,0,uncond,113,provenance://crystalite/outputs/final report output/relaxed_groups/fixed_film__uncond/cifs/sample_00113.cif,True,True,True,True,2.3169967742955007,178.41650876092905,22.30206359511613,8,False,True,True,,,4.762898349129766,True,,,fixed_film,fixed_film
fixed_film__uncond,0,uncond,114,provenance://crystalite/outputs/final report output/relaxed_groups/fixed_film__uncond/cifs/sample_00114.cif,True,True,True,True,1.934673886895842,199.703568192028,14.264540585144855,14,False,True,True,,,6.11152955070898,True,,,fixed_film,fixed_film
fixed_film__uncond,0,uncond,115,provenance://crystalite/outputs/final report output/relaxed_groups/fixed_film__uncond/cifs/sample_00115.cif,True,True,True,True,2.4369395387261097,385.3149069622188,32.1095755801849,12,False,True,True,,,10.256347234815747,True,,,fixed_film,fixed_film
fixed_film__uncond,0,uncond,116,provenance://crystalite/outputs/final report output/relaxed_groups/fixed_film__uncond/cifs/sample_00116.cif,True,True,True,True,2.365036452663576,156.04511803331505,19.50563975416438,8,True,True,True,,,15.36102042714535,True,,,fixed_film,fixed_film
fixed_film__uncond,0,uncond,117,provenance://crystalite/outputs/final report output/relaxed_groups/fixed_film__uncond/cifs/sample_00117.cif,True,True,True,True,2.63832102156005,902.2373479257378,53.07278517210222,17,False,True,True,,,5.298072951459182,True,,,fixed_film,fixed_film
fixed_film__uncond,0,uncond,118,provenance://crystalite/outputs/final report output/relaxed_groups/fixed_film__uncond/cifs/sample_00118.cif,True,True,True,True,2.024314329123943,243.10267901069508,12.155133950534754,20,False,True,True,,,5.410219802394749,True,,,fixed_film,fixed_film
fixed_film__uncond,0,uncond,119,provenance://crystalite/outputs/final report output/relaxed_groups/fixed_film__uncond/cifs/sample_00119.cif,True,False,True,False,2.646345786050894,767.1112406659851,38.35556203329925,20,False,True,True,,,4.358374809028606,True,,,fixed_film,fixed_film
fixed_film__uncond,0,uncond,120,provenance://crystalite/outputs/final report output/relaxed_groups/fixed_film__uncond/cifs/sample_00120.cif,True,True,True,True,1.86201623270415,320.2062322712235,16.010311613561175,20,False,True,True,,,5.521986286380245,True,,,fixed_film,fixed_film
fixed_film__uncond,0,uncond,121,provenance://crystalite/outputs/final report output/relaxed_groups/fixed_film__uncond/cifs/sample_00121.cif,True,False,True,False,1.8204776273359864,282.5787548374647,21.736827295189592,13,False,True,True,,,2.3930889459040725,True,,,fixed_film,fixed_film
fixed_film__uncond,0,uncond,122,provenance://crystalite/outputs/final report output/relaxed_groups/fixed_film__uncond/cifs/sample_00122.cif,True,False,True,False,2.375130980321296,653.9851193228915,36.332506629049526,18,False,True,True,,,10.72752434303714,True,,,fixed_film,fixed_film
fixed_film__uncond,0,uncond,123,provenance://crystalite/outputs/final report output/relaxed_groups/fixed_film__uncond/cifs/sample_00123.cif,True,True,True,True,2.2609239352860304,308.2174733781947,30.82174733781947,10,False,True,True,,,7.581548945972682,True,,,fixed_film,fixed_film
fixed_film__uncond,0,uncond,124,provenance://crystalite/outputs/final report output/relaxed_groups/fixed_film__uncond/cifs/sample_00124.cif,True,True,True,True,1.8402058714303289,155.8192206091542,11.1299443292253,14,False,True,True,,,7.158595060646834,True,,,fixed_film,fixed_film
fixed_film__uncond,0,uncond,125,provenance://crystalite/outputs/final report output/relaxed_groups/fixed_film__uncond/cifs/sample_00125.cif,True,True,True,True,2.069353520060432,545.9207253478475,27.29603626739237,20,False,True,True,,,3.092945473376009,True,,,fixed_film,fixed_film
fixed_film__uncond,0,uncond,126,provenance://crystalite/outputs/final report output/relaxed_groups/fixed_film__uncond/cifs/sample_00126.cif,True,True,True,True,2.907408019472794,459.0456594399789,35.31120457230607,13,False,True,True,,,4.41127837317493,True,,,fixed_film,fixed_film
fixed_film__uncond,0,uncond,127,provenance://crystalite/outputs/final report output/relaxed_groups/fixed_film__uncond/cifs/sample_00127.cif,True,True,True,True,2.093114771642804,168.1352574573187,16.81352574573187,10,False,True,True,,,3.969574056753325,True,,,fixed_film,fixed_film
fixed_film__g1__t2,1,2,0,provenance://crystalite/outputs/final report output/relaxed_groups/fixed_film__g1__t2/cifs/sample_00000.cif,True,True,True,True,1.446563419673757,127.50426699633776,31.87606674908444,4,False,True,True,,,2.0074883887609207,True,,2.0,fixed_film,fixed_film
fixed_film__g1__t2,1,2,1,provenance://crystalite/outputs/final report output/relaxed_groups/fixed_film__g1__t2/cifs/sample_00001.cif,True,True,True,True,1.8898790800629053,333.4813262273681,16.674066311368403,20,False,True,True,,,2.20064366072012,True,,2.0,fixed_film,fixed_film
fixed_film__g1__t2,1,2,2,provenance://crystalite/outputs/final report output/relaxed_groups/fixed_film__g1__t2/cifs/sample_00002.cif,True,True,True,True,1.8791628699524612,107.13594663953508,13.391993329941885,8,False,True,True,,,2.3489389363466167,True,,2.0,fixed_film,fixed_film
fixed_film__g1__t2,1,2,3,provenance://crystalite/outputs/final report output/relaxed_groups/fixed_film__g1__t2/cifs/sample_00003.cif,True,True,True,True,1.465861889286618,133.23434492572144,16.65429311571518,8,False,True,True,,,2.4245990170137173,True,,2.0,fixed_film,fixed_film
fixed_film__g1__t2,1,2,4,provenance://crystalite/outputs/final report output/relaxed_groups/fixed_film__g1__t2/cifs/sample_00004.cif,True,True,True,True,2.9546329349692413,97.5383796810084,48.76918984050421,2,False,True,True,,,3.8645670449820098,True,,2.0,fixed_film,fixed_film
fixed_film__g1__t2,1,2,5,provenance://crystalite/outputs/final report output/relaxed_groups/fixed_film__g1__t2/cifs/sample_00005.cif,True,True,True,True,1.418151268185141,230.7334103759305,14.420838148495656,16,False,True,True,,,2.8817891391790167,True,,2.0,fixed_film,fixed_film
fixed_film__g1__t2,1,2,6,provenance://crystalite/outputs/final report output/relaxed_groups/fixed_film__g1__t2/cifs/sample_00006.cif,True,False,True,False,1.931367251673247,152.22886740129977,19.02860842516247,8,False,True,True,,,1.9801240279394448,True,,2.0,fixed_film,fixed_film
fixed_film__g1__t2,1,2,7,provenance://crystalite/outputs/final report output/relaxed_groups/fixed_film__g1__t2/cifs/sample_00007.cif,True,True,True,True,1.2580801077102932,216.552197031312,15.468014073665143,14,False,True,True,,,2.4624070067063477,True,,2.0,fixed_film,fixed_film
fixed_film__g1__t2,1,2,8,provenance://crystalite/outputs/final report output/relaxed_groups/fixed_film__g1__t2/cifs/sample_00008.cif,True,True,True,True,1.3473488465793542,119.47172539687335,9.955977116406112,12,False,True,True,,,3.113106540863606,True,,2.0,fixed_film,fixed_film
fixed_film__g1__t2,1,2,9,provenance://crystalite/outputs/final report output/relaxed_groups/fixed_film__g1__t2/cifs/sample_00009.cif,True,False,True,False,1.5147427047410251,114.30331746853952,14.287914683567442,8,False,True,True,,,2.186062187612519,True,,2.0,fixed_film,fixed_film
fixed_film__g1__t2,1,2,10,provenance://crystalite/outputs/final report output/relaxed_groups/fixed_film__g1__t2/cifs/sample_00010.cif,True,True,True,True,0.988800946424126,238.6353428834848,19.88627857362373,12,False,True,True,,,2.696582985619679,True,,2.0,fixed_film,fixed_film
fixed_film__g1__t2,1,2,11,provenance://crystalite/outputs/final report output/relaxed_groups/fixed_film__g1__t2/cifs/sample_00011.cif,True,False,True,False,1.7581856709933037,305.1914317757859,16.955079543099217,18,False,True,True,,,2.31137344055035,True,,2.0,fixed_film,fixed_film
fixed_film__g1__t2,1,2,12,provenance://crystalite/outputs/final report output/relaxed_groups/fixed_film__g1__t2/cifs/sample_00012.cif,True,False,True,False,1.8225126255629385,192.1511877532922,19.21511877532922,10,False,True,True,,,1.9362108051869784,True,,2.0,fixed_film,fixed_film
fixed_film__g1__t2,1,2,13,provenance://crystalite/outputs/final report output/relaxed_groups/fixed_film__g1__t2/cifs/sample_00013.cif,True,True,True,True,2.203079121864619,161.65515910933613,13.471263259111344,12,False,True,True,,,2.154399759823362,True,,2.0,fixed_film,fixed_film
fixed_film__g1__t2,1,2,14,provenance://crystalite/outputs/final report output/relaxed_groups/fixed_film__g1__t2/cifs/sample_00014.cif,True,True,True,True,1.7301666672853293,181.88285567041825,15.15690463920152,12,False,True,True,,,2.303810809780586,True,,2.0,fixed_film,fixed_film
fixed_film__g1__t2,1,2,15,provenance://crystalite/outputs/final report output/relaxed_groups/fixed_film__g1__t2/cifs/sample_00015.cif,True,False,True,False,3.017227004822504,121.17722277544726,40.39240759181576,3,False,True,True,,,14.761744505645671,True,,2.0,fixed_film,fixed_film
fixed_film__g1__t2,1,2,16,provenance://crystalite/outputs/final report output/relaxed_groups/fixed_film__g1__t2/cifs/sample_00016.cif,True,False,True,False,1.796138381417066,212.28590128522063,11.79366118251226,18,False,True,True,,,3.2876472095344966,True,,2.0,fixed_film,fixed_film
fixed_film__g1__t2,1,2,17,provenance://crystalite/outputs/final report output/relaxed_groups/fixed_film__g1__t2/cifs/sample_00017.cif,True,True,True,True,1.941097812633546,108.05478929906144,13.50684866238268,8,False,True,True,,,2.6360422804844035,True,,2.0,fixed_film,fixed_film
fixed_film__g1__t2,1,2,18,provenance://crystalite/outputs/final report output/relaxed_groups/fixed_film__g1__t2/cifs/sample_00018.cif,True,True,True,True,3.679206509789937,101.93352731704252,50.96676365852127,2,False,True,False,,,2.445722063178598,True,,2.0,fixed_film,fixed_film
fixed_film__g1__t2,1,2,19,provenance://crystalite/outputs/final report output/relaxed_groups/fixed_film__g1__t2/cifs/sample_00019.cif,True,True,True,True,1.3683067515067058,215.1222606567387,21.512226065673868,10,False,True,True,,,2.619338493829091,True,,2.0,fixed_film,fixed_film
fixed_film__g1__t2,1,2,20,provenance://crystalite/outputs/final report output/relaxed_groups/fixed_film__g1__t2/cifs/sample_00020.cif,True,False,True,False,2.359729465839145,110.88443020465628,22.176886040931254,5,False,True,True,,,2.903231867654961,True,,2.0,fixed_film,fixed_film
fixed_film__g1__t2,1,2,21,provenance://crystalite/outputs/final report output/relaxed_groups/fixed_film__g1__t2/cifs/sample_00021.cif,True,False,True,False,1.2977351788324776,290.1162586277196,14.50581293138598,20,False,True,True,,,2.5264132597901554,True,,2.0,fixed_film,fixed_film
fixed_film__g1__t2,1,2,22,provenance://crystalite/outputs/final report output/relaxed_groups/fixed_film__g1__t2/cifs/sample_00022.cif,True,True,True,True,1.7832779893145323,151.23827831123094,10.802734165087925,14,False,True,True,,,3.588113075256093,True,,2.0,fixed_film,fixed_film
fixed_film__g1__t2,1,2,23,provenance://crystalite/outputs/final report output/relaxed_groups/fixed_film__g1__t2/cifs/sample_00023.cif,True,True,True,True,1.8386963327558343,132.62368442721603,14.735964936357338,9,False,True,True,,,2.370453542265241,True,,2.0,fixed_film,fixed_film
fixed_film__g1__t2,1,2,24,provenance://crystalite/outputs/final report output/relaxed_groups/fixed_film__g1__t2/cifs/sample_00024.cif,True,True,True,True,1.9583127257646564,238.5760955158476,23.85760955158476,10,False,True,True,,,3.190506729771853,True,,2.0,fixed_film,fixed_film
fixed_film__g1__t2,1,2,26,provenance://crystalite/outputs/final report output/relaxed_groups/fixed_film__g1__t2/cifs/sample_00026.cif,True,True,True,True,1.5918998246988167,384.9741077512271,19.24870538756135,20,False,True,True,,,2.191266004258096,True,,2.0,fixed_film,fixed_film
fixed_film__g1__t2,1,2,27,provenance://crystalite/outputs/final report output/relaxed_groups/fixed_film__g1__t2/cifs/sample_00027.cif,True,False,True,False,1.983664595347431,130.87136254296965,16.358920317871206,8,False,True,True,,,1.96569818264794,True,,2.0,fixed_film,fixed_film
fixed_film__g1__t2,1,2,28,provenance://crystalite/outputs/final report output/relaxed_groups/fixed_film__g1__t2/cifs/sample_00028.cif,True,True,True,True,1.5975888017106252,245.58711880827704,15.349194925517317,16,False,True,True,,,2.2992221114371767,True,,2.0,fixed_film,fixed_film
fixed_film__g1__t2,1,2,29,provenance://crystalite/outputs/final report output/relaxed_groups/fixed_film__g1__t2/cifs/sample_00029.cif,True,False,True,False,1.8305102086789944,165.6482258303644,10.353014114397777,16,False,True,True,,,1.9737468762413104,True,,2.0,fixed_film,fixed_film
fixed_film__g1__t2,1,2,30,provenance://crystalite/outputs/final report output/relaxed_groups/fixed_film__g1__t2/cifs/sample_00030.cif,True,True,True,True,1.7825241741135098,398.1911349587406,24.88694593492129,16,False,True,True,,,2.008005355879557,True,,2.0,fixed_film,fixed_film
fixed_film__g1__t2,1,2,31,provenance://crystalite/outputs/final report output/relaxed_groups/fixed_film__g1__t2/cifs/sample_00031.cif,True,False,True,False,1.767226773284927,181.2889373260008,36.25778746520017,5,False,True,True,,,2.33423400802785,True,,2.0,fixed_film,fixed_film
fixed_film__g1__t2,1,2,32,provenance://crystalite/outputs/final report output/relaxed_groups/fixed_film__g1__t2/cifs/sample_00032.cif,True,True,True,True,1.4073449035368828,240.6534821458897,13.369637896993874,18,False,True,True,,,1.9696731035525297,True,,2.0,fixed_film,fixed_film
fixed_film__g1__t2,1,2,33,provenance://crystalite/outputs/final report output/relaxed_groups/fixed_film__g1__t2/cifs/sample_00033.cif,True,True,True,True,1.2025352497075856,219.89480497183857,18.324567080986547,12,False,True,True,,,2.513401723828824,True,,2.0,fixed_film,fixed_film
fixed_film__g1__t2,1,2,34,provenance://crystalite/outputs/final report output/relaxed_groups/fixed_film__g1__t2/cifs/sample_00034.cif,True,True,True,True,1.55215465863201,213.7032613113849,16.438712408568072,13,False,True,True,,,2.7616579447050675,True,,2.0,fixed_film,fixed_film
fixed_film__g1__t2,1,2,35,provenance://crystalite/outputs/final report output/relaxed_groups/fixed_film__g1__t2/cifs/sample_00035.cif,True,True,True,True,1.98330857605612,130.9487461652393,18.70696373789133,7,False,True,True,,,3.2016872424366074,True,,2.0,fixed_film,fixed_film
fixed_film__g1__t2,1,2,36,provenance://crystalite/outputs/final report output/relaxed_groups/fixed_film__g1__t2/cifs/sample_00036.cif,True,False,True,False,1.8864065546248088,297.7868134291182,16.543711857173232,18,False,True,True,,,2.3404881385073435,True,,2.0,fixed_film,fixed_film
fixed_film__g1__t2,1,2,37,provenance://crystalite/outputs/final report output/relaxed_groups/fixed_film__g1__t2/cifs/sample_00037.cif,True,False,True,False,1.717566861994275,303.96172817755183,18.99760801109699,16,False,True,True,,,2.139151283396436,True,,2.0,fixed_film,fixed_film
fixed_film__g1__t2,1,2,38,provenance://crystalite/outputs/final report output/relaxed_groups/fixed_film__g1__t2/cifs/sample_00038.cif,True,True,True,True,1.5740554986851565,227.5175190697285,18.959793255810716,12,False,True,True,,,2.7032500403354582,True,,2.0,fixed_film,fixed_film
fixed_film__g1__t2,1,2,39,provenance://crystalite/outputs/final report output/relaxed_groups/fixed_film__g1__t2/cifs/sample_00039.cif,True,True,True,True,0.9465679244446608,273.95680447449706,17.122300279656066,16,False,True,True,,,2.039849939747313,True,,2.0,fixed_film,fixed_film
fixed_film__g1__t2,1,2,40,provenance://crystalite/outputs/final report output/relaxed_groups/fixed_film__g1__t2/cifs/sample_00040.cif,True,True,True,True,2.8570379427114894,46.98109264501928,23.49054632250964,2,False,True,False,,,2.0723507230032845,True,,2.0,fixed_film,fixed_film
fixed_film__g1__t2,1,2,41,provenance://crystalite/outputs/final report output/relaxed_groups/fixed_film__g1__t2/cifs/sample_00041.cif,True,False,True,False,1.6471765082554013,107.82783294910644,21.56556658982129,5,False,True,True,,,2.3492147930332528,True,,2.0,fixed_film,fixed_film
fixed_film__g1__t2,1,2,42,provenance://crystalite/outputs/final report output/relaxed_groups/fixed_film__g1__t2/cifs/sample_00042.cif,True,True,True,True,1.9003424729907552,282.5541586470672,17.6596349154417,16,False,True,True,,,2.3036959218560407,True,,2.0,fixed_film,fixed_film
fixed_film__g1__t2,1,2,43,provenance://crystalite/outputs/final report output/relaxed_groups/fixed_film__g1__t2/cifs/sample_00043.cif,True,True,True,True,1.909301644080352,162.13686144150466,16.213686144150465,10,False,True,True,,,4.835664265982472,True,,2.0,fixed_film,fixed_film
fixed_film__g1__t2,1,2,44,provenance://crystalite/outputs/final report output/relaxed_groups/fixed_film__g1__t2/cifs/sample_00044.cif,True,True,True,True,1.74286127941297,168.216637535454,16.8216637535454,10,False,True,True,,,1.7206432068666075,True,,2.0,fixed_film,fixed_film
fixed_film__g1__t2,1,2,45,provenance://crystalite/outputs/final report output/relaxed_groups/fixed_film__g1__t2/cifs/sample_00045.cif,True,True,True,True,2.0685647298009,116.07599277105942,19.34599879517657,6,False,True,True,,,2.4957535556842285,True,,2.0,fixed_film,fixed_film
fixed_film__g1__t2,1,2,46,provenance://crystalite/outputs/final report output/relaxed_groups/fixed_film__g1__t2/cifs/sample_00046.cif,True,True,True,True,1.576999362663963,111.76746595992846,10.16067872362986,11,False,True,True,,,2.954427990910163,True,,2.0,fixed_film,fixed_film
fixed_film__g1__t2,1,2,47,provenance://crystalite/outputs/final report output/relaxed_groups/fixed_film__g1__t2/cifs/sample_00047.cif,True,True,True,True,1.479891283634981,238.63057033489676,19.885880861241397,12,False,True,True,,,2.275191027354853,True,,2.0,fixed_film,fixed_film
fixed_film__g1__t2,1,2,48,provenance://crystalite/outputs/final report output/relaxed_groups/fixed_film__g1__t2/cifs/sample_00048.cif,True,True,True,True,1.677846475104761,105.66813760423184,13.20851720052898,8,False,True,True,,,2.753172191130969,True,,2.0,fixed_film,fixed_film
fixed_film__g1__t2,1,2,49,provenance://crystalite/outputs/final report output/relaxed_groups/fixed_film__g1__t2/cifs/sample_00049.cif,True,True,True,True,2.045235603552488,129.9118590070151,16.238982375876887,8,False,True,True,,,2.775218555032728,True,,2.0,fixed_film,fixed_film
fixed_film__g1__t2,1,2,50,provenance://crystalite/outputs/final report output/relaxed_groups/fixed_film__g1__t2/cifs/sample_00050.cif,True,False,True,False,1.759446724016155,205.3029044795313,17.108575373294276,12,False,True,True,,,1.867733408728262,True,,2.0,fixed_film,fixed_film
fixed_film__g1__t2,1,2,51,provenance://crystalite/outputs/final report output/relaxed_groups/fixed_film__g1__t2/cifs/sample_00051.cif,True,True,True,True,1.8054386053210123,166.14095875035443,18.46010652781716,9,False,True,True,,,2.840678658230836,True,,2.0,fixed_film,fixed_film
fixed_film__g1__t2,1,2,52,provenance://crystalite/outputs/final report output/relaxed_groups/fixed_film__g1__t2/cifs/sample_00052.cif,True,True,True,True,1.7189735692671668,197.64974414957652,17.968158559052412,11,False,True,True,,,2.816582794569777,True,,2.0,fixed_film,fixed_film
fixed_film__g1__t2,1,2,53,provenance://crystalite/outputs/final report output/relaxed_groups/fixed_film__g1__t2/cifs/sample_00053.cif,True,False,True,False,1.7113829749539018,365.5128710460536,20.306270613669643,18,False,True,True,,,1.9342632688446704,True,,2.0,fixed_film,fixed_film
fixed_film__g1__t2,1,2,54,provenance://crystalite/outputs/final report output/relaxed_groups/fixed_film__g1__t2/cifs/sample_00054.cif,True,True,True,True,1.814820560860552,234.10096220970163,13.00560901165009,18,False,True,True,,,2.4076640598062435,True,,2.0,fixed_film,fixed_film
fixed_film__g1__t2,1,2,55,provenance://crystalite/outputs/final report output/relaxed_groups/fixed_film__g1__t2/cifs/sample_00055.cif,True,True,True,True,1.999300031101304,100.14274433905987,8.345228694921657,12,False,True,False,,,1.572728779099857,True,,2.0,fixed_film,fixed_film
fixed_film__g1__t2,1,2,56,provenance://crystalite/outputs/final report output/relaxed_groups/fixed_film__g1__t2/cifs/sample_00056.cif,True,True,True,True,1.514359279012076,132.48300520195085,33.12075130048771,4,False,True,True,,,4.582312970202697,True,,2.0,fixed_film,fixed_film
fixed_film__g1__t2,1,2,57,provenance://crystalite/outputs/final report output/relaxed_groups/fixed_film__g1__t2/cifs/sample_00057.cif,True,False,True,False,1.3327883310247728,85.26636775754939,17.05327355150988,5,False,True,True,,,3.198604071662594,True,,2.0,fixed_film,fixed_film
fixed_film__g1__t2,1,2,58,provenance://crystalite/outputs/final report output/relaxed_groups/fixed_film__g1__t2/cifs/sample_00058.cif,True,False,True,False,1.4894113806999345,372.51738524846905,20.695410291581613,18,False,True,True,,,2.395899041086284,True,,2.0,fixed_film,fixed_film
fixed_film__g1__t2,1,2,59,provenance://crystalite/outputs/final report output/relaxed_groups/fixed_film__g1__t2/cifs/sample_00059.cif,True,False,True,False,2.5087433860669037,270.924751655292,24.62952287775381,11,False,True,True,,,1.9607675888823828,True,,2.0,fixed_film,fixed_film
fixed_film__g1__t2,1,2,60,provenance://crystalite/outputs/final report output/relaxed_groups/fixed_film__g1__t2/cifs/sample_00060.cif,True,False,True,False,2.0901785915326823,74.07404533865501,18.518511334663756,4,False,True,True,,,3.899436295761363,True,,2.0,fixed_film,fixed_film
fixed_film__g1__t2,1,2,61,provenance://crystalite/outputs/final report output/relaxed_groups/fixed_film__g1__t2/cifs/sample_00061.cif,True,True,True,True,1.6277689786962195,237.34786796299343,16.953419140213818,14,False,True,True,,,2.417234262344686,True,,2.0,fixed_film,fixed_film
fixed_film__g1__t2,1,2,62,provenance://crystalite/outputs/final report output/relaxed_groups/fixed_film__g1__t2/cifs/sample_00062.cif,True,False,True,False,1.353513014823776,132.4081907017192,12.037108245610836,11,False,True,True,,,2.747838951977798,True,,2.0,fixed_film,fixed_film
fixed_film__g1__t2,1,2,63,provenance://crystalite/outputs/final report output/relaxed_groups/fixed_film__g1__t2/cifs/sample_00063.cif,True,False,True,False,1.6856156798825748,171.0728812626377,19.008097918070856,9,False,True,True,,,1.8431843732228623,True,,2.0,fixed_film,fixed_film
fixed_film__g1__t2,1,2,64,provenance://crystalite/outputs/final report output/relaxed_groups/fixed_film__g1__t2/cifs/sample_00064.cif,True,False,True,False,1.6247279500846132,99.90340165771492,14.271914522530704,7,False,True,True,,,2.2228219082971186,True,,2.0,fixed_film,fixed_film
fixed_film__g1__t2,1,2,65,provenance://crystalite/outputs/final report output/relaxed_groups/fixed_film__g1__t2/cifs/sample_00065.cif,True,False,True,False,1.9534452223313328,115.10847756254856,19.184746260424763,6,False,True,True,,,2.8645626909891626,True,,2.0,fixed_film,fixed_film
fixed_film__g1__t2,1,2,66,provenance://crystalite/outputs/final report output/relaxed_groups/fixed_film__g1__t2/cifs/sample_00066.cif,True,True,True,True,1.3167660815939548,307.5301228995336,15.37650614497668,20,False,True,True,,,2.107242089160597,True,,2.0,fixed_film,fixed_film
fixed_film__g1__t2,1,2,67,provenance://crystalite/outputs/final report output/relaxed_groups/fixed_film__g1__t2/cifs/sample_00067.cif,True,False,True,False,1.6939819997061378,171.4548023602048,14.287900196683736,12,False,True,True,,,2.1341330588127403,True,,2.0,fixed_film,fixed_film
fixed_film__g1__t2,1,2,68,provenance://crystalite/outputs/final report output/relaxed_groups/fixed_film__g1__t2/cifs/sample_00068.cif,True,True,True,True,1.439200874839866,95.26350911655292,23.815877279138228,4,False,True,True,,,2.358462291282392,True,,2.0,fixed_film,fixed_film
fixed_film__g1__t2,1,2,69,provenance://crystalite/outputs/final report output/relaxed_groups/fixed_film__g1__t2/cifs/sample_00069.cif,True,True,True,True,0.9939943353955956,285.9926439422932,14.299632197114658,20,False,True,True,,,2.817398102818293,True,,2.0,fixed_film,fixed_film
fixed_film__g1__t2,1,2,70,provenance://crystalite/outputs/final report output/relaxed_groups/fixed_film__g1__t2/cifs/sample_00070.cif,True,True,True,True,1.6002153187140329,343.1745957006913,19.065255316705077,18,False,True,True,,,2.1980169660022053,True,,2.0,fixed_film,fixed_film
fixed_film__g1__t2,1,2,71,provenance://crystalite/outputs/final report output/relaxed_groups/fixed_film__g1__t2/cifs/sample_00071.cif,True,True,True,True,1.792110041682553,85.033933252655,14.172322208775832,6,False,True,False,,,1.926680192419004,True,,2.0,fixed_film,fixed_film
fixed_film__g1__t2,1,2,72,provenance://crystalite/outputs/final report output/relaxed_groups/fixed_film__g1__t2/cifs/sample_00072.cif,True,True,True,True,1.4830635781633124,186.25208370617207,18.62520837061721,10,False,True,True,,,4.076346645645731,True,,2.0,fixed_film,fixed_film
fixed_film__g1__t2,1,2,73,provenance://crystalite/outputs/final report output/relaxed_groups/fixed_film__g1__t2/cifs/sample_00073.cif,True,False,True,False,1.537406979915236,252.84632097804024,15.802895061127517,16,False,True,True,,,2.6478686727575327,True,,2.0,fixed_film,fixed_film
fixed_film__g1__t2,1,2,74,provenance://crystalite/outputs/final report output/relaxed_groups/fixed_film__g1__t2/cifs/sample_00074.cif,True,True,True,True,1.957611385528456,41.09821173053125,10.274552932632812,4,False,True,True,,,3.630733159024391,True,,2.0,fixed_film,fixed_film
fixed_film__g1__t2,1,2,75,provenance://crystalite/outputs/final report output/relaxed_groups/fixed_film__g1__t2/cifs/sample_00075.cif,True,True,True,True,1.795170770383843,103.11600394360168,12.88950049295021,8,False,True,True,,,2.263689727827523,True,,2.0,fixed_film,fixed_film
fixed_film__g1__t2,1,2,76,provenance://crystalite/outputs/final report output/relaxed_groups/fixed_film__g1__t2/cifs/sample_00076.cif,True,True,True,True,3.11647181654208,93.78879597461588,46.89439798730793,2,False,True,True,,,4.516981852320671,True,,2.0,fixed_film,fixed_film
fixed_film__g1__t2,1,2,77,provenance://crystalite/outputs/final report output/relaxed_groups/fixed_film__g1__t2/cifs/sample_00077.cif,True,True,True,True,1.742830308302136,139.8048168851679,15.533868542796434,9,False,True,True,,,2.227019970136803,True,,2.0,fixed_film,fixed_film
fixed_film__g1__t2,1,2,78,provenance://crystalite/outputs/final report output/relaxed_groups/fixed_film__g1__t2/cifs/sample_00078.cif,True,True,True,True,1.6407748491283527,117.62479702946322,14.703099628682905,8,False,True,True,,,3.030542393681632,True,,2.0,fixed_film,fixed_film
fixed_film__g1__t2,1,2,79,provenance://crystalite/outputs/final report output/relaxed_groups/fixed_film__g1__t2/cifs/sample_00079.cif,True,False,True,False,1.6264661024564482,260.64301454051963,16.290188408782477,16,False,True,True,,,2.480697042156186,True,,2.0,fixed_film,fixed_film
fixed_film__g1__t2,1,2,80,provenance://crystalite/outputs/final report output/relaxed_groups/fixed_film__g1__t2/cifs/sample_00080.cif,True,True,True,True,1.8259057446438285,161.79775335309768,16.179775335309767,10,False,True,True,,,1.958354048646535,True,,2.0,fixed_film,fixed_film
fixed_film__g1__t2,1,2,81,provenance://crystalite/outputs/final report output/relaxed_groups/fixed_film__g1__t2/cifs/sample_00081.cif,True,False,True,False,1.2725362259336004,333.1203489656964,16.65601744828482,20,False,True,True,,,2.631144863544956,True,,2.0,fixed_film,fixed_film
fixed_film__g1__t2,1,2,82,provenance://crystalite/outputs/final report output/relaxed_groups/fixed_film__g1__t2/cifs/sample_00082.cif,True,True,True,True,2.7107081201906187,116.29101202021393,19.38183533670232,6,False,True,True,,,2.645812781903192,True,,2.0,fixed_film,fixed_film
fixed_film__g1__t2,1,2,83,provenance://crystalite/outputs/final report output/relaxed_groups/fixed_film__g1__t2/cifs/sample_00083.cif,True,False,True,False,0.9891814265407206,106.70389272246972,8.89199106020581,12,False,True,True,,,2.20959243900651,True,,2.0,fixed_film,fixed_film
fixed_film__g1__t2,1,2,84,provenance://crystalite/outputs/final report output/relaxed_groups/fixed_film__g1__t2/cifs/sample_00084.cif,True,False,True,False,1.940607937577324,356.4038301344133,19.800212785245183,18,False,True,True,,,2.1099689836405973,True,,2.0,fixed_film,fixed_film
fixed_film__g1__t2,1,2,85,provenance://crystalite/outputs/final report output/relaxed_groups/fixed_film__g1__t2/cifs/sample_00085.cif,True,True,True,True,1.8182369396387843,171.00482029711355,14.250401691426127,12,False,True,True,,,3.248621313393891,True,,2.0,fixed_film,fixed_film
fixed_film__g1__t2,1,2,86,provenance://crystalite/outputs/final report output/relaxed_groups/fixed_film__g1__t2/cifs/sample_00086.cif,True,False,True,False,1.4642684515358102,286.77826100740486,20.48416150052892,14,False,True,True,,,2.189146248485222,True,,2.0,fixed_film,fixed_film
fixed_film__g1__t2,1,2,87,provenance://crystalite/outputs/final report output/relaxed_groups/fixed_film__g1__t2/cifs/sample_00087.cif,True,True,True,True,1.628812927671396,164.52955960971403,13.710796634142836,12,False,True,True,,,3.534799584870855,True,,2.0,fixed_film,fixed_film
fixed_film__g1__t2,1,2,88,provenance://crystalite/outputs/final report output/relaxed_groups/fixed_film__g1__t2/cifs/sample_00088.cif,True,False,True,False,1.8024331941905587,268.13986230918806,13.406993115459404,20,False,True,True,,,2.459321362813241,True,,2.0,fixed_film,fixed_film
fixed_film__g1__t2,1,2,89,provenance://crystalite/outputs/final report output/relaxed_groups/fixed_film__g1__t2/cifs/sample_00089.cif,True,False,True,False,2.0045643236837583,257.35314526623966,16.08457157913998,16,False,True,True,,,2.779870892338613,True,,2.0,fixed_film,fixed_film
fixed_film__g1__t2,1,2,90,provenance://crystalite/outputs/final report output/relaxed_groups/fixed_film__g1__t2/cifs/sample_00090.cif,True,True,True,True,1.7398659980918798,216.29155582982787,15.449396844987705,14,False,True,True,,,2.181336960554971,True,,2.0,fixed_film,fixed_film
fixed_film__g1__t2,1,2,91,provenance://crystalite/outputs/final report output/relaxed_groups/fixed_film__g1__t2/cifs/sample_00091.cif,True,True,True,True,2.009811429733426,38.47622093175365,12.825406977251218,3,False,True,True,,,4.252932238626954,True,,2.0,fixed_film,fixed_film
fixed_film__g1__t2,1,2,92,provenance://crystalite/outputs/final report output/relaxed_groups/fixed_film__g1__t2/cifs/sample_00092.cif,True,True,True,True,1.99481342819896,66.39752356910151,13.279504713820302,5,False,True,True,,,7.546040671443071,True,,2.0,fixed_film,fixed_film
fixed_film__g1__t2,1,2,93,provenance://crystalite/outputs/final report output/relaxed_groups/fixed_film__g1__t2/cifs/sample_00093.cif,True,False,True,False,1.7532046903237173,274.0074675639591,39.14392393770844,7,False,True,True,,,2.911086922736589,True,,2.0,fixed_film,fixed_film
fixed_film__g1__t2,1,2,94,provenance://crystalite/outputs/final report output/relaxed_groups/fixed_film__g1__t2/cifs/sample_00094.cif,True,True,True,True,1.849668251338629,128.69978483276057,12.869978483276055,10,False,True,True,,,2.228062328666228,True,,2.0,fixed_film,fixed_film
fixed_film__g1__t2,1,2,95,provenance://crystalite/outputs/final report output/relaxed_groups/fixed_film__g1__t2/cifs/sample_00095.cif,True,False,True,False,1.489265525393136,197.10327646436832,12.31895477902302,16,False,True,True,,,1.8855100991568967,True,,2.0,fixed_film,fixed_film
fixed_film__g1__t2,1,2,96,provenance://crystalite/outputs/final report output/relaxed_groups/fixed_film__g1__t2/cifs/sample_00096.cif,True,True,True,True,1.6994628032543937,73.50365475044629,12.250609125074382,6,False,True,True,,,5.353216676686079,True,,2.0,fixed_film,fixed_film
fixed_film__g1__t2,1,2,97,provenance://crystalite/outputs/final report output/relaxed_groups/fixed_film__g1__t2/cifs/sample_00097.cif,True,False,True,False,1.8769443992836965,413.446164961536,21.76032447165979,19,False,True,True,,,2.2734932159829437,True,,2.0,fixed_film,fixed_film
fixed_film__g1__t2,1,2,98,provenance://crystalite/outputs/final report output/relaxed_groups/fixed_film__g1__t2/cifs/sample_00098.cif,True,True,True,True,1.3852298830991985,319.69341765523666,17.760745425290924,18,False,True,True,,,2.018793593228968,True,,2.0,fixed_film,fixed_film
fixed_film__g1__t2,1,2,99,provenance://crystalite/outputs/final report output/relaxed_groups/fixed_film__g1__t2/cifs/sample_00099.cif,True,False,True,False,1.7031882629332755,279.5183988886482,15.528799938258237,18,False,True,True,,,2.083371210270826,True,,2.0,fixed_film,fixed_film
fixed_film__g1__t2,1,2,100,provenance://crystalite/outputs/final report output/relaxed_groups/fixed_film__g1__t2/cifs/sample_00100.cif,True,False,True,False,2.397436103258036,160.53950890550232,22.9342155579289,7,False,True,True,,,2.0131734277058686,True,,2.0,fixed_film,fixed_film
fixed_film__g1__t2,1,2,101,provenance://crystalite/outputs/final report output/relaxed_groups/fixed_film__g1__t2/cifs/sample_00101.cif,True,False,True,False,2.2514040698212754,157.1072847410485,19.63841059263106,8,False,True,True,,,1.839359810181126,True,,2.0,fixed_film,fixed_film
fixed_film__g1__t2,1,2,102,provenance://crystalite/outputs/final report output/relaxed_groups/fixed_film__g1__t2/cifs/sample_00102.cif,True,True,True,True,1.3413788434171072,179.57745813400976,14.964788177834146,12,False,True,True,,,2.728882561279672,True,,2.0,fixed_film,fixed_film
fixed_film__g1__t2,1,2,103,provenance://crystalite/outputs/final report output/relaxed_groups/fixed_film__g1__t2/cifs/sample_00103.cif,True,True,True,True,1.6602881606068098,378.51385941366055,18.925692970683027,20,False,True,True,,,2.722440114141024,True,,2.0,fixed_film,fixed_film
fixed_film__g1__t2,1,2,104,provenance://crystalite/outputs/final report output/relaxed_groups/fixed_film__g1__t2/cifs/sample_00104.cif,True,True,True,True,1.458032656648401,197.8206473936429,16.48505394947024,12,False,True,True,,,2.41887540833417,True,,2.0,fixed_film,fixed_film
fixed_film__g1__t2,1,2,105,provenance://crystalite/outputs/final report output/relaxed_groups/fixed_film__g1__t2/cifs/sample_00105.cif,True,True,True,True,1.843551543620208,188.9277799920107,62.975926664003566,3,False,True,True,,,1.3303297876831592,True,,2.0,fixed_film,fixed_film
fixed_film__g1__t2,1,2,106,provenance://crystalite/outputs/final report output/relaxed_groups/fixed_film__g1__t2/cifs/sample_00106.cif,True,True,True,True,2.3605452143569514,274.7316897827108,19.623692127336483,14,False,True,True,,,2.842356275593495,True,,2.0,fixed_film,fixed_film
fixed_film__g1__t2,1,2,107,provenance://crystalite/outputs/final report output/relaxed_groups/fixed_film__g1__t2/cifs/sample_00107.cif,True,False,True,False,1.929151917653203,173.23482799491725,13.325755999609015,13,False,True,True,,,2.186064473851844,True,,2.0,fixed_film,fixed_film
fixed_film__g1__t2,1,2,108,provenance://crystalite/outputs/final report output/relaxed_groups/fixed_film__g1__t2/cifs/sample_00108.cif,True,True,True,True,1.7636642783232266,220.1130265348413,18.34275221123677,12,False,True,True,,,2.973822020609271,True,,2.0,fixed_film,fixed_film
fixed_film__g1__t2,1,2,109,provenance://crystalite/outputs/final report output/relaxed_groups/fixed_film__g1__t2/cifs/sample_00109.cif,True,True,True,True,1.7947513947688327,224.06193950177143,12.447885527876192,18,False,True,True,,,2.380190016998732,True,,2.0,fixed_film,fixed_film
fixed_film__g1__t2,1,2,110,provenance://crystalite/outputs/final report output/relaxed_groups/fixed_film__g1__t2/cifs/sample_00110.cif,True,False,True,False,1.4335319586437991,201.07143185707545,14.362245132648246,14,False,True,True,,,1.79555336097994,True,,2.0,fixed_film,fixed_film
fixed_film__g1__t2,1,2,111,provenance://crystalite/outputs/final report output/relaxed_groups/fixed_film__g1__t2/cifs/sample_00111.cif,True,True,True,True,1.8228473544579853,98.04800439572266,12.256000549465332,8,False,True,True,,,2.6673308312179613,True,,2.0,fixed_film,fixed_film
fixed_film__g1__t2,1,2,112,provenance://crystalite/outputs/final report output/relaxed_groups/fixed_film__g1__t2/cifs/sample_00112.cif,True,False,True,False,1.352123915721577,51.1594583703245,10.2318916740649,5,False,True,True,,,3.2885283706566923,True,,2.0,fixed_film,fixed_film
fixed_film__g1__t2,1,2,113,provenance://crystalite/outputs/final report output/relaxed_groups/fixed_film__g1__t2/cifs/sample_00113.cif,True,True,True,True,1.8240367876208403,147.08071025335116,18.38508878166889,8,False,True,True,,,2.2530688640818397,True,,2.0,fixed_film,fixed_film
fixed_film__g1__t2,1,2,114,provenance://crystalite/outputs/final report output/relaxed_groups/fixed_film__g1__t2/cifs/sample_00114.cif,True,True,True,True,1.6913115688239424,224.21469262670357,16.01533518762168,14,False,True,True,,,3.4788776714899927,True,,2.0,fixed_film,fixed_film
fixed_film__g1__t2,1,2,115,provenance://crystalite/outputs/final report output/relaxed_groups/fixed_film__g1__t2/cifs/sample_00115.cif,True,True,True,True,1.9121017369252555,234.10744369195905,19.508953640996584,12,False,True,True,,,4.653219499112022,True,,2.0,fixed_film,fixed_film
fixed_film__g1__t2,1,2,116,provenance://crystalite/outputs/final report output/relaxed_groups/fixed_film__g1__t2/cifs/sample_00116.cif,True,True,True,True,1.8133343972415328,124.97916689448036,15.622395861810046,8,False,True,True,,,2.359632967797367,True,,2.0,fixed_film,fixed_film
fixed_film__g1__t2,1,2,117,provenance://crystalite/outputs/final report output/relaxed_groups/fixed_film__g1__t2/cifs/sample_00117.cif,True,False,True,False,0.9526198217157076,190.60270921851847,11.211924071677558,17,False,True,True,,,2.0193282809140825,True,,2.0,fixed_film,fixed_film
fixed_film__g1__t2,1,2,118,provenance://crystalite/outputs/final report output/relaxed_groups/fixed_film__g1__t2/cifs/sample_00118.cif,True,True,True,True,1.1758720583905875,366.92625274358267,18.34631263717913,20,False,True,True,,,2.873182336400028,True,,2.0,fixed_film,fixed_film
fixed_film__g1__t2,1,2,119,provenance://crystalite/outputs/final report output/relaxed_groups/fixed_film__g1__t2/cifs/sample_00119.cif,True,False,True,False,1.683007088442598,465.37176417888,23.268588208944003,20,False,True,True,,,2.622164552543177,True,,2.0,fixed_film,fixed_film
fixed_film__g1__t2,1,2,120,provenance://crystalite/outputs/final report output/relaxed_groups/fixed_film__g1__t2/cifs/sample_00120.cif,True,False,True,False,1.6873804894296778,291.5610527177417,14.578052635887085,20,False,True,True,,,1.7762031340998437,True,,2.0,fixed_film,fixed_film
fixed_film__g1__t2,1,2,121,provenance://crystalite/outputs/final report output/relaxed_groups/fixed_film__g1__t2/cifs/sample_00121.cif,True,False,True,False,1.787529631396839,293.3997379366639,22.56921061051261,13,False,True,True,,,2.226229211094342,True,,2.0,fixed_film,fixed_film
fixed_film__g1__t2,1,2,122,provenance://crystalite/outputs/final report output/relaxed_groups/fixed_film__g1__t2/cifs/sample_00122.cif,True,False,True,False,1.4752422150492908,281.02367048745134,15.612426138191742,18,False,True,True,,,2.2421164932712307,True,,2.0,fixed_film,fixed_film
fixed_film__g1__t2,1,2,123,provenance://crystalite/outputs/final report output/relaxed_groups/fixed_film__g1__t2/cifs/sample_00123.cif,True,True,True,True,1.2812431382265466,207.13780320594373,20.71378032059437,10,False,True,True,,,1.7078959661625948,True,,2.0,fixed_film,fixed_film
fixed_film__g1__t2,1,2,124,provenance://crystalite/outputs/final report output/relaxed_groups/fixed_film__g1__t2/cifs/sample_00124.cif,True,True,True,True,1.533142691407241,215.6209848393174,15.4014989170941,14,False,True,True,,,4.058680525867056,True,,2.0,fixed_film,fixed_film
fixed_film__g1__t2,1,2,125,provenance://crystalite/outputs/final report output/relaxed_groups/fixed_film__g1__t2/cifs/sample_00125.cif,True,False,True,False,1.6324436078471145,413.07826689222026,20.653913344611013,20,False,True,True,,,1.9430771112751997,True,,2.0,fixed_film,fixed_film
fixed_film__g1__t2,1,2,126,provenance://crystalite/outputs/final report output/relaxed_groups/fixed_film__g1__t2/cifs/sample_00126.cif,True,False,True,False,1.9533706295706388,233.0109583363362,17.92391987202586,13,False,True,True,,,2.253961858539411,True,,2.0,fixed_film,fixed_film
fixed_film__g1__t2,1,2,127,provenance://crystalite/outputs/final report output/relaxed_groups/fixed_film__g1__t2/cifs/sample_00127.cif,True,False,True,False,1.3444425235284914,252.6285740129427,25.26285740129427,10,False,True,True,,,2.011862131633261,True,,2.0,fixed_film,fixed_film
fixed_film__g1__t4,1,4,0,provenance://crystalite/outputs/final report output/relaxed_groups/fixed_film__g1__t4/cifs/sample_00000.cif,True,False,True,False,2.345221320496366,126.95937867613183,31.73984466903296,4,False,True,True,,,8.2349965065986,True,,4.0,fixed_film,fixed_film
fixed_film__g1__t4,1,4,1,provenance://crystalite/outputs/final report output/relaxed_groups/fixed_film__g1__t4/cifs/sample_00001.cif,True,False,True,False,2.037620932345012,260.4834705388157,13.024173526940784,20,False,True,True,,,4.747169198771615,True,,4.0,fixed_film,fixed_film
fixed_film__g1__t4,1,4,2,provenance://crystalite/outputs/final report output/relaxed_groups/fixed_film__g1__t4/cifs/sample_00002.cif,True,True,True,True,1.7590720861058984,117.2775334268144,14.6596916783518,8,False,True,True,,,3.5473499092856406,True,,4.0,fixed_film,fixed_film
fixed_film__g1__t4,1,4,3,provenance://crystalite/outputs/final report output/relaxed_groups/fixed_film__g1__t4/cifs/sample_00003.cif,True,True,True,True,1.2325950503446192,163.92020306577112,20.49002538322139,8,False,True,True,,,2.261206427855744,True,,4.0,fixed_film,fixed_film
fixed_film__g1__t4,1,4,4,provenance://crystalite/outputs/final report output/relaxed_groups/fixed_film__g1__t4/cifs/sample_00004.cif,True,True,True,True,3.221004469058892,52.09814521971025,26.049072609855124,2,False,True,True,,,4.0343908136019335,True,,4.0,fixed_film,fixed_film
fixed_film__g1__t4,1,4,5,provenance://crystalite/outputs/final report output/relaxed_groups/fixed_film__g1__t4/cifs/sample_00005.cif,True,True,True,True,1.8842822914659088,230.23375660223928,14.389609787639955,16,False,True,True,,,5.014064712745966,True,,4.0,fixed_film,fixed_film
fixed_film__g1__t4,1,4,6,provenance://crystalite/outputs/final report output/relaxed_groups/fixed_film__g1__t4/cifs/sample_00006.cif,True,False,True,False,1.9495192056361448,130.78030704941645,16.347538381177056,8,False,True,True,,,2.109878224152998,True,,4.0,fixed_film,fixed_film
fixed_film__g1__t4,1,4,7,provenance://crystalite/outputs/final report output/relaxed_groups/fixed_film__g1__t4/cifs/sample_00007.cif,True,False,True,False,1.8985974922032087,188.94123754968555,13.495802682120395,14,False,True,True,,,3.2848822703951623,True,,4.0,fixed_film,fixed_film
fixed_film__g1__t4,1,4,8,provenance://crystalite/outputs/final report output/relaxed_groups/fixed_film__g1__t4/cifs/sample_00008.cif,True,True,True,True,1.9778472505276143,118.08879958658768,9.840733298882308,12,False,True,True,,,4.00206823281873,True,,4.0,fixed_film,fixed_film
fixed_film__g1__t4,1,4,9,provenance://crystalite/outputs/final report output/relaxed_groups/fixed_film__g1__t4/cifs/sample_00009.cif,True,True,True,True,1.3937245646541403,96.69846840634804,12.087308550793503,8,False,True,True,,,5.712608617006411,True,,4.0,fixed_film,fixed_film
fixed_film__g1__t4,1,4,10,provenance://crystalite/outputs/final report output/relaxed_groups/fixed_film__g1__t4/cifs/sample_00010.cif,True,True,True,True,0.9849643812143776,183.2562610942833,15.271355091190276,12,False,True,True,,,4.044116730020343,True,,4.0,fixed_film,fixed_film
fixed_film__g1__t4,1,4,11,provenance://crystalite/outputs/final report output/relaxed_groups/fixed_film__g1__t4/cifs/sample_00011.cif,True,True,True,True,1.67203038385738,244.25371115407845,13.569650619671023,18,False,True,True,,,3.672121057616069,True,,4.0,fixed_film,fixed_film
fixed_film__g1__t4,1,4,12,provenance://crystalite/outputs/final report output/relaxed_groups/fixed_film__g1__t4/cifs/sample_00012.cif,True,True,True,True,2.047693245909683,408.6462840271585,40.86462840271585,10,False,True,True,,,3.909205916270933,True,,4.0,fixed_film,fixed_film
fixed_film__g1__t4,1,4,13,provenance://crystalite/outputs/final report output/relaxed_groups/fixed_film__g1__t4/cifs/sample_00013.cif,True,True,True,True,1.632824635221371,213.1126074125995,17.75938395104996,12,False,True,True,,,2.728367373466304,True,,4.0,fixed_film,fixed_film
fixed_film__g1__t4,1,4,14,provenance://crystalite/outputs/final report output/relaxed_groups/fixed_film__g1__t4/cifs/sample_00014.cif,True,True,True,True,1.50098500936238,166.18071491365353,13.848392909471128,12,False,True,True,,,2.5475372692553444,True,,4.0,fixed_film,fixed_film
fixed_film__g1__t4,1,4,15,provenance://crystalite/outputs/final report output/relaxed_groups/fixed_film__g1__t4/cifs/sample_00015.cif,True,True,True,True,2.78223729382828,118.6907940644144,39.56359802147147,3,False,True,True,,,14.903498255779786,True,,4.0,fixed_film,fixed_film
fixed_film__g1__t4,1,4,16,provenance://crystalite/outputs/final report output/relaxed_groups/fixed_film__g1__t4/cifs/sample_00016.cif,True,False,True,False,0.9846299273445324,179.80556129694403,9.989197849830225,18,False,True,True,,,2.6350415114297454,True,,4.0,fixed_film,fixed_film
fixed_film__g1__t4,1,4,17,provenance://crystalite/outputs/final report output/relaxed_groups/fixed_film__g1__t4/cifs/sample_00017.cif,True,True,True,True,1.7588965051273715,89.53522129574601,11.191902661968252,8,False,True,True,,,6.2073626893043965,True,,4.0,fixed_film,fixed_film
fixed_film__g1__t4,1,4,18,provenance://crystalite/outputs/final report output/relaxed_groups/fixed_film__g1__t4/cifs/sample_00018.cif,True,False,True,False,3.411886167629324,82.6350143472764,41.3175071736382,2,False,True,True,,,3.957539867541433,True,,4.0,fixed_film,fixed_film
fixed_film__g1__t4,1,4,19,provenance://crystalite/outputs/final report output/relaxed_groups/fixed_film__g1__t4/cifs/sample_00019.cif,True,True,True,True,1.88378904757454,168.03314386363564,16.803314386363564,10,False,True,True,,,2.630794170420909,True,,4.0,fixed_film,fixed_film
fixed_film__g1__t4,1,4,20,provenance://crystalite/outputs/final report output/relaxed_groups/fixed_film__g1__t4/cifs/sample_00020.cif,True,True,True,True,2.2041609648324347,86.5026733521376,17.30053467042752,5,False,True,True,,,7.859941034016301,True,,4.0,fixed_film,fixed_film
fixed_film__g1__t4,1,4,21,provenance://crystalite/outputs/final report output/relaxed_groups/fixed_film__g1__t4/cifs/sample_00021.cif,True,True,True,True,1.653419558447427,285.720152544202,14.2860076272101,20,False,True,True,,,3.315367334813738,True,,4.0,fixed_film,fixed_film
fixed_film__g1__t4,1,4,22,provenance://crystalite/outputs/final report output/relaxed_groups/fixed_film__g1__t4/cifs/sample_00022.cif,True,True,True,True,1.471933260724159,166.2167657488326,11.872626124916616,14,False,True,True,,,2.8973457140087207,True,,4.0,fixed_film,fixed_film
fixed_film__g1__t4,1,4,23,provenance://crystalite/outputs/final report output/relaxed_groups/fixed_film__g1__t4/cifs/sample_00023.cif,True,True,True,True,1.5474971020575543,114.77047236808944,12.752274707565494,9,False,True,True,,,3.567357435458772,True,,4.0,fixed_film,fixed_film
fixed_film__g1__t4,1,4,24,provenance://crystalite/outputs/final report output/relaxed_groups/fixed_film__g1__t4/cifs/sample_00024.cif,True,True,True,True,1.7724334109142086,306.9735007558237,30.69735007558237,10,False,True,True,,,6.021673611549514,True,,4.0,fixed_film,fixed_film
fixed_film__g1__t4,1,4,25,provenance://crystalite/outputs/final report output/relaxed_groups/fixed_film__g1__t4/cifs/sample_00025.cif,True,False,True,False,2.575623403451852,414.7213117711965,25.920081985699778,16,False,True,True,,,1.926664005704796,True,,4.0,fixed_film,fixed_film
fixed_film__g1__t4,1,4,26,provenance://crystalite/outputs/final report output/relaxed_groups/fixed_film__g1__t4/cifs/sample_00026.cif,True,True,True,True,1.4268397497955725,355.00840461464765,17.75042023073238,20,False,True,True,,,2.4363420989145093,True,,4.0,fixed_film,fixed_film
fixed_film__g1__t4,1,4,27,provenance://crystalite/outputs/final report output/relaxed_groups/fixed_film__g1__t4/cifs/sample_00027.cif,True,True,True,True,2.532014947657228,271.3382951763525,33.917286897044065,8,False,True,True,,,8.280292815216457,True,,4.0,fixed_film,fixed_film
fixed_film__g1__t4,1,4,28,provenance://crystalite/outputs/final report output/relaxed_groups/fixed_film__g1__t4/cifs/sample_00028.cif,True,False,True,False,1.4549319884466707,246.37351230147056,15.398344518841911,16,False,True,True,,,2.97332255503191,True,,4.0,fixed_film,fixed_film
fixed_film__g1__t4,1,4,29,provenance://crystalite/outputs/final report output/relaxed_groups/fixed_film__g1__t4/cifs/sample_00029.cif,True,True,True,True,1.878049794313604,138.72553463786574,8.670345914866608,16,False,True,True,,,6.624575794002936,True,,4.0,fixed_film,fixed_film
fixed_film__g1__t4,1,4,30,provenance://crystalite/outputs/final report output/relaxed_groups/fixed_film__g1__t4/cifs/sample_00030.cif,True,True,True,True,0.9715701592663124,262.26573784986743,16.391608615616715,16,False,True,True,,,2.4954882542399006,True,,4.0,fixed_film,fixed_film
fixed_film__g1__t4,1,4,31,provenance://crystalite/outputs/final report output/relaxed_groups/fixed_film__g1__t4/cifs/sample_00031.cif,True,True,True,True,1.972346247765652,73.3783987328606,14.67567974657212,5,False,True,True,,,6.810429985764537,True,,4.0,fixed_film,fixed_film
fixed_film__g1__t4,1,4,32,provenance://crystalite/outputs/final report output/relaxed_groups/fixed_film__g1__t4/cifs/sample_00032.cif,True,True,True,True,1.295323859806054,303.0327660082828,16.83515366712682,18,False,True,True,,,3.622918934942016,True,,4.0,fixed_film,fixed_film
fixed_film__g1__t4,1,4,33,provenance://crystalite/outputs/final report output/relaxed_groups/fixed_film__g1__t4/cifs/sample_00033.cif,True,True,True,True,1.256534722705435,223.0657250801789,18.58881042334824,12,False,True,True,,,2.5524186812038763,True,,4.0,fixed_film,fixed_film
fixed_film__g1__t4,1,4,34,provenance://crystalite/outputs/final report output/relaxed_groups/fixed_film__g1__t4/cifs/sample_00034.cif,True,True,True,True,1.6542453545610634,240.00506399991264,18.46192799999328,13,False,True,True,,,3.2906780616957785,True,,4.0,fixed_film,fixed_film
fixed_film__g1__t4,1,4,35,provenance://crystalite/outputs/final report output/relaxed_groups/fixed_film__g1__t4/cifs/sample_00035.cif,True,True,True,True,1.919984042345696,101.18626766045192,14.455181094350277,7,False,True,True,,,4.275914009468045,True,,4.0,fixed_film,fixed_film
fixed_film__g1__t4,1,4,36,provenance://crystalite/outputs/final report output/relaxed_groups/fixed_film__g1__t4/cifs/sample_00036.cif,True,True,True,True,2.016399272940264,263.34428348549096,14.630237971416165,18,False,True,True,,,4.909305898569847,True,,4.0,fixed_film,fixed_film
fixed_film__g1__t4,1,4,37,provenance://crystalite/outputs/final report output/relaxed_groups/fixed_film__g1__t4/cifs/sample_00037.cif,True,True,True,True,1.7164721120229538,213.39563284402624,13.33722705275164,16,False,True,True,,,4.879783149939257,True,,4.0,fixed_film,fixed_film
fixed_film__g1__t4,1,4,38,provenance://crystalite/outputs/final report output/relaxed_groups/fixed_film__g1__t4/cifs/sample_00038.cif,True,True,True,True,1.6199079903521674,192.09744634563995,16.008120528803328,12,False,True,True,,,3.120276769310198,True,,4.0,fixed_film,fixed_film
fixed_film__g1__t4,1,4,39,provenance://crystalite/outputs/final report output/relaxed_groups/fixed_film__g1__t4/cifs/sample_00039.cif,True,True,True,True,0.983095285568394,206.6450289360938,12.915314308505865,16,False,True,True,,,3.0905266926383903,True,,4.0,fixed_film,fixed_film
fixed_film__g1__t4,1,4,40,provenance://crystalite/outputs/final report output/relaxed_groups/fixed_film__g1__t4/cifs/sample_00040.cif,True,True,True,True,2.856945750135902,46.98740037885585,23.493700189427926,2,False,True,False,,,2.0946529382084424,True,,4.0,fixed_film,fixed_film
fixed_film__g1__t4,1,4,41,provenance://crystalite/outputs/final report output/relaxed_groups/fixed_film__g1__t4/cifs/sample_00041.cif,True,False,True,False,2.330390607494236,118.80145992290724,23.76029198458145,5,False,True,True,,,3.6963963584058175,True,,4.0,fixed_film,fixed_film
fixed_film__g1__t4,1,4,42,provenance://crystalite/outputs/final report output/relaxed_groups/fixed_film__g1__t4/cifs/sample_00042.cif,True,True,True,True,1.746226634371494,190.09145990072747,11.880716243795469,16,False,True,True,,,3.4122958453833534,True,,4.0,fixed_film,fixed_film
fixed_film__g1__t4,1,4,43,provenance://crystalite/outputs/final report output/relaxed_groups/fixed_film__g1__t4/cifs/sample_00043.cif,True,False,True,False,1.6035080689272727,140.98254122254409,14.098254122254408,10,False,True,True,,,4.394584708994471,True,,4.0,fixed_film,fixed_film
fixed_film__g1__t4,1,4,44,provenance://crystalite/outputs/final report output/relaxed_groups/fixed_film__g1__t4/cifs/sample_00044.cif,True,True,True,True,1.9852644008613445,112.21279751198598,11.221279751198598,10,False,True,True,,,4.766907489250799,True,,4.0,fixed_film,fixed_film
fixed_film__g1__t4,1,4,45,provenance://crystalite/outputs/final report output/relaxed_groups/fixed_film__g1__t4/cifs/sample_00045.cif,True,False,True,False,1.217847169879823,87.88024137345472,14.646706895575788,6,False,True,True,,,4.609840594473198,True,,4.0,fixed_film,fixed_film
fixed_film__g1__t4,1,4,46,provenance://crystalite/outputs/final report output/relaxed_groups/fixed_film__g1__t4/cifs/sample_00046.cif,True,True,True,True,1.5348721283737334,117.9120668003568,10.719278800032438,11,False,True,True,,,2.77246899307586,True,,4.0,fixed_film,fixed_film
fixed_film__g1__t4,1,4,47,provenance://crystalite/outputs/final report output/relaxed_groups/fixed_film__g1__t4/cifs/sample_00047.cif,True,True,True,True,0.983772496085738,146.77469612003887,12.231224676669903,12,False,True,True,,,2.3729656101065104,True,,4.0,fixed_film,fixed_film
fixed_film__g1__t4,1,4,48,provenance://crystalite/outputs/final report output/relaxed_groups/fixed_film__g1__t4/cifs/sample_00048.cif,True,True,True,True,2.182946178216421,128.15542726061778,16.019428407577223,8,False,True,True,,,4.924144716823266,True,,4.0,fixed_film,fixed_film
fixed_film__g1__t4,1,4,49,provenance://crystalite/outputs/final report output/relaxed_groups/fixed_film__g1__t4/cifs/sample_00049.cif,True,True,True,True,2.3186454061451536,207.63085172420068,25.953856465525085,8,False,True,True,,,7.118779790144213,True,,4.0,fixed_film,fixed_film
fixed_film__g1__t4,1,4,50,provenance://crystalite/outputs/final report output/relaxed_groups/fixed_film__g1__t4/cifs/sample_00050.cif,True,True,True,True,1.3213910090456027,140.22781111503397,11.685650926252832,12,False,True,True,,,3.385837293332364,True,,4.0,fixed_film,fixed_film
fixed_film__g1__t4,1,4,51,provenance://crystalite/outputs/final report output/relaxed_groups/fixed_film__g1__t4/cifs/sample_00051.cif,True,True,True,True,1.9191406273281415,152.690102964977,16.965566996108556,9,False,True,True,,,13.794462803218224,True,,4.0,fixed_film,fixed_film
fixed_film__g1__t4,1,4,52,provenance://crystalite/outputs/final report output/relaxed_groups/fixed_film__g1__t4/cifs/sample_00052.cif,True,False,True,False,1.6891719991030247,158.45139262588307,14.40467205689846,11,False,True,True,,,2.800855975517281,True,,4.0,fixed_film,fixed_film
fixed_film__g1__t4,1,4,53,provenance://crystalite/outputs/final report output/relaxed_groups/fixed_film__g1__t4/cifs/sample_00053.cif,True,True,True,True,1.2685457415700718,422.3286755517055,23.46270419731697,18,False,True,True,,,2.3035594498965564,True,,4.0,fixed_film,fixed_film
fixed_film__g1__t4,1,4,54,provenance://crystalite/outputs/final report output/relaxed_groups/fixed_film__g1__t4/cifs/sample_00054.cif,True,True,True,True,1.8321168976730144,199.02635692729717,11.057019829294283,18,False,True,True,,,4.667884428720186,True,,4.0,fixed_film,fixed_film
fixed_film__g1__t4,1,4,55,provenance://crystalite/outputs/final report output/relaxed_groups/fixed_film__g1__t4/cifs/sample_00055.cif,True,True,True,True,3.2321455912711934,439.27017310936026,36.60584775911335,12,False,True,True,,,3.476856786953818,True,,4.0,fixed_film,fixed_film
fixed_film__g1__t4,1,4,56,provenance://crystalite/outputs/final report output/relaxed_groups/fixed_film__g1__t4/cifs/sample_00056.cif,True,True,True,True,2.6524896516387906,89.14830765844839,22.287076914612097,4,False,True,True,,,11.515190435589233,True,,4.0,fixed_film,fixed_film
fixed_film__g1__t4,1,4,57,provenance://crystalite/outputs/final report output/relaxed_groups/fixed_film__g1__t4/cifs/sample_00057.cif,True,True,True,True,1.9421346941202928,72.67755807976293,14.535511615952586,5,False,True,True,,,14.944145553267967,True,,4.0,fixed_film,fixed_film
fixed_film__g1__t4,1,4,58,provenance://crystalite/outputs/final report output/relaxed_groups/fixed_film__g1__t4/cifs/sample_00058.cif,True,True,True,True,1.3281512093481669,282.5786562660607,15.698814237003372,18,False,True,True,,,2.8152269022306142,True,,4.0,fixed_film,fixed_film
fixed_film__g1__t4,1,4,59,provenance://crystalite/outputs/final report output/relaxed_groups/fixed_film__g1__t4/cifs/sample_00059.cif,True,False,True,False,0.9954111363048508,235.49137019467216,21.408306381333837,11,False,True,True,,,3.040849557701549,True,,4.0,fixed_film,fixed_film
fixed_film__g1__t4,1,4,60,provenance://crystalite/outputs/final report output/relaxed_groups/fixed_film__g1__t4/cifs/sample_00060.cif,True,True,True,True,2.245596460827485,59.490917022113926,14.872729255528482,4,False,True,False,,,3.965734761182021,True,,4.0,fixed_film,fixed_film
fixed_film__g1__t4,1,4,61,provenance://crystalite/outputs/final report output/relaxed_groups/fixed_film__g1__t4/cifs/sample_00061.cif,True,True,True,True,2.016839718782603,488.547256377288,34.896232598377715,14,False,True,True,,,3.693984745948246,True,,4.0,fixed_film,fixed_film
fixed_film__g1__t4,1,4,62,provenance://crystalite/outputs/final report output/relaxed_groups/fixed_film__g1__t4/cifs/sample_00062.cif,True,True,True,True,1.5448798131763153,137.58442566786593,12.507675060715084,11,False,True,True,,,3.407380315120108,True,,4.0,fixed_film,fixed_film
fixed_film__g1__t4,1,4,63,provenance://crystalite/outputs/final report output/relaxed_groups/fixed_film__g1__t4/cifs/sample_00063.cif,True,True,True,True,1.922524132965046,142.55040599428676,15.838933999365196,9,False,True,True,,,3.5472800659383577,True,,4.0,fixed_film,fixed_film
fixed_film__g1__t4,1,4,64,provenance://crystalite/outputs/final report output/relaxed_groups/fixed_film__g1__t4/cifs/sample_00064.cif,True,True,True,True,1.82117197383914,90.3909199838753,12.912988569125044,7,False,True,True,,,3.6640994468453,True,,4.0,fixed_film,fixed_film
fixed_film__g1__t4,1,4,65,provenance://crystalite/outputs/final report output/relaxed_groups/fixed_film__g1__t4/cifs/sample_00065.cif,True,True,True,True,1.8221762685867944,81.669574735114,13.611595789185666,6,False,True,True,,,3.848927490348481,True,,4.0,fixed_film,fixed_film
fixed_film__g1__t4,1,4,66,provenance://crystalite/outputs/final report output/relaxed_groups/fixed_film__g1__t4/cifs/sample_00066.cif,True,False,True,False,1.610053905462551,257.1029414132947,12.855147070664732,20,False,True,True,,,2.8123494459694647,True,,4.0,fixed_film,fixed_film
fixed_film__g1__t4,1,4,67,provenance://crystalite/outputs/final report output/relaxed_groups/fixed_film__g1__t4/cifs/sample_00067.cif,True,False,True,False,1.624230848515571,182.48681966136184,15.207234971780151,12,False,True,True,,,1.7528721906795823,True,,4.0,fixed_film,fixed_film
fixed_film__g1__t4,1,4,68,provenance://crystalite/outputs/final report output/relaxed_groups/fixed_film__g1__t4/cifs/sample_00068.cif,True,True,True,True,2.390323338544288,85.57976189772623,21.39494047443156,4,False,True,True,,,7.137225768990663,True,,4.0,fixed_film,fixed_film
fixed_film__g1__t4,1,4,69,provenance://crystalite/outputs/final report output/relaxed_groups/fixed_film__g1__t4/cifs/sample_00069.cif,True,True,True,True,1.4852310761397107,260.0917563764096,13.00458781882048,20,False,True,True,,,2.6473886197287264,True,,4.0,fixed_film,fixed_film
fixed_film__g1__t4,1,4,70,provenance://crystalite/outputs/final report output/relaxed_groups/fixed_film__g1__t4/cifs/sample_00070.cif,True,False,True,False,1.6179371357473251,220.6140517610828,12.256336208949044,18,False,True,True,,,3.809357072373965,True,,4.0,fixed_film,fixed_film
fixed_film__g1__t4,1,4,71,provenance://crystalite/outputs/final report output/relaxed_groups/fixed_film__g1__t4/cifs/sample_00071.cif,True,True,True,True,1.1799524845801057,102.78429872331655,17.13071645388609,6,False,True,True,,,2.380835183621372,True,,4.0,fixed_film,fixed_film
fixed_film__g1__t4,1,4,72,provenance://crystalite/outputs/final report output/relaxed_groups/fixed_film__g1__t4/cifs/sample_00072.cif,True,True,True,True,1.193846178790263,133.35015241223977,13.335015241223976,10,False,True,True,,,2.96958753490746,True,,4.0,fixed_film,fixed_film
fixed_film__g1__t4,1,4,73,provenance://crystalite/outputs/final report output/relaxed_groups/fixed_film__g1__t4/cifs/sample_00073.cif,True,False,True,False,1.7678333741605077,241.80279475827447,15.112674672392156,16,False,True,True,,,3.978825570929,True,,4.0,fixed_film,fixed_film
fixed_film__g1__t4,1,4,74,provenance://crystalite/outputs/final report output/relaxed_groups/fixed_film__g1__t4/cifs/sample_00074.cif,True,True,True,True,1.6464264768471075,28.04047910396036,7.0101197759900895,4,False,True,True,,,3.1935301651821484,True,,4.0,fixed_film,fixed_film
fixed_film__g1__t4,1,4,75,provenance://crystalite/outputs/final report output/relaxed_groups/fixed_film__g1__t4/cifs/sample_00075.cif,True,True,True,True,2.042256071850013,136.07423215529786,17.009279019412233,8,False,True,False,,,2.1566432500803496,True,,4.0,fixed_film,fixed_film
fixed_film__g1__t4,1,4,76,provenance://crystalite/outputs/final report output/relaxed_groups/fixed_film__g1__t4/cifs/sample_00076.cif,True,False,True,False,3.229003882404833,53.82854863918021,26.914274319590103,2,False,True,True,,,8.220532610568517,True,,4.0,fixed_film,fixed_film
fixed_film__g1__t4,1,4,77,provenance://crystalite/outputs/final report output/relaxed_groups/fixed_film__g1__t4/cifs/sample_00077.cif,True,True,True,True,1.993472106592132,155.4507078596671,17.272300873296345,9,False,True,True,,,6.486578032917984,True,,4.0,fixed_film,fixed_film
fixed_film__g1__t4,1,4,78,provenance://crystalite/outputs/final report output/relaxed_groups/fixed_film__g1__t4/cifs/sample_00078.cif,True,False,True,False,1.448686374380241,87.51883870897956,10.939854838622445,8,False,True,True,,,9.454927796859218,True,,4.0,fixed_film,fixed_film
fixed_film__g1__t4,1,4,79,provenance://crystalite/outputs/final report output/relaxed_groups/fixed_film__g1__t4/cifs/sample_00079.cif,True,False,True,False,0.9648010101666674,136.86732992145275,8.554208120090797,16,False,True,True,,,3.054953511179587,True,,4.0,fixed_film,fixed_film
fixed_film__g1__t4,1,4,81,provenance://crystalite/outputs/final report output/relaxed_groups/fixed_film__g1__t4/cifs/sample_00081.cif,True,True,True,True,1.4393849229850728,273.140681661778,13.6570340830889,20,False,True,True,,,3.898500630193929,True,,4.0,fixed_film,fixed_film
fixed_film__g1__t4,1,4,82,provenance://crystalite/outputs/final report output/relaxed_groups/fixed_film__g1__t4/cifs/sample_00082.cif,True,True,True,True,1.746655179461209,77.89955968138142,12.983259946896904,6,False,True,True,,,3.7672425716207,True,,4.0,fixed_film,fixed_film
fixed_film__g1__t4,1,4,83,provenance://crystalite/outputs/final report output/relaxed_groups/fixed_film__g1__t4/cifs/sample_00083.cif,True,False,True,False,0.9680185887617072,103.1381323000719,8.594844358339325,12,False,True,True,,,2.4965248238332864,True,,4.0,fixed_film,fixed_film
fixed_film__g1__t4,1,4,84,provenance://crystalite/outputs/final report output/relaxed_groups/fixed_film__g1__t4/cifs/sample_00084.cif,True,False,True,False,2.970234543994397,826.610447383402,45.92280263241122,18,False,True,True,,,4.026081756807861,True,,4.0,fixed_film,fixed_film
fixed_film__g1__t4,1,4,85,provenance://crystalite/outputs/final report output/relaxed_groups/fixed_film__g1__t4/cifs/sample_00085.cif,True,True,True,True,1.753133648226277,209.66700088298973,17.47225007358248,12,False,True,True,,,2.9701389383013974,True,,4.0,fixed_film,fixed_film
fixed_film__g1__t4,1,4,86,provenance://crystalite/outputs/final report output/relaxed_groups/fixed_film__g1__t4/cifs/sample_00086.cif,True,True,True,True,1.5455188427837523,174.3886559852467,12.456332570374764,14,False,True,True,,,2.652086276804188,True,,4.0,fixed_film,fixed_film
fixed_film__g1__t4,1,4,87,provenance://crystalite/outputs/final report output/relaxed_groups/fixed_film__g1__t4/cifs/sample_00087.cif,True,True,True,True,1.4568788951009597,169.0131526522738,14.084429387689482,12,False,True,True,,,3.4199442356372365,True,,4.0,fixed_film,fixed_film
fixed_film__g1__t4,1,4,88,provenance://crystalite/outputs/final report output/relaxed_groups/fixed_film__g1__t4/cifs/sample_00088.cif,True,True,True,True,1.65889065014561,286.6625916872912,14.33312958436456,20,False,True,True,,,4.566920590207375,True,,4.0,fixed_film,fixed_film
fixed_film__g1__t4,1,4,89,provenance://crystalite/outputs/final report output/relaxed_groups/fixed_film__g1__t4/cifs/sample_00089.cif,True,True,True,True,1.780112726242096,226.94152073071223,14.183845045669514,16,False,True,True,,,5.238199238522388,True,,4.0,fixed_film,fixed_film
fixed_film__g1__t4,1,4,90,provenance://crystalite/outputs/final report output/relaxed_groups/fixed_film__g1__t4/cifs/sample_00090.cif,True,True,True,True,1.6518055096236923,209.33846429437415,14.952747449598156,14,False,True,True,,,2.893091741860057,True,,4.0,fixed_film,fixed_film
fixed_film__g1__t4,1,4,91,provenance://crystalite/outputs/final report output/relaxed_groups/fixed_film__g1__t4/cifs/sample_00091.cif,True,True,True,True,2.54708388835218,80.80575391010828,26.935251303369427,3,False,True,True,,,11.877313863907014,True,,4.0,fixed_film,fixed_film
fixed_film__g1__t4,1,4,92,provenance://crystalite/outputs/final report output/relaxed_groups/fixed_film__g1__t4/cifs/sample_00092.cif,True,False,True,False,2.5103852997844904,96.74087000099196,19.34817400019839,5,False,True,True,,,8.843734752669425,True,,4.0,fixed_film,fixed_film
fixed_film__g1__t4,1,4,93,provenance://crystalite/outputs/final report output/relaxed_groups/fixed_film__g1__t4/cifs/sample_00093.cif,True,False,True,False,2.346616717447847,243.1088094197369,34.72982991710527,7,False,True,True,,,6.603093880887859,True,,4.0,fixed_film,fixed_film
fixed_film__g1__t4,1,4,94,provenance://crystalite/outputs/final report output/relaxed_groups/fixed_film__g1__t4/cifs/sample_00094.cif,True,True,True,True,1.238939070509904,115.57864698650158,11.55786469865016,10,False,True,True,,,4.615629061343158,True,,4.0,fixed_film,fixed_film
fixed_film__g1__t4,1,4,95,provenance://crystalite/outputs/final report output/relaxed_groups/fixed_film__g1__t4/cifs/sample_00095.cif,True,False,True,False,1.7848218263000852,186.59339878070003,11.662087423793752,16,False,True,True,,,3.12396933306348,True,,4.0,fixed_film,fixed_film
fixed_film__g1__t4,1,4,96,provenance://crystalite/outputs/final report output/relaxed_groups/fixed_film__g1__t4/cifs/sample_00096.cif,True,True,True,True,1.4497413059730884,101.22190578706376,16.87031763117729,6,False,True,True,,,3.789111292089311,True,,4.0,fixed_film,fixed_film
fixed_film__g1__t4,1,4,97,provenance://crystalite/outputs/final report output/relaxed_groups/fixed_film__g1__t4/cifs/sample_00097.cif,True,True,True,True,1.905536236504368,297.21248537410554,15.642762388110818,19,False,True,True,,,4.307100032764103,True,,4.0,fixed_film,fixed_film
fixed_film__g1__t4,1,4,98,provenance://crystalite/outputs/final report output/relaxed_groups/fixed_film__g1__t4/cifs/sample_00098.cif,True,True,True,True,1.006746323499481,183.5384173150443,10.196578739724684,18,False,True,True,,,3.7234407347702825,True,,4.0,fixed_film,fixed_film
fixed_film__g1__t4,1,4,99,provenance://crystalite/outputs/final report output/relaxed_groups/fixed_film__g1__t4/cifs/sample_00099.cif,True,True,True,True,1.5024229936229847,306.628352052883,17.03490844738239,18,False,True,True,,,2.416044868264224,True,,4.0,fixed_film,fixed_film
fixed_film__g1__t4,1,4,100,provenance://crystalite/outputs/final report output/relaxed_groups/fixed_film__g1__t4/cifs/sample_00100.cif,True,False,True,False,2.597534957752204,170.0492578212244,24.29275111731777,7,False,True,True,,,3.008023613535339,True,,4.0,fixed_film,fixed_film
fixed_film__g1__t4,1,4,101,provenance://crystalite/outputs/final report output/relaxed_groups/fixed_film__g1__t4/cifs/sample_00101.cif,True,True,True,True,1.8641686476902328,89.61983044998027,11.202478806247534,8,False,True,True,,,9.5776961952859,True,,4.0,fixed_film,fixed_film
fixed_film__g1__t4,1,4,102,provenance://crystalite/outputs/final report output/relaxed_groups/fixed_film__g1__t4/cifs/sample_00102.cif,True,True,True,True,1.3572188781198584,130.37651568954692,10.864709640795576,12,False,True,True,,,2.6978336858041363,True,,4.0,fixed_film,fixed_film
fixed_film__g1__t4,1,4,103,provenance://crystalite/outputs/final report output/relaxed_groups/fixed_film__g1__t4/cifs/sample_00103.cif,True,True,True,True,1.7003821371027068,225.5763808573468,11.27881904286734,20,False,True,True,,,5.158345942002666,True,,4.0,fixed_film,fixed_film
fixed_film__g1__t4,1,4,104,provenance://crystalite/outputs/final report output/relaxed_groups/fixed_film__g1__t4/cifs/sample_00104.cif,True,True,True,True,1.435735813715277,191.8577041561701,15.988142013014174,12,False,True,True,,,2.926981542017787,True,,4.0,fixed_film,fixed_film
fixed_film__g1__t4,1,4,105,provenance://crystalite/outputs/final report output/relaxed_groups/fixed_film__g1__t4/cifs/sample_00105.cif,True,True,True,True,2.082465092418623,71.81631170362442,23.93877056787481,3,False,True,False,,,2.4621513616147053,True,,4.0,fixed_film,fixed_film
fixed_film__g1__t4,1,4,106,provenance://crystalite/outputs/final report output/relaxed_groups/fixed_film__g1__t4/cifs/sample_00106.cif,True,False,True,False,2.327813542768508,269.18905850726054,19.227789893375757,14,False,True,True,,,4.871258271537802,True,,4.0,fixed_film,fixed_film
fixed_film__g1__t4,1,4,107,provenance://crystalite/outputs/final report output/relaxed_groups/fixed_film__g1__t4/cifs/sample_00107.cif,True,False,True,False,2.7622435422710097,374.300523677423,28.79234797518638,13,False,True,True,,,3.3755999897334377,True,,4.0,fixed_film,fixed_film
fixed_film__g1__t4,1,4,108,provenance://crystalite/outputs/final report output/relaxed_groups/fixed_film__g1__t4/cifs/sample_00108.cif,True,True,True,True,2.112483089931918,157.07035991286136,13.089196659405111,12,False,True,True,,,3.0241696724763467,True,,4.0,fixed_film,fixed_film
fixed_film__g1__t4,1,4,109,provenance://crystalite/outputs/final report output/relaxed_groups/fixed_film__g1__t4/cifs/sample_00109.cif,True,True,True,True,1.9182904776938343,223.2842963844152,12.404683132467513,18,False,True,True,,,6.001390725225505,True,,4.0,fixed_film,fixed_film
fixed_film__g1__t4,1,4,110,provenance://crystalite/outputs/final report output/relaxed_groups/fixed_film__g1__t4/cifs/sample_00110.cif,True,True,True,True,1.8806709341789405,157.77527111447344,11.269662222462388,14,False,True,True,,,5.020836715676143,True,,4.0,fixed_film,fixed_film
fixed_film__g1__t4,1,4,111,provenance://crystalite/outputs/final report output/relaxed_groups/fixed_film__g1__t4/cifs/sample_00111.cif,True,True,True,True,0.9828983531937098,71.80465099255798,8.975581374069748,8,False,True,True,,,5.717841585546849,True,,4.0,fixed_film,fixed_film
fixed_film__g1__t4,1,4,112,provenance://crystalite/outputs/final report output/relaxed_groups/fixed_film__g1__t4/cifs/sample_00112.cif,True,False,True,False,1.87814810094664,69.67234195699915,13.934468391399829,5,False,True,True,,,4.807456619384602,True,,4.0,fixed_film,fixed_film
fixed_film__g1__t4,1,4,113,provenance://crystalite/outputs/final report output/relaxed_groups/fixed_film__g1__t4/cifs/sample_00113.cif,True,True,True,True,1.644166785559095,161.95821450560572,20.24477681320072,8,False,True,True,,,2.837275637974278,True,,4.0,fixed_film,fixed_film
fixed_film__g1__t4,1,4,114,provenance://crystalite/outputs/final report output/relaxed_groups/fixed_film__g1__t4/cifs/sample_00114.cif,True,True,True,True,2.0030879315963643,207.5842590652188,14.827447076087058,14,False,True,True,,,4.505499211447705,True,,4.0,fixed_film,fixed_film
fixed_film__g1__t4,1,4,115,provenance://crystalite/outputs/final report output/relaxed_groups/fixed_film__g1__t4/cifs/sample_00115.cif,True,False,True,False,2.5152256938129955,324.11471163497174,27.00955930291431,12,False,True,True,,,9.840286134148158,True,,4.0,fixed_film,fixed_film
fixed_film__g1__t4,1,4,116,provenance://crystalite/outputs/final report output/relaxed_groups/fixed_film__g1__t4/cifs/sample_00116.cif,True,True,True,True,1.2460265293398358,171.76002581337036,21.47000322667129,8,False,True,True,,,3.127695604148682,True,,4.0,fixed_film,fixed_film
fixed_film__g1__t4,1,4,117,provenance://crystalite/outputs/final report output/relaxed_groups/fixed_film__g1__t4/cifs/sample_00117.cif,True,False,True,False,1.6425762121558476,902.9196249340946,53.11291911377027,17,False,True,True,,,4.0505246367145,True,,4.0,fixed_film,fixed_film
fixed_film__g1__t4,1,4,118,provenance://crystalite/outputs/final report output/relaxed_groups/fixed_film__g1__t4/cifs/sample_00118.cif,True,True,True,True,2.06594526652354,250.82263950314888,12.541131975157445,20,False,True,True,,,5.967715204966756,True,,4.0,fixed_film,fixed_film
fixed_film__g1__t4,1,4,119,provenance://crystalite/outputs/final report output/relaxed_groups/fixed_film__g1__t4/cifs/sample_00119.cif,True,True,True,True,1.2591594263939403,340.4963381027539,17.024816905137694,20,False,True,True,,,4.749990739997675,True,,4.0,fixed_film,fixed_film
fixed_film__g1__t4,1,4,120,provenance://crystalite/outputs/final report output/relaxed_groups/fixed_film__g1__t4/cifs/sample_00120.cif,True,True,True,True,1.4892706426126183,241.01334940163156,12.050667470081576,20,False,True,True,,,2.451976577064349,True,,4.0,fixed_film,fixed_film
fixed_film__g1__t4,1,4,121,provenance://crystalite/outputs/final report output/relaxed_groups/fixed_film__g1__t4/cifs/sample_00121.cif,True,False,True,False,1.112076046496654,286.47787691926027,22.036759763020022,13,False,True,True,,,1.93085974302796,True,,4.0,fixed_film,fixed_film
fixed_film__g1__t4,1,4,122,provenance://crystalite/outputs/final report output/relaxed_groups/fixed_film__g1__t4/cifs/sample_00122.cif,True,True,True,True,1.380147536062788,193.62171392558884,10.756761884754937,18,False,True,True,,,2.873569890375921,True,,4.0,fixed_film,fixed_film
fixed_film__g1__t4,1,4,123,provenance://crystalite/outputs/final report output/relaxed_groups/fixed_film__g1__t4/cifs/sample_00123.cif,True,True,True,True,2.018118928778648,318.55856070847534,31.855856070847533,10,False,True,True,,,6.006867422742226,True,,4.0,fixed_film,fixed_film
fixed_film__g1__t4,1,4,125,provenance://crystalite/outputs/final report output/relaxed_groups/fixed_film__g1__t4/cifs/sample_00125.cif,True,True,True,True,1.997286999384666,780.4547412627,39.02273706313501,20,False,True,True,,,2.6555675720844665,True,,4.0,fixed_film,fixed_film
fixed_film__g1__t4,1,4,126,provenance://crystalite/outputs/final report output/relaxed_groups/fixed_film__g1__t4/cifs/sample_00126.cif,True,True,True,True,2.296379738714353,533.8015223983136,41.06165556910105,13,False,True,True,,,2.450742392378473,True,,4.0,fixed_film,fixed_film
fixed_film__g1__t4,1,4,127,provenance://crystalite/outputs/final report output/relaxed_groups/fixed_film__g1__t4/cifs/sample_00127.cif,True,True,True,True,1.26225180959776,203.14257034868444,20.314257034868444,10,False,True,True,,,2.722754396652306,True,,4.0,fixed_film,fixed_film
fixed_film__g1__t8,1,8,0,provenance://crystalite/outputs/final report output/relaxed_groups/fixed_film__g1__t8/cifs/sample_00000.cif,True,True,True,True,2.9737395460172467,107.95149808863142,26.987874522157856,4,True,True,True,,,16.886374374997846,True,,8.0,fixed_film,fixed_film
fixed_film__g1__t8,1,8,1,provenance://crystalite/outputs/final report output/relaxed_groups/fixed_film__g1__t8/cifs/sample_00001.cif,True,False,True,False,1.3491291545241186,253.96228850236164,12.698114425118082,20,False,True,True,,,4.569152384905433,True,,8.0,fixed_film,fixed_film
fixed_film__g1__t8,1,8,2,provenance://crystalite/outputs/final report output/relaxed_groups/fixed_film__g1__t8/cifs/sample_00002.cif,True,False,True,False,2.412590274619646,255.64543528478708,31.955679410598385,8,False,True,True,,,8.059781672927548,True,,8.0,fixed_film,fixed_film
fixed_film__g1__t8,1,8,3,provenance://crystalite/outputs/final report output/relaxed_groups/fixed_film__g1__t8/cifs/sample_00003.cif,True,False,True,False,1.6847526852430126,156.9039499208384,19.6129937401048,8,False,True,True,,,7.172593520118238,True,,8.0,fixed_film,fixed_film
fixed_film__g1__t8,1,8,4,provenance://crystalite/outputs/final report output/relaxed_groups/fixed_film__g1__t8/cifs/sample_00004.cif,True,True,True,True,3.5517928187850005,64.0212307089368,32.0106153544684,2,True,True,True,,,11.813299980001569,True,,8.0,fixed_film,fixed_film
fixed_film__g1__t8,1,8,5,provenance://crystalite/outputs/final report output/relaxed_groups/fixed_film__g1__t8/cifs/sample_00005.cif,True,False,True,False,1.7289373490662028,257.0631054401669,16.06644409001043,16,False,True,True,,,5.910951784589888,True,,8.0,fixed_film,fixed_film
fixed_film__g1__t8,1,8,6,provenance://crystalite/outputs/final report output/relaxed_groups/fixed_film__g1__t8/cifs/sample_00006.cif,True,True,True,True,1.832892660210586,178.08743042655345,22.26092880331918,8,False,True,True,,,1.934209788963108,True,,8.0,fixed_film,fixed_film
fixed_film__g1__t8,1,8,7,provenance://crystalite/outputs/final report output/relaxed_groups/fixed_film__g1__t8/cifs/sample_00007.cif,True,True,True,True,1.3470577114937203,195.98558653839245,13.998970467028032,14,False,True,True,,,3.159152066679987,True,,8.0,fixed_film,fixed_film
fixed_film__g1__t8,1,8,8,provenance://crystalite/outputs/final report output/relaxed_groups/fixed_film__g1__t8/cifs/sample_00008.cif,True,True,True,True,1.443927867224904,116.14809861767644,9.679008218139703,12,False,True,True,,,2.9189502426092866,True,,8.0,fixed_film,fixed_film
fixed_film__g1__t8,1,8,9,provenance://crystalite/outputs/final report output/relaxed_groups/fixed_film__g1__t8/cifs/sample_00009.cif,True,True,True,True,1.8481759182498312,86.85629252577705,10.857036565722131,8,False,True,True,,,8.821074950130358,True,,8.0,fixed_film,fixed_film
fixed_film__g1__t8,1,8,10,provenance://crystalite/outputs/final report output/relaxed_groups/fixed_film__g1__t8/cifs/sample_00010.cif,True,False,True,False,2.356333613524848,377.8765165446287,31.489709712052388,12,False,True,True,,,8.359122288884317,True,,8.0,fixed_film,fixed_film
fixed_film__g1__t8,1,8,11,provenance://crystalite/outputs/final report output/relaxed_groups/fixed_film__g1__t8/cifs/sample_00011.cif,True,False,True,False,1.6767951841820057,210.53841437976672,11.696578576653708,18,False,True,True,,,5.706674780886392,True,,8.0,fixed_film,fixed_film
fixed_film__g1__t8,1,8,12,provenance://crystalite/outputs/final report output/relaxed_groups/fixed_film__g1__t8/cifs/sample_00012.cif,True,True,True,True,2.5940120129372453,368.4899685490574,36.848996854905735,10,False,True,True,,,11.225136586888894,True,,8.0,fixed_film,fixed_film
fixed_film__g1__t8,1,8,13,provenance://crystalite/outputs/final report output/relaxed_groups/fixed_film__g1__t8/cifs/sample_00013.cif,True,True,True,True,1.6284937893588152,202.44723268665743,16.87060272388812,12,False,True,True,,,2.623844671644181,True,,8.0,fixed_film,fixed_film
fixed_film__g1__t8,1,8,14,provenance://crystalite/outputs/final report output/relaxed_groups/fixed_film__g1__t8/cifs/sample_00014.cif,True,False,True,False,2.4414238680782963,317.59343473475724,26.46611956122977,12,False,True,True,,,10.953991849231375,True,,8.0,fixed_film,fixed_film
fixed_film__g1__t8,1,8,15,provenance://crystalite/outputs/final report output/relaxed_groups/fixed_film__g1__t8/cifs/sample_00015.cif,True,True,True,True,2.7933892903648845,114.59620301081104,38.198734336937015,3,False,True,True,,,15.561427683603211,True,,8.0,fixed_film,fixed_film
fixed_film__g1__t8,1,8,16,provenance://crystalite/outputs/final report output/relaxed_groups/fixed_film__g1__t8/cifs/sample_00016.cif,True,True,True,True,1.7799427780415222,377.9889889455407,20.99938827475226,18,False,True,True,,,5.379867606230334,True,,8.0,fixed_film,fixed_film
fixed_film__g1__t8,1,8,17,provenance://crystalite/outputs/final report output/relaxed_groups/fixed_film__g1__t8/cifs/sample_00017.cif,True,True,True,True,1.650675647046116,107.2981402716231,13.412267533952887,8,False,True,True,,,4.911840026632167,True,,8.0,fixed_film,fixed_film
fixed_film__g1__t8,1,8,18,provenance://crystalite/outputs/final report output/relaxed_groups/fixed_film__g1__t8/cifs/sample_00018.cif,True,True,True,True,2.9565802158319903,52.45552926472337,26.227764632361684,2,False,True,False,,,5.692307508101286,True,,8.0,fixed_film,fixed_film
fixed_film__g1__t8,1,8,19,provenance://crystalite/outputs/final report output/relaxed_groups/fixed_film__g1__t8/cifs/sample_00019.cif,True,False,True,False,3.024237583905461,534.4110474376071,53.441104743760704,10,False,True,True,,,6.157868173342614,True,,8.0,fixed_film,fixed_film
fixed_film__g1__t8,1,8,20,provenance://crystalite/outputs/final report output/relaxed_groups/fixed_film__g1__t8/cifs/sample_00020.cif,True,True,True,True,2.469032345962518,119.99734210382756,23.999468420765517,5,False,True,True,,,8.219410097145653,True,,8.0,fixed_film,fixed_film
fixed_film__g1__t8,1,8,21,provenance://crystalite/outputs/final report output/relaxed_groups/fixed_film__g1__t8/cifs/sample_00021.cif,True,True,True,True,1.7085946026141714,301.3287518790344,15.06643759395172,20,False,True,True,,,3.401593775477729,True,,8.0,fixed_film,fixed_film
fixed_film__g1__t8,1,8,22,provenance://crystalite/outputs/final report output/relaxed_groups/fixed_film__g1__t8/cifs/sample_00022.cif,True,True,True,True,1.4900048263437329,361.2306553711389,25.802189669367067,14,False,True,True,,,2.4121465136248657,True,,8.0,fixed_film,fixed_film
fixed_film__g1__t8,1,8,23,provenance://crystalite/outputs/final report output/relaxed_groups/fixed_film__g1__t8/cifs/sample_00023.cif,True,True,True,True,1.6056772600519482,105.31916222165404,11.702129135739336,9,False,True,False,,,4.478355704107735,True,,8.0,fixed_film,fixed_film
fixed_film__g1__t8,1,8,24,provenance://crystalite/outputs/final report output/relaxed_groups/fixed_film__g1__t8/cifs/sample_00024.cif,True,True,True,True,2.2797144922714137,287.2297900669384,28.72297900669384,10,False,True,True,,,3.8291352738106745,True,,8.0,fixed_film,fixed_film
fixed_film__g1__t8,1,8,25,provenance://crystalite/outputs/final report output/relaxed_groups/fixed_film__g1__t8/cifs/sample_00025.cif,True,False,True,False,0.7539398393080065,211.75961227410065,13.234975767131289,16,False,True,True,,,2.713958230041142,True,,8.0,fixed_film,fixed_film
fixed_film__g1__t8,1,8,26,provenance://crystalite/outputs/final report output/relaxed_groups/fixed_film__g1__t8/cifs/sample_00026.cif,True,False,True,False,0.9804513178396844,532.1742106175066,26.608710530875328,20,False,True,True,,,7.465242621371966,True,,8.0,fixed_film,fixed_film
fixed_film__g1__t8,1,8,27,provenance://crystalite/outputs/final report output/relaxed_groups/fixed_film__g1__t8/cifs/sample_00027.cif,True,False,True,False,2.515316536322429,272.54723473710067,34.06840434213758,8,False,True,True,,,8.916167992770992,True,,8.0,fixed_film,fixed_film
fixed_film__g1__t8,1,8,28,provenance://crystalite/outputs/final report output/relaxed_groups/fixed_film__g1__t8/cifs/sample_00028.cif,True,False,True,False,2.1029631792613817,242.94125988397468,15.183828742748418,16,False,True,True,,,4.990972128805335,True,,8.0,fixed_film,fixed_film
fixed_film__g1__t8,1,8,29,provenance://crystalite/outputs/final report output/relaxed_groups/fixed_film__g1__t8/cifs/sample_00029.cif,True,True,True,True,1.886183822321992,158.4484435346299,9.903027720914368,16,False,True,True,,,7.053656911673332,True,,8.0,fixed_film,fixed_film
fixed_film__g1__t8,1,8,30,provenance://crystalite/outputs/final report output/relaxed_groups/fixed_film__g1__t8/cifs/sample_00030.cif,True,True,True,True,1.6926407153232708,195.87655905643456,12.24228494102716,16,False,True,True,,,4.657648062148258,True,,8.0,fixed_film,fixed_film
fixed_film__g1__t8,1,8,31,provenance://crystalite/outputs/final report output/relaxed_groups/fixed_film__g1__t8/cifs/sample_00031.cif,True,False,True,False,2.694966585160273,124.37607425295154,24.875214850590307,5,False,True,True,,,16.18477531136106,True,,8.0,fixed_film,fixed_film
fixed_film__g1__t8,1,8,32,provenance://crystalite/outputs/final report output/relaxed_groups/fixed_film__g1__t8/cifs/sample_00032.cif,True,True,True,True,1.3932282232404474,367.2612005079471,20.40340002821928,18,False,True,True,,,4.422062558578626,True,,8.0,fixed_film,fixed_film
fixed_film__g1__t8,1,8,33,provenance://crystalite/outputs/final report output/relaxed_groups/fixed_film__g1__t8/cifs/sample_00033.cif,True,True,True,True,1.872622701289317,180.8848207422729,15.073735061856071,12,False,True,True,,,4.436709706396651,True,,8.0,fixed_film,fixed_film
fixed_film__g1__t8,1,8,34,provenance://crystalite/outputs/final report output/relaxed_groups/fixed_film__g1__t8/cifs/sample_00034.cif,True,False,True,False,2.3910305781841945,467.3519686498986,35.950151434607584,13,False,True,True,,,12.546366768234051,True,,8.0,fixed_film,fixed_film
fixed_film__g1__t8,1,8,35,provenance://crystalite/outputs/final report output/relaxed_groups/fixed_film__g1__t8/cifs/sample_00035.cif,True,True,True,True,2.4723666553419426,170.9598039038774,24.422829129125343,7,False,True,True,,,9.512331083408371,True,,8.0,fixed_film,fixed_film
fixed_film__g1__t8,1,8,36,provenance://crystalite/outputs/final report output/relaxed_groups/fixed_film__g1__t8/cifs/sample_00036.cif,True,True,True,True,2.004965082036208,361.82638057209664,20.1014655873387,18,False,True,True,,,5.113632241940421,True,,8.0,fixed_film,fixed_film
fixed_film__g1__t8,1,8,37,provenance://crystalite/outputs/final report output/relaxed_groups/fixed_film__g1__t8/cifs/sample_00037.cif,True,True,True,True,2.060550879497125,224.380327668157,14.023770479259811,16,False,True,True,,,13.443194913923216,True,,8.0,fixed_film,fixed_film
fixed_film__g1__t8,1,8,38,provenance://crystalite/outputs/final report output/relaxed_groups/fixed_film__g1__t8/cifs/sample_00038.cif,True,True,True,True,1.243808020031376,172.14630808473677,14.345525673728062,12,False,True,True,,,3.2115006961426555,True,,8.0,fixed_film,fixed_film
fixed_film__g1__t8,1,8,39,provenance://crystalite/outputs/final report output/relaxed_groups/fixed_film__g1__t8/cifs/sample_00039.cif,True,True,True,True,2.138689584527551,372.4221790050038,23.276386187812736,16,False,True,True,,,8.30114909448039,True,,8.0,fixed_film,fixed_film
fixed_film__g1__t8,1,8,40,provenance://crystalite/outputs/final report output/relaxed_groups/fixed_film__g1__t8/cifs/sample_00040.cif,True,True,True,True,2.580841356625833,34.90932638744334,17.45466319372167,2,False,True,True,,,7.056529084993346,True,,8.0,fixed_film,fixed_film
fixed_film__g1__t8,1,8,41,provenance://crystalite/outputs/final report output/relaxed_groups/fixed_film__g1__t8/cifs/sample_00041.cif,True,True,True,True,2.660762051308401,146.06421738390495,29.21284347678099,5,True,True,True,,,10.166144732206938,True,,8.0,fixed_film,fixed_film
fixed_film__g1__t8,1,8,42,provenance://crystalite/outputs/final report output/relaxed_groups/fixed_film__g1__t8/cifs/sample_00042.cif,True,True,True,True,1.6930225547195212,213.73456769118147,13.358410480698842,16,False,True,True,,,2.8934240975433947,True,,8.0,fixed_film,fixed_film
fixed_film__g1__t8,1,8,43,provenance://crystalite/outputs/final report output/relaxed_groups/fixed_film__g1__t8/cifs/sample_00043.cif,True,True,True,True,1.8610336781535672,118.14650130817346,11.814650130817345,10,False,True,True,,,7.662992184396451,True,,8.0,fixed_film,fixed_film
fixed_film__g1__t8,1,8,44,provenance://crystalite/outputs/final report output/relaxed_groups/fixed_film__g1__t8/cifs/sample_00044.cif,True,False,True,False,2.6302057219705364,304.72666528810663,30.472666528810663,10,False,True,True,,,11.922377522256776,True,,8.0,fixed_film,fixed_film
fixed_film__g1__t8,1,8,45,provenance://crystalite/outputs/final report output/relaxed_groups/fixed_film__g1__t8/cifs/sample_00045.cif,True,True,True,True,1.827776673034748,89.28823193034475,14.881371988390791,6,False,True,True,,,4.007021428496489,True,,8.0,fixed_film,fixed_film
fixed_film__g1__t8,1,8,46,provenance://crystalite/outputs/final report output/relaxed_groups/fixed_film__g1__t8/cifs/sample_00046.cif,True,True,True,True,1.5033834777772217,149.43022825789285,13.584566205262986,11,False,True,True,,,3.820442270953034,True,,8.0,fixed_film,fixed_film
fixed_film__g1__t8,1,8,47,provenance://crystalite/outputs/final report output/relaxed_groups/fixed_film__g1__t8/cifs/sample_00047.cif,True,True,True,True,1.5765013561339982,179.8361213991595,14.98634344992996,12,False,True,True,,,4.077488836886512,True,,8.0,fixed_film,fixed_film
fixed_film__g1__t8,1,8,48,provenance://crystalite/outputs/final report output/relaxed_groups/fixed_film__g1__t8/cifs/sample_00048.cif,True,True,True,True,2.612475119669464,188.96404054363776,23.62050506795472,8,False,True,True,,,12.477514992807968,True,,8.0,fixed_film,fixed_film
fixed_film__g1__t8,1,8,49,provenance://crystalite/outputs/final report output/relaxed_groups/fixed_film__g1__t8/cifs/sample_00049.cif,True,True,True,True,2.2377091813818533,165.42169627079286,20.677712033849108,8,False,True,True,,,11.6500418874248,True,,8.0,fixed_film,fixed_film
fixed_film__g1__t8,1,8,50,provenance://crystalite/outputs/final report output/relaxed_groups/fixed_film__g1__t8/cifs/sample_00050.cif,True,True,True,True,2.310913352990031,201.7434737815638,16.81195614846365,12,False,True,True,,,15.168068436849312,True,,8.0,fixed_film,fixed_film
fixed_film__g1__t8,1,8,51,provenance://crystalite/outputs/final report output/relaxed_groups/fixed_film__g1__t8/cifs/sample_00051.cif,True,True,True,True,2.336702177407384,166.85144512888638,18.539049458765152,9,False,True,True,,,17.60443432993478,True,,8.0,fixed_film,fixed_film
fixed_film__g1__t8,1,8,52,provenance://crystalite/outputs/final report output/relaxed_groups/fixed_film__g1__t8/cifs/sample_00052.cif,True,True,True,True,2.2779352035555216,307.3531981705136,27.94119983368305,11,False,True,True,,,6.689989023500871,True,,8.0,fixed_film,fixed_film
fixed_film__g1__t8,1,8,53,provenance://crystalite/outputs/final report output/relaxed_groups/fixed_film__g1__t8/cifs/sample_00053.cif,True,True,True,True,1.177299507148445,352.9408045868833,19.607822477049076,18,False,True,True,,,2.141643183258148,True,,8.0,fixed_film,fixed_film
fixed_film__g1__t8,1,8,54,provenance://crystalite/outputs/final report output/relaxed_groups/fixed_film__g1__t8/cifs/sample_00054.cif,True,True,True,True,1.814313450020264,189.93921493339343,10.552178607410749,18,False,True,True,,,6.98983793785012,True,,8.0,fixed_film,fixed_film
fixed_film__g1__t8,1,8,55,provenance://crystalite/outputs/final report output/relaxed_groups/fixed_film__g1__t8/cifs/sample_00055.cif,True,True,True,True,3.22002137991543,444.0628140055717,37.00523450046431,12,False,True,True,,,3.407779410109764,True,,8.0,fixed_film,fixed_film
fixed_film__g1__t8,1,8,56,provenance://crystalite/outputs/final report output/relaxed_groups/fixed_film__g1__t8/cifs/sample_00056.cif,True,True,True,True,2.6567866494538217,105.8767385462002,26.469184636550047,4,False,True,True,,,9.309581592984893,True,,8.0,fixed_film,fixed_film
fixed_film__g1__t8,1,8,57,provenance://crystalite/outputs/final report output/relaxed_groups/fixed_film__g1__t8/cifs/sample_00057.cif,True,True,True,True,2.626015775313037,101.23324828136352,20.246649656272705,5,True,True,True,,,24.894708400712734,True,,8.0,fixed_film,fixed_film
fixed_film__g1__t8,1,8,58,provenance://crystalite/outputs/final report output/relaxed_groups/fixed_film__g1__t8/cifs/sample_00058.cif,True,False,True,False,2.3652336639078366,692.0443085194986,38.44690602886104,18,False,True,True,,,7.670177208785557,True,,8.0,fixed_film,fixed_film
fixed_film__g1__t8,1,8,59,provenance://crystalite/outputs/final report output/relaxed_groups/fixed_film__g1__t8/cifs/sample_00059.cif,True,False,True,False,2.1697122922703627,420.7028061014166,38.24570964558333,11,False,True,True,,,6.271317068594211,True,,8.0,fixed_film,fixed_film
fixed_film__g1__t8,1,8,60,provenance://crystalite/outputs/final report output/relaxed_groups/fixed_film__g1__t8/cifs/sample_00060.cif,True,True,True,True,3.0438564892799804,88.69039944581806,22.172599861454515,4,True,True,True,,,10.297358993228658,True,,8.0,fixed_film,fixed_film
fixed_film__g1__t8,1,8,61,provenance://crystalite/outputs/final report output/relaxed_groups/fixed_film__g1__t8/cifs/sample_00061.cif,True,True,True,True,2.001359843562747,480.1726762610104,34.298048304357884,14,False,True,True,,,3.376851932437878,True,,8.0,fixed_film,fixed_film
fixed_film__g1__t8,1,8,62,provenance://crystalite/outputs/final report output/relaxed_groups/fixed_film__g1__t8/cifs/sample_00062.cif,True,True,True,True,2.663705147589169,300.40970410069446,27.30997310006313,11,False,True,True,,,12.215877572653412,True,,8.0,fixed_film,fixed_film
fixed_film__g1__t8,1,8,63,provenance://crystalite/outputs/final report output/relaxed_groups/fixed_film__g1__t8/cifs/sample_00063.cif,True,False,True,False,1.9188411756236683,239.27990454316412,26.58665606035157,9,False,True,True,,,7.204367282298045,True,,8.0,fixed_film,fixed_film
fixed_film__g1__t8,1,8,64,provenance://crystalite/outputs/final report output/relaxed_groups/fixed_film__g1__t8/cifs/sample_00064.cif,True,True,True,True,2.2239628335771,168.16140687484022,24.023058124977176,7,False,True,True,,,12.73610731014765,True,,8.0,fixed_film,fixed_film
fixed_film__g1__t8,1,8,65,provenance://crystalite/outputs/final report output/relaxed_groups/fixed_film__g1__t8/cifs/sample_00065.cif,True,True,True,True,2.020464299676038,125.47738301962784,20.91289716993797,6,False,True,True,,,4.284611813936583,True,,8.0,fixed_film,fixed_film
fixed_film__g1__t8,1,8,66,provenance://crystalite/outputs/final report output/relaxed_groups/fixed_film__g1__t8/cifs/sample_00066.cif,True,True,True,True,2.227021411319756,408.1668728027007,20.40834364013504,20,False,True,True,,,7.020699727196984,True,,8.0,fixed_film,fixed_film
fixed_film__g1__t8,1,8,67,provenance://crystalite/outputs/final report output/relaxed_groups/fixed_film__g1__t8/cifs/sample_00067.cif,True,False,True,False,1.8509096062522672,193.91198745222349,16.15933228768529,12,False,True,True,,,3.97929195810784,True,,8.0,fixed_film,fixed_film
fixed_film__g1__t8,1,8,68,provenance://crystalite/outputs/final report output/relaxed_groups/fixed_film__g1__t8/cifs/sample_00068.cif,True,True,True,True,2.436558803636805,72.66439337517035,18.166098343792587,4,False,True,True,,,8.762575794018074,True,,8.0,fixed_film,fixed_film
fixed_film__g1__t8,1,8,69,provenance://crystalite/outputs/final report output/relaxed_groups/fixed_film__g1__t8/cifs/sample_00069.cif,True,True,True,True,1.5238498432395124,265.7992173199477,13.289960865997385,20,False,True,True,,,2.980363371691803,True,,8.0,fixed_film,fixed_film
fixed_film__g1__t8,1,8,70,provenance://crystalite/outputs/final report output/relaxed_groups/fixed_film__g1__t8/cifs/sample_00070.cif,True,True,True,True,1.6794218644273513,194.90346931340665,10.82797051741148,18,False,True,True,,,5.022867132627244,True,,8.0,fixed_film,fixed_film
fixed_film__g1__t8,1,8,71,provenance://crystalite/outputs/final report output/relaxed_groups/fixed_film__g1__t8/cifs/sample_00071.cif,True,False,True,False,2.708546001774447,203.5353875872946,33.922564597882435,6,False,True,True,,,12.409052293966251,True,,8.0,fixed_film,fixed_film
fixed_film__g1__t8,1,8,72,provenance://crystalite/outputs/final report output/relaxed_groups/fixed_film__g1__t8/cifs/sample_00072.cif,True,True,True,True,1.4619847581495586,147.5660770455563,14.75660770455563,10,False,True,True,,,4.614343634226056,True,,8.0,fixed_film,fixed_film
fixed_film__g1__t8,1,8,73,provenance://crystalite/outputs/final report output/relaxed_groups/fixed_film__g1__t8/cifs/sample_00073.cif,True,True,True,True,1.6416815093461712,304.15459758755424,19.00966234922214,16,False,True,True,,,5.526372239728119,True,,8.0,fixed_film,fixed_film
fixed_film__g1__t8,1,8,74,provenance://crystalite/outputs/final report output/relaxed_groups/fixed_film__g1__t8/cifs/sample_00074.cif,True,True,True,True,3.047670761552547,110.96825779452546,27.742064448631364,4,True,True,True,,,14.754831391982592,True,,8.0,fixed_film,fixed_film
fixed_film__g1__t8,1,8,75,provenance://crystalite/outputs/final report output/relaxed_groups/fixed_film__g1__t8/cifs/sample_00075.cif,True,False,True,False,2.3478126324156467,264.0023193745783,33.00028992182229,8,False,True,True,,,5.889124847355412,True,,8.0,fixed_film,fixed_film
fixed_film__g1__t8,1,8,76,provenance://crystalite/outputs/final report output/relaxed_groups/fixed_film__g1__t8/cifs/sample_00076.cif,True,True,True,True,3.2111576045098804,52.78620665591062,26.39310332795531,2,True,True,True,,,17.48347072012233,True,,8.0,fixed_film,fixed_film
fixed_film__g1__t8,1,8,77,provenance://crystalite/outputs/final report output/relaxed_groups/fixed_film__g1__t8/cifs/sample_00077.cif,True,False,True,False,2.161471302356824,180.64487553196275,20.071652836884752,9,False,True,True,,,8.800997394140715,True,,8.0,fixed_film,fixed_film
fixed_film__g1__t8,1,8,78,provenance://crystalite/outputs/final report output/relaxed_groups/fixed_film__g1__t8/cifs/sample_00078.cif,True,True,True,True,2.2983613306223702,218.05829718791549,27.25728714848944,8,False,True,True,,,3.857591761661798,True,,8.0,fixed_film,fixed_film
fixed_film__g1__t8,1,8,79,provenance://crystalite/outputs/final report output/relaxed_groups/fixed_film__g1__t8/cifs/sample_00079.cif,True,True,True,True,1.5503184563464114,170.6690492200601,10.666815576253756,16,False,True,True,,,3.4212057525313484,True,,8.0,fixed_film,fixed_film
fixed_film__g1__t8,1,8,80,provenance://crystalite/outputs/final report output/relaxed_groups/fixed_film__g1__t8/cifs/sample_00080.cif,True,True,True,True,2.331272819983285,265.20229934065134,26.52022993406513,10,False,True,True,,,6.648517951873477,True,,8.0,fixed_film,fixed_film
fixed_film__g1__t8,1,8,81,provenance://crystalite/outputs/final report output/relaxed_groups/fixed_film__g1__t8/cifs/sample_00081.cif,True,True,True,True,1.951753647932968,272.5713266140297,13.628566330701483,20,False,True,True,,,6.050794698733729,True,,8.0,fixed_film,fixed_film
fixed_film__g1__t8,1,8,82,provenance://crystalite/outputs/final report output/relaxed_groups/fixed_film__g1__t8/cifs/sample_00082.cif,True,True,True,True,1.874723214938728,84.23293006950036,14.03882167825006,6,False,True,True,,,5.425985249029158,True,,8.0,fixed_film,fixed_film
fixed_film__g1__t8,1,8,83,provenance://crystalite/outputs/final report output/relaxed_groups/fixed_film__g1__t8/cifs/sample_00083.cif,True,True,True,True,1.9539524500426628,218.26592508331012,18.188827090275847,12,False,True,True,,,4.834046498541822,True,,8.0,fixed_film,fixed_film
fixed_film__g1__t8,1,8,84,provenance://crystalite/outputs/final report output/relaxed_groups/fixed_film__g1__t8/cifs/sample_00084.cif,True,False,True,False,2.232043893632778,508.4502636201631,28.24723686778684,18,False,True,True,,,5.480976313679979,True,,8.0,fixed_film,fixed_film
fixed_film__g1__t8,1,8,85,provenance://crystalite/outputs/final report output/relaxed_groups/fixed_film__g1__t8/cifs/sample_00085.cif,True,True,True,True,2.569441577233313,416.9484260463012,34.7457021705251,12,False,True,True,,,12.735304614867212,True,,8.0,fixed_film,fixed_film
fixed_film__g1__t8,1,8,86,provenance://crystalite/outputs/final report output/relaxed_groups/fixed_film__g1__t8/cifs/sample_00086.cif,True,True,True,True,2.050126363853584,388.317386221261,27.736956158661503,14,False,True,True,,,4.750540202775185,True,,8.0,fixed_film,fixed_film
fixed_film__g1__t8,1,8,87,provenance://crystalite/outputs/final report output/relaxed_groups/fixed_film__g1__t8/cifs/sample_00087.cif,True,True,True,True,1.4395101311355851,173.74893815011083,14.479078179175902,12,False,True,True,,,2.607536384048044,True,,8.0,fixed_film,fixed_film
fixed_film__g1__t8,1,8,88,provenance://crystalite/outputs/final report output/relaxed_groups/fixed_film__g1__t8/cifs/sample_00088.cif,True,False,True,False,1.760589240478003,229.77777581671148,11.488888790835574,20,False,True,True,,,6.223047643037603,True,,8.0,fixed_film,fixed_film
fixed_film__g1__t8,1,8,89,provenance://crystalite/outputs/final report output/relaxed_groups/fixed_film__g1__t8/cifs/sample_00089.cif,True,False,True,False,2.3311989457466056,500.7992883792595,31.29995552370372,16,False,True,True,,,10.01903685329914,True,,8.0,fixed_film,fixed_film
fixed_film__g1__t8,1,8,90,provenance://crystalite/outputs/final report output/relaxed_groups/fixed_film__g1__t8/cifs/sample_00090.cif,True,True,True,True,2.0809088355543026,337.2287966959676,24.087771192569114,14,False,True,True,,,5.394425491709097,True,,8.0,fixed_film,fixed_film
fixed_film__g1__t8,1,8,91,provenance://crystalite/outputs/final report output/relaxed_groups/fixed_film__g1__t8/cifs/sample_00091.cif,True,True,True,True,2.7646938019324385,86.64587147448069,28.88195715816023,3,False,True,True,,,15.07084865400583,True,,8.0,fixed_film,fixed_film
fixed_film__g1__t8,1,8,92,provenance://crystalite/outputs/final report output/relaxed_groups/fixed_film__g1__t8/cifs/sample_00092.cif,True,True,True,True,2.5295307147223727,100.3985270930403,20.07970541860806,5,True,True,True,,,13.568110980528935,True,,8.0,fixed_film,fixed_film
fixed_film__g1__t8,1,8,93,provenance://crystalite/outputs/final report output/relaxed_groups/fixed_film__g1__t8/cifs/sample_00093.cif,True,False,True,False,2.3803654066198194,267.4159680485375,38.20228114979107,7,False,True,True,,,4.768726238637885,True,,8.0,fixed_film,fixed_film
fixed_film__g1__t8,1,8,94,provenance://crystalite/outputs/final report output/relaxed_groups/fixed_film__g1__t8/cifs/sample_00094.cif,True,False,True,False,2.062379345427169,132.3209849397447,13.23209849397447,10,False,True,True,,,6.0043855406130655,True,,8.0,fixed_film,fixed_film
fixed_film__g1__t8,1,8,95,provenance://crystalite/outputs/final report output/relaxed_groups/fixed_film__g1__t8/cifs/sample_00095.cif,True,False,True,False,1.7630513779768575,183.4014744543924,11.462592153399523,16,False,True,True,,,3.0420212069896557,True,,8.0,fixed_film,fixed_film
fixed_film__g1__t8,1,8,96,provenance://crystalite/outputs/final report output/relaxed_groups/fixed_film__g1__t8/cifs/sample_00096.cif,True,True,True,True,1.452109493360273,112.74075708494732,18.790126180824554,6,False,True,True,,,2.462005097225579,True,,8.0,fixed_film,fixed_film
fixed_film__g1__t8,1,8,97,provenance://crystalite/outputs/final report output/relaxed_groups/fixed_film__g1__t8/cifs/sample_00097.cif,True,False,True,False,1.8896208752475896,733.1337704068044,38.5859879161476,19,False,True,True,,,8.465072678954098,True,,8.0,fixed_film,fixed_film
fixed_film__g1__t8,1,8,98,provenance://crystalite/outputs/final report output/relaxed_groups/fixed_film__g1__t8/cifs/sample_00098.cif,True,True,True,True,1.444756435683476,266.47312382274936,14.804062434597189,18,False,True,True,,,3.4847728544357985,True,,8.0,fixed_film,fixed_film
fixed_film__g1__t8,1,8,99,provenance://crystalite/outputs/final report output/relaxed_groups/fixed_film__g1__t8/cifs/sample_00099.cif,True,True,True,True,2.097188777252025,377.1983843055457,20.955465794752534,18,False,True,True,,,6.7503147047178205,True,,8.0,fixed_film,fixed_film
fixed_film__g1__t8,1,8,100,provenance://crystalite/outputs/final report output/relaxed_groups/fixed_film__g1__t8/cifs/sample_00100.cif,True,False,True,False,2.4247630635231707,201.59231955713625,28.798902793876607,7,False,True,True,,,7.681605301691455,True,,8.0,fixed_film,fixed_film
fixed_film__g1__t8,1,8,101,provenance://crystalite/outputs/final report output/relaxed_groups/fixed_film__g1__t8/cifs/sample_00101.cif,True,False,True,False,2.4256599629171407,170.6148696350681,21.32685870438351,8,False,True,True,,,15.0428912337972,True,,8.0,fixed_film,fixed_film
fixed_film__g1__t8,1,8,102,provenance://crystalite/outputs/final report output/relaxed_groups/fixed_film__g1__t8/cifs/sample_00102.cif,True,True,True,True,1.3812581435629208,106.04433974870946,8.837028312392455,12,False,True,True,,,3.065093798645531,True,,8.0,fixed_film,fixed_film
fixed_film__g1__t8,1,8,103,provenance://crystalite/outputs/final report output/relaxed_groups/fixed_film__g1__t8/cifs/sample_00103.cif,True,True,True,True,1.9010580782952808,289.55348748929185,14.477674374464591,20,False,True,True,,,5.472778530710097,True,,8.0,fixed_film,fixed_film
fixed_film__g1__t8,1,8,104,provenance://crystalite/outputs/final report output/relaxed_groups/fixed_film__g1__t8/cifs/sample_00104.cif,True,True,True,True,1.7366529310134018,129.60395148066144,10.80032929005512,12,False,True,False,,,11.780167424608448,True,,8.0,fixed_film,fixed_film
fixed_film__g1__t8,1,8,105,provenance://crystalite/outputs/final report output/relaxed_groups/fixed_film__g1__t8/cifs/sample_00105.cif,True,True,True,True,2.2163536262499504,71.86616368197764,23.955387893992548,3,False,True,True,,,13.472580273850062,True,,8.0,fixed_film,fixed_film
fixed_film__g1__t8,1,8,106,provenance://crystalite/outputs/final report output/relaxed_groups/fixed_film__g1__t8/cifs/sample_00106.cif,True,True,True,True,2.1094298102946185,425.2668757488965,30.37620541063546,14,False,True,True,,,4.089116982608981,True,,8.0,fixed_film,fixed_film
fixed_film__g1__t8,1,8,107,provenance://crystalite/outputs/final report output/relaxed_groups/fixed_film__g1__t8/cifs/sample_00107.cif,True,False,True,False,2.089138021794763,298.07368554635525,22.928745042027327,13,False,True,True,,,4.913473196806165,True,,8.0,fixed_film,fixed_film
fixed_film__g1__t8,1,8,108,provenance://crystalite/outputs/final report output/relaxed_groups/fixed_film__g1__t8/cifs/sample_00108.cif,True,True,True,True,1.8280206003749315,147.528604705797,12.29405039214975,12,False,True,True,,,8.473558037906258,True,,8.0,fixed_film,fixed_film
fixed_film__g1__t8,1,8,109,provenance://crystalite/outputs/final report output/relaxed_groups/fixed_film__g1__t8/cifs/sample_00109.cif,True,True,True,True,1.7160930347638854,187.72384284720664,10.42910238040037,18,False,True,True,,,8.472130178852693,True,,8.0,fixed_film,fixed_film
fixed_film__g1__t8,1,8,110,provenance://crystalite/outputs/final report output/relaxed_groups/fixed_film__g1__t8/cifs/sample_00110.cif,True,True,True,True,2.0517520509538154,337.0743452117661,24.07673894369758,14,False,True,True,,,6.624407769028217,True,,8.0,fixed_film,fixed_film
fixed_film__g1__t8,1,8,111,provenance://crystalite/outputs/final report output/relaxed_groups/fixed_film__g1__t8/cifs/sample_00111.cif,True,False,True,False,2.48384074682683,236.6120162483424,29.5765020310428,8,False,True,True,,,17.30183726363087,True,,8.0,fixed_film,fixed_film
fixed_film__g1__t8,1,8,112,provenance://crystalite/outputs/final report output/relaxed_groups/fixed_film__g1__t8/cifs/sample_00112.cif,True,True,True,True,1.9806833154418864,59.76359565582726,11.952719131165452,5,False,True,True,,,5.177515112087196,True,,8.0,fixed_film,fixed_film
fixed_film__g1__t8,1,8,113,provenance://crystalite/outputs/final report output/relaxed_groups/fixed_film__g1__t8/cifs/sample_00113.cif,True,True,True,True,1.9583390428080485,142.31512995951388,17.789391244939235,8,False,True,True,,,8.917793219932657,True,,8.0,fixed_film,fixed_film
fixed_film__g1__t8,1,8,114,provenance://crystalite/outputs/final report output/relaxed_groups/fixed_film__g1__t8/cifs/sample_00114.cif,True,True,True,True,2.0281092838042767,199.17340954952715,14.22667211068051,14,False,True,True,,,4.662314382328765,True,,8.0,fixed_film,fixed_film
fixed_film__g1__t8,1,8,115,provenance://crystalite/outputs/final report output/relaxed_groups/fixed_film__g1__t8/cifs/sample_00115.cif,True,False,True,False,2.3711457681825183,305.4274164212004,25.4522847017667,12,False,True,True,,,11.094539660146458,True,,8.0,fixed_film,fixed_film
fixed_film__g1__t8,1,8,116,provenance://crystalite/outputs/final report output/relaxed_groups/fixed_film__g1__t8/cifs/sample_00116.cif,True,False,True,False,2.344671974782534,235.45052640670212,29.43131580083777,8,False,True,True,,,5.398532679210477,True,,8.0,fixed_film,fixed_film
fixed_film__g1__t8,1,8,117,provenance://crystalite/outputs/final report output/relaxed_groups/fixed_film__g1__t8/cifs/sample_00117.cif,True,True,True,True,2.5643631892193026,605.4439622874643,35.61435072279202,17,False,True,True,,,6.318788499919584,True,,8.0,fixed_film,fixed_film
fixed_film__g1__t8,1,8,118,provenance://crystalite/outputs/final report output/relaxed_groups/fixed_film__g1__t8/cifs/sample_00118.cif,True,True,True,True,2.423100648436309,531.3458164959413,26.567290824797062,20,False,True,True,,,10.53675528686646,True,,8.0,fixed_film,fixed_film
fixed_film__g1__t8,1,8,119,provenance://crystalite/outputs/final report output/relaxed_groups/fixed_film__g1__t8/cifs/sample_00119.cif,True,True,True,True,2.438998849217982,615.0475575289094,30.75237787644547,20,False,True,True,,,8.275291616224711,True,,8.0,fixed_film,fixed_film
fixed_film__g1__t8,1,8,120,provenance://crystalite/outputs/final report output/relaxed_groups/fixed_film__g1__t8/cifs/sample_00120.cif,True,True,True,True,1.9219902561593536,236.73871785344664,11.836935892672331,20,False,True,True,,,9.073948294604849,True,,8.0,fixed_film,fixed_film
fixed_film__g1__t8,1,8,122,provenance://crystalite/outputs/final report output/relaxed_groups/fixed_film__g1__t8/cifs/sample_00122.cif,True,True,True,True,2.398179588465948,629.4709841829589,34.970610232386605,18,False,True,True,,,7.0655235595641015,True,,8.0,fixed_film,fixed_film
fixed_film__g1__t8,1,8,123,provenance://crystalite/outputs/final report output/relaxed_groups/fixed_film__g1__t8/cifs/sample_00123.cif,True,True,True,True,2.024994021095084,307.2990899974725,30.729908999747256,10,False,True,True,,,6.51374397540706,True,,8.0,fixed_film,fixed_film
fixed_film__g1__t8,1,8,124,provenance://crystalite/outputs/final report output/relaxed_groups/fixed_film__g1__t8/cifs/sample_00124.cif,True,True,True,True,1.895887338716043,166.44975677333363,11.889268340952402,14,False,True,True,,,5.304146989279027,True,,8.0,fixed_film,fixed_film
fixed_film__g1__t8,1,8,125,provenance://crystalite/outputs/final report output/relaxed_groups/fixed_film__g1__t8/cifs/sample_00125.cif,True,False,True,False,2.001748189320704,589.4721863606295,29.473609318031475,20,False,True,True,,,5.866901086505891,True,,8.0,fixed_film,fixed_film
fixed_film__g1__t8,1,8,126,provenance://crystalite/outputs/final report output/relaxed_groups/fixed_film__g1__t8/cifs/sample_00126.cif,True,False,True,False,2.221356693019944,397.8802550785795,30.60617346758304,13,False,True,True,,,6.808821413487678,True,,8.0,fixed_film,fixed_film
fixed_film__g1__t8,1,8,127,provenance://crystalite/outputs/final report output/relaxed_groups/fixed_film__g1__t8/cifs/sample_00127.cif,True,True,True,True,1.9916168632418176,157.07989035996593,15.707989035996594,10,False,True,True,,,4.281214863049208,True,,8.0,fixed_film,fixed_film
fixed_film__g1__t12,1,12,0,provenance://crystalite/outputs/final report output/relaxed_groups/fixed_film__g1__t12/cifs/sample_00000.cif,True,True,True,True,2.9319561517007577,139.11960794968272,34.77990198742068,4,True,True,True,,,13.73448255607253,True,,12.0,fixed_film,fixed_film
fixed_film__g1__t12,1,12,1,provenance://crystalite/outputs/final report output/relaxed_groups/fixed_film__g1__t12/cifs/sample_00001.cif,True,True,True,True,2.0783976581751347,501.3594100618367,25.06797050309184,20,False,True,True,,,5.72718253559231,True,,12.0,fixed_film,fixed_film
fixed_film__g1__t12,1,12,2,provenance://crystalite/outputs/final report output/relaxed_groups/fixed_film__g1__t12/cifs/sample_00002.cif,True,True,True,True,2.76583959945044,157.2265500448531,19.65331875560664,8,False,True,True,,,16.972770348063197,True,,12.0,fixed_film,fixed_film
fixed_film__g1__t12,1,12,3,provenance://crystalite/outputs/final report output/relaxed_groups/fixed_film__g1__t12/cifs/sample_00003.cif,True,True,True,True,2.206191325926409,234.81611928636164,29.352014910795205,8,False,True,True,,,6.791549056069258,True,,12.0,fixed_film,fixed_film
fixed_film__g1__t12,1,12,4,provenance://crystalite/outputs/final report output/relaxed_groups/fixed_film__g1__t12/cifs/sample_00004.cif,True,True,True,True,3.5782002099816315,66.06259449702188,33.03129724851094,2,True,True,True,,,12.073422318211216,True,,12.0,fixed_film,fixed_film
fixed_film__g1__t12,1,12,5,provenance://crystalite/outputs/final report output/relaxed_groups/fixed_film__g1__t12/cifs/sample_00005.cif,True,False,True,False,2.445033019394272,351.4145238003947,21.96340773752467,16,False,True,True,,,16.78832048456516,True,,12.0,fixed_film,fixed_film
fixed_film__g1__t12,1,12,6,provenance://crystalite/outputs/final report output/relaxed_groups/fixed_film__g1__t12/cifs/sample_00006.cif,True,True,True,True,1.7911644210842073,113.65171181842626,14.206463977303285,8,False,True,True,,,2.2912049495155142,True,,12.0,fixed_film,fixed_film
fixed_film__g1__t12,1,12,7,provenance://crystalite/outputs/final report output/relaxed_groups/fixed_film__g1__t12/cifs/sample_00007.cif,True,True,True,True,2.14121367645955,435.4433698565337,31.103097846895263,14,False,True,True,,,12.226182535554146,True,,12.0,fixed_film,fixed_film
fixed_film__g1__t12,1,12,8,provenance://crystalite/outputs/final report output/relaxed_groups/fixed_film__g1__t12/cifs/sample_00008.cif,True,True,True,True,1.5481990244386628,177.85580734473672,14.82131727872806,12,False,True,True,,,4.65713950066144,True,,12.0,fixed_film,fixed_film
fixed_film__g1__t12,1,12,9,provenance://crystalite/outputs/final report output/relaxed_groups/fixed_film__g1__t12/cifs/sample_00009.cif,True,True,True,True,2.590656221248656,220.06596357660305,27.508245447075375,8,False,True,True,,,12.494804935241062,True,,12.0,fixed_film,fixed_film
fixed_film__g1__t12,1,12,10,provenance://crystalite/outputs/final report output/relaxed_groups/fixed_film__g1__t12/cifs/sample_00010.cif,True,False,True,False,2.5485901090269225,334.79359945686616,27.899466621405512,12,False,True,True,,,14.231021136950872,True,,12.0,fixed_film,fixed_film
fixed_film__g1__t12,1,12,11,provenance://crystalite/outputs/final report output/relaxed_groups/fixed_film__g1__t12/cifs/sample_00011.cif,True,True,True,True,1.344922246668746,205.97862899916728,11.443257166620404,18,False,True,True,,,6.009729834640222,True,,12.0,fixed_film,fixed_film
fixed_film__g1__t12,1,12,12,provenance://crystalite/outputs/final report output/relaxed_groups/fixed_film__g1__t12/cifs/sample_00012.cif,True,True,True,True,2.4259272186625203,328.27493012059085,32.82749301205909,10,False,True,True,,,8.631315748420842,True,,12.0,fixed_film,fixed_film
fixed_film__g1__t12,1,12,13,provenance://crystalite/outputs/final report output/relaxed_groups/fixed_film__g1__t12/cifs/sample_00013.cif,True,True,True,True,1.3643319781862822,180.7855109537532,15.065459246146098,12,False,True,True,,,4.475703047496148,True,,12.0,fixed_film,fixed_film
fixed_film__g1__t12,1,12,14,provenance://crystalite/outputs/final report output/relaxed_groups/fixed_film__g1__t12/cifs/sample_00014.cif,True,True,True,True,2.198642728455074,278.430931728368,23.202577644030665,12,False,True,True,,,15.216854375391256,True,,12.0,fixed_film,fixed_film
fixed_film__g1__t12,1,12,15,provenance://crystalite/outputs/final report output/relaxed_groups/fixed_film__g1__t12/cifs/sample_00015.cif,True,False,True,False,3.058861297301915,100.14060494081215,33.38020164693739,3,False,True,True,,,18.076491393096173,True,,12.0,fixed_film,fixed_film
fixed_film__g1__t12,1,12,16,provenance://crystalite/outputs/final report output/relaxed_groups/fixed_film__g1__t12/cifs/sample_00016.cif,True,True,True,True,1.1225486479696936,222.0413172755971,12.335628737533172,18,False,True,True,,,7.761687380196783,True,,12.0,fixed_film,fixed_film
fixed_film__g1__t12,1,12,17,provenance://crystalite/outputs/final report output/relaxed_groups/fixed_film__g1__t12/cifs/sample_00017.cif,True,True,True,True,2.08628379705338,177.03418456222388,22.129273070277986,8,False,True,True,,,8.259603098186417,True,,12.0,fixed_film,fixed_film
fixed_film__g1__t12,1,12,18,provenance://crystalite/outputs/final report output/relaxed_groups/fixed_film__g1__t12/cifs/sample_00018.cif,True,True,True,True,2.9782675486227967,53.9557754986562,26.977887749328097,2,False,True,False,,,5.496164667930369,True,,12.0,fixed_film,fixed_film
fixed_film__g1__t12,1,12,19,provenance://crystalite/outputs/final report output/relaxed_groups/fixed_film__g1__t12/cifs/sample_00019.cif,True,True,True,True,2.398222488739043,351.2608537901965,35.12608537901965,10,False,True,True,,,10.510121801194314,True,,12.0,fixed_film,fixed_film
fixed_film__g1__t12,1,12,20,provenance://crystalite/outputs/final report output/relaxed_groups/fixed_film__g1__t12/cifs/sample_00020.cif,True,True,True,True,2.207513592854279,162.93122317114168,32.586244634228336,5,False,True,True,,,6.371323933464688,True,,12.0,fixed_film,fixed_film
fixed_film__g1__t12,1,12,21,provenance://crystalite/outputs/final report output/relaxed_groups/fixed_film__g1__t12/cifs/sample_00021.cif,True,True,True,True,1.3231123218331,311.6638466402516,15.583192332012578,20,False,True,True,,,4.7762562192526685,True,,12.0,fixed_film,fixed_film
fixed_film__g1__t12,1,12,22,provenance://crystalite/outputs/final report output/relaxed_groups/fixed_film__g1__t12/cifs/sample_00022.cif,True,True,True,True,0.978257868914051,190.28266075718508,13.59161862551322,14,False,True,True,,,3.2810425869396376,True,,12.0,fixed_film,fixed_film
fixed_film__g1__t12,1,12,23,provenance://crystalite/outputs/final report output/relaxed_groups/fixed_film__g1__t12/cifs/sample_00023.cif,True,True,True,True,1.8737310506291576,121.26088705271351,13.473431894745946,9,False,True,True,,,4.053952148981114,True,,12.0,fixed_film,fixed_film
fixed_film__g1__t12,1,12,24,provenance://crystalite/outputs/final report output/relaxed_groups/fixed_film__g1__t12/cifs/sample_00024.cif,True,True,True,True,2.563215271814615,266.8438784691595,26.68438784691595,10,True,True,True,,,14.108055681384856,True,,12.0,fixed_film,fixed_film
fixed_film__g1__t12,1,12,25,provenance://crystalite/outputs/final report output/relaxed_groups/fixed_film__g1__t12/cifs/sample_00025.cif,True,True,True,True,1.2013896692907986,414.5309763377789,25.90818602111118,16,False,True,True,,,8.645572446298374,True,,12.0,fixed_film,fixed_film
fixed_film__g1__t12,1,12,26,provenance://crystalite/outputs/final report output/relaxed_groups/fixed_film__g1__t12/cifs/sample_00026.cif,True,True,True,True,2.155247609418496,452.698895075297,22.63494475376485,20,False,True,True,,,6.161655937984947,True,,12.0,fixed_film,fixed_film
fixed_film__g1__t12,1,12,27,provenance://crystalite/outputs/final report output/relaxed_groups/fixed_film__g1__t12/cifs/sample_00027.cif,True,False,True,False,2.612703866881383,167.8195139953875,20.97743924942344,8,False,True,True,,,20.71385316163624,True,,12.0,fixed_film,fixed_film
fixed_film__g1__t12,1,12,28,provenance://crystalite/outputs/final report output/relaxed_groups/fixed_film__g1__t12/cifs/sample_00028.cif,True,True,True,True,1.787548365587845,398.3110034041791,24.894437712761192,16,False,True,True,,,5.525944409162253,True,,12.0,fixed_film,fixed_film
fixed_film__g1__t12,1,12,29,provenance://crystalite/outputs/final report output/relaxed_groups/fixed_film__g1__t12/cifs/sample_00029.cif,True,True,True,True,1.2449065114338995,203.00585865827097,12.687866166141935,16,False,True,True,,,4.523992398751379,True,,12.0,fixed_film,fixed_film
fixed_film__g1__t12,1,12,30,provenance://crystalite/outputs/final report output/relaxed_groups/fixed_film__g1__t12/cifs/sample_00030.cif,True,True,True,True,2.451551502454417,576.206066282739,36.01287914267119,16,False,True,True,,,7.698156413793494,True,,12.0,fixed_film,fixed_film
fixed_film__g1__t12,1,12,31,provenance://crystalite/outputs/final report output/relaxed_groups/fixed_film__g1__t12/cifs/sample_00031.cif,True,True,True,True,2.376389902968042,126.94499137395556,25.388998274791117,5,False,True,True,,,12.844604682555875,True,,12.0,fixed_film,fixed_film
fixed_film__g1__t12,1,12,32,provenance://crystalite/outputs/final report output/relaxed_groups/fixed_film__g1__t12/cifs/sample_00032.cif,True,True,True,True,1.3732251091036027,330.3901069609964,18.35500594227757,18,False,True,True,,,3.597116045285055,True,,12.0,fixed_film,fixed_film
fixed_film__g1__t12,1,12,33,provenance://crystalite/outputs/final report output/relaxed_groups/fixed_film__g1__t12/cifs/sample_00033.cif,True,True,True,True,1.471962412329973,142.00600128832542,11.833833440693786,12,False,True,True,,,8.142258033879953,True,,12.0,fixed_film,fixed_film
fixed_film__g1__t12,1,12,34,provenance://crystalite/outputs/final report output/relaxed_groups/fixed_film__g1__t12/cifs/sample_00034.cif,True,False,True,False,2.4605502376265656,410.0715732600565,31.543967173850497,13,False,True,True,,,13.901572979478452,True,,12.0,fixed_film,fixed_film
fixed_film__g1__t12,1,12,35,provenance://crystalite/outputs/final report output/relaxed_groups/fixed_film__g1__t12/cifs/sample_00035.cif,True,True,True,True,2.393597711689332,208.17893710580933,29.73984815797276,7,False,True,True,,,10.343881138352016,True,,12.0,fixed_film,fixed_film
fixed_film__g1__t12,1,12,36,provenance://crystalite/outputs/final report output/relaxed_groups/fixed_film__g1__t12/cifs/sample_00036.cif,True,True,True,True,2.034169890323039,275.4401654569707,15.30223141427615,18,False,True,True,,,4.846317306326465,True,,12.0,fixed_film,fixed_film
fixed_film__g1__t12,1,12,37,provenance://crystalite/outputs/final report output/relaxed_groups/fixed_film__g1__t12/cifs/sample_00037.cif,True,True,True,True,1.9111951024339608,288.83131384513075,18.051957115320672,16,False,True,True,,,6.924835742639427,True,,12.0,fixed_film,fixed_film
fixed_film__g1__t12,1,12,38,provenance://crystalite/outputs/final report output/relaxed_groups/fixed_film__g1__t12/cifs/sample_00038.cif,True,True,True,True,1.6398353685845275,214.0965824690241,17.841381872418676,12,False,True,True,,,4.306061173751341,True,,12.0,fixed_film,fixed_film
fixed_film__g1__t12,1,12,39,provenance://crystalite/outputs/final report output/relaxed_groups/fixed_film__g1__t12/cifs/sample_00039.cif,True,True,True,True,2.3028030709973075,351.06023614093016,21.94126475880813,16,False,True,True,,,16.752108847840447,True,,12.0,fixed_film,fixed_film
fixed_film__g1__t12,1,12,40,provenance://crystalite/outputs/final report output/relaxed_groups/fixed_film__g1__t12/cifs/sample_00040.cif,True,True,True,True,2.547428253989648,34.62082445005173,17.310412225025864,2,False,True,True,,,7.128578631596192,True,,12.0,fixed_film,fixed_film
fixed_film__g1__t12,1,12,41,provenance://crystalite/outputs/final report output/relaxed_groups/fixed_film__g1__t12/cifs/sample_00041.cif,True,True,True,True,2.7878020572497344,158.88803668193222,31.77760733638645,5,True,True,True,,,12.066531615966378,True,,12.0,fixed_film,fixed_film
fixed_film__g1__t12,1,12,42,provenance://crystalite/outputs/final report output/relaxed_groups/fixed_film__g1__t12/cifs/sample_00042.cif,True,True,True,True,1.7274772200870834,209.24550094958656,13.077843809349162,16,False,True,True,,,3.9150810411971473,True,,12.0,fixed_film,fixed_film
fixed_film__g1__t12,1,12,43,provenance://crystalite/outputs/final report output/relaxed_groups/fixed_film__g1__t12/cifs/sample_00043.cif,True,True,True,True,2.3764885552827786,240.73737170691885,24.073737170691885,10,False,True,True,,,9.230428804639883,True,,12.0,fixed_film,fixed_film
fixed_film__g1__t12,1,12,44,provenance://crystalite/outputs/final report output/relaxed_groups/fixed_film__g1__t12/cifs/sample_00044.cif,True,True,True,True,2.6171327648813456,313.9560445588265,31.395604455882648,10,False,True,True,,,10.01412258484193,True,,12.0,fixed_film,fixed_film
fixed_film__g1__t12,1,12,45,provenance://crystalite/outputs/final report output/relaxed_groups/fixed_film__g1__t12/cifs/sample_00045.cif,True,True,True,True,2.287269155536618,155.95788859324205,25.992981432207007,6,False,True,True,,,9.741802734539275,True,,12.0,fixed_film,fixed_film
fixed_film__g1__t12,1,12,46,provenance://crystalite/outputs/final report output/relaxed_groups/fixed_film__g1__t12/cifs/sample_00046.cif,True,True,True,True,1.7893814569106183,130.81775734568444,11.892523395062222,11,False,True,True,,,4.374539748052984,True,,12.0,fixed_film,fixed_film
fixed_film__g1__t12,1,12,47,provenance://crystalite/outputs/final report output/relaxed_groups/fixed_film__g1__t12/cifs/sample_00047.cif,True,True,True,True,2.3112711503181216,208.0337742312983,17.336147852608192,12,False,True,True,,,14.070041735035089,True,,12.0,fixed_film,fixed_film
fixed_film__g1__t12,1,12,48,provenance://crystalite/outputs/final report output/relaxed_groups/fixed_film__g1__t12/cifs/sample_00048.cif,True,False,True,False,2.3019749944072454,185.3232861224573,23.16541076530716,8,False,True,True,,,19.145220445898328,True,,12.0,fixed_film,fixed_film
fixed_film__g1__t12,1,12,49,provenance://crystalite/outputs/final report output/relaxed_groups/fixed_film__g1__t12/cifs/sample_00049.cif,True,True,True,True,2.2863188066607574,209.01485735493827,26.126857169367284,8,False,True,True,,,9.474942526863176,True,,12.0,fixed_film,fixed_film
fixed_film__g1__t12,1,12,50,provenance://crystalite/outputs/final report output/relaxed_groups/fixed_film__g1__t12/cifs/sample_00050.cif,True,True,True,True,2.4657776724433256,226.158047484358,18.846503957029835,12,False,True,True,,,18.15355841885128,True,,12.0,fixed_film,fixed_film
fixed_film__g1__t12,1,12,51,provenance://crystalite/outputs/final report output/relaxed_groups/fixed_film__g1__t12/cifs/sample_00051.cif,True,True,True,True,1.9727010830652512,165.9234504472669,18.43593893858521,9,False,True,True,,,16.15026632519421,True,,12.0,fixed_film,fixed_film
fixed_film__g1__t12,1,12,52,provenance://crystalite/outputs/final report output/relaxed_groups/fixed_film__g1__t12/cifs/sample_00052.cif,True,False,True,False,2.1227150557738645,270.847711318762,24.622519210796543,11,False,True,True,,,10.757117296647408,True,,12.0,fixed_film,fixed_film
fixed_film__g1__t12,1,12,53,provenance://crystalite/outputs/final report output/relaxed_groups/fixed_film__g1__t12/cifs/sample_00053.cif,True,True,True,True,1.468304850481594,279.7650768721044,15.542504270672463,18,False,True,True,,,3.7754333944763783,True,,12.0,fixed_film,fixed_film
fixed_film__g1__t12,1,12,54,provenance://crystalite/outputs/final report output/relaxed_groups/fixed_film__g1__t12/cifs/sample_00054.cif,True,True,True,True,1.7758485926221688,215.05825862417527,11.947681034676403,18,False,True,True,,,8.470464510732503,True,,12.0,fixed_film,fixed_film
fixed_film__g1__t12,1,12,55,provenance://crystalite/outputs/final report output/relaxed_groups/fixed_film__g1__t12/cifs/sample_00055.cif,True,True,True,True,2.223464320503513,318.39381176151227,26.53281764679269,12,False,True,True,,,5.808902520457239,True,,12.0,fixed_film,fixed_film
fixed_film__g1__t12,1,12,56,provenance://crystalite/outputs/final report output/relaxed_groups/fixed_film__g1__t12/cifs/sample_00056.cif,True,True,True,True,2.735705631143384,78.56200420988758,19.64050105247189,4,False,True,True,,,14.156137117189097,True,,12.0,fixed_film,fixed_film
fixed_film__g1__t12,1,12,57,provenance://crystalite/outputs/final report output/relaxed_groups/fixed_film__g1__t12/cifs/sample_00057.cif,True,False,True,False,2.932745035642751,169.80007519343292,33.960015038686585,5,False,True,True,,,16.833760150204213,True,,12.0,fixed_film,fixed_film
fixed_film__g1__t12,1,12,58,provenance://crystalite/outputs/final report output/relaxed_groups/fixed_film__g1__t12/cifs/sample_00058.cif,True,True,True,True,2.6817395533713437,499.6666312869315,27.759257293718417,18,False,True,True,,,9.093384439748506,True,,12.0,fixed_film,fixed_film
fixed_film__g1__t12,1,12,59,provenance://crystalite/outputs/final report output/relaxed_groups/fixed_film__g1__t12/cifs/sample_00059.cif,True,True,True,True,2.084515142389957,167.5909034300967,15.235536675463337,11,False,True,True,,,17.683517320944414,True,,12.0,fixed_film,fixed_film
fixed_film__g1__t12,1,12,60,provenance://crystalite/outputs/final report output/relaxed_groups/fixed_film__g1__t12/cifs/sample_00060.cif,True,False,True,False,2.175596775556173,47.78586494798106,11.946466236995263,4,False,True,True,,,4.484184181861957,True,,12.0,fixed_film,fixed_film
fixed_film__g1__t12,1,12,61,provenance://crystalite/outputs/final report output/relaxed_groups/fixed_film__g1__t12/cifs/sample_00061.cif,True,False,True,False,2.54397678877891,453.1475056469807,32.36767897478433,14,False,True,True,,,9.112564240116576,True,,12.0,fixed_film,fixed_film
fixed_film__g1__t12,1,12,62,provenance://crystalite/outputs/final report output/relaxed_groups/fixed_film__g1__t12/cifs/sample_00062.cif,True,True,True,True,2.6744527772890714,278.1095912881169,25.282690117101534,11,False,True,True,,,15.522091869331764,True,,12.0,fixed_film,fixed_film
fixed_film__g1__t12,1,12,63,provenance://crystalite/outputs/final report output/relaxed_groups/fixed_film__g1__t12/cifs/sample_00063.cif,True,True,True,True,2.051655060709469,186.26794593497425,20.69643843721936,9,False,True,True,,,6.967245480386833,True,,12.0,fixed_film,fixed_film
fixed_film__g1__t12,1,12,64,provenance://crystalite/outputs/final report output/relaxed_groups/fixed_film__g1__t12/cifs/sample_00064.cif,True,True,True,True,2.5458645352860647,216.0325124119421,30.861787487420305,7,False,True,True,,,7.523864304347934,True,,12.0,fixed_film,fixed_film
fixed_film__g1__t12,1,12,65,provenance://crystalite/outputs/final report output/relaxed_groups/fixed_film__g1__t12/cifs/sample_00065.cif,True,True,True,True,2.390290765145429,117.32083341764174,19.553472236273624,6,False,True,True,,,6.643139747453184,True,,12.0,fixed_film,fixed_film
fixed_film__g1__t12,1,12,66,provenance://crystalite/outputs/final report output/relaxed_groups/fixed_film__g1__t12/cifs/sample_00066.cif,True,True,True,True,1.750423868307272,494.1705876890432,24.70852938445216,20,False,True,True,,,8.557504977314053,True,,12.0,fixed_film,fixed_film
fixed_film__g1__t12,1,12,67,provenance://crystalite/outputs/final report output/relaxed_groups/fixed_film__g1__t12/cifs/sample_00067.cif,True,True,True,True,1.9589662663706435,186.2473260949905,15.520610507915876,12,False,True,True,,,5.1128275850323925,True,,12.0,fixed_film,fixed_film
fixed_film__g1__t12,1,12,68,provenance://crystalite/outputs/final report output/relaxed_groups/fixed_film__g1__t12/cifs/sample_00068.cif,True,True,True,True,1.97874178945936,107.50241393082376,26.87560348270594,4,False,True,True,,,8.033792197230294,True,,12.0,fixed_film,fixed_film
fixed_film__g1__t12,1,12,69,provenance://crystalite/outputs/final report output/relaxed_groups/fixed_film__g1__t12/cifs/sample_00069.cif,True,True,True,True,1.483254367487853,251.154800448015,12.55774002240075,20,False,True,True,,,3.530691276232382,True,,12.0,fixed_film,fixed_film
fixed_film__g1__t12,1,12,70,provenance://crystalite/outputs/final report output/relaxed_groups/fixed_film__g1__t12/cifs/sample_00070.cif,True,True,True,True,1.611771692824742,217.15637748431104,12.064243193572835,18,False,True,True,,,4.922265967222187,True,,12.0,fixed_film,fixed_film
fixed_film__g1__t12,1,12,71,provenance://crystalite/outputs/final report output/relaxed_groups/fixed_film__g1__t12/cifs/sample_00071.cif,True,False,True,False,2.234724502137354,163.46570080514894,27.244283467524824,6,False,True,True,,,8.324357535504559,True,,12.0,fixed_film,fixed_film
fixed_film__g1__t12,1,12,72,provenance://crystalite/outputs/final report output/relaxed_groups/fixed_film__g1__t12/cifs/sample_00072.cif,True,True,True,True,1.487808591183137,153.85894281714158,15.385894281714158,10,False,True,True,,,4.477148672286618,True,,12.0,fixed_film,fixed_film
fixed_film__g1__t12,1,12,73,provenance://crystalite/outputs/final report output/relaxed_groups/fixed_film__g1__t12/cifs/sample_00073.cif,True,False,True,False,2.326987027440812,392.3066041850751,24.51916276156719,16,False,True,True,,,9.798755218950683,True,,12.0,fixed_film,fixed_film
fixed_film__g1__t12,1,12,74,provenance://crystalite/outputs/final report output/relaxed_groups/fixed_film__g1__t12/cifs/sample_00074.cif,True,True,True,True,3.057532701033248,114.14520120628252,28.53630030157063,4,True,True,True,,,16.977350975779316,True,,12.0,fixed_film,fixed_film
fixed_film__g1__t12,1,12,75,provenance://crystalite/outputs/final report output/relaxed_groups/fixed_film__g1__t12/cifs/sample_00075.cif,True,True,True,True,1.808396041279536,165.14709524286434,20.64338690535804,8,False,True,True,,,4.710399607637068,True,,12.0,fixed_film,fixed_film
fixed_film__g1__t12,1,12,76,provenance://crystalite/outputs/final report output/relaxed_groups/fixed_film__g1__t12/cifs/sample_00076.cif,True,True,True,True,2.9238177686915643,50.208605531908745,25.10430276595437,2,False,True,True,,,13.032504700989648,True,,12.0,fixed_film,fixed_film
fixed_film__g1__t12,1,12,77,provenance://crystalite/outputs/final report output/relaxed_groups/fixed_film__g1__t12/cifs/sample_00077.cif,True,False,True,False,2.5277915033705045,291.33057694105514,32.370064104561685,9,False,True,True,,,10.28574253699682,True,,12.0,fixed_film,fixed_film
fixed_film__g1__t12,1,12,78,provenance://crystalite/outputs/final report output/relaxed_groups/fixed_film__g1__t12/cifs/sample_00078.cif,True,True,True,True,2.1645926406062186,177.04752934938432,22.13094116867304,8,False,True,True,,,11.34467887372066,True,,12.0,fixed_film,fixed_film
fixed_film__g1__t12,1,12,79,provenance://crystalite/outputs/final report output/relaxed_groups/fixed_film__g1__t12/cifs/sample_00079.cif,True,True,True,True,1.3938780442934804,186.32571469590664,11.645357168494163,16,False,True,True,,,6.306012996787751,True,,12.0,fixed_film,fixed_film
fixed_film__g1__t12,1,12,80,provenance://crystalite/outputs/final report output/relaxed_groups/fixed_film__g1__t12/cifs/sample_00080.cif,True,True,True,True,2.643588800653095,297.1061087977989,29.71061087977989,10,False,True,True,,,11.778855213920536,True,,12.0,fixed_film,fixed_film
fixed_film__g1__t12,1,12,81,provenance://crystalite/outputs/final report output/relaxed_groups/fixed_film__g1__t12/cifs/sample_00081.cif,True,True,True,True,1.9232678929493412,308.6198082582844,15.43099041291422,20,False,True,True,,,7.237232688179996,True,,12.0,fixed_film,fixed_film
fixed_film__g1__t12,1,12,82,provenance://crystalite/outputs/final report output/relaxed_groups/fixed_film__g1__t12/cifs/sample_00082.cif,True,True,True,True,1.796568249553965,91.36971823502496,15.22828637250416,6,False,True,True,,,3.901830002295911,True,,12.0,fixed_film,fixed_film
fixed_film__g1__t12,1,12,83,provenance://crystalite/outputs/final report output/relaxed_groups/fixed_film__g1__t12/cifs/sample_00083.cif,True,True,True,True,1.9363090088299364,227.7797101066747,18.98164250888956,12,False,True,True,,,5.304884493235814,True,,12.0,fixed_film,fixed_film
fixed_film__g1__t12,1,12,84,provenance://crystalite/outputs/final report output/relaxed_groups/fixed_film__g1__t12/cifs/sample_00084.cif,True,False,True,False,2.419605686421332,565.1461411669683,31.397007842609348,18,False,True,True,,,12.34260681619192,True,,12.0,fixed_film,fixed_film
fixed_film__g1__t12,1,12,85,provenance://crystalite/outputs/final report output/relaxed_groups/fixed_film__g1__t12/cifs/sample_00085.cif,True,False,True,False,2.0079183747007945,369.5499426989388,30.795828558244896,12,False,True,True,,,11.240842248324784,True,,12.0,fixed_film,fixed_film
fixed_film__g1__t12,1,12,86,provenance://crystalite/outputs/final report output/relaxed_groups/fixed_film__g1__t12/cifs/sample_00086.cif,True,False,True,False,1.6721020270542186,210.32386195190287,15.02313299656449,14,False,True,True,,,13.821639699477013,True,,12.0,fixed_film,fixed_film
fixed_film__g1__t12,1,12,87,provenance://crystalite/outputs/final report output/relaxed_groups/fixed_film__g1__t12/cifs/sample_00087.cif,True,True,True,True,1.2480519203147642,151.22407802782135,12.602006502318446,12,False,True,True,,,3.4657800779411203,True,,12.0,fixed_film,fixed_film
fixed_film__g1__t12,1,12,88,provenance://crystalite/outputs/final report output/relaxed_groups/fixed_film__g1__t12/cifs/sample_00088.cif,True,True,True,True,2.3794497019315943,514.1670620873804,25.708353104369017,20,False,True,True,,,19.168715500239077,True,,12.0,fixed_film,fixed_film
fixed_film__g1__t12,1,12,89,provenance://crystalite/outputs/final report output/relaxed_groups/fixed_film__g1__t12/cifs/sample_00089.cif,True,True,True,True,2.5372520281171984,415.7390010632975,25.98368756645609,16,False,True,True,,,15.60054726745566,True,,12.0,fixed_film,fixed_film
fixed_film__g1__t12,1,12,90,provenance://crystalite/outputs/final report output/relaxed_groups/fixed_film__g1__t12/cifs/sample_00090.cif,True,False,True,False,2.262431571897789,246.57891031199637,17.612779307999737,14,False,True,True,,,12.609442440428651,True,,12.0,fixed_film,fixed_film
fixed_film__g1__t12,1,12,91,provenance://crystalite/outputs/final report output/relaxed_groups/fixed_film__g1__t12/cifs/sample_00091.cif,True,True,True,True,3.249135802140084,100.38384994291624,33.46128331430541,3,True,True,True,,,13.528368343576483,True,,12.0,fixed_film,fixed_film
fixed_film__g1__t12,1,12,92,provenance://crystalite/outputs/final report output/relaxed_groups/fixed_film__g1__t12/cifs/sample_00092.cif,True,True,True,True,2.4406432339512545,100.429066441495,20.085813288299,5,True,True,True,,,13.908279596605276,True,,12.0,fixed_film,fixed_film
fixed_film__g1__t12,1,12,93,provenance://crystalite/outputs/final report output/relaxed_groups/fixed_film__g1__t12/cifs/sample_00093.cif,True,False,True,False,2.284571055284569,226.3023140046911,32.32890200067016,7,False,True,True,,,8.312871918405756,True,,12.0,fixed_film,fixed_film
fixed_film__g1__t12,1,12,94,provenance://crystalite/outputs/final report output/relaxed_groups/fixed_film__g1__t12/cifs/sample_00094.cif,True,True,True,True,2.0008971678051024,197.47030152936557,19.747030152936556,10,False,True,True,,,8.329387728518826,True,,12.0,fixed_film,fixed_film
fixed_film__g1__t12,1,12,95,provenance://crystalite/outputs/final report output/relaxed_groups/fixed_film__g1__t12/cifs/sample_00095.cif,True,False,True,False,1.8388065769592723,242.6966351608468,15.168539697552928,16,False,True,True,,,4.6938743267753065,True,,12.0,fixed_film,fixed_film
fixed_film__g1__t12,1,12,96,provenance://crystalite/outputs/final report output/relaxed_groups/fixed_film__g1__t12/cifs/sample_00096.cif,True,True,True,True,2.16133911430432,156.26963369340643,26.044938948901077,6,False,True,True,,,6.275032709812403,True,,12.0,fixed_film,fixed_film
fixed_film__g1__t12,1,12,97,provenance://crystalite/outputs/final report output/relaxed_groups/fixed_film__g1__t12/cifs/sample_00097.cif,True,False,True,False,1.9162359005799297,488.93395277941727,25.733365935758805,19,False,True,True,,,7.299822780488145,True,,12.0,fixed_film,fixed_film
fixed_film__g1__t12,1,12,98,provenance://crystalite/outputs/final report output/relaxed_groups/fixed_film__g1__t12/cifs/sample_00098.cif,True,True,True,True,2.050897259524316,411.1565805824032,22.84203225457795,18,False,True,True,,,6.720213771841862,True,,12.0,fixed_film,fixed_film
fixed_film__g1__t12,1,12,99,provenance://crystalite/outputs/final report output/relaxed_groups/fixed_film__g1__t12/cifs/sample_00099.cif,True,True,True,True,2.092961557483375,460.89316908671856,25.605176060373253,18,False,True,True,,,4.34349618459767,True,,12.0,fixed_film,fixed_film
fixed_film__g1__t12,1,12,100,provenance://crystalite/outputs/final report output/relaxed_groups/fixed_film__g1__t12/cifs/sample_00100.cif,True,True,True,True,2.6490126627477366,215.71638614309552,30.81662659187079,7,False,True,True,,,10.44043960860638,True,,12.0,fixed_film,fixed_film
fixed_film__g1__t12,1,12,101,provenance://crystalite/outputs/final report output/relaxed_groups/fixed_film__g1__t12/cifs/sample_00101.cif,True,True,True,True,2.406445290006457,164.0484341328245,20.506054266603066,8,True,True,True,,,13.547623389331058,True,,12.0,fixed_film,fixed_film
fixed_film__g1__t12,1,12,102,provenance://crystalite/outputs/final report output/relaxed_groups/fixed_film__g1__t12/cifs/sample_00102.cif,True,True,True,True,1.330623129968304,184.78779211706788,15.398982676422325,12,False,True,True,,,5.67350332061109,True,,12.0,fixed_film,fixed_film
fixed_film__g1__t12,1,12,103,provenance://crystalite/outputs/final report output/relaxed_groups/fixed_film__g1__t12/cifs/sample_00103.cif,True,True,True,True,1.6880536265547663,259.9369269132728,12.99684634566364,20,False,True,True,,,5.315678204220299,True,,12.0,fixed_film,fixed_film
fixed_film__g1__t12,1,12,104,provenance://crystalite/outputs/final report output/relaxed_groups/fixed_film__g1__t12/cifs/sample_00104.cif,True,True,True,True,1.7063959144789984,210.693574903312,17.557797908609334,12,False,True,True,,,6.992908629904311,True,,12.0,fixed_film,fixed_film
fixed_film__g1__t12,1,12,105,provenance://crystalite/outputs/final report output/relaxed_groups/fixed_film__g1__t12/cifs/sample_00105.cif,True,True,True,True,2.349459818015065,72.54148728861739,24.180495762872464,3,False,True,True,,,8.793887849226712,True,,12.0,fixed_film,fixed_film
fixed_film__g1__t12,1,12,106,provenance://crystalite/outputs/final report output/relaxed_groups/fixed_film__g1__t12/cifs/sample_00106.cif,True,True,True,True,2.268882082114478,307.0370759555594,21.931219711111385,14,False,True,True,,,9.04710093504286,True,,12.0,fixed_film,fixed_film
fixed_film__g1__t12,1,12,107,provenance://crystalite/outputs/final report output/relaxed_groups/fixed_film__g1__t12/cifs/sample_00107.cif,True,True,True,True,2.561134664926268,324.6789934484548,24.97530718834268,13,False,True,True,,,6.403617518180217,True,,12.0,fixed_film,fixed_film
fixed_film__g1__t12,1,12,108,provenance://crystalite/outputs/final report output/relaxed_groups/fixed_film__g1__t12/cifs/sample_00108.cif,True,True,True,True,1.8123832171470189,156.69553323618686,13.057961103015572,12,False,True,True,,,7.071720191291579,True,,12.0,fixed_film,fixed_film
fixed_film__g1__t12,1,12,109,provenance://crystalite/outputs/final report output/relaxed_groups/fixed_film__g1__t12/cifs/sample_00109.cif,True,True,True,True,1.7865447600448046,212.25179771293477,11.791766539607488,18,False,True,True,,,8.588965502742584,True,,12.0,fixed_film,fixed_film
fixed_film__g1__t12,1,12,110,provenance://crystalite/outputs/final report output/relaxed_groups/fixed_film__g1__t12/cifs/sample_00110.cif,True,True,True,True,2.5907235575222027,413.8758828313743,29.56256305938388,14,False,True,True,,,9.452869227135436,True,,12.0,fixed_film,fixed_film
fixed_film__g1__t12,1,12,111,provenance://crystalite/outputs/final report output/relaxed_groups/fixed_film__g1__t12/cifs/sample_00111.cif,True,False,True,False,2.4245397527454,220.392277779733,27.549034722466622,8,False,True,True,,,15.232616050272805,True,,12.0,fixed_film,fixed_film
fixed_film__g1__t12,1,12,112,provenance://crystalite/outputs/final report output/relaxed_groups/fixed_film__g1__t12/cifs/sample_00112.cif,True,True,True,True,2.085685076497928,113.48715337154692,22.69743067430938,5,False,True,True,,,6.030894312106366,True,,12.0,fixed_film,fixed_film
fixed_film__g1__t12,1,12,113,provenance://crystalite/outputs/final report output/relaxed_groups/fixed_film__g1__t12/cifs/sample_00113.cif,True,True,True,True,2.428271051178232,222.09382035372863,27.76172754421608,8,True,True,True,,,12.60358708610773,True,,12.0,fixed_film,fixed_film
fixed_film__g1__t12,1,12,114,provenance://crystalite/outputs/final report output/relaxed_groups/fixed_film__g1__t12/cifs/sample_00114.cif,True,True,True,True,1.8486425856438369,224.4037775850039,16.028841256071704,14,False,True,True,,,4.105130153950227,True,,12.0,fixed_film,fixed_film
fixed_film__g1__t12,1,12,115,provenance://crystalite/outputs/final report output/relaxed_groups/fixed_film__g1__t12/cifs/sample_00115.cif,True,True,True,True,2.4355205431915485,307.49068291049804,25.62422357587484,12,False,True,True,,,12.152348594182172,True,,12.0,fixed_film,fixed_film
fixed_film__g1__t12,1,12,116,provenance://crystalite/outputs/final report output/relaxed_groups/fixed_film__g1__t12/cifs/sample_00116.cif,True,True,True,True,2.557568505573599,229.30767310376388,28.663459137970484,8,False,True,True,,,5.574407017001181,True,,12.0,fixed_film,fixed_film
fixed_film__g1__t12,1,12,117,provenance://crystalite/outputs/final report output/relaxed_groups/fixed_film__g1__t12/cifs/sample_00117.cif,True,False,True,False,2.398574716632789,535.1080888337059,31.4769464019827,17,False,True,True,,,11.734796351244391,True,,12.0,fixed_film,fixed_film
fixed_film__g1__t12,1,12,118,provenance://crystalite/outputs/final report output/relaxed_groups/fixed_film__g1__t12/cifs/sample_00118.cif,True,True,True,True,2.2722312245673555,413.2980900266082,20.66490450133041,20,False,True,True,,,11.862237883156778,True,,12.0,fixed_film,fixed_film
fixed_film__g1__t12,1,12,119,provenance://crystalite/outputs/final report output/relaxed_groups/fixed_film__g1__t12/cifs/sample_00119.cif,True,True,True,True,2.451492569736487,607.7523356581619,30.387616782908093,20,False,True,True,,,7.510558944477485,True,,12.0,fixed_film,fixed_film
fixed_film__g1__t12,1,12,120,provenance://crystalite/outputs/final report output/relaxed_groups/fixed_film__g1__t12/cifs/sample_00120.cif,True,True,True,True,1.986838504250759,241.2086997954765,12.060434989773826,20,False,True,True,,,5.82008448861475,True,,12.0,fixed_film,fixed_film
fixed_film__g1__t12,1,12,121,provenance://crystalite/outputs/final report output/relaxed_groups/fixed_film__g1__t12/cifs/sample_00121.cif,True,True,True,True,2.439871530615729,267.59964069114324,20.58458774547256,13,True,True,True,,,17.525982078146544,True,,12.0,fixed_film,fixed_film
fixed_film__g1__t12,1,12,122,provenance://crystalite/outputs/final report output/relaxed_groups/fixed_film__g1__t12/cifs/sample_00122.cif,True,False,True,False,2.437177225421628,556.6145568600259,30.923030936668106,18,False,True,True,,,15.54878824782666,True,,12.0,fixed_film,fixed_film
fixed_film__g1__t12,1,12,123,provenance://crystalite/outputs/final report output/relaxed_groups/fixed_film__g1__t12/cifs/sample_00123.cif,True,True,True,True,2.0706893827347588,310.00882299217216,31.000882299217217,10,False,True,True,,,9.107211952241464,True,,12.0,fixed_film,fixed_film
fixed_film__g1__t12,1,12,124,provenance://crystalite/outputs/final report output/relaxed_groups/fixed_film__g1__t12/cifs/sample_00124.cif,True,True,True,True,2.2768366287195594,258.0639737393734,18.43314098138381,14,False,True,True,,,13.90008807839475,True,,12.0,fixed_film,fixed_film
fixed_film__g1__t12,1,12,125,provenance://crystalite/outputs/final report output/relaxed_groups/fixed_film__g1__t12/cifs/sample_00125.cif,True,True,True,True,1.3628333758252211,501.8068245425048,25.09034122712524,20,False,True,True,,,4.971688560900875,True,,12.0,fixed_film,fixed_film
fixed_film__g1__t12,1,12,126,provenance://crystalite/outputs/final report output/relaxed_groups/fixed_film__g1__t12/cifs/sample_00126.cif,True,True,True,True,2.496216461661191,374.03724107064414,28.772095466972623,13,False,True,True,,,12.103671966349587,True,,12.0,fixed_film,fixed_film
fixed_film__g1__t12,1,12,127,provenance://crystalite/outputs/final report output/relaxed_groups/fixed_film__g1__t12/cifs/sample_00127.cif,True,True,True,True,1.9974550793341777,187.70685134794712,18.77068513479471,10,False,True,True,,,4.220000967758506,True,,12.0,fixed_film,fixed_film
fixed_film__g2__t2,2,2,0,provenance://crystalite/outputs/final report output/relaxed_groups/fixed_film__g2__t2/cifs/sample_00000.cif,True,True,True,True,2.1854988686943444,294.642897232186,73.66072430804648,4,False,True,True,,,1.1718867350805546,True,,2.0,fixed_film,fixed_film
fixed_film__g2__t2,2,2,1,provenance://crystalite/outputs/final report output/relaxed_groups/fixed_film__g2__t2/cifs/sample_00001.cif,True,False,True,False,1.935060639149101,427.4359784185991,21.371798920929955,20,False,True,True,,,1.8025810675906504,True,,2.0,fixed_film,fixed_film
fixed_film__g2__t2,2,2,2,provenance://crystalite/outputs/final report output/relaxed_groups/fixed_film__g2__t2/cifs/sample_00002.cif,True,True,True,True,1.7939062299549318,142.21899851424894,17.777374814281117,8,False,True,True,,,1.81835268591199,True,,2.0,fixed_film,fixed_film
fixed_film__g2__t2,2,2,3,provenance://crystalite/outputs/final report output/relaxed_groups/fixed_film__g2__t2/cifs/sample_00003.cif,True,False,True,False,1.4866005517172594,136.13809916432007,17.01726239554001,8,False,True,True,,,2.8815647366783828,True,,2.0,fixed_film,fixed_film
fixed_film__g2__t2,2,2,4,provenance://crystalite/outputs/final report output/relaxed_groups/fixed_film__g2__t2/cifs/sample_00004.cif,True,True,True,True,2.020538392281688,77.86316625351371,38.931583126756856,2,False,True,True,,,2.2660090804933053,True,,2.0,fixed_film,fixed_film
fixed_film__g2__t2,2,2,5,provenance://crystalite/outputs/final report output/relaxed_groups/fixed_film__g2__t2/cifs/sample_00005.cif,True,False,True,False,1.40967591524728,211.43002186225235,13.214376366390772,16,False,True,True,,,3.457631257322776,True,,2.0,fixed_film,fixed_film
fixed_film__g2__t2,2,2,6,provenance://crystalite/outputs/final report output/relaxed_groups/fixed_film__g2__t2/cifs/sample_00006.cif,True,False,True,False,1.934113975961206,173.88815056339902,21.73601882042488,8,False,True,True,,,1.7624361571147051,True,,2.0,fixed_film,fixed_film
fixed_film__g2__t2,2,2,7,provenance://crystalite/outputs/final report output/relaxed_groups/fixed_film__g2__t2/cifs/sample_00007.cif,True,False,True,False,1.3367036288101537,207.1919399965447,14.79942428546748,14,False,True,True,,,2.0019084138377714,True,,2.0,fixed_film,fixed_film
fixed_film__g2__t2,2,2,8,provenance://crystalite/outputs/final report output/relaxed_groups/fixed_film__g2__t2/cifs/sample_00008.cif,True,False,True,False,1.4980877020432577,246.4018033499372,20.533483612494766,12,False,True,True,,,2.7350524705434887,True,,2.0,fixed_film,fixed_film
fixed_film__g2__t2,2,2,9,provenance://crystalite/outputs/final report output/relaxed_groups/fixed_film__g2__t2/cifs/sample_00009.cif,True,True,True,True,1.7964536727467415,136.5809698563127,17.072621232039086,8,False,True,True,,,2.086304154509424,True,,2.0,fixed_film,fixed_film
fixed_film__g2__t2,2,2,10,provenance://crystalite/outputs/final report output/relaxed_groups/fixed_film__g2__t2/cifs/sample_00010.cif,True,False,True,False,1.4441079592413155,313.4426986152764,26.12022488460637,12,False,True,True,,,2.1988636223292874,True,,2.0,fixed_film,fixed_film
fixed_film__g2__t2,2,2,11,provenance://crystalite/outputs/final report output/relaxed_groups/fixed_film__g2__t2/cifs/sample_00011.cif,True,True,True,True,1.694055754273817,296.10443398937707,16.45024633274317,18,False,True,True,,,1.99107957016646,True,,2.0,fixed_film,fixed_film
fixed_film__g2__t2,2,2,12,provenance://crystalite/outputs/final report output/relaxed_groups/fixed_film__g2__t2/cifs/sample_00012.cif,True,False,True,False,1.8228493728334425,207.9454514982334,20.794545149823342,10,False,True,True,,,2.0654039669695305,True,,2.0,fixed_film,fixed_film
fixed_film__g2__t2,2,2,13,provenance://crystalite/outputs/final report output/relaxed_groups/fixed_film__g2__t2/cifs/sample_00013.cif,True,False,True,False,1.473228138674861,192.8743456441197,16.072862137009974,12,False,True,True,,,2.4848136988531557,True,,2.0,fixed_film,fixed_film
fixed_film__g2__t2,2,2,14,provenance://crystalite/outputs/final report output/relaxed_groups/fixed_film__g2__t2/cifs/sample_00014.cif,True,True,True,True,1.4657890998239522,165.39592485461648,13.782993737884707,12,False,True,True,,,2.072275993694927,True,,2.0,fixed_film,fixed_film
fixed_film__g2__t2,2,2,15,provenance://crystalite/outputs/final report output/relaxed_groups/fixed_film__g2__t2/cifs/sample_00015.cif,True,True,True,True,1.233823416456798,171.44310542161583,57.14770180720527,3,False,True,True,,,1.9335649215825288,True,,2.0,fixed_film,fixed_film
fixed_film__g2__t2,2,2,16,provenance://crystalite/outputs/final report output/relaxed_groups/fixed_film__g2__t2/cifs/sample_00016.cif,True,False,True,False,1.0147304669283903,419.9488448019205,23.330491377884474,18,False,True,True,,,1.9290811126778264,True,,2.0,fixed_film,fixed_film
fixed_film__g2__t2,2,2,17,provenance://crystalite/outputs/final report output/relaxed_groups/fixed_film__g2__t2/cifs/sample_00017.cif,True,True,True,True,1.7380526450337117,113.05391909832964,14.131739887291204,8,False,True,True,,,4.214615849394781,True,,2.0,fixed_film,fixed_film
fixed_film__g2__t2,2,2,18,provenance://crystalite/outputs/final report output/relaxed_groups/fixed_film__g2__t2/cifs/sample_00018.cif,True,False,True,False,3.41264676697806,84.32024093885228,42.16012046942614,2,False,True,True,,,3.8171482691374408,True,,2.0,fixed_film,fixed_film
fixed_film__g2__t2,2,2,19,provenance://crystalite/outputs/final report output/relaxed_groups/fixed_film__g2__t2/cifs/sample_00019.cif,True,False,True,False,1.829625620820378,228.5030314938692,22.85030314938692,10,False,True,True,,,1.965109456930466,True,,2.0,fixed_film,fixed_film
fixed_film__g2__t2,2,2,20,provenance://crystalite/outputs/final report output/relaxed_groups/fixed_film__g2__t2/cifs/sample_00020.cif,True,False,True,False,2.27045587549006,121.48191284420948,24.296382568841896,5,False,True,True,,,3.27130070871077,True,,2.0,fixed_film,fixed_film
fixed_film__g2__t2,2,2,21,provenance://crystalite/outputs/final report output/relaxed_groups/fixed_film__g2__t2/cifs/sample_00021.cif,True,False,True,False,1.4603514821647,374.0276370063272,18.70138185031636,20,False,True,True,,,2.0412631602220537,True,,2.0,fixed_film,fixed_film
fixed_film__g2__t2,2,2,22,provenance://crystalite/outputs/final report output/relaxed_groups/fixed_film__g2__t2/cifs/sample_00022.cif,True,False,True,False,1.0024430111828109,243.82582529382483,17.416130378130344,14,False,True,True,,,2.125827350341412,True,,2.0,fixed_film,fixed_film
fixed_film__g2__t2,2,2,23,provenance://crystalite/outputs/final report output/relaxed_groups/fixed_film__g2__t2/cifs/sample_00023.cif,True,True,True,True,1.855663018526222,115.26753921809454,12.80750435756606,9,False,True,True,,,2.433067203508086,True,,2.0,fixed_film,fixed_film
fixed_film__g2__t2,2,2,24,provenance://crystalite/outputs/final report output/relaxed_groups/fixed_film__g2__t2/cifs/sample_00024.cif,True,True,True,True,1.6682104734237273,219.24437094220823,21.924437094220828,10,False,True,True,,,1.9299678050957527,True,,2.0,fixed_film,fixed_film
fixed_film__g2__t2,2,2,25,provenance://crystalite/outputs/final report output/relaxed_groups/fixed_film__g2__t2/cifs/sample_00025.cif,True,False,True,False,1.982305984770634,346.2603723360437,21.64127327100273,16,False,True,True,,,1.9519258504829609,True,,2.0,fixed_film,fixed_film
fixed_film__g2__t2,2,2,26,provenance://crystalite/outputs/final report output/relaxed_groups/fixed_film__g2__t2/cifs/sample_00026.cif,True,True,True,True,1.4844392767447492,375.5998502993016,18.77999251496508,20,False,True,True,,,2.47181073513126,True,,2.0,fixed_film,fixed_film
fixed_film__g2__t2,2,2,27,provenance://crystalite/outputs/final report output/relaxed_groups/fixed_film__g2__t2/cifs/sample_00027.cif,True,False,True,False,1.9828860525524536,130.33624399857257,16.29203049982157,8,False,True,True,,,2.0069003966837387,True,,2.0,fixed_film,fixed_film
fixed_film__g2__t2,2,2,28,provenance://crystalite/outputs/final report output/relaxed_groups/fixed_film__g2__t2/cifs/sample_00028.cif,True,True,True,True,1.337209694154954,291.034314791933,18.189644674495813,16,False,True,True,,,2.5103408018359024,True,,2.0,fixed_film,fixed_film
fixed_film__g2__t2,2,2,29,provenance://crystalite/outputs/final report output/relaxed_groups/fixed_film__g2__t2/cifs/sample_00029.cif,True,False,True,False,1.319370894311483,233.75498154862024,14.609686346788768,16,False,True,True,,,2.203345063045228,True,,2.0,fixed_film,fixed_film
fixed_film__g2__t2,2,2,30,provenance://crystalite/outputs/final report output/relaxed_groups/fixed_film__g2__t2/cifs/sample_00030.cif,True,True,True,True,1.7819586499684137,282.1763201060092,17.636020006625575,16,False,True,True,,,2.374438537786609,True,,2.0,fixed_film,fixed_film
fixed_film__g2__t2,2,2,31,provenance://crystalite/outputs/final report output/relaxed_groups/fixed_film__g2__t2/cifs/sample_00031.cif,True,False,True,False,1.7612174460115944,112.86926848300394,22.573853696600786,5,False,True,True,,,2.138467411313926,True,,2.0,fixed_film,fixed_film
fixed_film__g2__t2,2,2,32,provenance://crystalite/outputs/final report output/relaxed_groups/fixed_film__g2__t2/cifs/sample_00032.cif,True,False,True,False,1.4735268273372422,301.2569144322815,16.736495246237862,18,False,True,True,,,1.951488075105127,True,,2.0,fixed_film,fixed_film
fixed_film__g2__t2,2,2,33,provenance://crystalite/outputs/final report output/relaxed_groups/fixed_film__g2__t2/cifs/sample_00033.cif,True,True,True,True,1.3152560657029992,231.3437770729687,19.27864808941406,12,False,True,True,,,2.155571927733869,True,,2.0,fixed_film,fixed_film
fixed_film__g2__t2,2,2,34,provenance://crystalite/outputs/final report output/relaxed_groups/fixed_film__g2__t2/cifs/sample_00034.cif,True,False,True,False,1.5879330483386702,174.97569509424468,13.459668853403436,13,False,True,True,,,2.8569937094763342,True,,2.0,fixed_film,fixed_film
fixed_film__g2__t2,2,2,35,provenance://crystalite/outputs/final report output/relaxed_groups/fixed_film__g2__t2/cifs/sample_00035.cif,True,True,True,True,1.86158870245413,120.29200546940206,17.18457220991458,7,False,True,True,,,2.549849611687216,True,,2.0,fixed_film,fixed_film
fixed_film__g2__t2,2,2,36,provenance://crystalite/outputs/final report output/relaxed_groups/fixed_film__g2__t2/cifs/sample_00036.cif,True,False,True,False,0.6114623895225175,292.9008316310582,16.27226842394768,18,False,True,True,,,2.293259011626232,True,,2.0,fixed_film,fixed_film
fixed_film__g2__t2,2,2,37,provenance://crystalite/outputs/final report output/relaxed_groups/fixed_film__g2__t2/cifs/sample_00037.cif,True,False,True,False,1.439580096097004,244.8330624404693,15.302066402529332,16,False,True,True,,,2.328008680578545,True,,2.0,fixed_film,fixed_film
fixed_film__g2__t2,2,2,38,provenance://crystalite/outputs/final report output/relaxed_groups/fixed_film__g2__t2/cifs/sample_00038.cif,True,True,True,True,1.2260099877986177,270.8290604118966,22.56908836765805,12,False,True,True,,,1.82766353134692,True,,2.0,fixed_film,fixed_film
fixed_film__g2__t2,2,2,39,provenance://crystalite/outputs/final report output/relaxed_groups/fixed_film__g2__t2/cifs/sample_00039.cif,True,True,True,True,0.7574989711483625,274.07329024092377,17.129580640057736,16,False,True,True,,,1.753617856989511,True,,2.0,fixed_film,fixed_film
fixed_film__g2__t2,2,2,40,provenance://crystalite/outputs/final report output/relaxed_groups/fixed_film__g2__t2/cifs/sample_00040.cif,True,True,True,True,3.0199693757020065,56.433328178315605,28.216664089157803,2,False,True,False,,,2.2766315313983503,True,,2.0,fixed_film,fixed_film
fixed_film__g2__t2,2,2,41,provenance://crystalite/outputs/final report output/relaxed_groups/fixed_film__g2__t2/cifs/sample_00041.cif,True,False,True,False,1.607916265343107,114.6967107087446,22.93934214174892,5,False,True,True,,,2.481166723808796,True,,2.0,fixed_film,fixed_film
fixed_film__g2__t2,2,2,42,provenance://crystalite/outputs/final report output/relaxed_groups/fixed_film__g2__t2/cifs/sample_00042.cif,True,False,True,False,1.9307763163350888,291.5142229446409,18.21963893404006,16,False,True,True,,,2.151428042799296,True,,2.0,fixed_film,fixed_film
fixed_film__g2__t2,2,2,43,provenance://crystalite/outputs/final report output/relaxed_groups/fixed_film__g2__t2/cifs/sample_00043.cif,True,True,True,True,1.901477860957606,206.4264844485436,20.642648444854355,10,False,True,True,,,3.3883086668667795,True,,2.0,fixed_film,fixed_film
fixed_film__g2__t2,2,2,44,provenance://crystalite/outputs/final report output/relaxed_groups/fixed_film__g2__t2/cifs/sample_00044.cif,True,True,True,True,1.8047729468024047,225.52266684997505,22.552266684997505,10,False,True,True,,,2.1899084457688445,True,,2.0,fixed_film,fixed_film
fixed_film__g2__t2,2,2,45,provenance://crystalite/outputs/final report output/relaxed_groups/fixed_film__g2__t2/cifs/sample_00045.cif,True,False,True,False,1.3312382009984025,239.40485486465195,39.900809144108656,6,False,True,True,,,1.807624872979492,True,,2.0,fixed_film,fixed_film
fixed_film__g2__t2,2,2,46,provenance://crystalite/outputs/final report output/relaxed_groups/fixed_film__g2__t2/cifs/sample_00046.cif,True,True,True,True,1.5525727908277944,186.0961156665999,16.91782869696363,11,False,True,True,,,2.2981319683116808,True,,2.0,fixed_film,fixed_film
fixed_film__g2__t2,2,2,47,provenance://crystalite/outputs/final report output/relaxed_groups/fixed_film__g2__t2/cifs/sample_00047.cif,True,False,True,False,1.505409552228003,186.13602670117749,15.511335558431457,12,False,True,True,,,2.5428888779070795,True,,2.0,fixed_film,fixed_film
fixed_film__g2__t2,2,2,48,provenance://crystalite/outputs/final report output/relaxed_groups/fixed_film__g2__t2/cifs/sample_00048.cif,True,False,True,False,1.473252957574977,131.00959609280414,16.376199511600518,8,False,True,True,,,3.0644996924447763,True,,2.0,fixed_film,fixed_film
fixed_film__g2__t2,2,2,49,provenance://crystalite/outputs/final report output/relaxed_groups/fixed_film__g2__t2/cifs/sample_00049.cif,True,True,True,True,1.9010677091279171,150.06255917064377,18.75781989633047,8,False,True,True,,,2.0771518119081698,True,,2.0,fixed_film,fixed_film
fixed_film__g2__t2,2,2,50,provenance://crystalite/outputs/final report output/relaxed_groups/fixed_film__g2__t2/cifs/sample_00050.cif,True,True,True,True,1.415279286113984,424.2075120153043,35.35062600127536,12,False,True,True,,,2.0058976784838176,True,,2.0,fixed_film,fixed_film
fixed_film__g2__t2,2,2,51,provenance://crystalite/outputs/final report output/relaxed_groups/fixed_film__g2__t2/cifs/sample_00051.cif,True,False,True,False,1.9146553812270664,194.267833486344,21.585314831816,9,False,True,True,,,2.002045292350755,True,,2.0,fixed_film,fixed_film
fixed_film__g2__t2,2,2,52,provenance://crystalite/outputs/final report output/relaxed_groups/fixed_film__g2__t2/cifs/sample_00052.cif,True,True,True,True,1.967367511713496,192.0525642953299,17.459324026848172,11,False,True,True,,,2.325170481185631,True,,2.0,fixed_film,fixed_film
fixed_film__g2__t2,2,2,53,provenance://crystalite/outputs/final report output/relaxed_groups/fixed_film__g2__t2/cifs/sample_00053.cif,True,False,True,False,1.447038016969207,458.9592666178323,25.497737034324015,18,False,True,True,,,1.82414834756236,True,,2.0,fixed_film,fixed_film
fixed_film__g2__t2,2,2,54,provenance://crystalite/outputs/final report output/relaxed_groups/fixed_film__g2__t2/cifs/sample_00054.cif,True,True,True,True,1.4754323344973597,443.437661753157,24.63542565295317,18,False,True,True,,,1.954076439164953,True,,2.0,fixed_film,fixed_film
fixed_film__g2__t2,2,2,55,provenance://crystalite/outputs/final report output/relaxed_groups/fixed_film__g2__t2/cifs/sample_00055.cif,True,False,True,False,1.4324843542891734,378.5749654824555,31.54791379020463,12,False,True,True,,,1.8675585260490777,True,,2.0,fixed_film,fixed_film
fixed_film__g2__t2,2,2,56,provenance://crystalite/outputs/final report output/relaxed_groups/fixed_film__g2__t2/cifs/sample_00056.cif,True,True,True,True,2.675774430024759,139.8902631899395,34.97256579748488,4,False,True,True,,,4.191877160472173,True,,2.0,fixed_film,fixed_film
fixed_film__g2__t2,2,2,57,provenance://crystalite/outputs/final report output/relaxed_groups/fixed_film__g2__t2/cifs/sample_00057.cif,True,True,True,True,1.8535276622987773,92.9292088183684,18.58584176367368,5,False,True,True,,,4.317130483206392,True,,2.0,fixed_film,fixed_film
fixed_film__g2__t2,2,2,59,provenance://crystalite/outputs/final report output/relaxed_groups/fixed_film__g2__t2/cifs/sample_00059.cif,True,False,True,False,1.1299622325385126,239.60776302708183,21.782523911552893,11,False,True,True,,,2.0470741969997466,True,,2.0,fixed_film,fixed_film
fixed_film__g2__t2,2,2,60,provenance://crystalite/outputs/final report output/relaxed_groups/fixed_film__g2__t2/cifs/sample_00060.cif,True,True,True,True,2.0141403785945613,112.59430048632548,28.148575121581366,4,False,True,True,,,3.3106284558255914,True,,2.0,fixed_film,fixed_film
fixed_film__g2__t2,2,2,61,provenance://crystalite/outputs/final report output/relaxed_groups/fixed_film__g2__t2/cifs/sample_00061.cif,True,True,True,True,1.589457790310322,301.60360315399555,21.543114510999683,14,False,True,True,,,2.157606292965957,True,,2.0,fixed_film,fixed_film
fixed_film__g2__t2,2,2,62,provenance://crystalite/outputs/final report output/relaxed_groups/fixed_film__g2__t2/cifs/sample_00062.cif,True,False,True,False,1.4107283062650624,171.96088329242752,15.632807572038866,11,False,True,True,,,2.247899186001676,True,,2.0,fixed_film,fixed_film
fixed_film__g2__t2,2,2,63,provenance://crystalite/outputs/final report output/relaxed_groups/fixed_film__g2__t2/cifs/sample_00063.cif,True,True,True,True,1.3334113061865618,201.3361587518208,22.370684305757862,9,False,True,True,,,2.181800847304291,True,,2.0,fixed_film,fixed_film
fixed_film__g2__t2,2,2,64,provenance://crystalite/outputs/final report output/relaxed_groups/fixed_film__g2__t2/cifs/sample_00064.cif,True,False,True,False,1.4719661269086406,101.19432847928124,14.456332639897322,7,False,True,True,,,3.009356277833084,True,,2.0,fixed_film,fixed_film
fixed_film__g2__t2,2,2,65,provenance://crystalite/outputs/final report output/relaxed_groups/fixed_film__g2__t2/cifs/sample_00065.cif,True,True,True,True,1.95518661574628,127.97913224253344,21.32985537375557,6,False,True,True,,,2.433703334640528,True,,2.0,fixed_film,fixed_film
fixed_film__g2__t2,2,2,66,provenance://crystalite/outputs/final report output/relaxed_groups/fixed_film__g2__t2/cifs/sample_00066.cif,True,True,True,True,1.5957974670528634,342.38089184208684,17.11904459210434,20,False,True,True,,,1.991397626803921,True,,2.0,fixed_film,fixed_film
fixed_film__g2__t2,2,2,67,provenance://crystalite/outputs/final report output/relaxed_groups/fixed_film__g2__t2/cifs/sample_00067.cif,True,False,True,False,1.602302003984378,210.12868933498945,17.51072411124912,12,False,True,True,,,1.9984695782100053,True,,2.0,fixed_film,fixed_film
fixed_film__g2__t2,2,2,68,provenance://crystalite/outputs/final report output/relaxed_groups/fixed_film__g2__t2/cifs/sample_00068.cif,True,True,True,True,1.4476838810526682,94.50993420637283,23.62748355159321,4,False,True,True,,,1.8189385007267371,True,,2.0,fixed_film,fixed_film
fixed_film__g2__t2,2,2,69,provenance://crystalite/outputs/final report output/relaxed_groups/fixed_film__g2__t2/cifs/sample_00069.cif,True,False,True,False,1.465242275363094,463.1343907357392,23.15671953678696,20,False,True,True,,,2.107938012763772,True,,2.0,fixed_film,fixed_film
fixed_film__g2__t2,2,2,71,provenance://crystalite/outputs/final report output/relaxed_groups/fixed_film__g2__t2/cifs/sample_00071.cif,True,True,True,True,1.79113988907722,84.81504276476127,14.135840460793546,6,False,True,False,,,1.9107565443144092,True,,2.0,fixed_film,fixed_film
fixed_film__g2__t2,2,2,72,provenance://crystalite/outputs/final report output/relaxed_groups/fixed_film__g2__t2/cifs/sample_00072.cif,True,True,True,True,1.3253372738249194,208.3579055675063,20.83579055675063,10,False,True,True,,,2.5039120918122344,True,,2.0,fixed_film,fixed_film
fixed_film__g2__t2,2,2,74,provenance://crystalite/outputs/final report output/relaxed_groups/fixed_film__g2__t2/cifs/sample_00074.cif,True,True,True,True,1.946837841452228,40.62888062668419,10.157220156671048,4,False,True,True,,,2.5213376426704,True,,2.0,fixed_film,fixed_film
fixed_film__g2__t2,2,2,75,provenance://crystalite/outputs/final report output/relaxed_groups/fixed_film__g2__t2/cifs/sample_00075.cif,True,True,True,True,1.7651266280612403,103.0166373559921,12.877079669499013,8,False,True,True,,,2.3185982168867385,True,,2.0,fixed_film,fixed_film
fixed_film__g2__t2,2,2,76,provenance://crystalite/outputs/final report output/relaxed_groups/fixed_film__g2__t2/cifs/sample_00076.cif,True,True,True,True,1.4402249602314507,95.07922644296464,47.53961322148232,2,False,True,True,,,1.7153163667599074,True,,2.0,fixed_film,fixed_film
fixed_film__g2__t2,2,2,77,provenance://crystalite/outputs/final report output/relaxed_groups/fixed_film__g2__t2/cifs/sample_00077.cif,True,False,True,False,1.9329624967500607,199.74945437939485,22.19438381993276,9,False,True,True,,,2.190709847511219,True,,2.0,fixed_film,fixed_film
fixed_film__g2__t2,2,2,78,provenance://crystalite/outputs/final report output/relaxed_groups/fixed_film__g2__t2/cifs/sample_00078.cif,True,True,True,True,2.160830547297042,167.04855057830707,20.881068822288384,8,False,True,True,,,2.119448278482461,True,,2.0,fixed_film,fixed_film
fixed_film__g2__t2,2,2,79,provenance://crystalite/outputs/final report output/relaxed_groups/fixed_film__g2__t2/cifs/sample_00079.cif,True,True,True,True,1.435696585791345,235.2070609235661,14.70044130772288,16,False,True,True,,,2.6392770492421955,True,,2.0,fixed_film,fixed_film
fixed_film__g2__t2,2,2,80,provenance://crystalite/outputs/final report output/relaxed_groups/fixed_film__g2__t2/cifs/sample_00080.cif,True,True,True,True,1.7398861430268655,168.3979815268664,16.83979815268664,10,False,True,True,,,1.620390428386938,True,,2.0,fixed_film,fixed_film
fixed_film__g2__t2,2,2,81,provenance://crystalite/outputs/final report output/relaxed_groups/fixed_film__g2__t2/cifs/sample_00081.cif,True,False,True,False,1.330553407983943,289.7508195288985,14.487540976444924,20,False,True,True,,,3.0355896106781395,True,,2.0,fixed_film,fixed_film
fixed_film__g2__t2,2,2,82,provenance://crystalite/outputs/final report output/relaxed_groups/fixed_film__g2__t2/cifs/sample_00082.cif,True,True,True,True,2.614332743289516,115.46289453558197,19.243815755930328,6,False,True,True,,,2.563083380029852,True,,2.0,fixed_film,fixed_film
fixed_film__g2__t2,2,2,83,provenance://crystalite/outputs/final report output/relaxed_groups/fixed_film__g2__t2/cifs/sample_00083.cif,True,False,True,False,0.9525761261259714,171.50547515403758,14.292122929503131,12,False,True,True,,,1.8151969112856208,True,,2.0,fixed_film,fixed_film
fixed_film__g2__t2,2,2,84,provenance://crystalite/outputs/final report output/relaxed_groups/fixed_film__g2__t2/cifs/sample_00084.cif,True,True,True,True,1.4176454596345638,380.1642392824371,21.12023551569095,18,False,True,True,,,1.9694443095994527,True,,2.0,fixed_film,fixed_film
fixed_film__g2__t2,2,2,85,provenance://crystalite/outputs/final report output/relaxed_groups/fixed_film__g2__t2/cifs/sample_00085.cif,True,True,True,True,1.2913008239621164,144.6446829381748,12.053723578181234,12,False,True,True,,,2.5649937583389937,True,,2.0,fixed_film,fixed_film
fixed_film__g2__t2,2,2,86,provenance://crystalite/outputs/final report output/relaxed_groups/fixed_film__g2__t2/cifs/sample_00086.cif,True,False,True,False,1.4754125364793982,357.4625384349435,25.53303845963882,14,False,True,True,,,2.1034517590849124,True,,2.0,fixed_film,fixed_film
fixed_film__g2__t2,2,2,87,provenance://crystalite/outputs/final report output/relaxed_groups/fixed_film__g2__t2/cifs/sample_00087.cif,True,True,True,True,1.624466558518884,220.9893591782779,18.41577993152316,12,False,True,True,,,3.1739655281644303,True,,2.0,fixed_film,fixed_film
fixed_film__g2__t2,2,2,88,provenance://crystalite/outputs/final report output/relaxed_groups/fixed_film__g2__t2/cifs/sample_00088.cif,True,False,True,False,1.4511495721255403,424.90770192176177,21.24538509608809,20,False,True,True,,,2.455454335499496,True,,2.0,fixed_film,fixed_film
fixed_film__g2__t2,2,2,89,provenance://crystalite/outputs/final report output/relaxed_groups/fixed_film__g2__t2/cifs/sample_00089.cif,True,True,True,True,1.591660931325752,243.6875971702128,15.230474823138298,16,False,True,True,,,2.489203858847229,True,,2.0,fixed_film,fixed_film
fixed_film__g2__t2,2,2,90,provenance://crystalite/outputs/final report output/relaxed_groups/fixed_film__g2__t2/cifs/sample_00090.cif,True,False,True,False,1.5823727320367638,228.7177313813682,16.33698081295487,14,False,True,True,,,1.8556338472479583,True,,2.0,fixed_film,fixed_film
fixed_film__g2__t2,2,2,91,provenance://crystalite/outputs/final report output/relaxed_groups/fixed_film__g2__t2/cifs/sample_00091.cif,True,True,True,True,1.9800644448654767,66.69060889411638,22.23020296470546,3,False,True,True,,,4.71755023862963,True,,2.0,fixed_film,fixed_film
fixed_film__g2__t2,2,2,92,provenance://crystalite/outputs/final report output/relaxed_groups/fixed_film__g2__t2/cifs/sample_00092.cif,True,True,True,True,2.181723182698524,84.2192821568481,16.84385643136962,5,False,True,True,,,2.4183214099921284,True,,2.0,fixed_film,fixed_film
fixed_film__g2__t2,2,2,93,provenance://crystalite/outputs/final report output/relaxed_groups/fixed_film__g2__t2/cifs/sample_00093.cif,True,True,True,True,1.818063294539348,119.66358155071627,17.09479736438804,7,False,True,True,,,2.511810968417795,True,,2.0,fixed_film,fixed_film
fixed_film__g2__t2,2,2,94,provenance://crystalite/outputs/final report output/relaxed_groups/fixed_film__g2__t2/cifs/sample_00094.cif,True,True,True,True,1.5838268297448692,172.05793273101227,17.20579327310123,10,False,True,True,,,1.2154120911654114,True,,2.0,fixed_film,fixed_film
fixed_film__g2__t2,2,2,95,provenance://crystalite/outputs/final report output/relaxed_groups/fixed_film__g2__t2/cifs/sample_00095.cif,True,False,True,False,1.6504300152215394,268.6460054859089,16.790375342869307,16,False,True,True,,,2.657350779494872,True,,2.0,fixed_film,fixed_film
fixed_film__g2__t2,2,2,96,provenance://crystalite/outputs/final report output/relaxed_groups/fixed_film__g2__t2/cifs/sample_00096.cif,True,False,True,False,2.276829725154918,128.29523106324294,21.38253851054049,6,False,True,True,,,2.705180972410858,True,,2.0,fixed_film,fixed_film
fixed_film__g2__t2,2,2,97,provenance://crystalite/outputs/final report output/relaxed_groups/fixed_film__g2__t2/cifs/sample_00097.cif,True,False,True,False,1.8610985587251696,540.3124073443015,28.43749512338429,19,False,True,True,,,1.6308991364747634,True,,2.0,fixed_film,fixed_film
fixed_film__g2__t2,2,2,98,provenance://crystalite/outputs/final report output/relaxed_groups/fixed_film__g2__t2/cifs/sample_00098.cif,True,False,True,False,1.4744121362913147,325.34639465330304,18.07479970296128,18,False,True,True,,,2.317109685070046,True,,2.0,fixed_film,fixed_film
fixed_film__g2__t2,2,2,99,provenance://crystalite/outputs/final report output/relaxed_groups/fixed_film__g2__t2/cifs/sample_00099.cif,True,False,True,False,1.471034351055024,376.9395297719872,20.941084987332623,18,False,True,True,,,1.6734999559842922,True,,2.0,fixed_film,fixed_film
fixed_film__g2__t2,2,2,100,provenance://crystalite/outputs/final report output/relaxed_groups/fixed_film__g2__t2/cifs/sample_00100.cif,True,False,True,False,1.7012984723482556,102.90720002096512,14.701028574423589,7,False,True,True,,,2.471797118837969,True,,2.0,fixed_film,fixed_film
fixed_film__g2__t2,2,2,101,provenance://crystalite/outputs/final report output/relaxed_groups/fixed_film__g2__t2/cifs/sample_00101.cif,True,True,True,True,1.907212363707548,144.91543200815013,18.114429001018767,8,False,True,True,,,2.0448982604308665,True,,2.0,fixed_film,fixed_film
fixed_film__g2__t2,2,2,102,provenance://crystalite/outputs/final report output/relaxed_groups/fixed_film__g2__t2/cifs/sample_00102.cif,True,True,True,True,1.3420435461396651,217.29407306059036,18.107839421715862,12,False,True,True,,,2.296626006290278,True,,2.0,fixed_film,fixed_film
fixed_film__g2__t2,2,2,103,provenance://crystalite/outputs/final report output/relaxed_groups/fixed_film__g2__t2/cifs/sample_00103.cif,True,True,True,True,1.598068910030618,314.4960695220264,15.72480347610132,20,False,False,True,,,2.7235089076899897,True,,2.0,fixed_film,fixed_film
fixed_film__g2__t2,2,2,104,provenance://crystalite/outputs/final report output/relaxed_groups/fixed_film__g2__t2/cifs/sample_00104.cif,True,True,True,True,1.705632150875085,253.32660839482244,21.110550699568535,12,False,True,True,,,1.9950644289200776,True,,2.0,fixed_film,fixed_film
fixed_film__g2__t2,2,2,105,provenance://crystalite/outputs/final report output/relaxed_groups/fixed_film__g2__t2/cifs/sample_00105.cif,True,False,True,False,1.9159993057090208,31.355176711033348,10.451725570344449,3,False,True,True,,,2.07057992428476,True,,2.0,fixed_film,fixed_film
fixed_film__g2__t2,2,2,106,provenance://crystalite/outputs/final report output/relaxed_groups/fixed_film__g2__t2/cifs/sample_00106.cif,True,True,True,True,2.265169267656378,330.92851885861137,23.637751347043668,14,False,True,True,,,2.383741140577747,True,,2.0,fixed_film,fixed_film
fixed_film__g2__t2,2,2,107,provenance://crystalite/outputs/final report output/relaxed_groups/fixed_film__g2__t2/cifs/sample_00107.cif,True,True,True,True,1.6810014682628514,208.61635806659277,16.047412158968672,13,False,True,True,,,1.8383805182635835,True,,2.0,fixed_film,fixed_film
fixed_film__g2__t2,2,2,108,provenance://crystalite/outputs/final report output/relaxed_groups/fixed_film__g2__t2/cifs/sample_00108.cif,True,True,True,True,1.6588679367784065,246.6216953750374,20.551807947919784,12,False,True,True,,,2.237080785249086,True,,2.0,fixed_film,fixed_film
fixed_film__g2__t2,2,2,109,provenance://crystalite/outputs/final report output/relaxed_groups/fixed_film__g2__t2/cifs/sample_00109.cif,True,True,True,True,1.7611953678433572,263.6922175310068,14.649567640611489,18,False,True,True,,,2.6079919671888763,True,,2.0,fixed_film,fixed_film
fixed_film__g2__t2,2,2,110,provenance://crystalite/outputs/final report output/relaxed_groups/fixed_film__g2__t2/cifs/sample_00110.cif,True,False,True,False,1.6330589736951258,227.6995219006621,16.264251564333005,14,False,True,True,,,1.8795751443889144,True,,2.0,fixed_film,fixed_film
fixed_film__g2__t2,2,2,111,provenance://crystalite/outputs/final report output/relaxed_groups/fixed_film__g2__t2/cifs/sample_00111.cif,True,True,True,True,1.8521397833690143,95.52032933345414,11.940041166681768,8,False,True,True,,,3.365187029238925,True,,2.0,fixed_film,fixed_film
fixed_film__g2__t2,2,2,112,provenance://crystalite/outputs/final report output/relaxed_groups/fixed_film__g2__t2/cifs/sample_00112.cif,True,False,True,False,1.859562362641572,54.02406011133682,10.804812022267363,5,False,True,True,,,1.976486489405473,True,,2.0,fixed_film,fixed_film
fixed_film__g2__t2,2,2,113,provenance://crystalite/outputs/final report output/relaxed_groups/fixed_film__g2__t2/cifs/sample_00113.cif,True,True,True,True,1.997494614139241,147.1184637130237,18.38980796412796,8,False,True,False,,,1.9799348768323584,True,,2.0,fixed_film,fixed_film
fixed_film__g2__t2,2,2,114,provenance://crystalite/outputs/final report output/relaxed_groups/fixed_film__g2__t2/cifs/sample_00114.cif,True,False,True,False,1.5676036556393862,214.64760938322144,15.331972098801533,14,False,True,True,,,2.2146551979948206,True,,2.0,fixed_film,fixed_film
fixed_film__g2__t2,2,2,115,provenance://crystalite/outputs/final report output/relaxed_groups/fixed_film__g2__t2/cifs/sample_00115.cif,True,False,True,False,1.469460745874016,323.5832792164423,26.965273268036857,12,False,False,True,,,2.296047338653989,True,,2.0,fixed_film,fixed_film
fixed_film__g2__t2,2,2,116,provenance://crystalite/outputs/final report output/relaxed_groups/fixed_film__g2__t2/cifs/sample_00116.cif,True,True,True,True,1.5947446001248118,191.99986131434264,23.99998266429283,8,False,True,True,,,2.135620854819091,True,,2.0,fixed_film,fixed_film
fixed_film__g2__t2,2,2,117,provenance://crystalite/outputs/final report output/relaxed_groups/fixed_film__g2__t2/cifs/sample_00117.cif,True,False,True,False,1.4300581954374048,300.23301426597925,17.660765545057604,17,False,True,True,,,2.0865080886596306,True,,2.0,fixed_film,fixed_film
fixed_film__g2__t2,2,2,118,provenance://crystalite/outputs/final report output/relaxed_groups/fixed_film__g2__t2/cifs/sample_00118.cif,True,False,True,False,0.9895886955090968,318.8170781931913,15.940853909659566,20,False,True,True,,,2.1621951498551617,True,,2.0,fixed_film,fixed_film
fixed_film__g2__t2,2,2,119,provenance://crystalite/outputs/final report output/relaxed_groups/fixed_film__g2__t2/cifs/sample_00119.cif,True,False,True,False,1.644017410191137,408.3786881972912,20.41893440986456,20,False,True,True,,,2.589164462845273,True,,2.0,fixed_film,fixed_film
fixed_film__g2__t2,2,2,120,provenance://crystalite/outputs/final report output/relaxed_groups/fixed_film__g2__t2/cifs/sample_00120.cif,True,True,True,True,1.5861443176464538,375.1719232412979,18.758596162064897,20,False,True,True,,,1.7973601600177818,True,,2.0,fixed_film,fixed_film
fixed_film__g2__t2,2,2,121,provenance://crystalite/outputs/final report output/relaxed_groups/fixed_film__g2__t2/cifs/sample_00121.cif,True,False,True,False,1.4635265215136586,301.39687047182224,23.184374651678635,13,False,True,True,,,2.4019931112196726,True,,2.0,fixed_film,fixed_film
fixed_film__g2__t2,2,2,122,provenance://crystalite/outputs/final report output/relaxed_groups/fixed_film__g2__t2/cifs/sample_00122.cif,True,False,True,False,1.4531561883575166,349.4865930098101,19.41592183387834,18,False,True,True,,,2.1720205984126144,True,,2.0,fixed_film,fixed_film
fixed_film__g2__t2,2,2,123,provenance://crystalite/outputs/final report output/relaxed_groups/fixed_film__g2__t2/cifs/sample_00123.cif,True,True,True,True,1.588657791446865,279.8978195642683,27.989781956426828,10,False,True,True,,,1.2432116747170816,True,,2.0,fixed_film,fixed_film
fixed_film__g2__t2,2,2,124,provenance://crystalite/outputs/final report output/relaxed_groups/fixed_film__g2__t2/cifs/sample_00124.cif,True,False,True,False,1.605845690133569,211.87519425631507,15.133942446879647,14,False,True,True,,,1.9756675720798,True,,2.0,fixed_film,fixed_film
fixed_film__g2__t2,2,2,125,provenance://crystalite/outputs/final report output/relaxed_groups/fixed_film__g2__t2/cifs/sample_00125.cif,True,False,True,False,1.1178940707537428,406.909751302138,20.3454875651069,20,False,True,True,,,2.0782494448513678,True,,2.0,fixed_film,fixed_film
fixed_film__g2__t2,2,2,126,provenance://crystalite/outputs/final report output/relaxed_groups/fixed_film__g2__t2/cifs/sample_00126.cif,True,True,True,True,1.4410386025684034,706.4865031692714,54.34511562840549,13,False,True,True,,,1.7607534489599592,True,,2.0,fixed_film,fixed_film
fixed_film__g2__t2,2,2,127,provenance://crystalite/outputs/final report output/relaxed_groups/fixed_film__g2__t2/cifs/sample_00127.cif,True,False,True,False,1.4753675857742845,238.69167134221456,23.869167134221456,10,False,True,True,,,2.1067533043142297,True,,2.0,fixed_film,fixed_film
fixed_film__g2__t4,2,4,0,provenance://crystalite/outputs/final report output/relaxed_groups/fixed_film__g2__t4/cifs/sample_00000.cif,True,True,True,True,1.657314282295802,102.22462515905151,25.55615628976288,4,False,True,True,,,3.162651304349576,True,,4.0,fixed_film,fixed_film
fixed_film__g2__t4,2,4,1,provenance://crystalite/outputs/final report output/relaxed_groups/fixed_film__g2__t4/cifs/sample_00001.cif,True,True,True,True,1.444688768189679,243.6551576500404,12.18275788250202,20,False,True,True,,,3.546823561487989,True,,4.0,fixed_film,fixed_film
fixed_film__g2__t4,2,4,2,provenance://crystalite/outputs/final report output/relaxed_groups/fixed_film__g2__t4/cifs/sample_00002.cif,True,True,True,True,1.648515966456232,111.8532411708198,13.981655146352477,8,False,True,True,,,2.93512868266377,True,,4.0,fixed_film,fixed_film
fixed_film__g2__t4,2,4,3,provenance://crystalite/outputs/final report output/relaxed_groups/fixed_film__g2__t4/cifs/sample_00003.cif,True,False,True,False,1.2089038438945094,126.19670673914676,15.774588342393344,8,False,True,True,,,2.752254871928694,True,,4.0,fixed_film,fixed_film
fixed_film__g2__t4,2,4,4,provenance://crystalite/outputs/final report output/relaxed_groups/fixed_film__g2__t4/cifs/sample_00004.cif,True,False,True,False,3.336690957752708,76.03920121217158,38.01960060608579,2,False,True,True,,,3.588908071159882,True,,4.0,fixed_film,fixed_film
fixed_film__g2__t4,2,4,5,provenance://crystalite/outputs/final report output/relaxed_groups/fixed_film__g2__t4/cifs/sample_00005.cif,True,True,True,True,1.2525607378932515,179.10386547076365,11.193991591922728,16,False,True,True,,,4.021592099501011,True,,4.0,fixed_film,fixed_film
fixed_film__g2__t4,2,4,6,provenance://crystalite/outputs/final report output/relaxed_groups/fixed_film__g2__t4/cifs/sample_00006.cif,True,False,True,False,1.892817603508252,141.39148838176598,17.673936047720748,8,False,True,True,,,1.9409956883662671,True,,4.0,fixed_film,fixed_film
fixed_film__g2__t4,2,4,7,provenance://crystalite/outputs/final report output/relaxed_groups/fixed_film__g2__t4/cifs/sample_00007.cif,True,True,True,True,1.280266779573229,164.83600896957913,11.774000640684225,14,False,True,True,,,2.648666818282991,True,,4.0,fixed_film,fixed_film
fixed_film__g2__t4,2,4,8,provenance://crystalite/outputs/final report output/relaxed_groups/fixed_film__g2__t4/cifs/sample_00008.cif,True,True,True,True,1.2982502526071722,115.09807742515156,9.591506452095963,12,False,True,True,,,3.307375084255664,True,,4.0,fixed_film,fixed_film
fixed_film__g2__t4,2,4,9,provenance://crystalite/outputs/final report output/relaxed_groups/fixed_film__g2__t4/cifs/sample_00009.cif,True,True,True,True,1.889764480089186,144.23076475297188,18.028845594121485,8,False,True,True,,,2.9426656055530755,True,,4.0,fixed_film,fixed_film
fixed_film__g2__t4,2,4,10,provenance://crystalite/outputs/final report output/relaxed_groups/fixed_film__g2__t4/cifs/sample_00010.cif,True,True,True,True,1.4485922467096817,148.99476714974608,12.416230595812172,12,False,True,True,,,2.5588799864529093,True,,4.0,fixed_film,fixed_film
fixed_film__g2__t4,2,4,11,provenance://crystalite/outputs/final report output/relaxed_groups/fixed_film__g2__t4/cifs/sample_00011.cif,True,False,True,False,1.7503421818800582,228.11937639651896,12.673298688695498,18,False,True,True,,,3.473442627052974,True,,4.0,fixed_film,fixed_film
fixed_film__g2__t4,2,4,12,provenance://crystalite/outputs/final report output/relaxed_groups/fixed_film__g2__t4/cifs/sample_00012.cif,True,True,True,True,2.298258667686478,376.0503752909869,37.60503752909869,10,False,True,True,,,4.154690644895879,True,,4.0,fixed_film,fixed_film
fixed_film__g2__t4,2,4,13,provenance://crystalite/outputs/final report output/relaxed_groups/fixed_film__g2__t4/cifs/sample_00013.cif,True,True,True,True,1.4669958560961716,129.29524316161243,10.774603596801036,12,False,True,True,,,3.7605465752928535,True,,4.0,fixed_film,fixed_film
fixed_film__g2__t4,2,4,14,provenance://crystalite/outputs/final report output/relaxed_groups/fixed_film__g2__t4/cifs/sample_00014.cif,True,True,True,True,1.5447197529598793,122.88702874303212,10.24058572858601,12,False,True,True,,,3.2057755075353698,True,,4.0,fixed_film,fixed_film
fixed_film__g2__t4,2,4,15,provenance://crystalite/outputs/final report output/relaxed_groups/fixed_film__g2__t4/cifs/sample_00015.cif,True,True,True,True,2.771511988268504,113.91442400088928,37.97147466696309,3,False,True,True,,,16.22833912416832,True,,4.0,fixed_film,fixed_film
fixed_film__g2__t4,2,4,17,provenance://crystalite/outputs/final report output/relaxed_groups/fixed_film__g2__t4/cifs/sample_00017.cif,True,False,True,False,1.8566553216387764,95.61534609469386,11.951918261836733,8,False,True,True,,,7.360021933140999,True,,4.0,fixed_film,fixed_film
fixed_film__g2__t4,2,4,18,provenance://crystalite/outputs/final report output/relaxed_groups/fixed_film__g2__t4/cifs/sample_00018.cif,True,False,True,False,3.409921790440157,83.61591497362978,41.80795748681489,2,False,True,True,,,3.984257657333904,True,,4.0,fixed_film,fixed_film
fixed_film__g2__t4,2,4,19,provenance://crystalite/outputs/final report output/relaxed_groups/fixed_film__g2__t4/cifs/sample_00019.cif,True,True,True,True,1.8293442787134304,127.44160009041228,12.744160009041227,10,False,True,True,,,6.102060933752784,True,,4.0,fixed_film,fixed_film
fixed_film__g2__t4,2,4,20,provenance://crystalite/outputs/final report output/relaxed_groups/fixed_film__g2__t4/cifs/sample_00020.cif,True,True,True,True,2.19748607378861,86.47595352178728,17.295190704357456,5,False,True,True,,,7.40866189567733,True,,4.0,fixed_film,fixed_film
fixed_film__g2__t4,2,4,21,provenance://crystalite/outputs/final report output/relaxed_groups/fixed_film__g2__t4/cifs/sample_00021.cif,True,True,True,True,1.2364382381629728,344.20884478801065,17.210442239400532,20,False,True,True,,,2.4433403493439694,True,,4.0,fixed_film,fixed_film
fixed_film__g2__t4,2,4,22,provenance://crystalite/outputs/final report output/relaxed_groups/fixed_film__g2__t4/cifs/sample_00022.cif,True,True,True,True,1.5358758668741863,187.6045615191348,13.400325822795342,14,False,True,True,,,2.3617413194703496,True,,4.0,fixed_film,fixed_film
fixed_film__g2__t4,2,4,23,provenance://crystalite/outputs/final report output/relaxed_groups/fixed_film__g2__t4/cifs/sample_00023.cif,True,True,True,True,1.8312164857187196,109.76201728634328,12.195779698482587,9,False,True,True,,,2.5673876005777387,True,,4.0,fixed_film,fixed_film
fixed_film__g2__t4,2,4,24,provenance://crystalite/outputs/final report output/relaxed_groups/fixed_film__g2__t4/cifs/sample_00024.cif,True,False,True,False,2.005977201355948,326.8760259175108,32.68760259175108,10,False,True,True,,,4.893212757474384,True,,4.0,fixed_film,fixed_film
fixed_film__g2__t4,2,4,25,provenance://crystalite/outputs/final report output/relaxed_groups/fixed_film__g2__t4/cifs/sample_00025.cif,True,False,True,False,2.592163273620293,420.56487858963226,26.285304911852016,16,False,True,True,,,1.938459480189102,True,,4.0,fixed_film,fixed_film
fixed_film__g2__t4,2,4,26,provenance://crystalite/outputs/final report output/relaxed_groups/fixed_film__g2__t4/cifs/sample_00026.cif,True,True,True,True,1.3856218013641322,303.03609200742346,15.151804600371172,20,False,True,True,,,2.341060449235799,True,,4.0,fixed_film,fixed_film
fixed_film__g2__t4,2,4,27,provenance://crystalite/outputs/final report output/relaxed_groups/fixed_film__g2__t4/cifs/sample_00027.cif,True,True,True,True,1.8966929210561063,84.94954981911374,10.618693727389218,8,False,True,True,,,4.921427234747072,True,,4.0,fixed_film,fixed_film
fixed_film__g2__t4,2,4,28,provenance://crystalite/outputs/final report output/relaxed_groups/fixed_film__g2__t4/cifs/sample_00028.cif,True,True,True,True,1.499967556719131,248.4985455104092,15.531159094400577,16,False,True,True,,,2.8132011226881555,True,,4.0,fixed_film,fixed_film
fixed_film__g2__t4,2,4,29,provenance://crystalite/outputs/final report output/relaxed_groups/fixed_film__g2__t4/cifs/sample_00029.cif,True,True,True,True,1.7216829004535357,171.9899265041767,10.749370406511044,16,False,True,False,,,3.633882680548071,True,,4.0,fixed_film,fixed_film
fixed_film__g2__t4,2,4,30,provenance://crystalite/outputs/final report output/relaxed_groups/fixed_film__g2__t4/cifs/sample_00030.cif,True,False,True,False,1.0442660575469211,264.73701707851467,16.546063567407167,16,False,True,True,,,2.6797499488720056,True,,4.0,fixed_film,fixed_film
fixed_film__g2__t4,2,4,31,provenance://crystalite/outputs/final report output/relaxed_groups/fixed_film__g2__t4/cifs/sample_00031.cif,True,True,True,True,1.362552193297008,77.57557201410334,15.515114402820668,5,False,True,True,,,2.5535045334575024,True,,4.0,fixed_film,fixed_film
fixed_film__g2__t4,2,4,32,provenance://crystalite/outputs/final report output/relaxed_groups/fixed_film__g2__t4/cifs/sample_00032.cif,True,True,True,True,1.2491680300243544,220.1710859106108,12.231726995033933,18,False,True,True,,,3.3179719519163755,True,,4.0,fixed_film,fixed_film
fixed_film__g2__t4,2,4,33,provenance://crystalite/outputs/final report output/relaxed_groups/fixed_film__g2__t4/cifs/sample_00033.cif,True,True,True,True,1.2617760633323791,136.65757904105524,11.388131586754604,12,False,True,True,,,3.523521455237283,True,,4.0,fixed_film,fixed_film
fixed_film__g2__t4,2,4,34,provenance://crystalite/outputs/final report output/relaxed_groups/fixed_film__g2__t4/cifs/sample_00034.cif,True,True,True,True,1.588432900667648,211.71303270954232,16.285617900734024,13,False,True,True,,,2.7105059840312045,True,,4.0,fixed_film,fixed_film
fixed_film__g2__t4,2,4,35,provenance://crystalite/outputs/final report output/relaxed_groups/fixed_film__g2__t4/cifs/sample_00035.cif,True,True,True,True,1.9743542277514563,117.0874582011146,16.726779743016372,7,False,True,True,,,3.750723110427767,True,,4.0,fixed_film,fixed_film
fixed_film__g2__t4,2,4,36,provenance://crystalite/outputs/final report output/relaxed_groups/fixed_film__g2__t4/cifs/sample_00036.cif,True,False,True,False,2.006254426331962,208.19852198081503,11.566584554489724,18,False,True,True,,,4.626045613124909,True,,4.0,fixed_film,fixed_film
fixed_film__g2__t4,2,4,37,provenance://crystalite/outputs/final report output/relaxed_groups/fixed_film__g2__t4/cifs/sample_00037.cif,True,True,True,True,1.8447140877753696,224.2757883552585,14.017236772203656,16,False,True,True,,,5.170776726526886,True,,4.0,fixed_film,fixed_film
fixed_film__g2__t4,2,4,38,provenance://crystalite/outputs/final report output/relaxed_groups/fixed_film__g2__t4/cifs/sample_00038.cif,True,True,True,True,1.57718614832562,240.9005798542701,20.075048321189172,12,False,True,True,,,2.953718328562978,True,,4.0,fixed_film,fixed_film
fixed_film__g2__t4,2,4,39,provenance://crystalite/outputs/final report output/relaxed_groups/fixed_film__g2__t4/cifs/sample_00039.cif,True,True,True,True,0.9742314331841792,188.44653321765983,11.77790832610374,16,False,True,True,,,2.904170672277196,True,,4.0,fixed_film,fixed_film
fixed_film__g2__t4,2,4,40,provenance://crystalite/outputs/final report output/relaxed_groups/fixed_film__g2__t4/cifs/sample_00040.cif,True,True,True,True,2.8584962274721275,47.1235902153936,23.5617951076968,2,False,True,False,,,2.116789313005842,True,,4.0,fixed_film,fixed_film
fixed_film__g2__t4,2,4,41,provenance://crystalite/outputs/final report output/relaxed_groups/fixed_film__g2__t4/cifs/sample_00041.cif,True,True,True,True,1.89998386557744,91.77150702983468,18.35430140596693,5,False,True,True,,,2.464551083643326,True,,4.0,fixed_film,fixed_film
fixed_film__g2__t4,2,4,42,provenance://crystalite/outputs/final report output/relaxed_groups/fixed_film__g2__t4/cifs/sample_00042.cif,True,True,True,True,1.747079359956454,173.3389998630957,10.83368749144348,16,False,True,True,,,3.514480393822416,True,,4.0,fixed_film,fixed_film
fixed_film__g2__t4,2,4,43,provenance://crystalite/outputs/final report output/relaxed_groups/fixed_film__g2__t4/cifs/sample_00043.cif,True,True,True,True,1.6161822003643274,125.2561092593477,12.52561092593477,10,False,True,True,,,5.1029151055850015,True,,4.0,fixed_film,fixed_film
fixed_film__g2__t4,2,4,44,provenance://crystalite/outputs/final report output/relaxed_groups/fixed_film__g2__t4/cifs/sample_00044.cif,True,True,True,True,1.7180131054242485,153.9103596485068,15.391035964850682,10,False,True,True,,,2.3866385597450783,True,,4.0,fixed_film,fixed_film
fixed_film__g2__t4,2,4,45,provenance://crystalite/outputs/final report output/relaxed_groups/fixed_film__g2__t4/cifs/sample_00045.cif,True,True,True,True,1.2216345703036569,130.46296044210783,21.743826740351302,6,False,True,True,,,2.3980784531573747,True,,4.0,fixed_film,fixed_film
fixed_film__g2__t4,2,4,46,provenance://crystalite/outputs/final report output/relaxed_groups/fixed_film__g2__t4/cifs/sample_00046.cif,True,True,True,True,1.511894985577603,125.03963008291753,11.367239098447047,11,False,True,True,,,3.163230004261399,True,,4.0,fixed_film,fixed_film
fixed_film__g2__t4,2,4,47,provenance://crystalite/outputs/final report output/relaxed_groups/fixed_film__g2__t4/cifs/sample_00047.cif,True,True,True,True,1.5435020546732547,142.86245274403137,11.905204395335948,12,False,True,True,,,2.961914789550948,True,,4.0,fixed_film,fixed_film
fixed_film__g2__t4,2,4,48,provenance://crystalite/outputs/final report output/relaxed_groups/fixed_film__g2__t4/cifs/sample_00048.cif,True,True,True,True,1.2552622806644604,106.5259548519794,13.315744356497424,8,False,True,True,,,3.672080016226624,True,,4.0,fixed_film,fixed_film
fixed_film__g2__t4,2,4,49,provenance://crystalite/outputs/final report output/relaxed_groups/fixed_film__g2__t4/cifs/sample_00049.cif,True,True,True,True,1.905315289560965,97.86833492726652,12.233541865908316,8,False,True,True,,,5.685113730854371,True,,4.0,fixed_film,fixed_film
fixed_film__g2__t4,2,4,50,provenance://crystalite/outputs/final report output/relaxed_groups/fixed_film__g2__t4/cifs/sample_00050.cif,True,True,True,True,1.6124796416894396,172.22409481564833,14.352007901304027,12,False,True,True,,,5.582694570060439,True,,4.0,fixed_film,fixed_film
fixed_film__g2__t4,2,4,51,provenance://crystalite/outputs/final report output/relaxed_groups/fixed_film__g2__t4/cifs/sample_00051.cif,True,True,True,True,1.762451996277648,99.69255770477726,11.076950856086365,9,False,True,True,,,10.165003067756814,True,,4.0,fixed_film,fixed_film
fixed_film__g2__t4,2,4,52,provenance://crystalite/outputs/final report output/relaxed_groups/fixed_film__g2__t4/cifs/sample_00052.cif,True,False,True,False,1.6751971155884116,139.44660806739554,12.676964369763231,11,False,True,True,,,3.1534700566910807,True,,4.0,fixed_film,fixed_film
fixed_film__g2__t4,2,4,53,provenance://crystalite/outputs/final report output/relaxed_groups/fixed_film__g2__t4/cifs/sample_00053.cif,True,True,True,True,0.5643094785034186,262.3653664317967,14.575853690655372,18,False,True,True,,,2.7987596594055617,True,,4.0,fixed_film,fixed_film
fixed_film__g2__t4,2,4,54,provenance://crystalite/outputs/final report output/relaxed_groups/fixed_film__g2__t4/cifs/sample_00054.cif,True,True,True,True,1.6921069313428574,203.34382929220877,11.296879405122707,18,False,True,True,,,5.279451653189329,True,,4.0,fixed_film,fixed_film
fixed_film__g2__t4,2,4,55,provenance://crystalite/outputs/final report output/relaxed_groups/fixed_film__g2__t4/cifs/sample_00055.cif,True,True,True,True,2.8480952996364133,409.1654358611207,34.097119655093394,12,False,True,True,,,3.6140305140191487,True,,4.0,fixed_film,fixed_film
fixed_film__g2__t4,2,4,56,provenance://crystalite/outputs/final report output/relaxed_groups/fixed_film__g2__t4/cifs/sample_00056.cif,True,True,True,True,2.4127169521310354,86.35426446762075,21.588566116905188,4,False,True,True,,,7.06439168327998,True,,4.0,fixed_film,fixed_film
fixed_film__g2__t4,2,4,57,provenance://crystalite/outputs/final report output/relaxed_groups/fixed_film__g2__t4/cifs/sample_00057.cif,True,False,True,False,1.9012865351376007,176.02659925008936,35.20531985001787,5,False,True,True,,,4.9387812670587365,True,,4.0,fixed_film,fixed_film
fixed_film__g2__t4,2,4,58,provenance://crystalite/outputs/final report output/relaxed_groups/fixed_film__g2__t4/cifs/sample_00058.cif,True,True,True,True,1.2547959182525352,243.48315981872832,13.526842212151571,18,False,True,True,,,3.1818119093427097,True,,4.0,fixed_film,fixed_film
fixed_film__g2__t4,2,4,59,provenance://crystalite/outputs/final report output/relaxed_groups/fixed_film__g2__t4/cifs/sample_00059.cif,True,False,True,False,1.9166029504686364,100.60222966149033,9.145657241953666,11,False,True,True,,,3.763860508889487,True,,4.0,fixed_film,fixed_film
fixed_film__g2__t4,2,4,60,provenance://crystalite/outputs/final report output/relaxed_groups/fixed_film__g2__t4/cifs/sample_00060.cif,True,True,True,True,2.015383655987815,91.0414769163291,22.76036922908228,4,False,True,True,,,3.3856508840125343,True,,4.0,fixed_film,fixed_film
fixed_film__g2__t4,2,4,61,provenance://crystalite/outputs/final report output/relaxed_groups/fixed_film__g2__t4/cifs/sample_00061.cif,True,True,True,True,2.023620903163424,432.7880233100328,30.913430236430912,14,False,True,True,,,4.407643925914961,True,,4.0,fixed_film,fixed_film
fixed_film__g2__t4,2,4,62,provenance://crystalite/outputs/final report output/relaxed_groups/fixed_film__g2__t4/cifs/sample_00062.cif,True,True,True,True,1.5128671280545525,148.7989649030593,13.527178627550846,11,False,True,True,,,3.171619452151314,True,,4.0,fixed_film,fixed_film
fixed_film__g2__t4,2,4,63,provenance://crystalite/outputs/final report output/relaxed_groups/fixed_film__g2__t4/cifs/sample_00063.cif,True,True,True,True,1.988071960964392,130.5399811368332,14.504442348537022,9,False,True,True,,,3.785378901228151,True,,4.0,fixed_film,fixed_film
fixed_film__g2__t4,2,4,64,provenance://crystalite/outputs/final report output/relaxed_groups/fixed_film__g2__t4/cifs/sample_00064.cif,True,False,True,False,1.8270936761518608,82.64335995031352,11.806194278616218,7,False,True,True,,,2.7559978333314348,True,,4.0,fixed_film,fixed_film
fixed_film__g2__t4,2,4,65,provenance://crystalite/outputs/final report output/relaxed_groups/fixed_film__g2__t4/cifs/sample_00065.cif,True,True,True,True,1.73043660647853,94.46541918729356,15.744236531215591,6,False,True,True,,,3.0706721115318376,True,,4.0,fixed_film,fixed_film
fixed_film__g2__t4,2,4,66,provenance://crystalite/outputs/final report output/relaxed_groups/fixed_film__g2__t4/cifs/sample_00066.cif,True,False,True,False,1.5983417664404052,241.97220947270893,12.098610473635446,20,False,True,True,,,2.860174686546808,True,,4.0,fixed_film,fixed_film
fixed_film__g2__t4,2,4,67,provenance://crystalite/outputs/final report output/relaxed_groups/fixed_film__g2__t4/cifs/sample_00067.cif,True,True,True,True,1.118668823642939,160.83275662673978,13.402729718894982,12,False,True,True,,,3.048702053230325,True,,4.0,fixed_film,fixed_film
fixed_film__g2__t4,2,4,68,provenance://crystalite/outputs/final report output/relaxed_groups/fixed_film__g2__t4/cifs/sample_00068.cif,True,True,True,True,1.9489985530811704,150.88900051520096,37.72225012880024,4,False,True,True,,,4.32262013315295,True,,4.0,fixed_film,fixed_film
fixed_film__g2__t4,2,4,69,provenance://crystalite/outputs/final report output/relaxed_groups/fixed_film__g2__t4/cifs/sample_00069.cif,True,True,True,True,1.4509124514049854,284.39971730387106,14.219985865193554,20,False,True,True,,,2.7229456737550293,True,,4.0,fixed_film,fixed_film
fixed_film__g2__t4,2,4,70,provenance://crystalite/outputs/final report output/relaxed_groups/fixed_film__g2__t4/cifs/sample_00070.cif,True,True,True,True,1.5342493883812869,250.63996597011143,13.92444255389508,18,False,True,True,,,3.6470798456419593,True,,4.0,fixed_film,fixed_film
fixed_film__g2__t4,2,4,71,provenance://crystalite/outputs/final report output/relaxed_groups/fixed_film__g2__t4/cifs/sample_00071.cif,True,True,True,True,1.260360444504784,86.70142052907147,14.450236754845244,6,False,True,True,,,3.0385574770689145,True,,4.0,fixed_film,fixed_film
fixed_film__g2__t4,2,4,72,provenance://crystalite/outputs/final report output/relaxed_groups/fixed_film__g2__t4/cifs/sample_00072.cif,True,True,True,True,1.1683935669375225,121.38233890751138,12.138233890751138,10,False,True,True,,,2.820829810019662,True,,4.0,fixed_film,fixed_film
fixed_film__g2__t4,2,4,73,provenance://crystalite/outputs/final report output/relaxed_groups/fixed_film__g2__t4/cifs/sample_00073.cif,True,True,True,True,1.8205287853500087,213.8871119217228,13.367944495107675,16,False,True,True,,,4.935977548482754,True,,4.0,fixed_film,fixed_film
fixed_film__g2__t4,2,4,74,provenance://crystalite/outputs/final report output/relaxed_groups/fixed_film__g2__t4/cifs/sample_00074.cif,True,True,True,True,1.650130655880387,27.993892081406845,6.998473020351711,4,False,True,True,,,3.2765875899630483,True,,4.0,fixed_film,fixed_film
fixed_film__g2__t4,2,4,75,provenance://crystalite/outputs/final report output/relaxed_groups/fixed_film__g2__t4/cifs/sample_00075.cif,True,False,True,False,1.2436417469194645,151.98087446729284,18.997609308411604,8,False,True,True,,,2.856123256669159,True,,4.0,fixed_film,fixed_film
fixed_film__g2__t4,2,4,76,provenance://crystalite/outputs/final report output/relaxed_groups/fixed_film__g2__t4/cifs/sample_00076.cif,True,True,True,True,1.262455545137173,106.10624363071751,53.053121815358764,2,False,True,True,,,2.960229469333388,True,,4.0,fixed_film,fixed_film
fixed_film__g2__t4,2,4,77,provenance://crystalite/outputs/final report output/relaxed_groups/fixed_film__g2__t4/cifs/sample_00077.cif,True,True,True,True,1.2676470531694184,134.08902375368814,14.89878041707646,9,False,True,True,,,3.402338948557268,True,,4.0,fixed_film,fixed_film
fixed_film__g2__t4,2,4,78,provenance://crystalite/outputs/final report output/relaxed_groups/fixed_film__g2__t4/cifs/sample_00078.cif,True,True,True,True,1.703784001959363,110.32449461097154,13.790561826371444,8,False,True,True,,,5.397427384890307,True,,4.0,fixed_film,fixed_film
fixed_film__g2__t4,2,4,79,provenance://crystalite/outputs/final report output/relaxed_groups/fixed_film__g2__t4/cifs/sample_00079.cif,True,True,True,True,1.8809568256720213,156.97021472063454,9.81063842003966,16,False,True,True,,,4.208806926709173,True,,4.0,fixed_film,fixed_film
fixed_film__g2__t4,2,4,80,provenance://crystalite/outputs/final report output/relaxed_groups/fixed_film__g2__t4/cifs/sample_00080.cif,True,True,True,True,1.614565894900074,147.46816066081308,14.746816066081308,10,False,True,True,,,2.134262632546371,True,,4.0,fixed_film,fixed_film
fixed_film__g2__t4,2,4,81,provenance://crystalite/outputs/final report output/relaxed_groups/fixed_film__g2__t4/cifs/sample_00081.cif,True,True,True,True,1.2232401409379596,223.0709215208977,11.153546076044886,20,False,True,True,,,3.791180093406421,True,,4.0,fixed_film,fixed_film
fixed_film__g2__t4,2,4,82,provenance://crystalite/outputs/final report output/relaxed_groups/fixed_film__g2__t4/cifs/sample_00082.cif,True,True,True,True,1.2286405492786503,88.68814274678809,14.781357124464682,6,False,True,True,,,3.1806675735714083,True,,4.0,fixed_film,fixed_film
fixed_film__g2__t4,2,4,83,provenance://crystalite/outputs/final report output/relaxed_groups/fixed_film__g2__t4/cifs/sample_00083.cif,True,False,True,False,0.9739839276992373,122.2924691627641,10.19103909689701,12,False,True,True,,,2.985021032112238,True,,4.0,fixed_film,fixed_film
fixed_film__g2__t4,2,4,84,provenance://crystalite/outputs/final report output/relaxed_groups/fixed_film__g2__t4/cifs/sample_00084.cif,True,True,True,True,1.89623730064425,288.5511139606276,16.030617442257086,18,False,True,True,,,2.494103099175591,True,,4.0,fixed_film,fixed_film
fixed_film__g2__t4,2,4,85,provenance://crystalite/outputs/final report output/relaxed_groups/fixed_film__g2__t4/cifs/sample_00085.cif,True,True,True,True,1.4789217704193391,194.45536373606532,16.20461364467211,12,False,True,True,,,2.558674696940042,True,,4.0,fixed_film,fixed_film
fixed_film__g2__t4,2,4,86,provenance://crystalite/outputs/final report output/relaxed_groups/fixed_film__g2__t4/cifs/sample_00086.cif,True,True,True,True,1.4868297181041517,212.7014566582163,15.192961189872593,14,False,True,True,,,2.755501472578906,True,,4.0,fixed_film,fixed_film
fixed_film__g2__t4,2,4,87,provenance://crystalite/outputs/final report output/relaxed_groups/fixed_film__g2__t4/cifs/sample_00087.cif,True,True,True,True,1.627090590993928,157.01011127481573,13.084175939567976,12,False,True,True,,,4.685297662114654,True,,4.0,fixed_film,fixed_film
fixed_film__g2__t4,2,4,88,provenance://crystalite/outputs/final report output/relaxed_groups/fixed_film__g2__t4/cifs/sample_00088.cif,True,False,True,False,1.8081134582445728,255.39546499957177,12.769773249978588,20,False,True,True,,,5.402665420875849,True,,4.0,fixed_film,fixed_film
fixed_film__g2__t4,2,4,89,provenance://crystalite/outputs/final report output/relaxed_groups/fixed_film__g2__t4/cifs/sample_00089.cif,True,True,True,True,1.3819575279562033,160.59875783436692,10.037422364647933,16,False,True,True,,,3.8026346922551735,True,,4.0,fixed_film,fixed_film
fixed_film__g2__t4,2,4,90,provenance://crystalite/outputs/final report output/relaxed_groups/fixed_film__g2__t4/cifs/sample_00090.cif,True,True,True,True,1.6305491797489384,162.12665334693034,11.580475239066454,14,False,True,True,,,5.367928540824695,True,,4.0,fixed_film,fixed_film
fixed_film__g2__t4,2,4,91,provenance://crystalite/outputs/final report output/relaxed_groups/fixed_film__g2__t4/cifs/sample_00091.cif,True,True,True,True,1.715896255960604,26.129914165422527,8.709971388474175,3,False,True,True,,,10.41406315092392,True,,4.0,fixed_film,fixed_film
fixed_film__g2__t4,2,4,92,provenance://crystalite/outputs/final report output/relaxed_groups/fixed_film__g2__t4/cifs/sample_00092.cif,True,True,True,True,2.0292197278573414,67.9000533635584,13.58001067271168,5,False,True,True,,,3.968270832954244,True,,4.0,fixed_film,fixed_film
fixed_film__g2__t4,2,4,93,provenance://crystalite/outputs/final report output/relaxed_groups/fixed_film__g2__t4/cifs/sample_00093.cif,True,False,True,False,2.310669713529953,247.43172316609144,35.347389023727345,7,False,True,True,,,4.369913629129543,True,,4.0,fixed_film,fixed_film
fixed_film__g2__t4,2,4,94,provenance://crystalite/outputs/final report output/relaxed_groups/fixed_film__g2__t4/cifs/sample_00094.cif,True,True,True,True,1.2178811464453747,115.38585401291095,11.538585401291096,10,False,True,True,,,3.4848458637437907,True,,4.0,fixed_film,fixed_film
fixed_film__g2__t4,2,4,95,provenance://crystalite/outputs/final report output/relaxed_groups/fixed_film__g2__t4/cifs/sample_00095.cif,True,False,True,False,1.2587456380546227,157.8013478551363,9.86258424094602,16,False,True,True,,,3.1369988031839977,True,,4.0,fixed_film,fixed_film
fixed_film__g2__t4,2,4,96,provenance://crystalite/outputs/final report output/relaxed_groups/fixed_film__g2__t4/cifs/sample_00096.cif,True,True,True,True,1.4740521272957583,97.4874040231948,16.24790067053247,6,False,True,True,,,2.704915659240186,True,,4.0,fixed_film,fixed_film
fixed_film__g2__t4,2,4,97,provenance://crystalite/outputs/final report output/relaxed_groups/fixed_film__g2__t4/cifs/sample_00097.cif,True,True,True,True,1.8859012970706064,365.9983671543555,19.263071955492396,19,False,True,True,,,4.5222616724008295,True,,4.0,fixed_film,fixed_film
fixed_film__g2__t4,2,4,99,provenance://crystalite/outputs/final report output/relaxed_groups/fixed_film__g2__t4/cifs/sample_00099.cif,True,True,True,True,1.476399541935028,303.9307529549528,16.88504183083071,18,False,True,True,,,2.310739049564038,True,,4.0,fixed_film,fixed_film
fixed_film__g2__t4,2,4,100,provenance://crystalite/outputs/final report output/relaxed_groups/fixed_film__g2__t4/cifs/sample_00100.cif,True,False,True,False,2.589154976260271,167.04823971452598,23.86403424493228,7,False,True,True,,,3.078775133615706,True,,4.0,fixed_film,fixed_film
fixed_film__g2__t4,2,4,101,provenance://crystalite/outputs/final report output/relaxed_groups/fixed_film__g2__t4/cifs/sample_00101.cif,True,True,True,True,1.8183277356911047,113.02628164493184,14.128285205616478,8,False,True,True,,,2.892855315112073,True,,4.0,fixed_film,fixed_film
fixed_film__g2__t4,2,4,102,provenance://crystalite/outputs/final report output/relaxed_groups/fixed_film__g2__t4/cifs/sample_00102.cif,True,True,True,True,1.3557930815592711,138.97300140650765,11.581083450542303,12,False,True,True,,,3.202271811545879,True,,4.0,fixed_film,fixed_film
fixed_film__g2__t4,2,4,103,provenance://crystalite/outputs/final report output/relaxed_groups/fixed_film__g2__t4/cifs/sample_00103.cif,True,True,True,True,1.5915702389198083,253.92780736768435,12.696390368384218,20,False,True,True,,,3.597514342297997,True,,4.0,fixed_film,fixed_film
fixed_film__g2__t4,2,4,104,provenance://crystalite/outputs/final report output/relaxed_groups/fixed_film__g2__t4/cifs/sample_00104.cif,True,True,True,True,1.5861271938620696,195.8631147671583,16.32192623059652,12,False,True,True,,,2.844704774951408,True,,4.0,fixed_film,fixed_film
fixed_film__g2__t4,2,4,105,provenance://crystalite/outputs/final report output/relaxed_groups/fixed_film__g2__t4/cifs/sample_00105.cif,True,True,True,True,1.2834418899688418,55.617238584008106,18.539079528002706,3,False,True,True,,,2.360445797254976,True,,4.0,fixed_film,fixed_film
fixed_film__g2__t4,2,4,106,provenance://crystalite/outputs/final report output/relaxed_groups/fixed_film__g2__t4/cifs/sample_00106.cif,True,True,True,True,2.1339767496604147,288.32101504333946,20.59435821738139,14,False,True,True,,,3.9750962927552353,True,,4.0,fixed_film,fixed_film
fixed_film__g2__t4,2,4,107,provenance://crystalite/outputs/final report output/relaxed_groups/fixed_film__g2__t4/cifs/sample_00107.cif,True,False,True,False,2.2715697888137347,344.0980352297031,26.469079633054086,13,False,True,True,,,3.87329079488365,True,,4.0,fixed_film,fixed_film
fixed_film__g2__t4,2,4,108,provenance://crystalite/outputs/final report output/relaxed_groups/fixed_film__g2__t4/cifs/sample_00108.cif,True,True,True,True,1.9146279686840648,231.3385947257912,19.278216227149265,12,False,True,True,,,3.049970332295425,True,,4.0,fixed_film,fixed_film
fixed_film__g2__t4,2,4,109,provenance://crystalite/outputs/final report output/relaxed_groups/fixed_film__g2__t4/cifs/sample_00109.cif,True,True,True,True,1.2236037532280053,189.1779965721229,10.509888698451274,18,False,True,True,,,5.061635014701427,True,,4.0,fixed_film,fixed_film
fixed_film__g2__t4,2,4,110,provenance://crystalite/outputs/final report output/relaxed_groups/fixed_film__g2__t4/cifs/sample_00110.cif,True,False,True,False,1.5920224997065309,163.87925586971565,11.705661133551118,14,False,True,True,,,2.791519511769007,True,,4.0,fixed_film,fixed_film
fixed_film__g2__t4,2,4,111,provenance://crystalite/outputs/final report output/relaxed_groups/fixed_film__g2__t4/cifs/sample_00111.cif,True,True,True,True,0.9958784000313068,73.03590842389252,9.129488552986563,8,False,True,True,,,5.503736193509996,True,,4.0,fixed_film,fixed_film
fixed_film__g2__t4,2,4,112,provenance://crystalite/outputs/final report output/relaxed_groups/fixed_film__g2__t4/cifs/sample_00112.cif,True,False,True,False,1.5462458865339526,46.58763101839173,9.317526203678346,5,False,True,True,,,3.156280462453072,True,,4.0,fixed_film,fixed_film
fixed_film__g2__t4,2,4,113,provenance://crystalite/outputs/final report output/relaxed_groups/fixed_film__g2__t4/cifs/sample_00113.cif,True,True,True,True,1.2672194375834855,157.16265742356754,19.645332177945946,8,False,True,True,,,2.955418544586023,True,,4.0,fixed_film,fixed_film
fixed_film__g2__t4,2,4,114,provenance://crystalite/outputs/final report output/relaxed_groups/fixed_film__g2__t4/cifs/sample_00114.cif,True,True,True,True,1.2153905275160366,183.6330361025191,13.116645435894222,14,False,True,True,,,3.5072096956267145,True,,4.0,fixed_film,fixed_film
fixed_film__g2__t4,2,4,115,provenance://crystalite/outputs/final report output/relaxed_groups/fixed_film__g2__t4/cifs/sample_00115.cif,True,True,True,True,2.1366544578948545,520.0860437909672,43.34050364924727,12,False,True,True,,,4.89085741425345,True,,4.0,fixed_film,fixed_film
fixed_film__g2__t4,2,4,116,provenance://crystalite/outputs/final report output/relaxed_groups/fixed_film__g2__t4/cifs/sample_00116.cif,True,True,True,True,1.6160715648229305,146.52167764130786,18.315209705163483,8,False,True,True,,,3.305224641095229,True,,4.0,fixed_film,fixed_film
fixed_film__g2__t4,2,4,117,provenance://crystalite/outputs/final report output/relaxed_groups/fixed_film__g2__t4/cifs/sample_00117.cif,True,False,True,False,0.9790855186903809,187.4950349101173,11.029119700595135,17,False,True,True,,,3.317585588166779,True,,4.0,fixed_film,fixed_film
fixed_film__g2__t4,2,4,118,provenance://crystalite/outputs/final report output/relaxed_groups/fixed_film__g2__t4/cifs/sample_00118.cif,True,False,True,False,1.5922444443734138,204.60600982168984,10.230300491084492,20,False,True,True,,,3.532237016451591,True,,4.0,fixed_film,fixed_film
fixed_film__g2__t4,2,4,120,provenance://crystalite/outputs/final report output/relaxed_groups/fixed_film__g2__t4/cifs/sample_00120.cif,True,True,True,True,1.4869523235151203,260.35459243712165,13.017729621856082,20,False,True,True,,,2.63626124560572,True,,4.0,fixed_film,fixed_film
fixed_film__g2__t4,2,4,121,provenance://crystalite/outputs/final report output/relaxed_groups/fixed_film__g2__t4/cifs/sample_00121.cif,True,False,True,False,0.9902042110725122,154.838833878438,11.910679529110617,13,False,True,True,,,2.7934000152146994,True,,4.0,fixed_film,fixed_film
fixed_film__g2__t4,2,4,123,provenance://crystalite/outputs/final report output/relaxed_groups/fixed_film__g2__t4/cifs/sample_00123.cif,True,True,True,True,2.077799655552106,327.3926714574577,32.73926714574577,10,False,True,True,,,5.811287699398773,True,,4.0,fixed_film,fixed_film
fixed_film__g2__t4,2,4,124,provenance://crystalite/outputs/final report output/relaxed_groups/fixed_film__g2__t4/cifs/sample_00124.cif,True,True,True,True,1.5887628034910752,156.942400008714,11.210171429193858,14,False,True,True,,,4.293429926988525,True,,4.0,fixed_film,fixed_film
fixed_film__g2__t4,2,4,125,provenance://crystalite/outputs/final report output/relaxed_groups/fixed_film__g2__t4/cifs/sample_00125.cif,True,False,True,False,1.435414205921077,394.2855831903793,19.714279159518966,20,False,True,True,,,2.429572085290628,True,,4.0,fixed_film,fixed_film
fixed_film__g2__t4,2,4,126,provenance://crystalite/outputs/final report output/relaxed_groups/fixed_film__g2__t4/cifs/sample_00126.cif,True,False,True,False,1.4333636950645792,230.89466349030897,17.761127960792997,13,False,True,True,,,3.0453124123917754,True,,4.0,fixed_film,fixed_film
fixed_film__g2__t4,2,4,127,provenance://crystalite/outputs/final report output/relaxed_groups/fixed_film__g2__t4/cifs/sample_00127.cif,True,True,True,True,0.5301912330451987,153.9758559597925,15.397585595979251,10,False,True,True,,,2.7454811321825794,True,,4.0,fixed_film,fixed_film
fixed_film__g2__t8,2,8,0,provenance://crystalite/outputs/final report output/relaxed_groups/fixed_film__g2__t8/cifs/sample_00000.cif,True,True,True,True,2.624204876719609,148.29809086543355,37.07452271635839,4,False,True,True,,,11.259057298212804,True,,8.0,fixed_film,fixed_film
fixed_film__g2__t8,2,8,2,provenance://crystalite/outputs/final report output/relaxed_groups/fixed_film__g2__t8/cifs/sample_00002.cif,True,False,True,False,1.788365607854724,256.60587792222566,32.07573474027821,8,False,True,True,,,6.394660048895065,True,,8.0,fixed_film,fixed_film
fixed_film__g2__t8,2,8,3,provenance://crystalite/outputs/final report output/relaxed_groups/fixed_film__g2__t8/cifs/sample_00003.cif,True,True,True,True,2.2727744368252933,175.98665754245943,21.99833219280743,8,False,True,True,,,9.907148793566424,True,,8.0,fixed_film,fixed_film
fixed_film__g2__t8,2,8,4,provenance://crystalite/outputs/final report output/relaxed_groups/fixed_film__g2__t8/cifs/sample_00004.cif,True,False,True,False,4.193614241089853,85.1492794300525,42.57463971502625,2,False,True,True,,,11.41132275131226,True,,8.0,fixed_film,fixed_film
fixed_film__g2__t8,2,8,5,provenance://crystalite/outputs/final report output/relaxed_groups/fixed_film__g2__t8/cifs/sample_00005.cif,True,False,True,False,2.5180435666515995,396.3356525172436,24.770978282327725,16,False,True,True,,,9.87631028129072,True,,8.0,fixed_film,fixed_film
fixed_film__g2__t8,2,8,6,provenance://crystalite/outputs/final report output/relaxed_groups/fixed_film__g2__t8/cifs/sample_00006.cif,True,True,True,True,1.9387050263026893,99.76526493468327,12.470658116835413,8,False,True,True,,,6.999419056642526,True,,8.0,fixed_film,fixed_film
fixed_film__g2__t8,2,8,7,provenance://crystalite/outputs/final report output/relaxed_groups/fixed_film__g2__t8/cifs/sample_00007.cif,True,False,True,False,2.218565318846505,438.0428239713015,31.28877314080725,14,False,True,True,,,8.518603545429405,True,,8.0,fixed_film,fixed_film
fixed_film__g2__t8,2,8,8,provenance://crystalite/outputs/final report output/relaxed_groups/fixed_film__g2__t8/cifs/sample_00008.cif,True,True,True,True,2.3639146683073613,326.4853398288115,27.20711165240096,12,False,True,True,,,10.834387298100514,True,,8.0,fixed_film,fixed_film
fixed_film__g2__t8,2,8,9,provenance://crystalite/outputs/final report output/relaxed_groups/fixed_film__g2__t8/cifs/sample_00009.cif,True,True,True,True,1.930011555048907,75.81920108784868,9.477400135981084,8,False,True,True,,,7.137872123203643,True,,8.0,fixed_film,fixed_film
fixed_film__g2__t8,2,8,10,provenance://crystalite/outputs/final report output/relaxed_groups/fixed_film__g2__t8/cifs/sample_00010.cif,True,True,True,True,2.5085954874007395,331.87080040039217,27.655900033366013,12,False,True,True,,,15.318237507229805,True,,8.0,fixed_film,fixed_film
fixed_film__g2__t8,2,8,11,provenance://crystalite/outputs/final report output/relaxed_groups/fixed_film__g2__t8/cifs/sample_00011.cif,True,True,True,True,1.7849437979917229,196.2776232691012,10.904312403838953,18,False,True,True,,,6.478495751205155,True,,8.0,fixed_film,fixed_film
fixed_film__g2__t8,2,8,12,provenance://crystalite/outputs/final report output/relaxed_groups/fixed_film__g2__t8/cifs/sample_00012.cif,True,True,True,True,2.427390966370478,333.05273833596226,33.305273833596225,10,False,True,True,,,12.5559077902843,True,,8.0,fixed_film,fixed_film
fixed_film__g2__t8,2,8,13,provenance://crystalite/outputs/final report output/relaxed_groups/fixed_film__g2__t8/cifs/sample_00013.cif,True,True,True,True,1.6815206234242364,165.7697310574397,13.814144254786642,12,False,True,True,,,4.264662357762882,True,,8.0,fixed_film,fixed_film
fixed_film__g2__t8,2,8,14,provenance://crystalite/outputs/final report output/relaxed_groups/fixed_film__g2__t8/cifs/sample_00014.cif,True,False,True,False,2.41906385662454,304.64572588011,25.387143823342495,12,False,True,True,,,9.518599986394936,True,,8.0,fixed_film,fixed_film
fixed_film__g2__t8,2,8,15,provenance://crystalite/outputs/final report output/relaxed_groups/fixed_film__g2__t8/cifs/sample_00015.cif,True,True,True,True,2.777496786705628,118.7205464594396,39.57351548647987,3,False,True,True,,,16.672051733943785,True,,8.0,fixed_film,fixed_film
fixed_film__g2__t8,2,8,16,provenance://crystalite/outputs/final report output/relaxed_groups/fixed_film__g2__t8/cifs/sample_00016.cif,True,True,True,True,1.4287408584268753,215.267295800572,11.959294211142886,18,False,True,True,,,9.332090812879253,True,,8.0,fixed_film,fixed_film
fixed_film__g2__t8,2,8,17,provenance://crystalite/outputs/final report output/relaxed_groups/fixed_film__g2__t8/cifs/sample_00017.cif,True,True,True,True,1.7890391414466682,86.86792526694803,10.858490658368504,8,False,True,True,,,9.860095380542228,True,,8.0,fixed_film,fixed_film
fixed_film__g2__t8,2,8,18,provenance://crystalite/outputs/final report output/relaxed_groups/fixed_film__g2__t8/cifs/sample_00018.cif,True,True,True,True,2.9767861968475096,53.16359726756835,26.58179863378417,2,True,True,True,,,11.89076691762525,True,,8.0,fixed_film,fixed_film
fixed_film__g2__t8,2,8,19,provenance://crystalite/outputs/final report output/relaxed_groups/fixed_film__g2__t8/cifs/sample_00019.cif,True,True,True,True,2.626142564524143,354.46536375488324,35.44653637548832,10,False,True,True,,,10.833111538724564,True,,8.0,fixed_film,fixed_film
fixed_film__g2__t8,2,8,20,provenance://crystalite/outputs/final report output/relaxed_groups/fixed_film__g2__t8/cifs/sample_00020.cif,True,True,True,True,2.448638443767877,166.35611411109457,33.27122282221892,5,False,True,True,,,12.448069997978273,True,,8.0,fixed_film,fixed_film
fixed_film__g2__t8,2,8,21,provenance://crystalite/outputs/final report output/relaxed_groups/fixed_film__g2__t8/cifs/sample_00021.cif,True,False,True,False,1.191829227579909,302.6051920375627,15.130259601878134,20,False,True,True,,,4.176218375948775,True,,8.0,fixed_film,fixed_film
fixed_film__g2__t8,2,8,22,provenance://crystalite/outputs/final report output/relaxed_groups/fixed_film__g2__t8/cifs/sample_00022.cif,True,True,True,True,1.859634446839296,371.2101758529377,26.515012560924124,14,False,True,True,,,2.5712706674520334,True,,8.0,fixed_film,fixed_film
fixed_film__g2__t8,2,8,23,provenance://crystalite/outputs/final report output/relaxed_groups/fixed_film__g2__t8/cifs/sample_00023.cif,True,False,True,False,0.9771818395911398,73.9275761558583,8.2141751284287,9,False,True,True,,,3.252155268681486,True,,8.0,fixed_film,fixed_film
fixed_film__g2__t8,2,8,24,provenance://crystalite/outputs/final report output/relaxed_groups/fixed_film__g2__t8/cifs/sample_00024.cif,True,True,True,True,2.542809276709828,346.961457402016,34.6961457402016,10,False,True,True,,,5.839890066406606,True,,8.0,fixed_film,fixed_film
fixed_film__g2__t8,2,8,25,provenance://crystalite/outputs/final report output/relaxed_groups/fixed_film__g2__t8/cifs/sample_00025.cif,True,False,True,False,2.318619629864962,562.1519111182326,35.13449444488954,16,False,True,True,,,5.598948865587976,True,,8.0,fixed_film,fixed_film
fixed_film__g2__t8,2,8,26,provenance://crystalite/outputs/final report output/relaxed_groups/fixed_film__g2__t8/cifs/sample_00026.cif,True,True,True,True,2.1568191992270345,507.7913383390819,25.38956691695409,20,False,True,True,,,7.161510840903091,True,,8.0,fixed_film,fixed_film
fixed_film__g2__t8,2,8,27,provenance://crystalite/outputs/final report output/relaxed_groups/fixed_film__g2__t8/cifs/sample_00027.cif,True,False,True,False,2.5708189280831224,273.80761158800766,34.22595144850096,8,False,True,True,,,8.749505780646848,True,,8.0,fixed_film,fixed_film
fixed_film__g2__t8,2,8,28,provenance://crystalite/outputs/final report output/relaxed_groups/fixed_film__g2__t8/cifs/sample_00028.cif,True,False,True,False,2.376844075766954,468.826058819087,29.301628676192937,16,False,True,True,,,6.160214665558371,True,,8.0,fixed_film,fixed_film
fixed_film__g2__t8,2,8,29,provenance://crystalite/outputs/final report output/relaxed_groups/fixed_film__g2__t8/cifs/sample_00029.cif,True,False,True,False,1.1640511982177808,169.84859274053076,10.615537046283173,16,False,True,True,,,5.84287946491468,True,,8.0,fixed_film,fixed_film
fixed_film__g2__t8,2,8,30,provenance://crystalite/outputs/final report output/relaxed_groups/fixed_film__g2__t8/cifs/sample_00030.cif,True,False,True,False,2.4725314879848748,505.9349022197583,31.62093138873489,16,False,True,True,,,10.023057175858208,True,,8.0,fixed_film,fixed_film
fixed_film__g2__t8,2,8,31,provenance://crystalite/outputs/final report output/relaxed_groups/fixed_film__g2__t8/cifs/sample_00031.cif,True,True,True,True,3.026567990500532,156.79927008127115,31.35985401625424,5,True,True,True,,,14.965535513839884,True,,8.0,fixed_film,fixed_film
fixed_film__g2__t8,2,8,32,provenance://crystalite/outputs/final report output/relaxed_groups/fixed_film__g2__t8/cifs/sample_00032.cif,True,True,True,True,1.3716774555113491,352.4478194890596,19.580434416058868,18,False,True,True,,,4.539003147028993,True,,8.0,fixed_film,fixed_film
fixed_film__g2__t8,2,8,33,provenance://crystalite/outputs/final report output/relaxed_groups/fixed_film__g2__t8/cifs/sample_00033.cif,True,True,True,True,2.0373115402468893,362.1980096382811,30.18316746985676,12,False,True,True,,,10.664639048631988,True,,8.0,fixed_film,fixed_film
fixed_film__g2__t8,2,8,34,provenance://crystalite/outputs/final report output/relaxed_groups/fixed_film__g2__t8/cifs/sample_00034.cif,True,False,True,False,2.2377339533500007,381.3781408346606,29.33678006420466,13,False,True,True,,,9.133117930995974,True,,8.0,fixed_film,fixed_film
fixed_film__g2__t8,2,8,35,provenance://crystalite/outputs/final report output/relaxed_groups/fixed_film__g2__t8/cifs/sample_00035.cif,True,True,True,True,2.2854752681557704,156.1213355454261,22.30304793506087,7,False,True,True,,,7.172029783418116,True,,8.0,fixed_film,fixed_film
fixed_film__g2__t8,2,8,36,provenance://crystalite/outputs/final report output/relaxed_groups/fixed_film__g2__t8/cifs/sample_00036.cif,True,True,True,True,1.9934585029137768,312.6526619269379,17.36959232927433,18,False,True,True,,,5.189054700439312,True,,8.0,fixed_film,fixed_film
fixed_film__g2__t8,2,8,37,provenance://crystalite/outputs/final report output/relaxed_groups/fixed_film__g2__t8/cifs/sample_00037.cif,True,True,True,True,2.053481121655662,238.76715445959348,14.922947153724593,16,False,True,True,,,11.496084330653256,True,,8.0,fixed_film,fixed_film
fixed_film__g2__t8,2,8,38,provenance://crystalite/outputs/final report output/relaxed_groups/fixed_film__g2__t8/cifs/sample_00038.cif,True,True,True,True,1.4705122663331949,176.36695295050257,14.697246079208549,12,False,True,True,,,3.8832520405328914,True,,8.0,fixed_film,fixed_film
fixed_film__g2__t8,2,8,39,provenance://crystalite/outputs/final report output/relaxed_groups/fixed_film__g2__t8/cifs/sample_00039.cif,True,True,True,True,2.0440291228982312,360.77777942574494,22.54861121410906,16,False,True,True,,,6.150708511464278,True,,8.0,fixed_film,fixed_film
fixed_film__g2__t8,2,8,40,provenance://crystalite/outputs/final report output/relaxed_groups/fixed_film__g2__t8/cifs/sample_00040.cif,True,True,True,True,1.9987095132318493,50.8419957982473,25.42099789912365,2,False,True,True,,,5.758565637129248,True,,8.0,fixed_film,fixed_film
fixed_film__g2__t8,2,8,41,provenance://crystalite/outputs/final report output/relaxed_groups/fixed_film__g2__t8/cifs/sample_00041.cif,True,True,True,True,2.672801253522457,133.10127355939323,26.620254711878648,5,True,True,True,,,13.388311168201511,True,,8.0,fixed_film,fixed_film
fixed_film__g2__t8,2,8,42,provenance://crystalite/outputs/final report output/relaxed_groups/fixed_film__g2__t8/cifs/sample_00042.cif,True,True,True,True,2.1521760999079427,254.1830735069944,15.886442094187148,16,False,True,True,,,12.16291827056224,True,,8.0,fixed_film,fixed_film
fixed_film__g2__t8,2,8,43,provenance://crystalite/outputs/final report output/relaxed_groups/fixed_film__g2__t8/cifs/sample_00043.cif,True,True,True,True,1.866696740764524,107.98784411975136,10.798784411975136,10,False,True,True,,,5.64387244500671,True,,8.0,fixed_film,fixed_film
fixed_film__g2__t8,2,8,44,provenance://crystalite/outputs/final report output/relaxed_groups/fixed_film__g2__t8/cifs/sample_00044.cif,True,True,True,True,2.5046050173003995,225.20156161404336,22.520156161404337,10,True,True,True,,,14.958365327632343,True,,8.0,fixed_film,fixed_film
fixed_film__g2__t8,2,8,45,provenance://crystalite/outputs/final report output/relaxed_groups/fixed_film__g2__t8/cifs/sample_00045.cif,True,True,True,True,2.06609752456821,84.47266894274443,14.078778157124072,6,False,True,True,,,5.534374318721087,True,,8.0,fixed_film,fixed_film
fixed_film__g2__t8,2,8,46,provenance://crystalite/outputs/final report output/relaxed_groups/fixed_film__g2__t8/cifs/sample_00046.cif,True,True,True,True,1.729540394323488,142.8688366859979,12.988076062363444,11,False,True,True,,,4.925451107552076,True,,8.0,fixed_film,fixed_film
fixed_film__g2__t8,2,8,47,provenance://crystalite/outputs/final report output/relaxed_groups/fixed_film__g2__t8/cifs/sample_00047.cif,True,True,True,True,2.078198930371823,210.6179589658479,17.551496580487324,12,False,True,True,,,9.760452199413333,True,,8.0,fixed_film,fixed_film
fixed_film__g2__t8,2,8,48,provenance://crystalite/outputs/final report output/relaxed_groups/fixed_film__g2__t8/cifs/sample_00048.cif,True,True,True,True,2.564083344135474,207.12083331234865,25.89010416404358,8,False,True,True,,,14.48964470414291,True,,8.0,fixed_film,fixed_film
fixed_film__g2__t8,2,8,49,provenance://crystalite/outputs/final report output/relaxed_groups/fixed_film__g2__t8/cifs/sample_00049.cif,True,True,True,True,2.3443912569539056,211.92621254755244,26.49077656844405,8,False,True,True,,,10.432939812055494,True,,8.0,fixed_film,fixed_film
fixed_film__g2__t8,2,8,50,provenance://crystalite/outputs/final report output/relaxed_groups/fixed_film__g2__t8/cifs/sample_00050.cif,True,True,True,True,2.3969363494349434,307.6207308153742,25.635060901281182,12,False,True,True,,,8.46501792004547,True,,8.0,fixed_film,fixed_film
fixed_film__g2__t8,2,8,51,provenance://crystalite/outputs/final report output/relaxed_groups/fixed_film__g2__t8/cifs/sample_00051.cif,True,True,True,True,2.45022805201673,248.14828153874768,27.572031282083078,9,False,True,True,,,10.831544027075376,True,,8.0,fixed_film,fixed_film
fixed_film__g2__t8,2,8,52,provenance://crystalite/outputs/final report output/relaxed_groups/fixed_film__g2__t8/cifs/sample_00052.cif,True,False,True,False,2.350065724147881,292.56515816030713,26.59683256002792,11,False,True,True,,,7.286758637422127,True,,8.0,fixed_film,fixed_film
fixed_film__g2__t8,2,8,54,provenance://crystalite/outputs/final report output/relaxed_groups/fixed_film__g2__t8/cifs/sample_00054.cif,True,True,True,True,1.811552874584662,178.84867414418835,9.936037452454908,18,False,True,True,,,6.993923399266151,True,,8.0,fixed_film,fixed_film
fixed_film__g2__t8,2,8,55,provenance://crystalite/outputs/final report output/relaxed_groups/fixed_film__g2__t8/cifs/sample_00055.cif,True,True,True,True,2.5322877510390183,312.2070933571861,26.01725777976551,12,False,True,True,,,8.496648084472705,True,,8.0,fixed_film,fixed_film
fixed_film__g2__t8,2,8,56,provenance://crystalite/outputs/final report output/relaxed_groups/fixed_film__g2__t8/cifs/sample_00056.cif,True,True,True,True,2.4722341676925232,94.81000041249764,23.702500103124407,4,False,True,False,,,7.188202994500039,True,,8.0,fixed_film,fixed_film
fixed_film__g2__t8,2,8,57,provenance://crystalite/outputs/final report output/relaxed_groups/fixed_film__g2__t8/cifs/sample_00057.cif,True,True,True,True,2.906793652810064,142.28949576211645,28.457899152423288,5,True,True,True,,,14.892903803306051,True,,8.0,fixed_film,fixed_film
fixed_film__g2__t8,2,8,58,provenance://crystalite/outputs/final report output/relaxed_groups/fixed_film__g2__t8/cifs/sample_00058.cif,True,True,True,True,2.361470006324288,613.3304593752916,34.07391440973842,18,False,True,True,,,8.564074962514391,True,,8.0,fixed_film,fixed_film
fixed_film__g2__t8,2,8,59,provenance://crystalite/outputs/final report output/relaxed_groups/fixed_film__g2__t8/cifs/sample_00059.cif,True,False,True,False,2.4522409721073104,333.75456147275384,30.341323770250348,11,False,True,True,,,7.114463304326759,True,,8.0,fixed_film,fixed_film
fixed_film__g2__t8,2,8,60,provenance://crystalite/outputs/final report output/relaxed_groups/fixed_film__g2__t8/cifs/sample_00060.cif,True,True,True,True,3.0507081422420863,137.49647429978015,34.37411857494504,4,False,True,True,,,10.915205278847884,True,,8.0,fixed_film,fixed_film
fixed_film__g2__t8,2,8,61,provenance://crystalite/outputs/final report output/relaxed_groups/fixed_film__g2__t8/cifs/sample_00061.cif,True,True,True,True,2.209270814874359,311.4813136814545,22.248665262961037,14,False,True,True,,,6.770903177680247,True,,8.0,fixed_film,fixed_film
fixed_film__g2__t8,2,8,62,provenance://crystalite/outputs/final report output/relaxed_groups/fixed_film__g2__t8/cifs/sample_00062.cif,True,False,True,False,2.4784962900486898,281.768325735575,25.61530233959773,11,False,True,True,,,12.657744751961516,True,,8.0,fixed_film,fixed_film
fixed_film__g2__t8,2,8,63,provenance://crystalite/outputs/final report output/relaxed_groups/fixed_film__g2__t8/cifs/sample_00063.cif,True,False,True,False,2.389103290670623,227.4708109869859,25.274534554109543,9,False,True,True,,,6.497124205035299,True,,8.0,fixed_film,fixed_film
fixed_film__g2__t8,2,8,64,provenance://crystalite/outputs/final report output/relaxed_groups/fixed_film__g2__t8/cifs/sample_00064.cif,True,True,True,True,1.3233355650526872,93.1329733189289,13.3047104741327,7,False,True,True,,,4.140225733651234,True,,8.0,fixed_film,fixed_film
fixed_film__g2__t8,2,8,65,provenance://crystalite/outputs/final report output/relaxed_groups/fixed_film__g2__t8/cifs/sample_00065.cif,True,True,True,True,2.253737516106135,73.22209997646513,12.203683329410856,6,False,True,True,,,11.684861217409072,True,,8.0,fixed_film,fixed_film
fixed_film__g2__t8,2,8,66,provenance://crystalite/outputs/final report output/relaxed_groups/fixed_film__g2__t8/cifs/sample_00066.cif,True,False,True,False,2.033707925534232,503.6213399741732,25.18106699870866,20,False,True,True,,,8.648811076297456,True,,8.0,fixed_film,fixed_film
fixed_film__g2__t8,2,8,67,provenance://crystalite/outputs/final report output/relaxed_groups/fixed_film__g2__t8/cifs/sample_00067.cif,True,True,True,True,2.416927627997389,314.4362202627688,26.203018355230736,12,False,True,True,,,9.543977146245286,True,,8.0,fixed_film,fixed_film
fixed_film__g2__t8,2,8,68,provenance://crystalite/outputs/final report output/relaxed_groups/fixed_film__g2__t8/cifs/sample_00068.cif,True,True,True,True,2.670742231444109,118.91021050021122,29.727552625052805,4,False,True,False,,,8.804005558659455,True,,8.0,fixed_film,fixed_film
fixed_film__g2__t8,2,8,69,provenance://crystalite/outputs/final report output/relaxed_groups/fixed_film__g2__t8/cifs/sample_00069.cif,True,True,True,True,1.4924139518500652,275.6061911887076,13.78030955943538,20,False,True,True,,,2.4812706902917774,True,,8.0,fixed_film,fixed_film
fixed_film__g2__t8,2,8,70,provenance://crystalite/outputs/final report output/relaxed_groups/fixed_film__g2__t8/cifs/sample_00070.cif,True,True,True,True,1.8958799495285257,258.5054828462462,14.361415713680344,18,False,True,True,,,4.678075240941054,True,,8.0,fixed_film,fixed_film
fixed_film__g2__t8,2,8,71,provenance://crystalite/outputs/final report output/relaxed_groups/fixed_film__g2__t8/cifs/sample_00071.cif,True,False,True,False,2.193953374799444,158.2124657712591,26.36874429520985,6,False,True,True,,,8.043615518555423,True,,8.0,fixed_film,fixed_film
fixed_film__g2__t8,2,8,72,provenance://crystalite/outputs/final report output/relaxed_groups/fixed_film__g2__t8/cifs/sample_00072.cif,True,True,True,True,1.4574682888928834,141.78608394260178,14.178608394260175,10,False,True,True,,,4.806091528601606,True,,8.0,fixed_film,fixed_film
fixed_film__g2__t8,2,8,73,provenance://crystalite/outputs/final report output/relaxed_groups/fixed_film__g2__t8/cifs/sample_00073.cif,True,True,True,True,2.405751919770173,506.77041002784034,31.67315062674002,16,False,True,True,,,5.107604225871295,True,,8.0,fixed_film,fixed_film
fixed_film__g2__t8,2,8,74,provenance://crystalite/outputs/final report output/relaxed_groups/fixed_film__g2__t8/cifs/sample_00074.cif,True,True,True,True,2.6013443181830733,107.6414382538222,26.91035956345555,4,False,True,True,,,8.981217321257256,True,,8.0,fixed_film,fixed_film
fixed_film__g2__t8,2,8,75,provenance://crystalite/outputs/final report output/relaxed_groups/fixed_film__g2__t8/cifs/sample_00075.cif,True,True,True,True,1.6808348357663907,106.583362705938,13.322920338242252,8,False,True,True,,,3.532159882185901,True,,8.0,fixed_film,fixed_film
fixed_film__g2__t8,2,8,76,provenance://crystalite/outputs/final report output/relaxed_groups/fixed_film__g2__t8/cifs/sample_00076.cif,True,True,True,True,2.89566425732619,47.86553455346493,23.932767276732463,2,False,True,True,,,11.77042839151928,True,,8.0,fixed_film,fixed_film
fixed_film__g2__t8,2,8,77,provenance://crystalite/outputs/final report output/relaxed_groups/fixed_film__g2__t8/cifs/sample_00077.cif,True,True,True,True,2.7271179752722614,248.50644787285356,27.61182754142817,9,False,True,True,,,12.865998670119874,True,,8.0,fixed_film,fixed_film
fixed_film__g2__t8,2,8,78,provenance://crystalite/outputs/final report output/relaxed_groups/fixed_film__g2__t8/cifs/sample_00078.cif,True,True,True,True,2.246156123067584,183.79805832073615,22.974757290092025,8,False,True,True,,,7.260427855128937,True,,8.0,fixed_film,fixed_film
fixed_film__g2__t8,2,8,80,provenance://crystalite/outputs/final report output/relaxed_groups/fixed_film__g2__t8/cifs/sample_00080.cif,True,True,True,True,2.407927823878062,232.83324298893524,23.283324298893525,10,False,True,True,,,7.730959320749705,True,,8.0,fixed_film,fixed_film
fixed_film__g2__t8,2,8,81,provenance://crystalite/outputs/final report output/relaxed_groups/fixed_film__g2__t8/cifs/sample_00081.cif,True,True,True,True,1.905898278503819,236.25422953304,11.812711476652002,20,False,True,True,,,5.752659389102141,True,,8.0,fixed_film,fixed_film
fixed_film__g2__t8,2,8,82,provenance://crystalite/outputs/final report output/relaxed_groups/fixed_film__g2__t8/cifs/sample_00082.cif,True,True,True,True,2.0237793271671745,104.4103131974241,17.40171886623735,6,False,True,True,,,3.444086688235029,True,,8.0,fixed_film,fixed_film
fixed_film__g2__t8,2,8,83,provenance://crystalite/outputs/final report output/relaxed_groups/fixed_film__g2__t8/cifs/sample_00083.cif,True,True,True,True,1.9798112277719428,243.93805079646867,20.32817089970572,12,False,True,True,,,4.752937753226252,True,,8.0,fixed_film,fixed_film
fixed_film__g2__t8,2,8,84,provenance://crystalite/outputs/final report output/relaxed_groups/fixed_film__g2__t8/cifs/sample_00084.cif,True,True,True,True,2.482649836313504,554.5224575295963,30.806803196088683,18,False,True,True,,,12.907164812260255,True,,8.0,fixed_film,fixed_film
fixed_film__g2__t8,2,8,85,provenance://crystalite/outputs/final report output/relaxed_groups/fixed_film__g2__t8/cifs/sample_00085.cif,True,False,True,False,2.4736753352185707,424.2564229612237,35.354701913435306,12,False,True,True,,,13.766231441471064,True,,8.0,fixed_film,fixed_film
fixed_film__g2__t8,2,8,86,provenance://crystalite/outputs/final report output/relaxed_groups/fixed_film__g2__t8/cifs/sample_00086.cif,True,True,True,True,2.1923290582173807,377.3540223155903,26.95385873682788,14,False,True,True,,,4.407454800270612,True,,8.0,fixed_film,fixed_film
fixed_film__g2__t8,2,8,87,provenance://crystalite/outputs/final report output/relaxed_groups/fixed_film__g2__t8/cifs/sample_00087.cif,True,True,True,True,1.327193107812173,134.18424621623686,11.18202051801974,12,False,True,True,,,3.1882106528239227,True,,8.0,fixed_film,fixed_film
fixed_film__g2__t8,2,8,88,provenance://crystalite/outputs/final report output/relaxed_groups/fixed_film__g2__t8/cifs/sample_00088.cif,True,False,True,False,1.815428214579221,225.43689345192195,11.271844672596098,20,False,True,True,,,7.022329049463589,True,,8.0,fixed_film,fixed_film
fixed_film__g2__t8,2,8,89,provenance://crystalite/outputs/final report output/relaxed_groups/fixed_film__g2__t8/cifs/sample_00089.cif,True,True,True,True,2.1101436451719287,381.4494642541358,23.84059151588349,16,False,True,True,,,11.284663216429356,True,,8.0,fixed_film,fixed_film
fixed_film__g2__t8,2,8,90,provenance://crystalite/outputs/final report output/relaxed_groups/fixed_film__g2__t8/cifs/sample_00090.cif,True,True,True,True,2.118630652019631,320.39892318643825,22.885637370459875,14,False,True,True,,,7.393185383730024,True,,8.0,fixed_film,fixed_film
fixed_film__g2__t8,2,8,91,provenance://crystalite/outputs/final report output/relaxed_groups/fixed_film__g2__t8/cifs/sample_00091.cif,True,False,True,False,2.598810190034301,88.92491510385273,29.641638367950907,3,False,True,True,,,11.232378517199246,True,,8.0,fixed_film,fixed_film
fixed_film__g2__t8,2,8,92,provenance://crystalite/outputs/final report output/relaxed_groups/fixed_film__g2__t8/cifs/sample_00092.cif,True,True,True,True,2.555646678528384,117.6021082429641,23.520421648592823,5,True,True,True,,,13.537512233131755,True,,8.0,fixed_film,fixed_film
fixed_film__g2__t8,2,8,93,provenance://crystalite/outputs/final report output/relaxed_groups/fixed_film__g2__t8/cifs/sample_00093.cif,True,False,True,False,2.40136498574741,243.16290764250388,34.73755823464341,7,False,True,True,,,6.327802790015311,True,,8.0,fixed_film,fixed_film
fixed_film__g2__t8,2,8,94,provenance://crystalite/outputs/final report output/relaxed_groups/fixed_film__g2__t8/cifs/sample_00094.cif,True,True,True,True,2.2558448615443987,259.5474866875692,25.95474866875692,10,False,True,True,,,7.16304299396289,True,,8.0,fixed_film,fixed_film
fixed_film__g2__t8,2,8,95,provenance://crystalite/outputs/final report output/relaxed_groups/fixed_film__g2__t8/cifs/sample_00095.cif,True,True,True,True,1.3178328620464363,172.73663654584794,10.796039784115496,16,False,True,True,,,3.156065397412642,True,,8.0,fixed_film,fixed_film
fixed_film__g2__t8,2,8,96,provenance://crystalite/outputs/final report output/relaxed_groups/fixed_film__g2__t8/cifs/sample_00096.cif,True,True,True,True,1.4484094756533108,114.69695520286432,19.116159200477387,6,False,True,True,,,2.609790492618424,True,,8.0,fixed_film,fixed_film
fixed_film__g2__t8,2,8,97,provenance://crystalite/outputs/final report output/relaxed_groups/fixed_film__g2__t8/cifs/sample_00097.cif,True,True,True,True,1.9488490711984403,274.30111644238184,14.436900865388518,19,False,True,True,,,4.199085397628162,True,,8.0,fixed_film,fixed_film
fixed_film__g2__t8,2,8,98,provenance://crystalite/outputs/final report output/relaxed_groups/fixed_film__g2__t8/cifs/sample_00098.cif,True,True,True,True,1.4403717586431746,265.8850050425456,14.771389169030307,18,False,True,True,,,3.93954930912817,True,,8.0,fixed_film,fixed_film
fixed_film__g2__t8,2,8,99,provenance://crystalite/outputs/final report output/relaxed_groups/fixed_film__g2__t8/cifs/sample_00099.cif,True,True,True,True,2.04809088526892,508.547280605189,28.252626700288275,18,False,True,True,,,5.346753271189248,True,,8.0,fixed_film,fixed_film
fixed_film__g2__t8,2,8,100,provenance://crystalite/outputs/final report output/relaxed_groups/fixed_film__g2__t8/cifs/sample_00100.cif,True,False,True,False,2.45589079939788,202.56986598343093,28.938552283347278,7,False,True,True,,,7.899726852619634,True,,8.0,fixed_film,fixed_film
fixed_film__g2__t8,2,8,101,provenance://crystalite/outputs/final report output/relaxed_groups/fixed_film__g2__t8/cifs/sample_00101.cif,True,True,True,True,2.4610594303237376,168.2212852578223,21.027660657227788,8,False,True,True,,,14.939488514599471,True,,8.0,fixed_film,fixed_film
fixed_film__g2__t8,2,8,102,provenance://crystalite/outputs/final report output/relaxed_groups/fixed_film__g2__t8/cifs/sample_00102.cif,True,True,True,True,1.3610148212172783,114.70152471176138,9.55846039264678,12,False,True,True,,,4.346894608568868,True,,8.0,fixed_film,fixed_film
fixed_film__g2__t8,2,8,103,provenance://crystalite/outputs/final report output/relaxed_groups/fixed_film__g2__t8/cifs/sample_00103.cif,True,True,True,True,1.7157250738309489,253.8528959018918,12.69264479509459,20,False,True,True,,,4.81106512833379,True,,8.0,fixed_film,fixed_film
fixed_film__g2__t8,2,8,104,provenance://crystalite/outputs/final report output/relaxed_groups/fixed_film__g2__t8/cifs/sample_00104.cif,True,True,True,True,1.2655442499069571,140.2707691342549,11.689230761187908,12,False,True,True,,,3.709625144402767,True,,8.0,fixed_film,fixed_film
fixed_film__g2__t8,2,8,105,provenance://crystalite/outputs/final report output/relaxed_groups/fixed_film__g2__t8/cifs/sample_00105.cif,True,True,True,True,2.1554218155202665,79.49663511506422,26.498878371688075,3,False,True,True,,,9.842509221873328,True,,8.0,fixed_film,fixed_film
fixed_film__g2__t8,2,8,106,provenance://crystalite/outputs/final report output/relaxed_groups/fixed_film__g2__t8/cifs/sample_00106.cif,True,True,True,True,2.0157811360276656,337.0000100156515,24.07142928683225,14,False,True,True,,,5.2244599908101765,True,,8.0,fixed_film,fixed_film
fixed_film__g2__t8,2,8,107,provenance://crystalite/outputs/final report output/relaxed_groups/fixed_film__g2__t8/cifs/sample_00107.cif,True,False,True,False,2.16182080879063,293.73977253666584,22.595367118205065,13,False,True,True,,,6.192906964344902,True,,8.0,fixed_film,fixed_film
fixed_film__g2__t8,2,8,108,provenance://crystalite/outputs/final report output/relaxed_groups/fixed_film__g2__t8/cifs/sample_00108.cif,True,True,True,True,2.0104461866092653,156.11897822074675,13.009914851728896,12,False,True,True,,,6.289363225661631,True,,8.0,fixed_film,fixed_film
fixed_film__g2__t8,2,8,109,provenance://crystalite/outputs/final report output/relaxed_groups/fixed_film__g2__t8/cifs/sample_00109.cif,True,True,True,True,1.2708438264329789,227.63367857283333,12.64631547626852,18,False,True,True,,,6.4374256780695305,True,,8.0,fixed_film,fixed_film
fixed_film__g2__t8,2,8,110,provenance://crystalite/outputs/final report output/relaxed_groups/fixed_film__g2__t8/cifs/sample_00110.cif,True,True,True,True,1.9410790262676632,400.237623599078,28.588401685648424,14,False,True,True,,,5.534773007885473,True,,8.0,fixed_film,fixed_film
fixed_film__g2__t8,2,8,111,provenance://crystalite/outputs/final report output/relaxed_groups/fixed_film__g2__t8/cifs/sample_00111.cif,True,False,True,False,2.418278745660128,235.093918871018,29.386739858877245,8,False,True,True,,,14.015285253161188,True,,8.0,fixed_film,fixed_film
fixed_film__g2__t8,2,8,112,provenance://crystalite/outputs/final report output/relaxed_groups/fixed_film__g2__t8/cifs/sample_00112.cif,True,False,True,False,2.337966484715244,123.53979188040798,24.7079583760816,5,False,True,True,,,6.755202597071921,True,,8.0,fixed_film,fixed_film
fixed_film__g2__t8,2,8,113,provenance://crystalite/outputs/final report output/relaxed_groups/fixed_film__g2__t8/cifs/sample_00113.cif,True,True,True,True,3.161255424805114,253.3227016042381,31.66533770052976,8,True,True,True,,,9.49857064615126,True,,8.0,fixed_film,fixed_film
fixed_film__g2__t8,2,8,114,provenance://crystalite/outputs/final report output/relaxed_groups/fixed_film__g2__t8/cifs/sample_00114.cif,True,True,True,True,1.7621412315831757,196.0178240523,14.001273146592856,14,False,True,True,,,4.227706685195728,True,,8.0,fixed_film,fixed_film
fixed_film__g2__t8,2,8,115,provenance://crystalite/outputs/final report output/relaxed_groups/fixed_film__g2__t8/cifs/sample_00115.cif,True,False,True,False,2.321758433589691,352.1976083903295,29.349800699194123,12,False,True,True,,,10.279596209549284,True,,8.0,fixed_film,fixed_film
fixed_film__g2__t8,2,8,116,provenance://crystalite/outputs/final report output/relaxed_groups/fixed_film__g2__t8/cifs/sample_00116.cif,True,False,True,False,2.532191998294076,221.09927577596585,27.637409471995728,8,False,True,True,,,5.654042659028448,True,,8.0,fixed_film,fixed_film
fixed_film__g2__t8,2,8,117,provenance://crystalite/outputs/final report output/relaxed_groups/fixed_film__g2__t8/cifs/sample_00117.cif,True,True,True,True,2.3638392058655637,596.1670488806368,35.068649934155104,17,False,True,True,,,6.328279333499002,True,,8.0,fixed_film,fixed_film
fixed_film__g2__t8,2,8,118,provenance://crystalite/outputs/final report output/relaxed_groups/fixed_film__g2__t8/cifs/sample_00118.cif,True,False,True,False,2.6698505407445645,699.3382353058336,34.96691176529168,20,False,True,True,,,16.696417798575453,True,,8.0,fixed_film,fixed_film
fixed_film__g2__t8,2,8,119,provenance://crystalite/outputs/final report output/relaxed_groups/fixed_film__g2__t8/cifs/sample_00119.cif,True,True,True,True,2.1946028375774853,549.9025582215863,27.495127911079315,20,False,True,True,,,9.678498448445357,True,,8.0,fixed_film,fixed_film
fixed_film__g2__t8,2,8,120,provenance://crystalite/outputs/final report output/relaxed_groups/fixed_film__g2__t8/cifs/sample_00120.cif,True,True,True,True,1.2579544465856358,266.03823416798906,13.301911708399452,20,False,True,True,,,3.4200603340342224,True,,8.0,fixed_film,fixed_film
fixed_film__g2__t8,2,8,121,provenance://crystalite/outputs/final report output/relaxed_groups/fixed_film__g2__t8/cifs/sample_00121.cif,True,False,True,False,2.3921732819114814,434.8107903655519,33.44698387427322,13,False,True,True,,,4.864237782847341,True,,8.0,fixed_film,fixed_film
fixed_film__g2__t8,2,8,122,provenance://crystalite/outputs/final report output/relaxed_groups/fixed_film__g2__t8/cifs/sample_00122.cif,True,False,True,False,2.404932873556537,604.5840433169722,33.588002406498454,18,False,True,True,,,7.342346324929217,True,,8.0,fixed_film,fixed_film
fixed_film__g2__t8,2,8,123,provenance://crystalite/outputs/final report output/relaxed_groups/fixed_film__g2__t8/cifs/sample_00123.cif,True,True,True,True,1.9925449293132436,289.5567702597808,28.95567702597808,10,False,True,True,,,8.179925783484242,True,,8.0,fixed_film,fixed_film
fixed_film__g2__t8,2,8,125,provenance://crystalite/outputs/final report output/relaxed_groups/fixed_film__g2__t8/cifs/sample_00125.cif,True,True,True,True,2.177840881620123,515.8113825940633,25.790569129703165,20,False,True,True,,,5.786473413380477,True,,8.0,fixed_film,fixed_film
fixed_film__g2__t8,2,8,126,provenance://crystalite/outputs/final report output/relaxed_groups/fixed_film__g2__t8/cifs/sample_00126.cif,True,True,True,True,2.0879417563159706,361.4583897776632,27.80449152135871,13,False,True,True,,,6.850722692782843,True,,8.0,fixed_film,fixed_film
fixed_film__g2__t8,2,8,127,provenance://crystalite/outputs/final report output/relaxed_groups/fixed_film__g2__t8/cifs/sample_00127.cif,True,True,True,True,1.2471537747216326,166.28916621157504,16.628916621157504,10,False,True,True,,,3.3559861036321514,True,,8.0,fixed_film,fixed_film
fixed_film__g2__t12,2,12,0,provenance://crystalite/outputs/final report output/relaxed_groups/fixed_film__g2__t12/cifs/sample_00000.cif,True,True,True,True,2.7274131108775825,117.45811169647996,29.364527924119987,4,True,True,True,,,18.675279944588397,True,,12.0,fixed_film,fixed_film
fixed_film__g2__t12,2,12,1,provenance://crystalite/outputs/final report output/relaxed_groups/fixed_film__g2__t12/cifs/sample_00001.cif,True,False,True,False,2.338062770930338,534.8112952995482,26.74056476497741,20,False,True,True,,,11.872303604780262,True,,12.0,fixed_film,fixed_film
fixed_film__g2__t12,2,12,2,provenance://crystalite/outputs/final report output/relaxed_groups/fixed_film__g2__t12/cifs/sample_00002.cif,True,True,True,True,2.392620971597202,207.5259522154612,25.940744026932645,8,False,True,True,,,11.342863094951792,True,,12.0,fixed_film,fixed_film
fixed_film__g2__t12,2,12,3,provenance://crystalite/outputs/final report output/relaxed_groups/fixed_film__g2__t12/cifs/sample_00003.cif,True,True,True,True,2.181383066885053,182.9944587891922,22.874307348649022,8,False,True,True,,,12.369088234855866,True,,12.0,fixed_film,fixed_film
fixed_film__g2__t12,2,12,4,provenance://crystalite/outputs/final report output/relaxed_groups/fixed_film__g2__t12/cifs/sample_00004.cif,True,True,True,True,3.573351094991802,66.4129378137744,33.2064689068872,2,True,True,True,,,11.683804324373575,True,,12.0,fixed_film,fixed_film
fixed_film__g2__t12,2,12,5,provenance://crystalite/outputs/final report output/relaxed_groups/fixed_film__g2__t12/cifs/sample_00005.cif,True,True,True,True,2.456024702707127,457.6172725215511,28.60107953259694,16,False,True,True,,,17.573106994050125,True,,12.0,fixed_film,fixed_film
fixed_film__g2__t12,2,12,6,provenance://crystalite/outputs/final report output/relaxed_groups/fixed_film__g2__t12/cifs/sample_00006.cif,True,True,True,True,1.8331498031150164,155.9983528397401,19.499794104967517,8,False,True,True,,,10.15523737601922,True,,12.0,fixed_film,fixed_film
fixed_film__g2__t12,2,12,7,provenance://crystalite/outputs/final report output/relaxed_groups/fixed_film__g2__t12/cifs/sample_00007.cif,True,False,True,False,2.6297534528362925,505.9414275694212,36.1386733978158,14,False,True,True,,,12.101434373316245,True,,12.0,fixed_film,fixed_film
fixed_film__g2__t12,2,12,8,provenance://crystalite/outputs/final report output/relaxed_groups/fixed_film__g2__t12/cifs/sample_00008.cif,True,True,True,True,2.492945877605976,384.0073864175767,32.00061553479806,12,False,True,True,,,14.335080392236236,True,,12.0,fixed_film,fixed_film
fixed_film__g2__t12,2,12,9,provenance://crystalite/outputs/final report output/relaxed_groups/fixed_film__g2__t12/cifs/sample_00009.cif,True,True,True,True,2.6055131096333257,271.6966088202009,33.96207610252511,8,False,True,True,,,8.185388372197782,True,,12.0,fixed_film,fixed_film
fixed_film__g2__t12,2,12,10,provenance://crystalite/outputs/final report output/relaxed_groups/fixed_film__g2__t12/cifs/sample_00010.cif,True,False,True,False,2.560976331412802,354.3592820085765,29.529940167381373,12,False,True,True,,,15.052775976583234,True,,12.0,fixed_film,fixed_film
fixed_film__g2__t12,2,12,11,provenance://crystalite/outputs/final report output/relaxed_groups/fixed_film__g2__t12/cifs/sample_00011.cif,True,True,True,True,2.4594848503587383,526.7636551548663,29.264647508603687,18,False,True,True,,,9.322075127126816,True,,12.0,fixed_film,fixed_film
fixed_film__g2__t12,2,12,12,provenance://crystalite/outputs/final report output/relaxed_groups/fixed_film__g2__t12/cifs/sample_00012.cif,True,True,True,True,2.486449356996801,242.74681834345867,24.274681834345863,10,False,True,True,,,13.556863543069426,True,,12.0,fixed_film,fixed_film
fixed_film__g2__t12,2,12,13,provenance://crystalite/outputs/final report output/relaxed_groups/fixed_film__g2__t12/cifs/sample_00013.cif,True,True,True,True,1.3653426653430218,220.26458034601663,18.355381695501386,12,False,True,True,,,6.171544516977446,True,,12.0,fixed_film,fixed_film
fixed_film__g2__t12,2,12,14,provenance://crystalite/outputs/final report output/relaxed_groups/fixed_film__g2__t12/cifs/sample_00014.cif,True,True,True,True,2.2597761968473,286.9222478013481,23.910187316779005,12,False,True,True,,,12.09883316231099,True,,12.0,fixed_film,fixed_film
fixed_film__g2__t12,2,12,15,provenance://crystalite/outputs/final report output/relaxed_groups/fixed_film__g2__t12/cifs/sample_00015.cif,True,False,True,False,2.7827956388847475,97.64560438337432,32.548534794458114,3,False,True,True,,,17.08594221090375,True,,12.0,fixed_film,fixed_film
fixed_film__g2__t12,2,12,16,provenance://crystalite/outputs/final report output/relaxed_groups/fixed_film__g2__t12/cifs/sample_00016.cif,True,True,True,True,2.107459946827796,492.4932387497191,27.360735486095507,18,False,True,True,,,13.129641802526884,True,,12.0,fixed_film,fixed_film
fixed_film__g2__t12,2,12,17,provenance://crystalite/outputs/final report output/relaxed_groups/fixed_film__g2__t12/cifs/sample_00017.cif,True,True,True,True,2.3237200396742552,190.58476856685317,23.823096070856643,8,False,True,True,,,13.197155524149355,True,,12.0,fixed_film,fixed_film
fixed_film__g2__t12,2,12,18,provenance://crystalite/outputs/final report output/relaxed_groups/fixed_film__g2__t12/cifs/sample_00018.cif,True,True,True,True,2.352849151585302,73.65717289598742,36.82858644799371,2,False,True,True,,,7.965413820283582,True,,12.0,fixed_film,fixed_film
fixed_film__g2__t12,2,12,19,provenance://crystalite/outputs/final report output/relaxed_groups/fixed_film__g2__t12/cifs/sample_00019.cif,True,False,True,False,2.9875430354267136,344.97519211696647,34.49751921169665,10,False,True,True,,,15.95507168282731,True,,12.0,fixed_film,fixed_film
fixed_film__g2__t12,2,12,20,provenance://crystalite/outputs/final report output/relaxed_groups/fixed_film__g2__t12/cifs/sample_00020.cif,True,True,True,True,2.50631690066471,159.30052400010035,31.86010480002007,5,False,True,True,,,11.118556686843386,True,,12.0,fixed_film,fixed_film
fixed_film__g2__t12,2,12,21,provenance://crystalite/outputs/final report output/relaxed_groups/fixed_film__g2__t12/cifs/sample_00021.cif,True,True,True,True,2.5120503940632037,607.8153674338665,30.390768371693326,20,False,True,True,,,14.754083453749349,True,,12.0,fixed_film,fixed_film
fixed_film__g2__t12,2,12,22,provenance://crystalite/outputs/final report output/relaxed_groups/fixed_film__g2__t12/cifs/sample_00022.cif,True,False,True,False,2.8066719563574827,485.1510539497415,34.65364671069582,14,False,True,True,,,16.73326505769462,True,,12.0,fixed_film,fixed_film
fixed_film__g2__t12,2,12,23,provenance://crystalite/outputs/final report output/relaxed_groups/fixed_film__g2__t12/cifs/sample_00023.cif,True,True,True,True,2.27115731039932,192.24386590952068,21.3604295455023,9,False,True,True,,,13.507185946517964,True,,12.0,fixed_film,fixed_film
fixed_film__g2__t12,2,12,24,provenance://crystalite/outputs/final report output/relaxed_groups/fixed_film__g2__t12/cifs/sample_00024.cif,True,True,True,True,2.6374113622068296,260.3748957141391,26.037489571413907,10,True,True,True,,,20.34426919061022,True,,12.0,fixed_film,fixed_film
fixed_film__g2__t12,2,12,25,provenance://crystalite/outputs/final report output/relaxed_groups/fixed_film__g2__t12/cifs/sample_00025.cif,True,True,True,True,2.064140040123758,437.5499999007272,27.346874993795453,16,False,True,True,,,15.465676754015613,True,,12.0,fixed_film,fixed_film
fixed_film__g2__t12,2,12,26,provenance://crystalite/outputs/final report output/relaxed_groups/fixed_film__g2__t12/cifs/sample_00026.cif,True,False,True,False,2.424619966090962,407.8077993121306,20.39038996560653,20,False,True,True,,,19.18623353531321,True,,12.0,fixed_film,fixed_film
fixed_film__g2__t12,2,12,27,provenance://crystalite/outputs/final report output/relaxed_groups/fixed_film__g2__t12/cifs/sample_00027.cif,True,True,True,True,2.573754313912481,266.3793349079629,33.297416863495364,8,False,True,True,,,10.945510729364065,True,,12.0,fixed_film,fixed_film
fixed_film__g2__t12,2,12,28,provenance://crystalite/outputs/final report output/relaxed_groups/fixed_film__g2__t12/cifs/sample_00028.cif,True,True,True,True,2.3898674177885626,412.7512180801813,25.79695113001133,16,False,True,True,,,14.112372136645348,True,,12.0,fixed_film,fixed_film
fixed_film__g2__t12,2,12,29,provenance://crystalite/outputs/final report output/relaxed_groups/fixed_film__g2__t12/cifs/sample_00029.cif,True,True,True,True,1.3179802313975586,342.017064195102,21.37606651219388,16,False,True,True,,,7.9092297729560626,True,,12.0,fixed_film,fixed_film
fixed_film__g2__t12,2,12,30,provenance://crystalite/outputs/final report output/relaxed_groups/fixed_film__g2__t12/cifs/sample_00030.cif,True,False,True,False,2.647552447072964,553.014605440107,34.563412840006684,16,False,True,True,,,11.735487298640884,True,,12.0,fixed_film,fixed_film
fixed_film__g2__t12,2,12,31,provenance://crystalite/outputs/final report output/relaxed_groups/fixed_film__g2__t12/cifs/sample_00031.cif,True,True,True,True,2.4335139146569715,108.27593575651682,21.65518715130336,5,False,True,True,,,16.576569028065474,True,,12.0,fixed_film,fixed_film
fixed_film__g2__t12,2,12,32,provenance://crystalite/outputs/final report output/relaxed_groups/fixed_film__g2__t12/cifs/sample_00032.cif,True,True,True,True,1.424294538348618,306.8582391002305,17.047679950012807,18,False,True,True,,,5.403413577893045,True,,12.0,fixed_film,fixed_film
fixed_film__g2__t12,2,12,33,provenance://crystalite/outputs/final report output/relaxed_groups/fixed_film__g2__t12/cifs/sample_00033.cif,True,True,True,True,2.253829816060683,327.44656470437644,27.287213725364705,12,False,True,True,,,13.819865221123507,True,,12.0,fixed_film,fixed_film
fixed_film__g2__t12,2,12,34,provenance://crystalite/outputs/final report output/relaxed_groups/fixed_film__g2__t12/cifs/sample_00034.cif,True,False,True,False,2.1176513227455964,330.50166567361777,25.42320505181675,13,False,True,True,,,12.534149174920486,True,,12.0,fixed_film,fixed_film
fixed_film__g2__t12,2,12,35,provenance://crystalite/outputs/final report output/relaxed_groups/fixed_film__g2__t12/cifs/sample_00035.cif,True,True,True,True,2.25757911979657,174.91721129729817,24.988173042471168,7,False,True,True,,,15.679505300300956,True,,12.0,fixed_film,fixed_film
fixed_film__g2__t12,2,12,36,provenance://crystalite/outputs/final report output/relaxed_groups/fixed_film__g2__t12/cifs/sample_00036.cif,True,True,True,True,2.53242232244072,474.62886541969226,26.36827030109401,18,False,True,True,,,17.793876109033068,True,,12.0,fixed_film,fixed_film
fixed_film__g2__t12,2,12,37,provenance://crystalite/outputs/final report output/relaxed_groups/fixed_film__g2__t12/cifs/sample_00037.cif,True,True,True,True,2.500137193786714,393.2492677238288,24.578079232739302,16,False,True,True,,,18.09719165722777,True,,12.0,fixed_film,fixed_film
fixed_film__g2__t12,2,12,38,provenance://crystalite/outputs/final report output/relaxed_groups/fixed_film__g2__t12/cifs/sample_00038.cif,True,False,True,False,2.228894389903383,278.39793192670953,23.199827660559126,12,False,True,True,,,14.188410946237688,True,,12.0,fixed_film,fixed_film
fixed_film__g2__t12,2,12,39,provenance://crystalite/outputs/final report output/relaxed_groups/fixed_film__g2__t12/cifs/sample_00039.cif,True,True,True,True,2.609131595459331,433.53030362909897,27.095643976818685,16,False,True,True,,,12.74825682523958,True,,12.0,fixed_film,fixed_film
fixed_film__g2__t12,2,12,40,provenance://crystalite/outputs/final report output/relaxed_groups/fixed_film__g2__t12/cifs/sample_00040.cif,True,True,True,True,3.218284082277844,66.84208833339454,33.42104416669727,2,True,True,True,,,14.486209017999142,True,,12.0,fixed_film,fixed_film
fixed_film__g2__t12,2,12,41,provenance://crystalite/outputs/final report output/relaxed_groups/fixed_film__g2__t12/cifs/sample_00041.cif,True,False,True,False,2.4871087686131523,156.94326272076134,31.38865254415227,5,False,True,True,,,20.87444969065629,True,,12.0,fixed_film,fixed_film
fixed_film__g2__t12,2,12,42,provenance://crystalite/outputs/final report output/relaxed_groups/fixed_film__g2__t12/cifs/sample_00042.cif,True,True,True,True,2.40210783093324,364.3055190974487,22.76909494359054,16,False,True,True,,,16.554397261217186,True,,12.0,fixed_film,fixed_film
fixed_film__g2__t12,2,12,43,provenance://crystalite/outputs/final report output/relaxed_groups/fixed_film__g2__t12/cifs/sample_00043.cif,True,True,True,True,2.110161830958604,231.52026660524072,23.152026660524072,10,False,True,True,,,12.24394562738467,True,,12.0,fixed_film,fixed_film
fixed_film__g2__t12,2,12,44,provenance://crystalite/outputs/final report output/relaxed_groups/fixed_film__g2__t12/cifs/sample_00044.cif,True,True,True,True,2.5178044838532903,239.9160849373791,23.99160849373791,10,False,True,True,,,17.63526078541325,True,,12.0,fixed_film,fixed_film
fixed_film__g2__t12,2,12,45,provenance://crystalite/outputs/final report output/relaxed_groups/fixed_film__g2__t12/cifs/sample_00045.cif,True,False,True,False,2.861941702749178,171.97536150830143,28.66256025138357,6,False,True,True,,,11.416172546003509,True,,12.0,fixed_film,fixed_film
fixed_film__g2__t12,2,12,46,provenance://crystalite/outputs/final report output/relaxed_groups/fixed_film__g2__t12/cifs/sample_00046.cif,True,True,True,True,2.4735908389709342,253.21596924027492,23.01963356729772,11,False,True,True,,,12.642875651959244,True,,12.0,fixed_film,fixed_film
fixed_film__g2__t12,2,12,47,provenance://crystalite/outputs/final report output/relaxed_groups/fixed_film__g2__t12/cifs/sample_00047.cif,True,True,True,True,2.3005943199185426,259.44374830224336,21.62031235852028,12,False,True,True,,,12.722332382107323,True,,12.0,fixed_film,fixed_film
fixed_film__g2__t12,2,12,48,provenance://crystalite/outputs/final report output/relaxed_groups/fixed_film__g2__t12/cifs/sample_00048.cif,True,True,True,True,2.335201676357036,265.710224433096,33.213778054137,8,False,True,True,,,16.21323637248135,True,,12.0,fixed_film,fixed_film
fixed_film__g2__t12,2,12,49,provenance://crystalite/outputs/final report output/relaxed_groups/fixed_film__g2__t12/cifs/sample_00049.cif,True,True,True,True,2.3817728362688526,248.000570281906,31.00007128523825,8,False,True,True,,,13.835091304597158,True,,12.0,fixed_film,fixed_film
fixed_film__g2__t12,2,12,50,provenance://crystalite/outputs/final report output/relaxed_groups/fixed_film__g2__t12/cifs/sample_00050.cif,True,True,True,True,2.56611778710313,355.580659940589,29.631721661715748,12,False,True,True,,,13.958739989433315,True,,12.0,fixed_film,fixed_film
fixed_film__g2__t12,2,12,51,provenance://crystalite/outputs/final report output/relaxed_groups/fixed_film__g2__t12/cifs/sample_00051.cif,True,True,True,True,1.9628035619869093,153.04309937540435,17.004788819489374,9,False,True,True,,,17.358845876902066,True,,12.0,fixed_film,fixed_film
fixed_film__g2__t12,2,12,52,provenance://crystalite/outputs/final report output/relaxed_groups/fixed_film__g2__t12/cifs/sample_00052.cif,True,True,True,True,2.5288394879838783,337.11910077008645,30.647190979098767,11,False,True,True,,,13.274239302824702,True,,12.0,fixed_film,fixed_film
fixed_film__g2__t12,2,12,53,provenance://crystalite/outputs/final report output/relaxed_groups/fixed_film__g2__t12/cifs/sample_00053.cif,True,True,True,True,1.7717471137073,461.1119829413568,25.61733238563093,18,False,True,True,,,9.363706909523131,True,,12.0,fixed_film,fixed_film
fixed_film__g2__t12,2,12,54,provenance://crystalite/outputs/final report output/relaxed_groups/fixed_film__g2__t12/cifs/sample_00054.cif,True,False,True,False,2.19884903878519,547.8892760806709,30.438293115592828,18,False,True,True,,,7.882741773903093,True,,12.0,fixed_film,fixed_film
fixed_film__g2__t12,2,12,55,provenance://crystalite/outputs/final report output/relaxed_groups/fixed_film__g2__t12/cifs/sample_00055.cif,True,True,True,True,2.238585165892275,260.52927931759905,21.710773276466583,12,False,True,True,,,13.022485993892127,True,,12.0,fixed_film,fixed_film
fixed_film__g2__t12,2,12,56,provenance://crystalite/outputs/final report output/relaxed_groups/fixed_film__g2__t12/cifs/sample_00056.cif,True,True,True,True,2.796702926898224,126.18238209445052,31.545595523612636,4,False,True,True,,,18.550725075825145,True,,12.0,fixed_film,fixed_film
fixed_film__g2__t12,2,12,57,provenance://crystalite/outputs/final report output/relaxed_groups/fixed_film__g2__t12/cifs/sample_00057.cif,True,True,True,True,2.1034224935846315,125.31620795533732,25.063241591067467,5,False,True,True,,,14.237216700280335,True,,12.0,fixed_film,fixed_film
fixed_film__g2__t12,2,12,58,provenance://crystalite/outputs/final report output/relaxed_groups/fixed_film__g2__t12/cifs/sample_00058.cif,True,False,True,False,2.468057711487712,516.117487907364,28.673193772631333,18,False,True,True,,,15.067489115311238,True,,12.0,fixed_film,fixed_film
fixed_film__g2__t12,2,12,59,provenance://crystalite/outputs/final report output/relaxed_groups/fixed_film__g2__t12/cifs/sample_00059.cif,True,True,True,True,2.5555458585513184,246.11287005062084,22.373897277329167,11,False,True,True,,,8.350961372522347,True,,12.0,fixed_film,fixed_film
fixed_film__g2__t12,2,12,60,provenance://crystalite/outputs/final report output/relaxed_groups/fixed_film__g2__t12/cifs/sample_00060.cif,True,True,True,True,3.0491847426625784,88.27129566663424,22.06782391665856,4,True,True,True,,,13.917337184418493,True,,12.0,fixed_film,fixed_film
fixed_film__g2__t12,2,12,61,provenance://crystalite/outputs/final report output/relaxed_groups/fixed_film__g2__t12/cifs/sample_00061.cif,True,True,True,True,1.836425655221238,482.9150871904782,34.49393479931987,14,False,True,True,,,11.609742748534336,True,,12.0,fixed_film,fixed_film
fixed_film__g2__t12,2,12,62,provenance://crystalite/outputs/final report output/relaxed_groups/fixed_film__g2__t12/cifs/sample_00062.cif,True,True,True,True,2.2088423986372847,235.1658813463214,21.37871648602922,11,False,True,True,,,13.896519215477722,True,,12.0,fixed_film,fixed_film
fixed_film__g2__t12,2,12,63,provenance://crystalite/outputs/final report output/relaxed_groups/fixed_film__g2__t12/cifs/sample_00063.cif,True,True,True,True,2.3106213593740828,236.6552739287464,26.29503043652738,9,False,True,True,,,12.145110839077113,True,,12.0,fixed_film,fixed_film
fixed_film__g2__t12,2,12,64,provenance://crystalite/outputs/final report output/relaxed_groups/fixed_film__g2__t12/cifs/sample_00064.cif,True,True,True,True,2.1627323551668574,221.73185164238407,31.675978806054868,7,False,True,True,,,4.82917115710859,True,,12.0,fixed_film,fixed_film
fixed_film__g2__t12,2,12,65,provenance://crystalite/outputs/final report output/relaxed_groups/fixed_film__g2__t12/cifs/sample_00065.cif,True,True,True,True,2.4750872475966865,106.47705870169423,17.746176450282373,6,False,True,True,,,21.773864535537665,True,,12.0,fixed_film,fixed_film
fixed_film__g2__t12,2,12,66,provenance://crystalite/outputs/final report output/relaxed_groups/fixed_film__g2__t12/cifs/sample_00066.cif,True,False,True,False,1.7998176464942923,632.9949930995048,31.64974965497524,20,False,True,True,,,12.044142503961083,True,,12.0,fixed_film,fixed_film
fixed_film__g2__t12,2,12,67,provenance://crystalite/outputs/final report output/relaxed_groups/fixed_film__g2__t12/cifs/sample_00067.cif,True,True,True,True,2.349441418256957,268.9985744983091,22.41654787485909,12,False,True,True,,,18.42207294531044,True,,12.0,fixed_film,fixed_film
fixed_film__g2__t12,2,12,68,provenance://crystalite/outputs/final report output/relaxed_groups/fixed_film__g2__t12/cifs/sample_00068.cif,True,True,True,True,1.9512945960043269,110.39117443464907,27.597793608662272,4,False,True,True,,,7.305105454666645,True,,12.0,fixed_film,fixed_film
fixed_film__g2__t12,2,12,69,provenance://crystalite/outputs/final report output/relaxed_groups/fixed_film__g2__t12/cifs/sample_00069.cif,True,False,True,False,1.9691449243110584,513.4505633882469,25.672528169412345,20,False,True,True,,,10.467996126576272,True,,12.0,fixed_film,fixed_film
fixed_film__g2__t12,2,12,70,provenance://crystalite/outputs/final report output/relaxed_groups/fixed_film__g2__t12/cifs/sample_00070.cif,True,True,True,True,1.8915144794060024,502.58103865394406,27.921168814108004,18,False,True,True,,,13.949009155797953,True,,12.0,fixed_film,fixed_film
fixed_film__g2__t12,2,12,71,provenance://crystalite/outputs/final report output/relaxed_groups/fixed_film__g2__t12/cifs/sample_00071.cif,True,True,True,True,2.371145316465453,167.3585952239689,27.89309920399482,6,False,True,True,,,11.300370509442928,True,,12.0,fixed_film,fixed_film
fixed_film__g2__t12,2,12,72,provenance://crystalite/outputs/final report output/relaxed_groups/fixed_film__g2__t12/cifs/sample_00072.cif,True,True,True,True,1.2236363342872327,160.03334569577322,16.003334569577323,10,False,True,True,,,4.506657305441248,True,,12.0,fixed_film,fixed_film
fixed_film__g2__t12,2,12,73,provenance://crystalite/outputs/final report output/relaxed_groups/fixed_film__g2__t12/cifs/sample_00073.cif,True,False,True,False,2.1311848879901003,522.3467441273222,32.646671507957635,16,False,True,True,,,11.604348536010413,True,,12.0,fixed_film,fixed_film
fixed_film__g2__t12,2,12,74,provenance://crystalite/outputs/final report output/relaxed_groups/fixed_film__g2__t12/cifs/sample_00074.cif,True,True,True,True,2.694197515346282,88.744183643624,22.186045910906,4,True,True,True,,,24.840810828084727,True,,12.0,fixed_film,fixed_film
fixed_film__g2__t12,2,12,75,provenance://crystalite/outputs/final report output/relaxed_groups/fixed_film__g2__t12/cifs/sample_00075.cif,True,True,True,True,2.504748396147565,223.5895387685092,27.948692346063645,8,False,True,True,,,13.494062679396857,True,,12.0,fixed_film,fixed_film
fixed_film__g2__t12,2,12,76,provenance://crystalite/outputs/final report output/relaxed_groups/fixed_film__g2__t12/cifs/sample_00076.cif,True,True,True,True,3.10686221513276,59.0948054537397,29.54740272686985,2,True,True,True,,,15.48354624684326,True,,12.0,fixed_film,fixed_film
fixed_film__g2__t12,2,12,77,provenance://crystalite/outputs/final report output/relaxed_groups/fixed_film__g2__t12/cifs/sample_00077.cif,True,False,True,False,2.348388057935183,250.95310759256876,27.883678621396527,9,False,True,True,,,17.163566670464732,True,,12.0,fixed_film,fixed_film
fixed_film__g2__t12,2,12,78,provenance://crystalite/outputs/final report output/relaxed_groups/fixed_film__g2__t12/cifs/sample_00078.cif,True,False,True,False,2.462187850678262,203.33470611974707,25.416838264968383,8,False,True,True,,,13.042930276258453,True,,12.0,fixed_film,fixed_film
fixed_film__g2__t12,2,12,79,provenance://crystalite/outputs/final report output/relaxed_groups/fixed_film__g2__t12/cifs/sample_00079.cif,True,True,True,True,1.057624088305391,173.18654412306012,10.824159007691255,16,False,True,True,,,6.600439187911975,True,,12.0,fixed_film,fixed_film
fixed_film__g2__t12,2,12,80,provenance://crystalite/outputs/final report output/relaxed_groups/fixed_film__g2__t12/cifs/sample_00080.cif,True,True,True,True,2.460386300579446,228.20378201412905,22.820378201412904,10,False,True,True,,,19.109034336374734,True,,12.0,fixed_film,fixed_film
fixed_film__g2__t12,2,12,81,provenance://crystalite/outputs/final report output/relaxed_groups/fixed_film__g2__t12/cifs/sample_00081.cif,True,False,True,False,1.199791724615903,264.2508124971021,13.212540624855103,20,False,True,True,,,11.795073839276846,True,,12.0,fixed_film,fixed_film
fixed_film__g2__t12,2,12,82,provenance://crystalite/outputs/final report output/relaxed_groups/fixed_film__g2__t12/cifs/sample_00082.cif,True,True,True,True,2.7132551933564617,172.5583739237124,28.7597289872854,6,False,True,True,,,16.521669734306943,True,,12.0,fixed_film,fixed_film
fixed_film__g2__t12,2,12,83,provenance://crystalite/outputs/final report output/relaxed_groups/fixed_film__g2__t12/cifs/sample_00083.cif,True,True,True,True,2.4119328788326944,390.3527840427497,32.529398670229135,12,False,True,True,,,13.785360465877808,True,,12.0,fixed_film,fixed_film
fixed_film__g2__t12,2,12,84,provenance://crystalite/outputs/final report output/relaxed_groups/fixed_film__g2__t12/cifs/sample_00084.cif,True,False,True,False,2.333477358503487,591.2542167454762,32.847456485859794,18,False,True,True,,,13.396498172468922,True,,12.0,fixed_film,fixed_film
fixed_film__g2__t12,2,12,85,provenance://crystalite/outputs/final report output/relaxed_groups/fixed_film__g2__t12/cifs/sample_00085.cif,True,True,True,True,2.551394109963014,367.2300990294856,30.602508252457135,12,False,True,True,,,16.19415602064359,True,,12.0,fixed_film,fixed_film
fixed_film__g2__t12,2,12,86,provenance://crystalite/outputs/final report output/relaxed_groups/fixed_film__g2__t12/cifs/sample_00086.cif,True,False,True,False,2.387668529907347,434.9055775944413,31.06468411388866,14,False,True,True,,,15.489642000718256,True,,12.0,fixed_film,fixed_film
fixed_film__g2__t12,2,12,87,provenance://crystalite/outputs/final report output/relaxed_groups/fixed_film__g2__t12/cifs/sample_00087.cif,True,True,True,True,2.1449363368160856,284.98681738328713,23.74890144860726,12,False,True,True,,,9.345560741018936,True,,12.0,fixed_film,fixed_film
fixed_film__g2__t12,2,12,88,provenance://crystalite/outputs/final report output/relaxed_groups/fixed_film__g2__t12/cifs/sample_00088.cif,True,False,True,False,2.445653400772666,600.7294691021947,30.036473455109736,20,False,True,True,,,14.978736223928578,True,,12.0,fixed_film,fixed_film
fixed_film__g2__t12,2,12,89,provenance://crystalite/outputs/final report output/relaxed_groups/fixed_film__g2__t12/cifs/sample_00089.cif,True,True,True,True,2.542009355431164,413.8259493715193,25.86412183571996,16,False,True,True,,,19.22713731200501,True,,12.0,fixed_film,fixed_film
fixed_film__g2__t12,2,12,91,provenance://crystalite/outputs/final report output/relaxed_groups/fixed_film__g2__t12/cifs/sample_00091.cif,True,True,True,True,2.9776201299794303,87.60603240302359,29.202010801007862,3,True,True,True,,,10.205129596608344,True,,12.0,fixed_film,fixed_film
fixed_film__g2__t12,2,12,92,provenance://crystalite/outputs/final report output/relaxed_groups/fixed_film__g2__t12/cifs/sample_00092.cif,True,True,True,True,2.2186054568804408,104.28016893594726,20.856033787189453,5,False,True,True,,,20.197032297716163,True,,12.0,fixed_film,fixed_film
fixed_film__g2__t12,2,12,93,provenance://crystalite/outputs/final report output/relaxed_groups/fixed_film__g2__t12/cifs/sample_00093.cif,True,True,True,True,2.2146901377588843,236.2146074641153,33.74494392344504,7,False,True,True,,,10.296718630340642,True,,12.0,fixed_film,fixed_film
fixed_film__g2__t12,2,12,94,provenance://crystalite/outputs/final report output/relaxed_groups/fixed_film__g2__t12/cifs/sample_00094.cif,True,True,True,True,2.3177199764425,318.9237295694423,31.89237295694423,10,False,True,True,,,10.898192214103616,True,,12.0,fixed_film,fixed_film
fixed_film__g2__t12,2,12,95,provenance://crystalite/outputs/final report output/relaxed_groups/fixed_film__g2__t12/cifs/sample_00095.cif,True,True,True,True,1.3439500853833664,399.4483253434325,24.96552033396453,16,False,True,True,,,7.53550126160102,True,,12.0,fixed_film,fixed_film
fixed_film__g2__t12,2,12,96,provenance://crystalite/outputs/final report output/relaxed_groups/fixed_film__g2__t12/cifs/sample_00096.cif,True,True,True,True,2.044287477235095,152.57608066197926,25.429346776996542,6,False,True,True,,,9.005321945104802,True,,12.0,fixed_film,fixed_film
fixed_film__g2__t12,2,12,97,provenance://crystalite/outputs/final report output/relaxed_groups/fixed_film__g2__t12/cifs/sample_00097.cif,True,True,True,True,2.8155367007641283,592.3613838392027,31.17691493890541,19,False,True,True,,,15.50275015119434,True,,12.0,fixed_film,fixed_film
fixed_film__g2__t12,2,12,98,provenance://crystalite/outputs/final report output/relaxed_groups/fixed_film__g2__t12/cifs/sample_00098.cif,True,True,True,True,2.039691887924998,457.1645863057668,25.3980325725426,18,False,True,True,,,4.7354248127354674,True,,12.0,fixed_film,fixed_film
fixed_film__g2__t12,2,12,99,provenance://crystalite/outputs/final report output/relaxed_groups/fixed_film__g2__t12/cifs/sample_00099.cif,True,True,True,True,2.068485982604296,468.25125528904863,26.01395862716937,18,False,True,True,,,11.872553752120412,True,,12.0,fixed_film,fixed_film
fixed_film__g2__t12,2,12,100,provenance://crystalite/outputs/final report output/relaxed_groups/fixed_film__g2__t12/cifs/sample_00100.cif,True,True,True,True,2.2801112835267072,170.32748181296083,24.33249740185155,7,False,True,True,,,15.591254337399178,True,,12.0,fixed_film,fixed_film
fixed_film__g2__t12,2,12,101,provenance://crystalite/outputs/final report output/relaxed_groups/fixed_film__g2__t12/cifs/sample_00101.cif,True,False,True,False,1.865746740414394,164.1058244728298,20.513228059103724,8,False,True,True,,,13.467455597446268,True,,12.0,fixed_film,fixed_film
fixed_film__g2__t12,2,12,102,provenance://crystalite/outputs/final report output/relaxed_groups/fixed_film__g2__t12/cifs/sample_00102.cif,True,True,True,True,2.372823581691855,373.71244793034833,31.142703994195696,12,False,True,True,,,10.607217366504322,True,,12.0,fixed_film,fixed_film
fixed_film__g2__t12,2,12,103,provenance://crystalite/outputs/final report output/relaxed_groups/fixed_film__g2__t12/cifs/sample_00103.cif,True,True,True,True,2.034645713816773,499.6482900608665,24.982414503043323,20,False,True,True,,,9.199900951604652,True,,12.0,fixed_film,fixed_film
fixed_film__g2__t12,2,12,104,provenance://crystalite/outputs/final report output/relaxed_groups/fixed_film__g2__t12/cifs/sample_00104.cif,True,True,True,True,1.880489664557512,270.1415619417712,22.511796828480936,12,False,True,True,,,10.080116705239474,True,,12.0,fixed_film,fixed_film
fixed_film__g2__t12,2,12,105,provenance://crystalite/outputs/final report output/relaxed_groups/fixed_film__g2__t12/cifs/sample_00105.cif,True,True,True,True,2.4126401133642847,71.27231242789212,23.75743747596404,3,False,True,True,,,14.091070839673222,True,,12.0,fixed_film,fixed_film
fixed_film__g2__t12,2,12,106,provenance://crystalite/outputs/final report output/relaxed_groups/fixed_film__g2__t12/cifs/sample_00106.cif,True,False,True,False,2.1932135263547075,423.1533829807632,30.225241641483088,14,False,True,True,,,9.897045795446775,True,,12.0,fixed_film,fixed_film
fixed_film__g2__t12,2,12,107,provenance://crystalite/outputs/final report output/relaxed_groups/fixed_film__g2__t12/cifs/sample_00107.cif,True,True,True,True,2.249991847425285,351.8511734020074,27.06547487707749,13,False,True,True,,,10.497305126523022,True,,12.0,fixed_film,fixed_film
fixed_film__g2__t12,2,12,109,provenance://crystalite/outputs/final report output/relaxed_groups/fixed_film__g2__t12/cifs/sample_00109.cif,True,True,True,True,1.260005032806935,226.47311736229892,12.581839853461052,18,False,True,True,,,11.894860718918173,True,,12.0,fixed_film,fixed_film
fixed_film__g2__t12,2,12,110,provenance://crystalite/outputs/final report output/relaxed_groups/fixed_film__g2__t12/cifs/sample_00110.cif,True,False,True,False,2.37126667307994,522.8643221078494,37.3474515791321,14,False,True,True,,,8.853119402187962,True,,12.0,fixed_film,fixed_film
fixed_film__g2__t12,2,12,111,provenance://crystalite/outputs/final report output/relaxed_groups/fixed_film__g2__t12/cifs/sample_00111.cif,True,True,True,True,2.4089258261350133,194.4056789887174,24.300709873589675,8,False,True,True,,,14.439192976114136,True,,12.0,fixed_film,fixed_film
fixed_film__g2__t12,2,12,112,provenance://crystalite/outputs/final report output/relaxed_groups/fixed_film__g2__t12/cifs/sample_00112.cif,True,True,True,True,2.0469029141801123,108.79711515171516,21.75942303034303,5,False,True,True,,,8.49201392441987,True,,12.0,fixed_film,fixed_film
fixed_film__g2__t12,2,12,113,provenance://crystalite/outputs/final report output/relaxed_groups/fixed_film__g2__t12/cifs/sample_00113.cif,True,True,True,True,2.422795589419846,233.29465189121683,29.161831486402104,8,False,True,True,,,14.577571613596383,True,,12.0,fixed_film,fixed_film
fixed_film__g2__t12,2,12,114,provenance://crystalite/outputs/final report output/relaxed_groups/fixed_film__g2__t12/cifs/sample_00114.cif,True,True,True,True,2.8392192498798723,450.69556709329913,32.19254050666422,14,True,True,True,,,18.70487326927422,True,,12.0,fixed_film,fixed_film
fixed_film__g2__t12,2,12,115,provenance://crystalite/outputs/final report output/relaxed_groups/fixed_film__g2__t12/cifs/sample_00115.cif,True,True,True,True,2.4838518690539644,292.3903932611424,24.3658661050952,12,False,True,True,,,16.87024765336068,True,,12.0,fixed_film,fixed_film
fixed_film__g2__t12,2,12,116,provenance://crystalite/outputs/final report output/relaxed_groups/fixed_film__g2__t12/cifs/sample_00116.cif,True,False,True,False,2.3821821276521478,218.2559775564508,27.28199719455635,8,False,True,True,,,11.580342158201598,True,,12.0,fixed_film,fixed_film
fixed_film__g2__t12,2,12,117,provenance://crystalite/outputs/final report output/relaxed_groups/fixed_film__g2__t12/cifs/sample_00117.cif,True,False,True,False,1.779620678772656,609.2314537051855,35.83714433559914,17,False,True,True,,,10.391058216416177,True,,12.0,fixed_film,fixed_film
fixed_film__g2__t12,2,12,118,provenance://crystalite/outputs/final report output/relaxed_groups/fixed_film__g2__t12/cifs/sample_00118.cif,True,True,True,True,2.3768347146884863,664.005930933431,33.20029654667155,20,False,True,True,,,10.043003453572076,True,,12.0,fixed_film,fixed_film
fixed_film__g2__t12,2,12,119,provenance://crystalite/outputs/final report output/relaxed_groups/fixed_film__g2__t12/cifs/sample_00119.cif,True,False,True,False,2.3322207661579566,512.7774417959052,25.638872089795264,20,False,True,True,,,18.194256705681997,True,,12.0,fixed_film,fixed_film
fixed_film__g2__t12,2,12,120,provenance://crystalite/outputs/final report output/relaxed_groups/fixed_film__g2__t12/cifs/sample_00120.cif,True,False,True,False,1.345959540644238,321.0992825577554,16.054964127887768,20,False,True,True,,,10.38402304865954,True,,12.0,fixed_film,fixed_film
fixed_film__g2__t12,2,12,121,provenance://crystalite/outputs/final report output/relaxed_groups/fixed_film__g2__t12/cifs/sample_00121.cif,True,False,True,False,2.4457171571983256,396.8216804976295,30.52474465366381,13,False,True,True,,,13.343194780028211,True,,12.0,fixed_film,fixed_film
fixed_film__g2__t12,2,12,122,provenance://crystalite/outputs/final report output/relaxed_groups/fixed_film__g2__t12/cifs/sample_00122.cif,True,False,True,False,2.6982782020312173,595.1525125220684,33.064028473448246,18,False,True,True,,,16.333851504446372,True,,12.0,fixed_film,fixed_film
fixed_film__g2__t12,2,12,123,provenance://crystalite/outputs/final report output/relaxed_groups/fixed_film__g2__t12/cifs/sample_00123.cif,True,True,True,True,2.114702040508162,308.4712934942487,30.84712934942487,10,False,True,True,,,10.899974872683382,True,,12.0,fixed_film,fixed_film
fixed_film__g2__t12,2,12,124,provenance://crystalite/outputs/final report output/relaxed_groups/fixed_film__g2__t12/cifs/sample_00124.cif,True,True,True,True,2.7981999135153544,460.4650537951056,32.89036098536469,14,False,True,True,,,15.866277868419196,True,,12.0,fixed_film,fixed_film
fixed_film__g2__t12,2,12,125,provenance://crystalite/outputs/final report output/relaxed_groups/fixed_film__g2__t12/cifs/sample_00125.cif,True,False,True,False,0.9874387604731876,544.8770677481268,27.24385338740634,20,False,True,True,,,10.540660499401724,True,,12.0,fixed_film,fixed_film
fixed_film__g2__t12,2,12,126,provenance://crystalite/outputs/final report output/relaxed_groups/fixed_film__g2__t12/cifs/sample_00126.cif,True,False,True,False,2.414429325830908,466.42089932119546,35.87853071701504,13,False,True,True,,,10.289586484458496,True,,12.0,fixed_film,fixed_film
fixed_film__g2__t12,2,12,127,provenance://crystalite/outputs/final report output/relaxed_groups/fixed_film__g2__t12/cifs/sample_00127.cif,True,False,True,False,2.404893434364979,345.45076464626135,34.545076464626135,10,False,True,True,,,8.770379508185483,True,,12.0,fixed_film,fixed_film
fixed_film__g3__t2,3,2,0,provenance://crystalite/outputs/final report output/relaxed_groups/fixed_film__g3__t2/cifs/sample_00000.cif,True,True,True,True,2.088229977390071,249.62751694889656,62.40687923722415,4,False,True,True,,,1.2286132446912512,True,,2.0,fixed_film,fixed_film
fixed_film__g3__t2,3,2,1,provenance://crystalite/outputs/final report output/relaxed_groups/fixed_film__g3__t2/cifs/sample_00001.cif,True,False,True,False,1.4377720493567856,466.8378658311882,23.34189329155941,20,False,True,True,,,1.530810645961391,True,,2.0,fixed_film,fixed_film
fixed_film__g3__t2,3,2,2,provenance://crystalite/outputs/final report output/relaxed_groups/fixed_film__g3__t2/cifs/sample_00002.cif,True,True,True,True,1.8192716410396923,158.42045648201392,19.80255706025174,8,False,True,True,,,2.0705238377921527,True,,2.0,fixed_film,fixed_film
fixed_film__g3__t2,3,2,3,provenance://crystalite/outputs/final report output/relaxed_groups/fixed_film__g3__t2/cifs/sample_00003.cif,True,True,True,True,1.735486674077908,170.15280084809768,21.26910010601221,8,False,True,True,,,2.071354011518732,True,,2.0,fixed_film,fixed_film
fixed_film__g3__t2,3,2,4,provenance://crystalite/outputs/final report output/relaxed_groups/fixed_film__g3__t2/cifs/sample_00004.cif,True,True,True,True,2.0124916270550304,73.85292311535,36.926461557675,2,False,True,True,,,2.435782126026189,True,,2.0,fixed_film,fixed_film
fixed_film__g3__t2,3,2,5,provenance://crystalite/outputs/final report output/relaxed_groups/fixed_film__g3__t2/cifs/sample_00005.cif,True,False,True,False,1.3862958717750744,266.2820710633584,16.642629441459896,16,False,True,True,,,3.3665880506315062,True,,2.0,fixed_film,fixed_film
fixed_film__g3__t2,3,2,6,provenance://crystalite/outputs/final report output/relaxed_groups/fixed_film__g3__t2/cifs/sample_00006.cif,True,False,True,False,1.9641662596686151,164.1016281578139,20.512703519726735,8,False,True,True,,,1.9124952362590244,True,,2.0,fixed_film,fixed_film
fixed_film__g3__t2,3,2,8,provenance://crystalite/outputs/final report output/relaxed_groups/fixed_film__g3__t2/cifs/sample_00008.cif,True,False,True,False,1.648030837580864,300.25011573582606,25.020842977985502,12,False,True,True,,,1.6888681772660463,True,,2.0,fixed_film,fixed_film
fixed_film__g3__t2,3,2,9,provenance://crystalite/outputs/final report output/relaxed_groups/fixed_film__g3__t2/cifs/sample_00009.cif,True,True,True,True,1.8032416415124384,137.8246363148427,17.22807953935534,8,False,True,True,,,2.1077337250045414,True,,2.0,fixed_film,fixed_film
fixed_film__g3__t2,3,2,10,provenance://crystalite/outputs/final report output/relaxed_groups/fixed_film__g3__t2/cifs/sample_00010.cif,True,False,True,False,1.6293957619126942,317.14972638912144,26.42914386576012,12,False,True,True,,,1.8684035976500295,True,,2.0,fixed_film,fixed_film
fixed_film__g3__t2,3,2,12,provenance://crystalite/outputs/final report output/relaxed_groups/fixed_film__g3__t2/cifs/sample_00012.cif,True,False,True,False,1.303826277840791,467.58466187682006,46.758466187682,10,False,True,True,,,1.96265627877984,True,,2.0,fixed_film,fixed_film
fixed_film__g3__t2,3,2,13,provenance://crystalite/outputs/final report output/relaxed_groups/fixed_film__g3__t2/cifs/sample_00013.cif,True,True,True,True,1.3033796267437323,401.3503573336018,33.445863111133484,12,False,True,True,,,1.973706050695164,True,,2.0,fixed_film,fixed_film
fixed_film__g3__t2,3,2,14,provenance://crystalite/outputs/final report output/relaxed_groups/fixed_film__g3__t2/cifs/sample_00014.cif,True,False,True,False,1.8572712758860743,370.9484695208759,30.912372460072987,12,False,True,True,,,1.8269917283546413,True,,2.0,fixed_film,fixed_film
fixed_film__g3__t2,3,2,15,provenance://crystalite/outputs/final report output/relaxed_groups/fixed_film__g3__t2/cifs/sample_00015.cif,True,True,True,True,1.2042319140764368,363.45862899683465,121.1528763322782,3,False,True,True,,,1.5155539374773916,True,,2.0,fixed_film,fixed_film
fixed_film__g3__t2,3,2,16,provenance://crystalite/outputs/final report output/relaxed_groups/fixed_film__g3__t2/cifs/sample_00016.cif,True,False,True,False,0.9389051520949242,769.4222326416323,42.74567959120179,18,False,True,True,,,1.7437211781933326,True,,2.0,fixed_film,fixed_film
fixed_film__g3__t2,3,2,17,provenance://crystalite/outputs/final report output/relaxed_groups/fixed_film__g3__t2/cifs/sample_00017.cif,True,True,True,True,1.802538925930161,137.74479426818837,17.218099283523546,8,False,True,True,,,2.042109403624801,True,,2.0,fixed_film,fixed_film
fixed_film__g3__t2,3,2,18,provenance://crystalite/outputs/final report output/relaxed_groups/fixed_film__g3__t2/cifs/sample_00018.cif,True,False,True,False,3.273162463057604,96.31694486899582,48.15847243449791,2,False,True,True,,,2.879307268557015,True,,2.0,fixed_film,fixed_film
fixed_film__g3__t2,3,2,19,provenance://crystalite/outputs/final report output/relaxed_groups/fixed_film__g3__t2/cifs/sample_00019.cif,True,False,True,False,1.842575660070184,232.26511548155844,23.226511548155845,10,False,True,True,,,2.127908776467661,True,,2.0,fixed_film,fixed_film
fixed_film__g3__t2,3,2,20,provenance://crystalite/outputs/final report output/relaxed_groups/fixed_film__g3__t2/cifs/sample_00020.cif,True,True,True,True,2.349018851443521,109.63018325692737,21.926036651385477,5,False,True,True,,,2.821860694427945,True,,2.0,fixed_film,fixed_film
fixed_film__g3__t2,3,2,21,provenance://crystalite/outputs/final report output/relaxed_groups/fixed_film__g3__t2/cifs/sample_00021.cif,True,False,True,False,1.500738728196463,400.9710650526008,20.04855325263004,20,False,True,True,,,2.85506924274634,True,,2.0,fixed_film,fixed_film
fixed_film__g3__t2,3,2,22,provenance://crystalite/outputs/final report output/relaxed_groups/fixed_film__g3__t2/cifs/sample_00022.cif,True,False,True,False,1.44871757465714,875.350155081506,62.52501107725043,14,False,True,True,,,1.84738131247102,True,,2.0,fixed_film,fixed_film
fixed_film__g3__t2,3,2,23,provenance://crystalite/outputs/final report output/relaxed_groups/fixed_film__g3__t2/cifs/sample_00023.cif,True,True,True,True,1.45098310002317,170.75900199240954,18.97322244360106,9,False,True,True,,,2.958259310530753,True,,2.0,fixed_film,fixed_film
fixed_film__g3__t2,3,2,24,provenance://crystalite/outputs/final report output/relaxed_groups/fixed_film__g3__t2/cifs/sample_00024.cif,True,False,True,False,1.701547540358769,195.42438406765515,19.54243840676552,10,False,True,True,,,2.200860811253097,True,,2.0,fixed_film,fixed_film
fixed_film__g3__t2,3,2,25,provenance://crystalite/outputs/final report output/relaxed_groups/fixed_film__g3__t2/cifs/sample_00025.cif,True,False,True,False,0.948956913886802,317.3951843390535,19.837199021190845,16,False,True,True,,,1.78686462749791,True,,2.0,fixed_film,fixed_film
fixed_film__g3__t2,3,2,27,provenance://crystalite/outputs/final report output/relaxed_groups/fixed_film__g3__t2/cifs/sample_00027.cif,True,True,True,True,1.7857150654271416,189.94269272815112,23.74283659101889,8,False,True,True,,,1.897670159978598,True,,2.0,fixed_film,fixed_film
fixed_film__g3__t2,3,2,28,provenance://crystalite/outputs/final report output/relaxed_groups/fixed_film__g3__t2/cifs/sample_00028.cif,True,True,True,True,1.3209113963829875,436.6998134231831,27.293738338948945,16,False,True,True,,,2.339488734200798,True,,2.0,fixed_film,fixed_film
fixed_film__g3__t2,3,2,31,provenance://crystalite/outputs/final report output/relaxed_groups/fixed_film__g3__t2/cifs/sample_00031.cif,True,False,True,False,1.6085468757284485,103.26907471310166,20.653814942620333,5,False,True,True,,,3.1058017117777013,True,,2.0,fixed_film,fixed_film
fixed_film__g3__t2,3,2,32,provenance://crystalite/outputs/final report output/relaxed_groups/fixed_film__g3__t2/cifs/sample_00032.cif,True,False,True,False,1.9145701290875752,440.5841716161605,24.47689842312003,18,False,True,True,,,1.8530091477265185,True,,2.0,fixed_film,fixed_film
fixed_film__g3__t2,3,2,33,provenance://crystalite/outputs/final report output/relaxed_groups/fixed_film__g3__t2/cifs/sample_00033.cif,True,False,True,False,1.642657313797966,177.94072555225864,14.828393796021553,12,False,True,True,,,2.3223739153790266,True,,2.0,fixed_film,fixed_film
fixed_film__g3__t2,3,2,35,provenance://crystalite/outputs/final report output/relaxed_groups/fixed_film__g3__t2/cifs/sample_00035.cif,True,False,True,False,1.9954760400441496,171.6479380060262,24.521134000860886,7,False,True,True,,,1.7006870681213355,True,,2.0,fixed_film,fixed_film
fixed_film__g3__t2,3,2,39,provenance://crystalite/outputs/final report output/relaxed_groups/fixed_film__g3__t2/cifs/sample_00039.cif,True,True,True,True,1.445016991765046,1017.1746741394836,63.57341713371772,16,False,True,True,,,1.7601566853514674,True,,2.0,fixed_film,fixed_film
fixed_film__g3__t2,3,2,40,provenance://crystalite/outputs/final report output/relaxed_groups/fixed_film__g3__t2/cifs/sample_00040.cif,True,True,True,True,2.987421608721351,58.9851267519375,29.49256337596875,2,False,True,False,,,2.188179149202787,True,,2.0,fixed_film,fixed_film
fixed_film__g3__t2,3,2,41,provenance://crystalite/outputs/final report output/relaxed_groups/fixed_film__g3__t2/cifs/sample_00041.cif,True,False,True,False,1.4386117850536444,103.27015209683506,20.65403041936701,5,False,True,True,,,2.5546352117412248,True,,2.0,fixed_film,fixed_film
fixed_film__g3__t2,3,2,42,provenance://crystalite/outputs/final report output/relaxed_groups/fixed_film__g3__t2/cifs/sample_00042.cif,True,True,True,True,1.42593078122462,692.4440790742584,43.27775494214115,16,False,True,True,,,1.6807212860830612,True,,2.0,fixed_film,fixed_film
fixed_film__g3__t2,3,2,43,provenance://crystalite/outputs/final report output/relaxed_groups/fixed_film__g3__t2/cifs/sample_00043.cif,True,False,True,False,1.4262143440228932,368.9791059052888,36.89791059052888,10,False,True,True,,,1.7505140530038366,True,,2.0,fixed_film,fixed_film
fixed_film__g3__t2,3,2,44,provenance://crystalite/outputs/final report output/relaxed_groups/fixed_film__g3__t2/cifs/sample_00044.cif,True,True,True,True,1.782958037661463,188.29341457814596,18.829341457814596,10,False,True,True,,,1.902758840163684,True,,2.0,fixed_film,fixed_film
fixed_film__g3__t2,3,2,45,provenance://crystalite/outputs/final report output/relaxed_groups/fixed_film__g3__t2/cifs/sample_00045.cif,True,True,True,True,1.4423025986936784,420.2862875631402,70.0477145938567,6,False,True,True,,,1.6324843955996418,True,,2.0,fixed_film,fixed_film
fixed_film__g3__t2,3,2,46,provenance://crystalite/outputs/final report output/relaxed_groups/fixed_film__g3__t2/cifs/sample_00046.cif,True,False,True,False,1.5827136967873243,220.2067634299147,20.01879667544679,11,False,True,True,,,1.253636373353875,True,,2.0,fixed_film,fixed_film
fixed_film__g3__t2,3,2,47,provenance://crystalite/outputs/final report output/relaxed_groups/fixed_film__g3__t2/cifs/sample_00047.cif,True,True,True,True,1.6951660579370529,224.2164328488209,18.68470273740174,12,False,True,True,,,2.103914360237153,True,,2.0,fixed_film,fixed_film
fixed_film__g3__t2,3,2,48,provenance://crystalite/outputs/final report output/relaxed_groups/fixed_film__g3__t2/cifs/sample_00048.cif,True,False,True,False,1.4194466364855227,274.29678925603235,34.287098657004044,8,False,True,True,,,1.7179610401320076,True,,2.0,fixed_film,fixed_film
fixed_film__g3__t2,3,2,49,provenance://crystalite/outputs/final report output/relaxed_groups/fixed_film__g3__t2/cifs/sample_00049.cif,True,False,True,False,1.8274272115134007,181.7406849697948,22.717585621224345,8,False,True,True,,,1.5431766910361409,True,,2.0,fixed_film,fixed_film
fixed_film__g3__t2,3,2,51,provenance://crystalite/outputs/final report output/relaxed_groups/fixed_film__g3__t2/cifs/sample_00051.cif,True,True,True,True,1.680065705417538,205.5232790992209,22.835919899913435,9,False,True,True,,,1.8419173472716908,True,,2.0,fixed_film,fixed_film
fixed_film__g3__t2,3,2,53,provenance://crystalite/outputs/final report output/relaxed_groups/fixed_film__g3__t2/cifs/sample_00053.cif,True,False,True,False,1.3199589810221155,668.5934289284962,37.14407938491646,18,False,True,True,,,1.8334207394181448,True,,2.0,fixed_film,fixed_film
fixed_film__g3__t2,3,2,54,provenance://crystalite/outputs/final report output/relaxed_groups/fixed_film__g3__t2/cifs/sample_00054.cif,True,True,True,True,1.443430298477182,749.204192868224,41.622455159345776,18,False,True,True,,,1.8881247028463044,True,,2.0,fixed_film,fixed_film
fixed_film__g3__t2,3,2,56,provenance://crystalite/outputs/final report output/relaxed_groups/fixed_film__g3__t2/cifs/sample_00056.cif,True,True,True,True,1.2322522828067206,78.08394032712349,19.52098508178087,4,False,True,True,,,3.56323691935021,True,,2.0,fixed_film,fixed_film
fixed_film__g3__t2,3,2,57,provenance://crystalite/outputs/final report output/relaxed_groups/fixed_film__g3__t2/cifs/sample_00057.cif,True,False,True,False,1.4820967196383086,129.82860328368528,25.96572065673705,5,False,False,True,,,2.5140424557459102,True,,2.0,fixed_film,fixed_film
fixed_film__g3__t2,3,2,58,provenance://crystalite/outputs/final report output/relaxed_groups/fixed_film__g3__t2/cifs/sample_00058.cif,True,False,True,False,0.9486058723201962,457.4115645673786,25.41175358707659,18,False,True,True,,,2.1586024189308257,True,,2.0,fixed_film,fixed_film
fixed_film__g3__t2,3,2,59,provenance://crystalite/outputs/final report output/relaxed_groups/fixed_film__g3__t2/cifs/sample_00059.cif,True,False,True,False,2.1021031438113758,226.44129530270897,20.58557230024627,11,False,True,True,,,2.2546072221530893,True,,2.0,fixed_film,fixed_film
fixed_film__g3__t2,3,2,60,provenance://crystalite/outputs/final report output/relaxed_groups/fixed_film__g3__t2/cifs/sample_00060.cif,True,True,True,True,2.009860323980083,133.43536815343046,33.358842038357615,4,False,True,True,,,3.4889950657333686,True,,2.0,fixed_film,fixed_film
fixed_film__g3__t2,3,2,61,provenance://crystalite/outputs/final report output/relaxed_groups/fixed_film__g3__t2/cifs/sample_00061.cif,True,True,True,True,1.6914851283953125,400.8386640927168,28.631333149479776,14,False,True,True,,,1.8448252920563497,True,,2.0,fixed_film,fixed_film
fixed_film__g3__t2,3,2,63,provenance://crystalite/outputs/final report output/relaxed_groups/fixed_film__g3__t2/cifs/sample_00063.cif,True,True,True,True,1.322608657661309,250.3915695635897,27.821285507065525,9,False,True,True,,,2.1310171920780685,True,,2.0,fixed_film,fixed_film
fixed_film__g3__t2,3,2,64,provenance://crystalite/outputs/final report output/relaxed_groups/fixed_film__g3__t2/cifs/sample_00064.cif,True,True,True,True,1.430683047844204,188.8938404430403,26.984834349005755,7,False,True,True,,,2.6313816186310426,True,,2.0,fixed_film,fixed_film
fixed_film__g3__t2,3,2,65,provenance://crystalite/outputs/final report output/relaxed_groups/fixed_film__g3__t2/cifs/sample_00065.cif,True,True,True,True,1.897504690510586,152.7983743319311,25.46639572198852,6,False,True,True,,,2.242652709650612,True,,2.0,fixed_film,fixed_film
fixed_film__g3__t2,3,2,66,provenance://crystalite/outputs/final report output/relaxed_groups/fixed_film__g3__t2/cifs/sample_00066.cif,True,True,True,True,1.3909616810931065,448.6318375530942,22.43159187765471,20,False,True,True,,,1.924293473090018,True,,2.0,fixed_film,fixed_film
fixed_film__g3__t2,3,2,67,provenance://crystalite/outputs/final report output/relaxed_groups/fixed_film__g3__t2/cifs/sample_00067.cif,True,False,True,False,1.5858840159238226,346.7600108959153,28.89666757465961,12,False,False,True,,,1.4392820816442051,True,,2.0,fixed_film,fixed_film
fixed_film__g3__t2,3,2,68,provenance://crystalite/outputs/final report output/relaxed_groups/fixed_film__g3__t2/cifs/sample_00068.cif,True,True,True,True,1.5387908253721896,189.39198038299432,47.34799509574858,4,False,True,True,,,2.279256389603292,True,,2.0,fixed_film,fixed_film
fixed_film__g3__t2,3,2,69,provenance://crystalite/outputs/final report output/relaxed_groups/fixed_film__g3__t2/cifs/sample_00069.cif,True,False,True,False,1.3831003654702352,1008.8888611255168,50.44444305627584,20,False,True,True,,,1.5834419651267482,True,,2.0,fixed_film,fixed_film
fixed_film__g3__t2,3,2,70,provenance://crystalite/outputs/final report output/relaxed_groups/fixed_film__g3__t2/cifs/sample_00070.cif,True,False,True,False,1.5507327294883295,538.9364811030082,29.940915616833788,18,False,True,True,,,1.6774748449621708,True,,2.0,fixed_film,fixed_film
fixed_film__g3__t2,3,2,71,provenance://crystalite/outputs/final report output/relaxed_groups/fixed_film__g3__t2/cifs/sample_00071.cif,True,True,True,True,1.8112978214934632,110.72916882092797,18.45486147015466,6,False,True,True,,,2.320838528339884,True,,2.0,fixed_film,fixed_film
fixed_film__g3__t2,3,2,72,provenance://crystalite/outputs/final report output/relaxed_groups/fixed_film__g3__t2/cifs/sample_00072.cif,True,False,True,False,1.4680696831708515,232.28765259702269,23.228765259702268,10,False,True,True,,,1.7209978046022034,True,,2.0,fixed_film,fixed_film
fixed_film__g3__t2,3,2,73,provenance://crystalite/outputs/final report output/relaxed_groups/fixed_film__g3__t2/cifs/sample_00073.cif,True,True,True,True,1.630879721465339,198.27146283004865,12.39196642687804,16,False,True,True,,,1.81679800237007,True,,2.0,fixed_film,fixed_film
fixed_film__g3__t2,3,2,74,provenance://crystalite/outputs/final report output/relaxed_groups/fixed_film__g3__t2/cifs/sample_00074.cif,True,True,True,True,1.577512388515847,322.3956441481723,80.59891103704308,4,False,True,True,,,1.4535349444234509,True,,2.0,fixed_film,fixed_film
fixed_film__g3__t2,3,2,75,provenance://crystalite/outputs/final report output/relaxed_groups/fixed_film__g3__t2/cifs/sample_00075.cif,True,True,True,True,1.7872908835851384,109.44663773409958,13.680829716762448,8,False,True,True,,,2.189857231593323,True,,2.0,fixed_film,fixed_film
fixed_film__g3__t2,3,2,76,provenance://crystalite/outputs/final report output/relaxed_groups/fixed_film__g3__t2/cifs/sample_00076.cif,True,True,True,True,5.812178578716488,419.2705627251805,209.63528136259023,2,False,True,True,,,0.626607098493683,True,,2.0,fixed_film,fixed_film
fixed_film__g3__t2,3,2,77,provenance://crystalite/outputs/final report output/relaxed_groups/fixed_film__g3__t2/cifs/sample_00077.cif,True,True,True,True,1.778542037771866,162.8275855368744,18.0919539485416,9,False,True,True,,,2.230437290753071,True,,2.0,fixed_film,fixed_film
fixed_film__g3__t2,3,2,78,provenance://crystalite/outputs/final report output/relaxed_groups/fixed_film__g3__t2/cifs/sample_00078.cif,True,True,True,True,2.054071047713768,169.7148755684478,21.214359446055976,8,False,True,True,,,2.362840052948179,True,,2.0,fixed_film,fixed_film
fixed_film__g3__t2,3,2,79,provenance://crystalite/outputs/final report output/relaxed_groups/fixed_film__g3__t2/cifs/sample_00079.cif,True,False,True,False,1.6168119428016836,266.11305271965546,16.632065794978466,16,False,True,True,,,2.6132666803125333,True,,2.0,fixed_film,fixed_film
fixed_film__g3__t2,3,2,80,provenance://crystalite/outputs/final report output/relaxed_groups/fixed_film__g3__t2/cifs/sample_00080.cif,True,False,True,False,1.6867111046352083,183.1108044265154,18.31108044265154,10,False,True,True,,,1.579005367747543,True,,2.0,fixed_film,fixed_film
fixed_film__g3__t2,3,2,81,provenance://crystalite/outputs/final report output/relaxed_groups/fixed_film__g3__t2/cifs/sample_00081.cif,True,True,True,True,1.3845113567498992,222.4814979391336,11.12407489695668,20,False,True,True,,,4.4216739155636615,True,,2.0,fixed_film,fixed_film
fixed_film__g3__t2,3,2,82,provenance://crystalite/outputs/final report output/relaxed_groups/fixed_film__g3__t2/cifs/sample_00082.cif,True,False,True,False,1.9973845536458965,110.42727202725126,18.40454533787521,6,False,True,True,,,2.0063520324413844,True,,2.0,fixed_film,fixed_film
fixed_film__g3__t2,3,2,83,provenance://crystalite/outputs/final report output/relaxed_groups/fixed_film__g3__t2/cifs/sample_00083.cif,True,False,True,False,0.6231811702841725,244.94831096910843,20.4123592474257,12,False,True,True,,,1.929160937264608,True,,2.0,fixed_film,fixed_film
fixed_film__g3__t2,3,2,84,provenance://crystalite/outputs/final report output/relaxed_groups/fixed_film__g3__t2/cifs/sample_00084.cif,True,False,True,False,1.2628162994088707,619.2088812545601,34.40049340303111,18,False,True,True,,,2.056703940160691,True,,2.0,fixed_film,fixed_film
fixed_film__g3__t2,3,2,85,provenance://crystalite/outputs/final report output/relaxed_groups/fixed_film__g3__t2/cifs/sample_00085.cif,True,True,True,True,1.282309196353273,117.03433512003528,9.75286126000294,12,False,True,True,,,3.1855387711408363,True,,2.0,fixed_film,fixed_film
fixed_film__g3__t2,3,2,86,provenance://crystalite/outputs/final report output/relaxed_groups/fixed_film__g3__t2/cifs/sample_00086.cif,True,True,True,True,1.4390035284328784,618.9597700832353,44.21141214880252,14,False,True,True,,,1.8540157636191492,True,,2.0,fixed_film,fixed_film
fixed_film__g3__t2,3,2,87,provenance://crystalite/outputs/final report output/relaxed_groups/fixed_film__g3__t2/cifs/sample_00087.cif,True,True,True,True,1.2267261544615984,274.1406245242964,22.845052043691364,12,False,True,True,,,1.9716223203525989,True,,2.0,fixed_film,fixed_film
fixed_film__g3__t2,3,2,89,provenance://crystalite/outputs/final report output/relaxed_groups/fixed_film__g3__t2/cifs/sample_00089.cif,True,False,True,False,1.5084259298851972,289.57879543039104,18.09867471439944,16,False,True,True,,,2.732101679860803,True,,2.0,fixed_film,fixed_film
fixed_film__g3__t2,3,2,90,provenance://crystalite/outputs/final report output/relaxed_groups/fixed_film__g3__t2/cifs/sample_00090.cif,True,False,True,False,1.5967376172941417,253.8075238858122,18.129108848986583,14,False,True,True,,,3.098847417939979,True,,2.0,fixed_film,fixed_film
fixed_film__g3__t2,3,2,91,provenance://crystalite/outputs/final report output/relaxed_groups/fixed_film__g3__t2/cifs/sample_00091.cif,True,False,True,False,1.9067473501483456,63.34506590737454,21.115021969124847,3,False,True,True,,,2.1024383694506947,True,,2.0,fixed_film,fixed_film
fixed_film__g3__t2,3,2,92,provenance://crystalite/outputs/final report output/relaxed_groups/fixed_film__g3__t2/cifs/sample_00092.cif,True,True,True,True,1.8484038014418704,80.44153170080972,16.088306340161942,5,False,True,True,,,2.674959737804596,True,,2.0,fixed_film,fixed_film
fixed_film__g3__t2,3,2,93,provenance://crystalite/outputs/final report output/relaxed_groups/fixed_film__g3__t2/cifs/sample_00093.cif,True,True,True,True,1.6204587340558452,196.54414849386012,28.07773549912288,7,False,True,True,,,1.3969567808319945,True,,2.0,fixed_film,fixed_film
fixed_film__g3__t2,3,2,94,provenance://crystalite/outputs/final report output/relaxed_groups/fixed_film__g3__t2/cifs/sample_00094.cif,True,False,True,False,1.4858862193087206,211.4688830486949,21.146888304869485,10,False,True,True,,,2.703819814149775,True,,2.0,fixed_film,fixed_film
fixed_film__g3__t2,3,2,95,provenance://crystalite/outputs/final report output/relaxed_groups/fixed_film__g3__t2/cifs/sample_00095.cif,True,False,True,False,1.4688650740441034,399.5597335945066,24.972483349656663,16,False,True,True,,,2.4935570163292056,True,,2.0,fixed_film,fixed_film
fixed_film__g3__t2,3,2,96,provenance://crystalite/outputs/final report output/relaxed_groups/fixed_film__g3__t2/cifs/sample_00096.cif,True,False,True,False,2.124314709162028,123.64490703370926,20.60748450561821,6,False,True,True,,,2.7245033545993524,True,,2.0,fixed_film,fixed_film
fixed_film__g3__t2,3,2,97,provenance://crystalite/outputs/final report output/relaxed_groups/fixed_film__g3__t2/cifs/sample_00097.cif,True,False,True,False,1.863057529738968,1059.1540844865335,55.74495181508071,19,False,True,True,,,1.4932391005584786,True,,2.0,fixed_film,fixed_film
fixed_film__g3__t2,3,2,99,provenance://crystalite/outputs/final report output/relaxed_groups/fixed_film__g3__t2/cifs/sample_00099.cif,True,False,True,False,1.4380943092981475,689.4705618771211,38.30392010428451,18,False,True,True,,,1.7562443791080176,True,,2.0,fixed_film,fixed_film
fixed_film__g3__t2,3,2,100,provenance://crystalite/outputs/final report output/relaxed_groups/fixed_film__g3__t2/cifs/sample_00100.cif,True,True,True,True,1.9182154307743116,114.955400997282,16.42220014246886,7,False,True,True,,,3.887599177699664,True,,2.0,fixed_film,fixed_film
fixed_film__g3__t2,3,2,101,provenance://crystalite/outputs/final report output/relaxed_groups/fixed_film__g3__t2/cifs/sample_00101.cif,True,True,True,True,1.8262101625033784,138.1568822506338,17.269610281329225,8,False,True,True,,,1.7281101929729237,True,,2.0,fixed_film,fixed_film
fixed_film__g3__t2,3,2,102,provenance://crystalite/outputs/final report output/relaxed_groups/fixed_film__g3__t2/cifs/sample_00102.cif,True,True,True,True,1.346388278562177,257.7613284873908,21.480110707282563,12,False,True,True,,,2.539595698391882,True,,2.0,fixed_film,fixed_film
fixed_film__g3__t2,3,2,103,provenance://crystalite/outputs/final report output/relaxed_groups/fixed_film__g3__t2/cifs/sample_00103.cif,True,True,True,True,1.4290105949252636,366.0334991298109,18.301674956490544,20,False,True,True,,,2.9485629988064743,True,,2.0,fixed_film,fixed_film
fixed_film__g3__t2,3,2,105,provenance://crystalite/outputs/final report output/relaxed_groups/fixed_film__g3__t2/cifs/sample_00105.cif,True,False,True,False,2.075555020013029,78.69659074532592,26.23219691510864,3,False,True,True,,,2.1657051075370624,True,,2.0,fixed_film,fixed_film
fixed_film__g3__t2,3,2,107,provenance://crystalite/outputs/final report output/relaxed_groups/fixed_film__g3__t2/cifs/sample_00107.cif,True,False,True,False,1.896275433325002,270.63460097149124,20.81804622857625,13,False,True,True,,,1.8427164722229064,True,,2.0,fixed_film,fixed_film
fixed_film__g3__t2,3,2,108,provenance://crystalite/outputs/final report output/relaxed_groups/fixed_film__g3__t2/cifs/sample_00108.cif,True,True,True,True,1.6856880508586958,253.35307698994535,21.11275641582878,12,False,True,True,,,2.7815851321786424,True,,2.0,fixed_film,fixed_film
fixed_film__g3__t2,3,2,110,provenance://crystalite/outputs/final report output/relaxed_groups/fixed_film__g3__t2/cifs/sample_00110.cif,True,False,True,False,1.603726723514067,237.7868400373124,16.984774288379455,14,False,True,True,,,1.6553651065940038,True,,2.0,fixed_film,fixed_film
fixed_film__g3__t2,3,2,111,provenance://crystalite/outputs/final report output/relaxed_groups/fixed_film__g3__t2/cifs/sample_00111.cif,True,False,True,False,1.825172307809932,105.48638094110264,13.185797617637832,8,False,True,True,,,1.726319930467005,True,,2.0,fixed_film,fixed_film
fixed_film__g3__t2,3,2,112,provenance://crystalite/outputs/final report output/relaxed_groups/fixed_film__g3__t2/cifs/sample_00112.cif,True,False,True,False,1.395198020284743,98.92766981009105,19.78553396201821,5,False,True,True,,,3.434477819744019,True,,2.0,fixed_film,fixed_film
fixed_film__g3__t2,3,2,113,provenance://crystalite/outputs/final report output/relaxed_groups/fixed_film__g3__t2/cifs/sample_00113.cif,True,True,True,True,1.988944065218464,143.02724065814772,17.878405082268465,8,False,True,False,,,1.980450987324193,True,,2.0,fixed_film,fixed_film
fixed_film__g3__t2,3,2,115,provenance://crystalite/outputs/final report output/relaxed_groups/fixed_film__g3__t2/cifs/sample_00115.cif,True,False,True,False,1.4516948455208056,752.0325083113655,62.66937569261379,12,False,True,True,,,1.605117287197371,True,,2.0,fixed_film,fixed_film
fixed_film__g3__t2,3,2,116,provenance://crystalite/outputs/final report output/relaxed_groups/fixed_film__g3__t2/cifs/sample_00116.cif,True,True,True,True,1.638898333865021,418.0096758056957,52.25120947571197,8,False,True,True,,,1.7093176287263976,True,,2.0,fixed_film,fixed_film
fixed_film__g3__t2,3,2,117,provenance://crystalite/outputs/final report output/relaxed_groups/fixed_film__g3__t2/cifs/sample_00117.cif,True,True,True,True,1.443129146620326,264.4750605554657,15.557356503262689,17,False,True,True,,,3.0643334832814104,True,,2.0,fixed_film,fixed_film
fixed_film__g3__t2,3,2,118,provenance://crystalite/outputs/final report output/relaxed_groups/fixed_film__g3__t2/cifs/sample_00118.cif,True,False,True,False,1.310601435331027,384.4004423811192,19.22002211905596,20,False,True,True,,,2.536071117244029,True,,2.0,fixed_film,fixed_film
fixed_film__g3__t2,3,2,119,provenance://crystalite/outputs/final report output/relaxed_groups/fixed_film__g3__t2/cifs/sample_00119.cif,True,False,True,False,1.617732006676433,449.1970670528199,22.459853352640994,20,False,True,True,,,2.5063710757675524,True,,2.0,fixed_film,fixed_film
fixed_film__g3__t2,3,2,120,provenance://crystalite/outputs/final report output/relaxed_groups/fixed_film__g3__t2/cifs/sample_00120.cif,True,True,True,True,1.4947687130204632,583.6949425152465,29.18474712576232,20,False,True,True,,,1.8630581800928123,True,,2.0,fixed_film,fixed_film
fixed_film__g3__t2,3,2,121,provenance://crystalite/outputs/final report output/relaxed_groups/fixed_film__g3__t2/cifs/sample_00121.cif,True,False,True,False,1.6381622948719847,433.0300382503292,33.310002942333014,13,False,True,True,,,2.113751812740434,True,,2.0,fixed_film,fixed_film
fixed_film__g3__t2,3,2,123,provenance://crystalite/outputs/final report output/relaxed_groups/fixed_film__g3__t2/cifs/sample_00123.cif,True,True,True,True,1.449172131489032,447.2120692388492,44.721206923884914,10,False,True,True,,,1.387733609043971,True,,2.0,fixed_film,fixed_film
fixed_film__g3__t2,3,2,124,provenance://crystalite/outputs/final report output/relaxed_groups/fixed_film__g3__t2/cifs/sample_00124.cif,True,False,True,False,1.4559755854761325,297.2061291987962,21.22900922848544,14,False,True,True,,,2.1323927284714035,True,,2.0,fixed_film,fixed_film
fixed_film__g3__t2,3,2,125,provenance://crystalite/outputs/final report output/relaxed_groups/fixed_film__g3__t2/cifs/sample_00125.cif,True,False,True,False,0.9345304548490704,400.5140497517697,20.02570248758849,20,False,True,True,,,1.6850961708252985,True,,2.0,fixed_film,fixed_film
fixed_film__g3__t2,3,2,126,provenance://crystalite/outputs/final report output/relaxed_groups/fixed_film__g3__t2/cifs/sample_00126.cif,True,False,True,False,1.636208636356409,1100.3156647713383,84.63966652087218,13,False,True,True,,,1.5122424081711447,True,,2.0,fixed_film,fixed_film
fixed_film__g3__t2,3,2,127,provenance://crystalite/outputs/final report output/relaxed_groups/fixed_film__g3__t2/cifs/sample_00127.cif,True,False,True,False,1.4562276241405463,319.62756668233624,31.962756668233624,10,False,True,True,,,2.345215565688387,True,,2.0,fixed_film,fixed_film
fixed_film__g3__t4,3,4,0,provenance://crystalite/outputs/final report output/relaxed_groups/fixed_film__g3__t4/cifs/sample_00000.cif,True,True,True,True,1.2891487469679663,89.67714520328738,22.419286300821845,4,False,True,True,,,2.498119532443396,True,,4.0,fixed_film,fixed_film
fixed_film__g3__t4,3,4,1,provenance://crystalite/outputs/final report output/relaxed_groups/fixed_film__g3__t4/cifs/sample_00001.cif,True,True,True,True,1.260890435519791,239.8854545283716,11.99427272641858,20,False,True,True,,,3.906552919212292,True,,4.0,fixed_film,fixed_film
fixed_film__g3__t4,3,4,2,provenance://crystalite/outputs/final report output/relaxed_groups/fixed_film__g3__t4/cifs/sample_00002.cif,True,True,True,True,1.6774325183921113,107.53866317134154,13.442332896417692,8,False,True,True,,,3.3897792466160106,True,,4.0,fixed_film,fixed_film
fixed_film__g3__t4,3,4,3,provenance://crystalite/outputs/final report output/relaxed_groups/fixed_film__g3__t4/cifs/sample_00003.cif,True,False,True,False,1.1449970473914812,117.36002563333668,14.670003204167086,8,False,True,True,,,3.189459472231709,True,,4.0,fixed_film,fixed_film
fixed_film__g3__t4,3,4,4,provenance://crystalite/outputs/final report output/relaxed_groups/fixed_film__g3__t4/cifs/sample_00004.cif,True,False,True,False,3.278131918666997,75.79782582171141,37.89891291085571,2,False,True,True,,,3.6114745000731534,True,,4.0,fixed_film,fixed_film
fixed_film__g3__t4,3,4,5,provenance://crystalite/outputs/final report output/relaxed_groups/fixed_film__g3__t4/cifs/sample_00005.cif,True,True,True,True,1.215658032206316,188.31463426192377,11.769664641370236,16,False,True,True,,,3.145497453119088,True,,4.0,fixed_film,fixed_film
fixed_film__g3__t4,3,4,6,provenance://crystalite/outputs/final report output/relaxed_groups/fixed_film__g3__t4/cifs/sample_00006.cif,True,True,True,True,1.3961858923154356,138.8452367191866,17.355654589898325,8,False,True,True,,,2.284535291724543,True,,4.0,fixed_film,fixed_film
fixed_film__g3__t4,3,4,7,provenance://crystalite/outputs/final report output/relaxed_groups/fixed_film__g3__t4/cifs/sample_00007.cif,True,False,True,False,1.2873010961664848,161.84740203752645,11.560528716966177,14,False,True,True,,,3.085463233328845,True,,4.0,fixed_film,fixed_film
fixed_film__g3__t4,3,4,8,provenance://crystalite/outputs/final report output/relaxed_groups/fixed_film__g3__t4/cifs/sample_00008.cif,True,True,True,True,1.2413265850459427,111.41531900406524,9.284609917005438,12,False,True,True,,,3.078998144266824,True,,4.0,fixed_film,fixed_film
fixed_film__g3__t4,3,4,9,provenance://crystalite/outputs/final report output/relaxed_groups/fixed_film__g3__t4/cifs/sample_00009.cif,True,False,True,False,1.242726622722321,119.17536698166114,14.896920872707645,8,False,True,True,,,3.2331770570914693,True,,4.0,fixed_film,fixed_film
fixed_film__g3__t4,3,4,10,provenance://crystalite/outputs/final report output/relaxed_groups/fixed_film__g3__t4/cifs/sample_00010.cif,True,True,True,True,1.4670105150659714,165.08325251338655,13.75693770944888,12,False,True,True,,,2.809677289086629,True,,4.0,fixed_film,fixed_film
fixed_film__g3__t4,3,4,12,provenance://crystalite/outputs/final report output/relaxed_groups/fixed_film__g3__t4/cifs/sample_00012.cif,True,True,True,True,1.5374950344773357,205.90753577677717,20.590753577677717,10,False,True,True,,,2.5663654592028475,True,,4.0,fixed_film,fixed_film
fixed_film__g3__t4,3,4,13,provenance://crystalite/outputs/final report output/relaxed_groups/fixed_film__g3__t4/cifs/sample_00013.cif,True,True,True,True,1.5383375612203776,200.84294340197044,16.736911950164203,12,False,True,True,,,2.7659266877169024,True,,4.0,fixed_film,fixed_film
fixed_film__g3__t4,3,4,14,provenance://crystalite/outputs/final report output/relaxed_groups/fixed_film__g3__t4/cifs/sample_00014.cif,True,True,True,True,1.5251003973419657,140.89996597385144,11.741663831154286,12,False,True,True,,,2.802146280754352,True,,4.0,fixed_film,fixed_film
fixed_film__g3__t4,3,4,18,provenance://crystalite/outputs/final report output/relaxed_groups/fixed_film__g3__t4/cifs/sample_00018.cif,True,False,True,False,3.449850844749921,86.94548736349229,43.47274368174615,2,False,True,True,,,3.971738618192814,True,,4.0,fixed_film,fixed_film
fixed_film__g3__t4,3,4,19,provenance://crystalite/outputs/final report output/relaxed_groups/fixed_film__g3__t4/cifs/sample_00019.cif,True,False,True,False,1.2539699948224718,176.2609858698756,17.62609858698756,10,False,True,True,,,4.5985897752096285,True,,4.0,fixed_film,fixed_film
fixed_film__g3__t4,3,4,20,provenance://crystalite/outputs/final report output/relaxed_groups/fixed_film__g3__t4/cifs/sample_00020.cif,True,False,True,False,2.1960533757075846,93.89681724997956,18.77936344999591,5,False,True,True,,,6.058887636426284,True,,4.0,fixed_film,fixed_film
fixed_film__g3__t4,3,4,21,provenance://crystalite/outputs/final report output/relaxed_groups/fixed_film__g3__t4/cifs/sample_00021.cif,True,True,True,True,0.5765306464969081,319.37229203173945,15.968614601586973,20,False,True,True,,,2.968872329921874,True,,4.0,fixed_film,fixed_film
fixed_film__g3__t4,3,4,22,provenance://crystalite/outputs/final report output/relaxed_groups/fixed_film__g3__t4/cifs/sample_00022.cif,True,True,True,True,1.5330049678386677,172.58517451697347,12.327512465498105,14,False,True,True,,,2.559128692833601,True,,4.0,fixed_film,fixed_film
fixed_film__g3__t4,3,4,23,provenance://crystalite/outputs/final report output/relaxed_groups/fixed_film__g3__t4/cifs/sample_00023.cif,True,True,True,True,1.2579596482860766,167.4874554756062,18.609717275067357,9,False,True,True,,,3.3175810461128137,True,,4.0,fixed_film,fixed_film
fixed_film__g3__t4,3,4,24,provenance://crystalite/outputs/final report output/relaxed_groups/fixed_film__g3__t4/cifs/sample_00024.cif,True,True,True,True,2.0286184012042443,340.6560988349229,34.065609883492286,10,False,True,True,,,4.656798305929871,True,,4.0,fixed_film,fixed_film
fixed_film__g3__t4,3,4,26,provenance://crystalite/outputs/final report output/relaxed_groups/fixed_film__g3__t4/cifs/sample_00026.cif,True,True,True,True,1.2462752623377404,295.88685250136166,14.794342625068085,20,False,True,True,,,2.846900894170592,True,,4.0,fixed_film,fixed_film
fixed_film__g3__t4,3,4,27,provenance://crystalite/outputs/final report output/relaxed_groups/fixed_film__g3__t4/cifs/sample_00027.cif,True,False,True,False,1.3652223626112598,76.40320929400302,9.550401161750376,8,False,True,True,,,3.41172276681878,True,,4.0,fixed_film,fixed_film
fixed_film__g3__t4,3,4,28,provenance://crystalite/outputs/final report output/relaxed_groups/fixed_film__g3__t4/cifs/sample_00028.cif,True,True,True,True,1.231913755310835,225.4745949997803,14.092162187486268,16,False,True,True,,,3.2203758705772283,True,,4.0,fixed_film,fixed_film
fixed_film__g3__t4,3,4,29,provenance://crystalite/outputs/final report output/relaxed_groups/fixed_film__g3__t4/cifs/sample_00029.cif,True,True,True,True,1.2501060595545903,154.5149226987649,9.657182668672808,16,False,True,True,,,2.9323725057749184,True,,4.0,fixed_film,fixed_film
fixed_film__g3__t4,3,4,31,provenance://crystalite/outputs/final report output/relaxed_groups/fixed_film__g3__t4/cifs/sample_00031.cif,True,False,True,False,1.386420628051461,82.72371919063495,16.54474383812699,5,False,True,True,,,3.358336277653963,True,,4.0,fixed_film,fixed_film
fixed_film__g3__t4,3,4,32,provenance://crystalite/outputs/final report output/relaxed_groups/fixed_film__g3__t4/cifs/sample_00032.cif,True,False,True,False,1.32250982584112,229.58030502325408,12.754461390180785,18,False,True,True,,,3.1578967210125484,True,,4.0,fixed_film,fixed_film
fixed_film__g3__t4,3,4,33,provenance://crystalite/outputs/final report output/relaxed_groups/fixed_film__g3__t4/cifs/sample_00033.cif,True,False,True,False,1.4948926961915878,108.74633462045298,9.062194551704415,12,False,True,True,,,3.034016966204927,True,,4.0,fixed_film,fixed_film
fixed_film__g3__t4,3,4,34,provenance://crystalite/outputs/final report output/relaxed_groups/fixed_film__g3__t4/cifs/sample_00034.cif,True,True,True,True,1.5434878709231898,203.2654508759296,15.635803913533048,13,False,True,True,,,2.976345869897821,True,,4.0,fixed_film,fixed_film
fixed_film__g3__t4,3,4,35,provenance://crystalite/outputs/final report output/relaxed_groups/fixed_film__g3__t4/cifs/sample_00035.cif,True,True,True,True,1.912789110112425,100.10521360078415,14.300744800112025,7,False,True,True,,,3.808564299382309,True,,4.0,fixed_film,fixed_film
fixed_film__g3__t4,3,4,37,provenance://crystalite/outputs/final report output/relaxed_groups/fixed_film__g3__t4/cifs/sample_00037.cif,True,True,True,True,1.3521113053108256,230.63015316678155,14.414384572923847,16,False,True,True,,,3.357148404982764,True,,4.0,fixed_film,fixed_film
fixed_film__g3__t4,3,4,38,provenance://crystalite/outputs/final report output/relaxed_groups/fixed_film__g3__t4/cifs/sample_00038.cif,True,True,True,True,1.6400050031750102,199.82382782604617,16.651985652170513,12,False,True,True,,,2.7212069881403598,True,,4.0,fixed_film,fixed_film
fixed_film__g3__t4,3,4,39,provenance://crystalite/outputs/final report output/relaxed_groups/fixed_film__g3__t4/cifs/sample_00039.cif,True,True,True,True,0.9753679229026244,170.1254614314994,10.632841339468712,16,False,True,True,,,3.1100252023224093,True,,4.0,fixed_film,fixed_film
fixed_film__g3__t4,3,4,40,provenance://crystalite/outputs/final report output/relaxed_groups/fixed_film__g3__t4/cifs/sample_00040.cif,True,True,True,True,2.728799559690805,41.4620707796442,20.7310353898221,2,False,True,False,,,2.130808353090873,True,,4.0,fixed_film,fixed_film
fixed_film__g3__t4,3,4,41,provenance://crystalite/outputs/final report output/relaxed_groups/fixed_film__g3__t4/cifs/sample_00041.cif,True,False,True,False,1.9037646687102203,50.412015978460936,10.082403195692187,5,False,True,True,,,2.0268262811998325,True,,4.0,fixed_film,fixed_film
fixed_film__g3__t4,3,4,42,provenance://crystalite/outputs/final report output/relaxed_groups/fixed_film__g3__t4/cifs/sample_00042.cif,True,True,True,True,1.741322329424604,160.04003446691766,10.002502154182354,16,False,True,True,,,4.210525783255598,True,,4.0,fixed_film,fixed_film
fixed_film__g3__t4,3,4,43,provenance://crystalite/outputs/final report output/relaxed_groups/fixed_film__g3__t4/cifs/sample_00043.cif,True,True,True,True,1.6339649915281889,121.30301654899834,12.130301654899837,10,False,True,True,,,5.147771005410516,True,,4.0,fixed_film,fixed_film
fixed_film__g3__t4,3,4,44,provenance://crystalite/outputs/final report output/relaxed_groups/fixed_film__g3__t4/cifs/sample_00044.cif,True,True,True,True,1.331274450143083,122.33287925027712,12.233287925027714,10,False,True,True,,,2.776344134218721,True,,4.0,fixed_film,fixed_film
fixed_film__g3__t4,3,4,45,provenance://crystalite/outputs/final report output/relaxed_groups/fixed_film__g3__t4/cifs/sample_00045.cif,True,True,True,True,1.233056369404961,130.0694930032002,21.6782488338667,6,False,True,True,,,2.5350380421529377,True,,4.0,fixed_film,fixed_film
fixed_film__g3__t4,3,4,48,provenance://crystalite/outputs/final report output/relaxed_groups/fixed_film__g3__t4/cifs/sample_00048.cif,True,True,True,True,1.124908110646498,107.5200478062486,13.440005975781077,8,False,True,True,,,2.4439142874088744,True,,4.0,fixed_film,fixed_film
fixed_film__g3__t4,3,4,49,provenance://crystalite/outputs/final report output/relaxed_groups/fixed_film__g3__t4/cifs/sample_00049.cif,True,True,True,True,1.2265595555144144,113.8772012651692,14.23465015814615,8,False,True,True,,,3.345034230163122,True,,4.0,fixed_film,fixed_film
fixed_film__g3__t4,3,4,50,provenance://crystalite/outputs/final report output/relaxed_groups/fixed_film__g3__t4/cifs/sample_00050.cif,True,True,True,True,1.2370360353214926,142.01273087476326,11.834394239563606,12,False,True,True,,,3.61655512895862,True,,4.0,fixed_film,fixed_film
fixed_film__g3__t4,3,4,51,provenance://crystalite/outputs/final report output/relaxed_groups/fixed_film__g3__t4/cifs/sample_00051.cif,True,False,True,False,1.8888102016712829,117.41350511408685,13.045945012676317,9,False,True,True,,,2.477405928750023,True,,4.0,fixed_film,fixed_film
fixed_film__g3__t4,3,4,52,provenance://crystalite/outputs/final report output/relaxed_groups/fixed_film__g3__t4/cifs/sample_00052.cif,True,False,True,False,1.4258862560232044,133.2851859350135,12.116835085001226,11,False,True,True,,,2.778590544130795,True,,4.0,fixed_film,fixed_film
fixed_film__g3__t4,3,4,55,provenance://crystalite/outputs/final report output/relaxed_groups/fixed_film__g3__t4/cifs/sample_00055.cif,True,False,True,False,1.8551986235460725,152.9280539689035,12.744004497408625,12,False,True,True,,,3.74575394694353,True,,4.0,fixed_film,fixed_film
fixed_film__g3__t4,3,4,56,provenance://crystalite/outputs/final report output/relaxed_groups/fixed_film__g3__t4/cifs/sample_00056.cif,True,True,True,True,2.345100060670992,80.69897191133819,20.174742977834548,4,False,True,True,,,5.96154812730704,True,,4.0,fixed_film,fixed_film
fixed_film__g3__t4,3,4,57,provenance://crystalite/outputs/final report output/relaxed_groups/fixed_film__g3__t4/cifs/sample_00057.cif,True,True,True,True,2.030282310206703,70.01803745089855,14.003607490179707,5,False,True,True,,,6.729200479975937,True,,4.0,fixed_film,fixed_film
fixed_film__g3__t4,3,4,59,provenance://crystalite/outputs/final report output/relaxed_groups/fixed_film__g3__t4/cifs/sample_00059.cif,True,False,True,False,0.9964863685418116,95.55804490663311,8.687094991512101,11,False,True,True,,,2.918725144228851,True,,4.0,fixed_film,fixed_film
fixed_film__g3__t4,3,4,60,provenance://crystalite/outputs/final report output/relaxed_groups/fixed_film__g3__t4/cifs/sample_00060.cif,True,True,True,True,1.3336444655314763,178.26213885082348,44.56553471270587,4,False,True,True,,,3.3909617208440928,True,,4.0,fixed_film,fixed_film
fixed_film__g3__t4,3,4,61,provenance://crystalite/outputs/final report output/relaxed_groups/fixed_film__g3__t4/cifs/sample_00061.cif,True,True,True,True,1.5099445324079606,194.11983373758207,13.865702409827293,14,False,True,True,,,3.1059736354968983,True,,4.0,fixed_film,fixed_film
fixed_film__g3__t4,3,4,62,provenance://crystalite/outputs/final report output/relaxed_groups/fixed_film__g3__t4/cifs/sample_00062.cif,True,True,True,True,1.4966737177091085,141.7301292920286,12.884557208366235,11,False,True,True,,,3.00355806560246,True,,4.0,fixed_film,fixed_film
fixed_film__g3__t4,3,4,63,provenance://crystalite/outputs/final report output/relaxed_groups/fixed_film__g3__t4/cifs/sample_00063.cif,True,True,True,True,1.5142323072490385,119.43351101804022,13.27039011311558,9,False,True,True,,,2.7367238665456006,True,,4.0,fixed_film,fixed_film
fixed_film__g3__t4,3,4,64,provenance://crystalite/outputs/final report output/relaxed_groups/fixed_film__g3__t4/cifs/sample_00064.cif,True,False,True,False,1.6030240263917142,99.85694895835051,14.265278422621504,7,False,True,True,,,3.2833890778804435,True,,4.0,fixed_film,fixed_film
fixed_film__g3__t4,3,4,65,provenance://crystalite/outputs/final report output/relaxed_groups/fixed_film__g3__t4/cifs/sample_00065.cif,True,True,True,True,1.7224401030741248,86.02660770908771,14.33776795151462,6,False,True,True,,,3.211736165619115,True,,4.0,fixed_film,fixed_film
fixed_film__g3__t4,3,4,67,provenance://crystalite/outputs/final report output/relaxed_groups/fixed_film__g3__t4/cifs/sample_00067.cif,True,True,True,True,1.2020147985359655,114.54302751965164,9.545252293304303,12,False,True,True,,,4.101816827552431,True,,4.0,fixed_film,fixed_film
fixed_film__g3__t4,3,4,68,provenance://crystalite/outputs/final report output/relaxed_groups/fixed_film__g3__t4/cifs/sample_00068.cif,True,True,True,True,1.964323032805221,155.99020204033755,38.99755051008439,4,False,True,True,,,4.1637450814065975,True,,4.0,fixed_film,fixed_film
fixed_film__g3__t4,3,4,69,provenance://crystalite/outputs/final report output/relaxed_groups/fixed_film__g3__t4/cifs/sample_00069.cif,True,True,True,True,1.5082694425524528,284.07693805686074,14.203846902843036,20,False,True,True,,,2.874794057966412,True,,4.0,fixed_film,fixed_film
fixed_film__g3__t4,3,4,70,provenance://crystalite/outputs/final report output/relaxed_groups/fixed_film__g3__t4/cifs/sample_00070.cif,True,True,True,True,1.6351721338005178,327.38255425377554,18.187919680765308,18,False,True,True,,,3.1489688980547457,True,,4.0,fixed_film,fixed_film
fixed_film__g3__t4,3,4,71,provenance://crystalite/outputs/final report output/relaxed_groups/fixed_film__g3__t4/cifs/sample_00071.cif,True,True,True,True,1.210452360341825,93.07345490768355,15.512242484613928,6,False,True,True,,,2.9158246074657903,True,,4.0,fixed_film,fixed_film
fixed_film__g3__t4,3,4,74,provenance://crystalite/outputs/final report output/relaxed_groups/fixed_film__g3__t4/cifs/sample_00074.cif,True,True,True,True,1.6492271108760603,27.947414309489925,6.986853577372481,4,False,True,True,,,3.309737799232494,True,,4.0,fixed_film,fixed_film
fixed_film__g3__t4,3,4,76,provenance://crystalite/outputs/final report output/relaxed_groups/fixed_film__g3__t4/cifs/sample_00076.cif,True,True,True,True,1.3468971412305182,34.095507180654735,17.047753590327368,2,False,True,True,,,3.2764752819537613,True,,4.0,fixed_film,fixed_film
fixed_film__g3__t4,3,4,77,provenance://crystalite/outputs/final report output/relaxed_groups/fixed_film__g3__t4/cifs/sample_00077.cif,True,True,True,True,1.1999761587642688,97.27310232734771,10.808122480816412,9,False,True,True,,,3.633070975893925,True,,4.0,fixed_film,fixed_film
fixed_film__g3__t4,3,4,78,provenance://crystalite/outputs/final report output/relaxed_groups/fixed_film__g3__t4/cifs/sample_00078.cif,True,True,True,True,1.618514618506829,122.42948106208983,15.303685132761233,8,False,True,True,,,4.560886737058373,True,,4.0,fixed_film,fixed_film
fixed_film__g3__t4,3,4,79,provenance://crystalite/outputs/final report output/relaxed_groups/fixed_film__g3__t4/cifs/sample_00079.cif,True,True,True,True,1.2248223574920667,141.12372584365798,8.820232865228624,16,False,True,True,,,3.3948507341830534,True,,4.0,fixed_film,fixed_film
fixed_film__g3__t4,3,4,80,provenance://crystalite/outputs/final report output/relaxed_groups/fixed_film__g3__t4/cifs/sample_00080.cif,True,False,True,False,1.3485137580981814,153.1390337386151,15.31390337386151,10,False,True,True,,,1.8192141653522609,True,,4.0,fixed_film,fixed_film
fixed_film__g3__t4,3,4,81,provenance://crystalite/outputs/final report output/relaxed_groups/fixed_film__g3__t4/cifs/sample_00081.cif,True,False,True,False,1.28462285291046,191.55850042763865,9.577925021381931,20,False,True,True,,,4.136928887945147,True,,4.0,fixed_film,fixed_film
fixed_film__g3__t4,3,4,82,provenance://crystalite/outputs/final report output/relaxed_groups/fixed_film__g3__t4/cifs/sample_00082.cif,True,True,True,True,1.5695097639906894,70.38770482663212,11.73128413777202,6,False,True,True,,,3.3115401722785003,True,,4.0,fixed_film,fixed_film
fixed_film__g3__t4,3,4,83,provenance://crystalite/outputs/final report output/relaxed_groups/fixed_film__g3__t4/cifs/sample_00083.cif,True,False,True,False,0.9949792751659172,122.47638068466163,10.206365057055136,12,False,True,True,,,3.188722711526926,True,,4.0,fixed_film,fixed_film
fixed_film__g3__t4,3,4,84,provenance://crystalite/outputs/final report output/relaxed_groups/fixed_film__g3__t4/cifs/sample_00084.cif,True,True,True,True,1.4454839488837743,238.11587185329,13.228659547404998,18,False,True,True,,,3.4736639901738324,True,,4.0,fixed_film,fixed_film
fixed_film__g3__t4,3,4,85,provenance://crystalite/outputs/final report output/relaxed_groups/fixed_film__g3__t4/cifs/sample_00085.cif,True,True,True,True,1.2807592498957692,152.4942329252186,12.707852743768216,12,False,True,True,,,2.3675226250038968,True,,4.0,fixed_film,fixed_film
fixed_film__g3__t4,3,4,87,provenance://crystalite/outputs/final report output/relaxed_groups/fixed_film__g3__t4/cifs/sample_00087.cif,True,True,True,True,1.6241275539764732,174.54939792473797,14.545783160394828,12,False,True,True,,,2.9210780121927837,True,,4.0,fixed_film,fixed_film
fixed_film__g3__t4,3,4,90,provenance://crystalite/outputs/final report output/relaxed_groups/fixed_film__g3__t4/cifs/sample_00090.cif,True,False,True,False,1.253610937345847,187.8988183765269,13.42134416975192,14,False,True,True,,,3.4078447583555342,True,,4.0,fixed_film,fixed_film
fixed_film__g3__t4,3,4,91,provenance://crystalite/outputs/final report output/relaxed_groups/fixed_film__g3__t4/cifs/sample_00091.cif,True,True,True,True,1.9778853078242704,38.95154322829663,12.983847742765542,3,False,True,True,,,9.199153536504936,True,,4.0,fixed_film,fixed_film
fixed_film__g3__t4,3,4,92,provenance://crystalite/outputs/final report output/relaxed_groups/fixed_film__g3__t4/cifs/sample_00092.cif,True,False,True,False,1.9199458761135093,89.51945479969322,17.903890959938643,5,False,True,True,,,2.904933575614315,True,,4.0,fixed_film,fixed_film
fixed_film__g3__t4,3,4,93,provenance://crystalite/outputs/final report output/relaxed_groups/fixed_film__g3__t4/cifs/sample_00093.cif,True,True,True,True,2.2203664886958943,217.45391784804823,31.064845406864038,7,False,True,True,,,5.057362575988371,True,,4.0,fixed_film,fixed_film
fixed_film__g3__t4,3,4,94,provenance://crystalite/outputs/final report output/relaxed_groups/fixed_film__g3__t4/cifs/sample_00094.cif,True,True,True,True,1.2233051265889106,126.01284224837404,12.601284224837404,10,False,True,True,,,3.473650284513896,True,,4.0,fixed_film,fixed_film
fixed_film__g3__t4,3,4,96,provenance://crystalite/outputs/final report output/relaxed_groups/fixed_film__g3__t4/cifs/sample_00096.cif,True,True,True,True,1.2940576244767494,89.83292339221848,14.97215389870308,6,False,True,True,,,3.4183140586086367,True,,4.0,fixed_film,fixed_film
fixed_film__g3__t4,3,4,97,provenance://crystalite/outputs/final report output/relaxed_groups/fixed_film__g3__t4/cifs/sample_00097.cif,True,False,True,False,1.8649800744059648,319.3972759076019,16.810382942505363,19,False,True,True,,,4.118824490739994,True,,4.0,fixed_film,fixed_film
fixed_film__g3__t4,3,4,98,provenance://crystalite/outputs/final report output/relaxed_groups/fixed_film__g3__t4/cifs/sample_00098.cif,True,True,True,True,1.471908060870163,169.2063785201953,9.400354362233072,18,False,True,True,,,3.6952461349905543,True,,4.0,fixed_film,fixed_film
fixed_film__g3__t4,3,4,100,provenance://crystalite/outputs/final report output/relaxed_groups/fixed_film__g3__t4/cifs/sample_00100.cif,True,False,True,False,1.8149168470987356,88.0165165281573,12.573788075451043,7,False,True,True,,,5.2463795022435855,True,,4.0,fixed_film,fixed_film
fixed_film__g3__t4,3,4,101,provenance://crystalite/outputs/final report output/relaxed_groups/fixed_film__g3__t4/cifs/sample_00101.cif,True,True,True,True,1.7940997882338134,118.18391019484454,14.772988774355568,8,False,True,True,,,2.6802679105475318,True,,4.0,fixed_film,fixed_film
fixed_film__g3__t4,3,4,102,provenance://crystalite/outputs/final report output/relaxed_groups/fixed_film__g3__t4/cifs/sample_00102.cif,True,True,True,True,1.3543010448458166,139.11889546799108,11.593241288999256,12,False,True,True,,,3.1596242458849044,True,,4.0,fixed_film,fixed_film
fixed_film__g3__t4,3,4,104,provenance://crystalite/outputs/final report output/relaxed_groups/fixed_film__g3__t4/cifs/sample_00104.cif,True,True,True,True,1.4368675942499671,125.58574936651084,10.465479113875904,12,False,True,True,,,4.056184319239477,True,,4.0,fixed_film,fixed_film
fixed_film__g3__t4,3,4,105,provenance://crystalite/outputs/final report output/relaxed_groups/fixed_film__g3__t4/cifs/sample_00105.cif,True,False,True,False,1.3430831811343285,29.78073537158086,9.926911790526953,3,False,True,True,,,3.5641210080721475,True,,4.0,fixed_film,fixed_film
fixed_film__g3__t4,3,4,106,provenance://crystalite/outputs/final report output/relaxed_groups/fixed_film__g3__t4/cifs/sample_00106.cif,True,True,True,True,2.113085226276493,302.1365005481125,21.581178610579464,14,False,True,True,,,3.625402896812613,True,,4.0,fixed_film,fixed_film
fixed_film__g3__t4,3,4,107,provenance://crystalite/outputs/final report output/relaxed_groups/fixed_film__g3__t4/cifs/sample_00107.cif,True,False,True,False,0.6258445078555523,365.2474959153111,28.095961224254697,13,False,True,True,,,3.85215302134616,True,,4.0,fixed_film,fixed_film
fixed_film__g3__t4,3,4,108,provenance://crystalite/outputs/final report output/relaxed_groups/fixed_film__g3__t4/cifs/sample_00108.cif,True,True,True,True,1.3668502291853832,258.1031094134967,21.508592451124727,12,False,True,True,,,2.396446140801005,True,,4.0,fixed_film,fixed_film
fixed_film__g3__t4,3,4,110,provenance://crystalite/outputs/final report output/relaxed_groups/fixed_film__g3__t4/cifs/sample_00110.cif,True,False,True,False,1.5897463486025516,164.2368031222993,11.73120022302138,14,False,True,True,,,3.0143141158264903,True,,4.0,fixed_film,fixed_film
fixed_film__g3__t4,3,4,111,provenance://crystalite/outputs/final report output/relaxed_groups/fixed_film__g3__t4/cifs/sample_00111.cif,True,True,True,True,0.987210170109678,125.53232243700472,15.69154030462559,8,False,True,True,,,2.837327258053531,True,,4.0,fixed_film,fixed_film
fixed_film__g3__t4,3,4,112,provenance://crystalite/outputs/final report output/relaxed_groups/fixed_film__g3__t4/cifs/sample_00112.cif,True,False,True,False,1.5559113842707344,50.26467564974441,10.052935129948882,5,False,True,True,,,3.0353428076448434,True,,4.0,fixed_film,fixed_film
fixed_film__g3__t4,3,4,113,provenance://crystalite/outputs/final report output/relaxed_groups/fixed_film__g3__t4/cifs/sample_00113.cif,True,False,True,False,1.2255078511692803,147.59095322273117,18.4488691528414,8,False,True,True,,,3.208726887619845,True,,4.0,fixed_film,fixed_film
fixed_film__g3__t4,3,4,114,provenance://crystalite/outputs/final report output/relaxed_groups/fixed_film__g3__t4/cifs/sample_00114.cif,True,True,True,True,1.363269548449531,145.62978833029152,10.402127737877963,14,False,True,True,,,4.142348981435885,True,,4.0,fixed_film,fixed_film
fixed_film__g3__t4,3,4,115,provenance://crystalite/outputs/final report output/relaxed_groups/fixed_film__g3__t4/cifs/sample_00115.cif,True,True,True,True,1.3225150254046132,104.22447290961048,8.685372742467539,12,False,True,True,,,3.193574319902252,True,,4.0,fixed_film,fixed_film
fixed_film__g3__t4,3,4,116,provenance://crystalite/outputs/final report output/relaxed_groups/fixed_film__g3__t4/cifs/sample_00116.cif,True,True,True,True,1.7579424485822854,173.07009372629577,21.63376171578697,8,False,True,True,,,3.3630940198106933,True,,4.0,fixed_film,fixed_film
fixed_film__g3__t4,3,4,119,provenance://crystalite/outputs/final report output/relaxed_groups/fixed_film__g3__t4/cifs/sample_00119.cif,True,True,True,True,1.4272560996104584,259.68509749141106,12.984254874570553,20,False,True,True,,,3.4298930236238587,True,,4.0,fixed_film,fixed_film
fixed_film__g3__t4,3,4,120,provenance://crystalite/outputs/final report output/relaxed_groups/fixed_film__g3__t4/cifs/sample_00120.cif,True,True,True,True,1.5074549922846636,255.94055265691108,12.797027632845554,20,False,True,True,,,2.772990336771157,True,,4.0,fixed_film,fixed_film
fixed_film__g3__t4,3,4,122,provenance://crystalite/outputs/final report output/relaxed_groups/fixed_film__g3__t4/cifs/sample_00122.cif,True,False,True,False,1.3644231313667106,272.8227439710877,15.156819109504871,18,False,True,True,,,2.6731575500265627,True,,4.0,fixed_film,fixed_film
fixed_film__g3__t4,3,4,123,provenance://crystalite/outputs/final report output/relaxed_groups/fixed_film__g3__t4/cifs/sample_00123.cif,True,True,True,True,2.0111691522239545,343.17766471678857,34.31776647167886,10,False,True,True,,,6.614363052493894,True,,4.0,fixed_film,fixed_film
fixed_film__g3__t4,3,4,124,provenance://crystalite/outputs/final report output/relaxed_groups/fixed_film__g3__t4/cifs/sample_00124.cif,True,True,True,True,1.459449714029048,195.98034782116932,13.998596272940668,14,False,True,True,,,2.664102569216201,True,,4.0,fixed_film,fixed_film
fixed_film__g3__t4,3,4,126,provenance://crystalite/outputs/final report output/relaxed_groups/fixed_film__g3__t4/cifs/sample_00126.cif,True,True,True,True,1.6319583694972584,187.86651978428,14.45127075263692,13,False,True,True,,,3.287845803923375,True,,4.0,fixed_film,fixed_film
fixed_film__g3__t8,3,8,0,provenance://crystalite/outputs/final report output/relaxed_groups/fixed_film__g3__t8/cifs/sample_00000.cif,True,True,True,True,2.67236038442858,139.58452709455557,34.89613177363889,4,False,True,True,,,12.473616601680602,True,,8.0,fixed_film,fixed_film
fixed_film__g3__t8,3,8,1,provenance://crystalite/outputs/final report output/relaxed_groups/fixed_film__g3__t8/cifs/sample_00001.cif,True,True,True,True,0.9383467410105932,467.9786206229875,23.39893103114937,20,False,True,True,,,15.194545619335356,True,,8.0,fixed_film,fixed_film
fixed_film__g3__t8,3,8,2,provenance://crystalite/outputs/final report output/relaxed_groups/fixed_film__g3__t8/cifs/sample_00002.cif,True,False,True,False,1.853290310203576,169.4805042673083,21.185063033413535,8,False,True,True,,,6.305356375955495,True,,8.0,fixed_film,fixed_film
fixed_film__g3__t8,3,8,3,provenance://crystalite/outputs/final report output/relaxed_groups/fixed_film__g3__t8/cifs/sample_00003.cif,True,True,True,True,2.123401573671465,195.18048625337215,24.397560781671523,8,False,True,True,,,8.529373748247595,True,,8.0,fixed_film,fixed_film
fixed_film__g3__t8,3,8,4,provenance://crystalite/outputs/final report output/relaxed_groups/fixed_film__g3__t8/cifs/sample_00004.cif,True,True,True,True,2.779851487576737,79.45723582657548,39.72861791328774,2,False,True,True,,,15.624198208071888,True,,8.0,fixed_film,fixed_film
fixed_film__g3__t8,3,8,5,provenance://crystalite/outputs/final report output/relaxed_groups/fixed_film__g3__t8/cifs/sample_00005.cif,True,False,True,False,2.5669454167702286,535.2386617412534,33.45241635882834,16,False,True,True,,,10.836742504185269,True,,8.0,fixed_film,fixed_film
fixed_film__g3__t8,3,8,6,provenance://crystalite/outputs/final report output/relaxed_groups/fixed_film__g3__t8/cifs/sample_00006.cif,True,True,True,True,1.149261978125214,85.261248097921,10.657656012240125,8,False,True,True,,,4.326462846218656,True,,8.0,fixed_film,fixed_film
fixed_film__g3__t8,3,8,7,provenance://crystalite/outputs/final report output/relaxed_groups/fixed_film__g3__t8/cifs/sample_00007.cif,True,True,True,True,0.9404759766092587,275.3779653206977,19.66985466576412,14,False,True,True,,,0.5676354103998031,True,,8.0,fixed_film,fixed_film
fixed_film__g3__t8,3,8,8,provenance://crystalite/outputs/final report output/relaxed_groups/fixed_film__g3__t8/cifs/sample_00008.cif,True,True,True,True,2.4094615835631013,330.149546526817,27.512462210568085,12,False,True,True,,,10.165053852900757,True,,8.0,fixed_film,fixed_film
fixed_film__g3__t8,3,8,9,provenance://crystalite/outputs/final report output/relaxed_groups/fixed_film__g3__t8/cifs/sample_00009.cif,True,True,True,True,1.8468925946376205,90.16618650594856,11.270773313243572,8,False,True,True,,,3.3285476527801587,True,,8.0,fixed_film,fixed_film
fixed_film__g3__t8,3,8,10,provenance://crystalite/outputs/final report output/relaxed_groups/fixed_film__g3__t8/cifs/sample_00010.cif,True,False,True,False,2.4097276372657346,339.7097011256254,28.30914176046878,12,False,True,True,,,9.106626491642825,True,,8.0,fixed_film,fixed_film
fixed_film__g3__t8,3,8,11,provenance://crystalite/outputs/final report output/relaxed_groups/fixed_film__g3__t8/cifs/sample_00011.cif,True,True,True,True,1.405062766750017,174.81828165790847,9.712126758772692,18,False,True,True,,,6.704409670154558,True,,8.0,fixed_film,fixed_film
fixed_film__g3__t8,3,8,12,provenance://crystalite/outputs/final report output/relaxed_groups/fixed_film__g3__t8/cifs/sample_00012.cif,True,True,True,True,2.4196389296068843,282.0405673182837,28.20405673182837,10,False,True,True,,,10.120832014339426,True,,8.0,fixed_film,fixed_film
fixed_film__g3__t8,3,8,13,provenance://crystalite/outputs/final report output/relaxed_groups/fixed_film__g3__t8/cifs/sample_00013.cif,True,True,True,True,1.3067839825533158,171.67816477446678,14.306513731205564,12,False,True,True,,,4.004190601501859,True,,8.0,fixed_film,fixed_film
fixed_film__g3__t8,3,8,14,provenance://crystalite/outputs/final report output/relaxed_groups/fixed_film__g3__t8/cifs/sample_00014.cif,True,False,True,False,2.4329042373353995,362.2595874627972,30.188298955233098,12,False,True,True,,,10.102951059640516,True,,8.0,fixed_film,fixed_film
fixed_film__g3__t8,3,8,15,provenance://crystalite/outputs/final report output/relaxed_groups/fixed_film__g3__t8/cifs/sample_00015.cif,True,True,True,True,2.789756592332588,115.6543026851344,38.551434228378135,3,False,True,True,,,19.224262857883847,True,,8.0,fixed_film,fixed_film
fixed_film__g3__t8,3,8,17,provenance://crystalite/outputs/final report output/relaxed_groups/fixed_film__g3__t8/cifs/sample_00017.cif,True,True,True,True,2.3205705685449534,243.29854283274463,30.41231785409308,8,False,True,True,,,7.022105857494895,True,,8.0,fixed_film,fixed_film
fixed_film__g3__t8,3,8,18,provenance://crystalite/outputs/final report output/relaxed_groups/fixed_film__g3__t8/cifs/sample_00018.cif,True,True,True,True,2.973710414995661,53.00809011255207,26.504045056276038,2,True,True,True,,,12.030407599514666,True,,8.0,fixed_film,fixed_film
fixed_film__g3__t8,3,8,19,provenance://crystalite/outputs/final report output/relaxed_groups/fixed_film__g3__t8/cifs/sample_00019.cif,True,True,True,True,0.9717077611630878,541.3777767210869,54.13777767210869,10,False,True,True,,,4.551025715511989,True,,8.0,fixed_film,fixed_film
fixed_film__g3__t8,3,8,20,provenance://crystalite/outputs/final report output/relaxed_groups/fixed_film__g3__t8/cifs/sample_00020.cif,True,True,True,True,2.76674581006378,148.9221838220851,29.784436764417016,5,False,True,True,,,12.900105958046147,True,,8.0,fixed_film,fixed_film
fixed_film__g3__t8,3,8,21,provenance://crystalite/outputs/final report output/relaxed_groups/fixed_film__g3__t8/cifs/sample_00021.cif,True,True,True,True,0.9555938999765368,615.4323418331124,30.77161709165562,20,False,True,True,,,6.711750558985572,True,,8.0,fixed_film,fixed_film
fixed_film__g3__t8,3,8,22,provenance://crystalite/outputs/final report output/relaxed_groups/fixed_film__g3__t8/cifs/sample_00022.cif,True,True,True,True,1.3483980244996856,201.1489259007953,14.367780421485378,14,False,True,True,,,4.115913662028093,True,,8.0,fixed_film,fixed_film
fixed_film__g3__t8,3,8,23,provenance://crystalite/outputs/final report output/relaxed_groups/fixed_film__g3__t8/cifs/sample_00023.cif,True,True,True,True,0.9619969842232812,76.30353983626082,8.478171092917869,9,False,True,True,,,3.465376327248362,True,,8.0,fixed_film,fixed_film
fixed_film__g3__t8,3,8,24,provenance://crystalite/outputs/final report output/relaxed_groups/fixed_film__g3__t8/cifs/sample_00024.cif,True,False,True,False,2.6416616057017634,357.96066880204927,35.796066880204926,10,False,True,True,,,6.163118686201556,True,,8.0,fixed_film,fixed_film
fixed_film__g3__t8,3,8,25,provenance://crystalite/outputs/final report output/relaxed_groups/fixed_film__g3__t8/cifs/sample_00025.cif,True,True,True,True,2.3748819910595755,563.6189359470234,35.22618349668896,16,False,True,True,,,7.520651253806206,True,,8.0,fixed_film,fixed_film
fixed_film__g3__t8,3,8,26,provenance://crystalite/outputs/final report output/relaxed_groups/fixed_film__g3__t8/cifs/sample_00026.cif,True,True,True,True,2.3418315229702564,511.6111214006352,25.58055607003176,20,False,True,True,,,10.712464672562142,True,,8.0,fixed_film,fixed_film
fixed_film__g3__t8,3,8,27,provenance://crystalite/outputs/final report output/relaxed_groups/fixed_film__g3__t8/cifs/sample_00027.cif,True,False,True,False,2.5542860556679297,235.1831121593428,29.39788901991785,8,False,True,True,,,10.10497438932044,True,,8.0,fixed_film,fixed_film
fixed_film__g3__t8,3,8,28,provenance://crystalite/outputs/final report output/relaxed_groups/fixed_film__g3__t8/cifs/sample_00028.cif,True,False,True,False,2.342984008759974,453.1237181109323,28.32023238193327,16,False,True,True,,,6.387347390244673,True,,8.0,fixed_film,fixed_film
fixed_film__g3__t8,3,8,29,provenance://crystalite/outputs/final report output/relaxed_groups/fixed_film__g3__t8/cifs/sample_00029.cif,True,True,True,True,1.8011739909260671,277.2297746816671,17.326860917604193,16,False,True,True,,,9.191034783614628,True,,8.0,fixed_film,fixed_film
fixed_film__g3__t8,3,8,30,provenance://crystalite/outputs/final report output/relaxed_groups/fixed_film__g3__t8/cifs/sample_00030.cif,True,False,True,False,2.39501113018246,479.8614439973175,29.99134024983234,16,False,True,True,,,9.860610564142693,True,,8.0,fixed_film,fixed_film
fixed_film__g3__t8,3,8,31,provenance://crystalite/outputs/final report output/relaxed_groups/fixed_film__g3__t8/cifs/sample_00031.cif,True,False,True,False,2.8227114421693,175.40626706325276,35.081253412650554,5,False,True,True,,,7.472891652611286,True,,8.0,fixed_film,fixed_film
fixed_film__g3__t8,3,8,32,provenance://crystalite/outputs/final report output/relaxed_groups/fixed_film__g3__t8/cifs/sample_00032.cif,True,True,True,True,1.216763601389787,344.41059068379843,19.133921704655467,18,False,True,True,,,4.827544418365963,True,,8.0,fixed_film,fixed_film
fixed_film__g3__t8,3,8,33,provenance://crystalite/outputs/final report output/relaxed_groups/fixed_film__g3__t8/cifs/sample_00033.cif,True,True,True,True,1.727087676625146,195.247909313369,16.27065910944742,12,False,True,True,,,3.716599704060642,True,,8.0,fixed_film,fixed_film
fixed_film__g3__t8,3,8,34,provenance://crystalite/outputs/final report output/relaxed_groups/fixed_film__g3__t8/cifs/sample_00034.cif,True,False,True,False,2.05485396938526,353.07268070349426,27.159436977191863,13,False,True,True,,,8.530393408123118,True,,8.0,fixed_film,fixed_film
fixed_film__g3__t8,3,8,35,provenance://crystalite/outputs/final report output/relaxed_groups/fixed_film__g3__t8/cifs/sample_00035.cif,True,True,True,True,2.244273493484213,166.89060459310377,23.841514941871964,7,False,True,True,,,5.222763033351842,True,,8.0,fixed_film,fixed_film
fixed_film__g3__t8,3,8,36,provenance://crystalite/outputs/final report output/relaxed_groups/fixed_film__g3__t8/cifs/sample_00036.cif,True,True,True,True,1.7467257974192532,313.49058938078133,17.416143854487853,18,False,True,True,,,5.08504598236505,True,,8.0,fixed_film,fixed_film
fixed_film__g3__t8,3,8,37,provenance://crystalite/outputs/final report output/relaxed_groups/fixed_film__g3__t8/cifs/sample_00037.cif,True,False,True,False,2.591744456427488,541.1929814931589,33.82456134332243,16,False,True,True,,,7.485261884003368,True,,8.0,fixed_film,fixed_film
fixed_film__g3__t8,3,8,38,provenance://crystalite/outputs/final report output/relaxed_groups/fixed_film__g3__t8/cifs/sample_00038.cif,True,True,True,True,1.4690481472432233,173.8431047760542,14.486925398004516,12,False,True,True,,,3.1258635879468404,True,,8.0,fixed_film,fixed_film
fixed_film__g3__t8,3,8,39,provenance://crystalite/outputs/final report output/relaxed_groups/fixed_film__g3__t8/cifs/sample_00039.cif,True,True,True,True,2.110833694715169,405.8477634730256,25.365485217064094,16,False,True,True,,,7.466609253808748,True,,8.0,fixed_film,fixed_film
fixed_film__g3__t8,3,8,40,provenance://crystalite/outputs/final report output/relaxed_groups/fixed_film__g3__t8/cifs/sample_00040.cif,True,True,True,True,2.4881476188768903,78.75707502454262,39.37853751227131,2,False,True,True,,,11.018448404544808,True,,8.0,fixed_film,fixed_film
fixed_film__g3__t8,3,8,41,provenance://crystalite/outputs/final report output/relaxed_groups/fixed_film__g3__t8/cifs/sample_00041.cif,True,True,True,True,2.708823571840989,131.81920371685223,26.36384074337045,5,True,True,True,,,13.562241295804286,True,,8.0,fixed_film,fixed_film
fixed_film__g3__t8,3,8,42,provenance://crystalite/outputs/final report output/relaxed_groups/fixed_film__g3__t8/cifs/sample_00042.cif,True,True,True,True,2.2020444795156986,359.9530942696711,22.497068391854445,16,False,True,True,,,14.670267604027652,True,,8.0,fixed_film,fixed_film
fixed_film__g3__t8,3,8,43,provenance://crystalite/outputs/final report output/relaxed_groups/fixed_film__g3__t8/cifs/sample_00043.cif,True,True,True,True,1.8252771724510743,145.29385597972043,14.529385597972045,10,False,True,True,,,5.833612351033238,True,,8.0,fixed_film,fixed_film
fixed_film__g3__t8,3,8,44,provenance://crystalite/outputs/final report output/relaxed_groups/fixed_film__g3__t8/cifs/sample_00044.cif,True,False,True,False,2.548005896350667,316.25416979139305,31.625416979139302,10,False,True,True,,,8.948641082971532,True,,8.0,fixed_film,fixed_film
fixed_film__g3__t8,3,8,45,provenance://crystalite/outputs/final report output/relaxed_groups/fixed_film__g3__t8/cifs/sample_00045.cif,True,True,True,True,2.142115211466637,123.235048945786,20.539174824297664,6,False,True,True,,,4.616152468086277,True,,8.0,fixed_film,fixed_film
fixed_film__g3__t8,3,8,47,provenance://crystalite/outputs/final report output/relaxed_groups/fixed_film__g3__t8/cifs/sample_00047.cif,True,True,True,True,2.095493366357222,284.38628355886755,23.698856963238963,12,False,True,True,,,11.054853901755637,True,,8.0,fixed_film,fixed_film
fixed_film__g3__t8,3,8,48,provenance://crystalite/outputs/final report output/relaxed_groups/fixed_film__g3__t8/cifs/sample_00048.cif,True,True,True,True,2.198140634619172,193.59520637625303,24.19940079703163,8,False,True,True,,,13.582964110211009,True,,8.0,fixed_film,fixed_film
fixed_film__g3__t8,3,8,49,provenance://crystalite/outputs/final report output/relaxed_groups/fixed_film__g3__t8/cifs/sample_00049.cif,True,True,True,True,2.2882855282738,198.2046141464618,24.77557676830773,8,False,True,True,,,12.802657210055044,True,,8.0,fixed_film,fixed_film
fixed_film__g3__t8,3,8,50,provenance://crystalite/outputs/final report output/relaxed_groups/fixed_film__g3__t8/cifs/sample_00050.cif,True,True,True,True,0.9426428596055334,249.38405677678836,20.782004731399027,12,False,True,True,,,7.370700542468576,True,,8.0,fixed_film,fixed_film
fixed_film__g3__t8,3,8,51,provenance://crystalite/outputs/final report output/relaxed_groups/fixed_film__g3__t8/cifs/sample_00051.cif,True,True,True,True,2.4096813156306744,238.88689311388592,26.542988123765102,9,False,True,True,,,11.664408784565772,True,,8.0,fixed_film,fixed_film
fixed_film__g3__t8,3,8,52,provenance://crystalite/outputs/final report output/relaxed_groups/fixed_film__g3__t8/cifs/sample_00052.cif,True,False,True,False,2.3517539477314813,296.7653809286565,26.978670993514232,11,False,True,True,,,12.488387426634889,True,,8.0,fixed_film,fixed_film
fixed_film__g3__t8,3,8,54,provenance://crystalite/outputs/final report output/relaxed_groups/fixed_film__g3__t8/cifs/sample_00054.cif,True,True,True,True,2.1375382075344334,382.3996396888653,21.244424427159185,18,False,True,True,,,8.448145989492806,True,,8.0,fixed_film,fixed_film
fixed_film__g3__t8,3,8,55,provenance://crystalite/outputs/final report output/relaxed_groups/fixed_film__g3__t8/cifs/sample_00055.cif,True,True,True,True,2.4094606680533777,298.50531497154844,24.875442914295704,12,False,True,True,,,6.962137241433056,True,,8.0,fixed_film,fixed_film
fixed_film__g3__t8,3,8,56,provenance://crystalite/outputs/final report output/relaxed_groups/fixed_film__g3__t8/cifs/sample_00056.cif,True,True,True,True,2.4591708824840803,106.75385617685389,26.68846404421347,4,False,True,True,,,8.043831833968374,True,,8.0,fixed_film,fixed_film
fixed_film__g3__t8,3,8,57,provenance://crystalite/outputs/final report output/relaxed_groups/fixed_film__g3__t8/cifs/sample_00057.cif,True,True,True,True,2.4440079185766224,130.77411021591143,26.15482204318229,5,False,True,True,,,11.764119324782069,True,,8.0,fixed_film,fixed_film
fixed_film__g3__t8,3,8,59,provenance://crystalite/outputs/final report output/relaxed_groups/fixed_film__g3__t8/cifs/sample_00059.cif,True,False,True,False,2.395806263689761,330.7155455773465,30.065049597940597,11,False,True,True,,,7.757996461283978,True,,8.0,fixed_film,fixed_film
fixed_film__g3__t8,3,8,60,provenance://crystalite/outputs/final report output/relaxed_groups/fixed_film__g3__t8/cifs/sample_00060.cif,True,True,True,True,2.3963289929563625,110.98994200182842,27.747485500457103,4,False,True,True,,,15.619178626669166,True,,8.0,fixed_film,fixed_film
fixed_film__g3__t8,3,8,61,provenance://crystalite/outputs/final report output/relaxed_groups/fixed_film__g3__t8/cifs/sample_00061.cif,True,True,True,True,2.174578279010417,354.17459683241714,25.298185488029794,14,False,True,True,,,7.1328942319903375,True,,8.0,fixed_film,fixed_film
fixed_film__g3__t8,3,8,62,provenance://crystalite/outputs/final report output/relaxed_groups/fixed_film__g3__t8/cifs/sample_00062.cif,True,True,True,True,2.4999008797572486,301.7745015652157,27.43404559683779,11,False,True,True,,,11.879242323696769,True,,8.0,fixed_film,fixed_film
fixed_film__g3__t8,3,8,63,provenance://crystalite/outputs/final report output/relaxed_groups/fixed_film__g3__t8/cifs/sample_00063.cif,True,True,True,True,2.277467175936948,278.92346493279416,30.9914961036438,9,False,True,True,,,4.68489239235243,True,,8.0,fixed_film,fixed_film
fixed_film__g3__t8,3,8,64,provenance://crystalite/outputs/final report output/relaxed_groups/fixed_film__g3__t8/cifs/sample_00064.cif,True,False,True,False,2.156318617851327,110.2420802213172,15.748868603045311,7,False,True,True,,,9.291121094329512,True,,8.0,fixed_film,fixed_film
fixed_film__g3__t8,3,8,65,provenance://crystalite/outputs/final report output/relaxed_groups/fixed_film__g3__t8/cifs/sample_00065.cif,True,True,True,True,2.180992956106153,122.83709189032992,20.47284864838832,6,False,True,True,,,4.893133207887953,True,,8.0,fixed_film,fixed_film
fixed_film__g3__t8,3,8,67,provenance://crystalite/outputs/final report output/relaxed_groups/fixed_film__g3__t8/cifs/sample_00067.cif,True,True,True,True,2.4605897171678386,294.7398997107707,24.561658309230893,12,False,True,True,,,9.581078374971224,True,,8.0,fixed_film,fixed_film
fixed_film__g3__t8,3,8,68,provenance://crystalite/outputs/final report output/relaxed_groups/fixed_film__g3__t8/cifs/sample_00068.cif,True,False,True,False,2.389007922293634,107.83749663267812,26.95937415816953,4,False,True,True,,,11.837624687763032,True,,8.0,fixed_film,fixed_film
fixed_film__g3__t8,3,8,70,provenance://crystalite/outputs/final report output/relaxed_groups/fixed_film__g3__t8/cifs/sample_00070.cif,True,True,True,True,1.8953033684754628,326.8467901305403,18.15815500725224,18,False,True,True,,,4.570159213950534,True,,8.0,fixed_film,fixed_film
fixed_film__g3__t8,3,8,71,provenance://crystalite/outputs/final report output/relaxed_groups/fixed_film__g3__t8/cifs/sample_00071.cif,True,False,True,False,2.17476373041311,169.89512761896788,28.315854603161316,6,False,True,True,,,8.16650559319424,True,,8.0,fixed_film,fixed_film
fixed_film__g3__t8,3,8,72,provenance://crystalite/outputs/final report output/relaxed_groups/fixed_film__g3__t8/cifs/sample_00072.cif,True,True,True,True,1.455952319577698,130.32681566514512,13.032681566514512,10,False,True,True,,,4.251373042094605,True,,8.0,fixed_film,fixed_film
fixed_film__g3__t8,3,8,73,provenance://crystalite/outputs/final report output/relaxed_groups/fixed_film__g3__t8/cifs/sample_00073.cif,True,False,True,False,1.006670188338345,330.9794426886217,20.686215168038856,16,False,True,True,,,7.43350638486244,True,,8.0,fixed_film,fixed_film
fixed_film__g3__t8,3,8,74,provenance://crystalite/outputs/final report output/relaxed_groups/fixed_film__g3__t8/cifs/sample_00074.cif,True,True,True,True,2.6663436423687905,98.96875789925852,24.742189474814637,4,True,True,True,,,13.867267302183448,True,,8.0,fixed_film,fixed_film
fixed_film__g3__t8,3,8,75,provenance://crystalite/outputs/final report output/relaxed_groups/fixed_film__g3__t8/cifs/sample_00075.cif,True,True,True,True,2.517939755169236,267.8129751819205,33.47662189774006,8,False,True,True,,,4.544217792352856,True,,8.0,fixed_film,fixed_film
fixed_film__g3__t8,3,8,76,provenance://crystalite/outputs/final report output/relaxed_groups/fixed_film__g3__t8/cifs/sample_00076.cif,True,True,True,True,2.896237581028292,47.91496723534036,23.95748361767018,2,False,True,True,,,11.696072803478703,True,,8.0,fixed_film,fixed_film
fixed_film__g3__t8,3,8,77,provenance://crystalite/outputs/final report output/relaxed_groups/fixed_film__g3__t8/cifs/sample_00077.cif,True,True,True,True,1.3594003901629204,154.5958720946432,17.177319121627022,9,False,True,True,,,7.290202300231154,True,,8.0,fixed_film,fixed_film
fixed_film__g3__t8,3,8,78,provenance://crystalite/outputs/final report output/relaxed_groups/fixed_film__g3__t8/cifs/sample_00078.cif,True,True,True,True,2.224430349937522,235.0201670719404,29.377520883992556,8,False,True,True,,,7.130133487696358,True,,8.0,fixed_film,fixed_film
fixed_film__g3__t8,3,8,80,provenance://crystalite/outputs/final report output/relaxed_groups/fixed_film__g3__t8/cifs/sample_00080.cif,True,True,True,True,2.420293225643256,260.8669407952805,26.08669407952805,10,False,True,True,,,7.307135282562712,True,,8.0,fixed_film,fixed_film
fixed_film__g3__t8,3,8,81,provenance://crystalite/outputs/final report output/relaxed_groups/fixed_film__g3__t8/cifs/sample_00081.cif,True,True,True,True,0.9563184771747112,318.30189652681423,15.915094826340711,20,False,True,True,,,9.815013038920108,True,,8.0,fixed_film,fixed_film
fixed_film__g3__t8,3,8,82,provenance://crystalite/outputs/final report output/relaxed_groups/fixed_film__g3__t8/cifs/sample_00082.cif,True,True,True,True,1.8980986535482285,148.28164139891473,24.713606899819123,6,False,True,True,,,4.66603384779889,True,,8.0,fixed_film,fixed_film
fixed_film__g3__t8,3,8,83,provenance://crystalite/outputs/final report output/relaxed_groups/fixed_film__g3__t8/cifs/sample_00083.cif,True,True,True,True,0.9498002939438324,108.67261451145156,9.05605120928763,12,False,True,True,,,7.228563211663588,True,,8.0,fixed_film,fixed_film
fixed_film__g3__t8,3,8,84,provenance://crystalite/outputs/final report output/relaxed_groups/fixed_film__g3__t8/cifs/sample_00084.cif,True,True,True,True,0.9786581042928,388.20273827245455,21.56681879291414,18,False,True,True,,,11.646135729889266,True,,8.0,fixed_film,fixed_film
fixed_film__g3__t8,3,8,85,provenance://crystalite/outputs/final report output/relaxed_groups/fixed_film__g3__t8/cifs/sample_00085.cif,True,True,True,True,2.2941587316855925,225.42782823947772,18.78565235328981,12,False,True,True,,,9.355977445222376,True,,8.0,fixed_film,fixed_film
fixed_film__g3__t8,3,8,86,provenance://crystalite/outputs/final report output/relaxed_groups/fixed_film__g3__t8/cifs/sample_00086.cif,True,True,True,True,2.178779804574112,323.40637974110007,23.100455695792864,14,False,True,True,,,6.695052086200447,True,,8.0,fixed_film,fixed_film
fixed_film__g3__t8,3,8,87,provenance://crystalite/outputs/final report output/relaxed_groups/fixed_film__g3__t8/cifs/sample_00087.cif,True,True,True,True,2.068888259579348,244.70262144360143,20.39188512030012,12,False,True,True,,,10.605933536205283,True,,8.0,fixed_film,fixed_film
fixed_film__g3__t8,3,8,88,provenance://crystalite/outputs/final report output/relaxed_groups/fixed_film__g3__t8/cifs/sample_00088.cif,True,True,True,True,2.2320289434621223,602.829615004657,30.141480750232848,20,False,True,True,,,5.473291064157761,True,,8.0,fixed_film,fixed_film
fixed_film__g3__t8,3,8,90,provenance://crystalite/outputs/final report output/relaxed_groups/fixed_film__g3__t8/cifs/sample_00090.cif,True,True,True,True,2.06187348340258,305.8715764579664,21.8479697469976,14,False,True,True,,,6.128874188301514,True,,8.0,fixed_film,fixed_film
fixed_film__g3__t8,3,8,91,provenance://crystalite/outputs/final report output/relaxed_groups/fixed_film__g3__t8/cifs/sample_00091.cif,True,True,True,True,2.8015691292192475,85.03060717858618,28.343535726195395,3,True,True,True,,,13.042274292617025,True,,8.0,fixed_film,fixed_film
fixed_film__g3__t8,3,8,92,provenance://crystalite/outputs/final report output/relaxed_groups/fixed_film__g3__t8/cifs/sample_00092.cif,True,True,True,True,2.7547848478983066,122.93629155849403,24.587258311698807,5,True,True,True,,,12.827382565395787,True,,8.0,fixed_film,fixed_film
fixed_film__g3__t8,3,8,93,provenance://crystalite/outputs/final report output/relaxed_groups/fixed_film__g3__t8/cifs/sample_00093.cif,True,False,True,False,2.364501948298604,250.1625613233866,35.7375087604838,7,False,True,True,,,4.996885766356,True,,8.0,fixed_film,fixed_film
fixed_film__g3__t8,3,8,94,provenance://crystalite/outputs/final report output/relaxed_groups/fixed_film__g3__t8/cifs/sample_00094.cif,True,True,True,True,2.194143680031835,258.53105179496816,25.85310517949681,10,False,True,True,,,10.469357421147617,True,,8.0,fixed_film,fixed_film
fixed_film__g3__t8,3,8,98,provenance://crystalite/outputs/final report output/relaxed_groups/fixed_film__g3__t8/cifs/sample_00098.cif,True,True,True,True,1.2256140409281957,231.96086483661588,12.886714713145327,18,False,True,True,,,3.759862636803864,True,,8.0,fixed_film,fixed_film
fixed_film__g3__t8,3,8,99,provenance://crystalite/outputs/final report output/relaxed_groups/fixed_film__g3__t8/cifs/sample_00099.cif,True,True,True,True,2.048085763106024,396.31008213918807,22.01722678551045,18,False,True,True,,,7.759022009746626,True,,8.0,fixed_film,fixed_film
fixed_film__g3__t8,3,8,100,provenance://crystalite/outputs/final report output/relaxed_groups/fixed_film__g3__t8/cifs/sample_00100.cif,True,True,True,True,2.4630655648058,197.74506576418196,28.24929510916885,7,False,True,True,,,7.110107625496525,True,,8.0,fixed_film,fixed_film
fixed_film__g3__t8,3,8,101,provenance://crystalite/outputs/final report output/relaxed_groups/fixed_film__g3__t8/cifs/sample_00101.cif,True,True,True,True,2.4803861900057367,158.14431805716117,19.768039757145143,8,False,True,True,,,14.07672522319662,True,,8.0,fixed_film,fixed_film
fixed_film__g3__t8,3,8,102,provenance://crystalite/outputs/final report output/relaxed_groups/fixed_film__g3__t8/cifs/sample_00102.cif,True,True,True,True,1.3643811619646988,143.3940745585192,11.949506213209936,12,False,True,True,,,3.854414634445841,True,,8.0,fixed_film,fixed_film
fixed_film__g3__t8,3,8,103,provenance://crystalite/outputs/final report output/relaxed_groups/fixed_film__g3__t8/cifs/sample_00103.cif,True,True,True,True,1.7652425368532791,238.59099020353975,11.929549510176988,20,False,True,True,,,5.055898905023697,True,,8.0,fixed_film,fixed_film
fixed_film__g3__t8,3,8,104,provenance://crystalite/outputs/final report output/relaxed_groups/fixed_film__g3__t8/cifs/sample_00104.cif,True,True,True,True,1.2277930292128951,153.93512362519823,12.82792696876652,12,False,True,True,,,2.787649532671613,True,,8.0,fixed_film,fixed_film
fixed_film__g3__t8,3,8,105,provenance://crystalite/outputs/final report output/relaxed_groups/fixed_film__g3__t8/cifs/sample_00105.cif,True,True,True,True,2.2329173902750625,69.02378188512887,23.00792729504296,3,False,True,True,,,11.929226914854054,True,,8.0,fixed_film,fixed_film
fixed_film__g3__t8,3,8,106,provenance://crystalite/outputs/final report output/relaxed_groups/fixed_film__g3__t8/cifs/sample_00106.cif,True,True,True,True,1.9837547812560632,349.64668175580044,24.974762982557174,14,False,True,True,,,5.056885699342163,True,,8.0,fixed_film,fixed_film
fixed_film__g3__t8,3,8,107,provenance://crystalite/outputs/final report output/relaxed_groups/fixed_film__g3__t8/cifs/sample_00107.cif,True,False,True,False,1.0004738508218007,174.43478189024552,13.4180601454035,13,False,True,True,,,8.710142695837938,True,,8.0,fixed_film,fixed_film
fixed_film__g3__t8,3,8,108,provenance://crystalite/outputs/final report output/relaxed_groups/fixed_film__g3__t8/cifs/sample_00108.cif,True,True,True,True,2.06256346093939,157.54173595560175,13.128477996300148,12,False,True,True,,,5.050712712073626,True,,8.0,fixed_film,fixed_film
fixed_film__g3__t8,3,8,110,provenance://crystalite/outputs/final report output/relaxed_groups/fixed_film__g3__t8/cifs/sample_00110.cif,True,True,True,True,1.9978235961857067,385.6181187647591,27.544151340339933,14,False,True,True,,,8.481043826158016,True,,8.0,fixed_film,fixed_film
fixed_film__g3__t8,3,8,111,provenance://crystalite/outputs/final report output/relaxed_groups/fixed_film__g3__t8/cifs/sample_00111.cif,True,False,True,False,2.5178874812005327,209.39141800140104,26.17392725017513,8,False,True,True,,,12.288608746468256,True,,8.0,fixed_film,fixed_film
fixed_film__g3__t8,3,8,112,provenance://crystalite/outputs/final report output/relaxed_groups/fixed_film__g3__t8/cifs/sample_00112.cif,True,True,True,True,2.435332370612842,120.42236577582464,24.084473155164925,5,False,True,True,,,9.044775285225516,True,,8.0,fixed_film,fixed_film
fixed_film__g3__t8,3,8,113,provenance://crystalite/outputs/final report output/relaxed_groups/fixed_film__g3__t8/cifs/sample_00113.cif,True,False,True,False,2.662002561933966,246.0406886983572,30.75508608729465,8,False,True,True,,,11.490918286315,True,,8.0,fixed_film,fixed_film
fixed_film__g3__t8,3,8,114,provenance://crystalite/outputs/final report output/relaxed_groups/fixed_film__g3__t8/cifs/sample_00114.cif,True,True,True,True,1.001150285150738,147.3625539487684,10.525896710626316,14,False,True,True,,,7.760969219825161,True,,8.0,fixed_film,fixed_film
fixed_film__g3__t8,3,8,115,provenance://crystalite/outputs/final report output/relaxed_groups/fixed_film__g3__t8/cifs/sample_00115.cif,True,True,True,True,2.363242760992007,386.70457945533474,32.2253816212779,12,False,True,True,,,9.322459867568211,True,,8.0,fixed_film,fixed_film
fixed_film__g3__t8,3,8,116,provenance://crystalite/outputs/final report output/relaxed_groups/fixed_film__g3__t8/cifs/sample_00116.cif,True,True,True,True,2.400765473739848,228.02705468629904,28.50338183578738,8,False,True,True,,,6.223608443874892,True,,8.0,fixed_film,fixed_film
fixed_film__g3__t8,3,8,117,provenance://crystalite/outputs/final report output/relaxed_groups/fixed_film__g3__t8/cifs/sample_00117.cif,True,True,True,True,2.2332269370669837,462.1052669015059,27.182662758912112,17,False,True,True,,,9.314610068444102,True,,8.0,fixed_film,fixed_film
fixed_film__g3__t8,3,8,118,provenance://crystalite/outputs/final report output/relaxed_groups/fixed_film__g3__t8/cifs/sample_00118.cif,True,False,True,False,2.7813231287130997,700.1864795003227,35.00932397501613,20,False,True,True,,,16.555035966693953,True,,8.0,fixed_film,fixed_film
fixed_film__g3__t8,3,8,119,provenance://crystalite/outputs/final report output/relaxed_groups/fixed_film__g3__t8/cifs/sample_00119.cif,True,True,True,True,1.6501135749963671,533.5955336055924,26.679776680279623,20,False,True,True,,,7.046081842179029,True,,8.0,fixed_film,fixed_film
fixed_film__g3__t8,3,8,120,provenance://crystalite/outputs/final report output/relaxed_groups/fixed_film__g3__t8/cifs/sample_00120.cif,True,False,True,False,1.185202981350057,279.9932156135312,13.99966078067656,20,False,True,True,,,4.546085356633224,True,,8.0,fixed_film,fixed_film
fixed_film__g3__t8,3,8,121,provenance://crystalite/outputs/final report output/relaxed_groups/fixed_film__g3__t8/cifs/sample_00121.cif,True,True,True,True,2.390583772342924,371.3574569611344,28.565958227779564,13,False,True,True,,,9.229974633350194,True,,8.0,fixed_film,fixed_film
fixed_film__g3__t8,3,8,122,provenance://crystalite/outputs/final report output/relaxed_groups/fixed_film__g3__t8/cifs/sample_00122.cif,True,False,True,False,2.37134143703549,507.6248994544068,28.2013833030226,18,False,True,True,,,8.763631422921726,True,,8.0,fixed_film,fixed_film
fixed_film__g3__t8,3,8,123,provenance://crystalite/outputs/final report output/relaxed_groups/fixed_film__g3__t8/cifs/sample_00123.cif,True,True,True,True,0.9762187840432828,312.5088635740681,31.25088635740681,10,False,True,True,,,4.628033931690236,True,,8.0,fixed_film,fixed_film
fixed_film__g3__t8,3,8,126,provenance://crystalite/outputs/final report output/relaxed_groups/fixed_film__g3__t8/cifs/sample_00126.cif,True,True,True,True,2.483864307146125,372.4696730160019,28.65151330892322,13,False,True,True,,,13.720425656325084,True,,8.0,fixed_film,fixed_film
fixed_film__g3__t8,3,8,127,provenance://crystalite/outputs/final report output/relaxed_groups/fixed_film__g3__t8/cifs/sample_00127.cif,True,True,True,True,1.246104832132625,137.86439862317226,13.786439862317229,10,False,True,True,,,3.225449439771308,True,,8.0,fixed_film,fixed_film
fixed_film__g3__t12,3,12,0,provenance://crystalite/outputs/final report output/relaxed_groups/fixed_film__g3__t12/cifs/sample_00000.cif,True,True,True,True,2.7375205315803406,91.51344091395322,22.878360228488305,4,True,True,True,,,19.570633330365755,True,,12.0,fixed_film,fixed_film
fixed_film__g3__t12,3,12,1,provenance://crystalite/outputs/final report output/relaxed_groups/fixed_film__g3__t12/cifs/sample_00001.cif,True,False,True,False,2.2399039371914244,500.38915460373846,25.01945773018692,20,False,True,True,,,12.020989452897636,True,,12.0,fixed_film,fixed_film
fixed_film__g3__t12,3,12,2,provenance://crystalite/outputs/final report output/relaxed_groups/fixed_film__g3__t12/cifs/sample_00002.cif,True,True,True,True,2.527944869393129,286.79950698784114,35.84993837348014,8,True,True,True,,,12.402487366091094,True,,12.0,fixed_film,fixed_film
fixed_film__g3__t12,3,12,3,provenance://crystalite/outputs/final report output/relaxed_groups/fixed_film__g3__t12/cifs/sample_00003.cif,True,True,True,True,2.189274455533807,225.4355363843959,28.179442048049488,8,False,True,True,,,8.414324169764607,True,,12.0,fixed_film,fixed_film
fixed_film__g3__t12,3,12,4,provenance://crystalite/outputs/final report output/relaxed_groups/fixed_film__g3__t12/cifs/sample_00004.cif,True,True,True,True,3.568901660942464,67.68998246021327,33.84499123010664,2,True,True,True,,,7.365913460960608,True,,12.0,fixed_film,fixed_film
fixed_film__g3__t12,3,12,5,provenance://crystalite/outputs/final report output/relaxed_groups/fixed_film__g3__t12/cifs/sample_00005.cif,True,False,True,False,2.361134103484856,404.2118522162809,25.263240763517555,16,False,True,True,,,12.075812486765372,True,,12.0,fixed_film,fixed_film
fixed_film__g3__t12,3,12,6,provenance://crystalite/outputs/final report output/relaxed_groups/fixed_film__g3__t12/cifs/sample_00006.cif,True,False,True,False,2.494958624658258,242.49767094306756,30.31220886788344,8,False,True,True,,,7.980285570858656,True,,12.0,fixed_film,fixed_film
fixed_film__g3__t12,3,12,7,provenance://crystalite/outputs/final report output/relaxed_groups/fixed_film__g3__t12/cifs/sample_00007.cif,True,False,True,False,2.6884939217085657,456.70353689889,32.62168120706357,14,False,True,True,,,12.428030422252323,True,,12.0,fixed_film,fixed_film
fixed_film__g3__t12,3,12,8,provenance://crystalite/outputs/final report output/relaxed_groups/fixed_film__g3__t12/cifs/sample_00008.cif,True,True,True,True,2.4635826287438096,342.90166680941826,28.575138900784854,12,True,True,True,,,14.911791942739637,True,,12.0,fixed_film,fixed_film
fixed_film__g3__t12,3,12,9,provenance://crystalite/outputs/final report output/relaxed_groups/fixed_film__g3__t12/cifs/sample_00009.cif,True,False,True,False,2.818218186657921,247.54177091638184,30.94272136454773,8,False,True,True,,,8.29277370674204,True,,12.0,fixed_film,fixed_film
fixed_film__g3__t12,3,12,10,provenance://crystalite/outputs/final report output/relaxed_groups/fixed_film__g3__t12/cifs/sample_00010.cif,True,True,True,True,2.0376611199302874,265.6754526232,22.13962105193333,12,False,True,True,,,18.63585719944988,True,,12.0,fixed_film,fixed_film
fixed_film__g3__t12,3,12,12,provenance://crystalite/outputs/final report output/relaxed_groups/fixed_film__g3__t12/cifs/sample_00012.cif,True,False,True,False,1.058326180358215,212.5411834550366,21.25411834550366,10,False,True,True,,,10.290989023790278,True,,12.0,fixed_film,fixed_film
fixed_film__g3__t12,3,12,13,provenance://crystalite/outputs/final report output/relaxed_groups/fixed_film__g3__t12/cifs/sample_00013.cif,True,False,True,False,1.7063263131145143,277.34796764313825,23.11233063692819,12,False,True,True,,,9.224196904135516,True,,12.0,fixed_film,fixed_film
fixed_film__g3__t12,3,12,14,provenance://crystalite/outputs/final report output/relaxed_groups/fixed_film__g3__t12/cifs/sample_00014.cif,True,True,True,True,2.111305265341064,289.22051363115395,24.10170946926283,12,False,True,True,,,13.28971604623571,True,,12.0,fixed_film,fixed_film
fixed_film__g3__t12,3,12,15,provenance://crystalite/outputs/final report output/relaxed_groups/fixed_film__g3__t12/cifs/sample_00015.cif,True,True,True,True,1.8225795987361613,79.01470103721599,26.338233679071998,3,False,True,True,,,12.588016851851313,True,,12.0,fixed_film,fixed_film
fixed_film__g3__t12,3,12,16,provenance://crystalite/outputs/final report output/relaxed_groups/fixed_film__g3__t12/cifs/sample_00016.cif,True,False,True,False,2.7352722734026185,556.2772446223736,30.904291367909643,18,False,True,True,,,10.769121220474569,True,,12.0,fixed_film,fixed_film
fixed_film__g3__t12,3,12,17,provenance://crystalite/outputs/final report output/relaxed_groups/fixed_film__g3__t12/cifs/sample_00017.cif,True,True,True,True,2.505904080600885,172.21971254037442,21.5274640675468,8,False,True,True,,,12.084308720434851,True,,12.0,fixed_film,fixed_film
fixed_film__g3__t12,3,12,18,provenance://crystalite/outputs/final report output/relaxed_groups/fixed_film__g3__t12/cifs/sample_00018.cif,True,True,True,True,3.2362047477256164,55.72695202241436,27.86347601120718,2,True,True,True,,,17.663093759485445,True,,12.0,fixed_film,fixed_film
fixed_film__g3__t12,3,12,19,provenance://crystalite/outputs/final report output/relaxed_groups/fixed_film__g3__t12/cifs/sample_00019.cif,True,True,True,True,2.6399741838038984,342.677948792413,34.2677948792413,10,False,True,True,,,7.760395472089665,True,,12.0,fixed_film,fixed_film
fixed_film__g3__t12,3,12,20,provenance://crystalite/outputs/final report output/relaxed_groups/fixed_film__g3__t12/cifs/sample_00020.cif,True,True,True,True,2.679857225953433,112.56978191159844,22.51395638231969,5,False,True,True,,,14.48813764219502,True,,12.0,fixed_film,fixed_film
fixed_film__g3__t12,3,12,22,provenance://crystalite/outputs/final report output/relaxed_groups/fixed_film__g3__t12/cifs/sample_00022.cif,True,True,True,True,2.392757960492987,514.0794294740663,36.71995924814759,14,True,True,True,,,10.184340035855362,True,,12.0,fixed_film,fixed_film
fixed_film__g3__t12,3,12,23,provenance://crystalite/outputs/final report output/relaxed_groups/fixed_film__g3__t12/cifs/sample_00023.cif,True,True,True,True,2.3583582400114245,201.76258542866609,22.41806504762956,9,False,True,True,,,10.56196259965671,True,,12.0,fixed_film,fixed_film
fixed_film__g3__t12,3,12,24,provenance://crystalite/outputs/final report output/relaxed_groups/fixed_film__g3__t12/cifs/sample_00024.cif,True,False,True,False,2.068065488269174,342.6221649595905,34.26221649595905,10,False,True,True,,,9.316446257546517,True,,12.0,fixed_film,fixed_film
fixed_film__g3__t12,3,12,25,provenance://crystalite/outputs/final report output/relaxed_groups/fixed_film__g3__t12/cifs/sample_00025.cif,True,True,True,True,0.9469185840976952,420.6332427986456,26.28957767491535,16,True,True,True,,,7.225793335563593,True,,12.0,fixed_film,fixed_film
fixed_film__g3__t12,3,12,26,provenance://crystalite/outputs/final report output/relaxed_groups/fixed_film__g3__t12/cifs/sample_00026.cif,True,True,True,True,2.048278752338781,627.5737107748656,31.37868553874328,20,False,True,True,,,12.299145969647414,True,,12.0,fixed_film,fixed_film
fixed_film__g3__t12,3,12,27,provenance://crystalite/outputs/final report output/relaxed_groups/fixed_film__g3__t12/cifs/sample_00027.cif,True,False,True,False,2.480463450201138,237.49567242822096,29.686959053527623,8,False,True,True,,,11.014880962554887,True,,12.0,fixed_film,fixed_film
fixed_film__g3__t12,3,12,28,provenance://crystalite/outputs/final report output/relaxed_groups/fixed_film__g3__t12/cifs/sample_00028.cif,True,False,True,False,1.2646444625678943,222.6567692991096,13.916048081194347,16,False,True,True,,,25.90596713946624,True,,12.0,fixed_film,fixed_film
fixed_film__g3__t12,3,12,29,provenance://crystalite/outputs/final report output/relaxed_groups/fixed_film__g3__t12/cifs/sample_00029.cif,True,False,True,False,2.179095350124168,739.1388538772352,46.1961783673272,16,False,True,True,,,6.809961739645259,True,,12.0,fixed_film,fixed_film
fixed_film__g3__t12,3,12,30,provenance://crystalite/outputs/final report output/relaxed_groups/fixed_film__g3__t12/cifs/sample_00030.cif,True,False,True,False,2.7455238482871707,526.0777623080317,32.87986014425198,16,False,True,True,,,10.743616064643067,True,,12.0,fixed_film,fixed_film
fixed_film__g3__t12,3,12,31,provenance://crystalite/outputs/final report output/relaxed_groups/fixed_film__g3__t12/cifs/sample_00031.cif,True,False,True,False,2.752381470052137,196.5852980206388,39.31705960412775,5,False,True,True,,,9.789224056952138,True,,12.0,fixed_film,fixed_film
fixed_film__g3__t12,3,12,32,provenance://crystalite/outputs/final report output/relaxed_groups/fixed_film__g3__t12/cifs/sample_00032.cif,True,True,True,True,2.412773871419075,600.2796621418536,33.34887011899187,18,False,True,True,,,13.51819301578356,True,,12.0,fixed_film,fixed_film
fixed_film__g3__t12,3,12,33,provenance://crystalite/outputs/final report output/relaxed_groups/fixed_film__g3__t12/cifs/sample_00033.cif,True,False,True,False,2.6124998975549536,408.83954941705525,34.06996245142127,12,False,True,True,,,9.667087858214703,True,,12.0,fixed_film,fixed_film
fixed_film__g3__t12,3,12,34,provenance://crystalite/outputs/final report output/relaxed_groups/fixed_film__g3__t12/cifs/sample_00034.cif,True,True,True,True,2.181463924599935,304.365202683464,23.412707898728,13,False,True,True,,,11.934663683942295,True,,12.0,fixed_film,fixed_film
fixed_film__g3__t12,3,12,35,provenance://crystalite/outputs/final report output/relaxed_groups/fixed_film__g3__t12/cifs/sample_00035.cif,True,True,True,True,2.561670935106796,145.52422776821948,20.789175395459925,7,True,True,True,,,24.73944549466698,True,,12.0,fixed_film,fixed_film
fixed_film__g3__t12,3,12,36,provenance://crystalite/outputs/final report output/relaxed_groups/fixed_film__g3__t12/cifs/sample_00036.cif,True,False,True,False,2.476280343820232,541.489275710291,30.082737539460613,18,False,True,True,,,9.53210501427362,True,,12.0,fixed_film,fixed_film
fixed_film__g3__t12,3,12,37,provenance://crystalite/outputs/final report output/relaxed_groups/fixed_film__g3__t12/cifs/sample_00037.cif,True,True,True,True,1.9970669770177247,521.7790721010548,32.611192006315925,16,False,True,True,,,10.325325421753522,True,,12.0,fixed_film,fixed_film
fixed_film__g3__t12,3,12,38,provenance://crystalite/outputs/final report output/relaxed_groups/fixed_film__g3__t12/cifs/sample_00038.cif,True,True,True,True,2.182565676333931,281.8215087275773,23.485125727298108,12,False,True,True,,,13.03019833285786,True,,12.0,fixed_film,fixed_film
fixed_film__g3__t12,3,12,39,provenance://crystalite/outputs/final report output/relaxed_groups/fixed_film__g3__t12/cifs/sample_00039.cif,True,False,True,False,2.442033001662048,531.4576062787439,33.216100392421495,16,False,True,True,,,10.340750434783075,True,,12.0,fixed_film,fixed_film
fixed_film__g3__t12,3,12,40,provenance://crystalite/outputs/final report output/relaxed_groups/fixed_film__g3__t12/cifs/sample_00040.cif,True,True,True,True,3.5025406345475982,52.34950070511395,26.174750352556973,2,True,True,True,,,9.23177632737117,True,,12.0,fixed_film,fixed_film
fixed_film__g3__t12,3,12,41,provenance://crystalite/outputs/final report output/relaxed_groups/fixed_film__g3__t12/cifs/sample_00041.cif,True,True,True,True,2.989088003424952,195.20936341985387,39.04187268397077,5,True,True,True,,,10.064327944974943,True,,12.0,fixed_film,fixed_film
fixed_film__g3__t12,3,12,42,provenance://crystalite/outputs/final report output/relaxed_groups/fixed_film__g3__t12/cifs/sample_00042.cif,True,False,True,False,2.181314814727445,513.3442177238297,32.08401360773936,16,False,True,True,,,8.322961782473426,True,,12.0,fixed_film,fixed_film
fixed_film__g3__t12,3,12,43,provenance://crystalite/outputs/final report output/relaxed_groups/fixed_film__g3__t12/cifs/sample_00043.cif,True,True,True,True,2.190605429633834,300.2831508818443,30.028315088184428,10,False,True,True,,,8.845816082832469,True,,12.0,fixed_film,fixed_film
fixed_film__g3__t12,3,12,44,provenance://crystalite/outputs/final report output/relaxed_groups/fixed_film__g3__t12/cifs/sample_00044.cif,True,True,True,True,2.424428872189619,261.11011840250865,26.111011840250864,10,True,True,True,,,17.001653953172774,True,,12.0,fixed_film,fixed_film
fixed_film__g3__t12,3,12,45,provenance://crystalite/outputs/final report output/relaxed_groups/fixed_film__g3__t12/cifs/sample_00045.cif,True,True,True,True,2.5495406693260314,130.8979744213729,21.816329070228814,6,False,True,True,,,18.521061827139903,True,,12.0,fixed_film,fixed_film
fixed_film__g3__t12,3,12,46,provenance://crystalite/outputs/final report output/relaxed_groups/fixed_film__g3__t12/cifs/sample_00046.cif,True,True,True,True,2.429719124282179,321.0542759655963,29.186752360508752,11,False,True,True,,,12.229789366598922,True,,12.0,fixed_film,fixed_film
fixed_film__g3__t12,3,12,47,provenance://crystalite/outputs/final report output/relaxed_groups/fixed_film__g3__t12/cifs/sample_00047.cif,True,True,True,True,2.068496340353628,354.78911386905537,29.56575948908795,12,False,True,True,,,8.574981978319704,True,,12.0,fixed_film,fixed_film
fixed_film__g3__t12,3,12,48,provenance://crystalite/outputs/final report output/relaxed_groups/fixed_film__g3__t12/cifs/sample_00048.cif,True,True,True,True,2.42844047603063,183.9357615439325,22.991970192991563,8,False,True,True,,,19.04913474969229,True,,12.0,fixed_film,fixed_film
fixed_film__g3__t12,3,12,49,provenance://crystalite/outputs/final report output/relaxed_groups/fixed_film__g3__t12/cifs/sample_00049.cif,True,False,True,False,2.318531135074068,230.5247248209429,28.815590602617867,8,False,True,True,,,14.910220388780358,True,,12.0,fixed_film,fixed_film
fixed_film__g3__t12,3,12,50,provenance://crystalite/outputs/final report output/relaxed_groups/fixed_film__g3__t12/cifs/sample_00050.cif,True,False,True,False,2.071421022474253,322.64895229889464,26.887412691574557,12,False,True,True,,,10.405464317514982,True,,12.0,fixed_film,fixed_film
fixed_film__g3__t12,3,12,51,provenance://crystalite/outputs/final report output/relaxed_groups/fixed_film__g3__t12/cifs/sample_00051.cif,True,True,True,True,1.9706314598429788,210.3777854532005,23.375309494800053,9,False,True,True,,,13.843387100382538,True,,12.0,fixed_film,fixed_film
fixed_film__g3__t12,3,12,52,provenance://crystalite/outputs/final report output/relaxed_groups/fixed_film__g3__t12/cifs/sample_00052.cif,True,True,True,True,2.4824640222500696,272.0771510215063,24.734286456500573,11,False,True,True,,,13.39282679400432,True,,12.0,fixed_film,fixed_film
fixed_film__g3__t12,3,12,53,provenance://crystalite/outputs/final report output/relaxed_groups/fixed_film__g3__t12/cifs/sample_00053.cif,True,False,True,False,0.9646723573780498,337.7809957039909,18.76561087244394,18,False,True,True,,,9.058731403782003,True,,12.0,fixed_film,fixed_film
fixed_film__g3__t12,3,12,54,provenance://crystalite/outputs/final report output/relaxed_groups/fixed_film__g3__t12/cifs/sample_00054.cif,True,False,True,False,1.9327965861271463,459.6997865113502,25.538877028408347,18,False,True,True,,,13.340569896418168,True,,12.0,fixed_film,fixed_film
fixed_film__g3__t12,3,12,55,provenance://crystalite/outputs/final report output/relaxed_groups/fixed_film__g3__t12/cifs/sample_00055.cif,True,True,True,True,2.245347331608223,334.32584420237936,27.860487016864948,12,False,True,True,,,11.152712221526196,True,,12.0,fixed_film,fixed_film
fixed_film__g3__t12,3,12,56,provenance://crystalite/outputs/final report output/relaxed_groups/fixed_film__g3__t12/cifs/sample_00056.cif,True,True,True,True,2.323176752945972,92.0066122301327,23.001653057533176,4,False,True,True,,,19.993895082695104,True,,12.0,fixed_film,fixed_film
fixed_film__g3__t12,3,12,57,provenance://crystalite/outputs/final report output/relaxed_groups/fixed_film__g3__t12/cifs/sample_00057.cif,True,True,True,True,2.092291204165707,116.84789180337316,23.36957836067463,5,False,True,True,,,17.579903581503075,True,,12.0,fixed_film,fixed_film
fixed_film__g3__t12,3,12,58,provenance://crystalite/outputs/final report output/relaxed_groups/fixed_film__g3__t12/cifs/sample_00058.cif,True,False,True,False,2.3757892958922224,587.2404311816325,32.62446839897959,18,False,True,True,,,8.43142540106262,True,,12.0,fixed_film,fixed_film
fixed_film__g3__t12,3,12,59,provenance://crystalite/outputs/final report output/relaxed_groups/fixed_film__g3__t12/cifs/sample_00059.cif,True,True,True,True,2.3035669478608227,284.3461357382688,25.84964870347898,11,False,True,True,,,10.954444273423151,True,,12.0,fixed_film,fixed_film
fixed_film__g3__t12,3,12,60,provenance://crystalite/outputs/final report output/relaxed_groups/fixed_film__g3__t12/cifs/sample_00060.cif,True,True,True,True,2.3451144426429886,81.5406800793745,20.385170019843624,4,False,True,True,,,24.14284523041461,True,,12.0,fixed_film,fixed_film
fixed_film__g3__t12,3,12,61,provenance://crystalite/outputs/final report output/relaxed_groups/fixed_film__g3__t12/cifs/sample_00061.cif,True,False,True,False,2.5265477965319483,459.62681706379726,32.83048693312838,14,False,True,True,,,8.934257502030233,True,,12.0,fixed_film,fixed_film
fixed_film__g3__t12,3,12,62,provenance://crystalite/outputs/final report output/relaxed_groups/fixed_film__g3__t12/cifs/sample_00062.cif,True,False,True,False,2.1264987173052208,379.2652286221201,34.47865714746546,11,False,True,True,,,10.887880195493956,True,,12.0,fixed_film,fixed_film
fixed_film__g3__t12,3,12,63,provenance://crystalite/outputs/final report output/relaxed_groups/fixed_film__g3__t12/cifs/sample_00063.cif,True,True,True,True,2.30111169299992,162.57529591873956,18.06392176874884,9,False,True,True,,,27.80608675502825,True,,12.0,fixed_film,fixed_film
fixed_film__g3__t12,3,12,64,provenance://crystalite/outputs/final report output/relaxed_groups/fixed_film__g3__t12/cifs/sample_00064.cif,True,False,True,False,2.1440808491082155,267.89434220802514,38.27062031543216,7,False,True,True,,,5.578811843284181,True,,12.0,fixed_film,fixed_film
fixed_film__g3__t12,3,12,65,provenance://crystalite/outputs/final report output/relaxed_groups/fixed_film__g3__t12/cifs/sample_00065.cif,True,False,True,False,2.819360954438602,221.33965691464917,36.88994281910819,6,False,True,True,,,8.715370229379836,True,,12.0,fixed_film,fixed_film
fixed_film__g3__t12,3,12,66,provenance://crystalite/outputs/final report output/relaxed_groups/fixed_film__g3__t12/cifs/sample_00066.cif,True,False,True,False,2.470691320346293,977.2875702169416,48.86437851084708,20,False,True,True,,,8.723988389643296,True,,12.0,fixed_film,fixed_film
fixed_film__g3__t12,3,12,67,provenance://crystalite/outputs/final report output/relaxed_groups/fixed_film__g3__t12/cifs/sample_00067.cif,True,True,True,True,2.318456387843133,295.6769705377054,24.639747544808785,12,False,True,True,,,12.258972556192257,True,,12.0,fixed_film,fixed_film
fixed_film__g3__t12,3,12,68,provenance://crystalite/outputs/final report output/relaxed_groups/fixed_film__g3__t12/cifs/sample_00068.cif,True,True,True,True,1.7431920412269364,89.56279817666046,22.39069954416512,4,False,True,True,,,7.098423389001044,True,,12.0,fixed_film,fixed_film
fixed_film__g3__t12,3,12,69,provenance://crystalite/outputs/final report output/relaxed_groups/fixed_film__g3__t12/cifs/sample_00069.cif,True,True,True,True,2.023206184595396,725.828880608765,36.29144403043825,20,False,True,True,,,10.40919144576349,True,,12.0,fixed_film,fixed_film
fixed_film__g3__t12,3,12,70,provenance://crystalite/outputs/final report output/relaxed_groups/fixed_film__g3__t12/cifs/sample_00070.cif,True,False,True,False,1.94352813534847,642.5816812501747,35.69898229167637,18,False,True,True,,,11.68740559823535,True,,12.0,fixed_film,fixed_film
fixed_film__g3__t12,3,12,71,provenance://crystalite/outputs/final report output/relaxed_groups/fixed_film__g3__t12/cifs/sample_00071.cif,True,True,True,True,1.999321049222384,176.98150596002216,29.49691766000369,6,False,True,True,,,10.071437392675142,True,,12.0,fixed_film,fixed_film
fixed_film__g3__t12,3,12,72,provenance://crystalite/outputs/final report output/relaxed_groups/fixed_film__g3__t12/cifs/sample_00072.cif,True,True,True,True,0.9689275905998532,134.6773585226887,13.46773585226887,10,False,True,True,,,12.940747977499106,True,,12.0,fixed_film,fixed_film
fixed_film__g3__t12,3,12,73,provenance://crystalite/outputs/final report output/relaxed_groups/fixed_film__g3__t12/cifs/sample_00073.cif,True,False,True,False,2.450355109980153,414.0406975655624,25.87754359784765,16,False,True,True,,,12.333771426070692,True,,12.0,fixed_film,fixed_film
fixed_film__g3__t12,3,12,74,provenance://crystalite/outputs/final report output/relaxed_groups/fixed_film__g3__t12/cifs/sample_00074.cif,True,True,True,True,2.5695189354563683,152.35213290951782,38.088033227379455,4,True,True,True,,,9.4304308326774,True,,12.0,fixed_film,fixed_film
fixed_film__g3__t12,3,12,75,provenance://crystalite/outputs/final report output/relaxed_groups/fixed_film__g3__t12/cifs/sample_00075.cif,True,False,True,False,2.0657628144991707,261.92581995102097,32.74072749387762,8,False,True,True,,,6.799296099451844,True,,12.0,fixed_film,fixed_film
fixed_film__g3__t12,3,12,76,provenance://crystalite/outputs/final report output/relaxed_groups/fixed_film__g3__t12/cifs/sample_00076.cif,True,True,True,True,3.4218297633297605,53.56053694316939,26.78026847158469,2,True,True,True,,,13.642872186741952,True,,12.0,fixed_film,fixed_film
fixed_film__g3__t12,3,12,77,provenance://crystalite/outputs/final report output/relaxed_groups/fixed_film__g3__t12/cifs/sample_00077.cif,True,True,True,True,2.4718936408230907,289.75371247229134,32.19485694136571,9,False,True,True,,,10.505029404799416,True,,12.0,fixed_film,fixed_film
fixed_film__g3__t12,3,12,78,provenance://crystalite/outputs/final report output/relaxed_groups/fixed_film__g3__t12/cifs/sample_00078.cif,True,False,True,False,2.497523626888553,212.68910425081503,26.586138031351883,8,False,True,True,,,15.334405134584276,True,,12.0,fixed_film,fixed_film
fixed_film__g3__t12,3,12,79,provenance://crystalite/outputs/final report output/relaxed_groups/fixed_film__g3__t12/cifs/sample_00079.cif,True,False,True,False,2.6568126469297906,433.7774778133722,27.111092363335764,16,False,True,True,,,11.872538586948414,True,,12.0,fixed_film,fixed_film
fixed_film__g3__t12,3,12,80,provenance://crystalite/outputs/final report output/relaxed_groups/fixed_film__g3__t12/cifs/sample_00080.cif,True,True,True,True,2.506680307397588,349.5917569506148,34.95917569506148,10,True,True,True,,,9.8373830922797,True,,12.0,fixed_film,fixed_film
fixed_film__g3__t12,3,12,81,provenance://crystalite/outputs/final report output/relaxed_groups/fixed_film__g3__t12/cifs/sample_00081.cif,True,False,True,False,1.6586263887670665,276.6181214996705,13.830906074983526,20,False,True,True,,,19.090286657588265,True,,12.0,fixed_film,fixed_film
fixed_film__g3__t12,3,12,82,provenance://crystalite/outputs/final report output/relaxed_groups/fixed_film__g3__t12/cifs/sample_00082.cif,True,True,True,True,2.4446947590354764,152.15268392633334,25.35878065438889,6,False,True,True,,,13.680472690495767,True,,12.0,fixed_film,fixed_film
fixed_film__g3__t12,3,12,83,provenance://crystalite/outputs/final report output/relaxed_groups/fixed_film__g3__t12/cifs/sample_00083.cif,True,False,True,False,2.4639279331732133,334.92188084824727,27.91015673735394,12,False,True,True,,,13.537331322736977,True,,12.0,fixed_film,fixed_film
fixed_film__g3__t12,3,12,84,provenance://crystalite/outputs/final report output/relaxed_groups/fixed_film__g3__t12/cifs/sample_00084.cif,True,True,True,True,2.5076363766163947,438.8413737494837,24.38007631941576,18,False,True,True,,,16.107843988896278,True,,12.0,fixed_film,fixed_film
fixed_film__g3__t12,3,12,85,provenance://crystalite/outputs/final report output/relaxed_groups/fixed_film__g3__t12/cifs/sample_00085.cif,True,False,True,False,2.9422069984038783,479.1867680258911,39.93223066882425,12,False,True,True,,,9.058128187230285,True,,12.0,fixed_film,fixed_film
fixed_film__g3__t12,3,12,86,provenance://crystalite/outputs/final report output/relaxed_groups/fixed_film__g3__t12/cifs/sample_00086.cif,True,False,True,False,2.498227375273096,309.32317877388414,22.094512769563156,14,False,True,True,,,12.123193006765694,True,,12.0,fixed_film,fixed_film
fixed_film__g3__t12,3,12,87,provenance://crystalite/outputs/final report output/relaxed_groups/fixed_film__g3__t12/cifs/sample_00087.cif,True,True,True,True,2.134914254454655,284.63371797706185,23.719476498088486,12,False,True,True,,,8.972854398091195,True,,12.0,fixed_film,fixed_film
fixed_film__g3__t12,3,12,88,provenance://crystalite/outputs/final report output/relaxed_groups/fixed_film__g3__t12/cifs/sample_00088.cif,True,False,True,False,1.8775476225594216,1136.4523792814452,56.82261896407226,20,False,True,True,,,8.640609785424344,True,,12.0,fixed_film,fixed_film
fixed_film__g3__t12,3,12,89,provenance://crystalite/outputs/final report output/relaxed_groups/fixed_film__g3__t12/cifs/sample_00089.cif,True,False,True,False,2.1620699008757684,408.5499280990173,25.534370506188584,16,False,True,True,,,12.089255976315917,True,,12.0,fixed_film,fixed_film
fixed_film__g3__t12,3,12,90,provenance://crystalite/outputs/final report output/relaxed_groups/fixed_film__g3__t12/cifs/sample_00090.cif,True,True,True,True,2.401233440595425,469.8524503822677,33.560889313019125,14,False,True,True,,,10.0749314147408,True,,12.0,fixed_film,fixed_film
fixed_film__g3__t12,3,12,91,provenance://crystalite/outputs/final report output/relaxed_groups/fixed_film__g3__t12/cifs/sample_00091.cif,True,True,True,True,2.797119241728957,95.08026654584224,31.693422181947412,3,True,True,True,,,13.053374226302632,True,,12.0,fixed_film,fixed_film
fixed_film__g3__t12,3,12,92,provenance://crystalite/outputs/final report output/relaxed_groups/fixed_film__g3__t12/cifs/sample_00092.cif,True,False,True,False,2.5315143686894315,139.35267242193754,27.87053448438751,5,False,True,True,,,19.180479547073983,True,,12.0,fixed_film,fixed_film
fixed_film__g3__t12,3,12,93,provenance://crystalite/outputs/final report output/relaxed_groups/fixed_film__g3__t12/cifs/sample_00093.cif,True,False,True,False,2.527154727678165,228.14106706621325,32.591581009459034,7,False,True,True,,,12.709012472387505,True,,12.0,fixed_film,fixed_film
fixed_film__g3__t12,3,12,94,provenance://crystalite/outputs/final report output/relaxed_groups/fixed_film__g3__t12/cifs/sample_00094.cif,True,False,True,False,2.252835955694548,216.72564415179627,21.67256441517963,10,False,True,True,,,14.67548720044671,True,,12.0,fixed_film,fixed_film
fixed_film__g3__t12,3,12,95,provenance://crystalite/outputs/final report output/relaxed_groups/fixed_film__g3__t12/cifs/sample_00095.cif,True,False,True,False,1.8860410676540376,339.377457706868,21.21109110667925,16,False,True,True,,,11.31458708444056,True,,12.0,fixed_film,fixed_film
fixed_film__g3__t12,3,12,96,provenance://crystalite/outputs/final report output/relaxed_groups/fixed_film__g3__t12/cifs/sample_00096.cif,True,True,True,True,2.324323553838308,141.95453588306174,23.659089313843623,6,False,True,True,,,10.883820887753068,True,,12.0,fixed_film,fixed_film
fixed_film__g3__t12,3,12,97,provenance://crystalite/outputs/final report output/relaxed_groups/fixed_film__g3__t12/cifs/sample_00097.cif,True,True,True,True,2.4815283271670223,674.1694954233009,35.482605022279,19,True,True,True,,,11.389229687868871,True,,12.0,fixed_film,fixed_film
fixed_film__g3__t12,3,12,98,provenance://crystalite/outputs/final report output/relaxed_groups/fixed_film__g3__t12/cifs/sample_00098.cif,True,True,True,True,2.209862549713941,405.6698860111255,22.53721588950697,18,False,True,True,,,12.05386906696946,True,,12.0,fixed_film,fixed_film
fixed_film__g3__t12,3,12,99,provenance://crystalite/outputs/final report output/relaxed_groups/fixed_film__g3__t12/cifs/sample_00099.cif,True,True,True,True,0.9649677130875874,345.4478241162245,19.19154578423469,18,False,True,True,,,10.248031812248476,True,,12.0,fixed_film,fixed_film
fixed_film__g3__t12,3,12,100,provenance://crystalite/outputs/final report output/relaxed_groups/fixed_film__g3__t12/cifs/sample_00100.cif,True,True,True,True,2.4198794521100884,127.96902627358295,18.28128946765471,7,False,True,True,,,20.209371492710503,True,,12.0,fixed_film,fixed_film
fixed_film__g3__t12,3,12,101,provenance://crystalite/outputs/final report output/relaxed_groups/fixed_film__g3__t12/cifs/sample_00101.cif,True,True,True,True,2.5148912394422958,214.30812470657253,26.78851558832157,8,False,True,True,,,18.41538545105025,True,,12.0,fixed_film,fixed_film
fixed_film__g3__t12,3,12,102,provenance://crystalite/outputs/final report output/relaxed_groups/fixed_film__g3__t12/cifs/sample_00102.cif,True,False,True,False,2.3139166370948225,345.8381650503945,28.819847087532874,12,False,True,True,,,12.967050950961102,True,,12.0,fixed_film,fixed_film
fixed_film__g3__t12,3,12,103,provenance://crystalite/outputs/final report output/relaxed_groups/fixed_film__g3__t12/cifs/sample_00103.cif,True,False,True,False,2.127087483469845,336.2018396721834,16.81009198360917,20,False,True,True,,,16.18800511535203,True,,12.0,fixed_film,fixed_film
fixed_film__g3__t12,3,12,104,provenance://crystalite/outputs/final report output/relaxed_groups/fixed_film__g3__t12/cifs/sample_00104.cif,True,False,True,False,2.504761107004716,335.33411307114585,27.944509422595488,12,False,True,True,,,10.15214240284478,True,,12.0,fixed_film,fixed_film
fixed_film__g3__t12,3,12,105,provenance://crystalite/outputs/final report output/relaxed_groups/fixed_film__g3__t12/cifs/sample_00105.cif,True,True,True,True,2.361134072123736,59.13700934685327,19.71233644895109,3,False,True,True,,,20.954534349355995,True,,12.0,fixed_film,fixed_film
fixed_film__g3__t12,3,12,107,provenance://crystalite/outputs/final report output/relaxed_groups/fixed_film__g3__t12/cifs/sample_00107.cif,True,False,True,False,0.9647262808692386,161.14544463059622,12.395803433122786,13,False,True,True,,,10.921247324768055,True,,12.0,fixed_film,fixed_film
fixed_film__g3__t12,3,12,108,provenance://crystalite/outputs/final report output/relaxed_groups/fixed_film__g3__t12/cifs/sample_00108.cif,True,False,True,False,2.464835353004357,323.82446085920503,26.985371738267087,12,False,True,True,,,12.068517126055747,True,,12.0,fixed_film,fixed_film
fixed_film__g3__t12,3,12,109,provenance://crystalite/outputs/final report output/relaxed_groups/fixed_film__g3__t12/cifs/sample_00109.cif,True,False,True,False,1.246324101111267,231.25619422122563,12.847566345623646,18,False,True,True,,,16.979194543821624,True,,12.0,fixed_film,fixed_film
fixed_film__g3__t12,3,12,110,provenance://crystalite/outputs/final report output/relaxed_groups/fixed_film__g3__t12/cifs/sample_00110.cif,True,True,True,True,2.037177285135449,1244.889525339845,88.9206803814175,14,False,True,True,,,8.58206507611182,True,,12.0,fixed_film,fixed_film
fixed_film__g3__t12,3,12,111,provenance://crystalite/outputs/final report output/relaxed_groups/fixed_film__g3__t12/cifs/sample_00111.cif,True,True,True,True,0.9471251233058432,158.01775765040335,19.75221970630042,8,False,True,True,,,16.09195521205908,True,,12.0,fixed_film,fixed_film
fixed_film__g3__t12,3,12,112,provenance://crystalite/outputs/final report output/relaxed_groups/fixed_film__g3__t12/cifs/sample_00112.cif,True,True,True,True,2.396892709757998,124.78776633129564,24.95755326625913,5,False,True,True,,,9.003902802719269,True,,12.0,fixed_film,fixed_film
fixed_film__g3__t12,3,12,113,provenance://crystalite/outputs/final report output/relaxed_groups/fixed_film__g3__t12/cifs/sample_00113.cif,True,True,True,True,2.459423281330359,271.009232315363,33.87615403942038,8,False,True,True,,,10.346948055820253,True,,12.0,fixed_film,fixed_film
fixed_film__g3__t12,3,12,114,provenance://crystalite/outputs/final report output/relaxed_groups/fixed_film__g3__t12/cifs/sample_00114.cif,True,False,True,False,2.394134031736684,446.94923309529497,31.924945221092496,14,False,True,True,,,11.647089863865196,True,,12.0,fixed_film,fixed_film
fixed_film__g3__t12,3,12,115,provenance://crystalite/outputs/final report output/relaxed_groups/fixed_film__g3__t12/cifs/sample_00115.cif,True,False,True,False,1.9412620995077976,394.5801151177499,32.881676259812494,12,False,True,True,,,9.72861043343555,True,,12.0,fixed_film,fixed_film
fixed_film__g3__t12,3,12,116,provenance://crystalite/outputs/final report output/relaxed_groups/fixed_film__g3__t12/cifs/sample_00116.cif,True,False,True,False,2.5671395325927886,220.05554355001345,27.50694294375168,8,False,True,True,,,17.639718034124975,True,,12.0,fixed_film,fixed_film
fixed_film__g3__t12,3,12,117,provenance://crystalite/outputs/final report output/relaxed_groups/fixed_film__g3__t12/cifs/sample_00117.cif,True,False,True,False,2.3693207867600368,542.1595062866318,31.89173566391952,17,False,True,True,,,10.23226722819748,True,,12.0,fixed_film,fixed_film
fixed_film__g3__t12,3,12,118,provenance://crystalite/outputs/final report output/relaxed_groups/fixed_film__g3__t12/cifs/sample_00118.cif,True,True,True,True,2.4282046057092863,543.4448098771669,27.172240493858347,20,False,True,True,,,15.411961932666438,True,,12.0,fixed_film,fixed_film
fixed_film__g3__t12,3,12,119,provenance://crystalite/outputs/final report output/relaxed_groups/fixed_film__g3__t12/cifs/sample_00119.cif,True,False,True,False,2.4440909484180477,567.911800368982,28.3955900184491,20,False,True,True,,,12.938031790659757,True,,12.0,fixed_film,fixed_film
fixed_film__g3__t12,3,12,120,provenance://crystalite/outputs/final report output/relaxed_groups/fixed_film__g3__t12/cifs/sample_00120.cif,True,False,True,False,2.5249815798254454,650.3227920113311,32.516139600566554,20,False,True,True,,,9.73928225811833,True,,12.0,fixed_film,fixed_film
fixed_film__g3__t12,3,12,121,provenance://crystalite/outputs/final report output/relaxed_groups/fixed_film__g3__t12/cifs/sample_00121.cif,True,False,True,False,2.9484059257043382,471.0410313319109,36.23392548707007,13,False,True,True,,,9.627721716449116,True,,12.0,fixed_film,fixed_film
fixed_film__g3__t12,3,12,123,provenance://crystalite/outputs/final report output/relaxed_groups/fixed_film__g3__t12/cifs/sample_00123.cif,True,True,True,True,1.9609923369167528,691.4597873536931,69.14597873536931,10,False,True,True,,,7.615389901581621,True,,12.0,fixed_film,fixed_film
fixed_film__g3__t12,3,12,124,provenance://crystalite/outputs/final report output/relaxed_groups/fixed_film__g3__t12/cifs/sample_00124.cif,True,False,True,False,2.415020674172313,332.09580414677083,23.721128867626486,14,False,True,True,,,16.544126730877057,True,,12.0,fixed_film,fixed_film
fixed_film__g3__t12,3,12,125,provenance://crystalite/outputs/final report output/relaxed_groups/fixed_film__g3__t12/cifs/sample_00125.cif,True,True,True,True,2.1625366242072537,912.7034973099852,45.63517486549926,20,False,True,True,,,10.104819271796176,True,,12.0,fixed_film,fixed_film
fixed_film__g3__t12,3,12,126,provenance://crystalite/outputs/final report output/relaxed_groups/fixed_film__g3__t12/cifs/sample_00126.cif,True,False,True,False,2.629278434394388,1764.04673706138,135.69590285087537,13,False,True,True,,,7.440614985303412,True,,12.0,fixed_film,fixed_film
fixed_film__g3__t12,3,12,127,provenance://crystalite/outputs/final report output/relaxed_groups/fixed_film__g3__t12/cifs/sample_00127.cif,True,False,True,False,2.150235334868781,244.99924548049225,24.499924548049226,10,False,True,True,,,13.39369619391872,True,,12.0,fixed_film,fixed_film
fixed_film__g4__t2,4,2,0,provenance://crystalite/outputs/final report output/relaxed_groups/fixed_film__g4__t2/cifs/sample_00000.cif,True,True,True,True,1.4606678080670974,336.9169527753531,84.22923819383827,4,False,True,True,,,2.234144382215686,True,,2.0,fixed_film,fixed_film
fixed_film__g4__t2,4,2,1,provenance://crystalite/outputs/final report output/relaxed_groups/fixed_film__g4__t2/cifs/sample_00001.cif,True,False,True,False,1.32453805436061,1307.6412312690252,65.38206156345126,20,False,True,True,,,2.1505204242277998,True,,2.0,fixed_film,fixed_film
fixed_film__g4__t2,4,2,4,provenance://crystalite/outputs/final report output/relaxed_groups/fixed_film__g4__t2/cifs/sample_00004.cif,True,True,True,True,2.0439593591230705,57.52566713964043,28.762833569820216,2,False,True,True,,,4.880433645672201,True,,2.0,fixed_film,fixed_film
fixed_film__g4__t2,4,2,5,provenance://crystalite/outputs/final report output/relaxed_groups/fixed_film__g4__t2/cifs/sample_00005.cif,True,True,True,True,1.0826627784369691,324.4962598530045,20.281016240812782,16,False,True,True,,,4.032921199679277,True,,2.0,fixed_film,fixed_film
fixed_film__g4__t2,4,2,7,provenance://crystalite/outputs/final report output/relaxed_groups/fixed_film__g4__t2/cifs/sample_00007.cif,True,True,True,True,1.0986164971944932,552.5805964530106,39.47004260378647,14,False,True,True,,,2.1276524485884,True,,2.0,fixed_film,fixed_film
fixed_film__g4__t2,4,2,8,provenance://crystalite/outputs/final report output/relaxed_groups/fixed_film__g4__t2/cifs/sample_00008.cif,True,True,True,True,1.4314878826139104,557.8888915351957,46.49074096126631,12,False,True,True,,,2.409245711283183,True,,2.0,fixed_film,fixed_film
fixed_film__g4__t2,4,2,9,provenance://crystalite/outputs/final report output/relaxed_groups/fixed_film__g4__t2/cifs/sample_00009.cif,True,False,True,False,1.379643141994279,261.8995014700373,32.73743768375466,8,False,True,True,,,1.939983563211302,True,,2.0,fixed_film,fixed_film
fixed_film__g4__t2,4,2,10,provenance://crystalite/outputs/final report output/relaxed_groups/fixed_film__g4__t2/cifs/sample_00010.cif,True,True,True,True,1.3263343063571869,829.1968176333465,69.09973480277888,12,False,True,True,,,1.7085402861378725,True,,2.0,fixed_film,fixed_film
fixed_film__g4__t2,4,2,12,provenance://crystalite/outputs/final report output/relaxed_groups/fixed_film__g4__t2/cifs/sample_00012.cif,True,False,True,False,1.3148003937655317,934.8802612391772,93.48802612391772,10,False,True,True,,,1.9058412316498248,True,,2.0,fixed_film,fixed_film
fixed_film__g4__t2,4,2,13,provenance://crystalite/outputs/final report output/relaxed_groups/fixed_film__g4__t2/cifs/sample_00013.cif,True,True,True,True,1.112228328212694,722.6722217540266,60.222685146168885,12,False,True,True,,,1.832731022745036,True,,2.0,fixed_film,fixed_film
fixed_film__g4__t2,4,2,15,provenance://crystalite/outputs/final report output/relaxed_groups/fixed_film__g4__t2/cifs/sample_00015.cif,True,False,True,False,5.707854386331708,833.1003670662624,277.7001223554208,3,False,True,True,,,0.9342595436213746,True,,2.0,fixed_film,fixed_film
fixed_film__g4__t2,4,2,16,provenance://crystalite/outputs/final report output/relaxed_groups/fixed_film__g4__t2/cifs/sample_00016.cif,True,True,True,True,0.948440568799923,1239.9817116682093,68.88787287045608,18,False,True,True,,,2.340894717360064,True,,2.0,fixed_film,fixed_film
fixed_film__g4__t2,4,2,17,provenance://crystalite/outputs/final report output/relaxed_groups/fixed_film__g4__t2/cifs/sample_00017.cif,True,True,True,True,1.692004165514773,124.0616359325258,15.507704491565724,8,False,True,True,,,2.053124074348679,True,,2.0,fixed_film,fixed_film
fixed_film__g4__t2,4,2,18,provenance://crystalite/outputs/final report output/relaxed_groups/fixed_film__g4__t2/cifs/sample_00018.cif,True,True,True,True,2.391810566845561,89.63199171086376,44.81599585543188,2,False,True,True,,,4.512256681582482,True,,2.0,fixed_film,fixed_film
fixed_film__g4__t2,4,2,19,provenance://crystalite/outputs/final report output/relaxed_groups/fixed_film__g4__t2/cifs/sample_00019.cif,True,True,True,True,1.2009981383453907,154.29196474170752,15.429196474170752,10,False,True,True,,,1.7860368917883978,True,,2.0,fixed_film,fixed_film
fixed_film__g4__t2,4,2,20,provenance://crystalite/outputs/final report output/relaxed_groups/fixed_film__g4__t2/cifs/sample_00020.cif,True,True,True,True,2.0135974962880576,598.5488142651326,119.70976285302652,5,False,True,True,,,0.5204734627131132,True,,2.0,fixed_film,fixed_film
fixed_film__g4__t2,4,2,21,provenance://crystalite/outputs/final report output/relaxed_groups/fixed_film__g4__t2/cifs/sample_00021.cif,True,True,True,True,1.008805953212091,393.3404313351016,19.66702156675508,20,False,True,True,,,3.151445739813068,True,,2.0,fixed_film,fixed_film
fixed_film__g4__t2,4,2,22,provenance://crystalite/outputs/final report output/relaxed_groups/fixed_film__g4__t2/cifs/sample_00022.cif,True,True,True,True,1.3295750021024568,1775.4254430680448,126.81610307628893,14,False,True,True,,,1.537991366589391,True,,2.0,fixed_film,fixed_film
fixed_film__g4__t2,4,2,24,provenance://crystalite/outputs/final report output/relaxed_groups/fixed_film__g4__t2/cifs/sample_00024.cif,True,True,True,True,1.9568541586104935,436.22227174532856,43.62222717453285,10,False,True,True,,,1.7454023294220964,True,,2.0,fixed_film,fixed_film
fixed_film__g4__t2,4,2,30,provenance://crystalite/outputs/final report output/relaxed_groups/fixed_film__g4__t2/cifs/sample_00030.cif,True,True,True,True,1.1123242577228007,522.4498230962015,32.653113943512594,16,False,True,True,,,2.03962445245992,True,,2.0,fixed_film,fixed_film
fixed_film__g4__t2,4,2,31,provenance://crystalite/outputs/final report output/relaxed_groups/fixed_film__g4__t2/cifs/sample_00031.cif,True,False,True,False,1.9270030715755264,181.50212945755507,36.30042589151101,5,False,True,True,,,1.62229364526642,True,,2.0,fixed_film,fixed_film
fixed_film__g4__t2,4,2,32,provenance://crystalite/outputs/final report output/relaxed_groups/fixed_film__g4__t2/cifs/sample_00032.cif,True,False,True,False,1.3917326932278695,1097.4236951927587,60.96798306626437,18,False,True,True,,,2.068845581288312,True,,2.0,fixed_film,fixed_film
fixed_film__g4__t2,4,2,33,provenance://crystalite/outputs/final report output/relaxed_groups/fixed_film__g4__t2/cifs/sample_00033.cif,True,False,True,False,1.4983516910283143,203.5908603033025,16.965905025275205,12,False,True,True,,,2.3668770767180454,True,,2.0,fixed_film,fixed_film
fixed_film__g4__t2,4,2,37,provenance://crystalite/outputs/final report output/relaxed_groups/fixed_film__g4__t2/cifs/sample_00037.cif,True,False,True,False,1.1150215458684116,795.3763626392814,49.71102266495509,16,False,True,True,,,1.8949242779714128,True,,2.0,fixed_film,fixed_film
fixed_film__g4__t2,4,2,40,provenance://crystalite/outputs/final report output/relaxed_groups/fixed_film__g4__t2/cifs/sample_00040.cif,True,True,True,True,5.227421903462231,100.96927471127287,50.48463735563645,2,False,True,True,,,1.713648246640472,True,,2.0,fixed_film,fixed_film
fixed_film__g4__t2,4,2,41,provenance://crystalite/outputs/final report output/relaxed_groups/fixed_film__g4__t2/cifs/sample_00041.cif,True,True,True,True,2.0791851797233982,214.7976303632186,42.95952607264372,5,False,True,True,,,1.7436693334863669,True,,2.0,fixed_film,fixed_film
fixed_film__g4__t2,4,2,42,provenance://crystalite/outputs/final report output/relaxed_groups/fixed_film__g4__t2/cifs/sample_00042.cif,True,True,True,True,1.3345044298139823,1224.0215482000172,76.50134676250107,16,False,True,True,,,1.7670652269499882,True,,2.0,fixed_film,fixed_film
fixed_film__g4__t2,4,2,43,provenance://crystalite/outputs/final report output/relaxed_groups/fixed_film__g4__t2/cifs/sample_00043.cif,True,False,True,False,1.4813016138228212,747.8078463900765,74.78078463900765,10,False,True,True,,,1.9706825122344664,True,,2.0,fixed_film,fixed_film
fixed_film__g4__t2,4,2,44,provenance://crystalite/outputs/final report output/relaxed_groups/fixed_film__g4__t2/cifs/sample_00044.cif,True,False,True,False,1.5711222664706892,156.23278746909534,15.623278746909534,10,False,True,True,,,3.224696833406529,True,,2.0,fixed_film,fixed_film
fixed_film__g4__t2,4,2,45,provenance://crystalite/outputs/final report output/relaxed_groups/fixed_film__g4__t2/cifs/sample_00045.cif,True,True,True,True,1.354059786715634,1876.9158176579956,312.81930294299923,6,False,True,True,,,0.9812329931619472,True,,2.0,fixed_film,fixed_film
fixed_film__g4__t2,4,2,46,provenance://crystalite/outputs/final report output/relaxed_groups/fixed_film__g4__t2/cifs/sample_00046.cif,True,True,True,True,1.5774476579862662,1230.3699466943715,111.85181333585196,11,False,True,True,,,1.3559223651418542,True,,2.0,fixed_film,fixed_film
fixed_film__g4__t2,4,2,49,provenance://crystalite/outputs/final report output/relaxed_groups/fixed_film__g4__t2/cifs/sample_00049.cif,True,True,True,True,1.8001296069046493,136.69222175748615,17.08652771968577,8,False,True,True,,,1.5860102654023012,True,,2.0,fixed_film,fixed_film
fixed_film__g4__t2,4,2,50,provenance://crystalite/outputs/final report output/relaxed_groups/fixed_film__g4__t2/cifs/sample_00050.cif,True,True,True,True,1.4102389919414249,1830.4491309189352,152.53742757657793,12,False,True,True,,,1.4614991265701158,True,,2.0,fixed_film,fixed_film
fixed_film__g4__t2,4,2,52,provenance://crystalite/outputs/final report output/relaxed_groups/fixed_film__g4__t2/cifs/sample_00052.cif,True,True,True,True,1.568534189870476,171.82619247986688,15.62056295271517,11,False,True,True,,,2.13528212779824,True,,2.0,fixed_film,fixed_film
fixed_film__g4__t2,4,2,57,provenance://crystalite/outputs/final report output/relaxed_groups/fixed_film__g4__t2/cifs/sample_00057.cif,True,True,True,True,1.5137607220247675,171.77729176657235,34.35545835331447,5,False,True,True,,,1.9545326948675252,True,,2.0,fixed_film,fixed_film
fixed_film__g4__t2,4,2,60,provenance://crystalite/outputs/final report output/relaxed_groups/fixed_film__g4__t2/cifs/sample_00060.cif,True,True,True,True,2.013023615927546,373.2625550644092,93.3156387661023,4,False,True,True,,,3.337030010050133,True,,2.0,fixed_film,fixed_film
fixed_film__g4__t2,4,2,61,provenance://crystalite/outputs/final report output/relaxed_groups/fixed_film__g4__t2/cifs/sample_00061.cif,True,True,True,True,1.462302465835332,556.3851761537742,39.74179829669816,14,False,True,True,,,2.1521707449677305,True,,2.0,fixed_film,fixed_film
fixed_film__g4__t2,4,2,64,provenance://crystalite/outputs/final report output/relaxed_groups/fixed_film__g4__t2/cifs/sample_00064.cif,True,False,True,False,1.5851016243676987,177.64272710205262,25.377532443150372,7,False,True,True,,,1.2305637784847876,True,,2.0,fixed_film,fixed_film
fixed_film__g4__t2,4,2,65,provenance://crystalite/outputs/final report output/relaxed_groups/fixed_film__g4__t2/cifs/sample_00065.cif,True,True,True,True,1.3791955612436728,243.3611613195629,40.56019355326049,6,False,True,True,,,1.84668601871202,True,,2.0,fixed_film,fixed_film
fixed_film__g4__t2,4,2,66,provenance://crystalite/outputs/final report output/relaxed_groups/fixed_film__g4__t2/cifs/sample_00066.cif,True,False,True,False,1.106990991920265,1923.5794652856864,96.17897326428434,20,False,True,True,,,2.434476452617553,True,,2.0,fixed_film,fixed_film
fixed_film__g4__t2,4,2,68,provenance://crystalite/outputs/final report output/relaxed_groups/fixed_film__g4__t2/cifs/sample_00068.cif,True,True,True,True,1.5817788583393764,471.5793096595227,117.89482741488068,4,False,True,True,,,3.3375097252337795,True,,2.0,fixed_film,fixed_film
fixed_film__g4__t2,4,2,69,provenance://crystalite/outputs/final report output/relaxed_groups/fixed_film__g4__t2/cifs/sample_00069.cif,True,True,True,True,1.5789935711850005,2991.116512427064,149.55582562135322,20,False,True,True,,,1.774226254710135,True,,2.0,fixed_film,fixed_film
fixed_film__g4__t2,4,2,71,provenance://crystalite/outputs/final report output/relaxed_groups/fixed_film__g4__t2/cifs/sample_00071.cif,True,True,True,True,1.338684263599084,226.57556903043027,37.76259483840504,6,False,True,True,,,2.1403350454178054,True,,2.0,fixed_film,fixed_film
fixed_film__g4__t2,4,2,72,provenance://crystalite/outputs/final report output/relaxed_groups/fixed_film__g4__t2/cifs/sample_00072.cif,True,True,True,True,1.191942791358613,413.9839312959893,41.39839312959893,10,False,True,True,,,2.3266714030447173,True,,2.0,fixed_film,fixed_film
fixed_film__g4__t2,4,2,74,provenance://crystalite/outputs/final report output/relaxed_groups/fixed_film__g4__t2/cifs/sample_00074.cif,True,True,True,True,1.3784119646568358,719.2717320995431,179.81793302488578,4,False,True,True,,,1.4813593212050324,True,,2.0,fixed_film,fixed_film
fixed_film__g4__t2,4,2,75,provenance://crystalite/outputs/final report output/relaxed_groups/fixed_film__g4__t2/cifs/sample_00075.cif,True,True,True,True,1.380985883728628,149.17367456207936,18.64670932025992,8,False,True,True,,,3.166353232796466,True,,2.0,fixed_film,fixed_film
fixed_film__g4__t2,4,2,76,provenance://crystalite/outputs/final report output/relaxed_groups/fixed_film__g4__t2/cifs/sample_00076.cif,True,True,True,True,6.773754321427652,665.1380297822141,332.56901489110703,2,False,True,True,,,0.5828564382944207,True,,2.0,fixed_film,fixed_film
fixed_film__g4__t2,4,2,78,provenance://crystalite/outputs/final report output/relaxed_groups/fixed_film__g4__t2/cifs/sample_00078.cif,True,True,True,True,0.5700057164676329,297.8285369525168,37.2285671190646,8,False,True,True,,,2.353463134259545,True,,2.0,fixed_film,fixed_film
fixed_film__g4__t2,4,2,79,provenance://crystalite/outputs/final report output/relaxed_groups/fixed_film__g4__t2/cifs/sample_00079.cif,True,True,True,True,1.3454704053704667,408.3787108281337,25.523669426758357,16,False,True,True,,,2.927555356513546,True,,2.0,fixed_film,fixed_film
fixed_film__g4__t2,4,2,80,provenance://crystalite/outputs/final report output/relaxed_groups/fixed_film__g4__t2/cifs/sample_00080.cif,True,True,True,True,1.7118388081588916,140.91447479988113,14.091447479988114,10,False,True,True,,,2.3471759231739884,True,,2.0,fixed_film,fixed_film
fixed_film__g4__t2,4,2,82,provenance://crystalite/outputs/final report output/relaxed_groups/fixed_film__g4__t2/cifs/sample_00082.cif,True,True,True,True,1.330476830303718,427.6479485469376,71.27465809115627,6,False,True,True,,,1.679769021092833,True,,2.0,fixed_film,fixed_film
fixed_film__g4__t2,4,2,86,provenance://crystalite/outputs/final report output/relaxed_groups/fixed_film__g4__t2/cifs/sample_00086.cif,True,True,True,True,1.3275363179271038,805.5347064449469,57.53819331749621,14,False,True,True,,,2.286127241793896,True,,2.0,fixed_film,fixed_film
fixed_film__g4__t2,4,2,87,provenance://crystalite/outputs/final report output/relaxed_groups/fixed_film__g4__t2/cifs/sample_00087.cif,True,True,True,True,1.3654148231217789,239.41901048825167,19.951584207354305,12,False,True,True,,,2.618870265086992,True,,2.0,fixed_film,fixed_film
fixed_film__g4__t2,4,2,89,provenance://crystalite/outputs/final report output/relaxed_groups/fixed_film__g4__t2/cifs/sample_00089.cif,True,True,True,True,1.2304266995495858,363.2367214098727,22.702295088117044,16,False,True,True,,,2.285736153128437,True,,2.0,fixed_film,fixed_film
fixed_film__g4__t2,4,2,91,provenance://crystalite/outputs/final report output/relaxed_groups/fixed_film__g4__t2/cifs/sample_00091.cif,True,True,True,True,2.2075482619128826,56.23207889617742,18.744026298725807,3,False,True,True,,,3.6645684587900216,True,,2.0,fixed_film,fixed_film
fixed_film__g4__t2,4,2,93,provenance://crystalite/outputs/final report output/relaxed_groups/fixed_film__g4__t2/cifs/sample_00093.cif,True,True,True,True,1.6135309900689478,542.843869178146,77.54912416830656,7,False,True,True,,,1.627564408482013,True,,2.0,fixed_film,fixed_film
fixed_film__g4__t2,4,2,95,provenance://crystalite/outputs/final report output/relaxed_groups/fixed_film__g4__t2/cifs/sample_00095.cif,True,True,True,True,1.159138089216794,875.2484993153175,54.70303120720735,16,False,True,True,,,2.1169979857052508,True,,2.0,fixed_film,fixed_film
fixed_film__g4__t2,4,2,96,provenance://crystalite/outputs/final report output/relaxed_groups/fixed_film__g4__t2/cifs/sample_00096.cif,True,False,True,False,1.4584013166683023,399.9019679188628,66.65032798647714,6,False,True,True,,,1.8027077148278188,True,,2.0,fixed_film,fixed_film
fixed_film__g4__t2,4,2,97,provenance://crystalite/outputs/final report output/relaxed_groups/fixed_film__g4__t2/cifs/sample_00097.cif,True,False,True,False,1.347301062888159,2667.768742325679,140.40888117503573,19,False,True,True,,,0.9720201171342724,True,,2.0,fixed_film,fixed_film
fixed_film__g4__t2,4,2,98,provenance://crystalite/outputs/final report output/relaxed_groups/fixed_film__g4__t2/cifs/sample_00098.cif,True,True,True,True,0.5241249928823243,487.6807893959589,27.093377188664384,18,False,True,True,,,2.039600905937512,True,,2.0,fixed_film,fixed_film
fixed_film__g4__t2,4,2,100,provenance://crystalite/outputs/final report output/relaxed_groups/fixed_film__g4__t2/cifs/sample_00100.cif,True,False,True,False,1.7166160081592554,136.81287972355364,19.544697103364804,7,False,True,True,,,2.591238559030735,True,,2.0,fixed_film,fixed_film
fixed_film__g4__t2,4,2,102,provenance://crystalite/outputs/final report output/relaxed_groups/fixed_film__g4__t2/cifs/sample_00102.cif,True,True,True,True,1.4127924616305862,411.9115755236452,34.32596462697043,12,False,True,True,,,3.548873641651097,True,,2.0,fixed_film,fixed_film
fixed_film__g4__t2,4,2,103,provenance://crystalite/outputs/final report output/relaxed_groups/fixed_film__g4__t2/cifs/sample_00103.cif,True,True,True,True,1.3289722116850056,897.6036458821823,44.88018229410911,20,False,True,True,,,1.6961201613617445,True,,2.0,fixed_film,fixed_film
fixed_film__g4__t2,4,2,104,provenance://crystalite/outputs/final report output/relaxed_groups/fixed_film__g4__t2/cifs/sample_00104.cif,True,True,True,True,1.3228468112087295,1017.2192973171692,84.76827477643077,12,False,True,True,,,1.6467378857417092,True,,2.0,fixed_film,fixed_film
fixed_film__g4__t2,4,2,105,provenance://crystalite/outputs/final report output/relaxed_groups/fixed_film__g4__t2/cifs/sample_00105.cif,True,True,True,True,1.2645243489667797,86.22724638612102,28.74241546204034,3,False,True,True,,,1.412635365281785,True,,2.0,fixed_film,fixed_film
fixed_film__g4__t2,4,2,108,provenance://crystalite/outputs/final report output/relaxed_groups/fixed_film__g4__t2/cifs/sample_00108.cif,True,True,True,True,1.3369473395116214,1136.5707752501996,94.71423127084996,12,False,True,True,,,1.4933079749433908,True,,2.0,fixed_film,fixed_film
fixed_film__g4__t2,4,2,109,provenance://crystalite/outputs/final report output/relaxed_groups/fixed_film__g4__t2/cifs/sample_00109.cif,True,True,True,True,0.6207313923081685,244.58858779366463,13.588254877425817,18,False,True,True,,,3.821717774148334,True,,2.0,fixed_film,fixed_film
fixed_film__g4__t2,4,2,112,provenance://crystalite/outputs/final report output/relaxed_groups/fixed_film__g4__t2/cifs/sample_00112.cif,True,False,True,False,1.2615799025751273,190.3829707618611,38.076594152372216,5,False,True,True,,,3.2670975702223486,True,,2.0,fixed_film,fixed_film
fixed_film__g4__t2,4,2,113,provenance://crystalite/outputs/final report output/relaxed_groups/fixed_film__g4__t2/cifs/sample_00113.cif,True,True,True,True,2.007321304633989,164.820833496505,20.602604187063125,8,False,True,False,,,1.981688977043432,True,,2.0,fixed_film,fixed_film
fixed_film__g4__t2,4,2,114,provenance://crystalite/outputs/final report output/relaxed_groups/fixed_film__g4__t2/cifs/sample_00114.cif,True,True,True,True,0.5252373874618651,206.3003659315806,14.735740423684328,14,False,True,True,,,4.341425364576594,True,,2.0,fixed_film,fixed_film
fixed_film__g4__t2,4,2,115,provenance://crystalite/outputs/final report output/relaxed_groups/fixed_film__g4__t2/cifs/sample_00115.cif,True,True,True,True,1.3443467582260569,1217.4528007181314,101.45440005984428,12,False,True,True,,,1.4206357098843505,True,,2.0,fixed_film,fixed_film
fixed_film__g4__t2,4,2,117,provenance://crystalite/outputs/final report output/relaxed_groups/fixed_film__g4__t2/cifs/sample_00117.cif,True,True,True,True,1.3841107199298943,457.2007750661869,26.894163239187463,17,False,True,True,,,3.280900107455986,True,,2.0,fixed_film,fixed_film
fixed_film__g4__t2,4,2,119,provenance://crystalite/outputs/final report output/relaxed_groups/fixed_film__g4__t2/cifs/sample_00119.cif,True,True,True,True,1.307003323267952,1264.120650861899,63.20603254309496,20,False,True,True,,,1.0686908707120093,True,,2.0,fixed_film,fixed_film
fixed_film__g4__t2,4,2,123,provenance://crystalite/outputs/final report output/relaxed_groups/fixed_film__g4__t2/cifs/sample_00123.cif,True,True,True,True,1.4288531664850597,1617.1943452460323,161.71943452460323,10,False,True,True,,,2.1273456963628,True,,2.0,fixed_film,fixed_film
fixed_film__g4__t2,4,2,124,provenance://crystalite/outputs/final report output/relaxed_groups/fixed_film__g4__t2/cifs/sample_00124.cif,True,False,True,False,1.1400613287338175,622.5478680089981,44.46770485778558,14,False,True,True,,,1.872407039728406,True,,2.0,fixed_film,fixed_film
fixed_film__g4__t2,4,2,126,provenance://crystalite/outputs/final report output/relaxed_groups/fixed_film__g4__t2/cifs/sample_00126.cif,True,True,True,True,1.1788366941903778,4262.686707574141,327.8989775057032,13,False,True,True,,,1.4767719849992134,True,,2.0,fixed_film,fixed_film
fixed_film__g4__t2,4,2,127,provenance://crystalite/outputs/final report output/relaxed_groups/fixed_film__g4__t2/cifs/sample_00127.cif,True,False,True,False,1.3234549720432682,340.77470353852146,34.07747035385215,10,False,True,True,,,2.561027120564917,True,,2.0,fixed_film,fixed_film
fixed_film__g4__t4,4,4,2,provenance://crystalite/outputs/final report output/relaxed_groups/fixed_film__g4__t4/cifs/sample_00002.cif,True,True,True,True,1.6548855133751603,119.40589498806,14.925736873507502,8,False,True,True,,,3.5451681230787098,True,,4.0,fixed_film,fixed_film
fixed_film__g4__t4,4,4,3,provenance://crystalite/outputs/final report output/relaxed_groups/fixed_film__g4__t4/cifs/sample_00003.cif,True,False,True,False,1.206064165829433,81.90940468470401,10.238675585588002,8,False,True,True,,,3.798187771523372,True,,4.0,fixed_film,fixed_film
fixed_film__g4__t4,4,4,4,provenance://crystalite/outputs/final report output/relaxed_groups/fixed_film__g4__t4/cifs/sample_00004.cif,True,True,True,True,2.845274688958599,102.22475185765708,51.11237592882853,2,False,True,True,,,3.879906516270687,True,,4.0,fixed_film,fixed_film
fixed_film__g4__t4,4,4,8,provenance://crystalite/outputs/final report output/relaxed_groups/fixed_film__g4__t4/cifs/sample_00008.cif,True,True,True,True,0.6316205553022738,45.97847663017183,3.8315397191809857,12,False,True,True,,,3.340030409559388,True,,4.0,fixed_film,fixed_film
fixed_film__g4__t4,4,4,9,provenance://crystalite/outputs/final report output/relaxed_groups/fixed_film__g4__t4/cifs/sample_00009.cif,True,True,True,True,1.205451861125943,67.49836856549378,8.437296070686722,8,False,True,True,,,4.2498138466371165,True,,4.0,fixed_film,fixed_film
fixed_film__g4__t4,4,4,10,provenance://crystalite/outputs/final report output/relaxed_groups/fixed_film__g4__t4/cifs/sample_00010.cif,True,True,True,True,1.244660367009701,160.22662985442912,13.35221915453576,12,False,True,True,,,3.326440007279396,True,,4.0,fixed_film,fixed_film
fixed_film__g4__t4,4,4,12,provenance://crystalite/outputs/final report output/relaxed_groups/fixed_film__g4__t4/cifs/sample_00012.cif,True,False,True,False,1.2858036285301615,233.32574637129397,23.332574637129397,10,False,True,True,,,2.612754906564848,True,,4.0,fixed_film,fixed_film
fixed_film__g4__t4,4,4,14,provenance://crystalite/outputs/final report output/relaxed_groups/fixed_film__g4__t4/cifs/sample_00014.cif,True,True,True,True,1.4387925147321916,224.51232970561355,18.70936080880113,12,False,True,True,,,2.513636768110963,True,,4.0,fixed_film,fixed_film
fixed_film__g4__t4,4,4,17,provenance://crystalite/outputs/final report output/relaxed_groups/fixed_film__g4__t4/cifs/sample_00017.cif,True,True,True,True,0.5949426395239045,91.65590328577288,11.456987910721608,8,False,True,True,,,5.465272281542727,True,,4.0,fixed_film,fixed_film
fixed_film__g4__t4,4,4,18,provenance://crystalite/outputs/final report output/relaxed_groups/fixed_film__g4__t4/cifs/sample_00018.cif,True,False,True,False,3.2637335020172205,98.44346149682148,49.22173074841074,2,False,True,True,,,3.380166554649873,True,,4.0,fixed_film,fixed_film
fixed_film__g4__t4,4,4,19,provenance://crystalite/outputs/final report output/relaxed_groups/fixed_film__g4__t4/cifs/sample_00019.cif,True,True,True,True,2.155253260906092,168.57588921040244,16.857588921040243,10,False,True,True,,,7.190539287059717,True,,4.0,fixed_film,fixed_film
fixed_film__g4__t4,4,4,20,provenance://crystalite/outputs/final report output/relaxed_groups/fixed_film__g4__t4/cifs/sample_00020.cif,True,False,True,False,2.198095563344063,95.11503607452696,19.023007214905395,5,False,True,True,,,5.940232174280093,True,,4.0,fixed_film,fixed_film
fixed_film__g4__t4,4,4,24,provenance://crystalite/outputs/final report output/relaxed_groups/fixed_film__g4__t4/cifs/sample_00024.cif,True,True,True,True,2.050552200011802,359.9933045220636,35.99933045220636,10,False,True,True,,,4.327211843939193,True,,4.0,fixed_film,fixed_film
fixed_film__g4__t4,4,4,29,provenance://crystalite/outputs/final report output/relaxed_groups/fixed_film__g4__t4/cifs/sample_00029.cif,True,True,True,True,1.3216280035710393,164.98968118497945,10.311855074061215,16,False,True,True,,,3.1436829112366094,True,,4.0,fixed_film,fixed_film
fixed_film__g4__t4,4,4,31,provenance://crystalite/outputs/final report output/relaxed_groups/fixed_film__g4__t4/cifs/sample_00031.cif,True,False,True,False,1.2799754748324077,101.47738639173863,20.29547727834773,5,False,True,True,,,2.6435111300496543,True,,4.0,fixed_film,fixed_film
fixed_film__g4__t4,4,4,35,provenance://crystalite/outputs/final report output/relaxed_groups/fixed_film__g4__t4/cifs/sample_00035.cif,True,True,True,True,0.5839024111736244,108.83528339008882,15.547897627155546,7,False,True,True,,,4.056747094792176,True,,4.0,fixed_film,fixed_film
fixed_film__g4__t4,4,4,40,provenance://crystalite/outputs/final report output/relaxed_groups/fixed_film__g4__t4/cifs/sample_00040.cif,True,True,True,True,3.30577578284024,76.64582846355032,38.32291423177516,2,False,True,False,,,2.2923129812369845,True,,4.0,fixed_film,fixed_film
fixed_film__g4__t4,4,4,41,provenance://crystalite/outputs/final report output/relaxed_groups/fixed_film__g4__t4/cifs/sample_00041.cif,True,True,True,True,1.2208361571653563,54.74626258224382,10.949252516448764,5,False,True,True,,,3.807758420635315,True,,4.0,fixed_film,fixed_film
fixed_film__g4__t4,4,4,46,provenance://crystalite/outputs/final report output/relaxed_groups/fixed_film__g4__t4/cifs/sample_00046.cif,True,False,True,False,0.5141327176399123,155.4706036792641,14.133691243569462,11,False,True,True,,,3.250526164735469,True,,4.0,fixed_film,fixed_film
fixed_film__g4__t4,4,4,48,provenance://crystalite/outputs/final report output/relaxed_groups/fixed_film__g4__t4/cifs/sample_00048.cif,True,True,True,True,1.437276603481594,101.35278277016585,12.66909784627073,8,False,True,True,,,2.8748743077786094,True,,4.0,fixed_film,fixed_film
fixed_film__g4__t4,4,4,50,provenance://crystalite/outputs/final report output/relaxed_groups/fixed_film__g4__t4/cifs/sample_00050.cif,True,True,True,True,0.5176675881268615,98.302281481309,8.191856790109084,12,False,True,True,,,3.958149400477069,True,,4.0,fixed_film,fixed_film
fixed_film__g4__t4,4,4,51,provenance://crystalite/outputs/final report output/relaxed_groups/fixed_film__g4__t4/cifs/sample_00051.cif,True,True,True,True,1.2989478503876926,128.76509933818667,14.30723325979852,9,False,True,True,,,3.6573399026375015,True,,4.0,fixed_film,fixed_film
fixed_film__g4__t4,4,4,53,provenance://crystalite/outputs/final report output/relaxed_groups/fixed_film__g4__t4/cifs/sample_00053.cif,True,True,True,True,1.1881701448498976,231.91876261921365,12.884375701067423,18,False,True,True,,,3.5814298626704457,True,,4.0,fixed_film,fixed_film
fixed_film__g4__t4,4,4,54,provenance://crystalite/outputs/final report output/relaxed_groups/fixed_film__g4__t4/cifs/sample_00054.cif,True,True,True,True,0.5568683068694017,158.35268541750725,8.797371412083736,18,False,True,True,,,4.226969477345956,True,,4.0,fixed_film,fixed_film
fixed_film__g4__t4,4,4,56,provenance://crystalite/outputs/final report output/relaxed_groups/fixed_film__g4__t4/cifs/sample_00056.cif,True,True,True,True,2.3458130720718744,80.94208874545814,20.23552218636453,4,False,True,True,,,5.926688200259741,True,,4.0,fixed_film,fixed_film
fixed_film__g4__t4,4,4,57,provenance://crystalite/outputs/final report output/relaxed_groups/fixed_film__g4__t4/cifs/sample_00057.cif,True,True,True,True,2.0655618103673845,74.469662147089,14.8939324294178,5,False,True,True,,,5.849858257792213,True,,4.0,fixed_film,fixed_film
fixed_film__g4__t4,4,4,59,provenance://crystalite/outputs/final report output/relaxed_groups/fixed_film__g4__t4/cifs/sample_00059.cif,True,True,True,True,0.9520658101038844,106.99566248461416,9.726878407692196,11,False,True,True,,,3.490332670928169,True,,4.0,fixed_film,fixed_film
fixed_film__g4__t4,4,4,60,provenance://crystalite/outputs/final report output/relaxed_groups/fixed_film__g4__t4/cifs/sample_00060.cif,True,False,True,False,1.227064891366485,53.23247625690137,13.308119064225345,4,False,True,True,,,2.5556241850174803,True,,4.0,fixed_film,fixed_film
fixed_film__g4__t4,4,4,64,provenance://crystalite/outputs/final report output/relaxed_groups/fixed_film__g4__t4/cifs/sample_00064.cif,True,False,True,False,1.3420743698035955,116.16347401653076,16.594782002361537,7,False,True,True,,,3.031838295708256,True,,4.0,fixed_film,fixed_film
fixed_film__g4__t4,4,4,68,provenance://crystalite/outputs/final report output/relaxed_groups/fixed_film__g4__t4/cifs/sample_00068.cif,True,True,True,True,1.4724221394328676,86.6739425190578,21.66848562976445,4,False,True,True,,,3.247411626769233,True,,4.0,fixed_film,fixed_film
fixed_film__g4__t4,4,4,69,provenance://crystalite/outputs/final report output/relaxed_groups/fixed_film__g4__t4/cifs/sample_00069.cif,True,True,True,True,1.51109554376101,422.7834569614161,21.139172848070803,20,False,True,True,,,2.535853798765897,True,,4.0,fixed_film,fixed_film
fixed_film__g4__t4,4,4,71,provenance://crystalite/outputs/final report output/relaxed_groups/fixed_film__g4__t4/cifs/sample_00071.cif,True,True,True,True,0.515832142086547,67.39092835475664,11.23182139245944,6,False,False,True,,,3.719243306500053,True,,4.0,fixed_film,fixed_film
fixed_film__g4__t4,4,4,74,provenance://crystalite/outputs/final report output/relaxed_groups/fixed_film__g4__t4/cifs/sample_00074.cif,True,True,True,True,1.646248889223183,28.128778996627304,7.032194749156826,4,False,True,True,,,3.427995931572608,True,,4.0,fixed_film,fixed_film
fixed_film__g4__t4,4,4,76,provenance://crystalite/outputs/final report output/relaxed_groups/fixed_film__g4__t4/cifs/sample_00076.cif,True,True,True,True,3.002685524115692,27.34472179979701,13.672360899898507,2,False,True,True,,,3.1631538259553804,True,,4.0,fixed_film,fixed_film
fixed_film__g4__t4,4,4,77,provenance://crystalite/outputs/final report output/relaxed_groups/fixed_film__g4__t4/cifs/sample_00077.cif,True,True,True,True,1.143561518815614,77.50538806025217,8.611709784472463,9,False,True,True,,,4.426607561398881,True,,4.0,fixed_film,fixed_film
fixed_film__g4__t4,4,4,78,provenance://crystalite/outputs/final report output/relaxed_groups/fixed_film__g4__t4/cifs/sample_00078.cif,True,True,True,True,1.659970772220432,113.38266199215144,14.172832749018932,8,False,True,True,,,4.88945677087163,True,,4.0,fixed_film,fixed_film
fixed_film__g4__t4,4,4,86,provenance://crystalite/outputs/final report output/relaxed_groups/fixed_film__g4__t4/cifs/sample_00086.cif,True,True,True,True,1.4317576015048628,163.1697277514859,11.654980553677564,14,False,True,True,,,3.511404739650258,True,,4.0,fixed_film,fixed_film
fixed_film__g4__t4,4,4,91,provenance://crystalite/outputs/final report output/relaxed_groups/fixed_film__g4__t4/cifs/sample_00091.cif,True,False,True,False,1.809932648528921,33.666604559666794,11.222201519888932,3,False,True,True,,,4.964109234902231,True,,4.0,fixed_film,fixed_film
fixed_film__g4__t4,4,4,92,provenance://crystalite/outputs/final report output/relaxed_groups/fixed_film__g4__t4/cifs/sample_00092.cif,True,False,True,False,1.025577352115442,52.75256377213043,10.550512754426084,5,False,True,True,,,2.4891605531891225,True,,4.0,fixed_film,fixed_film
fixed_film__g4__t4,4,4,93,provenance://crystalite/outputs/final report output/relaxed_groups/fixed_film__g4__t4/cifs/sample_00093.cif,True,False,True,False,1.0374279574649123,84.38643733868507,12.055205334097868,7,False,True,True,,,2.4402093313357747,True,,4.0,fixed_film,fixed_film
fixed_film__g4__t4,4,4,96,provenance://crystalite/outputs/final report output/relaxed_groups/fixed_film__g4__t4/cifs/sample_00096.cif,True,True,True,True,0.8701093061052141,43.965043170718985,7.327507195119831,6,False,False,True,,,2.5585712984064983,True,,4.0,fixed_film,fixed_film
fixed_film__g4__t4,4,4,105,provenance://crystalite/outputs/final report output/relaxed_groups/fixed_film__g4__t4/cifs/sample_00105.cif,True,True,True,True,1.241731728714367,51.90107021411556,17.30035673803852,3,False,True,True,,,2.8523341840675367,True,,4.0,fixed_film,fixed_film
fixed_film__g4__t4,4,4,108,provenance://crystalite/outputs/final report output/relaxed_groups/fixed_film__g4__t4/cifs/sample_00108.cif,True,True,True,True,1.2781183701848973,169.24289931102564,14.10357494258547,12,False,True,True,,,3.534882139703169,True,,4.0,fixed_film,fixed_film
fixed_film__g4__t4,4,4,111,provenance://crystalite/outputs/final report output/relaxed_groups/fixed_film__g4__t4/cifs/sample_00111.cif,True,True,True,True,0.9857724433629544,115.9192972222232,14.4899121527779,8,False,True,True,,,3.853487147209005,True,,4.0,fixed_film,fixed_film
fixed_film__g4__t4,4,4,112,provenance://crystalite/outputs/final report output/relaxed_groups/fixed_film__g4__t4/cifs/sample_00112.cif,True,False,True,False,0.7631723020497824,15.914783943957437,3.182956788791487,5,False,True,True,,,2.5064077025246605,True,,4.0,fixed_film,fixed_film
fixed_film__g4__t4,4,4,113,provenance://crystalite/outputs/final report output/relaxed_groups/fixed_film__g4__t4/cifs/sample_00113.cif,True,False,True,False,1.2927409835292905,150.41404693635948,18.801755867044932,8,False,True,True,,,3.399556930333739,True,,4.0,fixed_film,fixed_film
fixed_film__g4__t4,4,4,116,provenance://crystalite/outputs/final report output/relaxed_groups/fixed_film__g4__t4/cifs/sample_00116.cif,True,True,True,True,1.7935780591098711,192.5360644996543,24.067008062456782,8,False,True,True,,,4.387467137898798,True,,4.0,fixed_film,fixed_film
fixed_film__g4__t4,4,4,120,provenance://crystalite/outputs/final report output/relaxed_groups/fixed_film__g4__t4/cifs/sample_00120.cif,True,True,True,True,1.2869558554750886,222.72244429107656,11.13612221455383,20,False,True,True,,,3.0235887074896293,True,,4.0,fixed_film,fixed_film
fixed_film__g4__t4,4,4,122,provenance://crystalite/outputs/final report output/relaxed_groups/fixed_film__g4__t4/cifs/sample_00122.cif,True,True,True,True,1.2227399530608658,246.23693412686168,13.679829673714536,18,False,True,True,,,3.920139904817343,True,,4.0,fixed_film,fixed_film
fixed_film__g4__t4,4,4,126,provenance://crystalite/outputs/final report output/relaxed_groups/fixed_film__g4__t4/cifs/sample_00126.cif,True,True,True,True,1.5211887827602917,242.32255596570388,18.64019661274645,13,False,True,True,,,3.2030479892915977,True,,4.0,fixed_film,fixed_film
fixed_film__g4__t8,4,8,0,provenance://crystalite/outputs/final report output/relaxed_groups/fixed_film__g4__t8/cifs/sample_00000.cif,True,False,True,False,2.643430849778402,127.36328518961297,31.84082129740324,4,False,True,True,,,14.210634930617951,True,,8.0,fixed_film,fixed_film
fixed_film__g4__t8,4,8,1,provenance://crystalite/outputs/final report output/relaxed_groups/fixed_film__g4__t8/cifs/sample_00001.cif,True,False,True,False,1.0135224771911335,480.2760729380084,24.01380364690042,20,False,True,True,,,13.887986452083885,True,,8.0,fixed_film,fixed_film
fixed_film__g4__t8,4,8,3,provenance://crystalite/outputs/final report output/relaxed_groups/fixed_film__g4__t8/cifs/sample_00003.cif,True,False,True,False,2.172966279054964,197.53738268102407,24.69217283512801,8,False,True,True,,,7.2648092419093615,True,,8.0,fixed_film,fixed_film
fixed_film__g4__t8,4,8,4,provenance://crystalite/outputs/final report output/relaxed_groups/fixed_film__g4__t8/cifs/sample_00004.cif,True,True,True,True,2.552492984814993,60.09037772204092,30.04518886102046,2,False,True,True,,,14.151457337127448,True,,8.0,fixed_film,fixed_film
fixed_film__g4__t8,4,8,5,provenance://crystalite/outputs/final report output/relaxed_groups/fixed_film__g4__t8/cifs/sample_00005.cif,True,False,True,False,0.9888722850185324,419.3047309084151,26.206545681775943,16,False,True,True,,,15.384207301851276,True,,8.0,fixed_film,fixed_film
fixed_film__g4__t8,4,8,6,provenance://crystalite/outputs/final report output/relaxed_groups/fixed_film__g4__t8/cifs/sample_00006.cif,True,True,True,True,2.393438336267469,273.0010220915042,34.12512776143802,8,False,True,True,,,5.565993071524811,True,,8.0,fixed_film,fixed_film
fixed_film__g4__t8,4,8,8,provenance://crystalite/outputs/final report output/relaxed_groups/fixed_film__g4__t8/cifs/sample_00008.cif,True,True,True,True,0.9742000865447652,237.91320470072037,19.82610039172669,12,False,True,True,,,11.67318791817226,True,,8.0,fixed_film,fixed_film
fixed_film__g4__t8,4,8,9,provenance://crystalite/outputs/final report output/relaxed_groups/fixed_film__g4__t8/cifs/sample_00009.cif,True,True,True,True,2.293904946061176,178.96389046260367,22.37048630782546,8,False,True,True,,,8.453028633816848,True,,8.0,fixed_film,fixed_film
fixed_film__g4__t8,4,8,12,provenance://crystalite/outputs/final report output/relaxed_groups/fixed_film__g4__t8/cifs/sample_00012.cif,True,False,True,False,0.9766300008779814,235.7088518734722,23.570885187347223,10,False,True,True,,,5.973003645619817,True,,8.0,fixed_film,fixed_film
fixed_film__g4__t8,4,8,14,provenance://crystalite/outputs/final report output/relaxed_groups/fixed_film__g4__t8/cifs/sample_00014.cif,True,True,True,True,2.332286978479718,319.1753750118972,26.597947917658093,12,False,True,True,,,7.806414131550551,True,,8.0,fixed_film,fixed_film
fixed_film__g4__t8,4,8,15,provenance://crystalite/outputs/final report output/relaxed_groups/fixed_film__g4__t8/cifs/sample_00015.cif,True,True,True,True,2.77812576641788,116.27918510801187,38.75972836933729,3,False,True,True,,,19.33331521913023,True,,8.0,fixed_film,fixed_film
fixed_film__g4__t8,4,8,16,provenance://crystalite/outputs/final report output/relaxed_groups/fixed_film__g4__t8/cifs/sample_00016.cif,True,True,True,True,1.876968036316518,415.787230574596,23.099290587477554,18,False,True,True,,,12.042860309634106,True,,8.0,fixed_film,fixed_film
fixed_film__g4__t8,4,8,17,provenance://crystalite/outputs/final report output/relaxed_groups/fixed_film__g4__t8/cifs/sample_00017.cif,True,True,True,True,2.361621440474417,229.1696227199415,28.64620283999269,8,False,True,True,,,9.310225438285968,True,,8.0,fixed_film,fixed_film
fixed_film__g4__t8,4,8,18,provenance://crystalite/outputs/final report output/relaxed_groups/fixed_film__g4__t8/cifs/sample_00018.cif,True,True,True,True,2.8884207837495928,56.05442061862056,28.02721030931028,2,False,True,False,,,5.308388182779489,True,,8.0,fixed_film,fixed_film
fixed_film__g4__t8,4,8,19,provenance://crystalite/outputs/final report output/relaxed_groups/fixed_film__g4__t8/cifs/sample_00019.cif,True,False,True,False,2.376375155981546,439.1345769296642,43.91345769296642,10,False,True,True,,,9.27635967824838,True,,8.0,fixed_film,fixed_film
fixed_film__g4__t8,4,8,20,provenance://crystalite/outputs/final report output/relaxed_groups/fixed_film__g4__t8/cifs/sample_00020.cif,True,True,True,True,2.149791836599509,196.27044716778877,39.25408943355775,5,False,True,True,,,7.0410376658080525,True,,8.0,fixed_film,fixed_film
fixed_film__g4__t8,4,8,21,provenance://crystalite/outputs/final report output/relaxed_groups/fixed_film__g4__t8/cifs/sample_00021.cif,True,False,True,False,2.5200683386395664,499.8720305156058,24.99360152578029,20,False,True,True,,,13.672134141602903,True,,8.0,fixed_film,fixed_film
fixed_film__g4__t8,4,8,25,provenance://crystalite/outputs/final report output/relaxed_groups/fixed_film__g4__t8/cifs/sample_00025.cif,True,False,True,False,0.9611159505113808,314.5375230183203,19.65859518864502,16,False,True,True,,,10.563590922672011,True,,8.0,fixed_film,fixed_film
fixed_film__g4__t8,4,8,26,provenance://crystalite/outputs/final report output/relaxed_groups/fixed_film__g4__t8/cifs/sample_00026.cif,True,True,True,True,2.360874410698061,511.663579353101,25.58317896765505,20,False,True,True,,,8.982568065162512,True,,8.0,fixed_film,fixed_film
fixed_film__g4__t8,4,8,27,provenance://crystalite/outputs/final report output/relaxed_groups/fixed_film__g4__t8/cifs/sample_00027.cif,True,True,True,True,2.442985003955492,233.18669861998112,29.14833732749764,8,False,True,True,,,10.3899487196906,True,,8.0,fixed_film,fixed_film
fixed_film__g4__t8,4,8,28,provenance://crystalite/outputs/final report output/relaxed_groups/fixed_film__g4__t8/cifs/sample_00028.cif,True,True,True,True,2.4784655479339657,384.3268573710468,24.020428585690425,16,False,True,True,,,13.051026310064698,True,,8.0,fixed_film,fixed_film
fixed_film__g4__t8,4,8,31,provenance://crystalite/outputs/final report output/relaxed_groups/fixed_film__g4__t8/cifs/sample_00031.cif,True,True,True,True,2.4613169713022605,178.75364404532408,35.75072880906482,5,False,True,True,,,5.3775223150042,True,,8.0,fixed_film,fixed_film
fixed_film__g4__t8,4,8,33,provenance://crystalite/outputs/final report output/relaxed_groups/fixed_film__g4__t8/cifs/sample_00033.cif,True,False,True,False,1.8268539075488632,212.8351856885028,17.736265474041897,12,False,True,True,,,4.781462114121413,True,,8.0,fixed_film,fixed_film
fixed_film__g4__t8,4,8,35,provenance://crystalite/outputs/final report output/relaxed_groups/fixed_film__g4__t8/cifs/sample_00035.cif,True,True,True,True,2.3075046347879327,198.73380169804264,28.39054309972038,7,False,True,True,,,8.447338695059626,True,,8.0,fixed_film,fixed_film
fixed_film__g4__t8,4,8,37,provenance://crystalite/outputs/final report output/relaxed_groups/fixed_film__g4__t8/cifs/sample_00037.cif,True,True,True,True,2.358197116480227,366.4087852807453,22.900549080046577,16,False,True,True,,,10.620076590708734,True,,8.0,fixed_film,fixed_film
fixed_film__g4__t8,4,8,39,provenance://crystalite/outputs/final report output/relaxed_groups/fixed_film__g4__t8/cifs/sample_00039.cif,True,True,True,True,2.126911128982854,392.6630494738534,24.54144059211584,16,False,True,True,,,5.030884528311292,True,,8.0,fixed_film,fixed_film
fixed_film__g4__t8,4,8,40,provenance://crystalite/outputs/final report output/relaxed_groups/fixed_film__g4__t8/cifs/sample_00040.cif,True,True,True,True,2.5397741928945123,80.89271451139213,40.446357255696064,2,False,True,True,,,10.966592445348248,True,,8.0,fixed_film,fixed_film
fixed_film__g4__t8,4,8,41,provenance://crystalite/outputs/final report output/relaxed_groups/fixed_film__g4__t8/cifs/sample_00041.cif,True,True,True,True,2.659670912739582,132.52496961535536,26.504993923071076,5,True,True,True,,,12.944937490648265,True,,8.0,fixed_film,fixed_film
fixed_film__g4__t8,4,8,42,provenance://crystalite/outputs/final report output/relaxed_groups/fixed_film__g4__t8/cifs/sample_00042.cif,True,True,True,True,2.210876111233207,407.7487418462875,25.484296365392968,16,False,True,True,,,7.82558197610427,True,,8.0,fixed_film,fixed_film
fixed_film__g4__t8,4,8,43,provenance://crystalite/outputs/final report output/relaxed_groups/fixed_film__g4__t8/cifs/sample_00043.cif,True,True,True,True,0.9676714422041248,97.9276360511246,9.79276360511246,10,False,True,True,,,7.621538110668861,True,,8.0,fixed_film,fixed_film
fixed_film__g4__t8,4,8,44,provenance://crystalite/outputs/final report output/relaxed_groups/fixed_film__g4__t8/cifs/sample_00044.cif,True,False,True,False,0.9457317316389512,181.73210383845708,18.173210383845703,10,False,True,True,,,14.258594154340036,True,,8.0,fixed_film,fixed_film
fixed_film__g4__t8,4,8,45,provenance://crystalite/outputs/final report output/relaxed_groups/fixed_film__g4__t8/cifs/sample_00045.cif,True,True,True,True,2.0978956479886888,132.7857668711604,22.1309611451934,6,False,True,True,,,6.100325888509247,True,,8.0,fixed_film,fixed_film
fixed_film__g4__t8,4,8,48,provenance://crystalite/outputs/final report output/relaxed_groups/fixed_film__g4__t8/cifs/sample_00048.cif,True,True,True,True,2.4195837638895967,247.07622056273192,30.88452757034149,8,False,True,True,,,11.40322763212128,True,,8.0,fixed_film,fixed_film
fixed_film__g4__t8,4,8,49,provenance://crystalite/outputs/final report output/relaxed_groups/fixed_film__g4__t8/cifs/sample_00049.cif,True,True,True,True,2.252338200313573,231.10500486672203,28.888125608340253,8,False,True,True,,,10.02168041005059,True,,8.0,fixed_film,fixed_film
fixed_film__g4__t8,4,8,51,provenance://crystalite/outputs/final report output/relaxed_groups/fixed_film__g4__t8/cifs/sample_00051.cif,True,True,True,True,2.4389687532241413,254.89026226097388,28.32114025121932,9,False,True,True,,,11.0384450750261,True,,8.0,fixed_film,fixed_film
fixed_film__g4__t8,4,8,54,provenance://crystalite/outputs/final report output/relaxed_groups/fixed_film__g4__t8/cifs/sample_00054.cif,True,True,True,True,0.9764928448079504,777.7191585672315,43.20661992040175,18,False,True,True,,,5.114412603596407,True,,8.0,fixed_film,fixed_film
fixed_film__g4__t8,4,8,55,provenance://crystalite/outputs/final report output/relaxed_groups/fixed_film__g4__t8/cifs/sample_00055.cif,True,True,True,True,2.253809721808469,294.88762424775126,24.573968687312604,12,False,True,True,,,10.18122939195083,True,,8.0,fixed_film,fixed_film
fixed_film__g4__t8,4,8,56,provenance://crystalite/outputs/final report output/relaxed_groups/fixed_film__g4__t8/cifs/sample_00056.cif,True,True,True,True,2.480311942992798,95.2123279495934,23.803081987398347,4,False,True,False,,,7.29092451038252,True,,8.0,fixed_film,fixed_film
fixed_film__g4__t8,4,8,57,provenance://crystalite/outputs/final report output/relaxed_groups/fixed_film__g4__t8/cifs/sample_00057.cif,True,False,True,False,2.550829451069319,134.55592334818664,26.91118466963733,5,False,True,True,,,8.078930644314154,True,,8.0,fixed_film,fixed_film
fixed_film__g4__t8,4,8,59,provenance://crystalite/outputs/final report output/relaxed_groups/fixed_film__g4__t8/cifs/sample_00059.cif,True,False,True,False,2.557358677525644,476.3924313666429,43.308402851512994,11,False,True,True,,,4.225858580164444,True,,8.0,fixed_film,fixed_film
fixed_film__g4__t8,4,8,60,provenance://crystalite/outputs/final report output/relaxed_groups/fixed_film__g4__t8/cifs/sample_00060.cif,True,True,True,True,2.6341384379488364,133.3643998998542,33.34109997496355,4,False,True,True,,,9.506085134714988,True,,8.0,fixed_film,fixed_film
fixed_film__g4__t8,4,8,62,provenance://crystalite/outputs/final report output/relaxed_groups/fixed_film__g4__t8/cifs/sample_00062.cif,True,True,True,True,2.095113721342534,249.39603748383925,22.672367043985385,11,False,True,True,,,8.491937767551663,True,,8.0,fixed_film,fixed_film
fixed_film__g4__t8,4,8,63,provenance://crystalite/outputs/final report output/relaxed_groups/fixed_film__g4__t8/cifs/sample_00063.cif,True,False,True,False,2.467152935602808,341.75327760420464,37.97258640046718,9,False,True,True,,,6.086067311651391,True,,8.0,fixed_film,fixed_film
fixed_film__g4__t8,4,8,64,provenance://crystalite/outputs/final report output/relaxed_groups/fixed_film__g4__t8/cifs/sample_00064.cif,True,True,True,True,2.549092495832749,266.33223036012123,38.04746148001732,7,False,True,True,,,3.9455163117692407,True,,8.0,fixed_film,fixed_film
fixed_film__g4__t8,4,8,65,provenance://crystalite/outputs/final report output/relaxed_groups/fixed_film__g4__t8/cifs/sample_00065.cif,True,True,True,True,2.5713277819738343,111.1117496704628,18.51862494507713,6,False,True,True,,,8.36401278973936,True,,8.0,fixed_film,fixed_film
fixed_film__g4__t8,4,8,67,provenance://crystalite/outputs/final report output/relaxed_groups/fixed_film__g4__t8/cifs/sample_00067.cif,True,True,True,True,2.447930489986561,397.7129769165578,33.14274807637982,12,False,True,True,,,11.367710633734085,True,,8.0,fixed_film,fixed_film
fixed_film__g4__t8,4,8,68,provenance://crystalite/outputs/final report output/relaxed_groups/fixed_film__g4__t8/cifs/sample_00068.cif,True,True,True,True,1.9143870043954383,112.30435992550404,28.076089981376008,4,False,True,True,,,5.20218146086714,True,,8.0,fixed_film,fixed_film
fixed_film__g4__t8,4,8,71,provenance://crystalite/outputs/final report output/relaxed_groups/fixed_film__g4__t8/cifs/sample_00071.cif,True,False,True,False,2.1310009208636846,174.96307300770317,29.16051216795053,6,False,True,True,,,8.353186628170558,True,,8.0,fixed_film,fixed_film
fixed_film__g4__t8,4,8,73,provenance://crystalite/outputs/final report output/relaxed_groups/fixed_film__g4__t8/cifs/sample_00073.cif,True,False,True,False,2.328438861301974,580.1660938902467,36.260380868140416,16,False,True,True,,,6.328703416620144,True,,8.0,fixed_film,fixed_film
fixed_film__g4__t8,4,8,74,provenance://crystalite/outputs/final report output/relaxed_groups/fixed_film__g4__t8/cifs/sample_00074.cif,True,True,True,True,2.729913961402452,114.62403891218008,28.65600972804502,4,True,True,True,,,12.664594863803222,True,,8.0,fixed_film,fixed_film
fixed_film__g4__t8,4,8,75,provenance://crystalite/outputs/final report output/relaxed_groups/fixed_film__g4__t8/cifs/sample_00075.cif,True,True,True,True,2.36343885211379,219.9085927615337,27.488574095191712,8,False,True,True,,,5.2892653146295645,True,,8.0,fixed_film,fixed_film
fixed_film__g4__t8,4,8,76,provenance://crystalite/outputs/final report output/relaxed_groups/fixed_film__g4__t8/cifs/sample_00076.cif,True,False,True,False,2.3344070499845118,59.75451844462856,29.87725922231428,2,False,True,True,,,10.605245854228976,True,,8.0,fixed_film,fixed_film
fixed_film__g4__t8,4,8,77,provenance://crystalite/outputs/final report output/relaxed_groups/fixed_film__g4__t8/cifs/sample_00077.cif,True,True,True,True,1.2830167107905996,143.6011036840547,15.955678187117188,9,False,True,True,,,5.316098325511025,True,,8.0,fixed_film,fixed_film
fixed_film__g4__t8,4,8,78,provenance://crystalite/outputs/final report output/relaxed_groups/fixed_film__g4__t8/cifs/sample_00078.cif,True,True,True,True,0.9464321182841748,101.79037763316576,12.723797204145718,8,False,True,True,,,11.535238425052356,True,,8.0,fixed_film,fixed_film
fixed_film__g4__t8,4,8,81,provenance://crystalite/outputs/final report output/relaxed_groups/fixed_film__g4__t8/cifs/sample_00081.cif,True,False,True,False,0.9894835793493978,422.6402209622626,21.13201104811313,20,False,True,True,,,15.32043939878694,True,,8.0,fixed_film,fixed_film
fixed_film__g4__t8,4,8,82,provenance://crystalite/outputs/final report output/relaxed_groups/fixed_film__g4__t8/cifs/sample_00082.cif,True,True,True,True,2.321018293935414,155.62563450569442,25.93760575094907,6,False,True,True,,,5.073781982905814,True,,8.0,fixed_film,fixed_film
fixed_film__g4__t8,4,8,85,provenance://crystalite/outputs/final report output/relaxed_groups/fixed_film__g4__t8/cifs/sample_00085.cif,True,True,True,True,2.289042940104206,249.2213976618752,20.768449805156266,12,False,True,True,,,9.728965554761416,True,,8.0,fixed_film,fixed_film
fixed_film__g4__t8,4,8,86,provenance://crystalite/outputs/final report output/relaxed_groups/fixed_film__g4__t8/cifs/sample_00086.cif,True,True,True,True,2.085204749693712,414.1472303925519,29.58194502803942,14,False,True,True,,,5.577637597382001,True,,8.0,fixed_film,fixed_film
fixed_film__g4__t8,4,8,87,provenance://crystalite/outputs/final report output/relaxed_groups/fixed_film__g4__t8/cifs/sample_00087.cif,True,True,True,True,0.9753539670973336,383.9853388236593,31.998778235304943,12,False,True,True,,,7.551839113810108,True,,8.0,fixed_film,fixed_film
fixed_film__g4__t8,4,8,91,provenance://crystalite/outputs/final report output/relaxed_groups/fixed_film__g4__t8/cifs/sample_00091.cif,True,True,True,True,2.847534766871139,86.39188608166727,28.797295360555754,3,True,True,True,,,15.00015473965471,True,,8.0,fixed_film,fixed_film
fixed_film__g4__t8,4,8,92,provenance://crystalite/outputs/final report output/relaxed_groups/fixed_film__g4__t8/cifs/sample_00092.cif,True,True,True,True,2.656361249820278,148.11774520126573,29.623549040253145,5,True,True,True,,,11.875933691483691,True,,8.0,fixed_film,fixed_film
fixed_film__g4__t8,4,8,93,provenance://crystalite/outputs/final report output/relaxed_groups/fixed_film__g4__t8/cifs/sample_00093.cif,True,False,True,False,2.546840067387176,227.41849716577167,32.48835673796738,7,False,True,True,,,6.061057912168366,True,,8.0,fixed_film,fixed_film
fixed_film__g4__t8,4,8,94,provenance://crystalite/outputs/final report output/relaxed_groups/fixed_film__g4__t8/cifs/sample_00094.cif,True,True,True,True,0.968104726917075,178.7558481476925,17.875584814769248,10,False,True,True,,,9.204967200062203,True,,8.0,fixed_film,fixed_film
fixed_film__g4__t8,4,8,96,provenance://crystalite/outputs/final report output/relaxed_groups/fixed_film__g4__t8/cifs/sample_00096.cif,True,True,True,True,1.0340981104764613,110.7258274572944,18.45430457621573,6,False,True,True,,,6.536769787063555,True,,8.0,fixed_film,fixed_film
fixed_film__g4__t8,4,8,99,provenance://crystalite/outputs/final report output/relaxed_groups/fixed_film__g4__t8/cifs/sample_00099.cif,True,True,True,True,2.43939958076495,493.8788287365786,27.437712707587703,18,False,True,True,,,11.521294160770488,True,,8.0,fixed_film,fixed_film
fixed_film__g4__t8,4,8,100,provenance://crystalite/outputs/final report output/relaxed_groups/fixed_film__g4__t8/cifs/sample_00100.cif,True,False,True,False,0.9533044715769484,138.1686949057502,19.738384986535745,7,False,True,True,,,6.274226293243884,True,,8.0,fixed_film,fixed_film
fixed_film__g4__t8,4,8,101,provenance://crystalite/outputs/final report output/relaxed_groups/fixed_film__g4__t8/cifs/sample_00101.cif,True,False,True,False,2.621532420156211,188.40073121441512,23.55009140180189,8,False,True,True,,,15.563330599408028,True,,8.0,fixed_film,fixed_film
fixed_film__g4__t8,4,8,105,provenance://crystalite/outputs/final report output/relaxed_groups/fixed_film__g4__t8/cifs/sample_00105.cif,True,False,True,False,2.8342182011903807,84.84801832329184,28.28267277443061,3,False,True,True,,,14.83990453039655,True,,8.0,fixed_film,fixed_film
fixed_film__g4__t8,4,8,108,provenance://crystalite/outputs/final report output/relaxed_groups/fixed_film__g4__t8/cifs/sample_00108.cif,True,True,True,True,1.8048338024776784,273.143268509205,22.76193904243375,12,False,True,True,,,13.845453968478154,True,,8.0,fixed_film,fixed_film
fixed_film__g4__t8,4,8,110,provenance://crystalite/outputs/final report output/relaxed_groups/fixed_film__g4__t8/cifs/sample_00110.cif,True,False,True,False,2.7067144743183102,617.112604916919,44.07947177977993,14,False,True,True,,,9.690693879154953,True,,8.0,fixed_film,fixed_film
fixed_film__g4__t8,4,8,111,provenance://crystalite/outputs/final report output/relaxed_groups/fixed_film__g4__t8/cifs/sample_00111.cif,True,True,True,True,0.9716864135019811,289.48012451139215,36.18501556392402,8,False,True,True,,,4.816124901305227,True,,8.0,fixed_film,fixed_film
fixed_film__g4__t8,4,8,112,provenance://crystalite/outputs/final report output/relaxed_groups/fixed_film__g4__t8/cifs/sample_00112.cif,True,True,True,True,2.107547888225136,108.2988798856326,21.65977597712652,5,False,True,True,,,6.29196735382894,True,,8.0,fixed_film,fixed_film
fixed_film__g4__t8,4,8,113,provenance://crystalite/outputs/final report output/relaxed_groups/fixed_film__g4__t8/cifs/sample_00113.cif,True,True,True,True,2.4208681310809896,226.7793657434084,28.34742071792605,8,False,True,True,,,8.503703463182463,True,,8.0,fixed_film,fixed_film
fixed_film__g4__t8,4,8,115,provenance://crystalite/outputs/final report output/relaxed_groups/fixed_film__g4__t8/cifs/sample_00115.cif,True,True,True,True,2.389853273332979,380.6104384898312,31.717536540819268,12,False,True,True,,,9.364428233848782,True,,8.0,fixed_film,fixed_film
fixed_film__g4__t8,4,8,116,provenance://crystalite/outputs/final report output/relaxed_groups/fixed_film__g4__t8/cifs/sample_00116.cif,True,False,True,False,2.350268948742013,260.2189888902613,32.52737361128266,8,False,True,True,,,6.221618563155858,True,,8.0,fixed_film,fixed_film
fixed_film__g4__t8,4,8,117,provenance://crystalite/outputs/final report output/relaxed_groups/fixed_film__g4__t8/cifs/sample_00117.cif,True,False,True,False,2.359557928827161,605.259996123735,35.60352918374912,17,False,True,True,,,6.691283405835182,True,,8.0,fixed_film,fixed_film
fixed_film__g4__t8,4,8,121,provenance://crystalite/outputs/final report output/relaxed_groups/fixed_film__g4__t8/cifs/sample_00121.cif,True,True,True,True,2.316656286683768,359.183817786599,27.629524445123,13,False,True,True,,,11.97620871602029,True,,8.0,fixed_film,fixed_film
fixed_film__g4__t8,4,8,123,provenance://crystalite/outputs/final report output/relaxed_groups/fixed_film__g4__t8/cifs/sample_00123.cif,True,True,True,True,0.8724279484145234,316.36298676699585,31.636298676699585,10,False,True,True,,,4.562057416627958,True,,8.0,fixed_film,fixed_film
fixed_film__g4__t8,4,8,126,provenance://crystalite/outputs/final report output/relaxed_groups/fixed_film__g4__t8/cifs/sample_00126.cif,True,False,True,False,0.9395543671625478,491.60353393432456,37.81565645648651,13,False,True,True,,,8.523616642767388,True,,8.0,fixed_film,fixed_film
fixed_film__g4__t8,4,8,127,provenance://crystalite/outputs/final report output/relaxed_groups/fixed_film__g4__t8/cifs/sample_00127.cif,True,True,True,True,1.8389419307926544,252.73610010901348,25.273610010901347,10,False,True,True,,,9.276958422436168,True,,8.0,fixed_film,fixed_film
fixed_film__g4__t12,4,12,0,provenance://crystalite/outputs/final report output/relaxed_groups/fixed_film__g4__t12/cifs/sample_00000.cif,True,True,True,True,2.4814763507138045,118.30832679537828,29.577081698844573,4,False,True,True,,,18.108163428980443,True,,12.0,fixed_film,fixed_film
fixed_film__g4__t12,4,12,1,provenance://crystalite/outputs/final report output/relaxed_groups/fixed_film__g4__t12/cifs/sample_00001.cif,True,True,True,True,2.166762389429392,785.2345278591888,39.26172639295944,20,True,True,True,,,12.022504721266031,True,,12.0,fixed_film,fixed_film
fixed_film__g4__t12,4,12,2,provenance://crystalite/outputs/final report output/relaxed_groups/fixed_film__g4__t12/cifs/sample_00002.cif,True,True,True,True,2.4320834588962623,195.10309130185183,24.38788641273148,8,True,True,True,,,21.338489546032307,True,,12.0,fixed_film,fixed_film
fixed_film__g4__t12,4,12,3,provenance://crystalite/outputs/final report output/relaxed_groups/fixed_film__g4__t12/cifs/sample_00003.cif,True,False,True,False,2.4682414435724,54.778978783309626,6.847372347913703,8,False,True,True,,,3.3855984163003376,True,,12.0,fixed_film,fixed_film
fixed_film__g4__t12,4,12,4,provenance://crystalite/outputs/final report output/relaxed_groups/fixed_film__g4__t12/cifs/sample_00004.cif,True,True,True,True,5.9381425435401765,69.11386439869935,34.556932199349674,2,True,True,True,,,26.43978612310823,True,,12.0,fixed_film,fixed_film
fixed_film__g4__t12,4,12,6,provenance://crystalite/outputs/final report output/relaxed_groups/fixed_film__g4__t12/cifs/sample_00006.cif,True,False,True,False,2.250582491118134,221.37206140481945,27.67150767560243,8,False,True,True,,,15.778770758064375,True,,12.0,fixed_film,fixed_film
fixed_film__g4__t12,4,12,7,provenance://crystalite/outputs/final report output/relaxed_groups/fixed_film__g4__t12/cifs/sample_00007.cif,True,False,True,False,1.9726458890311385,384.3248716895321,27.45177654925229,14,False,True,True,,,12.97447184397542,True,,12.0,fixed_film,fixed_film
fixed_film__g4__t12,4,12,8,provenance://crystalite/outputs/final report output/relaxed_groups/fixed_film__g4__t12/cifs/sample_00008.cif,True,True,True,True,2.414136864407035,392.6290757085767,32.71908964238139,12,True,True,True,,,14.7266113371861,True,,12.0,fixed_film,fixed_film
fixed_film__g4__t12,4,12,9,provenance://crystalite/outputs/final report output/relaxed_groups/fixed_film__g4__t12/cifs/sample_00009.cif,True,True,True,True,2.461974627566545,161.55550046376234,20.194437557970293,8,False,True,True,,,18.23802129517207,True,,12.0,fixed_film,fixed_film
fixed_film__g4__t12,4,12,10,provenance://crystalite/outputs/final report output/relaxed_groups/fixed_film__g4__t12/cifs/sample_00010.cif,True,False,True,False,2.1696775265624884,503.01378920423457,41.91781576701955,12,False,True,True,,,17.33777232923119,True,,12.0,fixed_film,fixed_film
fixed_film__g4__t12,4,12,11,provenance://crystalite/outputs/final report output/relaxed_groups/fixed_film__g4__t12/cifs/sample_00011.cif,True,True,True,True,1.582797894117719,4864.184115473429,270.232450859635,18,False,True,True,,,7.269302078614483,True,,12.0,fixed_film,fixed_film
fixed_film__g4__t12,4,12,12,provenance://crystalite/outputs/final report output/relaxed_groups/fixed_film__g4__t12/cifs/sample_00012.cif,True,True,True,True,2.505786926153527,231.01002143259248,23.101002143259247,10,True,True,True,,,18.17487699705832,True,,12.0,fixed_film,fixed_film
fixed_film__g4__t12,4,12,13,provenance://crystalite/outputs/final report output/relaxed_groups/fixed_film__g4__t12/cifs/sample_00013.cif,True,True,True,True,2.482947423940194,275.04222748672004,22.92018562389333,12,True,True,True,,,16.040407539657405,True,,12.0,fixed_film,fixed_film
fixed_film__g4__t12,4,12,14,provenance://crystalite/outputs/final report output/relaxed_groups/fixed_film__g4__t12/cifs/sample_00014.cif,True,True,True,True,1.9526057336390663,387.1274957711955,32.26062464759963,12,False,True,True,,,11.545143382392952,True,,12.0,fixed_film,fixed_film
fixed_film__g4__t12,4,12,15,provenance://crystalite/outputs/final report output/relaxed_groups/fixed_film__g4__t12/cifs/sample_00015.cif,True,True,True,True,2.602894629490879,50.64772404263864,16.882574680879546,3,True,True,True,,,27.96506973176305,True,,12.0,fixed_film,fixed_film
fixed_film__g4__t12,4,12,16,provenance://crystalite/outputs/final report output/relaxed_groups/fixed_film__g4__t12/cifs/sample_00016.cif,True,False,True,False,2.431085655196993,385.349197925563,21.408288773642383,18,False,True,True,,,21.05980318701515,True,,12.0,fixed_film,fixed_film
fixed_film__g4__t12,4,12,17,provenance://crystalite/outputs/final report output/relaxed_groups/fixed_film__g4__t12/cifs/sample_00017.cif,True,True,True,True,2.4256283717953524,199.2010896769248,24.9001362096156,8,False,True,True,,,16.5509613304678,True,,12.0,fixed_film,fixed_film
fixed_film__g4__t12,4,12,18,provenance://crystalite/outputs/final report output/relaxed_groups/fixed_film__g4__t12/cifs/sample_00018.cif,True,True,True,True,3.0406669576318626,43.07046144177696,21.53523072088848,2,True,True,True,,,23.74199098791837,True,,12.0,fixed_film,fixed_film
fixed_film__g4__t12,4,12,19,provenance://crystalite/outputs/final report output/relaxed_groups/fixed_film__g4__t12/cifs/sample_00019.cif,True,True,True,True,2.206665724653126,132.54974723732192,13.254974723732191,10,False,True,True,,,22.198236235228357,True,,12.0,fixed_film,fixed_film
fixed_film__g4__t12,4,12,21,provenance://crystalite/outputs/final report output/relaxed_groups/fixed_film__g4__t12/cifs/sample_00021.cif,True,False,True,False,0.8310471158922336,943.0320422134783,47.15160211067392,20,False,True,True,,,7.424142938019345,True,,12.0,fixed_film,fixed_film
fixed_film__g4__t12,4,12,22,provenance://crystalite/outputs/final report output/relaxed_groups/fixed_film__g4__t12/cifs/sample_00022.cif,True,True,True,True,2.322854628252132,937.0517081592304,66.93226486851646,14,True,True,True,,,7.680483650113053,True,,12.0,fixed_film,fixed_film
fixed_film__g4__t12,4,12,23,provenance://crystalite/outputs/final report output/relaxed_groups/fixed_film__g4__t12/cifs/sample_00023.cif,True,True,True,True,2.5023797197243125,142.91631880955532,15.87959097883948,9,True,True,True,,,36.53040478044653,True,,12.0,fixed_film,fixed_film
fixed_film__g4__t12,4,12,24,provenance://crystalite/outputs/final report output/relaxed_groups/fixed_film__g4__t12/cifs/sample_00024.cif,True,True,True,True,2.3721846399165245,215.48484427992867,21.548484427992868,10,True,True,True,,,21.065656802548887,True,,12.0,fixed_film,fixed_film
fixed_film__g4__t12,4,12,25,provenance://crystalite/outputs/final report output/relaxed_groups/fixed_film__g4__t12/cifs/sample_00025.cif,True,True,True,True,2.3385630150877352,305.7844995085068,19.11153121928168,16,True,True,True,,,7.341397853578084,True,,12.0,fixed_film,fixed_film
fixed_film__g4__t12,4,12,26,provenance://crystalite/outputs/final report output/relaxed_groups/fixed_film__g4__t12/cifs/sample_00026.cif,True,True,True,True,2.410990672993235,513.4423182150636,25.672115910753178,20,True,True,True,,,16.35513807794685,True,,12.0,fixed_film,fixed_film
fixed_film__g4__t12,4,12,27,provenance://crystalite/outputs/final report output/relaxed_groups/fixed_film__g4__t12/cifs/sample_00027.cif,True,True,True,True,2.5065722633518805,264.6675770994417,33.08344713743021,8,True,True,True,,,13.19103129605719,True,,12.0,fixed_film,fixed_film
fixed_film__g4__t12,4,12,28,provenance://crystalite/outputs/final report output/relaxed_groups/fixed_film__g4__t12/cifs/sample_00028.cif,True,False,True,False,2.0663413756798508,197.03918362481107,12.314948976550692,16,False,True,True,,,14.517575620137931,True,,12.0,fixed_film,fixed_film
fixed_film__g4__t12,4,12,29,provenance://crystalite/outputs/final report output/relaxed_groups/fixed_film__g4__t12/cifs/sample_00029.cif,True,False,True,False,2.192301642627566,812.2534335218115,50.76583959511322,16,False,True,True,,,7.5742041387032915,True,,12.0,fixed_film,fixed_film
fixed_film__g4__t12,4,12,30,provenance://crystalite/outputs/final report output/relaxed_groups/fixed_film__g4__t12/cifs/sample_00030.cif,True,True,True,True,2.0825176772498386,669.722859929417,41.857678745588565,16,True,True,True,,,11.723903720394937,True,,12.0,fixed_film,fixed_film
fixed_film__g4__t12,4,12,32,provenance://crystalite/outputs/final report output/relaxed_groups/fixed_film__g4__t12/cifs/sample_00032.cif,True,False,True,False,1.9896054618743548,1977.06412042569,109.836895579205,18,False,True,True,,,7.164424939726431,True,,12.0,fixed_film,fixed_film
fixed_film__g4__t12,4,12,33,provenance://crystalite/outputs/final report output/relaxed_groups/fixed_film__g4__t12/cifs/sample_00033.cif,True,True,True,True,2.482837392205697,312.0334858239024,26.002790485325203,12,True,True,True,,,19.183750028037345,True,,12.0,fixed_film,fixed_film
fixed_film__g4__t12,4,12,34,provenance://crystalite/outputs/final report output/relaxed_groups/fixed_film__g4__t12/cifs/sample_00034.cif,True,True,True,True,1.808453466237783,257.31021146496147,19.79309318961242,13,False,True,True,,,23.36967579085268,True,,12.0,fixed_film,fixed_film
fixed_film__g4__t12,4,12,35,provenance://crystalite/outputs/final report output/relaxed_groups/fixed_film__g4__t12/cifs/sample_00035.cif,True,False,True,False,2.468211300638986,150.97907350668794,21.568439072383992,7,False,True,True,,,20.311897072921017,True,,12.0,fixed_film,fixed_film
fixed_film__g4__t12,4,12,36,provenance://crystalite/outputs/final report output/relaxed_groups/fixed_film__g4__t12/cifs/sample_00036.cif,True,True,True,True,1.8942068332652895,193.65876770509217,10.758820428060677,18,False,True,True,,,31.77134895125365,True,,12.0,fixed_film,fixed_film
fixed_film__g4__t12,4,12,37,provenance://crystalite/outputs/final report output/relaxed_groups/fixed_film__g4__t12/cifs/sample_00037.cif,True,False,True,False,2.358617470104116,524.0047006735565,32.75029379209728,16,False,True,True,,,11.807401906196302,True,,12.0,fixed_film,fixed_film
fixed_film__g4__t12,4,12,40,provenance://crystalite/outputs/final report output/relaxed_groups/fixed_film__g4__t12/cifs/sample_00040.cif,True,True,True,True,7.590223121014748,105.18032575025744,52.59016287512872,2,True,True,True,,,15.344970134713469,True,,12.0,fixed_film,fixed_film
fixed_film__g4__t12,4,12,41,provenance://crystalite/outputs/final report output/relaxed_groups/fixed_film__g4__t12/cifs/sample_00041.cif,True,True,True,True,2.3674572178386293,87.33433331596899,17.466866663193798,5,True,True,True,,,35.39594776186511,True,,12.0,fixed_film,fixed_film
fixed_film__g4__t12,4,12,42,provenance://crystalite/outputs/final report output/relaxed_groups/fixed_film__g4__t12/cifs/sample_00042.cif,True,False,True,False,2.757311565107036,498.26126038229535,31.14132877389346,16,False,True,True,,,11.056847391580584,True,,12.0,fixed_film,fixed_film
fixed_film__g4__t12,4,12,43,provenance://crystalite/outputs/final report output/relaxed_groups/fixed_film__g4__t12/cifs/sample_00043.cif,True,True,True,True,2.592477952552481,154.22929668384512,15.422929668384512,10,True,True,True,,,33.55048160223948,True,,12.0,fixed_film,fixed_film
fixed_film__g4__t12,4,12,44,provenance://crystalite/outputs/final report output/relaxed_groups/fixed_film__g4__t12/cifs/sample_00044.cif,True,True,True,True,2.506155118597696,170.15411875406087,17.015411875406087,10,True,True,True,,,35.6005470592762,True,,12.0,fixed_film,fixed_film
fixed_film__g4__t12,4,12,45,provenance://crystalite/outputs/final report output/relaxed_groups/fixed_film__g4__t12/cifs/sample_00045.cif,True,True,True,True,2.408888302865535,419.3657477875362,69.8942912979227,6,True,True,True,,,17.962839042376803,True,,12.0,fixed_film,fixed_film
fixed_film__g4__t12,4,12,46,provenance://crystalite/outputs/final report output/relaxed_groups/fixed_film__g4__t12/cifs/sample_00046.cif,True,False,True,False,2.0820968777693616,400.9692780415682,36.45175254923348,11,False,True,True,,,14.653454107508727,True,,12.0,fixed_film,fixed_film
fixed_film__g4__t12,4,12,47,provenance://crystalite/outputs/final report output/relaxed_groups/fixed_film__g4__t12/cifs/sample_00047.cif,True,True,True,True,2.026229926844485,526.3843043807165,43.86535869839304,12,True,True,True,,,13.02885974329425,True,,12.0,fixed_film,fixed_film
fixed_film__g4__t12,4,12,48,provenance://crystalite/outputs/final report output/relaxed_groups/fixed_film__g4__t12/cifs/sample_00048.cif,True,True,True,True,2.517794148429956,171.9505582547833,21.49381978184791,8,False,True,True,,,17.67957273923717,True,,12.0,fixed_film,fixed_film
fixed_film__g4__t12,4,12,49,provenance://crystalite/outputs/final report output/relaxed_groups/fixed_film__g4__t12/cifs/sample_00049.cif,True,True,True,True,2.4950022351607024,179.71353441087075,22.464191801358844,8,True,True,True,,,16.234386447667337,True,,12.0,fixed_film,fixed_film
fixed_film__g4__t12,4,12,50,provenance://crystalite/outputs/final report output/relaxed_groups/fixed_film__g4__t12/cifs/sample_00050.cif,True,False,True,False,2.36592066560077,413.6369957913988,34.46974964928323,12,False,True,True,,,10.162757345728304,True,,12.0,fixed_film,fixed_film
fixed_film__g4__t12,4,12,51,provenance://crystalite/outputs/final report output/relaxed_groups/fixed_film__g4__t12/cifs/sample_00051.cif,True,False,True,False,1.873251567680002,306.2908024701737,34.03231138557485,9,False,True,True,,,9.011373469497274,True,,12.0,fixed_film,fixed_film
fixed_film__g4__t12,4,12,52,provenance://crystalite/outputs/final report output/relaxed_groups/fixed_film__g4__t12/cifs/sample_00052.cif,True,True,True,True,2.472216712582173,348.28611824277885,31.662374385707167,11,True,True,True,,,13.457951814558063,True,,12.0,fixed_film,fixed_film
fixed_film__g4__t12,4,12,53,provenance://crystalite/outputs/final report output/relaxed_groups/fixed_film__g4__t12/cifs/sample_00053.cif,True,False,True,False,2.195818689086504,435.8346739968472,24.21303744426929,18,False,True,True,,,18.155487329372487,True,,12.0,fixed_film,fixed_film
fixed_film__g4__t12,4,12,54,provenance://crystalite/outputs/final report output/relaxed_groups/fixed_film__g4__t12/cifs/sample_00054.cif,True,False,True,False,1.8495863939609567,302.41677134109045,16.80093174117169,18,False,True,True,,,23.999551569537815,True,,12.0,fixed_film,fixed_film
fixed_film__g4__t12,4,12,55,provenance://crystalite/outputs/final report output/relaxed_groups/fixed_film__g4__t12/cifs/sample_00055.cif,True,False,True,False,2.3401391158593032,269.40801238970187,22.45066769914182,12,False,True,True,,,21.21662714668833,True,,12.0,fixed_film,fixed_film
fixed_film__g4__t12,4,12,56,provenance://crystalite/outputs/final report output/relaxed_groups/fixed_film__g4__t12/cifs/sample_00056.cif,True,True,True,True,2.3996660699365044,63.30489662289115,15.826224155722787,4,False,True,True,,,28.080056144334552,True,,12.0,fixed_film,fixed_film
fixed_film__g4__t12,4,12,57,provenance://crystalite/outputs/final report output/relaxed_groups/fixed_film__g4__t12/cifs/sample_00057.cif,True,True,True,True,2.2817072524712114,111.42936666780754,22.285873333561508,5,False,True,True,,,18.213065490135666,True,,12.0,fixed_film,fixed_film
fixed_film__g4__t12,4,12,58,provenance://crystalite/outputs/final report output/relaxed_groups/fixed_film__g4__t12/cifs/sample_00058.cif,True,True,True,True,2.073026008090762,425.13957313613696,23.618865174229832,18,False,True,True,,,13.992815772279329,True,,12.0,fixed_film,fixed_film
fixed_film__g4__t12,4,12,59,provenance://crystalite/outputs/final report output/relaxed_groups/fixed_film__g4__t12/cifs/sample_00059.cif,True,True,True,True,2.235176434497641,288.55446016274755,26.23222365115887,11,True,True,True,,,17.515350960824932,True,,12.0,fixed_film,fixed_film
fixed_film__g4__t12,4,12,60,provenance://crystalite/outputs/final report output/relaxed_groups/fixed_film__g4__t12/cifs/sample_00060.cif,True,True,True,True,2.3226014147402267,149.00640375515803,37.25160093878951,4,True,True,True,,,17.93405270315409,True,,12.0,fixed_film,fixed_film
fixed_film__g4__t12,4,12,61,provenance://crystalite/outputs/final report output/relaxed_groups/fixed_film__g4__t12/cifs/sample_00061.cif,True,False,True,False,2.312938753318236,362.8532303127092,25.918087879479227,14,False,True,True,,,19.62705493277481,True,,12.0,fixed_film,fixed_film
fixed_film__g4__t12,4,12,62,provenance://crystalite/outputs/final report output/relaxed_groups/fixed_film__g4__t12/cifs/sample_00062.cif,True,True,True,True,2.338138835845051,212.66438073347504,19.333125521225003,11,True,True,True,,,22.854959973489724,True,,12.0,fixed_film,fixed_film
fixed_film__g4__t12,4,12,63,provenance://crystalite/outputs/final report output/relaxed_groups/fixed_film__g4__t12/cifs/sample_00063.cif,True,True,True,True,2.387603405937456,287.6659175105393,31.962879723393257,9,True,True,True,,,15.549902254011668,True,,12.0,fixed_film,fixed_film
fixed_film__g4__t12,4,12,64,provenance://crystalite/outputs/final report output/relaxed_groups/fixed_film__g4__t12/cifs/sample_00064.cif,True,False,True,False,2.303639499899844,151.69095155256252,21.67013593608036,7,False,True,True,,,23.854970326390163,True,,12.0,fixed_film,fixed_film
fixed_film__g4__t12,4,12,65,provenance://crystalite/outputs/final report output/relaxed_groups/fixed_film__g4__t12/cifs/sample_00065.cif,True,False,True,False,2.3576294913311875,134.66671509327233,22.44445251554539,6,False,True,True,,,24.80849514098641,True,,12.0,fixed_film,fixed_film
fixed_film__g4__t12,4,12,66,provenance://crystalite/outputs/final report output/relaxed_groups/fixed_film__g4__t12/cifs/sample_00066.cif,True,True,True,True,2.0819918717613923,1726.3907098155237,86.31953549077618,20,False,True,True,,,8.27164760989035,True,,12.0,fixed_film,fixed_film
fixed_film__g4__t12,4,12,67,provenance://crystalite/outputs/final report output/relaxed_groups/fixed_film__g4__t12/cifs/sample_00067.cif,True,False,True,False,2.4697679527775818,264.5080605820896,22.0423383818408,12,False,True,True,,,20.857086469402955,True,,12.0,fixed_film,fixed_film
fixed_film__g4__t12,4,12,68,provenance://crystalite/outputs/final report output/relaxed_groups/fixed_film__g4__t12/cifs/sample_00068.cif,True,True,True,True,2.671043442837486,112.62095120193186,28.155237800482965,4,True,True,True,,,21.90425562203488,True,,12.0,fixed_film,fixed_film
fixed_film__g4__t12,4,12,69,provenance://crystalite/outputs/final report output/relaxed_groups/fixed_film__g4__t12/cifs/sample_00069.cif,True,False,True,False,1.9595773441176632,2503.5239193577754,125.17619596788876,20,False,True,True,,,9.726187878096717,True,,12.0,fixed_film,fixed_film
fixed_film__g4__t12,4,12,70,provenance://crystalite/outputs/final report output/relaxed_groups/fixed_film__g4__t12/cifs/sample_00070.cif,True,False,True,False,2.159046358668559,635.2732177819244,35.29295654344024,18,False,True,True,,,15.955734668724148,True,,12.0,fixed_film,fixed_film
fixed_film__g4__t12,4,12,71,provenance://crystalite/outputs/final report output/relaxed_groups/fixed_film__g4__t12/cifs/sample_00071.cif,True,True,True,True,2.290459006302963,140.13810373707662,23.356350622846104,6,False,True,True,,,12.594196096340402,True,,12.0,fixed_film,fixed_film
fixed_film__g4__t12,4,12,73,provenance://crystalite/outputs/final report output/relaxed_groups/fixed_film__g4__t12/cifs/sample_00073.cif,True,True,True,True,2.305078176844885,318.5085509341537,19.906784433384605,16,False,True,True,,,22.16687762026332,True,,12.0,fixed_film,fixed_film
fixed_film__g4__t12,4,12,74,provenance://crystalite/outputs/final report output/relaxed_groups/fixed_film__g4__t12/cifs/sample_00074.cif,True,True,True,True,2.52925386439706,126.63501905647068,31.65875476411767,4,True,True,True,,,13.513480396436927,True,,12.0,fixed_film,fixed_film
fixed_film__g4__t12,4,12,75,provenance://crystalite/outputs/final report output/relaxed_groups/fixed_film__g4__t12/cifs/sample_00075.cif,True,False,True,False,2.3854596323873545,240.1134999565214,30.01418749456517,8,False,True,True,,,9.65510443317327,True,,12.0,fixed_film,fixed_film
fixed_film__g4__t12,4,12,76,provenance://crystalite/outputs/final report output/relaxed_groups/fixed_film__g4__t12/cifs/sample_00076.cif,True,True,True,True,8.113749727288155,34.01898066294923,17.009490331474616,2,True,True,True,,,35.38315549800177,True,,12.0,fixed_film,fixed_film
fixed_film__g4__t12,4,12,77,provenance://crystalite/outputs/final report output/relaxed_groups/fixed_film__g4__t12/cifs/sample_00077.cif,True,True,True,True,2.364516562615796,239.39283542151463,26.59920393572385,9,True,True,True,,,20.04897972530979,True,,12.0,fixed_film,fixed_film
fixed_film__g4__t12,4,12,78,provenance://crystalite/outputs/final report output/relaxed_groups/fixed_film__g4__t12/cifs/sample_00078.cif,True,False,True,False,2.4858363403006267,162.2964684746644,20.28705855933305,8,False,True,True,,,18.46531138772709,True,,12.0,fixed_film,fixed_film
fixed_film__g4__t12,4,12,81,provenance://crystalite/outputs/final report output/relaxed_groups/fixed_film__g4__t12/cifs/sample_00081.cif,True,True,True,True,2.342502128051741,459.4227809010647,22.971139045053235,20,True,True,True,,,16.89335631289858,True,,12.0,fixed_film,fixed_film
fixed_film__g4__t12,4,12,82,provenance://crystalite/outputs/final report output/relaxed_groups/fixed_film__g4__t12/cifs/sample_00082.cif,True,False,True,False,2.4459717711477307,174.31876061559882,29.05312676926647,6,False,True,True,,,9.964799861752276,True,,12.0,fixed_film,fixed_film
fixed_film__g4__t12,4,12,83,provenance://crystalite/outputs/final report output/relaxed_groups/fixed_film__g4__t12/cifs/sample_00083.cif,True,True,True,True,1.903884352422455,604.124579795786,50.34371498298216,12,False,True,True,,,12.900565836229555,True,,12.0,fixed_film,fixed_film
fixed_film__g4__t12,4,12,84,provenance://crystalite/outputs/final report output/relaxed_groups/fixed_film__g4__t12/cifs/sample_00084.cif,True,False,True,False,1.201072249361312,86.44092902442493,4.802273834690274,18,False,True,True,,,6.434299482140827,True,,12.0,fixed_film,fixed_film
fixed_film__g4__t12,4,12,85,provenance://crystalite/outputs/final report output/relaxed_groups/fixed_film__g4__t12/cifs/sample_00085.cif,True,True,True,True,2.3644455772408084,210.1875441274307,17.515628677285893,12,True,True,True,,,29.38251147295108,True,,12.0,fixed_film,fixed_film
fixed_film__g4__t12,4,12,87,provenance://crystalite/outputs/final report output/relaxed_groups/fixed_film__g4__t12/cifs/sample_00087.cif,True,False,True,False,2.4428156234070078,296.77266600999474,24.73105550083289,12,False,True,True,,,14.659084112237046,True,,12.0,fixed_film,fixed_film
fixed_film__g4__t12,4,12,88,provenance://crystalite/outputs/final report output/relaxed_groups/fixed_film__g4__t12/cifs/sample_00088.cif,True,False,True,False,1.945500178607648,1587.835181520757,79.39175907603786,20,False,True,True,,,6.915368032614114,True,,12.0,fixed_film,fixed_film
fixed_film__g4__t12,4,12,89,provenance://crystalite/outputs/final report output/relaxed_groups/fixed_film__g4__t12/cifs/sample_00089.cif,True,True,True,True,2.0722699810752285,146.64480458808228,9.165300286755144,16,True,True,True,,,20.85376040402244,True,,12.0,fixed_film,fixed_film
fixed_film__g4__t12,4,12,90,provenance://crystalite/outputs/final report output/relaxed_groups/fixed_film__g4__t12/cifs/sample_00090.cif,True,True,True,True,0.941011384093998,184.25167232332757,13.16083373738054,14,True,True,True,,,18.4609737201523,True,,12.0,fixed_film,fixed_film
fixed_film__g4__t12,4,12,91,provenance://crystalite/outputs/final report output/relaxed_groups/fixed_film__g4__t12/cifs/sample_00091.cif,True,True,True,True,3.0237663907756933,56.300519609580256,18.766839869860085,3,True,True,True,,,19.246232151719,True,,12.0,fixed_film,fixed_film
fixed_film__g4__t12,4,12,92,provenance://crystalite/outputs/final report output/relaxed_groups/fixed_film__g4__t12/cifs/sample_00092.cif,True,True,True,True,2.417973801811144,85.91363816812908,17.182727633625817,5,True,True,True,,,34.40455620271172,True,,12.0,fixed_film,fixed_film
fixed_film__g4__t12,4,12,93,provenance://crystalite/outputs/final report output/relaxed_groups/fixed_film__g4__t12/cifs/sample_00093.cif,True,True,True,True,2.52661085377403,162.3680833514398,23.195440478777112,7,True,True,True,,,18.225905354389607,True,,12.0,fixed_film,fixed_film
fixed_film__g4__t12,4,12,94,provenance://crystalite/outputs/final report output/relaxed_groups/fixed_film__g4__t12/cifs/sample_00094.cif,True,False,True,False,2.274454418569865,537.9374950519833,53.793749505198335,10,False,True,True,,,12.00392308371172,True,,12.0,fixed_film,fixed_film
fixed_film__g4__t12,4,12,95,provenance://crystalite/outputs/final report output/relaxed_groups/fixed_film__g4__t12/cifs/sample_00095.cif,True,True,True,True,1.899639551017407,529.2589514035659,33.07868446272287,16,True,True,True,,,10.9598743217984,True,,12.0,fixed_film,fixed_film
fixed_film__g4__t12,4,12,96,provenance://crystalite/outputs/final report output/relaxed_groups/fixed_film__g4__t12/cifs/sample_00096.cif,True,True,True,True,2.584538391432166,87.82765554063603,14.637942590106006,6,True,True,True,,,31.317392009749785,True,,12.0,fixed_film,fixed_film
fixed_film__g4__t12,4,12,97,provenance://crystalite/outputs/final report output/relaxed_groups/fixed_film__g4__t12/cifs/sample_00097.cif,True,True,True,True,2.3597409794168005,398.03534529262345,20.94922869961176,19,True,True,True,,,26.75864087650983,True,,12.0,fixed_film,fixed_film
fixed_film__g4__t12,4,12,98,provenance://crystalite/outputs/final report output/relaxed_groups/fixed_film__g4__t12/cifs/sample_00098.cif,True,False,True,False,0.9767827743574156,301.9428623652892,16.77460346473829,18,False,True,True,,,25.273740893008284,True,,12.0,fixed_film,fixed_film
fixed_film__g4__t12,4,12,99,provenance://crystalite/outputs/final report output/relaxed_groups/fixed_film__g4__t12/cifs/sample_00099.cif,True,True,True,True,0.9132369841697758,244.08418345328056,13.560232414071145,18,False,True,True,,,22.01969054915246,True,,12.0,fixed_film,fixed_film
fixed_film__g4__t12,4,12,100,provenance://crystalite/outputs/final report output/relaxed_groups/fixed_film__g4__t12/cifs/sample_00100.cif,True,False,True,False,2.267875276027925,195.5651621236332,27.93788030337617,7,False,True,True,,,11.034498173839475,True,,12.0,fixed_film,fixed_film
fixed_film__g4__t12,4,12,101,provenance://crystalite/outputs/final report output/relaxed_groups/fixed_film__g4__t12/cifs/sample_00101.cif,True,True,True,True,2.463282466369838,154.75774840637683,19.344718550797104,8,True,True,True,,,21.74882592487665,True,,12.0,fixed_film,fixed_film
fixed_film__g4__t12,4,12,104,provenance://crystalite/outputs/final report output/relaxed_groups/fixed_film__g4__t12/cifs/sample_00104.cif,True,False,True,False,2.310269715957641,297.9302761386885,24.82752301155738,12,False,True,True,,,16.969841904265113,True,,12.0,fixed_film,fixed_film
fixed_film__g4__t12,4,12,105,provenance://crystalite/outputs/final report output/relaxed_groups/fixed_film__g4__t12/cifs/sample_00105.cif,True,True,True,True,2.746062052394151,51.18098509854772,17.06032836618257,3,True,True,True,,,27.565685195017675,True,,12.0,fixed_film,fixed_film
fixed_film__g4__t12,4,12,106,provenance://crystalite/outputs/final report output/relaxed_groups/fixed_film__g4__t12/cifs/sample_00106.cif,True,False,True,False,2.40329763599418,785.6010964594077,56.114364032814834,14,False,True,True,,,7.464049374989861,True,,12.0,fixed_film,fixed_film
fixed_film__g4__t12,4,12,107,provenance://crystalite/outputs/final report output/relaxed_groups/fixed_film__g4__t12/cifs/sample_00107.cif,True,False,True,False,0.9544517274977607,130.45455615422537,10.034965858017337,13,False,True,True,,,11.26360813315967,True,,12.0,fixed_film,fixed_film
fixed_film__g4__t12,4,12,109,provenance://crystalite/outputs/final report output/relaxed_groups/fixed_film__g4__t12/cifs/sample_00109.cif,True,True,True,True,2.1675852436896395,485.1162979772181,26.950905443178783,18,False,True,True,,,19.32626922267804,True,,12.0,fixed_film,fixed_film
fixed_film__g4__t12,4,12,110,provenance://crystalite/outputs/final report output/relaxed_groups/fixed_film__g4__t12/cifs/sample_00110.cif,True,False,True,False,2.5414007256521653,783.9350374573419,55.995359818381566,14,False,True,True,,,7.500737119789545,True,,12.0,fixed_film,fixed_film
fixed_film__g4__t12,4,12,111,provenance://crystalite/outputs/final report output/relaxed_groups/fixed_film__g4__t12/cifs/sample_00111.cif,True,True,True,True,2.597195286153019,123.58503635078708,15.448129543848385,8,True,True,True,,,35.241104272386565,True,,12.0,fixed_film,fixed_film
fixed_film__g4__t12,4,12,112,provenance://crystalite/outputs/final report output/relaxed_groups/fixed_film__g4__t12/cifs/sample_00112.cif,True,False,True,False,2.240842603217491,139.04633731770758,27.80926746354152,5,False,True,True,,,8.169745650442566,True,,12.0,fixed_film,fixed_film
fixed_film__g4__t12,4,12,113,provenance://crystalite/outputs/final report output/relaxed_groups/fixed_film__g4__t12/cifs/sample_00113.cif,True,True,True,True,2.1880168692506587,288.98436741360985,36.12304592670123,8,True,True,True,,,15.271097553536135,True,,12.0,fixed_film,fixed_film
fixed_film__g4__t12,4,12,114,provenance://crystalite/outputs/final report output/relaxed_groups/fixed_film__g4__t12/cifs/sample_00114.cif,True,False,True,False,2.4575701290839067,384.2314974295159,27.44510695925113,14,False,True,True,,,12.71189672986048,True,,12.0,fixed_film,fixed_film
fixed_film__g4__t12,4,12,115,provenance://crystalite/outputs/final report output/relaxed_groups/fixed_film__g4__t12/cifs/sample_00115.cif,True,False,True,False,2.3032289686621734,455.4844948802345,37.95704124001954,12,False,True,True,,,9.852076361831305,True,,12.0,fixed_film,fixed_film
fixed_film__g4__t12,4,12,116,provenance://crystalite/outputs/final report output/relaxed_groups/fixed_film__g4__t12/cifs/sample_00116.cif,True,True,True,True,2.4215527242166512,201.5307396687423,25.19134245859279,8,True,True,True,,,18.59867259143296,True,,12.0,fixed_film,fixed_film
fixed_film__g4__t12,4,12,117,provenance://crystalite/outputs/final report output/relaxed_groups/fixed_film__g4__t12/cifs/sample_00117.cif,True,False,True,False,2.278174511905092,411.17412627584025,24.186713310343546,17,False,True,True,,,14.314396552684364,True,,12.0,fixed_film,fixed_film
fixed_film__g4__t12,4,12,118,provenance://crystalite/outputs/final report output/relaxed_groups/fixed_film__g4__t12/cifs/sample_00118.cif,True,True,True,True,2.3985928397679395,421.0149346527599,21.050746732637997,20,True,True,True,,,26.01396551857603,True,,12.0,fixed_film,fixed_film
fixed_film__g4__t12,4,12,120,provenance://crystalite/outputs/final report output/relaxed_groups/fixed_film__g4__t12/cifs/sample_00120.cif,True,False,True,False,2.108128280736339,1197.4748359430437,59.873741797152185,20,False,True,True,,,10.721728513034904,True,,12.0,fixed_film,fixed_film
fixed_film__g4__t12,4,12,121,provenance://crystalite/outputs/final report output/relaxed_groups/fixed_film__g4__t12/cifs/sample_00121.cif,True,False,True,False,0.9070649796262584,181.61582399250028,13.9704479994231,13,False,True,True,,,25.133520319691005,True,,12.0,fixed_film,fixed_film
fixed_film__g4__t12,4,12,123,provenance://crystalite/outputs/final report output/relaxed_groups/fixed_film__g4__t12/cifs/sample_00123.cif,True,True,True,True,2.0167544202523104,2200.335196481032,220.0335196481032,10,False,True,True,,,9.171382812945392,True,,12.0,fixed_film,fixed_film
fixed_film__g4__t12,4,12,124,provenance://crystalite/outputs/final report output/relaxed_groups/fixed_film__g4__t12/cifs/sample_00124.cif,True,True,True,True,2.405353122837517,361.75053513017946,25.83932393786996,14,True,True,True,,,19.376599338038314,True,,12.0,fixed_film,fixed_film
fixed_film__g4__t12,4,12,125,provenance://crystalite/outputs/final report output/relaxed_groups/fixed_film__g4__t12/cifs/sample_00125.cif,True,True,True,True,2.198063837495096,1903.364547435816,95.1682273717908,20,False,True,True,,,9.88868878557916,True,,12.0,fixed_film,fixed_film
fixed_film__g4__t12,4,12,126,provenance://crystalite/outputs/final report output/relaxed_groups/fixed_film__g4__t12/cifs/sample_00126.cif,True,True,True,True,2.568348634866568,7104.342603474269,546.4878925749438,13,True,True,True,,,8.074259395349818,True,,12.0,fixed_film,fixed_film
fixed_film__g4__t12,4,12,127,provenance://crystalite/outputs/final report output/relaxed_groups/fixed_film__g4__t12/cifs/sample_00127.cif,True,True,True,True,2.3551841731413137,263.6406855651711,26.36406855651711,10,True,True,True,,,17.318052126524464,True,,12.0,fixed_film,fixed_film
fixed_film__g5__t2,5,2,0,provenance://crystalite/outputs/final report output/relaxed_groups/fixed_film__g5__t2/cifs/sample_00000.cif,True,True,True,True,1.644606278833047,614.1884089634483,153.54710224086207,4,False,True,True,,,1.177906831047421,True,,2.0,fixed_film,fixed_film
fixed_film__g5__t2,5,2,1,provenance://crystalite/outputs/final report output/relaxed_groups/fixed_film__g5__t2/cifs/sample_00001.cif,True,True,True,True,1.116141153093368,6137.55070135103,306.8775350675515,20,False,True,True,,,1.957496694734867,True,,2.0,fixed_film,fixed_film
fixed_film__g5__t2,5,2,2,provenance://crystalite/outputs/final report output/relaxed_groups/fixed_film__g5__t2/cifs/sample_00002.cif,True,True,True,True,1.3259691166429373,353.0202781758556,44.12753477198195,8,False,True,True,,,2.40401125344879,True,,2.0,fixed_film,fixed_film
fixed_film__g5__t2,5,2,3,provenance://crystalite/outputs/final report output/relaxed_groups/fixed_film__g5__t2/cifs/sample_00003.cif,True,True,True,True,1.126057313594484,267.9707687209427,33.49634609011784,8,False,True,True,,,3.45816071570621,True,,2.0,fixed_film,fixed_film
fixed_film__g5__t2,5,2,4,provenance://crystalite/outputs/final report output/relaxed_groups/fixed_film__g5__t2/cifs/sample_00004.cif,True,True,True,True,7.672637591029217,133.73586474478938,66.86793237239469,2,False,True,True,,,2.211075055063127,True,,2.0,fixed_film,fixed_film
fixed_film__g5__t2,5,2,5,provenance://crystalite/outputs/final report output/relaxed_groups/fixed_film__g5__t2/cifs/sample_00005.cif,True,False,True,False,1.11926005462484,1002.7215044721338,62.67009402950836,16,False,True,True,,,1.9155341626667195,True,,2.0,fixed_film,fixed_film
fixed_film__g5__t2,5,2,7,provenance://crystalite/outputs/final report output/relaxed_groups/fixed_film__g5__t2/cifs/sample_00007.cif,True,False,True,False,0.5378343602300933,1645.9611628464218,117.56865448903012,14,False,True,True,,,3.85890812138205,True,,2.0,fixed_film,fixed_film
fixed_film__g5__t2,5,2,9,provenance://crystalite/outputs/final report output/relaxed_groups/fixed_film__g5__t2/cifs/sample_00009.cif,True,True,True,True,1.6210530454260943,452.7479611897513,56.59349514871892,8,False,True,True,,,3.0048597917092983,True,,2.0,fixed_film,fixed_film
fixed_film__g5__t2,5,2,15,provenance://crystalite/outputs/final report output/relaxed_groups/fixed_film__g5__t2/cifs/sample_00015.cif,True,False,True,False,14.95506738264802,4058.9681161400463,1352.989372046682,3,False,True,True,,,0.5601221209133923,True,,2.0,fixed_film,fixed_film
fixed_film__g5__t2,5,2,18,provenance://crystalite/outputs/final report output/relaxed_groups/fixed_film__g5__t2/cifs/sample_00018.cif,True,True,True,True,5.973581692998993,861.5248222033615,430.7624111016808,2,False,True,True,,,1.1310160230381985,True,,2.0,fixed_film,fixed_film
fixed_film__g5__t2,5,2,19,provenance://crystalite/outputs/final report output/relaxed_groups/fixed_film__g5__t2/cifs/sample_00019.cif,True,True,True,True,1.1209938662471517,164.19687498022878,16.419687498022878,10,False,True,True,,,2.421556384831602,True,,2.0,fixed_film,fixed_film
fixed_film__g5__t2,5,2,20,provenance://crystalite/outputs/final report output/relaxed_groups/fixed_film__g5__t2/cifs/sample_00020.cif,True,True,True,True,2.050589159624556,1897.0866451978015,379.41732903956034,5,False,True,True,,,3.0979020579281222,True,,2.0,fixed_film,fixed_film
fixed_film__g5__t2,5,2,33,provenance://crystalite/outputs/final report output/relaxed_groups/fixed_film__g5__t2/cifs/sample_00033.cif,True,True,True,True,1.4880234722062953,205.12377546117727,17.093647955098106,12,False,True,True,,,2.820189879601409,True,,2.0,fixed_film,fixed_film
fixed_film__g5__t2,5,2,35,provenance://crystalite/outputs/final report output/relaxed_groups/fixed_film__g5__t2/cifs/sample_00035.cif,True,False,True,False,1.168278265301723,487.29918747506895,69.61416963929557,7,False,True,True,,,1.0316817751336218,True,,2.0,fixed_film,fixed_film
fixed_film__g5__t2,5,2,37,provenance://crystalite/outputs/final report output/relaxed_groups/fixed_film__g5__t2/cifs/sample_00037.cif,True,True,True,True,1.112068595748296,1883.452189216056,117.71576182600352,16,False,True,True,,,1.7804480695329747,True,,2.0,fixed_film,fixed_film
fixed_film__g5__t2,5,2,40,provenance://crystalite/outputs/final report output/relaxed_groups/fixed_film__g5__t2/cifs/sample_00040.cif,True,True,True,True,5.552042877901527,283.667882218579,141.8339411092895,2,False,True,True,,,2.166686076780884,True,,2.0,fixed_film,fixed_film
fixed_film__g5__t2,5,2,42,provenance://crystalite/outputs/final report output/relaxed_groups/fixed_film__g5__t2/cifs/sample_00042.cif,True,False,True,False,1.3020528807140963,3676.257557537009,229.76609734606305,16,False,True,True,,,1.1854773417785176,True,,2.0,fixed_film,fixed_film
fixed_film__g5__t2,5,2,43,provenance://crystalite/outputs/final report output/relaxed_groups/fixed_film__g5__t2/cifs/sample_00043.cif,True,True,True,True,1.3392083787799502,1466.7394196978237,146.67394196978233,10,False,True,True,,,1.1474026700066415,True,,2.0,fixed_film,fixed_film
fixed_film__g5__t2,5,2,44,provenance://crystalite/outputs/final report output/relaxed_groups/fixed_film__g5__t2/cifs/sample_00044.cif,True,True,True,True,1.3519225306151383,656.7179616960238,65.67179616960239,10,False,True,True,,,3.231303026090225,True,,2.0,fixed_film,fixed_film
fixed_film__g5__t2,5,2,45,provenance://crystalite/outputs/final report output/relaxed_groups/fixed_film__g5__t2/cifs/sample_00045.cif,True,False,True,False,1.3706301049285212,4476.198628180539,746.0331046967566,6,False,True,True,,,3.864340256290408,True,,2.0,fixed_film,fixed_film
fixed_film__g5__t2,5,2,48,provenance://crystalite/outputs/final report output/relaxed_groups/fixed_film__g5__t2/cifs/sample_00048.cif,True,True,True,True,1.1145150442999314,299.2044056814395,37.400550710179935,8,False,True,True,,,2.4008983982688714,True,,2.0,fixed_film,fixed_film
fixed_film__g5__t2,5,2,49,provenance://crystalite/outputs/final report output/relaxed_groups/fixed_film__g5__t2/cifs/sample_00049.cif,True,True,True,True,1.1890349102346076,348.316050962985,43.539506370373125,8,False,True,True,,,2.351449083726949,True,,2.0,fixed_film,fixed_film
fixed_film__g5__t2,5,2,50,provenance://crystalite/outputs/final report output/relaxed_groups/fixed_film__g5__t2/cifs/sample_00050.cif,True,True,True,True,1.189680073492977,6059.855952266712,504.987996022226,12,False,True,True,,,0.98221867429089,True,,2.0,fixed_film,fixed_film
fixed_film__g5__t2,5,2,52,provenance://crystalite/outputs/final report output/relaxed_groups/fixed_film__g5__t2/cifs/sample_00052.cif,True,True,True,True,1.168510838599332,162.7459614931586,14.795087408468964,11,False,True,True,,,3.2129162027425564,True,,2.0,fixed_film,fixed_film
fixed_film__g5__t2,5,2,53,provenance://crystalite/outputs/final report output/relaxed_groups/fixed_film__g5__t2/cifs/sample_00053.cif,True,True,True,True,1.133728607289349,1627.033543720919,90.39075242893996,18,False,True,True,,,1.664427293916558,True,,2.0,fixed_film,fixed_film
fixed_film__g5__t2,5,2,54,provenance://crystalite/outputs/final report output/relaxed_groups/fixed_film__g5__t2/cifs/sample_00054.cif,True,False,True,False,1.6694040103610903,1226.432575687616,68.13514309375644,18,False,True,True,,,2.0798086019933377,True,,2.0,fixed_film,fixed_film
fixed_film__g5__t2,5,2,55,provenance://crystalite/outputs/final report output/relaxed_groups/fixed_film__g5__t2/cifs/sample_00055.cif,True,True,True,True,1.349748736746047,12717.649125386946,1059.8040937822454,12,False,True,True,,,2.7995780041357725,True,,2.0,fixed_film,fixed_film
fixed_film__g5__t2,5,2,56,provenance://crystalite/outputs/final report output/relaxed_groups/fixed_film__g5__t2/cifs/sample_00056.cif,True,True,True,True,1.9089493293192383,928.6441046729942,232.16102616824853,4,False,True,True,,,2.6159589087196715,True,,2.0,fixed_film,fixed_film
fixed_film__g5__t2,5,2,57,provenance://crystalite/outputs/final report output/relaxed_groups/fixed_film__g5__t2/cifs/sample_00057.cif,True,True,True,True,1.9370079825518347,2992.1850858368034,598.4370171673606,5,False,True,True,,,3.180964812290153,True,,2.0,fixed_film,fixed_film
fixed_film__g5__t2,5,2,60,provenance://crystalite/outputs/final report output/relaxed_groups/fixed_film__g5__t2/cifs/sample_00060.cif,True,True,True,True,1.9774850567319333,1334.5945353024797,333.6486338256199,4,False,True,True,,,2.0896078899507384,True,,2.0,fixed_film,fixed_film
fixed_film__g5__t2,5,2,63,provenance://crystalite/outputs/final report output/relaxed_groups/fixed_film__g5__t2/cifs/sample_00063.cif,True,False,True,False,1.323524580949159,2348.480702459692,260.94230027329905,9,False,True,True,,,1.638931082599181,True,,2.0,fixed_film,fixed_film
fixed_film__g5__t2,5,2,65,provenance://crystalite/outputs/final report output/relaxed_groups/fixed_film__g5__t2/cifs/sample_00065.cif,True,True,True,True,1.1311584606994396,781.4382504892315,130.2397084148719,6,False,True,True,,,3.407632364788997,True,,2.0,fixed_film,fixed_film
fixed_film__g5__t2,5,2,68,provenance://crystalite/outputs/final report output/relaxed_groups/fixed_film__g5__t2/cifs/sample_00068.cif,True,True,True,True,1.6482945804759996,914.6502206275256,228.66255515688135,4,False,True,True,,,1.8881852347865555,True,,2.0,fixed_film,fixed_film
fixed_film__g5__t2,5,2,70,provenance://crystalite/outputs/final report output/relaxed_groups/fixed_film__g5__t2/cifs/sample_00070.cif,True,True,True,True,1.6131576210624754,36051.43599818533,2002.8575554547403,18,False,True,True,,,2.1810788584003205,True,,2.0,fixed_film,fixed_film
fixed_film__g5__t2,5,2,71,provenance://crystalite/outputs/final report output/relaxed_groups/fixed_film__g5__t2/cifs/sample_00071.cif,True,False,True,False,1.1122253998837277,1069.1162867947703,178.18604779912843,6,False,True,True,,,2.117130887021266,True,,2.0,fixed_film,fixed_film
fixed_film__g5__t2,5,2,74,provenance://crystalite/outputs/final report output/relaxed_groups/fixed_film__g5__t2/cifs/sample_00074.cif,True,True,True,True,5.4061830231566255,2702.2408385405656,675.5602096351414,4,False,True,True,,,0.7259064537199967,True,,2.0,fixed_film,fixed_film
fixed_film__g5__t2,5,2,76,provenance://crystalite/outputs/final report output/relaxed_groups/fixed_film__g5__t2/cifs/sample_00076.cif,True,True,True,True,8.459094044710412,3493.741932532505,1746.8709662662525,2,False,True,True,,,4.472195460443497,True,,2.0,fixed_film,fixed_film
fixed_film__g5__t2,5,2,78,provenance://crystalite/outputs/final report output/relaxed_groups/fixed_film__g5__t2/cifs/sample_00078.cif,True,True,True,True,1.1484260559554624,232.75576197637625,29.09447024704703,8,False,True,True,,,2.1523168349047856,True,,2.0,fixed_film,fixed_film
fixed_film__g5__t2,5,2,79,provenance://crystalite/outputs/final report output/relaxed_groups/fixed_film__g5__t2/cifs/sample_00079.cif,True,False,True,False,1.1162660220898788,1427.8524683220764,89.24077927012978,16,False,True,True,,,0.8894047045283952,True,,2.0,fixed_film,fixed_film
fixed_film__g5__t2,5,2,80,provenance://crystalite/outputs/final report output/relaxed_groups/fixed_film__g5__t2/cifs/sample_00080.cif,True,False,True,False,1.1094359874815645,241.20550243236949,24.12055024323695,10,False,True,True,,,2.802787714006584,True,,2.0,fixed_film,fixed_film
fixed_film__g5__t2,5,2,82,provenance://crystalite/outputs/final report output/relaxed_groups/fixed_film__g5__t2/cifs/sample_00082.cif,True,True,True,True,2.050929968901795,1198.3765013964394,199.72941689940657,6,False,True,True,,,3.181013619651438,True,,2.0,fixed_film,fixed_film
fixed_film__g5__t2,5,2,84,provenance://crystalite/outputs/final report output/relaxed_groups/fixed_film__g5__t2/cifs/sample_00084.cif,True,True,True,True,1.3352346329076863,3921.834318696868,217.87968437204825,18,False,True,True,,,2.249586688654603,True,,2.0,fixed_film,fixed_film
fixed_film__g5__t2,5,2,91,provenance://crystalite/outputs/final report output/relaxed_groups/fixed_film__g5__t2/cifs/sample_00091.cif,True,True,True,True,1.4854790520456176,51.14557160292922,17.048523867643073,3,False,True,True,,,5.541028098323952,True,,2.0,fixed_film,fixed_film
fixed_film__g5__t2,5,2,92,provenance://crystalite/outputs/final report output/relaxed_groups/fixed_film__g5__t2/cifs/sample_00092.cif,True,True,True,True,1.8229174803002128,368.3532171737026,73.67064343474053,5,False,True,True,,,2.265296453452489,True,,2.0,fixed_film,fixed_film
fixed_film__g5__t2,5,2,93,provenance://crystalite/outputs/final report output/relaxed_groups/fixed_film__g5__t2/cifs/sample_00093.cif,True,True,True,True,1.1117244834880085,2352.0879556772707,336.0125650967529,7,False,True,True,,,1.0440326238627815,True,,2.0,fixed_film,fixed_film
fixed_film__g5__t2,5,2,95,provenance://crystalite/outputs/final report output/relaxed_groups/fixed_film__g5__t2/cifs/sample_00095.cif,True,True,True,True,1.1093810011577607,3018.3595796271125,188.64747372669453,16,False,True,True,,,1.4410722793266946,True,,2.0,fixed_film,fixed_film
fixed_film__g5__t2,5,2,96,provenance://crystalite/outputs/final report output/relaxed_groups/fixed_film__g5__t2/cifs/sample_00096.cif,True,True,True,True,1.7755511466002107,1069.3051740465064,178.21752900775107,6,False,True,True,,,3.6536475524348897,True,,2.0,fixed_film,fixed_film
fixed_film__g5__t2,5,2,100,provenance://crystalite/outputs/final report output/relaxed_groups/fixed_film__g5__t2/cifs/sample_00100.cif,True,False,True,False,1.124644563673508,180.17548439239096,25.739354913198703,7,False,True,True,,,0.7714277884964565,True,,2.0,fixed_film,fixed_film
fixed_film__g5__t2,5,2,104,provenance://crystalite/outputs/final report output/relaxed_groups/fixed_film__g5__t2/cifs/sample_00104.cif,True,False,True,False,1.1164718325504157,3104.390167102054,258.69918059183783,12,False,True,True,,,1.882951829191762,True,,2.0,fixed_film,fixed_film
fixed_film__g5__t2,5,2,105,provenance://crystalite/outputs/final report output/relaxed_groups/fixed_film__g5__t2/cifs/sample_00105.cif,True,True,True,True,7.568416359643581,392.0612589172088,130.68708630573624,3,False,True,True,,,2.1131386656021225,True,,2.0,fixed_film,fixed_film
fixed_film__g5__t2,5,2,107,provenance://crystalite/outputs/final report output/relaxed_groups/fixed_film__g5__t2/cifs/sample_00107.cif,True,True,True,True,0.5318825752820029,1124.6207998712769,86.50929229779052,13,False,True,True,,,1.5437877512744675,True,,2.0,fixed_film,fixed_film
fixed_film__g5__t2,5,2,108,provenance://crystalite/outputs/final report output/relaxed_groups/fixed_film__g5__t2/cifs/sample_00108.cif,True,False,True,False,1.7093412113864492,1733.5861955565283,144.4655162963774,12,False,True,True,,,2.744456138001027,True,,2.0,fixed_film,fixed_film
fixed_film__g5__t2,5,2,111,provenance://crystalite/outputs/final report output/relaxed_groups/fixed_film__g5__t2/cifs/sample_00111.cif,True,True,True,True,1.1460889106774628,477.5382848427761,59.69228560534701,8,False,True,True,,,0.6075159383943188,True,,2.0,fixed_film,fixed_film
fixed_film__g5__t2,5,2,112,provenance://crystalite/outputs/final report output/relaxed_groups/fixed_film__g5__t2/cifs/sample_00112.cif,True,False,True,False,0.5928320691803577,661.0589997796607,132.21179995593212,5,False,True,True,,,1.606501467594147,True,,2.0,fixed_film,fixed_film
fixed_film__g5__t2,5,2,113,provenance://crystalite/outputs/final report output/relaxed_groups/fixed_film__g5__t2/cifs/sample_00113.cif,True,True,True,True,1.3799346661101992,213.2194525116904,26.652431563961297,8,False,True,True,,,2.213631403771142,True,,2.0,fixed_film,fixed_film
fixed_film__g5__t2,5,2,114,provenance://crystalite/outputs/final report output/relaxed_groups/fixed_film__g5__t2/cifs/sample_00114.cif,True,True,True,True,0.540790010448075,1475.741112078934,105.41007943420958,14,False,True,True,,,2.273017863847853,True,,2.0,fixed_film,fixed_film
fixed_film__g5__t2,5,2,115,provenance://crystalite/outputs/final report output/relaxed_groups/fixed_film__g5__t2/cifs/sample_00115.cif,True,True,True,True,1.1112757960963586,2869.6429944199795,239.13691620166492,12,False,True,True,,,1.822999522572286,True,,2.0,fixed_film,fixed_film
fixed_film__g5__t2,5,2,116,provenance://crystalite/outputs/final report output/relaxed_groups/fixed_film__g5__t2/cifs/sample_00116.cif,True,True,True,True,0.5290294226590432,3583.936365488133,447.99204568601664,8,False,True,True,,,1.7320433576464984,True,,2.0,fixed_film,fixed_film
fixed_film__g5__t2,5,2,123,provenance://crystalite/outputs/final report output/relaxed_groups/fixed_film__g5__t2/cifs/sample_00123.cif,True,True,True,True,1.4730872549881613,9738.060839253263,973.8060839253264,10,False,True,True,,,1.330521860396979,True,,2.0,fixed_film,fixed_film
fixed_film__g5__t2,5,2,127,provenance://crystalite/outputs/final report output/relaxed_groups/fixed_film__g5__t2/cifs/sample_00127.cif,True,True,True,True,0.5977213187462,506.2043406971582,50.62043406971582,10,False,True,True,,,2.317633908373601,True,,2.0,fixed_film,fixed_film
fixed_film__g5__t4,5,4,4,provenance://crystalite/outputs/final report output/relaxed_groups/fixed_film__g5__t4/cifs/sample_00004.cif,True,True,True,True,2.664969098336345,151.12830341486222,75.56415170743111,2,False,True,True,,,3.4409107153044616,True,,4.0,fixed_film,fixed_film
fixed_film__g5__t4,5,4,10,provenance://crystalite/outputs/final report output/relaxed_groups/fixed_film__g5__t4/cifs/sample_00010.cif,True,True,True,True,0.5371591080037467,115.44511867164928,9.620426555970774,12,False,True,True,,,3.5700175977657085,True,,4.0,fixed_film,fixed_film
fixed_film__g5__t4,5,4,18,provenance://crystalite/outputs/final report output/relaxed_groups/fixed_film__g5__t4/cifs/sample_00018.cif,True,True,True,True,2.9140250014304403,75.01682516340178,37.50841258170089,2,False,True,True,,,3.118978774104383,True,,4.0,fixed_film,fixed_film
fixed_film__g5__t4,5,4,19,provenance://crystalite/outputs/final report output/relaxed_groups/fixed_film__g5__t4/cifs/sample_00019.cif,True,True,True,True,1.1625079625672208,182.7860657876194,18.27860657876194,10,False,True,True,,,3.591057114268262,True,,4.0,fixed_film,fixed_film
fixed_film__g5__t4,5,4,20,provenance://crystalite/outputs/final report output/relaxed_groups/fixed_film__g5__t4/cifs/sample_00020.cif,True,True,True,True,1.683684048078628,114.31188013491314,22.862376026982627,5,False,True,True,,,2.5420719546878345,True,,4.0,fixed_film,fixed_film
fixed_film__g5__t4,5,4,31,provenance://crystalite/outputs/final report output/relaxed_groups/fixed_film__g5__t4/cifs/sample_00031.cif,True,True,True,True,1.4451008398086396,91.8708291836268,18.37416583672536,5,False,True,True,,,2.7714559521642705,True,,4.0,fixed_film,fixed_film
fixed_film__g5__t4,5,4,40,provenance://crystalite/outputs/final report output/relaxed_groups/fixed_film__g5__t4/cifs/sample_00040.cif,True,True,True,True,3.3016578333471287,73.31611325355284,36.65805662677642,2,False,True,False,,,2.348108264717068,True,,4.0,fixed_film,fixed_film
fixed_film__g5__t4,5,4,56,provenance://crystalite/outputs/final report output/relaxed_groups/fixed_film__g5__t4/cifs/sample_00056.cif,True,True,True,True,2.3358479420021085,81.06491440740753,20.26622860185188,4,False,True,True,,,5.852045372952534,True,,4.0,fixed_film,fixed_film
fixed_film__g5__t4,5,4,57,provenance://crystalite/outputs/final report output/relaxed_groups/fixed_film__g5__t4/cifs/sample_00057.cif,True,False,True,False,1.3543337960889166,250.99811460544151,50.19962292108831,5,False,True,True,,,2.8012321437185754,True,,4.0,fixed_film,fixed_film
fixed_film__g5__t4,5,4,60,provenance://crystalite/outputs/final report output/relaxed_groups/fixed_film__g5__t4/cifs/sample_00060.cif,True,True,True,True,2.04739475775356,311.506122145325,77.87653053633125,4,False,True,True,,,3.335157031871894,True,,4.0,fixed_film,fixed_film
fixed_film__g5__t4,5,4,68,provenance://crystalite/outputs/final report output/relaxed_groups/fixed_film__g5__t4/cifs/sample_00068.cif,True,True,True,True,1.224715079208492,60.17359395270303,15.043398488175756,4,False,True,True,,,3.5713618520864934,True,,4.0,fixed_film,fixed_film
fixed_film__g5__t4,5,4,74,provenance://crystalite/outputs/final report output/relaxed_groups/fixed_film__g5__t4/cifs/sample_00074.cif,True,True,True,True,1.5670968592401964,36.74632001964644,9.18658000491161,4,False,True,True,,,2.687476176933188,True,,4.0,fixed_film,fixed_film
fixed_film__g5__t4,5,4,75,provenance://crystalite/outputs/final report output/relaxed_groups/fixed_film__g5__t4/cifs/sample_00075.cif,True,False,True,False,0.5943198758926579,85.27121510130083,10.658901887662603,8,False,True,True,,,3.77656743165965,True,,4.0,fixed_film,fixed_film
fixed_film__g5__t4,5,4,76,provenance://crystalite/outputs/final report output/relaxed_groups/fixed_film__g5__t4/cifs/sample_00076.cif,True,True,True,True,3.136426138264762,27.776590867068965,13.888295433534482,2,False,True,True,,,3.3290755911008376,True,,4.0,fixed_film,fixed_film
fixed_film__g5__t4,5,4,78,provenance://crystalite/outputs/final report output/relaxed_groups/fixed_film__g5__t4/cifs/sample_00078.cif,True,True,True,True,1.1552255905761404,102.54439716933912,12.81804964616739,8,False,True,True,,,4.23405903152207,True,,4.0,fixed_film,fixed_film
fixed_film__g5__t4,5,4,91,provenance://crystalite/outputs/final report output/relaxed_groups/fixed_film__g5__t4/cifs/sample_00091.cif,True,True,True,True,1.5215268595326004,34.45180381067189,11.483934603557296,3,False,True,True,,,2.5000715228090864,True,,4.0,fixed_film,fixed_film
fixed_film__g5__t4,5,4,92,provenance://crystalite/outputs/final report output/relaxed_groups/fixed_film__g5__t4/cifs/sample_00092.cif,True,True,True,True,0.9412446543745268,66.86311935941052,13.372623871882103,5,False,True,True,,,1.8480389289942185,True,,4.0,fixed_film,fixed_film
fixed_film__g5__t4,5,4,93,provenance://crystalite/outputs/final report output/relaxed_groups/fixed_film__g5__t4/cifs/sample_00093.cif,True,False,True,False,0.9709565962753348,99.99116415239844,14.284452021771203,7,False,True,True,,,2.440851557754576,True,,4.0,fixed_film,fixed_film
fixed_film__g5__t4,5,4,101,provenance://crystalite/outputs/final report output/relaxed_groups/fixed_film__g5__t4/cifs/sample_00101.cif,True,True,True,True,0.5872039720419674,139.71725076902533,17.464656346128166,8,False,True,True,,,5.132369182684637,True,,4.0,fixed_film,fixed_film
fixed_film__g5__t4,5,4,116,provenance://crystalite/outputs/final report output/relaxed_groups/fixed_film__g5__t4/cifs/sample_00116.cif,True,True,True,True,1.5430824501303433,162.31475241739983,20.28934405217498,8,False,True,True,,,4.333438893065089,True,,4.0,fixed_film,fixed_film
fixed_film__g5__t8,5,8,0,provenance://crystalite/outputs/final report output/relaxed_groups/fixed_film__g5__t8/cifs/sample_00000.cif,True,True,True,True,2.7834451730058487,131.0934860254914,32.77337150637285,4,False,True,True,,,15.63675366998858,True,,8.0,fixed_film,fixed_film
fixed_film__g5__t8,5,8,2,provenance://crystalite/outputs/final report output/relaxed_groups/fixed_film__g5__t8/cifs/sample_00002.cif,True,True,True,True,0.9442609754693152,65.04427937102753,8.130534921378441,8,False,True,True,,,3.663118612335649,True,,8.0,fixed_film,fixed_film
fixed_film__g5__t8,5,8,4,provenance://crystalite/outputs/final report output/relaxed_groups/fixed_film__g5__t8/cifs/sample_00004.cif,True,True,True,True,2.338337430809704,91.20080842775718,45.60040421387859,2,False,True,True,,,5.718122779219844,True,,8.0,fixed_film,fixed_film
fixed_film__g5__t8,5,8,5,provenance://crystalite/outputs/final report output/relaxed_groups/fixed_film__g5__t8/cifs/sample_00005.cif,True,True,True,True,1.018143459738423,171.13345672020526,10.695841045012829,16,False,True,True,,,18.641006881421998,True,,8.0,fixed_film,fixed_film
fixed_film__g5__t8,5,8,8,provenance://crystalite/outputs/final report output/relaxed_groups/fixed_film__g5__t8/cifs/sample_00008.cif,True,True,True,True,0.9383402749833484,161.81376999564733,13.484480832970611,12,False,True,True,,,10.072380300082724,True,,8.0,fixed_film,fixed_film
fixed_film__g5__t8,5,8,13,provenance://crystalite/outputs/final report output/relaxed_groups/fixed_film__g5__t8/cifs/sample_00013.cif,True,True,True,True,0.9682619739335616,280.4858142391622,23.37381785326352,12,False,True,True,,,9.000201493218844,True,,8.0,fixed_film,fixed_film
fixed_film__g5__t8,5,8,15,provenance://crystalite/outputs/final report output/relaxed_groups/fixed_film__g5__t8/cifs/sample_00015.cif,True,True,True,True,3.336164700944652,93.83352872587272,31.27784290862424,3,True,True,True,,,22.22243514179892,True,,8.0,fixed_film,fixed_film
fixed_film__g5__t8,5,8,17,provenance://crystalite/outputs/final report output/relaxed_groups/fixed_film__g5__t8/cifs/sample_00017.cif,True,True,True,True,0.945320513302946,145.11860693057554,18.139825866321942,8,False,True,True,,,7.959048344058357,True,,8.0,fixed_film,fixed_film
fixed_film__g5__t8,5,8,18,provenance://crystalite/outputs/final report output/relaxed_groups/fixed_film__g5__t8/cifs/sample_00018.cif,True,False,True,False,2.707390334671486,57.49158342213511,28.745791711067557,2,False,True,True,,,15.582415121660016,True,,8.0,fixed_film,fixed_film
fixed_film__g5__t8,5,8,20,provenance://crystalite/outputs/final report output/relaxed_groups/fixed_film__g5__t8/cifs/sample_00020.cif,True,True,True,True,1.854261942125288,168.60415287303675,33.72083057460735,5,False,True,True,,,7.6173517405102205,True,,8.0,fixed_film,fixed_film
fixed_film__g5__t8,5,8,24,provenance://crystalite/outputs/final report output/relaxed_groups/fixed_film__g5__t8/cifs/sample_00024.cif,True,True,True,True,0.9624419481094753,242.87293142249172,24.287293142249176,10,False,True,True,,,6.510730713353508,True,,8.0,fixed_film,fixed_film
fixed_film__g5__t8,5,8,27,provenance://crystalite/outputs/final report output/relaxed_groups/fixed_film__g5__t8/cifs/sample_00027.cif,True,True,True,True,0.958442483732812,142.24744226713602,17.780930283392003,8,False,True,True,,,7.476948753066876,True,,8.0,fixed_film,fixed_film
fixed_film__g5__t8,5,8,31,provenance://crystalite/outputs/final report output/relaxed_groups/fixed_film__g5__t8/cifs/sample_00031.cif,True,True,True,True,2.850175270601348,169.52267388834488,33.90453477766898,5,False,True,True,,,4.3303286632975935,True,,8.0,fixed_film,fixed_film
fixed_film__g5__t8,5,8,35,provenance://crystalite/outputs/final report output/relaxed_groups/fixed_film__g5__t8/cifs/sample_00035.cif,True,False,True,False,2.2155775520171246,211.10734627634363,30.158192325191948,7,False,True,True,,,6.9923964949763535,True,,8.0,fixed_film,fixed_film
fixed_film__g5__t8,5,8,40,provenance://crystalite/outputs/final report output/relaxed_groups/fixed_film__g5__t8/cifs/sample_00040.cif,True,True,True,True,2.558904244285435,83.70754315391194,41.85377157695597,2,False,True,True,,,10.305434143776209,True,,8.0,fixed_film,fixed_film
fixed_film__g5__t8,5,8,41,provenance://crystalite/outputs/final report output/relaxed_groups/fixed_film__g5__t8/cifs/sample_00041.cif,True,True,True,True,0.9588516651162456,88.11701100286574,17.623402200573146,5,True,True,True,,,18.193534000601336,True,,8.0,fixed_film,fixed_film
fixed_film__g5__t8,5,8,45,provenance://crystalite/outputs/final report output/relaxed_groups/fixed_film__g5__t8/cifs/sample_00045.cif,True,True,True,True,1.9793000833144692,198.79908320369,33.133180533948334,6,False,True,True,,,5.380166166210679,True,,8.0,fixed_film,fixed_film
fixed_film__g5__t8,5,8,48,provenance://crystalite/outputs/final report output/relaxed_groups/fixed_film__g5__t8/cifs/sample_00048.cif,True,True,True,True,2.240670636199641,224.8428440118764,28.10535550148455,8,False,True,True,,,9.00035685607242,True,,8.0,fixed_film,fixed_film
fixed_film__g5__t8,5,8,51,provenance://crystalite/outputs/final report output/relaxed_groups/fixed_film__g5__t8/cifs/sample_00051.cif,True,True,True,True,2.9291259580233784,245.95605257773676,27.32845028641519,9,True,True,True,,,17.50688090901144,True,,8.0,fixed_film,fixed_film
fixed_film__g5__t8,5,8,52,provenance://crystalite/outputs/final report output/relaxed_groups/fixed_film__g5__t8/cifs/sample_00052.cif,True,True,True,True,0.939847758562379,110.70148055240549,10.06377095930959,11,False,True,True,,,6.871982885416066,True,,8.0,fixed_film,fixed_film
fixed_film__g5__t8,5,8,56,provenance://crystalite/outputs/final report output/relaxed_groups/fixed_film__g5__t8/cifs/sample_00056.cif,True,True,True,True,2.613956431824202,116.27530002426964,29.068825006067406,4,False,True,True,,,11.450980969428542,True,,8.0,fixed_film,fixed_film
fixed_film__g5__t8,5,8,57,provenance://crystalite/outputs/final report output/relaxed_groups/fixed_film__g5__t8/cifs/sample_00057.cif,True,False,True,False,2.580799032685483,165.26532677440215,33.05306535488043,5,False,True,True,,,10.907253103445075,True,,8.0,fixed_film,fixed_film
fixed_film__g5__t8,5,8,60,provenance://crystalite/outputs/final report output/relaxed_groups/fixed_film__g5__t8/cifs/sample_00060.cif,True,False,True,False,1.8577903201107264,102.0776038251179,25.51940095627948,4,False,True,True,,,9.971766550432344,True,,8.0,fixed_film,fixed_film
fixed_film__g5__t8,5,8,61,provenance://crystalite/outputs/final report output/relaxed_groups/fixed_film__g5__t8/cifs/sample_00061.cif,True,True,True,True,0.9859241067720966,299.6535698253899,21.40382641609928,14,False,True,True,,,10.085709722585255,True,,8.0,fixed_film,fixed_film
fixed_film__g5__t8,5,8,62,provenance://crystalite/outputs/final report output/relaxed_groups/fixed_film__g5__t8/cifs/sample_00062.cif,True,True,True,True,1.063424648974895,56.72464958629547,5.156786326026861,11,False,True,True,,,15.49239214307046,True,,8.0,fixed_film,fixed_film
fixed_film__g5__t8,5,8,63,provenance://crystalite/outputs/final report output/relaxed_groups/fixed_film__g5__t8/cifs/sample_00063.cif,True,True,True,True,2.345974993919873,270.76292226262984,30.08476914029221,9,False,True,True,,,8.012858829339082,True,,8.0,fixed_film,fixed_film
fixed_film__g5__t8,5,8,68,provenance://crystalite/outputs/final report output/relaxed_groups/fixed_film__g5__t8/cifs/sample_00068.cif,True,True,True,True,2.383896051448572,146.20381140713917,36.55095285178479,4,False,True,True,,,11.115036231321865,True,,8.0,fixed_film,fixed_film
fixed_film__g5__t8,5,8,71,provenance://crystalite/outputs/final report output/relaxed_groups/fixed_film__g5__t8/cifs/sample_00071.cif,True,True,True,True,0.9766382232710624,166.89615494397367,27.816025823995613,6,False,True,True,,,7.784151695493502,True,,8.0,fixed_film,fixed_film
fixed_film__g5__t8,5,8,73,provenance://crystalite/outputs/final report output/relaxed_groups/fixed_film__g5__t8/cifs/sample_00073.cif,True,False,True,False,1.9260389272671,524.7088371443774,32.79430232152359,16,False,True,True,,,7.581669171639201,True,,8.0,fixed_film,fixed_film
fixed_film__g5__t8,5,8,74,provenance://crystalite/outputs/final report output/relaxed_groups/fixed_film__g5__t8/cifs/sample_00074.cif,True,False,True,False,2.6737705646215724,113.63931275019289,28.40982818754822,4,False,True,True,,,9.927326134888808,True,,8.0,fixed_film,fixed_film
fixed_film__g5__t8,5,8,76,provenance://crystalite/outputs/final report output/relaxed_groups/fixed_film__g5__t8/cifs/sample_00076.cif,True,True,True,True,2.3747418257510646,41.52957474614045,20.764787373070224,2,False,True,False,,,10.65847952538722,True,,8.0,fixed_film,fixed_film
fixed_film__g5__t8,5,8,78,provenance://crystalite/outputs/final report output/relaxed_groups/fixed_film__g5__t8/cifs/sample_00078.cif,True,False,True,False,0.970659365807785,89.6934644222929,11.211683052786611,8,False,True,True,,,3.901207497371304,True,,8.0,fixed_film,fixed_film
fixed_film__g5__t8,5,8,82,provenance://crystalite/outputs/final report output/relaxed_groups/fixed_film__g5__t8/cifs/sample_00082.cif,True,False,True,False,2.249918614224936,165.12310845202512,27.52051807533752,6,False,True,True,,,7.634626350585703,True,,8.0,fixed_film,fixed_film
fixed_film__g5__t8,5,8,85,provenance://crystalite/outputs/final report output/relaxed_groups/fixed_film__g5__t8/cifs/sample_00085.cif,True,False,True,False,2.373316624392759,253.8186047141822,21.15155039284852,12,False,True,True,,,15.55675226630155,True,,8.0,fixed_film,fixed_film
fixed_film__g5__t8,5,8,86,provenance://crystalite/outputs/final report output/relaxed_groups/fixed_film__g5__t8/cifs/sample_00086.cif,True,False,True,False,0.976228719091218,570.305285679494,40.73609183424957,14,False,True,True,,,8.10895469046313,True,,8.0,fixed_film,fixed_film
fixed_film__g5__t8,5,8,88,provenance://crystalite/outputs/final report output/relaxed_groups/fixed_film__g5__t8/cifs/sample_00088.cif,True,False,True,False,0.9460817891841312,960.9962710437622,48.04981355218811,20,False,True,True,,,8.477323798828762,True,,8.0,fixed_film,fixed_film
fixed_film__g5__t8,5,8,91,provenance://crystalite/outputs/final report output/relaxed_groups/fixed_film__g5__t8/cifs/sample_00091.cif,True,True,True,True,2.6415262471163348,70.0355435817698,23.345181193923267,3,True,True,True,,,19.7017377122738,True,,8.0,fixed_film,fixed_film
fixed_film__g5__t8,5,8,92,provenance://crystalite/outputs/final report output/relaxed_groups/fixed_film__g5__t8/cifs/sample_00092.cif,True,False,True,False,3.135396631598016,201.86484089220843,40.37296817844169,5,False,True,True,,,5.591193792704593,True,,8.0,fixed_film,fixed_film
fixed_film__g5__t8,5,8,93,provenance://crystalite/outputs/final report output/relaxed_groups/fixed_film__g5__t8/cifs/sample_00093.cif,True,True,True,True,2.4088799317444405,240.7610000398817,34.394428577125964,7,False,True,True,,,7.5007135145625154,True,,8.0,fixed_film,fixed_film
fixed_film__g5__t8,5,8,94,provenance://crystalite/outputs/final report output/relaxed_groups/fixed_film__g5__t8/cifs/sample_00094.cif,True,True,True,True,0.9459195854471067,235.19867726121285,23.519867726121284,10,False,True,True,,,7.532176733140972,True,,8.0,fixed_film,fixed_film
fixed_film__g5__t8,5,8,105,provenance://crystalite/outputs/final report output/relaxed_groups/fixed_film__g5__t8/cifs/sample_00105.cif,True,False,True,False,2.668922723303051,93.7791959540702,31.259731984690063,3,False,True,True,,,12.792257947204256,True,,8.0,fixed_film,fixed_film
fixed_film__g5__t8,5,8,111,provenance://crystalite/outputs/final report output/relaxed_groups/fixed_film__g5__t8/cifs/sample_00111.cif,True,True,True,True,2.2965628849507302,127.0625727247936,15.8828215905992,8,False,True,True,,,13.23007213859316,True,,8.0,fixed_film,fixed_film
fixed_film__g5__t8,5,8,112,provenance://crystalite/outputs/final report output/relaxed_groups/fixed_film__g5__t8/cifs/sample_00112.cif,True,False,True,False,3.1783561407381,379.9478592259312,75.98957184518623,5,False,True,True,,,3.700027254223988,True,,8.0,fixed_film,fixed_film
fixed_film__g5__t8,5,8,113,provenance://crystalite/outputs/final report output/relaxed_groups/fixed_film__g5__t8/cifs/sample_00113.cif,True,False,True,False,0.95031350596248,199.33576963817976,24.916971204772477,8,False,True,True,,,11.48414461088518,True,,8.0,fixed_film,fixed_film
fixed_film__g5__t8,5,8,123,provenance://crystalite/outputs/final report output/relaxed_groups/fixed_film__g5__t8/cifs/sample_00123.cif,True,True,True,True,2.0178411956000883,349.0743315802213,34.90743315802213,10,False,True,True,,,6.768877457855996,True,,8.0,fixed_film,fixed_film
fixed_film__g5__t8,5,8,126,provenance://crystalite/outputs/final report output/relaxed_groups/fixed_film__g5__t8/cifs/sample_00126.cif,True,False,True,False,0.941940130874414,1049.6997323312812,80.7461332562524,13,False,True,True,,,5.510443556583621,True,,8.0,fixed_film,fixed_film
fixed_film__g5__t8,5,8,127,provenance://crystalite/outputs/final report output/relaxed_groups/fixed_film__g5__t8/cifs/sample_00127.cif,True,True,True,True,2.4148465340972667,327.89696704569013,32.78969670456901,10,False,True,True,,,7.334133126267242,True,,8.0,fixed_film,fixed_film
fixed_film__g5__t12,5,12,0,provenance://crystalite/outputs/final report output/relaxed_groups/fixed_film__g5__t12/cifs/sample_00000.cif,True,True,True,True,5.405301243074328,582.6391839577399,145.65979598943497,4,True,True,True,,,17.282514839103012,True,,12.0,fixed_film,fixed_film
fixed_film__g5__t12,5,12,1,provenance://crystalite/outputs/final report output/relaxed_groups/fixed_film__g5__t12/cifs/sample_00001.cif,True,True,True,True,1.942276271748114,2421.2726008150094,121.06363004075048,20,True,True,True,,,7.172810345116852,True,,12.0,fixed_film,fixed_film
fixed_film__g5__t12,5,12,2,provenance://crystalite/outputs/final report output/relaxed_groups/fixed_film__g5__t12/cifs/sample_00002.cif,True,True,True,True,2.4309499875497456,190.27680402097337,23.78460050262167,8,True,True,True,,,16.71481387846433,True,,12.0,fixed_film,fixed_film
fixed_film__g5__t12,5,12,4,provenance://crystalite/outputs/final report output/relaxed_groups/fixed_film__g5__t12/cifs/sample_00004.cif,True,True,True,True,7.704189492891076,3.7992920590768144,1.8996460295384072,2,True,True,True,,,12487.506341229557,True,,12.0,fixed_film,fixed_film
fixed_film__g5__t12,5,12,7,provenance://crystalite/outputs/final report output/relaxed_groups/fixed_film__g5__t12/cifs/sample_00007.cif,True,False,True,False,2.134538418868788,399.55630130140526,28.539735807243236,14,False,True,True,,,19.955845531800996,True,,12.0,fixed_film,fixed_film
fixed_film__g5__t12,5,12,8,provenance://crystalite/outputs/final report output/relaxed_groups/fixed_film__g5__t12/cifs/sample_00008.cif,True,True,True,True,2.3357263376053625,355.794088829507,29.64950740245892,12,True,True,True,,,13.704683567728049,True,,12.0,fixed_film,fixed_film
fixed_film__g5__t12,5,12,11,provenance://crystalite/outputs/final report output/relaxed_groups/fixed_film__g5__t12/cifs/sample_00011.cif,True,False,True,False,2.359921765148921,13962.512643061067,775.695146836726,18,False,True,True,,,6.183275901489741,True,,12.0,fixed_film,fixed_film
fixed_film__g5__t12,5,12,13,provenance://crystalite/outputs/final report output/relaxed_groups/fixed_film__g5__t12/cifs/sample_00013.cif,True,True,True,True,2.314124657268924,168.75233527215815,14.06269460601318,12,True,True,True,,,30.183567749081856,True,,12.0,fixed_film,fixed_film
fixed_film__g5__t12,5,12,14,provenance://crystalite/outputs/final report output/relaxed_groups/fixed_film__g5__t12/cifs/sample_00014.cif,True,True,True,True,2.2738754240158454,341.2093029002439,28.43410857502033,12,True,True,True,,,16.66682678885799,True,,12.0,fixed_film,fixed_film
fixed_film__g5__t12,5,12,15,provenance://crystalite/outputs/final report output/relaxed_groups/fixed_film__g5__t12/cifs/sample_00015.cif,True,True,True,True,2.5586512135770016,44.191277449417086,14.730425816472362,3,True,True,True,,,36.19958147393671,True,,12.0,fixed_film,fixed_film
fixed_film__g5__t12,5,12,17,provenance://crystalite/outputs/final report output/relaxed_groups/fixed_film__g5__t12/cifs/sample_00017.cif,True,False,True,False,1.1905908080258656,50.90408155772953,6.363010194716192,8,False,True,True,,,40.14841806391603,True,,12.0,fixed_film,fixed_film
fixed_film__g5__t12,5,12,18,provenance://crystalite/outputs/final report output/relaxed_groups/fixed_film__g5__t12/cifs/sample_00018.cif,True,True,True,True,12.477622536495398,10.50306478534685,5.251532392673425,2,True,True,True,,,102.51469502927232,True,,12.0,fixed_film,fixed_film
fixed_film__g5__t12,5,12,20,provenance://crystalite/outputs/final report output/relaxed_groups/fixed_film__g5__t12/cifs/sample_00020.cif,True,False,True,False,5.377911985521132,97.9048385238708,19.58096770477416,5,False,True,True,,,9.4859840318842,True,,12.0,fixed_film,fixed_film
fixed_film__g5__t12,5,12,22,provenance://crystalite/outputs/final report output/relaxed_groups/fixed_film__g5__t12/cifs/sample_00022.cif,True,True,True,True,2.2688804887713707,1130.89059296767,80.77789949769071,14,True,True,True,,,7.438006870484178,True,,12.0,fixed_film,fixed_film
fixed_film__g5__t12,5,12,24,provenance://crystalite/outputs/final report output/relaxed_groups/fixed_film__g5__t12/cifs/sample_00024.cif,True,True,True,True,1.8027078237520917,121.05842847932638,12.10584284793264,10,True,True,True,,,19.5073958707974,True,,12.0,fixed_film,fixed_film
fixed_film__g5__t12,5,12,27,provenance://crystalite/outputs/final report output/relaxed_groups/fixed_film__g5__t12/cifs/sample_00027.cif,True,True,True,True,2.7038233635926736,303.69014469822275,37.96126808727784,8,True,True,True,,,9.445285518398494,True,,12.0,fixed_film,fixed_film
fixed_film__g5__t12,5,12,30,provenance://crystalite/outputs/final report output/relaxed_groups/fixed_film__g5__t12/cifs/sample_00030.cif,True,False,True,False,5.432175138379689,14832.086702565744,927.005418910359,16,False,True,True,,,6.05005292505511,True,,12.0,fixed_film,fixed_film
fixed_film__g5__t12,5,12,31,provenance://crystalite/outputs/final report output/relaxed_groups/fixed_film__g5__t12/cifs/sample_00031.cif,True,True,True,True,2.6457715159155506,35.616274367266875,7.123254873453375,5,True,True,True,,,10.486799165557583,True,,12.0,fixed_film,fixed_film
fixed_film__g5__t12,5,12,32,provenance://crystalite/outputs/final report output/relaxed_groups/fixed_film__g5__t12/cifs/sample_00032.cif,True,True,True,True,11.048096875135538,160249.99669205325,8902.777594002959,18,True,True,True,,,5.571042483283321,True,,12.0,fixed_film,fixed_film
fixed_film__g5__t12,5,12,33,provenance://crystalite/outputs/final report output/relaxed_groups/fixed_film__g5__t12/cifs/sample_00033.cif,True,True,True,True,2.3800805954555138,197.97743168359256,16.49811930696605,12,True,True,True,,,29.475602228573177,True,,12.0,fixed_film,fixed_film
fixed_film__g5__t12,5,12,34,provenance://crystalite/outputs/final report output/relaxed_groups/fixed_film__g5__t12/cifs/sample_00034.cif,True,True,True,True,0.9815734547928856,1101.4225693602502,84.72481302771156,13,True,True,True,,,11.709487887888423,True,,12.0,fixed_film,fixed_film
fixed_film__g5__t12,5,12,35,provenance://crystalite/outputs/final report output/relaxed_groups/fixed_film__g5__t12/cifs/sample_00035.cif,True,True,True,True,2.256103714286318,188.2234785829938,26.88906836899912,7,True,True,True,,,15.418424594977992,True,,12.0,fixed_film,fixed_film
fixed_film__g5__t12,5,12,39,provenance://crystalite/outputs/final report output/relaxed_groups/fixed_film__g5__t12/cifs/sample_00039.cif,True,True,True,True,2.2914589049985987,530.4988598230894,33.15617873894309,16,False,True,True,,,12.227211991349511,True,,12.0,fixed_film,fixed_film
fixed_film__g5__t12,5,12,40,provenance://crystalite/outputs/final report output/relaxed_groups/fixed_film__g5__t12/cifs/sample_00040.cif,True,True,True,True,8.989042441813137,2.9248165859999213,1.462408292999961,2,True,True,True,,,42805.81242004752,True,,12.0,fixed_film,fixed_film
fixed_film__g5__t12,5,12,41,provenance://crystalite/outputs/final report output/relaxed_groups/fixed_film__g5__t12/cifs/sample_00041.cif,True,False,True,False,2.454063607027244,104.36335485125568,20.87267097025114,5,False,True,True,,,16.446512415195382,True,,12.0,fixed_film,fixed_film
fixed_film__g5__t12,5,12,42,provenance://crystalite/outputs/final report output/relaxed_groups/fixed_film__g5__t12/cifs/sample_00042.cif,True,True,True,True,1.950388698929323,1731.9847981016228,108.24904988135144,16,False,True,True,,,7.735319354897871,True,,12.0,fixed_film,fixed_film
fixed_film__g5__t12,5,12,43,provenance://crystalite/outputs/final report output/relaxed_groups/fixed_film__g5__t12/cifs/sample_00043.cif,True,True,True,True,8.324950249606083,23678.713981467343,2367.8713981467345,10,True,True,True,,,5.689557374503225,True,,12.0,fixed_film,fixed_film
fixed_film__g5__t12,5,12,45,provenance://crystalite/outputs/final report output/relaxed_groups/fixed_film__g5__t12/cifs/sample_00045.cif,True,True,True,True,2.3472070002277565,120.24869332022269,20.04144888670378,6,True,True,True,,,21.336940353903632,True,,12.0,fixed_film,fixed_film
fixed_film__g5__t12,5,12,46,provenance://crystalite/outputs/final report output/relaxed_groups/fixed_film__g5__t12/cifs/sample_00046.cif,True,False,True,False,2.212766172526121,262.79699606198574,23.890636005635063,11,False,True,True,,,17.850718048010506,True,,12.0,fixed_film,fixed_film
fixed_film__g5__t12,5,12,47,provenance://crystalite/outputs/final report output/relaxed_groups/fixed_film__g5__t12/cifs/sample_00047.cif,True,True,True,True,2.2555596285201904,332.25923847857456,27.688269873214548,12,True,True,True,,,15.540365848733224,True,,12.0,fixed_film,fixed_film
fixed_film__g5__t12,5,12,48,provenance://crystalite/outputs/final report output/relaxed_groups/fixed_film__g5__t12/cifs/sample_00048.cif,True,False,True,False,2.3066217620957734,156.8856217385695,19.61070271732119,8,False,True,True,,,18.0640926806082,True,,12.0,fixed_film,fixed_film
fixed_film__g5__t12,5,12,49,provenance://crystalite/outputs/final report output/relaxed_groups/fixed_film__g5__t12/cifs/sample_00049.cif,True,True,True,True,2.4419616553195653,205.56043181293157,25.695053976616443,8,True,True,True,,,13.869107866099093,True,,12.0,fixed_film,fixed_film
fixed_film__g5__t12,5,12,51,provenance://crystalite/outputs/final report output/relaxed_groups/fixed_film__g5__t12/cifs/sample_00051.cif,True,True,True,True,2.213156672504168,366.23932916159646,40.69325879573294,9,True,True,True,,,9.92705471885179,True,,12.0,fixed_film,fixed_film
fixed_film__g5__t12,5,12,52,provenance://crystalite/outputs/final report output/relaxed_groups/fixed_film__g5__t12/cifs/sample_00052.cif,True,False,True,False,2.3458026864698565,205.89555466459797,18.71777769678163,11,False,True,True,,,25.74437750942987,True,,12.0,fixed_film,fixed_film
fixed_film__g5__t12,5,12,53,provenance://crystalite/outputs/final report output/relaxed_groups/fixed_film__g5__t12/cifs/sample_00053.cif,True,True,True,True,1.926927073180152,1289.9256137481798,71.6625340971211,18,False,True,True,,,11.541250840294165,True,,12.0,fixed_film,fixed_film
fixed_film__g5__t12,5,12,55,provenance://crystalite/outputs/final report output/relaxed_groups/fixed_film__g5__t12/cifs/sample_00055.cif,True,False,True,False,1.949923630904696,243.2328844630572,20.2694070385881,12,False,True,True,,,15.689438181554644,True,,12.0,fixed_film,fixed_film
fixed_film__g5__t12,5,12,56,provenance://crystalite/outputs/final report output/relaxed_groups/fixed_film__g5__t12/cifs/sample_00056.cif,True,True,True,True,2.6067348266995607,58.52488223664627,14.631220559161568,4,True,True,True,,,36.65445633867852,True,,12.0,fixed_film,fixed_film
fixed_film__g5__t12,5,12,57,provenance://crystalite/outputs/final report output/relaxed_groups/fixed_film__g5__t12/cifs/sample_00057.cif,True,False,True,False,4.611259807594171,7.455303200259252,1.4910606400518502,5,False,True,True,,,13346.106212354513,True,,12.0,fixed_film,fixed_film
fixed_film__g5__t12,5,12,58,provenance://crystalite/outputs/final report output/relaxed_groups/fixed_film__g5__t12/cifs/sample_00058.cif,True,True,True,True,1.8625328490266628,497.58137577459394,27.643409765255218,18,False,True,True,,,11.154092933263527,True,,12.0,fixed_film,fixed_film
fixed_film__g5__t12,5,12,60,provenance://crystalite/outputs/final report output/relaxed_groups/fixed_film__g5__t12/cifs/sample_00060.cif,True,True,True,True,3.4357569713798712,760.6499260116872,190.1624815029218,4,True,True,True,,,12.874364983698486,True,,12.0,fixed_film,fixed_film
fixed_film__g5__t12,5,12,63,provenance://crystalite/outputs/final report output/relaxed_groups/fixed_film__g5__t12/cifs/sample_00063.cif,True,True,True,True,3.3572163294544826,329.66164023652084,36.62907113739121,9,True,True,True,,,8.463612639844452,True,,12.0,fixed_film,fixed_film
fixed_film__g5__t12,5,12,64,provenance://crystalite/outputs/final report output/relaxed_groups/fixed_film__g5__t12/cifs/sample_00064.cif,True,True,True,True,2.460398020523152,121.2635579504006,17.3233654214858,7,True,True,True,,,24.58549658506577,True,,12.0,fixed_film,fixed_film
fixed_film__g5__t12,5,12,65,provenance://crystalite/outputs/final report output/relaxed_groups/fixed_film__g5__t12/cifs/sample_00065.cif,True,True,True,True,2.3864044147791965,113.85428127010604,18.975713545017676,6,True,True,True,,,21.523958673436145,True,,12.0,fixed_film,fixed_film
fixed_film__g5__t12,5,12,66,provenance://crystalite/outputs/final report output/relaxed_groups/fixed_film__g5__t12/cifs/sample_00066.cif,True,False,True,False,9.45549892714804,130948.23065167396,6547.411532583697,20,False,True,True,,,5.900458642120664,True,,12.0,fixed_film,fixed_film
fixed_film__g5__t12,5,12,67,provenance://crystalite/outputs/final report output/relaxed_groups/fixed_film__g5__t12/cifs/sample_00067.cif,True,False,True,False,2.135752168770902,570.7512507439412,47.56260422866177,12,False,True,True,,,7.1212190058936855,True,,12.0,fixed_film,fixed_film
fixed_film__g5__t12,5,12,68,provenance://crystalite/outputs/final report output/relaxed_groups/fixed_film__g5__t12/cifs/sample_00068.cif,True,False,True,False,4.963715059828956,629.3975081749905,157.34937704374764,4,False,True,True,,,10.345447368854128,True,,12.0,fixed_film,fixed_film
fixed_film__g5__t12,5,12,69,provenance://crystalite/outputs/final report output/relaxed_groups/fixed_film__g5__t12/cifs/sample_00069.cif,True,True,True,True,1.9517153520985528,10418.095057595836,520.9047528797918,20,True,True,True,,,7.615185558968792,True,,12.0,fixed_film,fixed_film
fixed_film__g5__t12,5,12,70,provenance://crystalite/outputs/final report output/relaxed_groups/fixed_film__g5__t12/cifs/sample_00070.cif,True,False,True,False,2.174407657957637,958.0199541548956,53.22333078638309,18,False,True,True,,,8.046980061624316,True,,12.0,fixed_film,fixed_film
fixed_film__g5__t12,5,12,71,provenance://crystalite/outputs/final report output/relaxed_groups/fixed_film__g5__t12/cifs/sample_00071.cif,True,False,True,False,0.929132824019612,54.80489771472642,9.13414961912107,6,False,True,True,,,25.22859196473304,True,,12.0,fixed_film,fixed_film
fixed_film__g5__t12,5,12,72,provenance://crystalite/outputs/final report output/relaxed_groups/fixed_film__g5__t12/cifs/sample_00072.cif,True,True,True,True,1.887625522836664,43.76385561005634,4.376385561005634,10,True,True,True,,,68.54572081953837,True,,12.0,fixed_film,fixed_film
fixed_film__g5__t12,5,12,74,provenance://crystalite/outputs/final report output/relaxed_groups/fixed_film__g5__t12/cifs/sample_00074.cif,True,True,True,True,2.3315012093730325,186.6181214249385,46.65453035623462,4,True,True,True,,,16.722734141968708,True,,12.0,fixed_film,fixed_film
fixed_film__g5__t12,5,12,75,provenance://crystalite/outputs/final report output/relaxed_groups/fixed_film__g5__t12/cifs/sample_00075.cif,True,False,True,False,1.148289640274894,245.7135989618732,30.714199870234147,8,False,True,True,,,10.770515048520387,True,,12.0,fixed_film,fixed_film
fixed_film__g5__t12,5,12,76,provenance://crystalite/outputs/final report output/relaxed_groups/fixed_film__g5__t12/cifs/sample_00076.cif,True,True,True,True,10.497442416723084,4.767793243009105,2.3838966215045523,2,True,True,True,,,4911.427633260153,True,,12.0,fixed_film,fixed_film
fixed_film__g5__t12,5,12,77,provenance://crystalite/outputs/final report output/relaxed_groups/fixed_film__g5__t12/cifs/sample_00077.cif,True,False,True,False,2.2440210832853973,187.53660579719383,20.837400644132646,9,False,True,True,,,18.100897036825376,True,,12.0,fixed_film,fixed_film
fixed_film__g5__t12,5,12,78,provenance://crystalite/outputs/final report output/relaxed_groups/fixed_film__g5__t12/cifs/sample_00078.cif,True,False,True,False,2.407354504376997,144.0368046292653,18.004600578658163,8,False,True,True,,,23.588623615096747,True,,12.0,fixed_film,fixed_film
fixed_film__g5__t12,5,12,80,provenance://crystalite/outputs/final report output/relaxed_groups/fixed_film__g5__t12/cifs/sample_00080.cif,True,True,True,True,4.564296222041184,3199.3384149066405,319.93384149066407,10,True,True,True,,,5.731214503471631,True,,12.0,fixed_film,fixed_film
fixed_film__g5__t12,5,12,81,provenance://crystalite/outputs/final report output/relaxed_groups/fixed_film__g5__t12/cifs/sample_00081.cif,True,True,True,True,2.122263734038455,557.8700953733232,27.89350476866616,20,True,True,True,,,12.679702583741564,True,,12.0,fixed_film,fixed_film
fixed_film__g5__t12,5,12,82,provenance://crystalite/outputs/final report output/relaxed_groups/fixed_film__g5__t12/cifs/sample_00082.cif,True,True,True,True,1.473670988486548,24.11445422291629,4.019075703819381,6,True,True,True,,,35.55194066107372,True,,12.0,fixed_film,fixed_film
fixed_film__g5__t12,5,12,83,provenance://crystalite/outputs/final report output/relaxed_groups/fixed_film__g5__t12/cifs/sample_00083.cif,True,False,True,False,2.688149982137802,1977.6852903904216,164.80710753253516,12,False,True,True,,,10.32774843482531,True,,12.0,fixed_film,fixed_film
fixed_film__g5__t12,5,12,84,provenance://crystalite/outputs/final report output/relaxed_groups/fixed_film__g5__t12/cifs/sample_00084.cif,True,True,True,True,1.6506798829945863,140.49906423184737,7.805503568435965,18,True,True,True,,,5.075435797653569,True,,12.0,fixed_film,fixed_film
fixed_film__g5__t12,5,12,87,provenance://crystalite/outputs/final report output/relaxed_groups/fixed_film__g5__t12/cifs/sample_00087.cif,True,True,True,True,2.172465898386318,338.70146385845123,28.22512198820427,12,True,True,True,,,16.237805178783432,True,,12.0,fixed_film,fixed_film
fixed_film__g5__t12,5,12,88,provenance://crystalite/outputs/final report output/relaxed_groups/fixed_film__g5__t12/cifs/sample_00088.cif,True,True,True,True,1.5749451434284776,5860.700030429983,293.0350015214991,20,False,True,True,,,7.6173029226708815,True,,12.0,fixed_film,fixed_film
fixed_film__g5__t12,5,12,89,provenance://crystalite/outputs/final report output/relaxed_groups/fixed_film__g5__t12/cifs/sample_00089.cif,True,False,True,False,0.9104488168154,135.22587377805385,8.451617111128366,16,False,True,True,,,22.07781407192606,True,,12.0,fixed_film,fixed_film
fixed_film__g5__t12,5,12,90,provenance://crystalite/outputs/final report output/relaxed_groups/fixed_film__g5__t12/cifs/sample_00090.cif,True,True,True,True,0.9490896806055528,156.1678299574311,11.154844996959364,14,True,True,True,,,18.629151146914317,True,,12.0,fixed_film,fixed_film
fixed_film__g5__t12,5,12,91,provenance://crystalite/outputs/final report output/relaxed_groups/fixed_film__g5__t12/cifs/sample_00091.cif,True,True,True,True,2.4181546323465044,60.15646407547983,20.05215469182661,3,True,True,True,,,18.547239849345097,True,,12.0,fixed_film,fixed_film
fixed_film__g5__t12,5,12,92,provenance://crystalite/outputs/final report output/relaxed_groups/fixed_film__g5__t12/cifs/sample_00092.cif,True,False,True,False,2.3800070141330374,137.4384617819508,27.48769235639016,5,False,True,True,,,17.580900964458536,True,,12.0,fixed_film,fixed_film
fixed_film__g5__t12,5,12,93,provenance://crystalite/outputs/final report output/relaxed_groups/fixed_film__g5__t12/cifs/sample_00093.cif,True,True,True,True,2.4723715081725977,135.32711606671842,19.332445152388345,7,True,True,True,,,22.410908819327503,True,,12.0,fixed_film,fixed_film
fixed_film__g5__t12,5,12,94,provenance://crystalite/outputs/final report output/relaxed_groups/fixed_film__g5__t12/cifs/sample_00094.cif,True,False,True,False,8.855754085665795,4151.994120104634,415.1994120104634,10,False,True,True,,,10.439292006601017,True,,12.0,fixed_film,fixed_film
fixed_film__g5__t12,5,12,95,provenance://crystalite/outputs/final report output/relaxed_groups/fixed_film__g5__t12/cifs/sample_00095.cif,True,False,True,False,1.929699737872277,359.05208614604896,22.44075538412806,16,False,True,True,,,20.13822608988728,True,,12.0,fixed_film,fixed_film
fixed_film__g5__t12,5,12,97,provenance://crystalite/outputs/final report output/relaxed_groups/fixed_film__g5__t12/cifs/sample_00097.cif,True,True,True,True,1.0671245148260502,292.05523542418484,15.371328180220257,19,True,True,True,,,13.576718784373435,True,,12.0,fixed_film,fixed_film
fixed_film__g5__t12,5,12,98,provenance://crystalite/outputs/final report output/relaxed_groups/fixed_film__g5__t12/cifs/sample_00098.cif,True,False,True,False,1.7907025953906863,341.47007038856674,18.970559466031485,18,False,True,True,,,17.82441467411097,True,,12.0,fixed_film,fixed_film
fixed_film__g5__t12,5,12,99,provenance://crystalite/outputs/final report output/relaxed_groups/fixed_film__g5__t12/cifs/sample_00099.cif,True,False,True,False,2.2044728042773123,675.578324228955,37.53212912383084,18,False,True,True,,,14.779488190816176,True,,12.0,fixed_film,fixed_film
fixed_film__g5__t12,5,12,105,provenance://crystalite/outputs/final report output/relaxed_groups/fixed_film__g5__t12/cifs/sample_00105.cif,True,True,True,True,2.6125043493991167,44.08111715352207,14.693705717840688,3,True,True,True,,,36.52372378701372,True,,12.0,fixed_film,fixed_film
fixed_film__g5__t12,5,12,106,provenance://crystalite/outputs/final report output/relaxed_groups/fixed_film__g5__t12/cifs/sample_00106.cif,True,True,True,True,2.2295109326695424,342.5716517759238,24.46940369828027,14,False,True,True,,,18.963255371808582,True,,12.0,fixed_film,fixed_film
fixed_film__g5__t12,5,12,107,provenance://crystalite/outputs/final report output/relaxed_groups/fixed_film__g5__t12/cifs/sample_00107.cif,True,False,True,False,1.6649930259036263,125.8263741090849,9.678951854544993,13,False,True,True,,,0.8114759330055069,True,,12.0,fixed_film,fixed_film
fixed_film__g5__t12,5,12,108,provenance://crystalite/outputs/final report output/relaxed_groups/fixed_film__g5__t12/cifs/sample_00108.cif,True,True,True,True,2.6507148869493617,162.698637448972,13.558219787414332,12,False,True,True,,,12.308717419815125,True,,12.0,fixed_film,fixed_film
fixed_film__g5__t12,5,12,110,provenance://crystalite/outputs/final report output/relaxed_groups/fixed_film__g5__t12/cifs/sample_00110.cif,True,False,True,False,2.0304171261307165,743.8632923811824,53.1330923129416,14,False,True,True,,,7.498879225178338,True,,12.0,fixed_film,fixed_film
fixed_film__g5__t12,5,12,111,provenance://crystalite/outputs/final report output/relaxed_groups/fixed_film__g5__t12/cifs/sample_00111.cif,True,False,True,False,2.606414490922808,118.00943659588717,14.751179574485894,8,False,True,True,,,32.27424415232472,True,,12.0,fixed_film,fixed_film
fixed_film__g5__t12,5,12,113,provenance://crystalite/outputs/final report output/relaxed_groups/fixed_film__g5__t12/cifs/sample_00113.cif,True,True,True,True,2.1522789693488744,429.73881674011216,53.71735209251402,8,False,True,True,,,11.463470731456804,True,,12.0,fixed_film,fixed_film
fixed_film__g5__t12,5,12,114,provenance://crystalite/outputs/final report output/relaxed_groups/fixed_film__g5__t12/cifs/sample_00114.cif,True,True,True,True,0.9398466905030616,166.85361423692618,11.918115302637585,14,True,True,True,,,21.847690566477823,True,,12.0,fixed_film,fixed_film
fixed_film__g5__t12,5,12,115,provenance://crystalite/outputs/final report output/relaxed_groups/fixed_film__g5__t12/cifs/sample_00115.cif,True,False,True,False,2.493775383890448,251.62263745866812,20.96855312155568,12,False,True,True,,,23.30364352212989,True,,12.0,fixed_film,fixed_film
fixed_film__g5__t12,5,12,116,provenance://crystalite/outputs/final report output/relaxed_groups/fixed_film__g5__t12/cifs/sample_00116.cif,True,True,True,True,2.3339267196133044,152.34685116279502,19.043356395349377,8,True,True,True,,,22.82970920218848,True,,12.0,fixed_film,fixed_film
fixed_film__g5__t12,5,12,118,provenance://crystalite/outputs/final report output/relaxed_groups/fixed_film__g5__t12/cifs/sample_00118.cif,True,True,True,True,2.012982491585522,668.0448175993236,33.40224087996618,20,True,True,True,,,14.02242879251872,True,,12.0,fixed_film,fixed_film
fixed_film__g5__t12,5,12,119,provenance://crystalite/outputs/final report output/relaxed_groups/fixed_film__g5__t12/cifs/sample_00119.cif,True,False,True,False,2.0405333956570093,610.3274783316683,30.51637391658341,20,False,True,True,,,11.775724788509764,True,,12.0,fixed_film,fixed_film
fixed_film__g5__t12,5,12,120,provenance://crystalite/outputs/final report output/relaxed_groups/fixed_film__g5__t12/cifs/sample_00120.cif,True,True,True,True,2.2081288620484334,821.685450980078,41.0842725490039,20,False,True,True,,,12.065614393612726,True,,12.0,fixed_film,fixed_film
fixed_film__g5__t12,5,12,121,provenance://crystalite/outputs/final report output/relaxed_groups/fixed_film__g5__t12/cifs/sample_00121.cif,True,True,True,True,1.0301748592001383,1291.3488805157322,99.33452927044094,13,True,True,True,,,5.862034315129255,True,,12.0,fixed_film,fixed_film
fixed_film__g5__t12,5,12,123,provenance://crystalite/outputs/final report output/relaxed_groups/fixed_film__g5__t12/cifs/sample_00123.cif,True,True,True,True,3.139220568064938,4772.264895462258,477.2264895462258,10,False,True,True,,,5.490106231054567,True,,12.0,fixed_film,fixed_film
fixed_film__g5__t12,5,12,124,provenance://crystalite/outputs/final report output/relaxed_groups/fixed_film__g5__t12/cifs/sample_00124.cif,True,True,True,True,0.985091472847708,457.53137824610246,32.680812731864464,14,True,True,True,,,13.148321609459794,True,,12.0,fixed_film,fixed_film
fixed_film__g5__t12,5,12,125,provenance://crystalite/outputs/final report output/relaxed_groups/fixed_film__g5__t12/cifs/sample_00125.cif,True,True,True,True,1.9570665415531363,3896.156109114,194.8078054557,20,True,True,True,,,8.63010441067838,True,,12.0,fixed_film,fixed_film
fixed_film__g5__t12,5,12,127,provenance://crystalite/outputs/final report output/relaxed_groups/fixed_film__g5__t12/cifs/sample_00127.cif,True,True,True,True,2.046159317079858,277.8591266590105,27.785912665901048,10,True,True,True,,,14.984778974330789,True,,12.0,fixed_film,fixed_film
