group,guidance_factor,target,sample_id,cif_path,readable,composition_valid,structure_valid,structure_comp_valid,min_distance,volume,volume_per_atom,num_atoms,metal_like_proxy,unique,novel,energy_above_hull_per_atom,stable,metastable,thermo_success,thermo_fail_reason,predicted_dft_dielectric_scalar,prediction_success,prediction_error,target_numeric,source_method,source_label
additive_plus_film__uncond,0,uncond,0,provenance://crystalite/outputs/final report output/relaxed_groups/additive_plus_film__uncond/cifs/sample_00000.cif,True,True,True,True,3.1849991094052994,407.34181823451456,40.73418182345146,10,False,True,True,,,,False,,2.83983517133748,True,,,additive_plus_film,additive_plus_film
additive_plus_film__uncond,0,uncond,1,provenance://crystalite/outputs/final report output/relaxed_groups/additive_plus_film__uncond/cifs/sample_00001.cif,True,True,True,True,2.653597401063572,29.373438654134464,14.686719327067232,2,True,True,True,,,,False,,22.860805220115264,True,,,additive_plus_film,additive_plus_film
additive_plus_film__uncond,0,uncond,2,provenance://crystalite/outputs/final report output/relaxed_groups/additive_plus_film__uncond/cifs/sample_00002.cif,True,True,True,True,2.4041294636067505,207.09711909138497,17.258093257615414,12,False,True,True,,,,False,,17.48970937787756,True,,,additive_plus_film,additive_plus_film
additive_plus_film__uncond,0,uncond,3,provenance://crystalite/outputs/final report output/relaxed_groups/additive_plus_film__uncond/cifs/sample_00003.cif,True,False,True,False,2.4579524722690955,110.16763358691163,22.03352671738233,5,False,True,True,,,,False,,9.328482662592013,True,,,additive_plus_film,additive_plus_film
additive_plus_film__uncond,0,uncond,4,provenance://crystalite/outputs/final report output/relaxed_groups/additive_plus_film__uncond/cifs/sample_00004.cif,True,True,True,True,1.9795873505188653,153.95968958534402,13.996335416849456,11,False,True,True,,,,False,,5.139276829017022,True,,,additive_plus_film,additive_plus_film
additive_plus_film__uncond,0,uncond,5,provenance://crystalite/outputs/final report output/relaxed_groups/additive_plus_film__uncond/cifs/sample_00005.cif,True,True,True,True,2.448493427007129,186.1800124409617,15.51500103674681,12,True,True,True,,,,False,,13.738374908087437,True,,,additive_plus_film,additive_plus_film
additive_plus_film__uncond,0,uncond,6,provenance://crystalite/outputs/final report output/relaxed_groups/additive_plus_film__uncond/cifs/sample_00006.cif,True,True,True,True,2.4923388582163937,239.27276453987903,18.405597272298387,13,False,True,True,,,,False,,18.182496443158687,True,,,additive_plus_film,additive_plus_film
additive_plus_film__uncond,0,uncond,7,provenance://crystalite/outputs/final report output/relaxed_groups/additive_plus_film__uncond/cifs/sample_00007.cif,True,False,True,False,2.7287116078061544,443.64841049636857,36.97070087469738,12,False,True,True,,,,False,,11.6837759620952,True,,,additive_plus_film,additive_plus_film
additive_plus_film__uncond,0,uncond,8,provenance://crystalite/outputs/final report output/relaxed_groups/additive_plus_film__uncond/cifs/sample_00008.cif,True,True,True,True,1.958075796232384,268.86801822126125,13.443400911063062,20,False,True,True,,,,False,,4.626944305380413,True,,,additive_plus_film,additive_plus_film
additive_plus_film__uncond,0,uncond,9,provenance://crystalite/outputs/final report output/relaxed_groups/additive_plus_film__uncond/cifs/sample_00009.cif,True,True,True,True,3.0097790216927405,84.92494995140645,21.23123748785161,4,True,True,True,,,,False,,13.15332559614149,True,,,additive_plus_film,additive_plus_film
additive_plus_film__uncond,0,uncond,10,provenance://crystalite/outputs/final report output/relaxed_groups/additive_plus_film__uncond/cifs/sample_00010.cif,True,True,True,True,2.2388229055116886,704.0742778243573,39.11523765690874,18,False,True,True,,,,False,,2.872109445757238,True,,,additive_plus_film,additive_plus_film
additive_plus_film__uncond,0,uncond,11,provenance://crystalite/outputs/final report output/relaxed_groups/additive_plus_film__uncond/cifs/sample_00011.cif,True,True,True,True,2.7299532037001937,143.1604990550839,28.63209981101678,5,True,True,True,,,,False,,13.923322620749458,True,,,additive_plus_film,additive_plus_film
additive_plus_film__uncond,0,uncond,12,provenance://crystalite/outputs/final report output/relaxed_groups/additive_plus_film__uncond/cifs/sample_00012.cif,True,False,True,False,2.2550442726423428,157.4439531224818,22.49199330321168,7,False,True,True,,,,False,,14.525622609685644,True,,,additive_plus_film,additive_plus_film
additive_plus_film__uncond,0,uncond,13,provenance://crystalite/outputs/final report output/relaxed_groups/additive_plus_film__uncond/cifs/sample_00013.cif,True,True,True,True,2.663982682808084,131.8172707601541,16.47715884501926,8,True,True,True,,,,False,,26.36071481196654,True,,,additive_plus_film,additive_plus_film
additive_plus_film__uncond,0,uncond,14,provenance://crystalite/outputs/final report output/relaxed_groups/additive_plus_film__uncond/cifs/sample_00014.cif,True,True,True,True,2.6741129595948023,196.2720301467788,28.03886144953983,7,True,True,True,,,,False,,17.30404833770881,True,,,additive_plus_film,additive_plus_film
additive_plus_film__uncond,0,uncond,15,provenance://crystalite/outputs/final report output/relaxed_groups/additive_plus_film__uncond/cifs/sample_00015.cif,True,True,True,True,3.0104051021104947,333.4725249924441,33.34725249924441,10,True,True,True,,,,False,,12.460297849721876,True,,,additive_plus_film,additive_plus_film
additive_plus_film__uncond,0,uncond,16,provenance://crystalite/outputs/final report output/relaxed_groups/additive_plus_film__uncond/cifs/sample_00016.cif,True,False,True,False,2.551617552944216,305.75550739706983,19.109719212316865,16,False,True,True,,,,False,,20.691936242887213,True,,,additive_plus_film,additive_plus_film
additive_plus_film__uncond,0,uncond,17,provenance://crystalite/outputs/final report output/relaxed_groups/additive_plus_film__uncond/cifs/sample_00017.cif,True,True,True,True,2.70427718023934,170.69798766747738,18.966443074164157,9,True,True,True,,,,False,,21.469057005562444,True,,,additive_plus_film,additive_plus_film
additive_plus_film__uncond,0,uncond,18,provenance://crystalite/outputs/final report output/relaxed_groups/additive_plus_film__uncond/cifs/sample_00018.cif,True,True,True,True,2.4686291692854736,185.2634690226216,14.2510360786632,13,True,True,True,,,,False,,14.495569746882673,True,,,additive_plus_film,additive_plus_film
additive_plus_film__uncond,0,uncond,19,provenance://crystalite/outputs/final report output/relaxed_groups/additive_plus_film__uncond/cifs/sample_00019.cif,True,False,True,False,1.9872943075655876,124.36279865770268,17.766114093957526,7,False,True,True,,,,False,,9.985779639692174,True,,,additive_plus_film,additive_plus_film
additive_plus_film__uncond,0,uncond,20,provenance://crystalite/outputs/final report output/relaxed_groups/additive_plus_film__uncond/cifs/sample_00020.cif,True,True,True,True,2.411797455089226,158.9099536980372,19.863744212254648,8,True,True,True,,,,False,,13.122497827272902,True,,,additive_plus_film,additive_plus_film
additive_plus_film__uncond,0,uncond,21,provenance://crystalite/outputs/final report output/relaxed_groups/additive_plus_film__uncond/cifs/sample_00021.cif,True,True,True,True,2.3644964651784486,253.50246550655655,18.10731896475404,14,False,True,True,,,,False,,12.286592964955013,True,,,additive_plus_film,additive_plus_film
additive_plus_film__uncond,0,uncond,22,provenance://crystalite/outputs/final report output/relaxed_groups/additive_plus_film__uncond/cifs/sample_00022.cif,True,True,True,True,2.424324809648259,642.878201668947,45.91987154778193,14,False,True,True,,,,False,,2.4020621760478824,True,,,additive_plus_film,additive_plus_film
additive_plus_film__uncond,0,uncond,23,provenance://crystalite/outputs/final report output/relaxed_groups/additive_plus_film__uncond/cifs/sample_00023.cif,True,True,True,True,2.6952749536248715,330.6498453730201,33.06498453730201,10,False,True,True,,,,False,,3.101585724968123,True,,,additive_plus_film,additive_plus_film
additive_plus_film__uncond,0,uncond,24,provenance://crystalite/outputs/final report output/relaxed_groups/additive_plus_film__uncond/cifs/sample_00024.cif,True,True,True,True,2.166249611422184,280.5906992771995,23.38255827309996,12,False,True,True,,,,False,,5.460048881510239,True,,,additive_plus_film,additive_plus_film
additive_plus_film__uncond,0,uncond,25,provenance://crystalite/outputs/final report output/relaxed_groups/additive_plus_film__uncond/cifs/sample_00025.cif,True,True,True,True,2.21692009216464,281.9176977596024,28.19176977596024,10,False,True,True,,,,False,,5.785309519080354,True,,,additive_plus_film,additive_plus_film
additive_plus_film__uncond,0,uncond,26,provenance://crystalite/outputs/final report output/relaxed_groups/additive_plus_film__uncond/cifs/sample_00026.cif,True,True,True,True,1.3995318141196822,222.33331685670856,11.116665842835427,20,False,True,True,,,,False,,7.371921567712306,True,,,additive_plus_film,additive_plus_film
additive_plus_film__uncond,0,uncond,27,provenance://crystalite/outputs/final report output/relaxed_groups/additive_plus_film__uncond/cifs/sample_00027.cif,True,True,True,True,2.410568717558122,273.4647233356395,22.788726944636625,12,False,True,True,,,,False,,12.7583294006635,True,,,additive_plus_film,additive_plus_film
additive_plus_film__uncond,0,uncond,28,provenance://crystalite/outputs/final report output/relaxed_groups/additive_plus_film__uncond/cifs/sample_00028.cif,True,False,True,False,2.490952440883952,427.8078993738337,35.65065828115281,12,False,True,True,,,,False,,9.567204277048235,True,,,additive_plus_film,additive_plus_film
additive_plus_film__uncond,0,uncond,29,provenance://crystalite/outputs/final report output/relaxed_groups/additive_plus_film__uncond/cifs/sample_00029.cif,True,True,True,True,2.461586024910648,203.86249949223452,25.48281243652932,8,False,True,True,,,,False,,8.171841381507036,True,,,additive_plus_film,additive_plus_film
additive_plus_film__uncond,0,uncond,30,provenance://crystalite/outputs/final report output/relaxed_groups/additive_plus_film__uncond/cifs/sample_00030.cif,True,True,True,True,2.076996248063739,357.4370399942746,25.531217142448185,14,False,True,True,,,,False,,7.086077480561322,True,,,additive_plus_film,additive_plus_film
additive_plus_film__uncond,0,uncond,31,provenance://crystalite/outputs/final report output/relaxed_groups/additive_plus_film__uncond/cifs/sample_00031.cif,True,True,True,True,2.829032586989912,275.0189985815913,34.37737482269891,8,False,True,True,,,,False,,11.720978767401498,True,,,additive_plus_film,additive_plus_film
additive_plus_film__uncond,0,uncond,32,provenance://crystalite/outputs/final report output/relaxed_groups/additive_plus_film__uncond/cifs/sample_00032.cif,True,True,True,True,1.425723537359891,170.9363260574369,17.09363260574369,10,False,True,True,,,,False,,1.8795407710603116,True,,,additive_plus_film,additive_plus_film
additive_plus_film__uncond,0,uncond,33,provenance://crystalite/outputs/final report output/relaxed_groups/additive_plus_film__uncond/cifs/sample_00033.cif,True,True,True,True,3.3514668218670867,118.90817909304585,29.727044773261454,4,True,True,True,,,,False,,15.12254368107075,True,,,additive_plus_film,additive_plus_film
additive_plus_film__uncond,0,uncond,34,provenance://crystalite/outputs/final report output/relaxed_groups/additive_plus_film__uncond/cifs/sample_00034.cif,True,True,True,True,2.17511038673916,83.76409536652918,16.752819073305837,5,False,True,True,,,,False,,3.3049262124964787,True,,,additive_plus_film,additive_plus_film
additive_plus_film__uncond,0,uncond,35,provenance://crystalite/outputs/final report output/relaxed_groups/additive_plus_film__uncond/cifs/sample_00035.cif,True,False,True,False,2.656579963916245,267.02025587545734,22.251687989621445,12,False,True,True,,,,False,,7.157607022087771,True,,,additive_plus_film,additive_plus_film
additive_plus_film__uncond,0,uncond,36,provenance://crystalite/outputs/final report output/relaxed_groups/additive_plus_film__uncond/cifs/sample_00036.cif,True,True,True,True,2.644841799181035,111.00131590403264,18.50021931733877,6,True,True,True,,,,False,,15.255874428969852,True,,,additive_plus_film,additive_plus_film
additive_plus_film__uncond,0,uncond,37,provenance://crystalite/outputs/final report output/relaxed_groups/additive_plus_film__uncond/cifs/sample_00037.cif,True,False,True,False,1.9380679709501836,173.2549669460236,12.375354781858828,14,False,True,True,,,,False,,8.735079605817889,True,,,additive_plus_film,additive_plus_film
additive_plus_film__uncond,0,uncond,38,provenance://crystalite/outputs/final report output/relaxed_groups/additive_plus_film__uncond/cifs/sample_00038.cif,True,True,True,True,1.6145532760379078,184.09969566359567,13.149978261685405,14,False,True,True,,,,False,,5.241905393121382,True,,,additive_plus_film,additive_plus_film
additive_plus_film__uncond,0,uncond,39,provenance://crystalite/outputs/final report output/relaxed_groups/additive_plus_film__uncond/cifs/sample_00039.cif,True,True,True,True,1.754043186951606,245.2564499590576,15.3285281224411,16,False,True,True,,,,False,,5.403377761867534,True,,,additive_plus_film,additive_plus_film
additive_plus_film__uncond,0,uncond,40,provenance://crystalite/outputs/final report output/relaxed_groups/additive_plus_film__uncond/cifs/sample_00040.cif,True,False,True,False,2.323200137993226,461.347469145481,25.63041495252672,18,False,True,True,,,,False,,14.69391758726706,True,,,additive_plus_film,additive_plus_film
additive_plus_film__uncond,0,uncond,41,provenance://crystalite/outputs/final report output/relaxed_groups/additive_plus_film__uncond/cifs/sample_00041.cif,True,True,True,True,0.9679579672886188,174.32837516593509,10.895523447870945,16,False,True,True,,,,False,,2.095056803996565,True,,,additive_plus_film,additive_plus_film
additive_plus_film__uncond,0,uncond,42,provenance://crystalite/outputs/final report output/relaxed_groups/additive_plus_film__uncond/cifs/sample_00042.cif,True,True,True,True,1.653430681204619,212.4413823429269,13.277586396432929,16,False,True,True,,,,False,,5.388838978936962,True,,,additive_plus_film,additive_plus_film
additive_plus_film__uncond,0,uncond,43,provenance://crystalite/outputs/final report output/relaxed_groups/additive_plus_film__uncond/cifs/sample_00043.cif,True,True,True,True,1.578480538116874,159.04497644936887,13.253748037447409,12,False,True,True,,,,False,,3.7602033124305287,True,,,additive_plus_film,additive_plus_film
additive_plus_film__uncond,0,uncond,44,provenance://crystalite/outputs/final report output/relaxed_groups/additive_plus_film__uncond/cifs/sample_00044.cif,True,False,True,False,3.017442486206278,289.1696288387014,41.30994697695734,7,False,True,True,,,,False,,3.8055034501199327,True,,,additive_plus_film,additive_plus_film
additive_plus_film__uncond,0,uncond,45,provenance://crystalite/outputs/final report output/relaxed_groups/additive_plus_film__uncond/cifs/sample_00045.cif,True,True,True,True,2.102268686341888,427.14417981711074,21.357208990855536,20,False,True,True,,,,False,,7.262634043651942,True,,,additive_plus_film,additive_plus_film
additive_plus_film__uncond,0,uncond,46,provenance://crystalite/outputs/final report output/relaxed_groups/additive_plus_film__uncond/cifs/sample_00046.cif,True,True,True,True,2.428912028492753,129.5710181324803,16.196377266560038,8,False,True,True,,,,False,,25.798587374849088,True,,,additive_plus_film,additive_plus_film
additive_plus_film__uncond,0,uncond,47,provenance://crystalite/outputs/final report output/relaxed_groups/additive_plus_film__uncond/cifs/sample_00047.cif,True,False,True,False,1.998928182411212,168.12772766438948,16.812772766438947,10,False,True,True,,,,False,,4.224999781726602,True,,,additive_plus_film,additive_plus_film
additive_plus_film__uncond,0,uncond,48,provenance://crystalite/outputs/final report output/relaxed_groups/additive_plus_film__uncond/cifs/sample_00048.cif,True,True,True,True,1.7370069979598866,298.1701762969376,14.90850881484688,20,False,True,True,,,,False,,4.977673013274226,True,,,additive_plus_film,additive_plus_film
additive_plus_film__uncond,0,uncond,49,provenance://crystalite/outputs/final report output/relaxed_groups/additive_plus_film__uncond/cifs/sample_00049.cif,True,True,True,True,2.381493954366095,131.8699988560319,16.48374985700399,8,True,True,True,,,,False,,14.035976635393087,True,,,additive_plus_film,additive_plus_film
additive_plus_film__uncond,0,uncond,50,provenance://crystalite/outputs/final report output/relaxed_groups/additive_plus_film__uncond/cifs/sample_00050.cif,True,True,True,True,2.7868217530031325,62.08853007066682,15.522132517666703,4,True,True,True,,,,False,,34.291542255025114,True,,,additive_plus_film,additive_plus_film
additive_plus_film__uncond,0,uncond,51,provenance://crystalite/outputs/final report output/relaxed_groups/additive_plus_film__uncond/cifs/sample_00051.cif,True,True,True,True,2.2398095190225917,179.27104636130647,19.919005151256275,9,False,True,True,,,,False,,7.1878496923542246,True,,,additive_plus_film,additive_plus_film
additive_plus_film__uncond,0,uncond,52,provenance://crystalite/outputs/final report output/relaxed_groups/additive_plus_film__uncond/cifs/sample_00052.cif,True,True,True,True,3.320368140345872,114.52412591567618,28.631031478919045,4,True,True,True,,,,False,,12.727385629423765,True,,,additive_plus_film,additive_plus_film
additive_plus_film__uncond,0,uncond,53,provenance://crystalite/outputs/final report output/relaxed_groups/additive_plus_film__uncond/cifs/sample_00053.cif,True,True,True,True,2.736002019785712,200.57473366890244,25.071841708612805,8,True,True,True,,,,False,,19.177258212669468,True,,,additive_plus_film,additive_plus_film
additive_plus_film__uncond,0,uncond,54,provenance://crystalite/outputs/final report output/relaxed_groups/additive_plus_film__uncond/cifs/sample_00054.cif,True,True,True,True,2.003161085285464,464.52583909715366,23.22629195485768,20,False,True,True,,,,False,,6.001536334078049,True,,,additive_plus_film,additive_plus_film
additive_plus_film__uncond,0,uncond,55,provenance://crystalite/outputs/final report output/relaxed_groups/additive_plus_film__uncond/cifs/sample_00055.cif,True,True,True,True,1.7687402097212166,234.0530592526924,13.002947736260689,18,False,True,True,,,,False,,3.696347300540223,True,,,additive_plus_film,additive_plus_film
additive_plus_film__uncond,0,uncond,56,provenance://crystalite/outputs/final report output/relaxed_groups/additive_plus_film__uncond/cifs/sample_00056.cif,True,True,True,True,2.752447669480264,66.30447852548953,16.576119631372382,4,False,True,True,,,,False,,11.678800613552568,True,,,additive_plus_film,additive_plus_film
additive_plus_film__uncond,0,uncond,57,provenance://crystalite/outputs/final report output/relaxed_groups/additive_plus_film__uncond/cifs/sample_00057.cif,True,True,True,True,3.2678781916467043,232.7788222260308,29.09735277825385,8,True,True,True,,,,False,,13.33262657440766,True,,,additive_plus_film,additive_plus_film
additive_plus_film__uncond,0,uncond,58,provenance://crystalite/outputs/final report output/relaxed_groups/additive_plus_film__uncond/cifs/sample_00058.cif,True,False,True,False,1.705087973279458,225.62817270136225,11.28140863506811,20,False,True,True,,,,False,,6.9922084770301245,True,,,additive_plus_film,additive_plus_film
additive_plus_film__uncond,0,uncond,59,provenance://crystalite/outputs/final report output/relaxed_groups/additive_plus_film__uncond/cifs/sample_00059.cif,True,True,True,True,1.876712580084534,123.26656558844716,13.696285065383018,9,False,True,True,,,,False,,5.754509765999967,True,,,additive_plus_film,additive_plus_film
additive_plus_film__uncond,0,uncond,60,provenance://crystalite/outputs/final report output/relaxed_groups/additive_plus_film__uncond/cifs/sample_00060.cif,True,True,True,True,2.3628828963118726,455.0858037872585,28.442862736703656,16,False,True,True,,,,False,,7.825300755640754,True,,,additive_plus_film,additive_plus_film
additive_plus_film__uncond,0,uncond,61,provenance://crystalite/outputs/final report output/relaxed_groups/additive_plus_film__uncond/cifs/sample_00061.cif,True,True,True,True,2.065172908856717,274.26039634752175,13.713019817376088,20,False,True,True,,,,False,,17.644619286347336,True,,,additive_plus_film,additive_plus_film
additive_plus_film__uncond,0,uncond,62,provenance://crystalite/outputs/final report output/relaxed_groups/additive_plus_film__uncond/cifs/sample_00062.cif,True,True,True,True,2.578248751620229,293.4184494234502,18.33865308896564,16,True,True,True,,,,False,,21.746252216645328,True,,,additive_plus_film,additive_plus_film
additive_plus_film__uncond,0,uncond,63,provenance://crystalite/outputs/final report output/relaxed_groups/additive_plus_film__uncond/cifs/sample_00063.cif,True,False,True,False,2.2272774262974755,379.4583119679239,23.71614449799524,16,False,True,True,,,,False,,9.1669162303826,True,,,additive_plus_film,additive_plus_film
additive_plus_film__uncond,0,uncond,64,provenance://crystalite/outputs/final report output/relaxed_groups/additive_plus_film__uncond/cifs/sample_00064.cif,True,True,True,True,2.297261124634319,84.8239125984257,14.137318766404285,6,False,True,True,,,,False,,16.41425706888204,True,,,additive_plus_film,additive_plus_film
additive_plus_film__uncond,0,uncond,65,provenance://crystalite/outputs/final report output/relaxed_groups/additive_plus_film__uncond/cifs/sample_00065.cif,True,True,True,True,1.3576185058245982,121.83188971239588,12.18318897123959,10,False,True,True,,,,False,,3.6813981482435,True,,,additive_plus_film,additive_plus_film
additive_plus_film__uncond,0,uncond,66,provenance://crystalite/outputs/final report output/relaxed_groups/additive_plus_film__uncond/cifs/sample_00066.cif,True,True,True,True,2.803703841816186,68.58499787562442,22.86166595854148,3,True,True,True,,,,False,,17.779542898634848,True,,,additive_plus_film,additive_plus_film
additive_plus_film__uncond,0,uncond,67,provenance://crystalite/outputs/final report output/relaxed_groups/additive_plus_film__uncond/cifs/sample_00067.cif,True,True,True,True,2.572090083060889,53.18029590579671,17.726765301932236,3,False,True,True,,,,False,,4.368318905308173,True,,,additive_plus_film,additive_plus_film
additive_plus_film__uncond,0,uncond,68,provenance://crystalite/outputs/final report output/relaxed_groups/additive_plus_film__uncond/cifs/sample_00068.cif,True,False,True,False,2.3410145720243656,569.6490023231777,35.603062645198605,16,False,True,True,,,,False,,7.8567566050675,True,,,additive_plus_film,additive_plus_film
additive_plus_film__uncond,0,uncond,69,provenance://crystalite/outputs/final report output/relaxed_groups/additive_plus_film__uncond/cifs/sample_00069.cif,True,True,True,True,2.3401989207027256,184.0814027629197,18.40814027629197,10,True,True,True,,,,False,,11.485866058101024,True,,,additive_plus_film,additive_plus_film
additive_plus_film__uncond,0,uncond,70,provenance://crystalite/outputs/final report output/relaxed_groups/additive_plus_film__uncond/cifs/sample_00070.cif,True,True,True,True,3.437131808011141,95.16661992277822,31.722206640926075,3,True,True,True,,,,False,,10.611710652648236,True,,,additive_plus_film,additive_plus_film
additive_plus_film__uncond,0,uncond,71,provenance://crystalite/outputs/final report output/relaxed_groups/additive_plus_film__uncond/cifs/sample_00071.cif,True,True,True,True,3.2445145997187077,175.9398784355454,29.323313072590903,6,True,True,True,,,,False,,9.600856925898643,True,,,additive_plus_film,additive_plus_film
additive_plus_film__uncond,0,uncond,72,provenance://crystalite/outputs/final report output/relaxed_groups/additive_plus_film__uncond/cifs/sample_00072.cif,True,True,True,True,1.833546539919368,226.591787259614,17.430137481508766,13,False,True,True,,,,False,,4.450836793289053,True,,,additive_plus_film,additive_plus_film
additive_plus_film__uncond,0,uncond,73,provenance://crystalite/outputs/final report output/relaxed_groups/additive_plus_film__uncond/cifs/sample_00073.cif,True,True,True,True,0.5680545626823409,161.82420393547235,13.485350327956027,12,False,True,True,,,,False,,4.994249231278285,True,,,additive_plus_film,additive_plus_film
additive_plus_film__uncond,0,uncond,74,provenance://crystalite/outputs/final report output/relaxed_groups/additive_plus_film__uncond/cifs/sample_00074.cif,True,True,True,True,2.8839079196953694,80.01254407004551,26.6708480233485,3,True,True,True,,,,False,,11.392613930274186,True,,,additive_plus_film,additive_plus_film
additive_plus_film__uncond,0,uncond,75,provenance://crystalite/outputs/final report output/relaxed_groups/additive_plus_film__uncond/cifs/sample_00075.cif,True,False,True,False,1.7068698865973562,149.85477710023912,14.985477710023911,10,False,True,True,,,,False,,2.709417033707,True,,,additive_plus_film,additive_plus_film
additive_plus_film__uncond,0,uncond,76,provenance://crystalite/outputs/final report output/relaxed_groups/additive_plus_film__uncond/cifs/sample_00076.cif,True,True,True,True,3.250238889305962,211.05259527170173,26.38157440896272,8,True,True,True,,,,False,,12.380361310166728,True,,,additive_plus_film,additive_plus_film
additive_plus_film__uncond,0,uncond,77,provenance://crystalite/outputs/final report output/relaxed_groups/additive_plus_film__uncond/cifs/sample_00077.cif,True,True,True,True,1.9157921195208436,139.09161856873902,11.590968214061585,12,False,True,True,,,,False,,5.790985611883239,True,,,additive_plus_film,additive_plus_film
additive_plus_film__uncond,0,uncond,78,provenance://crystalite/outputs/final report output/relaxed_groups/additive_plus_film__uncond/cifs/sample_00078.cif,True,True,True,True,2.4959591994860006,244.84612822173528,20.403844018477937,12,True,True,True,,,,False,,19.01452983335341,True,,,additive_plus_film,additive_plus_film
additive_plus_film__uncond,0,uncond,79,provenance://crystalite/outputs/final report output/relaxed_groups/additive_plus_film__uncond/cifs/sample_00079.cif,True,False,True,False,2.793501925713834,450.84352655981934,45.08435265598193,10,False,True,True,,,,False,,8.726109808389737,True,,,additive_plus_film,additive_plus_film
additive_plus_film__uncond,0,uncond,80,provenance://crystalite/outputs/final report output/relaxed_groups/additive_plus_film__uncond/cifs/sample_00080.cif,True,True,True,True,1.83324375049206,350.9862340592789,19.49923522551549,18,False,True,True,,,,False,,5.684325908084586,True,,,additive_plus_film,additive_plus_film
additive_plus_film__uncond,0,uncond,81,provenance://crystalite/outputs/final report output/relaxed_groups/additive_plus_film__uncond/cifs/sample_00081.cif,True,True,True,True,2.535593095509162,125.06583558574158,20.84430593095693,6,True,True,True,,,,False,,20.18302638357122,True,,,additive_plus_film,additive_plus_film
additive_plus_film__uncond,0,uncond,82,provenance://crystalite/outputs/final report output/relaxed_groups/additive_plus_film__uncond/cifs/sample_00082.cif,True,True,True,True,2.7731742647648128,215.1972418607732,21.51972418607732,10,True,True,True,,,,False,,16.935825645395752,True,,,additive_plus_film,additive_plus_film
additive_plus_film__uncond,0,uncond,83,provenance://crystalite/outputs/final report output/relaxed_groups/additive_plus_film__uncond/cifs/sample_00083.cif,True,True,True,True,1.8494526461310952,224.90126500415272,18.741772083679397,12,False,True,True,,,,False,,3.075758655652846,True,,,additive_plus_film,additive_plus_film
additive_plus_film__uncond,0,uncond,84,provenance://crystalite/outputs/final report output/relaxed_groups/additive_plus_film__uncond/cifs/sample_00084.cif,True,True,True,True,2.393913239687944,274.987333400525,19.641952385751782,14,False,True,True,,,,False,,8.118770755041627,True,,,additive_plus_film,additive_plus_film
additive_plus_film__uncond,0,uncond,85,provenance://crystalite/outputs/final report output/relaxed_groups/additive_plus_film__uncond/cifs/sample_00085.cif,True,True,True,True,2.4513249303013853,319.1240971310847,19.945256070692796,16,True,True,True,,,,False,,15.941375378380956,True,,,additive_plus_film,additive_plus_film
additive_plus_film__uncond,0,uncond,86,provenance://crystalite/outputs/final report output/relaxed_groups/additive_plus_film__uncond/cifs/sample_00086.cif,True,True,True,True,1.9146005647974504,208.68700743341515,10.434350371670757,20,False,True,True,,,,False,,9.082699247021958,True,,,additive_plus_film,additive_plus_film
additive_plus_film__uncond,0,uncond,87,provenance://crystalite/outputs/final report output/relaxed_groups/additive_plus_film__uncond/cifs/sample_00087.cif,True,True,True,True,1.988595772284832,184.99366198118307,23.124207747647883,8,False,True,True,,,,False,,2.55101221665633,True,,,additive_plus_film,additive_plus_film
additive_plus_film__uncond,0,uncond,88,provenance://crystalite/outputs/final report output/relaxed_groups/additive_plus_film__uncond/cifs/sample_00088.cif,True,True,True,True,2.6513470190051924,322.4370069679751,53.73950116132918,6,False,True,True,,,,False,,5.034068297415202,True,,,additive_plus_film,additive_plus_film
additive_plus_film__uncond,0,uncond,89,provenance://crystalite/outputs/final report output/relaxed_groups/additive_plus_film__uncond/cifs/sample_00089.cif,True,True,True,True,2.314093743467553,340.0268445630529,28.33557038025441,12,False,True,True,,,,False,,9.161845937244983,True,,,additive_plus_film,additive_plus_film
additive_plus_film__uncond,0,uncond,90,provenance://crystalite/outputs/final report output/relaxed_groups/additive_plus_film__uncond/cifs/sample_00090.cif,True,True,True,True,2.506347083450569,266.9208400425608,16.682552502660048,16,True,True,True,,,,False,,20.527737088720677,True,,,additive_plus_film,additive_plus_film
additive_plus_film__uncond,0,uncond,91,provenance://crystalite/outputs/final report output/relaxed_groups/additive_plus_film__uncond/cifs/sample_00091.cif,True,True,True,True,1.6158512789196608,152.26977280335254,12.689147733612712,12,False,True,True,,,,False,,4.555208000141253,True,,,additive_plus_film,additive_plus_film
additive_plus_film__uncond,0,uncond,92,provenance://crystalite/outputs/final report output/relaxed_groups/additive_plus_film__uncond/cifs/sample_00092.cif,True,True,True,True,1.845302874327442,199.0221262494294,9.95110631247147,20,False,True,True,,,,False,,7.5520930922697715,True,,,additive_plus_film,additive_plus_film
additive_plus_film__uncond,0,uncond,93,provenance://crystalite/outputs/final report output/relaxed_groups/additive_plus_film__uncond/cifs/sample_00093.cif,True,True,True,True,2.3653393623726355,461.0721243986112,32.93372317132937,14,False,True,True,,,,False,,6.959097830907321,True,,,additive_plus_film,additive_plus_film
additive_plus_film__uncond,0,uncond,94,provenance://crystalite/outputs/final report output/relaxed_groups/additive_plus_film__uncond/cifs/sample_00094.cif,True,True,True,True,1.5935604968038977,239.4553668737861,13.30307593743256,18,False,True,True,,,,False,,3.41568710636057,True,,,additive_plus_film,additive_plus_film
additive_plus_film__uncond,0,uncond,95,provenance://crystalite/outputs/final report output/relaxed_groups/additive_plus_film__uncond/cifs/sample_00095.cif,True,False,True,False,2.1205783981667325,248.37468440343665,19.10574495411051,13,False,True,True,,,,False,,4.550430937899268,True,,,additive_plus_film,additive_plus_film
additive_plus_film__uncond,0,uncond,96,provenance://crystalite/outputs/final report output/relaxed_groups/additive_plus_film__uncond/cifs/sample_00096.cif,True,True,True,True,2.7618438027497083,200.08325256440529,16.673604380367106,12,True,True,True,,,,False,,24.637667737084826,True,,,additive_plus_film,additive_plus_film
additive_plus_film__uncond,0,uncond,97,provenance://crystalite/outputs/final report output/relaxed_groups/additive_plus_film__uncond/cifs/sample_00097.cif,True,True,True,True,2.0863926407308178,281.2751141070505,14.80395337405529,19,False,True,True,,,,False,,5.945956618335605,True,,,additive_plus_film,additive_plus_film
additive_plus_film__uncond,0,uncond,98,provenance://crystalite/outputs/final report output/relaxed_groups/additive_plus_film__uncond/cifs/sample_00098.cif,True,True,True,True,2.5354279906315247,93.48919249478062,11.686149061847578,8,True,True,True,,,,False,,16.53297725557619,True,,,additive_plus_film,additive_plus_film
additive_plus_film__uncond,0,uncond,99,provenance://crystalite/outputs/final report output/relaxed_groups/additive_plus_film__uncond/cifs/sample_00099.cif,True,True,True,True,2.048378977619294,171.46426820024553,17.14642682002455,10,False,True,True,,,,False,,4.57852866098687,True,,,additive_plus_film,additive_plus_film
additive_plus_film__uncond,0,uncond,100,provenance://crystalite/outputs/final report output/relaxed_groups/additive_plus_film__uncond/cifs/sample_00100.cif,True,False,True,False,2.0936607667358422,508.9184806252214,28.27324892362341,18,False,True,True,,,,False,,7.140277389970521,True,,,additive_plus_film,additive_plus_film
additive_plus_film__uncond,0,uncond,101,provenance://crystalite/outputs/final report output/relaxed_groups/additive_plus_film__uncond/cifs/sample_00101.cif,True,True,True,True,1.4944738424714894,115.62742905629638,14.453428632037047,8,False,True,True,,,,False,,2.4312566214797733,True,,,additive_plus_film,additive_plus_film
additive_plus_film__uncond,0,uncond,102,provenance://crystalite/outputs/final report output/relaxed_groups/additive_plus_film__uncond/cifs/sample_00102.cif,True,True,True,True,1.8897300401278383,335.9216131104502,16.79608065552251,20,False,True,True,,,,False,,4.901049220098913,True,,,additive_plus_film,additive_plus_film
additive_plus_film__uncond,0,uncond,103,provenance://crystalite/outputs/final report output/relaxed_groups/additive_plus_film__uncond/cifs/sample_00103.cif,True,True,True,True,2.8027884823616582,89.51983685067609,22.37995921266902,4,False,True,True,,,,False,,8.79704460175114,True,,,additive_plus_film,additive_plus_film
additive_plus_film__uncond,0,uncond,104,provenance://crystalite/outputs/final report output/relaxed_groups/additive_plus_film__uncond/cifs/sample_00104.cif,True,True,True,True,1.9365569061856416,130.7123455412192,13.07123455412192,10,False,True,True,,,,False,,4.507772865390528,True,,,additive_plus_film,additive_plus_film
additive_plus_film__uncond,0,uncond,105,provenance://crystalite/outputs/final report output/relaxed_groups/additive_plus_film__uncond/cifs/sample_00105.cif,True,True,True,True,2.3372599668307874,560.3489052647622,31.13049473693123,18,False,True,True,,,,False,,6.512103349922906,True,,,additive_plus_film,additive_plus_film
additive_plus_film__uncond,0,uncond,106,provenance://crystalite/outputs/final report output/relaxed_groups/additive_plus_film__uncond/cifs/sample_00106.cif,True,True,True,True,2.712901155602471,285.50779781986887,20.393414129990635,14,False,True,True,,,,False,,8.657435990537898,True,,,additive_plus_film,additive_plus_film
additive_plus_film__uncond,0,uncond,107,provenance://crystalite/outputs/final report output/relaxed_groups/additive_plus_film__uncond/cifs/sample_00107.cif,True,True,True,True,3.129684784649462,97.13130425418385,24.28282606354596,4,True,True,True,,,,False,,14.834633915043732,True,,,additive_plus_film,additive_plus_film
additive_plus_film__uncond,0,uncond,108,provenance://crystalite/outputs/final report output/relaxed_groups/additive_plus_film__uncond/cifs/sample_00108.cif,True,True,True,True,1.973626384316076,247.1638597058526,12.358192985292629,20,False,True,True,,,,False,,7.487066684555729,True,,,additive_plus_film,additive_plus_film
additive_plus_film__uncond,0,uncond,109,provenance://crystalite/outputs/final report output/relaxed_groups/additive_plus_film__uncond/cifs/sample_00109.cif,True,True,True,True,2.287626671690606,144.907055337892,24.151175889648663,6,False,True,True,,,,False,,13.250322587983634,True,,,additive_plus_film,additive_plus_film
additive_plus_film__uncond,0,uncond,110,provenance://crystalite/outputs/final report output/relaxed_groups/additive_plus_film__uncond/cifs/sample_00110.cif,True,False,True,False,2.4280946490395428,482.659430662466,30.166214416404124,16,False,True,True,,,,False,,5.6312337744792105,True,,,additive_plus_film,additive_plus_film
additive_plus_film__uncond,0,uncond,111,provenance://crystalite/outputs/final report output/relaxed_groups/additive_plus_film__uncond/cifs/sample_00111.cif,True,False,True,False,2.335244692539428,351.266168481407,29.27218070678392,12,False,True,True,,,,False,,7.555250210101099,True,,,additive_plus_film,additive_plus_film
additive_plus_film__uncond,0,uncond,112,provenance://crystalite/outputs/final report output/relaxed_groups/additive_plus_film__uncond/cifs/sample_00112.cif,True,True,True,True,1.8831830972634989,109.60008897327351,10.960008897327352,10,False,True,True,,,,False,,4.684291282278104,True,,,additive_plus_film,additive_plus_film
additive_plus_film__uncond,0,uncond,113,provenance://crystalite/outputs/final report output/relaxed_groups/additive_plus_film__uncond/cifs/sample_00113.cif,True,True,True,True,2.8107942034865427,73.53818023685847,24.51272674561949,3,True,True,True,,,,False,,13.612799225751154,True,,,additive_plus_film,additive_plus_film
additive_plus_film__uncond,0,uncond,114,provenance://crystalite/outputs/final report output/relaxed_groups/additive_plus_film__uncond/cifs/sample_00114.cif,True,True,True,True,1.9117746159652045,121.88052413705356,10.156710344754464,12,False,True,True,,,,False,,4.6143215136751605,True,,,additive_plus_film,additive_plus_film
additive_plus_film__uncond,0,uncond,115,provenance://crystalite/outputs/final report output/relaxed_groups/additive_plus_film__uncond/cifs/sample_00115.cif,True,True,True,True,2.0391483165321675,66.87713344644474,8.359641680805593,8,False,True,True,,,,False,,15.201662136074535,True,,,additive_plus_film,additive_plus_film
additive_plus_film__uncond,0,uncond,116,provenance://crystalite/outputs/final report output/relaxed_groups/additive_plus_film__uncond/cifs/sample_00116.cif,True,True,True,True,1.530122025897222,287.0356391168759,15.946424395381996,18,False,True,True,,,,False,,4.53117666339686,True,,,additive_plus_film,additive_plus_film
additive_plus_film__uncond,0,uncond,117,provenance://crystalite/outputs/final report output/relaxed_groups/additive_plus_film__uncond/cifs/sample_00117.cif,True,True,True,True,2.81156928511702,132.29897688218182,26.459795376436364,5,True,True,True,,,,False,,13.167990784028836,True,,,additive_plus_film,additive_plus_film
additive_plus_film__uncond,0,uncond,118,provenance://crystalite/outputs/final report output/relaxed_groups/additive_plus_film__uncond/cifs/sample_00118.cif,True,True,True,True,2.4266700296816,247.0007229897337,20.583393582477807,12,True,True,True,,,,False,,20.555370348192284,True,,,additive_plus_film,additive_plus_film
additive_plus_film__uncond,0,uncond,119,provenance://crystalite/outputs/final report output/relaxed_groups/additive_plus_film__uncond/cifs/sample_00119.cif,True,True,True,True,3.32680713400465,166.86817123213862,27.811361872023102,6,True,True,True,,,,False,,8.13762894281735,True,,,additive_plus_film,additive_plus_film
additive_plus_film__uncond,0,uncond,120,provenance://crystalite/outputs/final report output/relaxed_groups/additive_plus_film__uncond/cifs/sample_00120.cif,True,True,True,True,2.3318586593201416,108.05345715508491,18.008909525847486,6,False,True,True,,,,False,,16.203301846580004,True,,,additive_plus_film,additive_plus_film
additive_plus_film__uncond,0,uncond,121,provenance://crystalite/outputs/final report output/relaxed_groups/additive_plus_film__uncond/cifs/sample_00121.cif,True,True,True,True,2.549633356619188,209.16432384895816,26.14554048111977,8,False,True,True,,,,False,,13.072643688822266,True,,,additive_plus_film,additive_plus_film
additive_plus_film__uncond,0,uncond,122,provenance://crystalite/outputs/final report output/relaxed_groups/additive_plus_film__uncond/cifs/sample_00122.cif,True,True,True,True,2.587273689148446,79.51779193044302,26.50593064348101,3,False,True,True,,,,False,,13.546396570982704,True,,,additive_plus_film,additive_plus_film
additive_plus_film__uncond,0,uncond,123,provenance://crystalite/outputs/final report output/relaxed_groups/additive_plus_film__uncond/cifs/sample_00123.cif,True,True,True,True,1.834011921724323,272.6540003973875,13.632700019869375,20,False,True,True,,,,False,,4.164494449625316,True,,,additive_plus_film,additive_plus_film
additive_plus_film__uncond,0,uncond,124,provenance://crystalite/outputs/final report output/relaxed_groups/additive_plus_film__uncond/cifs/sample_00124.cif,True,False,True,False,2.8947064982282624,207.93830725499657,41.58766145099931,5,False,True,True,,,,False,,5.201122206941656,True,,,additive_plus_film,additive_plus_film
additive_plus_film__uncond,0,uncond,125,provenance://crystalite/outputs/final report output/relaxed_groups/additive_plus_film__uncond/cifs/sample_00125.cif,True,True,True,True,1.9033609167682677,140.09075622585675,12.735523293259703,11,False,True,True,,,,False,,3.0744023045755013,True,,,additive_plus_film,additive_plus_film
additive_plus_film__uncond,0,uncond,126,provenance://crystalite/outputs/final report output/relaxed_groups/additive_plus_film__uncond/cifs/sample_00126.cif,True,False,True,False,2.6282561885380096,411.80883830180034,41.18088383018004,10,False,True,True,,,,False,,2.818391273457808,True,,,additive_plus_film,additive_plus_film
additive_plus_film__uncond,0,uncond,127,provenance://crystalite/outputs/final report output/relaxed_groups/additive_plus_film__uncond/cifs/sample_00127.cif,True,True,True,True,1.7551697194044258,187.2868011887479,11.705425074296745,16,False,True,True,,,,False,,4.534226457259576,True,,,additive_plus_film,additive_plus_film
additive_plus_film__g1__t2,1,2,0,provenance://crystalite/outputs/final report output/relaxed_groups/additive_plus_film__g1__t2/cifs/sample_00000.cif,True,True,True,True,1.854852416548088,129.36981903826563,12.936981903826563,10,False,True,True,,,,False,,2.691807616792939,True,,2.0,additive_plus_film,additive_plus_film
additive_plus_film__g1__t2,1,2,1,provenance://crystalite/outputs/final report output/relaxed_groups/additive_plus_film__g1__t2/cifs/sample_00001.cif,True,True,True,True,2.583091615924156,40.78526149021863,20.392630745109315,2,True,True,True,,,,False,,29.404576374521664,True,,2.0,additive_plus_film,additive_plus_film
additive_plus_film__g1__t2,1,2,2,provenance://crystalite/outputs/final report output/relaxed_groups/additive_plus_film__g1__t2/cifs/sample_00002.cif,True,True,True,True,2.397556264132059,206.1963889090601,17.18303240908834,12,False,True,True,,,,False,,17.31539924634023,True,,2.0,additive_plus_film,additive_plus_film
additive_plus_film__g1__t2,1,2,3,provenance://crystalite/outputs/final report output/relaxed_groups/additive_plus_film__g1__t2/cifs/sample_00003.cif,True,False,True,False,2.5653861803767843,146.72719071700507,29.34543814340101,5,False,True,True,,,,False,,4.770435875914184,True,,2.0,additive_plus_film,additive_plus_film
additive_plus_film__g1__t2,1,2,4,provenance://crystalite/outputs/final report output/relaxed_groups/additive_plus_film__g1__t2/cifs/sample_00004.cif,True,True,True,True,1.8903281511958765,183.60474927288664,16.691340842989693,11,False,True,True,,,,False,,3.6476474346227215,True,,2.0,additive_plus_film,additive_plus_film
additive_plus_film__g1__t2,1,2,5,provenance://crystalite/outputs/final report output/relaxed_groups/additive_plus_film__g1__t2/cifs/sample_00005.cif,True,True,True,True,1.9564252687763453,168.7913350033504,14.065944583612534,12,False,True,True,,,,False,,4.04711664838409,True,,2.0,additive_plus_film,additive_plus_film
additive_plus_film__g1__t2,1,2,6,provenance://crystalite/outputs/final report output/relaxed_groups/additive_plus_film__g1__t2/cifs/sample_00006.cif,True,True,True,True,1.0738615754566978,162.5131589814316,12.50101222934089,13,False,True,True,,,,False,,5.301798763944476,True,,2.0,additive_plus_film,additive_plus_film
additive_plus_film__g1__t2,1,2,7,provenance://crystalite/outputs/final report output/relaxed_groups/additive_plus_film__g1__t2/cifs/sample_00007.cif,True,False,True,False,2.67379787426092,443.6412449547728,36.97010374623107,12,False,True,True,,,,False,,12.49601370582224,True,,2.0,additive_plus_film,additive_plus_film
additive_plus_film__g1__t2,1,2,8,provenance://crystalite/outputs/final report output/relaxed_groups/additive_plus_film__g1__t2/cifs/sample_00008.cif,True,True,True,True,2.0412318925100275,317.9497779857579,15.897488899287897,20,False,True,True,,,,False,,4.2777910096192775,True,,2.0,additive_plus_film,additive_plus_film
additive_plus_film__g1__t2,1,2,9,provenance://crystalite/outputs/final report output/relaxed_groups/additive_plus_film__g1__t2/cifs/sample_00009.cif,True,True,True,True,2.4031503164773613,84.26814463154456,21.06703615788614,4,False,True,True,,,,False,,6.393370101419644,True,,2.0,additive_plus_film,additive_plus_film
additive_plus_film__g1__t2,1,2,10,provenance://crystalite/outputs/final report output/relaxed_groups/additive_plus_film__g1__t2/cifs/sample_00010.cif,True,False,True,False,1.954578591702285,683.1433553793406,37.95240863218559,18,False,True,True,,,,False,,2.6529980442471905,True,,2.0,additive_plus_film,additive_plus_film
additive_plus_film__g1__t2,1,2,11,provenance://crystalite/outputs/final report output/relaxed_groups/additive_plus_film__g1__t2/cifs/sample_00011.cif,True,True,True,True,2.5224068194632854,166.65864790898186,33.331729581796374,5,False,True,True,,,,False,,5.742780252547932,True,,2.0,additive_plus_film,additive_plus_film
additive_plus_film__g1__t2,1,2,12,provenance://crystalite/outputs/final report output/relaxed_groups/additive_plus_film__g1__t2/cifs/sample_00012.cif,True,False,True,False,2.634767538022167,176.32853017284907,25.189790024692723,7,False,True,True,,,,False,,2.583507034833377,True,,2.0,additive_plus_film,additive_plus_film
additive_plus_film__g1__t2,1,2,13,provenance://crystalite/outputs/final report output/relaxed_groups/additive_plus_film__g1__t2/cifs/sample_00013.cif,True,True,True,True,2.7328522928083823,349.1883032531184,43.6485379066398,8,False,True,True,,,,False,,6.436409359854426,True,,2.0,additive_plus_film,additive_plus_film
additive_plus_film__g1__t2,1,2,14,provenance://crystalite/outputs/final report output/relaxed_groups/additive_plus_film__g1__t2/cifs/sample_00014.cif,True,True,True,True,2.706406931959426,150.7041907868891,21.529170112412725,7,True,True,True,,,,False,,15.58009764569968,True,,2.0,additive_plus_film,additive_plus_film
additive_plus_film__g1__t2,1,2,15,provenance://crystalite/outputs/final report output/relaxed_groups/additive_plus_film__g1__t2/cifs/sample_00015.cif,True,True,True,True,2.094334313638809,148.5644820279445,14.85644820279445,10,False,True,False,,,,False,,4.640579291713938,True,,2.0,additive_plus_film,additive_plus_film
additive_plus_film__g1__t2,1,2,16,provenance://crystalite/outputs/final report output/relaxed_groups/additive_plus_film__g1__t2/cifs/sample_00016.cif,True,False,True,False,1.99823612002943,258.25418615574847,16.14088663473428,16,False,True,True,,,,False,,17.64163152842799,True,,2.0,additive_plus_film,additive_plus_film
additive_plus_film__g1__t2,1,2,17,provenance://crystalite/outputs/final report output/relaxed_groups/additive_plus_film__g1__t2/cifs/sample_00017.cif,True,True,True,True,2.572218122458127,176.61975719637348,19.62441746626372,9,True,True,True,,,,False,,14.888614377783291,True,,2.0,additive_plus_film,additive_plus_film
additive_plus_film__g1__t2,1,2,18,provenance://crystalite/outputs/final report output/relaxed_groups/additive_plus_film__g1__t2/cifs/sample_00018.cif,True,False,True,False,1.7619357777526072,182.14912347533303,14.011471036564082,13,False,True,True,,,,False,,2.409544141423541,True,,2.0,additive_plus_film,additive_plus_film
additive_plus_film__g1__t2,1,2,19,provenance://crystalite/outputs/final report output/relaxed_groups/additive_plus_film__g1__t2/cifs/sample_00019.cif,True,True,True,True,1.8281603659702024,112.44135484137507,16.063050691625012,7,False,True,True,,,,False,,3.849955941465209,True,,2.0,additive_plus_film,additive_plus_film
additive_plus_film__g1__t2,1,2,20,provenance://crystalite/outputs/final report output/relaxed_groups/additive_plus_film__g1__t2/cifs/sample_00020.cif,True,True,True,True,2.9352927720256363,381.9173639109735,47.73967048887168,8,False,True,True,,,,False,,3.2693316344339727,True,,2.0,additive_plus_film,additive_plus_film
additive_plus_film__g1__t2,1,2,21,provenance://crystalite/outputs/final report output/relaxed_groups/additive_plus_film__g1__t2/cifs/sample_00021.cif,True,False,True,False,2.353907073043842,228.81343165323707,16.34381654665979,14,False,True,True,,,,False,,14.019552599538985,True,,2.0,additive_plus_film,additive_plus_film
additive_plus_film__g1__t2,1,2,22,provenance://crystalite/outputs/final report output/relaxed_groups/additive_plus_film__g1__t2/cifs/sample_00022.cif,True,True,True,True,1.7978080332798838,218.83290155652696,15.630921539751926,14,False,True,True,,,,False,,2.104012647539836,True,,2.0,additive_plus_film,additive_plus_film
additive_plus_film__g1__t2,1,2,23,provenance://crystalite/outputs/final report output/relaxed_groups/additive_plus_film__g1__t2/cifs/sample_00023.cif,True,True,True,True,1.9284996128359917,180.94095010987417,18.094095010987417,10,False,True,True,,,,False,,2.127122200823154,True,,2.0,additive_plus_film,additive_plus_film
additive_plus_film__g1__t2,1,2,24,provenance://crystalite/outputs/final report output/relaxed_groups/additive_plus_film__g1__t2/cifs/sample_00024.cif,True,True,True,True,2.178872364641435,266.70084166792384,22.22507013899365,12,False,True,True,,,,False,,6.194512150415524,True,,2.0,additive_plus_film,additive_plus_film
additive_plus_film__g1__t2,1,2,25,provenance://crystalite/outputs/final report output/relaxed_groups/additive_plus_film__g1__t2/cifs/sample_00025.cif,True,True,True,True,1.8048601274230065,248.62685670653784,24.862685670653786,10,False,True,True,,,,False,,4.277471011130941,True,,2.0,additive_plus_film,additive_plus_film
additive_plus_film__g1__t2,1,2,26,provenance://crystalite/outputs/final report output/relaxed_groups/additive_plus_film__g1__t2/cifs/sample_00026.cif,True,True,True,True,1.4617951277615802,248.84002589440144,12.442001294720074,20,False,True,True,,,,False,,3.6209015213025424,True,,2.0,additive_plus_film,additive_plus_film
additive_plus_film__g1__t2,1,2,28,provenance://crystalite/outputs/final report output/relaxed_groups/additive_plus_film__g1__t2/cifs/sample_00028.cif,True,True,True,True,2.516817090653056,377.9965352641423,31.49971127201186,12,False,True,True,,,,False,,11.1186982484462,True,,2.0,additive_plus_film,additive_plus_film
additive_plus_film__g1__t2,1,2,29,provenance://crystalite/outputs/final report output/relaxed_groups/additive_plus_film__g1__t2/cifs/sample_00029.cif,True,True,True,True,1.7980681246849757,139.06320490612242,17.382900613265303,8,False,True,True,,,,False,,2.1899978992828006,True,,2.0,additive_plus_film,additive_plus_film
additive_plus_film__g1__t2,1,2,30,provenance://crystalite/outputs/final report output/relaxed_groups/additive_plus_film__g1__t2/cifs/sample_00030.cif,True,False,True,False,2.1860720914223224,453.1815171530269,32.37010836807335,14,False,True,True,,,,False,,3.4045227341940376,True,,2.0,additive_plus_film,additive_plus_film
additive_plus_film__g1__t2,1,2,31,provenance://crystalite/outputs/final report output/relaxed_groups/additive_plus_film__g1__t2/cifs/sample_00031.cif,True,True,True,True,1.8499245843520984,146.46539672450848,18.30817459056356,8,False,True,True,,,,False,,2.1022278792629394,True,,2.0,additive_plus_film,additive_plus_film
additive_plus_film__g1__t2,1,2,32,provenance://crystalite/outputs/final report output/relaxed_groups/additive_plus_film__g1__t2/cifs/sample_00032.cif,True,True,True,True,2.0771213462597955,179.22235373294205,17.922235373294203,10,False,True,True,,,,False,,2.407773170325165,True,,2.0,additive_plus_film,additive_plus_film
additive_plus_film__g1__t2,1,2,33,provenance://crystalite/outputs/final report output/relaxed_groups/additive_plus_film__g1__t2/cifs/sample_00033.cif,True,True,True,True,3.3313652244158742,118.73293829157268,29.683234572893166,4,True,True,True,,,,False,,14.937788206357451,True,,2.0,additive_plus_film,additive_plus_film
additive_plus_film__g1__t2,1,2,34,provenance://crystalite/outputs/final report output/relaxed_groups/additive_plus_film__g1__t2/cifs/sample_00034.cif,True,True,True,True,1.9612373112442527,60.40495063140683,12.080990126281366,5,False,True,True,,,,False,,7.750847292150094,True,,2.0,additive_plus_film,additive_plus_film
additive_plus_film__g1__t2,1,2,35,provenance://crystalite/outputs/final report output/relaxed_groups/additive_plus_film__g1__t2/cifs/sample_00035.cif,True,True,True,True,1.999607034494912,260.2191180100641,21.684926500838674,12,False,True,True,,,,False,,3.771809019081226,True,,2.0,additive_plus_film,additive_plus_film
additive_plus_film__g1__t2,1,2,36,provenance://crystalite/outputs/final report output/relaxed_groups/additive_plus_film__g1__t2/cifs/sample_00036.cif,True,True,True,True,2.629283332954925,111.91391729270048,18.652319548783414,6,True,True,True,,,,False,,15.260024326508272,True,,2.0,additive_plus_film,additive_plus_film
additive_plus_film__g1__t2,1,2,37,provenance://crystalite/outputs/final report output/relaxed_groups/additive_plus_film__g1__t2/cifs/sample_00037.cif,True,False,True,False,1.910206572938812,178.4106858301496,12.743620416439256,14,False,True,True,,,,False,,8.229888832882162,True,,2.0,additive_plus_film,additive_plus_film
additive_plus_film__g1__t2,1,2,38,provenance://crystalite/outputs/final report output/relaxed_groups/additive_plus_film__g1__t2/cifs/sample_00038.cif,True,True,True,True,1.679690052048571,177.31480734295167,12.665343381639405,14,False,True,True,,,,False,,3.986455819839977,True,,2.0,additive_plus_film,additive_plus_film
additive_plus_film__g1__t2,1,2,39,provenance://crystalite/outputs/final report output/relaxed_groups/additive_plus_film__g1__t2/cifs/sample_00039.cif,True,True,True,True,2.027999487066788,228.2672815598472,14.26670509749045,16,False,True,True,,,,False,,4.09149417272799,True,,2.0,additive_plus_film,additive_plus_film
additive_plus_film__g1__t2,1,2,40,provenance://crystalite/outputs/final report output/relaxed_groups/additive_plus_film__g1__t2/cifs/sample_00040.cif,True,True,True,True,1.8779226723625375,332.389684654446,18.466093591913666,18,False,True,True,,,,False,,4.333031417792896,True,,2.0,additive_plus_film,additive_plus_film
additive_plus_film__g1__t2,1,2,41,provenance://crystalite/outputs/final report output/relaxed_groups/additive_plus_film__g1__t2/cifs/sample_00041.cif,True,False,True,False,0.7756070191435964,189.21893139434007,11.826183212146256,16,False,True,True,,,,False,,1.6774013012931173,True,,2.0,additive_plus_film,additive_plus_film
additive_plus_film__g1__t2,1,2,42,provenance://crystalite/outputs/final report output/relaxed_groups/additive_plus_film__g1__t2/cifs/sample_00042.cif,True,False,True,False,1.6296813328101565,219.27436372779687,13.704647732987304,16,False,True,True,,,,False,,6.558152759333012,True,,2.0,additive_plus_film,additive_plus_film
additive_plus_film__g1__t2,1,2,43,provenance://crystalite/outputs/final report output/relaxed_groups/additive_plus_film__g1__t2/cifs/sample_00043.cif,True,False,True,False,0.98825928243361,187.93338271994963,15.661115226662467,12,False,True,True,,,,False,,3.0213762641487985,True,,2.0,additive_plus_film,additive_plus_film
additive_plus_film__g1__t2,1,2,44,provenance://crystalite/outputs/final report output/relaxed_groups/additive_plus_film__g1__t2/cifs/sample_00044.cif,True,False,True,False,2.4435762800771808,180.3229929700429,25.760427567148984,7,False,True,True,,,,False,,2.839105191102437,True,,2.0,additive_plus_film,additive_plus_film
additive_plus_film__g1__t2,1,2,45,provenance://crystalite/outputs/final report output/relaxed_groups/additive_plus_film__g1__t2/cifs/sample_00045.cif,True,True,True,True,1.2410984343618268,244.52131523206265,12.226065761603133,20,False,True,True,,,,False,,5.224299219489326,True,,2.0,additive_plus_film,additive_plus_film
additive_plus_film__g1__t2,1,2,46,provenance://crystalite/outputs/final report output/relaxed_groups/additive_plus_film__g1__t2/cifs/sample_00046.cif,True,True,True,True,1.788998832962637,120.68400618346634,15.085500772933292,8,False,True,True,,,,False,,8.072766194607047,True,,2.0,additive_plus_film,additive_plus_film
additive_plus_film__g1__t2,1,2,47,provenance://crystalite/outputs/final report output/relaxed_groups/additive_plus_film__g1__t2/cifs/sample_00047.cif,True,True,True,True,1.937085200600258,157.57846879086648,15.757846879086648,10,False,True,True,,,,False,,4.571003469192308,True,,2.0,additive_plus_film,additive_plus_film
additive_plus_film__g1__t2,1,2,48,provenance://crystalite/outputs/final report output/relaxed_groups/additive_plus_film__g1__t2/cifs/sample_00048.cif,True,False,True,False,1.8561293691686696,245.300206926815,12.26501034634075,20,False,True,True,,,,False,,2.3857926076216063,True,,2.0,additive_plus_film,additive_plus_film
additive_plus_film__g1__t2,1,2,49,provenance://crystalite/outputs/final report output/relaxed_groups/additive_plus_film__g1__t2/cifs/sample_00049.cif,True,True,True,True,1.8466726429578544,120.20598679154966,15.025748348943708,8,False,True,True,,,,False,,3.219269646662521,True,,2.0,additive_plus_film,additive_plus_film
additive_plus_film__g1__t2,1,2,50,provenance://crystalite/outputs/final report output/relaxed_groups/additive_plus_film__g1__t2/cifs/sample_00050.cif,True,True,True,True,2.6965495625587304,59.369941984492826,14.842485496123206,4,True,True,True,,,,False,,20.387299448468088,True,,2.0,additive_plus_film,additive_plus_film
additive_plus_film__g1__t2,1,2,51,provenance://crystalite/outputs/final report output/relaxed_groups/additive_plus_film__g1__t2/cifs/sample_00051.cif,True,True,True,True,1.7921495640689482,393.70170311983946,43.744633679982165,9,False,True,True,,,,False,,2.7976417671243694,True,,2.0,additive_plus_film,additive_plus_film
additive_plus_film__g1__t2,1,2,52,provenance://crystalite/outputs/final report output/relaxed_groups/additive_plus_film__g1__t2/cifs/sample_00052.cif,True,True,True,True,3.2670787519190307,110.26384753082014,27.56596188270504,4,True,True,True,,,,False,,18.59580408925483,True,,2.0,additive_plus_film,additive_plus_film
additive_plus_film__g1__t2,1,2,53,provenance://crystalite/outputs/final report output/relaxed_groups/additive_plus_film__g1__t2/cifs/sample_00053.cif,True,False,True,False,2.7100671362293305,436.4078521051403,54.55098151314254,8,False,True,True,,,,False,,4.345619041855038,True,,2.0,additive_plus_film,additive_plus_film
additive_plus_film__g1__t2,1,2,54,provenance://crystalite/outputs/final report output/relaxed_groups/additive_plus_film__g1__t2/cifs/sample_00054.cif,True,True,True,True,2.019794555775324,551.8773211581288,27.59386605790644,20,False,True,True,,,,False,,4.696144753778449,True,,2.0,additive_plus_film,additive_plus_film
additive_plus_film__g1__t2,1,2,55,provenance://crystalite/outputs/final report output/relaxed_groups/additive_plus_film__g1__t2/cifs/sample_00055.cif,True,False,True,False,1.7287993647857651,292.96419341441634,16.27578852302313,18,False,True,True,,,,False,,2.3183086901731915,True,,2.0,additive_plus_film,additive_plus_film
additive_plus_film__g1__t2,1,2,56,provenance://crystalite/outputs/final report output/relaxed_groups/additive_plus_film__g1__t2/cifs/sample_00056.cif,True,True,True,True,2.624399390720828,58.162552742980495,14.540638185745124,4,False,True,True,,,,False,,8.777011544323935,True,,2.0,additive_plus_film,additive_plus_film
additive_plus_film__g1__t2,1,2,57,provenance://crystalite/outputs/final report output/relaxed_groups/additive_plus_film__g1__t2/cifs/sample_00057.cif,True,True,True,True,2.5368165219121064,101.2259778907346,12.653247236341826,8,True,True,True,,,,False,,14.302834745105397,True,,2.0,additive_plus_film,additive_plus_film
additive_plus_film__g1__t2,1,2,58,provenance://crystalite/outputs/final report output/relaxed_groups/additive_plus_film__g1__t2/cifs/sample_00058.cif,True,True,True,True,1.7094825719846731,297.66812466852406,14.883406233426204,20,False,True,True,,,,False,,2.853734299398154,True,,2.0,additive_plus_film,additive_plus_film
additive_plus_film__g1__t2,1,2,59,provenance://crystalite/outputs/final report output/relaxed_groups/additive_plus_film__g1__t2/cifs/sample_00059.cif,True,False,True,False,1.9502076521169247,146.7057994183143,16.300644379812702,9,False,True,True,,,,False,,4.067403793188123,True,,2.0,additive_plus_film,additive_plus_film
additive_plus_film__g1__t2,1,2,60,provenance://crystalite/outputs/final report output/relaxed_groups/additive_plus_film__g1__t2/cifs/sample_00060.cif,True,True,True,True,1.771258172845,223.79794028841556,13.98737126802597,16,False,True,True,,,,False,,3.072398610396924,True,,2.0,additive_plus_film,additive_plus_film
additive_plus_film__g1__t2,1,2,61,provenance://crystalite/outputs/final report output/relaxed_groups/additive_plus_film__g1__t2/cifs/sample_00061.cif,True,True,True,True,1.8456987165152363,365.31729905683153,18.26586495284157,20,False,True,True,,,,False,,4.741666243341679,True,,2.0,additive_plus_film,additive_plus_film
additive_plus_film__g1__t2,1,2,62,provenance://crystalite/outputs/final report output/relaxed_groups/additive_plus_film__g1__t2/cifs/sample_00062.cif,True,True,True,True,2.4970270923909155,412.816434838793,25.801027177424565,16,False,True,True,,,,False,,3.772934762082856,True,,2.0,additive_plus_film,additive_plus_film
additive_plus_film__g1__t2,1,2,63,provenance://crystalite/outputs/final report output/relaxed_groups/additive_plus_film__g1__t2/cifs/sample_00063.cif,True,True,True,True,1.7398643579264863,210.48666931321011,13.155416832075634,16,False,True,True,,,,False,,5.273041916041693,True,,2.0,additive_plus_film,additive_plus_film
additive_plus_film__g1__t2,1,2,64,provenance://crystalite/outputs/final report output/relaxed_groups/additive_plus_film__g1__t2/cifs/sample_00064.cif,True,True,True,True,3.1956397405676897,153.09576048279072,25.51596008046512,6,True,True,True,,,,False,,7.0695201652485125,True,,2.0,additive_plus_film,additive_plus_film
additive_plus_film__g1__t2,1,2,65,provenance://crystalite/outputs/final report output/relaxed_groups/additive_plus_film__g1__t2/cifs/sample_00065.cif,True,True,True,True,1.6027161980973967,122.9100798146552,12.29100798146552,10,False,True,True,,,,False,,2.9253391184252906,True,,2.0,additive_plus_film,additive_plus_film
additive_plus_film__g1__t2,1,2,66,provenance://crystalite/outputs/final report output/relaxed_groups/additive_plus_film__g1__t2/cifs/sample_00066.cif,True,True,True,True,2.693358016733171,61.48783178266323,20.49594392755441,3,False,True,True,,,,False,,18.68358352551675,True,,2.0,additive_plus_film,additive_plus_film
additive_plus_film__g1__t2,1,2,67,provenance://crystalite/outputs/final report output/relaxed_groups/additive_plus_film__g1__t2/cifs/sample_00067.cif,True,True,True,True,2.65525892138388,60.22507506448861,20.07502502149621,3,False,True,True,,,,False,,3.8907955936380265,True,,2.0,additive_plus_film,additive_plus_film
additive_plus_film__g1__t2,1,2,68,provenance://crystalite/outputs/final report output/relaxed_groups/additive_plus_film__g1__t2/cifs/sample_00068.cif,True,True,True,True,2.0041615116371863,531.290624295442,33.20566401846512,16,False,True,True,,,,False,,2.898315022882208,True,,2.0,additive_plus_film,additive_plus_film
additive_plus_film__g1__t2,1,2,69,provenance://crystalite/outputs/final report output/relaxed_groups/additive_plus_film__g1__t2/cifs/sample_00069.cif,True,True,True,True,1.8268394186084136,156.30279514177968,15.630279514177968,10,False,True,True,,,,False,,3.457160679376937,True,,2.0,additive_plus_film,additive_plus_film
additive_plus_film__g1__t2,1,2,70,provenance://crystalite/outputs/final report output/relaxed_groups/additive_plus_film__g1__t2/cifs/sample_00070.cif,True,True,True,True,2.941101206494253,81.63239348617208,27.210797828724026,3,True,True,True,,,,False,,16.090604929180458,True,,2.0,additive_plus_film,additive_plus_film
additive_plus_film__g1__t2,1,2,71,provenance://crystalite/outputs/final report output/relaxed_groups/additive_plus_film__g1__t2/cifs/sample_00071.cif,True,False,True,False,2.465215231588173,129.65457913333614,21.60909652222269,6,False,True,True,,,,False,,10.663518536014683,True,,2.0,additive_plus_film,additive_plus_film
additive_plus_film__g1__t2,1,2,72,provenance://crystalite/outputs/final report output/relaxed_groups/additive_plus_film__g1__t2/cifs/sample_00072.cif,True,True,True,True,1.831015491751421,226.3937026969581,17.414900207458313,13,False,True,True,,,,False,,4.501201522355276,True,,2.0,additive_plus_film,additive_plus_film
additive_plus_film__g1__t2,1,2,73,provenance://crystalite/outputs/final report output/relaxed_groups/additive_plus_film__g1__t2/cifs/sample_00073.cif,True,True,True,True,1.8009439100056002,150.49003788467724,12.54083649038977,12,False,True,True,,,,False,,3.392304641281904,True,,2.0,additive_plus_film,additive_plus_film
additive_plus_film__g1__t2,1,2,74,provenance://crystalite/outputs/final report output/relaxed_groups/additive_plus_film__g1__t2/cifs/sample_00074.cif,True,True,True,True,3.3127764108794078,97.73010576533196,32.57670192177732,3,True,True,True,,,,False,,9.00194179887215,True,,2.0,additive_plus_film,additive_plus_film
additive_plus_film__g1__t2,1,2,75,provenance://crystalite/outputs/final report output/relaxed_groups/additive_plus_film__g1__t2/cifs/sample_00075.cif,True,True,True,True,1.7073885343977602,125.75051403603868,12.575051403603869,10,False,True,True,,,,False,,2.625412477345577,True,,2.0,additive_plus_film,additive_plus_film
additive_plus_film__g1__t2,1,2,76,provenance://crystalite/outputs/final report output/relaxed_groups/additive_plus_film__g1__t2/cifs/sample_00076.cif,True,False,True,False,2.997532920367989,212.9902107987752,26.623776349846896,8,False,True,True,,,,False,,11.25188855648294,True,,2.0,additive_plus_film,additive_plus_film
additive_plus_film__g1__t2,1,2,77,provenance://crystalite/outputs/final report output/relaxed_groups/additive_plus_film__g1__t2/cifs/sample_00077.cif,True,True,True,True,1.8272382593448155,155.41055297125956,12.95087941427163,12,False,True,True,,,,False,,4.744974853850048,True,,2.0,additive_plus_film,additive_plus_film
additive_plus_film__g1__t2,1,2,78,provenance://crystalite/outputs/final report output/relaxed_groups/additive_plus_film__g1__t2/cifs/sample_00078.cif,True,True,True,True,2.228700521738986,282.3592156945288,23.529934641210733,12,False,True,True,,,,False,,3.299372572726462,True,,2.0,additive_plus_film,additive_plus_film
additive_plus_film__g1__t2,1,2,79,provenance://crystalite/outputs/final report output/relaxed_groups/additive_plus_film__g1__t2/cifs/sample_00079.cif,True,True,True,True,1.8804627855375289,205.0802190599379,20.50802190599379,10,False,True,True,,,,False,,2.4185249646085025,True,,2.0,additive_plus_film,additive_plus_film
additive_plus_film__g1__t2,1,2,80,provenance://crystalite/outputs/final report output/relaxed_groups/additive_plus_film__g1__t2/cifs/sample_00080.cif,True,True,True,True,1.8722611708847967,305.3704072793664,16.965022626631466,18,False,True,True,,,,False,,5.613297229761076,True,,2.0,additive_plus_film,additive_plus_film
additive_plus_film__g1__t2,1,2,81,provenance://crystalite/outputs/final report output/relaxed_groups/additive_plus_film__g1__t2/cifs/sample_00081.cif,True,True,True,True,2.024366597971889,90.29615246681004,15.04935874446834,6,False,True,True,,,,False,,5.995936660270576,True,,2.0,additive_plus_film,additive_plus_film
additive_plus_film__g1__t2,1,2,82,provenance://crystalite/outputs/final report output/relaxed_groups/additive_plus_film__g1__t2/cifs/sample_00082.cif,True,False,True,False,2.2931539479951364,160.32560098758867,16.032560098758868,10,False,True,True,,,,False,,3.0602320978317272,True,,2.0,additive_plus_film,additive_plus_film
additive_plus_film__g1__t2,1,2,83,provenance://crystalite/outputs/final report output/relaxed_groups/additive_plus_film__g1__t2/cifs/sample_00083.cif,True,True,True,True,1.5191379222418435,144.9716202964486,12.080968358037383,12,False,True,True,,,,False,,2.6963196861133287,True,,2.0,additive_plus_film,additive_plus_film
additive_plus_film__g1__t2,1,2,84,provenance://crystalite/outputs/final report output/relaxed_groups/additive_plus_film__g1__t2/cifs/sample_00084.cif,True,True,True,True,2.366157849268097,492.2667836331904,35.16191311665646,14,False,True,True,,,,False,,2.8256345543381567,True,,2.0,additive_plus_film,additive_plus_film
additive_plus_film__g1__t2,1,2,85,provenance://crystalite/outputs/final report output/relaxed_groups/additive_plus_film__g1__t2/cifs/sample_00085.cif,True,True,True,True,1.717524126930296,238.3110427437973,14.894440171487329,16,False,True,True,,,,False,,4.808690754191395,True,,2.0,additive_plus_film,additive_plus_film
additive_plus_film__g1__t2,1,2,86,provenance://crystalite/outputs/final report output/relaxed_groups/additive_plus_film__g1__t2/cifs/sample_00086.cif,True,True,True,True,1.6295401967738905,243.3104721685664,12.16552360842832,20,False,True,True,,,,False,,3.99835913027166,True,,2.0,additive_plus_film,additive_plus_film
additive_plus_film__g1__t2,1,2,87,provenance://crystalite/outputs/final report output/relaxed_groups/additive_plus_film__g1__t2/cifs/sample_00087.cif,True,False,True,False,1.801664239507262,137.70010106854082,17.212512633567602,8,False,True,True,,,,False,,2.087542487364603,True,,2.0,additive_plus_film,additive_plus_film
additive_plus_film__g1__t2,1,2,88,provenance://crystalite/outputs/final report output/relaxed_groups/additive_plus_film__g1__t2/cifs/sample_00088.cif,True,True,True,True,2.314283315284372,332.12891144894786,55.35481857482464,6,False,True,True,,,,False,,2.7250811613650114,True,,2.0,additive_plus_film,additive_plus_film
additive_plus_film__g1__t2,1,2,89,provenance://crystalite/outputs/final report output/relaxed_groups/additive_plus_film__g1__t2/cifs/sample_00089.cif,True,True,True,True,1.8168139995212336,162.28869433017326,13.52405786084777,12,False,True,True,,,,False,,4.685071757118997,True,,2.0,additive_plus_film,additive_plus_film
additive_plus_film__g1__t2,1,2,90,provenance://crystalite/outputs/final report output/relaxed_groups/additive_plus_film__g1__t2/cifs/sample_00090.cif,True,True,True,True,1.9953680177072253,277.87028568074965,17.366892855046853,16,False,True,True,,,,False,,2.3182170011600323,True,,2.0,additive_plus_film,additive_plus_film
additive_plus_film__g1__t2,1,2,91,provenance://crystalite/outputs/final report output/relaxed_groups/additive_plus_film__g1__t2/cifs/sample_00091.cif,True,False,True,False,1.4892861947220963,193.22020980714345,16.101684150595286,12,False,True,True,,,,False,,2.61976598460271,True,,2.0,additive_plus_film,additive_plus_film
additive_plus_film__g1__t2,1,2,92,provenance://crystalite/outputs/final report output/relaxed_groups/additive_plus_film__g1__t2/cifs/sample_00092.cif,True,True,True,True,1.1678259370684296,388.8322001601743,19.44161000800872,20,False,True,True,,,,False,,2.5306971321849137,True,,2.0,additive_plus_film,additive_plus_film
additive_plus_film__g1__t2,1,2,93,provenance://crystalite/outputs/final report output/relaxed_groups/additive_plus_film__g1__t2/cifs/sample_00093.cif,True,True,True,True,1.8162581676595355,182.62144089337755,13.044388635241251,14,False,True,True,,,,False,,2.0833653973973187,True,,2.0,additive_plus_film,additive_plus_film
additive_plus_film__g1__t2,1,2,94,provenance://crystalite/outputs/final report output/relaxed_groups/additive_plus_film__g1__t2/cifs/sample_00094.cif,True,True,True,True,1.6542963512286326,287.2363631298715,15.957575729437306,18,False,True,True,,,,False,,2.7071290119365656,True,,2.0,additive_plus_film,additive_plus_film
additive_plus_film__g1__t2,1,2,95,provenance://crystalite/outputs/final report output/relaxed_groups/additive_plus_film__g1__t2/cifs/sample_00095.cif,True,True,True,True,2.1947910273167786,290.4584530849551,22.34295792961193,13,False,True,True,,,,False,,4.099032729983495,True,,2.0,additive_plus_film,additive_plus_film
additive_plus_film__g1__t2,1,2,96,provenance://crystalite/outputs/final report output/relaxed_groups/additive_plus_film__g1__t2/cifs/sample_00096.cif,True,True,True,True,2.873563292669743,225.33208010371987,18.77767334197665,12,True,True,True,,,,False,,17.29250721258673,True,,2.0,additive_plus_film,additive_plus_film
additive_plus_film__g1__t2,1,2,97,provenance://crystalite/outputs/final report output/relaxed_groups/additive_plus_film__g1__t2/cifs/sample_00097.cif,True,True,True,True,2.044371416419831,306.51565924478643,16.132403118146655,19,False,True,True,,,,False,,5.447022912586975,True,,2.0,additive_plus_film,additive_plus_film
additive_plus_film__g1__t2,1,2,98,provenance://crystalite/outputs/final report output/relaxed_groups/additive_plus_film__g1__t2/cifs/sample_00098.cif,True,True,True,True,2.3059507488565374,99.26608475625017,12.408260594531267,8,True,True,True,,,,False,,16.181655172559704,True,,2.0,additive_plus_film,additive_plus_film
additive_plus_film__g1__t2,1,2,99,provenance://crystalite/outputs/final report output/relaxed_groups/additive_plus_film__g1__t2/cifs/sample_00099.cif,True,True,True,True,2.0241834428280567,144.48311579637334,14.448311579637334,10,False,True,True,,,,False,,5.7294782102558015,True,,2.0,additive_plus_film,additive_plus_film
additive_plus_film__g1__t2,1,2,100,provenance://crystalite/outputs/final report output/relaxed_groups/additive_plus_film__g1__t2/cifs/sample_00100.cif,True,False,True,False,2.078248198298872,556.8942482782875,30.93856934879375,18,False,True,True,,,,False,,6.357736022795588,True,,2.0,additive_plus_film,additive_plus_film
additive_plus_film__g1__t2,1,2,101,provenance://crystalite/outputs/final report output/relaxed_groups/additive_plus_film__g1__t2/cifs/sample_00101.cif,True,True,True,True,1.287412445834326,147.04269740592858,18.380337175741072,8,False,True,True,,,,False,,2.5888902383377683,True,,2.0,additive_plus_film,additive_plus_film
additive_plus_film__g1__t2,1,2,102,provenance://crystalite/outputs/final report output/relaxed_groups/additive_plus_film__g1__t2/cifs/sample_00102.cif,True,True,True,True,1.8977399555526653,354.27131898975995,17.713565949487997,20,False,True,True,,,,False,,4.11005669245201,True,,2.0,additive_plus_film,additive_plus_film
additive_plus_film__g1__t2,1,2,103,provenance://crystalite/outputs/final report output/relaxed_groups/additive_plus_film__g1__t2/cifs/sample_00103.cif,True,False,True,False,1.3604775317433548,61.68711620262265,15.421779050655662,4,False,True,True,,,,False,,3.1077775132331182,True,,2.0,additive_plus_film,additive_plus_film
additive_plus_film__g1__t2,1,2,104,provenance://crystalite/outputs/final report output/relaxed_groups/additive_plus_film__g1__t2/cifs/sample_00104.cif,True,True,True,True,1.8954785207260336,124.38170407635128,12.438170407635129,10,False,True,True,,,,False,,3.27704670966892,True,,2.0,additive_plus_film,additive_plus_film
additive_plus_film__g1__t2,1,2,105,provenance://crystalite/outputs/final report output/relaxed_groups/additive_plus_film__g1__t2/cifs/sample_00105.cif,True,True,True,True,1.7895088000818469,189.1887543907025,10.51048635503903,18,False,True,True,,,,False,,3.831306124467931,True,,2.0,additive_plus_film,additive_plus_film
additive_plus_film__g1__t2,1,2,106,provenance://crystalite/outputs/final report output/relaxed_groups/additive_plus_film__g1__t2/cifs/sample_00106.cif,True,True,True,True,2.318058509012043,241.1848164340526,17.227486888146615,14,False,True,True,,,,False,,9.499649855391604,True,,2.0,additive_plus_film,additive_plus_film
additive_plus_film__g1__t2,1,2,107,provenance://crystalite/outputs/final report output/relaxed_groups/additive_plus_film__g1__t2/cifs/sample_00107.cif,True,False,True,False,3.1659916276613744,107.0251235500486,26.75628088751215,4,False,True,True,,,,False,,16.823873216928565,True,,2.0,additive_plus_film,additive_plus_film
additive_plus_film__g1__t2,1,2,108,provenance://crystalite/outputs/final report output/relaxed_groups/additive_plus_film__g1__t2/cifs/sample_00108.cif,True,False,True,False,1.862876887430188,263.9612364951719,13.198061824758591,20,False,True,True,,,,False,,2.2233885214590976,True,,2.0,additive_plus_film,additive_plus_film
additive_plus_film__g1__t2,1,2,109,provenance://crystalite/outputs/final report output/relaxed_groups/additive_plus_film__g1__t2/cifs/sample_00109.cif,True,True,True,True,2.220949205069965,254.9683354452448,42.494722574207465,6,False,True,True,,,,False,,2.2502952544005965,True,,2.0,additive_plus_film,additive_plus_film
additive_plus_film__g1__t2,1,2,110,provenance://crystalite/outputs/final report output/relaxed_groups/additive_plus_film__g1__t2/cifs/sample_00110.cif,True,True,True,True,1.4724137940136206,466.4096797020364,29.150604981377278,16,False,True,True,,,,False,,2.5958188065218666,True,,2.0,additive_plus_film,additive_plus_film
additive_plus_film__g1__t2,1,2,111,provenance://crystalite/outputs/final report output/relaxed_groups/additive_plus_film__g1__t2/cifs/sample_00111.cif,True,True,True,True,2.11198514695993,175.63084167014944,14.635903472512451,12,False,True,True,,,,False,,6.016739390780544,True,,2.0,additive_plus_film,additive_plus_film
additive_plus_film__g1__t2,1,2,112,provenance://crystalite/outputs/final report output/relaxed_groups/additive_plus_film__g1__t2/cifs/sample_00112.cif,True,True,True,True,1.8294428596868963,112.63735368455843,11.263735368455844,10,False,True,True,,,,False,,4.770061575785736,True,,2.0,additive_plus_film,additive_plus_film
additive_plus_film__g1__t2,1,2,113,provenance://crystalite/outputs/final report output/relaxed_groups/additive_plus_film__g1__t2/cifs/sample_00113.cif,True,True,True,True,2.8355512855909604,73.16361118054364,24.387870393514547,3,True,True,True,,,,False,,13.722196062573934,True,,2.0,additive_plus_film,additive_plus_film
additive_plus_film__g1__t2,1,2,114,provenance://crystalite/outputs/final report output/relaxed_groups/additive_plus_film__g1__t2/cifs/sample_00114.cif,True,True,True,True,1.828502599441296,139.9883285033977,11.665694041949807,12,False,True,True,,,,False,,5.096182528854534,True,,2.0,additive_plus_film,additive_plus_film
additive_plus_film__g1__t2,1,2,115,provenance://crystalite/outputs/final report output/relaxed_groups/additive_plus_film__g1__t2/cifs/sample_00115.cif,True,True,True,True,1.3887539368452346,71.79005566801179,8.973756958501474,8,False,True,True,,,,False,,12.535627170165991,True,,2.0,additive_plus_film,additive_plus_film
additive_plus_film__g1__t2,1,2,116,provenance://crystalite/outputs/final report output/relaxed_groups/additive_plus_film__g1__t2/cifs/sample_00116.cif,True,True,True,True,1.7136028968200343,312.6091298139682,17.36717387855379,18,False,True,True,,,,False,,3.890699523129191,True,,2.0,additive_plus_film,additive_plus_film
additive_plus_film__g1__t2,1,2,117,provenance://crystalite/outputs/final report output/relaxed_groups/additive_plus_film__g1__t2/cifs/sample_00117.cif,True,True,True,True,2.999828561221431,163.73251262029058,32.74650252405812,5,True,True,True,,,,False,,12.835534791154194,True,,2.0,additive_plus_film,additive_plus_film
additive_plus_film__g1__t2,1,2,118,provenance://crystalite/outputs/final report output/relaxed_groups/additive_plus_film__g1__t2/cifs/sample_00118.cif,True,True,True,True,2.3407052504230865,284.72291210090367,23.726909341741973,12,False,True,True,,,,False,,11.250474261737605,True,,2.0,additive_plus_film,additive_plus_film
additive_plus_film__g1__t2,1,2,119,provenance://crystalite/outputs/final report output/relaxed_groups/additive_plus_film__g1__t2/cifs/sample_00119.cif,True,True,True,True,3.118915865048149,139.5321608744106,23.2553601457351,6,True,True,True,,,,False,,5.582228408711366,True,,2.0,additive_plus_film,additive_plus_film
additive_plus_film__g1__t2,1,2,120,provenance://crystalite/outputs/final report output/relaxed_groups/additive_plus_film__g1__t2/cifs/sample_00120.cif,True,True,True,True,2.3566539040599266,113.7107975095319,18.951799584921982,6,True,True,True,,,,False,,14.29671757699792,True,,2.0,additive_plus_film,additive_plus_film
additive_plus_film__g1__t2,1,2,121,provenance://crystalite/outputs/final report output/relaxed_groups/additive_plus_film__g1__t2/cifs/sample_00121.cif,True,True,True,True,2.43295457969619,187.3742782010752,23.4217847751344,8,False,True,True,,,,False,,5.876906581791033,True,,2.0,additive_plus_film,additive_plus_film
additive_plus_film__g1__t2,1,2,122,provenance://crystalite/outputs/final report output/relaxed_groups/additive_plus_film__g1__t2/cifs/sample_00122.cif,True,True,True,True,2.649348281076705,92.89111816850571,30.96370605616857,3,False,True,True,,,,False,,12.302338115046473,True,,2.0,additive_plus_film,additive_plus_film
additive_plus_film__g1__t2,1,2,123,provenance://crystalite/outputs/final report output/relaxed_groups/additive_plus_film__g1__t2/cifs/sample_00123.cif,True,True,True,True,1.327352733328969,341.6991640293171,17.084958201465856,20,False,True,True,,,,False,,2.538769336260528,True,,2.0,additive_plus_film,additive_plus_film
additive_plus_film__g1__t2,1,2,124,provenance://crystalite/outputs/final report output/relaxed_groups/additive_plus_film__g1__t2/cifs/sample_00124.cif,True,False,True,False,2.4928689226614145,146.57857213066066,29.31571442613213,5,False,True,True,,,,False,,3.4848812659406554,True,,2.0,additive_plus_film,additive_plus_film
additive_plus_film__g1__t2,1,2,125,provenance://crystalite/outputs/final report output/relaxed_groups/additive_plus_film__g1__t2/cifs/sample_00125.cif,True,True,True,True,1.8967234371447883,115.05093385780856,10.459175805255324,11,False,True,True,,,,False,,3.101307526981697,True,,2.0,additive_plus_film,additive_plus_film
additive_plus_film__g1__t2,1,2,126,provenance://crystalite/outputs/final report output/relaxed_groups/additive_plus_film__g1__t2/cifs/sample_00126.cif,True,False,True,False,2.653071793139712,331.1653730129672,33.11653730129672,10,False,True,True,,,,False,,3.09927184472398,True,,2.0,additive_plus_film,additive_plus_film
additive_plus_film__g1__t2,1,2,127,provenance://crystalite/outputs/final report output/relaxed_groups/additive_plus_film__g1__t2/cifs/sample_00127.cif,True,False,True,False,1.4428533839084074,239.70726129487383,14.981703830929614,16,False,True,True,,,,False,,2.7636180856055432,True,,2.0,additive_plus_film,additive_plus_film
additive_plus_film__g1__t4,1,4,0,provenance://crystalite/outputs/final report output/relaxed_groups/additive_plus_film__g1__t4/cifs/sample_00000.cif,True,False,True,False,2.561909941017893,311.04449092548776,31.104449092548776,10,False,True,True,,,,False,,3.267309944299226,True,,4.0,additive_plus_film,additive_plus_film
additive_plus_film__g1__t4,1,4,1,provenance://crystalite/outputs/final report output/relaxed_groups/additive_plus_film__g1__t4/cifs/sample_00001.cif,True,True,True,True,2.865640888677923,36.82100911296453,18.410504556482262,2,True,True,True,,,,False,,11.99066710504286,True,,4.0,additive_plus_film,additive_plus_film
additive_plus_film__g1__t4,1,4,2,provenance://crystalite/outputs/final report output/relaxed_groups/additive_plus_film__g1__t4/cifs/sample_00002.cif,True,True,True,True,2.400454822521351,210.20714485841663,17.51726207153472,12,False,True,True,,,,False,,17.072549344266374,True,,4.0,additive_plus_film,additive_plus_film
additive_plus_film__g1__t4,1,4,3,provenance://crystalite/outputs/final report output/relaxed_groups/additive_plus_film__g1__t4/cifs/sample_00003.cif,True,True,True,True,2.373438389065849,119.49154931814446,23.89830986362889,5,False,True,True,,,,False,,7.85915215068183,True,,4.0,additive_plus_film,additive_plus_film
additive_plus_film__g1__t4,1,4,4,provenance://crystalite/outputs/final report output/relaxed_groups/additive_plus_film__g1__t4/cifs/sample_00004.cif,True,True,True,True,1.9013420927753624,171.0184805483555,15.547134595305046,11,False,True,True,,,,False,,4.448650758191306,True,,4.0,additive_plus_film,additive_plus_film
additive_plus_film__g1__t4,1,4,5,provenance://crystalite/outputs/final report output/relaxed_groups/additive_plus_film__g1__t4/cifs/sample_00005.cif,True,False,True,False,2.032940114782476,143.16493543931688,11.93041128660974,12,False,True,True,,,,False,,22.32206327779285,True,,4.0,additive_plus_film,additive_plus_film
additive_plus_film__g1__t4,1,4,6,provenance://crystalite/outputs/final report output/relaxed_groups/additive_plus_film__g1__t4/cifs/sample_00006.cif,True,False,True,False,2.451045373816508,230.3373742002486,17.718259553865277,13,False,True,True,,,,False,,19.063665302107168,True,,4.0,additive_plus_film,additive_plus_film
additive_plus_film__g1__t4,1,4,7,provenance://crystalite/outputs/final report output/relaxed_groups/additive_plus_film__g1__t4/cifs/sample_00007.cif,True,False,True,False,2.729420454178384,472.7023266037952,39.39186055031626,12,False,True,True,,,,False,,12.136554060737472,True,,4.0,additive_plus_film,additive_plus_film
additive_plus_film__g1__t4,1,4,8,provenance://crystalite/outputs/final report output/relaxed_groups/additive_plus_film__g1__t4/cifs/sample_00008.cif,True,True,True,True,1.9024020671811956,281.14065621904547,14.057032810952274,20,False,True,True,,,,False,,4.000749913732985,True,,4.0,additive_plus_film,additive_plus_film
additive_plus_film__g1__t4,1,4,9,provenance://crystalite/outputs/final report output/relaxed_groups/additive_plus_film__g1__t4/cifs/sample_00009.cif,True,True,True,True,2.4714319350592104,81.0224394519726,20.25560986299315,4,False,True,False,,,,False,,3.775593302459985,True,,4.0,additive_plus_film,additive_plus_film
additive_plus_film__g1__t4,1,4,10,provenance://crystalite/outputs/final report output/relaxed_groups/additive_plus_film__g1__t4/cifs/sample_00010.cif,True,True,True,True,2.00442374812177,638.7657355550889,35.48698530861605,18,False,True,True,,,,False,,2.9671213489857933,True,,4.0,additive_plus_film,additive_plus_film
additive_plus_film__g1__t4,1,4,11,provenance://crystalite/outputs/final report output/relaxed_groups/additive_plus_film__g1__t4/cifs/sample_00011.cif,True,True,True,True,2.4035660163896075,133.64248796352902,26.728497592705803,5,True,True,True,,,,False,,10.497828111342072,True,,4.0,additive_plus_film,additive_plus_film
additive_plus_film__g1__t4,1,4,12,provenance://crystalite/outputs/final report output/relaxed_groups/additive_plus_film__g1__t4/cifs/sample_00012.cif,True,False,True,False,2.677258283636332,236.64001783371904,33.80571683338844,7,False,True,True,,,,False,,2.2290183663358945,True,,4.0,additive_plus_film,additive_plus_film
additive_plus_film__g1__t4,1,4,13,provenance://crystalite/outputs/final report output/relaxed_groups/additive_plus_film__g1__t4/cifs/sample_00013.cif,True,True,True,True,2.590759926040996,260.6699343085004,32.58374178856255,8,False,True,True,,,,False,,12.325050488772492,True,,4.0,additive_plus_film,additive_plus_film
additive_plus_film__g1__t4,1,4,14,provenance://crystalite/outputs/final report output/relaxed_groups/additive_plus_film__g1__t4/cifs/sample_00014.cif,True,True,True,True,2.6867277880631253,194.3880199824901,27.76971714035573,7,True,True,True,,,,False,,16.80509878665612,True,,4.0,additive_plus_film,additive_plus_film
additive_plus_film__g1__t4,1,4,15,provenance://crystalite/outputs/final report output/relaxed_groups/additive_plus_film__g1__t4/cifs/sample_00015.cif,True,True,True,True,2.457865433762912,256.9275513758975,25.69275513758975,10,False,True,True,,,,False,,14.532316007862612,True,,4.0,additive_plus_film,additive_plus_film
additive_plus_film__g1__t4,1,4,16,provenance://crystalite/outputs/final report output/relaxed_groups/additive_plus_film__g1__t4/cifs/sample_00016.cif,True,False,True,False,2.4463098099479126,311.05406450901484,19.440879031813427,16,False,True,True,,,,False,,20.260698882855337,True,,4.0,additive_plus_film,additive_plus_film
additive_plus_film__g1__t4,1,4,17,provenance://crystalite/outputs/final report output/relaxed_groups/additive_plus_film__g1__t4/cifs/sample_00017.cif,True,True,True,True,2.52127553816278,145.95074995887313,16.216749995430348,9,True,True,True,,,,False,,18.66171611886024,True,,4.0,additive_plus_film,additive_plus_film
additive_plus_film__g1__t4,1,4,18,provenance://crystalite/outputs/final report output/relaxed_groups/additive_plus_film__g1__t4/cifs/sample_00018.cif,True,True,True,True,1.896635856314212,206.36695782763576,15.874381371356597,13,False,True,True,,,,False,,3.682214946440676,True,,4.0,additive_plus_film,additive_plus_film
additive_plus_film__g1__t4,1,4,19,provenance://crystalite/outputs/final report output/relaxed_groups/additive_plus_film__g1__t4/cifs/sample_00019.cif,True,True,True,True,1.4472085543983386,95.9856715567836,13.71223879382623,7,False,True,True,,,,False,,8.82228887358009,True,,4.0,additive_plus_film,additive_plus_film
additive_plus_film__g1__t4,1,4,20,provenance://crystalite/outputs/final report output/relaxed_groups/additive_plus_film__g1__t4/cifs/sample_00020.cif,True,True,True,True,2.393898376181895,165.38031293347137,20.67253911668392,8,True,True,True,,,,False,,13.1947258898708,True,,4.0,additive_plus_film,additive_plus_film
additive_plus_film__g1__t4,1,4,21,provenance://crystalite/outputs/final report output/relaxed_groups/additive_plus_film__g1__t4/cifs/sample_00021.cif,True,True,True,True,1.8088543408093225,253.3841678325452,18.098869130896087,14,False,True,True,,,,False,,10.20328499824262,True,,4.0,additive_plus_film,additive_plus_film
additive_plus_film__g1__t4,1,4,22,provenance://crystalite/outputs/final report output/relaxed_groups/additive_plus_film__g1__t4/cifs/sample_00022.cif,True,True,True,True,2.0942844441503143,198.82899913180196,14.20207136655728,14,False,True,True,,,,False,,2.075636641683956,True,,4.0,additive_plus_film,additive_plus_film
additive_plus_film__g1__t4,1,4,23,provenance://crystalite/outputs/final report output/relaxed_groups/additive_plus_film__g1__t4/cifs/sample_00023.cif,True,True,True,True,2.0135464216640746,191.19863079409797,19.119863079409797,10,False,True,True,,,,False,,2.25926104452166,True,,4.0,additive_plus_film,additive_plus_film
additive_plus_film__g1__t4,1,4,24,provenance://crystalite/outputs/final report output/relaxed_groups/additive_plus_film__g1__t4/cifs/sample_00024.cif,True,True,True,True,2.139672048681217,271.0795577419958,22.58996314516632,12,False,True,True,,,,False,,6.335590286483453,True,,4.0,additive_plus_film,additive_plus_film
additive_plus_film__g1__t4,1,4,25,provenance://crystalite/outputs/final report output/relaxed_groups/additive_plus_film__g1__t4/cifs/sample_00025.cif,True,True,True,True,1.986586483711123,360.69924874262057,36.06992487426206,10,False,True,True,,,,False,,5.251924894562419,True,,4.0,additive_plus_film,additive_plus_film
additive_plus_film__g1__t4,1,4,26,provenance://crystalite/outputs/final report output/relaxed_groups/additive_plus_film__g1__t4/cifs/sample_00026.cif,True,True,True,True,1.7216570568818026,213.18589327931895,10.659294663965948,20,False,True,True,,,,False,,5.032667244775605,True,,4.0,additive_plus_film,additive_plus_film
additive_plus_film__g1__t4,1,4,27,provenance://crystalite/outputs/final report output/relaxed_groups/additive_plus_film__g1__t4/cifs/sample_00027.cif,True,True,True,True,1.773675991986846,208.5258571857126,17.37715476547605,12,False,True,True,,,,False,,2.8868447970245814,True,,4.0,additive_plus_film,additive_plus_film
additive_plus_film__g1__t4,1,4,28,provenance://crystalite/outputs/final report output/relaxed_groups/additive_plus_film__g1__t4/cifs/sample_00028.cif,True,True,True,True,2.6248970020431184,366.10791996451246,30.50899333037604,12,False,True,True,,,,False,,9.55347683031333,True,,4.0,additive_plus_film,additive_plus_film
additive_plus_film__g1__t4,1,4,29,provenance://crystalite/outputs/final report output/relaxed_groups/additive_plus_film__g1__t4/cifs/sample_00029.cif,True,True,True,True,2.005504725093052,81.25143553508589,10.156429441885736,8,False,True,True,,,,False,,3.4066799457991093,True,,4.0,additive_plus_film,additive_plus_film
additive_plus_film__g1__t4,1,4,30,provenance://crystalite/outputs/final report output/relaxed_groups/additive_plus_film__g1__t4/cifs/sample_00030.cif,True,True,True,True,2.216252059893276,433.8731171629537,30.99093694021098,14,False,True,True,,,,False,,4.219691245566316,True,,4.0,additive_plus_film,additive_plus_film
additive_plus_film__g1__t4,1,4,31,provenance://crystalite/outputs/final report output/relaxed_groups/additive_plus_film__g1__t4/cifs/sample_00031.cif,True,True,True,True,2.7683961214589434,502.6595913792684,62.83244892240855,8,False,True,True,,,,False,,5.219744844465265,True,,4.0,additive_plus_film,additive_plus_film
additive_plus_film__g1__t4,1,4,32,provenance://crystalite/outputs/final report output/relaxed_groups/additive_plus_film__g1__t4/cifs/sample_00032.cif,True,True,True,True,1.465925889696356,184.0299612155765,18.40299612155765,10,False,True,True,,,,False,,1.922590188914924,True,,4.0,additive_plus_film,additive_plus_film
additive_plus_film__g1__t4,1,4,33,provenance://crystalite/outputs/final report output/relaxed_groups/additive_plus_film__g1__t4/cifs/sample_00033.cif,True,True,True,True,3.206449083217506,102.47238824753512,25.618097061883777,4,True,True,True,,,,False,,11.254560585231069,True,,4.0,additive_plus_film,additive_plus_film
additive_plus_film__g1__t4,1,4,34,provenance://crystalite/outputs/final report output/relaxed_groups/additive_plus_film__g1__t4/cifs/sample_00034.cif,True,True,True,True,2.185808167347946,83.95713297379518,16.791426594759038,5,False,True,True,,,,False,,3.346371211066601,True,,4.0,additive_plus_film,additive_plus_film
additive_plus_film__g1__t4,1,4,35,provenance://crystalite/outputs/final report output/relaxed_groups/additive_plus_film__g1__t4/cifs/sample_00035.cif,True,True,True,True,2.5509865434355867,271.62040880803784,22.635034067336488,12,False,True,True,,,,False,,6.871791931481749,True,,4.0,additive_plus_film,additive_plus_film
additive_plus_film__g1__t4,1,4,36,provenance://crystalite/outputs/final report output/relaxed_groups/additive_plus_film__g1__t4/cifs/sample_00036.cif,True,True,True,True,2.63488247055038,111.8040841234089,18.63401402056815,6,True,True,True,,,,False,,15.252231740616116,True,,4.0,additive_plus_film,additive_plus_film
additive_plus_film__g1__t4,1,4,37,provenance://crystalite/outputs/final report output/relaxed_groups/additive_plus_film__g1__t4/cifs/sample_00037.cif,True,True,True,True,1.8692586799594657,233.62799706682665,16.687714076201903,14,False,True,True,,,,False,,6.460572801990442,True,,4.0,additive_plus_film,additive_plus_film
additive_plus_film__g1__t4,1,4,38,provenance://crystalite/outputs/final report output/relaxed_groups/additive_plus_film__g1__t4/cifs/sample_00038.cif,True,True,True,True,1.661533381616764,237.2515362178147,16.94653830127248,14,False,True,True,,,,False,,4.169148236298306,True,,4.0,additive_plus_film,additive_plus_film
additive_plus_film__g1__t4,1,4,39,provenance://crystalite/outputs/final report output/relaxed_groups/additive_plus_film__g1__t4/cifs/sample_00039.cif,True,True,True,True,1.8010877726994072,247.6094648301269,15.475591551882932,16,False,True,True,,,,False,,4.935003184345129,True,,4.0,additive_plus_film,additive_plus_film
additive_plus_film__g1__t4,1,4,40,provenance://crystalite/outputs/final report output/relaxed_groups/additive_plus_film__g1__t4/cifs/sample_00040.cif,True,True,True,True,1.3050859295229242,409.1551320613567,22.73084067007537,18,False,True,True,,,,False,,8.533579653182018,True,,4.0,additive_plus_film,additive_plus_film
additive_plus_film__g1__t4,1,4,41,provenance://crystalite/outputs/final report output/relaxed_groups/additive_plus_film__g1__t4/cifs/sample_00041.cif,True,False,True,False,0.7450799534174949,192.9564482388208,12.0597780149263,16,False,True,True,,,,False,,1.672570764879558,True,,4.0,additive_plus_film,additive_plus_film
additive_plus_film__g1__t4,1,4,42,provenance://crystalite/outputs/final report output/relaxed_groups/additive_plus_film__g1__t4/cifs/sample_00042.cif,True,True,True,True,1.6503661443577406,208.97401844973447,13.060876153108405,16,False,True,True,,,,False,,5.161900891942682,True,,4.0,additive_plus_film,additive_plus_film
additive_plus_film__g1__t4,1,4,43,provenance://crystalite/outputs/final report output/relaxed_groups/additive_plus_film__g1__t4/cifs/sample_00043.cif,True,True,True,True,1.6055815113520158,144.84385847111523,12.070321539259602,12,False,True,True,,,,False,,3.7803085105622976,True,,4.0,additive_plus_film,additive_plus_film
additive_plus_film__g1__t4,1,4,44,provenance://crystalite/outputs/final report output/relaxed_groups/additive_plus_film__g1__t4/cifs/sample_00044.cif,True,True,True,True,2.436449022925482,193.94297639747373,27.70613948535339,7,False,True,True,,,,False,,3.87606518768558,True,,4.0,additive_plus_film,additive_plus_film
additive_plus_film__g1__t4,1,4,45,provenance://crystalite/outputs/final report output/relaxed_groups/additive_plus_film__g1__t4/cifs/sample_00045.cif,True,True,True,True,1.7994721098814837,208.11889015587565,10.405944507793782,20,False,True,True,,,,False,,5.50299407982028,True,,4.0,additive_plus_film,additive_plus_film
additive_plus_film__g1__t4,1,4,46,provenance://crystalite/outputs/final report output/relaxed_groups/additive_plus_film__g1__t4/cifs/sample_00046.cif,True,True,True,True,1.869390426767648,94.1175072051464,11.7646884006433,8,False,True,True,,,,False,,8.626412210139895,True,,4.0,additive_plus_film,additive_plus_film
additive_plus_film__g1__t4,1,4,47,provenance://crystalite/outputs/final report output/relaxed_groups/additive_plus_film__g1__t4/cifs/sample_00047.cif,True,True,True,True,2.0146163078159924,155.06378886057593,15.506378886057592,10,False,True,True,,,,False,,4.419546138842192,True,,4.0,additive_plus_film,additive_plus_film
additive_plus_film__g1__t4,1,4,48,provenance://crystalite/outputs/final report output/relaxed_groups/additive_plus_film__g1__t4/cifs/sample_00048.cif,True,True,True,True,1.7399931677524918,290.13350596681903,14.506675298340951,20,False,True,True,,,,False,,4.786674626459802,True,,4.0,additive_plus_film,additive_plus_film
additive_plus_film__g1__t4,1,4,49,provenance://crystalite/outputs/final report output/relaxed_groups/additive_plus_film__g1__t4/cifs/sample_00049.cif,True,False,True,False,1.8885964530844768,88.05093006415217,11.00636625801902,8,False,True,True,,,,False,,8.8519824940643,True,,4.0,additive_plus_film,additive_plus_film
additive_plus_film__g1__t4,1,4,50,provenance://crystalite/outputs/final report output/relaxed_groups/additive_plus_film__g1__t4/cifs/sample_00050.cif,True,True,True,True,2.745103446921715,59.47758899365971,14.869397248414929,4,True,True,True,,,,False,,17.625114242294245,True,,4.0,additive_plus_film,additive_plus_film
additive_plus_film__g1__t4,1,4,51,provenance://crystalite/outputs/final report output/relaxed_groups/additive_plus_film__g1__t4/cifs/sample_00051.cif,True,True,True,True,1.8113162728964955,180.36079140089177,20.040087933432417,9,False,True,True,,,,False,,4.536787559100813,True,,4.0,additive_plus_film,additive_plus_film
additive_plus_film__g1__t4,1,4,52,provenance://crystalite/outputs/final report output/relaxed_groups/additive_plus_film__g1__t4/cifs/sample_00052.cif,True,True,True,True,3.276936292455713,110.83692771287706,27.709231928219264,4,True,True,True,,,,False,,14.438380529209317,True,,4.0,additive_plus_film,additive_plus_film
additive_plus_film__g1__t4,1,4,53,provenance://crystalite/outputs/final report output/relaxed_groups/additive_plus_film__g1__t4/cifs/sample_00053.cif,True,True,True,True,2.7041527677134,208.4184634756236,26.052307934452948,8,True,True,True,,,,False,,18.885017338318782,True,,4.0,additive_plus_film,additive_plus_film
additive_plus_film__g1__t4,1,4,54,provenance://crystalite/outputs/final report output/relaxed_groups/additive_plus_film__g1__t4/cifs/sample_00054.cif,True,True,True,True,2.0680675468026544,478.1704114471009,23.908520572355044,20,False,True,True,,,,False,,5.269156483469894,True,,4.0,additive_plus_film,additive_plus_film
additive_plus_film__g1__t4,1,4,55,provenance://crystalite/outputs/final report output/relaxed_groups/additive_plus_film__g1__t4/cifs/sample_00055.cif,True,False,True,False,1.7611907841411625,239.18436565419427,13.288020314121905,18,False,True,True,,,,False,,2.583620800034156,True,,4.0,additive_plus_film,additive_plus_film
additive_plus_film__g1__t4,1,4,56,provenance://crystalite/outputs/final report output/relaxed_groups/additive_plus_film__g1__t4/cifs/sample_00056.cif,True,True,True,True,2.659965101085414,60.24586810193702,15.061467025484257,4,False,True,True,,,,False,,11.945365645114371,True,,4.0,additive_plus_film,additive_plus_film
additive_plus_film__g1__t4,1,4,57,provenance://crystalite/outputs/final report output/relaxed_groups/additive_plus_film__g1__t4/cifs/sample_00057.cif,True,True,True,True,2.7090409903353856,151.0787502407958,18.88484378009948,8,True,True,True,,,,False,,14.861397179175412,True,,4.0,additive_plus_film,additive_plus_film
additive_plus_film__g1__t4,1,4,58,provenance://crystalite/outputs/final report output/relaxed_groups/additive_plus_film__g1__t4/cifs/sample_00058.cif,True,False,True,False,1.8625097189049065,239.94343486982788,11.997171743491394,20,False,True,True,,,,False,,5.241255167688531,True,,4.0,additive_plus_film,additive_plus_film
additive_plus_film__g1__t4,1,4,59,provenance://crystalite/outputs/final report output/relaxed_groups/additive_plus_film__g1__t4/cifs/sample_00059.cif,True,True,True,True,1.9352894857773852,162.74994186153995,18.08332687350444,9,False,True,True,,,,False,,6.962970586862205,True,,4.0,additive_plus_film,additive_plus_film
additive_plus_film__g1__t4,1,4,60,provenance://crystalite/outputs/final report output/relaxed_groups/additive_plus_film__g1__t4/cifs/sample_00060.cif,True,True,True,True,0.9782468606761104,170.16616202436796,10.635385126522998,16,False,True,True,,,,False,,4.9561623285459335,True,,4.0,additive_plus_film,additive_plus_film
additive_plus_film__g1__t4,1,4,61,provenance://crystalite/outputs/final report output/relaxed_groups/additive_plus_film__g1__t4/cifs/sample_00061.cif,True,True,True,True,1.8861697290971104,523.8523471979685,26.192617359898424,20,False,True,True,,,,False,,4.182122658366773,True,,4.0,additive_plus_film,additive_plus_film
additive_plus_film__g1__t4,1,4,62,provenance://crystalite/outputs/final report output/relaxed_groups/additive_plus_film__g1__t4/cifs/sample_00062.cif,True,True,True,True,2.7650209854007843,284.27921396501284,17.767450872813303,16,True,True,True,,,,False,,20.99568191525472,True,,4.0,additive_plus_film,additive_plus_film
additive_plus_film__g1__t4,1,4,63,provenance://crystalite/outputs/final report output/relaxed_groups/additive_plus_film__g1__t4/cifs/sample_00063.cif,True,True,True,True,1.8480213495882565,218.5276146631253,13.657975916445327,16,False,True,True,,,,False,,4.383224016743951,True,,4.0,additive_plus_film,additive_plus_film
additive_plus_film__g1__t4,1,4,64,provenance://crystalite/outputs/final report output/relaxed_groups/additive_plus_film__g1__t4/cifs/sample_00064.cif,True,True,True,True,3.1900093951791293,153.70275696848896,25.617126161414827,6,True,True,True,,,,False,,7.034376404728552,True,,4.0,additive_plus_film,additive_plus_film
additive_plus_film__g1__t4,1,4,65,provenance://crystalite/outputs/final report output/relaxed_groups/additive_plus_film__g1__t4/cifs/sample_00065.cif,True,True,True,True,1.6745323649784194,108.82333314462912,10.882333314462914,10,False,True,True,,,,False,,2.550455882668335,True,,4.0,additive_plus_film,additive_plus_film
additive_plus_film__g1__t4,1,4,66,provenance://crystalite/outputs/final report output/relaxed_groups/additive_plus_film__g1__t4/cifs/sample_00066.cif,True,True,True,True,2.7108656330612257,62.12752154007879,20.70917384669293,3,True,True,True,,,,False,,22.99062714700217,True,,4.0,additive_plus_film,additive_plus_film
additive_plus_film__g1__t4,1,4,67,provenance://crystalite/outputs/final report output/relaxed_groups/additive_plus_film__g1__t4/cifs/sample_00067.cif,True,True,True,True,2.4459628210631266,46.99573563874782,15.66524521291594,3,False,True,False,,,,False,,3.906122519427532,True,,4.0,additive_plus_film,additive_plus_film
additive_plus_film__g1__t4,1,4,68,provenance://crystalite/outputs/final report output/relaxed_groups/additive_plus_film__g1__t4/cifs/sample_00068.cif,True,True,True,True,2.029233250778536,579.1090737327015,36.194317108293845,16,False,True,True,,,,False,,2.5847263272005425,True,,4.0,additive_plus_film,additive_plus_film
additive_plus_film__g1__t4,1,4,69,provenance://crystalite/outputs/final report output/relaxed_groups/additive_plus_film__g1__t4/cifs/sample_00069.cif,True,True,True,True,2.2447821185050185,155.93400482063092,15.593400482063092,10,False,True,True,,,,False,,14.146811224076291,True,,4.0,additive_plus_film,additive_plus_film
additive_plus_film__g1__t4,1,4,70,provenance://crystalite/outputs/final report output/relaxed_groups/additive_plus_film__g1__t4/cifs/sample_00070.cif,True,True,True,True,3.203128735916441,104.20396615633663,34.73465538544555,3,True,True,True,,,,False,,16.916726384332836,True,,4.0,additive_plus_film,additive_plus_film
additive_plus_film__g1__t4,1,4,71,provenance://crystalite/outputs/final report output/relaxed_groups/additive_plus_film__g1__t4/cifs/sample_00071.cif,True,True,True,True,3.3377981767972296,176.7288228771041,29.454803812850685,6,True,True,True,,,,False,,11.317571351082895,True,,4.0,additive_plus_film,additive_plus_film
additive_plus_film__g1__t4,1,4,72,provenance://crystalite/outputs/final report output/relaxed_groups/additive_plus_film__g1__t4/cifs/sample_00072.cif,True,True,True,True,1.7696016860767283,231.90821098802184,17.839093152924757,13,False,True,True,,,,False,,3.789245703978201,True,,4.0,additive_plus_film,additive_plus_film
additive_plus_film__g1__t4,1,4,73,provenance://crystalite/outputs/final report output/relaxed_groups/additive_plus_film__g1__t4/cifs/sample_00073.cif,True,True,True,True,1.8082599036338116,152.1057691203028,12.675480760025232,12,False,True,True,,,,False,,3.2849999168421697,True,,4.0,additive_plus_film,additive_plus_film
additive_plus_film__g1__t4,1,4,74,provenance://crystalite/outputs/final report output/relaxed_groups/additive_plus_film__g1__t4/cifs/sample_00074.cif,True,True,True,True,3.334709256519869,98.7008081861592,32.9002693953864,3,True,True,True,,,,False,,8.883290956843515,True,,4.0,additive_plus_film,additive_plus_film
additive_plus_film__g1__t4,1,4,75,provenance://crystalite/outputs/final report output/relaxed_groups/additive_plus_film__g1__t4/cifs/sample_00075.cif,True,False,True,False,2.5705332110556967,353.9602346984647,35.39602346984647,10,False,True,True,,,,False,,8.594595869580038,True,,4.0,additive_plus_film,additive_plus_film
additive_plus_film__g1__t4,1,4,76,provenance://crystalite/outputs/final report output/relaxed_groups/additive_plus_film__g1__t4/cifs/sample_00076.cif,True,True,True,True,2.4363489621888847,178.40611733948126,22.30076466743516,8,True,True,True,,,,False,,21.842913013883464,True,,4.0,additive_plus_film,additive_plus_film
additive_plus_film__g1__t4,1,4,77,provenance://crystalite/outputs/final report output/relaxed_groups/additive_plus_film__g1__t4/cifs/sample_00077.cif,True,True,True,True,1.7715781945350992,140.63654532888933,11.719712110740778,12,False,True,True,,,,False,,5.7300418652466805,True,,4.0,additive_plus_film,additive_plus_film
additive_plus_film__g1__t4,1,4,78,provenance://crystalite/outputs/final report output/relaxed_groups/additive_plus_film__g1__t4/cifs/sample_00078.cif,True,False,True,False,2.1604785424434105,226.99336738107783,18.916113948423156,12,False,True,True,,,,False,,7.468795843326312,True,,4.0,additive_plus_film,additive_plus_film
additive_plus_film__g1__t4,1,4,79,provenance://crystalite/outputs/final report output/relaxed_groups/additive_plus_film__g1__t4/cifs/sample_00079.cif,True,False,True,False,0.9458302995466098,199.57153633427265,19.95715363342726,10,False,True,True,,,,False,,2.850613527061745,True,,4.0,additive_plus_film,additive_plus_film
additive_plus_film__g1__t4,1,4,80,provenance://crystalite/outputs/final report output/relaxed_groups/additive_plus_film__g1__t4/cifs/sample_00080.cif,True,True,True,True,1.840612265093683,358.0096361657509,19.889424231430606,18,False,True,True,,,,False,,6.020479155505432,True,,4.0,additive_plus_film,additive_plus_film
additive_plus_film__g1__t4,1,4,81,provenance://crystalite/outputs/final report output/relaxed_groups/additive_plus_film__g1__t4/cifs/sample_00081.cif,True,True,True,True,1.7188050632431784,73.54337805723692,12.257229676206151,6,False,True,True,,,,False,,9.795904840433831,True,,4.0,additive_plus_film,additive_plus_film
additive_plus_film__g1__t4,1,4,82,provenance://crystalite/outputs/final report output/relaxed_groups/additive_plus_film__g1__t4/cifs/sample_00082.cif,True,False,True,False,1.9662274237142543,168.96603801336718,16.896603801336717,10,False,True,True,,,,False,,11.355221356522618,True,,4.0,additive_plus_film,additive_plus_film
additive_plus_film__g1__t4,1,4,83,provenance://crystalite/outputs/final report output/relaxed_groups/additive_plus_film__g1__t4/cifs/sample_00083.cif,True,True,True,True,1.9268344611989927,180.42949367192196,15.035791139326829,12,False,True,True,,,,False,,3.4105245379887186,True,,4.0,additive_plus_film,additive_plus_film
additive_plus_film__g1__t4,1,4,84,provenance://crystalite/outputs/final report output/relaxed_groups/additive_plus_film__g1__t4/cifs/sample_00084.cif,True,True,True,True,2.404168366180487,314.67401435902667,22.476715311359047,14,False,True,True,,,,False,,4.415007551593738,True,,4.0,additive_plus_film,additive_plus_film
additive_plus_film__g1__t4,1,4,85,provenance://crystalite/outputs/final report output/relaxed_groups/additive_plus_film__g1__t4/cifs/sample_00085.cif,True,True,True,True,1.3916774338038158,227.6053751691213,14.22533594807008,16,False,True,True,,,,False,,11.779135533616945,True,,4.0,additive_plus_film,additive_plus_film
additive_plus_film__g1__t4,1,4,86,provenance://crystalite/outputs/final report output/relaxed_groups/additive_plus_film__g1__t4/cifs/sample_00086.cif,True,True,True,True,1.5914435991394198,247.8503760962666,12.39251880481333,20,False,True,True,,,,False,,3.9340084769807895,True,,4.0,additive_plus_film,additive_plus_film
additive_plus_film__g1__t4,1,4,87,provenance://crystalite/outputs/final report output/relaxed_groups/additive_plus_film__g1__t4/cifs/sample_00087.cif,True,True,True,True,1.979882100601445,141.80543832280597,17.725679790350746,8,False,True,True,,,,False,,2.7015816934366224,True,,4.0,additive_plus_film,additive_plus_film
additive_plus_film__g1__t4,1,4,88,provenance://crystalite/outputs/final report output/relaxed_groups/additive_plus_film__g1__t4/cifs/sample_00088.cif,True,False,True,False,2.9531194403126686,291.0551516013369,48.50919193355615,6,False,True,True,,,,False,,4.508165200707425,True,,4.0,additive_plus_film,additive_plus_film
additive_plus_film__g1__t4,1,4,89,provenance://crystalite/outputs/final report output/relaxed_groups/additive_plus_film__g1__t4/cifs/sample_00089.cif,True,True,True,True,1.7543395780986282,145.6337522218729,12.136146018489407,12,False,True,True,,,,False,,7.483330757373221,True,,4.0,additive_plus_film,additive_plus_film
additive_plus_film__g1__t4,1,4,90,provenance://crystalite/outputs/final report output/relaxed_groups/additive_plus_film__g1__t4/cifs/sample_00090.cif,True,False,True,False,2.030536044125259,209.6718790056872,13.104492437855448,16,False,True,True,,,,False,,4.679131616808273,True,,4.0,additive_plus_film,additive_plus_film
additive_plus_film__g1__t4,1,4,91,provenance://crystalite/outputs/final report output/relaxed_groups/additive_plus_film__g1__t4/cifs/sample_00091.cif,True,True,True,True,1.4952340177040675,183.64395110373005,15.303662591977504,12,False,True,True,,,,False,,3.604115539892697,True,,4.0,additive_plus_film,additive_plus_film
additive_plus_film__g1__t4,1,4,92,provenance://crystalite/outputs/final report output/relaxed_groups/additive_plus_film__g1__t4/cifs/sample_00092.cif,True,True,True,True,0.9858786131964072,216.43460883707408,10.821730441853704,20,False,True,True,,,,False,,5.901303773223447,True,,4.0,additive_plus_film,additive_plus_film
additive_plus_film__g1__t4,1,4,93,provenance://crystalite/outputs/final report output/relaxed_groups/additive_plus_film__g1__t4/cifs/sample_00093.cif,True,True,True,True,1.6484105060235936,147.3164286595105,10.522602047107894,14,False,True,True,,,,False,,3.4745329828513314,True,,4.0,additive_plus_film,additive_plus_film
additive_plus_film__g1__t4,1,4,94,provenance://crystalite/outputs/final report output/relaxed_groups/additive_plus_film__g1__t4/cifs/sample_00094.cif,True,True,True,True,1.6013637782142591,239.97621732722263,13.33201207373459,18,False,True,True,,,,False,,2.961473606228233,True,,4.0,additive_plus_film,additive_plus_film
additive_plus_film__g1__t4,1,4,95,provenance://crystalite/outputs/final report output/relaxed_groups/additive_plus_film__g1__t4/cifs/sample_00095.cif,True,True,True,True,1.9837045947479424,270.4793772624968,20.806105943268985,13,False,True,True,,,,False,,5.018027364293424,True,,4.0,additive_plus_film,additive_plus_film
additive_plus_film__g1__t4,1,4,96,provenance://crystalite/outputs/final report output/relaxed_groups/additive_plus_film__g1__t4/cifs/sample_00096.cif,True,True,True,True,2.711858116289669,240.3756060953542,20.03130050794618,12,True,True,True,,,,False,,16.592579467657472,True,,4.0,additive_plus_film,additive_plus_film
additive_plus_film__g1__t4,1,4,97,provenance://crystalite/outputs/final report output/relaxed_groups/additive_plus_film__g1__t4/cifs/sample_00097.cif,True,True,True,True,2.0814517423679,283.07698234163007,14.89878854429632,19,False,True,True,,,,False,,6.2429406642052285,True,,4.0,additive_plus_film,additive_plus_film
additive_plus_film__g1__t4,1,4,98,provenance://crystalite/outputs/final report output/relaxed_groups/additive_plus_film__g1__t4/cifs/sample_00098.cif,True,True,True,True,2.3460854484532763,102.18429890509832,12.77303736313729,8,True,True,True,,,,False,,16.83999112889516,True,,4.0,additive_plus_film,additive_plus_film
additive_plus_film__g1__t4,1,4,99,provenance://crystalite/outputs/final report output/relaxed_groups/additive_plus_film__g1__t4/cifs/sample_00099.cif,True,True,True,True,2.108224217028183,151.5664882111985,15.15664882111985,10,False,True,True,,,,False,,4.771931325315221,True,,4.0,additive_plus_film,additive_plus_film
additive_plus_film__g1__t4,1,4,100,provenance://crystalite/outputs/final report output/relaxed_groups/additive_plus_film__g1__t4/cifs/sample_00100.cif,True,False,True,False,2.062872674270109,523.8816183468739,29.104534352604105,18,False,True,True,,,,False,,6.668670300832332,True,,4.0,additive_plus_film,additive_plus_film
additive_plus_film__g1__t4,1,4,101,provenance://crystalite/outputs/final report output/relaxed_groups/additive_plus_film__g1__t4/cifs/sample_00101.cif,True,True,True,True,1.5857755640527758,166.86238219162172,20.857797773952715,8,False,True,True,,,,False,,2.838473262675167,True,,4.0,additive_plus_film,additive_plus_film
additive_plus_film__g1__t4,1,4,102,provenance://crystalite/outputs/final report output/relaxed_groups/additive_plus_film__g1__t4/cifs/sample_00102.cif,True,True,True,True,2.004316882098412,278.6726419324488,13.93363209662244,20,False,True,True,,,,False,,4.905449347080855,True,,4.0,additive_plus_film,additive_plus_film
additive_plus_film__g1__t4,1,4,103,provenance://crystalite/outputs/final report output/relaxed_groups/additive_plus_film__g1__t4/cifs/sample_00103.cif,True,True,True,True,2.1110329437181,38.47223071895917,9.618057679739792,4,False,True,False,,,,False,,3.0427907790755038,True,,4.0,additive_plus_film,additive_plus_film
additive_plus_film__g1__t4,1,4,104,provenance://crystalite/outputs/final report output/relaxed_groups/additive_plus_film__g1__t4/cifs/sample_00104.cif,True,True,True,True,1.8816357577284248,108.55187451692969,10.855187451692968,10,False,True,True,,,,False,,3.879493455905545,True,,4.0,additive_plus_film,additive_plus_film
additive_plus_film__g1__t4,1,4,105,provenance://crystalite/outputs/final report output/relaxed_groups/additive_plus_film__g1__t4/cifs/sample_00105.cif,True,False,True,False,2.219710898475618,419.8701504642751,23.326119470237504,18,False,True,True,,,,False,,4.765958592754356,True,,4.0,additive_plus_film,additive_plus_film
additive_plus_film__g1__t4,1,4,106,provenance://crystalite/outputs/final report output/relaxed_groups/additive_plus_film__g1__t4/cifs/sample_00106.cif,True,True,True,True,2.310323795342553,272.45518173334074,19.46108440952434,14,False,True,True,,,,False,,7.196780492986735,True,,4.0,additive_plus_film,additive_plus_film
additive_plus_film__g1__t4,1,4,107,provenance://crystalite/outputs/final report output/relaxed_groups/additive_plus_film__g1__t4/cifs/sample_00107.cif,True,True,True,True,3.446045978185016,129.7896350140931,32.44740875352328,4,True,True,True,,,,False,,12.846735241864785,True,,4.0,additive_plus_film,additive_plus_film
additive_plus_film__g1__t4,1,4,108,provenance://crystalite/outputs/final report output/relaxed_groups/additive_plus_film__g1__t4/cifs/sample_00108.cif,True,False,True,False,1.9195472907446904,253.5388301342996,12.67694150671498,20,False,True,True,,,,False,,2.1512404041442927,True,,4.0,additive_plus_film,additive_plus_film
additive_plus_film__g1__t4,1,4,109,provenance://crystalite/outputs/final report output/relaxed_groups/additive_plus_film__g1__t4/cifs/sample_00109.cif,True,True,True,True,2.511799189885948,194.57866377135,32.429777295225,6,False,True,True,,,,False,,4.265201878230204,True,,4.0,additive_plus_film,additive_plus_film
additive_plus_film__g1__t4,1,4,110,provenance://crystalite/outputs/final report output/relaxed_groups/additive_plus_film__g1__t4/cifs/sample_00110.cif,True,False,True,False,1.7398410842857222,612.6564792131251,38.29102995082032,16,False,True,True,,,,False,,3.146313644432414,True,,4.0,additive_plus_film,additive_plus_film
additive_plus_film__g1__t4,1,4,111,provenance://crystalite/outputs/final report output/relaxed_groups/additive_plus_film__g1__t4/cifs/sample_00111.cif,True,True,True,True,1.8016879520209597,169.0398495802267,14.086654131685558,12,False,True,True,,,,False,,4.605391084768251,True,,4.0,additive_plus_film,additive_plus_film
additive_plus_film__g1__t4,1,4,112,provenance://crystalite/outputs/final report output/relaxed_groups/additive_plus_film__g1__t4/cifs/sample_00112.cif,True,True,True,True,1.8922647972164757,110.21333021193956,11.021333021193955,10,False,True,True,,,,False,,4.8463341987989095,True,,4.0,additive_plus_film,additive_plus_film
additive_plus_film__g1__t4,1,4,113,provenance://crystalite/outputs/final report output/relaxed_groups/additive_plus_film__g1__t4/cifs/sample_00113.cif,True,True,True,True,2.857754798390269,72.77612221492426,24.258707404974757,3,True,True,True,,,,False,,13.270260860792328,True,,4.0,additive_plus_film,additive_plus_film
additive_plus_film__g1__t4,1,4,114,provenance://crystalite/outputs/final report output/relaxed_groups/additive_plus_film__g1__t4/cifs/sample_00114.cif,True,True,True,True,2.051763264937641,132.9758455368433,11.081320461403608,12,False,True,True,,,,False,,5.4774054219461945,True,,4.0,additive_plus_film,additive_plus_film
additive_plus_film__g1__t4,1,4,115,provenance://crystalite/outputs/final report output/relaxed_groups/additive_plus_film__g1__t4/cifs/sample_00115.cif,True,True,True,True,1.940996825353546,85.8044462884291,10.725555786053638,8,False,True,True,,,,False,,13.861575655652455,True,,4.0,additive_plus_film,additive_plus_film
additive_plus_film__g1__t4,1,4,116,provenance://crystalite/outputs/final report output/relaxed_groups/additive_plus_film__g1__t4/cifs/sample_00116.cif,True,True,True,True,1.3615808137008534,243.3887980125984,13.5215998895888,18,False,True,True,,,,False,,3.258753474059416,True,,4.0,additive_plus_film,additive_plus_film
additive_plus_film__g1__t4,1,4,117,provenance://crystalite/outputs/final report output/relaxed_groups/additive_plus_film__g1__t4/cifs/sample_00117.cif,True,True,True,True,2.9070884076011336,137.66660711488387,27.533321422976776,5,True,True,True,,,,False,,14.014078324559536,True,,4.0,additive_plus_film,additive_plus_film
additive_plus_film__g1__t4,1,4,118,provenance://crystalite/outputs/final report output/relaxed_groups/additive_plus_film__g1__t4/cifs/sample_00118.cif,True,True,True,True,2.6167592707955127,257.6354182967655,21.469618191397128,12,True,True,True,,,,False,,21.50591060842624,True,,4.0,additive_plus_film,additive_plus_film
additive_plus_film__g1__t4,1,4,119,provenance://crystalite/outputs/final report output/relaxed_groups/additive_plus_film__g1__t4/cifs/sample_00119.cif,True,True,True,True,2.5132291152784045,103.56718245189798,17.26119707531633,6,False,True,True,,,,False,,8.965119181473758,True,,4.0,additive_plus_film,additive_plus_film
additive_plus_film__g1__t4,1,4,120,provenance://crystalite/outputs/final report output/relaxed_groups/additive_plus_film__g1__t4/cifs/sample_00120.cif,True,True,True,True,2.331086748894648,114.1522467828889,19.025374463814817,6,True,True,True,,,,False,,14.013742799358369,True,,4.0,additive_plus_film,additive_plus_film
additive_plus_film__g1__t4,1,4,121,provenance://crystalite/outputs/final report output/relaxed_groups/additive_plus_film__g1__t4/cifs/sample_00121.cif,True,False,True,False,2.558602594958118,218.31577155801324,27.28947144475165,8,False,True,True,,,,False,,12.268696350847597,True,,4.0,additive_plus_film,additive_plus_film
additive_plus_film__g1__t4,1,4,122,provenance://crystalite/outputs/final report output/relaxed_groups/additive_plus_film__g1__t4/cifs/sample_00122.cif,True,False,True,False,1.8206063008549915,29.963879823635256,9.987959941211752,3,False,True,True,,,,False,,12.317304569232483,True,,4.0,additive_plus_film,additive_plus_film
additive_plus_film__g1__t4,1,4,123,provenance://crystalite/outputs/final report output/relaxed_groups/additive_plus_film__g1__t4/cifs/sample_00123.cif,True,True,True,True,1.7534437862470624,354.77412527602445,17.738706263801223,20,False,True,True,,,,False,,2.365817239002812,True,,4.0,additive_plus_film,additive_plus_film
additive_plus_film__g1__t4,1,4,124,provenance://crystalite/outputs/final report output/relaxed_groups/additive_plus_film__g1__t4/cifs/sample_00124.cif,True,False,True,False,1.809930749762134,112.63006360096443,22.526012720192888,5,False,True,True,,,,False,,5.205548497123167,True,,4.0,additive_plus_film,additive_plus_film
additive_plus_film__g1__t4,1,4,125,provenance://crystalite/outputs/final report output/relaxed_groups/additive_plus_film__g1__t4/cifs/sample_00125.cif,True,True,True,True,1.8797636815808,167.73554885581638,15.24868625961967,11,False,True,True,,,,False,,3.337658939111994,True,,4.0,additive_plus_film,additive_plus_film
additive_plus_film__g1__t4,1,4,126,provenance://crystalite/outputs/final report output/relaxed_groups/additive_plus_film__g1__t4/cifs/sample_00126.cif,True,False,True,False,2.734961258448717,270.31714921482126,27.031714921482127,10,False,True,True,,,,False,,2.3427654050595788,True,,4.0,additive_plus_film,additive_plus_film
additive_plus_film__g1__t4,1,4,127,provenance://crystalite/outputs/final report output/relaxed_groups/additive_plus_film__g1__t4/cifs/sample_00127.cif,True,True,True,True,1.863512798912392,199.14923873793032,12.446827421120645,16,False,True,True,,,,False,,2.2299187163994625,True,,4.0,additive_plus_film,additive_plus_film
additive_plus_film__g1__t8,1,8,0,provenance://crystalite/outputs/final report output/relaxed_groups/additive_plus_film__g1__t8/cifs/sample_00000.cif,True,False,True,False,2.646101232520752,433.2454279431237,43.32454279431237,10,False,True,True,,,,False,,2.558601452282979,True,,8.0,additive_plus_film,additive_plus_film
additive_plus_film__g1__t8,1,8,1,provenance://crystalite/outputs/final report output/relaxed_groups/additive_plus_film__g1__t8/cifs/sample_00001.cif,True,True,True,True,3.400587651235629,61.5063184391437,30.75315921957185,2,True,True,True,,,,False,,11.750159687921228,True,,8.0,additive_plus_film,additive_plus_film
additive_plus_film__g1__t8,1,8,2,provenance://crystalite/outputs/final report output/relaxed_groups/additive_plus_film__g1__t8/cifs/sample_00002.cif,True,True,True,True,2.310913914764454,208.6056585352159,17.383804877934658,12,False,True,True,,,,False,,17.130579968405332,True,,8.0,additive_plus_film,additive_plus_film
additive_plus_film__g1__t8,1,8,3,provenance://crystalite/outputs/final report output/relaxed_groups/additive_plus_film__g1__t8/cifs/sample_00003.cif,True,True,True,True,2.382402935452491,91.88590310563896,18.377180621127792,5,True,True,True,,,,False,,18.984891479672708,True,,8.0,additive_plus_film,additive_plus_film
additive_plus_film__g1__t8,1,8,4,provenance://crystalite/outputs/final report output/relaxed_groups/additive_plus_film__g1__t8/cifs/sample_00004.cif,True,True,True,True,1.942082351218948,180.3934141057609,16.399401282341902,11,False,True,True,,,,False,,4.121291624438141,True,,8.0,additive_plus_film,additive_plus_film
additive_plus_film__g1__t8,1,8,5,provenance://crystalite/outputs/final report output/relaxed_groups/additive_plus_film__g1__t8/cifs/sample_00005.cif,True,True,True,True,1.7277766803694736,194.31187816850448,16.19265651404204,12,False,True,True,,,,False,,19.26450731327364,True,,8.0,additive_plus_film,additive_plus_film
additive_plus_film__g1__t8,1,8,6,provenance://crystalite/outputs/final report output/relaxed_groups/additive_plus_film__g1__t8/cifs/sample_00006.cif,True,True,True,True,2.463244249185529,360.4758761603676,27.728913550797508,13,True,True,True,,,,False,,16.647348288325453,True,,8.0,additive_plus_film,additive_plus_film
additive_plus_film__g1__t8,1,8,7,provenance://crystalite/outputs/final report output/relaxed_groups/additive_plus_film__g1__t8/cifs/sample_00007.cif,True,False,True,False,1.9802526083631429,438.2121327979725,36.517677733164376,12,False,True,True,,,,False,,13.31442755531621,True,,8.0,additive_plus_film,additive_plus_film
additive_plus_film__g1__t8,1,8,8,provenance://crystalite/outputs/final report output/relaxed_groups/additive_plus_film__g1__t8/cifs/sample_00008.cif,True,True,True,True,1.9092192163217057,374.0822608276992,18.70411304138496,20,False,True,True,,,,False,,4.25939266915335,True,,8.0,additive_plus_film,additive_plus_film
additive_plus_film__g1__t8,1,8,9,provenance://crystalite/outputs/final report output/relaxed_groups/additive_plus_film__g1__t8/cifs/sample_00009.cif,True,True,True,True,3.2794917073479417,112.46162475848492,28.11540618962123,4,True,True,True,,,,False,,13.389454610386958,True,,8.0,additive_plus_film,additive_plus_film
additive_plus_film__g1__t8,1,8,10,provenance://crystalite/outputs/final report output/relaxed_groups/additive_plus_film__g1__t8/cifs/sample_00010.cif,True,False,True,False,2.196352628097417,625.8927896380945,34.77182164656081,18,False,True,True,,,,False,,3.5472719641759918,True,,8.0,additive_plus_film,additive_plus_film
additive_plus_film__g1__t8,1,8,11,provenance://crystalite/outputs/final report output/relaxed_groups/additive_plus_film__g1__t8/cifs/sample_00011.cif,True,True,True,True,2.951247193698953,159.52615628868512,31.90523125773702,5,True,True,True,,,,False,,10.565217513913923,True,,8.0,additive_plus_film,additive_plus_film
additive_plus_film__g1__t8,1,8,12,provenance://crystalite/outputs/final report output/relaxed_groups/additive_plus_film__g1__t8/cifs/sample_00012.cif,True,False,True,False,3.072712685226454,250.53146787763336,35.790209696804766,7,False,True,True,,,,False,,3.2600441868417964,True,,8.0,additive_plus_film,additive_plus_film
additive_plus_film__g1__t8,1,8,13,provenance://crystalite/outputs/final report output/relaxed_groups/additive_plus_film__g1__t8/cifs/sample_00013.cif,True,False,True,False,2.7393725827503084,294.2977213268417,36.787215165855216,8,False,True,True,,,,False,,15.624488703277374,True,,8.0,additive_plus_film,additive_plus_film
additive_plus_film__g1__t8,1,8,14,provenance://crystalite/outputs/final report output/relaxed_groups/additive_plus_film__g1__t8/cifs/sample_00014.cif,True,True,True,True,2.7795708766188025,193.3813394571133,27.625905636730472,7,True,True,True,,,,False,,17.40422552578359,True,,8.0,additive_plus_film,additive_plus_film
additive_plus_film__g1__t8,1,8,15,provenance://crystalite/outputs/final report output/relaxed_groups/additive_plus_film__g1__t8/cifs/sample_00015.cif,True,False,True,False,2.439836152332986,327.90627067278353,32.79062706727835,10,False,True,True,,,,False,,10.357760283015956,True,,8.0,additive_plus_film,additive_plus_film
additive_plus_film__g1__t8,1,8,16,provenance://crystalite/outputs/final report output/relaxed_groups/additive_plus_film__g1__t8/cifs/sample_00016.cif,True,False,True,False,2.405361418018049,340.62143434897155,21.28883964681072,16,False,True,True,,,,False,,17.3054172922638,True,,8.0,additive_plus_film,additive_plus_film
additive_plus_film__g1__t8,1,8,17,provenance://crystalite/outputs/final report output/relaxed_groups/additive_plus_film__g1__t8/cifs/sample_00017.cif,True,True,True,True,2.4984632127088435,132.43192235186038,14.714658039095598,9,True,True,True,,,,False,,22.79630277580177,True,,8.0,additive_plus_film,additive_plus_film
additive_plus_film__g1__t8,1,8,18,provenance://crystalite/outputs/final report output/relaxed_groups/additive_plus_film__g1__t8/cifs/sample_00018.cif,True,True,True,True,2.5047155937833026,220.56170643744375,16.9662851105726,13,True,True,True,,,,False,,21.3205127710925,True,,8.0,additive_plus_film,additive_plus_film
additive_plus_film__g1__t8,1,8,19,provenance://crystalite/outputs/final report output/relaxed_groups/additive_plus_film__g1__t8/cifs/sample_00019.cif,True,True,True,True,3.2175159579807424,283.6612637813178,40.5230376830454,7,True,True,True,,,,False,,7.067532885682176,True,,8.0,additive_plus_film,additive_plus_film
additive_plus_film__g1__t8,1,8,20,provenance://crystalite/outputs/final report output/relaxed_groups/additive_plus_film__g1__t8/cifs/sample_00020.cif,True,True,True,True,2.833600694393913,238.3628618074774,29.795357725934675,8,False,True,True,,,,False,,10.048725455985204,True,,8.0,additive_plus_film,additive_plus_film
additive_plus_film__g1__t8,1,8,21,provenance://crystalite/outputs/final report output/relaxed_groups/additive_plus_film__g1__t8/cifs/sample_00021.cif,True,False,True,False,2.4295296010946723,276.7820897898687,19.770149270704906,14,False,True,True,,,,False,,11.34845057741146,True,,8.0,additive_plus_film,additive_plus_film
additive_plus_film__g1__t8,1,8,22,provenance://crystalite/outputs/final report output/relaxed_groups/additive_plus_film__g1__t8/cifs/sample_00022.cif,True,True,True,True,2.3676392230196224,602.3737579815102,43.0266969986793,14,False,True,True,,,,False,,2.348416670545722,True,,8.0,additive_plus_film,additive_plus_film
additive_plus_film__g1__t8,1,8,23,provenance://crystalite/outputs/final report output/relaxed_groups/additive_plus_film__g1__t8/cifs/sample_00023.cif,True,True,True,True,2.1408170200692997,302.50616706604313,30.250616706604312,10,False,True,True,,,,False,,4.302529439745132,True,,8.0,additive_plus_film,additive_plus_film
additive_plus_film__g1__t8,1,8,24,provenance://crystalite/outputs/final report output/relaxed_groups/additive_plus_film__g1__t8/cifs/sample_00024.cif,True,False,True,False,2.0856612601411384,228.32022977311095,19.026685814425917,12,False,True,True,,,,False,,4.080337126299579,True,,8.0,additive_plus_film,additive_plus_film
additive_plus_film__g1__t8,1,8,25,provenance://crystalite/outputs/final report output/relaxed_groups/additive_plus_film__g1__t8/cifs/sample_00025.cif,True,False,True,False,2.22680883576198,337.3682310257062,33.736823102570625,10,False,True,True,,,,False,,5.0473838409118486,True,,8.0,additive_plus_film,additive_plus_film
additive_plus_film__g1__t8,1,8,26,provenance://crystalite/outputs/final report output/relaxed_groups/additive_plus_film__g1__t8/cifs/sample_00026.cif,True,True,True,True,1.821008780300368,253.1873485195035,12.659367425975177,20,False,True,True,,,,False,,4.6643893873532,True,,8.0,additive_plus_film,additive_plus_film
additive_plus_film__g1__t8,1,8,27,provenance://crystalite/outputs/final report output/relaxed_groups/additive_plus_film__g1__t8/cifs/sample_00027.cif,True,True,True,True,2.365124368015869,304.2581012293384,25.35484176911153,12,False,True,True,,,,False,,9.245889757069378,True,,8.0,additive_plus_film,additive_plus_film
additive_plus_film__g1__t8,1,8,28,provenance://crystalite/outputs/final report output/relaxed_groups/additive_plus_film__g1__t8/cifs/sample_00028.cif,True,False,True,False,2.532944011970632,348.1234375763482,29.01028646469568,12,False,True,True,,,,False,,9.515768413696874,True,,8.0,additive_plus_film,additive_plus_film
additive_plus_film__g1__t8,1,8,29,provenance://crystalite/outputs/final report output/relaxed_groups/additive_plus_film__g1__t8/cifs/sample_00029.cif,True,True,True,True,2.3380191621718063,221.10957668468583,27.638697085585733,8,False,True,True,,,,False,,8.896093730364102,True,,8.0,additive_plus_film,additive_plus_film
additive_plus_film__g1__t8,1,8,30,provenance://crystalite/outputs/final report output/relaxed_groups/additive_plus_film__g1__t8/cifs/sample_00030.cif,True,True,True,True,2.08823583758044,351.9503772090698,25.1393126577907,14,False,True,True,,,,False,,7.14807045077623,True,,8.0,additive_plus_film,additive_plus_film
additive_plus_film__g1__t8,1,8,31,provenance://crystalite/outputs/final report output/relaxed_groups/additive_plus_film__g1__t8/cifs/sample_00031.cif,True,False,True,False,2.8702077196325493,301.87463060079835,37.734328825099794,8,False,True,True,,,,False,,8.788571755400843,True,,8.0,additive_plus_film,additive_plus_film
additive_plus_film__g1__t8,1,8,32,provenance://crystalite/outputs/final report output/relaxed_groups/additive_plus_film__g1__t8/cifs/sample_00032.cif,True,True,True,True,2.0341358002764918,142.27785862424,14.227785862424,10,False,True,True,,,,False,,4.753231902029678,True,,8.0,additive_plus_film,additive_plus_film
additive_plus_film__g1__t8,1,8,33,provenance://crystalite/outputs/final report output/relaxed_groups/additive_plus_film__g1__t8/cifs/sample_00033.cif,True,True,True,True,3.436742210600087,129.25998187071613,32.31499546767903,4,True,True,True,,,,False,,11.935108138945756,True,,8.0,additive_plus_film,additive_plus_film
additive_plus_film__g1__t8,1,8,34,provenance://crystalite/outputs/final report output/relaxed_groups/additive_plus_film__g1__t8/cifs/sample_00034.cif,True,True,True,True,1.961227533106988,79.39209347908402,15.878418695816803,5,False,True,True,,,,False,,2.8894670819728,True,,8.0,additive_plus_film,additive_plus_film
additive_plus_film__g1__t8,1,8,35,provenance://crystalite/outputs/final report output/relaxed_groups/additive_plus_film__g1__t8/cifs/sample_00035.cif,True,True,True,True,2.620272471327913,276.92942078967235,23.077451732472696,12,False,True,True,,,,False,,6.18586815092312,True,,8.0,additive_plus_film,additive_plus_film
additive_plus_film__g1__t8,1,8,36,provenance://crystalite/outputs/final report output/relaxed_groups/additive_plus_film__g1__t8/cifs/sample_00036.cif,True,True,True,True,2.55962649963674,125.850808394677,20.975134732446165,6,True,True,True,,,,False,,20.211649104806344,True,,8.0,additive_plus_film,additive_plus_film
additive_plus_film__g1__t8,1,8,37,provenance://crystalite/outputs/final report output/relaxed_groups/additive_plus_film__g1__t8/cifs/sample_00037.cif,True,True,True,True,1.716745835516024,198.13114975158337,14.152224982255955,14,False,True,True,,,,False,,9.737767852279694,True,,8.0,additive_plus_film,additive_plus_film
additive_plus_film__g1__t8,1,8,38,provenance://crystalite/outputs/final report output/relaxed_groups/additive_plus_film__g1__t8/cifs/sample_00038.cif,True,False,True,False,2.385617033912117,328.3735002889075,23.45525002063625,14,False,True,True,,,,False,,13.563888764473823,True,,8.0,additive_plus_film,additive_plus_film
additive_plus_film__g1__t8,1,8,39,provenance://crystalite/outputs/final report output/relaxed_groups/additive_plus_film__g1__t8/cifs/sample_00039.cif,True,True,True,True,1.688561795324424,289.5201359802722,18.09500849876701,16,False,True,True,,,,False,,4.355043223585484,True,,8.0,additive_plus_film,additive_plus_film
additive_plus_film__g1__t8,1,8,41,provenance://crystalite/outputs/final report output/relaxed_groups/additive_plus_film__g1__t8/cifs/sample_00041.cif,True,True,True,True,0.9614753598020492,140.44806406138483,8.778004003836552,16,False,True,True,,,,False,,2.3458329015125785,True,,8.0,additive_plus_film,additive_plus_film
additive_plus_film__g1__t8,1,8,42,provenance://crystalite/outputs/final report output/relaxed_groups/additive_plus_film__g1__t8/cifs/sample_00042.cif,True,True,True,True,1.6153193225026157,192.5737173037147,12.035857331482168,16,False,True,True,,,,False,,5.265136182199303,True,,8.0,additive_plus_film,additive_plus_film
additive_plus_film__g1__t8,1,8,43,provenance://crystalite/outputs/final report output/relaxed_groups/additive_plus_film__g1__t8/cifs/sample_00043.cif,True,True,True,True,1.448502080973748,167.5336077219456,13.9611339768288,12,False,True,True,,,,False,,3.167762337885218,True,,8.0,additive_plus_film,additive_plus_film
additive_plus_film__g1__t8,1,8,44,provenance://crystalite/outputs/final report output/relaxed_groups/additive_plus_film__g1__t8/cifs/sample_00044.cif,True,False,True,False,2.9397078279378075,231.90746638652791,33.12963805521827,7,False,True,True,,,,False,,3.088781054855796,True,,8.0,additive_plus_film,additive_plus_film
additive_plus_film__g1__t8,1,8,45,provenance://crystalite/outputs/final report output/relaxed_groups/additive_plus_film__g1__t8/cifs/sample_00045.cif,True,False,True,False,2.567426263124048,802.4490039812953,40.122450199064765,20,False,True,True,,,,False,,5.522955173578182,True,,8.0,additive_plus_film,additive_plus_film
additive_plus_film__g1__t8,1,8,46,provenance://crystalite/outputs/final report output/relaxed_groups/additive_plus_film__g1__t8/cifs/sample_00046.cif,True,False,True,False,2.666594298085198,232.0679800598017,29.00849750747521,8,False,True,True,,,,False,,7.241350163920726,True,,8.0,additive_plus_film,additive_plus_film
additive_plus_film__g1__t8,1,8,47,provenance://crystalite/outputs/final report output/relaxed_groups/additive_plus_film__g1__t8/cifs/sample_00047.cif,True,True,True,True,1.989597600878937,162.16198370035474,16.216198370035475,10,False,True,True,,,,False,,4.246392922194258,True,,8.0,additive_plus_film,additive_plus_film
additive_plus_film__g1__t8,1,8,48,provenance://crystalite/outputs/final report output/relaxed_groups/additive_plus_film__g1__t8/cifs/sample_00048.cif,True,True,True,True,0.9846592380068292,300.9286089644068,15.04643044822034,20,False,True,True,,,,False,,3.9634617524202,True,,8.0,additive_plus_film,additive_plus_film
additive_plus_film__g1__t8,1,8,49,provenance://crystalite/outputs/final report output/relaxed_groups/additive_plus_film__g1__t8/cifs/sample_00049.cif,True,True,True,True,1.8325833566359293,106.73308864910204,13.341636081137755,8,False,True,True,,,,False,,5.875731963247486,True,,8.0,additive_plus_film,additive_plus_film
additive_plus_film__g1__t8,1,8,50,provenance://crystalite/outputs/final report output/relaxed_groups/additive_plus_film__g1__t8/cifs/sample_00050.cif,True,True,True,True,3.0265085928789444,123.6817620794654,30.92044051986635,4,True,True,True,,,,False,,16.127548062712417,True,,8.0,additive_plus_film,additive_plus_film
additive_plus_film__g1__t8,1,8,51,provenance://crystalite/outputs/final report output/relaxed_groups/additive_plus_film__g1__t8/cifs/sample_00051.cif,True,True,True,True,2.021476612579179,182.5763926460277,20.28626584955863,9,False,True,True,,,,False,,10.397396109737231,True,,8.0,additive_plus_film,additive_plus_film
additive_plus_film__g1__t8,1,8,52,provenance://crystalite/outputs/final report output/relaxed_groups/additive_plus_film__g1__t8/cifs/sample_00052.cif,True,True,True,True,3.299433306901025,113.25951457349385,28.314878643373454,4,True,True,True,,,,False,,15.533753740821268,True,,8.0,additive_plus_film,additive_plus_film
additive_plus_film__g1__t8,1,8,53,provenance://crystalite/outputs/final report output/relaxed_groups/additive_plus_film__g1__t8/cifs/sample_00053.cif,True,True,True,True,2.5736310174665067,170.52790085695403,21.31598760711925,8,True,True,True,,,,False,,16.07880313359664,True,,8.0,additive_plus_film,additive_plus_film
additive_plus_film__g1__t8,1,8,54,provenance://crystalite/outputs/final report output/relaxed_groups/additive_plus_film__g1__t8/cifs/sample_00054.cif,True,True,True,True,2.048439658391197,508.010604608536,25.4005302304268,20,False,True,True,,,,False,,5.518951848122273,True,,8.0,additive_plus_film,additive_plus_film
additive_plus_film__g1__t8,1,8,55,provenance://crystalite/outputs/final report output/relaxed_groups/additive_plus_film__g1__t8/cifs/sample_00055.cif,True,True,True,True,1.7691973158850396,286.6733508275949,15.926297268199717,18,False,True,True,,,,False,,2.4181021018170594,True,,8.0,additive_plus_film,additive_plus_film
additive_plus_film__g1__t8,1,8,56,provenance://crystalite/outputs/final report output/relaxed_groups/additive_plus_film__g1__t8/cifs/sample_00056.cif,True,True,True,True,3.5437230708925664,146.6147532005612,36.6536883001403,4,True,True,True,,,,False,,8.269716581362253,True,,8.0,additive_plus_film,additive_plus_film
additive_plus_film__g1__t8,1,8,57,provenance://crystalite/outputs/final report output/relaxed_groups/additive_plus_film__g1__t8/cifs/sample_00057.cif,True,True,True,True,2.758869061667488,200.3212832024148,25.04016040030185,8,True,True,True,,,,False,,11.902608318661942,True,,8.0,additive_plus_film,additive_plus_film
additive_plus_film__g1__t8,1,8,58,provenance://crystalite/outputs/final report output/relaxed_groups/additive_plus_film__g1__t8/cifs/sample_00058.cif,True,False,True,False,1.7223976262479368,236.3751371511764,11.81875685755882,20,False,True,True,,,,False,,6.091825707792491,True,,8.0,additive_plus_film,additive_plus_film
additive_plus_film__g1__t8,1,8,59,provenance://crystalite/outputs/final report output/relaxed_groups/additive_plus_film__g1__t8/cifs/sample_00059.cif,True,True,True,True,1.9699380113810423,149.0801702031814,16.564463355909044,9,False,True,True,,,,False,,5.1688534538557365,True,,8.0,additive_plus_film,additive_plus_film
additive_plus_film__g1__t8,1,8,60,provenance://crystalite/outputs/final report output/relaxed_groups/additive_plus_film__g1__t8/cifs/sample_00060.cif,True,True,True,True,2.203556121361172,336.84832712455375,21.05302044528461,16,False,True,True,,,,False,,10.129289751751289,True,,8.0,additive_plus_film,additive_plus_film
additive_plus_film__g1__t8,1,8,61,provenance://crystalite/outputs/final report output/relaxed_groups/additive_plus_film__g1__t8/cifs/sample_00061.cif,True,True,True,True,2.1171611540989472,502.6919092881713,25.13459546440856,20,False,True,True,,,,False,,6.6321012177663805,True,,8.0,additive_plus_film,additive_plus_film
additive_plus_film__g1__t8,1,8,62,provenance://crystalite/outputs/final report output/relaxed_groups/additive_plus_film__g1__t8/cifs/sample_00062.cif,True,True,True,True,2.805857666472848,289.17658303410394,18.073536439631496,16,True,True,True,,,,False,,31.40628991102925,True,,8.0,additive_plus_film,additive_plus_film
additive_plus_film__g1__t8,1,8,63,provenance://crystalite/outputs/final report output/relaxed_groups/additive_plus_film__g1__t8/cifs/sample_00063.cif,True,True,True,True,2.3971300428818614,438.9544225052479,27.43465140657799,16,False,True,True,,,,False,,6.468226318051173,True,,8.0,additive_plus_film,additive_plus_film
additive_plus_film__g1__t8,1,8,64,provenance://crystalite/outputs/final report output/relaxed_groups/additive_plus_film__g1__t8/cifs/sample_00064.cif,True,True,True,True,3.18123921122512,153.4363311217495,25.57272185362492,6,True,True,True,,,,False,,7.1635236604989325,True,,8.0,additive_plus_film,additive_plus_film
additive_plus_film__g1__t8,1,8,65,provenance://crystalite/outputs/final report output/relaxed_groups/additive_plus_film__g1__t8/cifs/sample_00065.cif,True,True,True,True,1.849015406365885,122.48505088154243,12.248505088154245,10,False,True,True,,,,False,,4.097273847676494,True,,8.0,additive_plus_film,additive_plus_film
additive_plus_film__g1__t8,1,8,66,provenance://crystalite/outputs/final report output/relaxed_groups/additive_plus_film__g1__t8/cifs/sample_00066.cif,True,True,True,True,2.9479188107012897,79.67519232283048,26.55839744094349,3,True,True,True,,,,False,,12.02615056115112,True,,8.0,additive_plus_film,additive_plus_film
additive_plus_film__g1__t8,1,8,67,provenance://crystalite/outputs/final report output/relaxed_groups/additive_plus_film__g1__t8/cifs/sample_00067.cif,True,True,True,True,2.568116347384514,74.86603569179891,24.95534523059964,3,False,True,True,,,,False,,8.963703073277758,True,,8.0,additive_plus_film,additive_plus_film
additive_plus_film__g1__t8,1,8,68,provenance://crystalite/outputs/final report output/relaxed_groups/additive_plus_film__g1__t8/cifs/sample_00068.cif,True,False,True,False,2.740028832875782,925.5315878805668,57.84572424253542,16,False,True,True,,,,False,,4.085486645500635,True,,8.0,additive_plus_film,additive_plus_film
additive_plus_film__g1__t8,1,8,69,provenance://crystalite/outputs/final report output/relaxed_groups/additive_plus_film__g1__t8/cifs/sample_00069.cif,True,True,True,True,2.220009578508582,124.84682335914832,12.484682335914831,10,False,True,True,,,,False,,14.27631908050575,True,,8.0,additive_plus_film,additive_plus_film
additive_plus_film__g1__t8,1,8,70,provenance://crystalite/outputs/final report output/relaxed_groups/additive_plus_film__g1__t8/cifs/sample_00070.cif,True,True,True,True,3.086004645126445,102.24976621859936,34.08325540619979,3,True,True,True,,,,False,,16.525567040058053,True,,8.0,additive_plus_film,additive_plus_film
additive_plus_film__g1__t8,1,8,71,provenance://crystalite/outputs/final report output/relaxed_groups/additive_plus_film__g1__t8/cifs/sample_00071.cif,True,True,True,True,2.944802545494871,164.2672193858618,27.377869897643635,6,True,True,True,,,,False,,8.948212878876856,True,,8.0,additive_plus_film,additive_plus_film
additive_plus_film__g1__t8,1,8,72,provenance://crystalite/outputs/final report output/relaxed_groups/additive_plus_film__g1__t8/cifs/sample_00072.cif,True,True,True,True,1.8731801096291203,208.24247275858855,16.01865175066066,13,False,True,True,,,,False,,5.015553575773762,True,,8.0,additive_plus_film,additive_plus_film
additive_plus_film__g1__t8,1,8,73,provenance://crystalite/outputs/final report output/relaxed_groups/additive_plus_film__g1__t8/cifs/sample_00073.cif,True,True,True,True,1.7088448316252274,172.6835267006772,14.3902938917231,12,False,True,True,,,,False,,3.7846840425346575,True,,8.0,additive_plus_film,additive_plus_film
additive_plus_film__g1__t8,1,8,74,provenance://crystalite/outputs/final report output/relaxed_groups/additive_plus_film__g1__t8/cifs/sample_00074.cif,True,True,True,True,3.202713512968513,89.6782973466387,29.8927657822129,3,True,True,True,,,,False,,10.90175662241662,True,,8.0,additive_plus_film,additive_plus_film
additive_plus_film__g1__t8,1,8,75,provenance://crystalite/outputs/final report output/relaxed_groups/additive_plus_film__g1__t8/cifs/sample_00075.cif,True,False,True,False,2.633655665843716,314.9363191304743,31.49363191304743,10,False,True,True,,,,False,,12.51704009545278,True,,8.0,additive_plus_film,additive_plus_film
additive_plus_film__g1__t8,1,8,76,provenance://crystalite/outputs/final report output/relaxed_groups/additive_plus_film__g1__t8/cifs/sample_00076.cif,True,True,True,True,2.7218070091298703,214.0508030449569,26.756350380619608,8,False,True,True,,,,False,,15.961557029266046,True,,8.0,additive_plus_film,additive_plus_film
additive_plus_film__g1__t8,1,8,77,provenance://crystalite/outputs/final report output/relaxed_groups/additive_plus_film__g1__t8/cifs/sample_00077.cif,True,False,True,False,1.8942554251248047,147.51622545318398,12.293018787765332,12,False,True,True,,,,False,,4.769386501742314,True,,8.0,additive_plus_film,additive_plus_film
additive_plus_film__g1__t8,1,8,78,provenance://crystalite/outputs/final report output/relaxed_groups/additive_plus_film__g1__t8/cifs/sample_00078.cif,True,True,True,True,2.5400599037505214,191.033841470976,15.919486789248,12,True,True,True,,,,False,,21.933872012977545,True,,8.0,additive_plus_film,additive_plus_film
additive_plus_film__g1__t8,1,8,79,provenance://crystalite/outputs/final report output/relaxed_groups/additive_plus_film__g1__t8/cifs/sample_00079.cif,True,True,True,True,1.9562986713794897,246.78080653412047,24.67808065341205,10,False,True,True,,,,False,,2.318251382915039,True,,8.0,additive_plus_film,additive_plus_film
additive_plus_film__g1__t8,1,8,80,provenance://crystalite/outputs/final report output/relaxed_groups/additive_plus_film__g1__t8/cifs/sample_00080.cif,True,True,True,True,0.9676987852205284,187.47908515956007,10.41550473108667,18,False,True,True,,,,False,,3.944852843917128,True,,8.0,additive_plus_film,additive_plus_film
additive_plus_film__g1__t8,1,8,81,provenance://crystalite/outputs/final report output/relaxed_groups/additive_plus_film__g1__t8/cifs/sample_00081.cif,True,True,True,True,2.422042924522895,99.25555223095924,16.542592038493208,6,False,True,True,,,,False,,8.156777540939274,True,,8.0,additive_plus_film,additive_plus_film
additive_plus_film__g1__t8,1,8,82,provenance://crystalite/outputs/final report output/relaxed_groups/additive_plus_film__g1__t8/cifs/sample_00082.cif,True,False,True,False,1.7677488135644677,156.6694010221075,15.66694010221075,10,False,True,True,,,,False,,12.46838301522893,True,,8.0,additive_plus_film,additive_plus_film
additive_plus_film__g1__t8,1,8,83,provenance://crystalite/outputs/final report output/relaxed_groups/additive_plus_film__g1__t8/cifs/sample_00083.cif,True,False,True,False,2.2068255176100267,187.1949299369617,15.599577494746809,12,False,True,True,,,,False,,3.1418034473267173,True,,8.0,additive_plus_film,additive_plus_film
additive_plus_film__g1__t8,1,8,84,provenance://crystalite/outputs/final report output/relaxed_groups/additive_plus_film__g1__t8/cifs/sample_00084.cif,True,False,True,False,2.401870732777538,275.49650838848305,19.678322027748788,14,False,True,True,,,,False,,7.093137630556271,True,,8.0,additive_plus_film,additive_plus_film
additive_plus_film__g1__t8,1,8,85,provenance://crystalite/outputs/final report output/relaxed_groups/additive_plus_film__g1__t8/cifs/sample_00085.cif,True,True,True,True,2.445807583573006,218.08640593345217,13.63040037084076,16,True,True,True,,,,False,,18.84897590055864,True,,8.0,additive_plus_film,additive_plus_film
additive_plus_film__g1__t8,1,8,86,provenance://crystalite/outputs/final report output/relaxed_groups/additive_plus_film__g1__t8/cifs/sample_00086.cif,True,True,True,True,1.837933880252541,249.69618558212065,12.484809279106033,20,False,True,True,,,,False,,4.609779548783433,True,,8.0,additive_plus_film,additive_plus_film
additive_plus_film__g1__t8,1,8,87,provenance://crystalite/outputs/final report output/relaxed_groups/additive_plus_film__g1__t8/cifs/sample_00087.cif,True,True,True,True,2.0541858532172665,193.54996834486184,24.19374604310773,8,False,True,True,,,,False,,2.231103559124095,True,,8.0,additive_plus_film,additive_plus_film
additive_plus_film__g1__t8,1,8,88,provenance://crystalite/outputs/final report output/relaxed_groups/additive_plus_film__g1__t8/cifs/sample_00088.cif,True,True,True,True,2.973889609242508,238.9863157588305,39.83105262647175,6,False,True,True,,,,False,,8.00547315558042,True,,8.0,additive_plus_film,additive_plus_film
additive_plus_film__g1__t8,1,8,89,provenance://crystalite/outputs/final report output/relaxed_groups/additive_plus_film__g1__t8/cifs/sample_00089.cif,True,True,True,True,2.369785184100348,321.9684742577143,26.83070618814286,12,False,True,True,,,,False,,9.910939459002506,True,,8.0,additive_plus_film,additive_plus_film
additive_plus_film__g1__t8,1,8,90,provenance://crystalite/outputs/final report output/relaxed_groups/additive_plus_film__g1__t8/cifs/sample_00090.cif,True,True,True,True,2.26762941962384,290.07677172373144,18.12979823273321,16,False,True,True,,,,False,,14.579703039687407,True,,8.0,additive_plus_film,additive_plus_film
additive_plus_film__g1__t8,1,8,91,provenance://crystalite/outputs/final report output/relaxed_groups/additive_plus_film__g1__t8/cifs/sample_00091.cif,True,True,True,True,1.5288944684769568,171.62095020475542,14.301745850396284,12,False,True,True,,,,False,,4.44604060015851,True,,8.0,additive_plus_film,additive_plus_film
additive_plus_film__g1__t8,1,8,93,provenance://crystalite/outputs/final report output/relaxed_groups/additive_plus_film__g1__t8/cifs/sample_00093.cif,True,True,True,True,2.1967039577566023,370.96897226079545,26.49778373291396,14,False,True,True,,,,False,,8.037703897456344,True,,8.0,additive_plus_film,additive_plus_film
additive_plus_film__g1__t8,1,8,94,provenance://crystalite/outputs/final report output/relaxed_groups/additive_plus_film__g1__t8/cifs/sample_00094.cif,True,False,True,False,1.8692300088831295,283.5578528526898,15.753214047371657,18,False,True,True,,,,False,,3.1253890156552586,True,,8.0,additive_plus_film,additive_plus_film
additive_plus_film__g1__t8,1,8,95,provenance://crystalite/outputs/final report output/relaxed_groups/additive_plus_film__g1__t8/cifs/sample_00095.cif,True,True,True,True,1.9530551846780264,261.0842335967253,20.083402584363487,13,False,True,True,,,,False,,4.8677191221933045,True,,8.0,additive_plus_film,additive_plus_film
additive_plus_film__g1__t8,1,8,96,provenance://crystalite/outputs/final report output/relaxed_groups/additive_plus_film__g1__t8/cifs/sample_00096.cif,True,True,True,True,2.76554094673103,202.3414420847481,16.861786840395677,12,True,True,True,,,,False,,25.190265538007832,True,,8.0,additive_plus_film,additive_plus_film
additive_plus_film__g1__t8,1,8,97,provenance://crystalite/outputs/final report output/relaxed_groups/additive_plus_film__g1__t8/cifs/sample_00097.cif,True,True,True,True,2.1414457453391544,322.2746689292657,16.96182468048767,19,False,True,True,,,,False,,5.649216971607703,True,,8.0,additive_plus_film,additive_plus_film
additive_plus_film__g1__t8,1,8,98,provenance://crystalite/outputs/final report output/relaxed_groups/additive_plus_film__g1__t8/cifs/sample_00098.cif,True,True,True,True,2.4648395529295746,130.3488389131206,16.293604864140075,8,True,True,True,,,,False,,18.016524604229165,True,,8.0,additive_plus_film,additive_plus_film
additive_plus_film__g1__t8,1,8,99,provenance://crystalite/outputs/final report output/relaxed_groups/additive_plus_film__g1__t8/cifs/sample_00099.cif,True,True,True,True,2.100504834522247,256.3144033838754,25.63144033838754,10,False,True,True,,,,False,,4.002392316013196,True,,8.0,additive_plus_film,additive_plus_film
additive_plus_film__g1__t8,1,8,100,provenance://crystalite/outputs/final report output/relaxed_groups/additive_plus_film__g1__t8/cifs/sample_00100.cif,True,True,True,True,2.3043933744065863,464.3524704355324,25.79735946864069,18,False,True,True,,,,False,,8.302845439985992,True,,8.0,additive_plus_film,additive_plus_film
additive_plus_film__g1__t8,1,8,101,provenance://crystalite/outputs/final report output/relaxed_groups/additive_plus_film__g1__t8/cifs/sample_00101.cif,True,True,True,True,1.4193598265318816,125.2958942440494,15.661986780506176,8,False,True,True,,,,False,,4.7438382657581775,True,,8.0,additive_plus_film,additive_plus_film
additive_plus_film__g1__t8,1,8,102,provenance://crystalite/outputs/final report output/relaxed_groups/additive_plus_film__g1__t8/cifs/sample_00102.cif,True,True,True,True,1.898564187198004,391.64250255446905,19.58212512772345,20,False,True,True,,,,False,,4.381352737109622,True,,8.0,additive_plus_film,additive_plus_film
additive_plus_film__g1__t8,1,8,103,provenance://crystalite/outputs/final report output/relaxed_groups/additive_plus_film__g1__t8/cifs/sample_00103.cif,True,True,True,True,2.513765392878237,77.69492234607343,19.42373058651836,4,False,True,True,,,,False,,9.711604577503508,True,,8.0,additive_plus_film,additive_plus_film
additive_plus_film__g1__t8,1,8,104,provenance://crystalite/outputs/final report output/relaxed_groups/additive_plus_film__g1__t8/cifs/sample_00104.cif,True,True,True,True,1.914416704617124,122.74534229465678,12.274534229465678,10,False,True,True,,,,False,,4.446256300956367,True,,8.0,additive_plus_film,additive_plus_film
additive_plus_film__g1__t8,1,8,105,provenance://crystalite/outputs/final report output/relaxed_groups/additive_plus_film__g1__t8/cifs/sample_00105.cif,True,True,True,True,2.165886459296269,314.0082278405684,17.444901546698244,18,False,True,True,,,,False,,8.11439016902741,True,,8.0,additive_plus_film,additive_plus_film
additive_plus_film__g1__t8,1,8,106,provenance://crystalite/outputs/final report output/relaxed_groups/additive_plus_film__g1__t8/cifs/sample_00106.cif,True,True,True,True,2.0210728098177597,282.6799694861012,20.19142639186437,14,False,True,True,,,,False,,10.028277709851542,True,,8.0,additive_plus_film,additive_plus_film
additive_plus_film__g1__t8,1,8,107,provenance://crystalite/outputs/final report output/relaxed_groups/additive_plus_film__g1__t8/cifs/sample_00107.cif,True,True,True,True,3.4188526902924155,128.33040909467837,32.08260227366959,4,True,True,True,,,,False,,13.159361086558295,True,,8.0,additive_plus_film,additive_plus_film
additive_plus_film__g1__t8,1,8,108,provenance://crystalite/outputs/final report output/relaxed_groups/additive_plus_film__g1__t8/cifs/sample_00108.cif,True,True,True,True,1.786148705502104,282.1507325949647,14.107536629748235,20,False,True,True,,,,False,,5.760358855824656,True,,8.0,additive_plus_film,additive_plus_film
additive_plus_film__g1__t8,1,8,109,provenance://crystalite/outputs/final report output/relaxed_groups/additive_plus_film__g1__t8/cifs/sample_00109.cif,True,False,True,False,2.305611606995257,120.91574648846144,20.15262441474357,6,False,True,True,,,,False,,15.551640378380467,True,,8.0,additive_plus_film,additive_plus_film
additive_plus_film__g1__t8,1,8,110,provenance://crystalite/outputs/final report output/relaxed_groups/additive_plus_film__g1__t8/cifs/sample_00110.cif,True,False,True,False,2.098377797777833,671.9637926766067,41.99773704228792,16,False,True,True,,,,False,,3.70863635760511,True,,8.0,additive_plus_film,additive_plus_film
additive_plus_film__g1__t8,1,8,111,provenance://crystalite/outputs/final report output/relaxed_groups/additive_plus_film__g1__t8/cifs/sample_00111.cif,True,True,True,True,1.80643469728458,163.9661068055284,13.663842233794034,12,False,True,True,,,,False,,4.042854207874007,True,,8.0,additive_plus_film,additive_plus_film
additive_plus_film__g1__t8,1,8,112,provenance://crystalite/outputs/final report output/relaxed_groups/additive_plus_film__g1__t8/cifs/sample_00112.cif,True,True,True,True,1.941524650672908,178.7834183281213,17.87834183281213,10,False,True,True,,,,False,,4.428724691348193,True,,8.0,additive_plus_film,additive_plus_film
additive_plus_film__g1__t8,1,8,113,provenance://crystalite/outputs/final report output/relaxed_groups/additive_plus_film__g1__t8/cifs/sample_00113.cif,True,True,True,True,2.817932919615846,73.2655704586729,24.421856819557632,3,True,True,True,,,,False,,13.690908438185447,True,,8.0,additive_plus_film,additive_plus_film
additive_plus_film__g1__t8,1,8,114,provenance://crystalite/outputs/final report output/relaxed_groups/additive_plus_film__g1__t8/cifs/sample_00114.cif,True,True,True,True,1.9872997756491595,177.69105320962956,14.80758776746913,12,False,True,True,,,,False,,8.771363643396414,True,,8.0,additive_plus_film,additive_plus_film
additive_plus_film__g1__t8,1,8,115,provenance://crystalite/outputs/final report output/relaxed_groups/additive_plus_film__g1__t8/cifs/sample_00115.cif,True,True,True,True,1.844596999527656,80.25988524364172,10.032485655455217,8,False,True,True,,,,False,,9.732566975804165,True,,8.0,additive_plus_film,additive_plus_film
additive_plus_film__g1__t8,1,8,116,provenance://crystalite/outputs/final report output/relaxed_groups/additive_plus_film__g1__t8/cifs/sample_00116.cif,True,False,True,False,1.464431738135446,252.2886734493189,14.016037413851052,18,False,True,True,,,,False,,3.612157805471386,True,,8.0,additive_plus_film,additive_plus_film
additive_plus_film__g1__t8,1,8,117,provenance://crystalite/outputs/final report output/relaxed_groups/additive_plus_film__g1__t8/cifs/sample_00117.cif,True,True,True,True,2.916281590302162,137.6933032044706,27.53866064089412,5,True,True,True,,,,False,,14.135874310067775,True,,8.0,additive_plus_film,additive_plus_film
additive_plus_film__g1__t8,1,8,118,provenance://crystalite/outputs/final report output/relaxed_groups/additive_plus_film__g1__t8/cifs/sample_00118.cif,True,False,True,False,2.711290962926171,448.4879072758718,37.37399227298932,12,False,True,True,,,,False,,11.449152013412052,True,,8.0,additive_plus_film,additive_plus_film
additive_plus_film__g1__t8,1,8,119,provenance://crystalite/outputs/final report output/relaxed_groups/additive_plus_film__g1__t8/cifs/sample_00119.cif,True,True,True,True,3.0574482650045014,172.91151979942714,28.818586633237857,6,True,True,True,,,,False,,9.048399664090114,True,,8.0,additive_plus_film,additive_plus_film
additive_plus_film__g1__t8,1,8,120,provenance://crystalite/outputs/final report output/relaxed_groups/additive_plus_film__g1__t8/cifs/sample_00120.cif,True,True,True,True,2.4320746054451967,125.2030673891054,20.867177898184234,6,False,True,True,,,,False,,15.35726997766615,True,,8.0,additive_plus_film,additive_plus_film
additive_plus_film__g1__t8,1,8,121,provenance://crystalite/outputs/final report output/relaxed_groups/additive_plus_film__g1__t8/cifs/sample_00121.cif,True,True,True,True,2.7379568037029185,257.3340385014969,32.16675481268711,8,False,True,True,,,,False,,9.057366653382974,True,,8.0,additive_plus_film,additive_plus_film
additive_plus_film__g1__t8,1,8,122,provenance://crystalite/outputs/final report output/relaxed_groups/additive_plus_film__g1__t8/cifs/sample_00122.cif,True,True,True,True,3.4050592465813185,91.6600931781307,30.553364392710236,3,True,True,True,,,,False,,19.908273851303136,True,,8.0,additive_plus_film,additive_plus_film
additive_plus_film__g1__t8,1,8,123,provenance://crystalite/outputs/final report output/relaxed_groups/additive_plus_film__g1__t8/cifs/sample_00123.cif,True,True,True,True,1.7767213565027749,255.53787969266,12.776893984633,20,False,True,True,,,,False,,5.0051664855306415,True,,8.0,additive_plus_film,additive_plus_film
additive_plus_film__g1__t8,1,8,124,provenance://crystalite/outputs/final report output/relaxed_groups/additive_plus_film__g1__t8/cifs/sample_00124.cif,True,True,True,True,3.519577431134567,389.0113446376485,77.8022689275297,5,False,True,True,,,,False,,3.896863359444437,True,,8.0,additive_plus_film,additive_plus_film
additive_plus_film__g1__t8,1,8,125,provenance://crystalite/outputs/final report output/relaxed_groups/additive_plus_film__g1__t8/cifs/sample_00125.cif,True,False,True,False,2.1394096234129734,167.81752501123367,15.25613863738488,11,False,True,True,,,,False,,4.065874513682978,True,,8.0,additive_plus_film,additive_plus_film
additive_plus_film__g1__t8,1,8,126,provenance://crystalite/outputs/final report output/relaxed_groups/additive_plus_film__g1__t8/cifs/sample_00126.cif,True,False,True,False,2.644941363044811,432.1312913925783,43.21312913925782,10,False,True,True,,,,False,,2.720150669280699,True,,8.0,additive_plus_film,additive_plus_film
additive_plus_film__g1__t8,1,8,127,provenance://crystalite/outputs/final report output/relaxed_groups/additive_plus_film__g1__t8/cifs/sample_00127.cif,True,False,True,False,1.4974716912835873,216.1311456757342,13.508196604733389,16,False,True,True,,,,False,,1.745504000878287,True,,8.0,additive_plus_film,additive_plus_film
additive_plus_film__g1__t12,1,12,0,provenance://crystalite/outputs/final report output/relaxed_groups/additive_plus_film__g1__t12/cifs/sample_00000.cif,True,False,True,False,1.263041219200177,126.040420778264,12.6040420778264,10,False,True,True,,,,False,,3.929614076124104,True,,12.0,additive_plus_film,additive_plus_film
additive_plus_film__g1__t12,1,12,1,provenance://crystalite/outputs/final report output/relaxed_groups/additive_plus_film__g1__t12/cifs/sample_00001.cif,True,True,True,True,2.048443993281301,104.41834290973397,52.20917145486698,2,True,True,True,,,,False,,7.121892666996442,True,,12.0,additive_plus_film,additive_plus_film
additive_plus_film__g1__t12,1,12,2,provenance://crystalite/outputs/final report output/relaxed_groups/additive_plus_film__g1__t12/cifs/sample_00002.cif,True,True,True,True,1.1579219336680269,295.2020124075245,24.60016770062704,12,False,True,True,,,,False,,2.92718878408243,True,,12.0,additive_plus_film,additive_plus_film
additive_plus_film__g1__t12,1,12,3,provenance://crystalite/outputs/final report output/relaxed_groups/additive_plus_film__g1__t12/cifs/sample_00003.cif,True,True,True,True,1.8406726798344508,85.22585699507347,17.045171399014695,5,False,True,True,,,,False,,5.911580986933323,True,,12.0,additive_plus_film,additive_plus_film
additive_plus_film__g1__t12,1,12,4,provenance://crystalite/outputs/final report output/relaxed_groups/additive_plus_film__g1__t12/cifs/sample_00004.cif,True,False,True,False,1.2149020492778362,155.0533637267325,14.095760338793864,11,False,True,True,,,,False,,3.994927676440895,True,,12.0,additive_plus_film,additive_plus_film
additive_plus_film__g1__t12,1,12,5,provenance://crystalite/outputs/final report output/relaxed_groups/additive_plus_film__g1__t12/cifs/sample_00005.cif,True,True,True,True,1.6338051013729502,238.27587761750456,19.85632313479205,12,False,True,True,,,,False,,3.2889048381261774,True,,12.0,additive_plus_film,additive_plus_film
additive_plus_film__g1__t12,1,12,6,provenance://crystalite/outputs/final report output/relaxed_groups/additive_plus_film__g1__t12/cifs/sample_00006.cif,True,False,True,False,1.704345548462253,230.82808408742537,17.75600646826349,13,False,True,True,,,,False,,3.359501998096517,True,,12.0,additive_plus_film,additive_plus_film
additive_plus_film__g1__t12,1,12,7,provenance://crystalite/outputs/final report output/relaxed_groups/additive_plus_film__g1__t12/cifs/sample_00007.cif,True,False,True,False,1.2172892500892578,210.4375494644266,17.536462455368884,12,False,True,True,,,,False,,2.9518745706316256,True,,12.0,additive_plus_film,additive_plus_film
additive_plus_film__g1__t12,1,12,8,provenance://crystalite/outputs/final report output/relaxed_groups/additive_plus_film__g1__t12/cifs/sample_00008.cif,True,True,True,True,1.2879809907052149,694.4888479727516,34.72444239863758,20,False,True,True,,,,False,,4.669012191236945,True,,12.0,additive_plus_film,additive_plus_film
additive_plus_film__g1__t12,1,12,9,provenance://crystalite/outputs/final report output/relaxed_groups/additive_plus_film__g1__t12/cifs/sample_00009.cif,True,True,True,True,2.2756148834615018,78.73782417102866,19.68445604275717,4,False,True,True,,,,False,,5.654449062331085,True,,12.0,additive_plus_film,additive_plus_film
additive_plus_film__g1__t12,1,12,10,provenance://crystalite/outputs/final report output/relaxed_groups/additive_plus_film__g1__t12/cifs/sample_00010.cif,True,True,True,True,1.8658917712114549,588.0789935426661,32.671055196814784,18,False,True,True,,,,False,,10.867026219209285,True,,12.0,additive_plus_film,additive_plus_film
additive_plus_film__g1__t12,1,12,11,provenance://crystalite/outputs/final report output/relaxed_groups/additive_plus_film__g1__t12/cifs/sample_00011.cif,True,True,True,True,3.890371221985266,447.43679073775735,89.48735814755148,5,True,True,True,,,,False,,3.947248237181435,True,,12.0,additive_plus_film,additive_plus_film
additive_plus_film__g1__t12,1,12,12,provenance://crystalite/outputs/final report output/relaxed_groups/additive_plus_film__g1__t12/cifs/sample_00012.cif,True,False,True,False,1.9081306608722453,91.30598045755414,13.043711493936303,7,False,True,True,,,,False,,7.898447202748493,True,,12.0,additive_plus_film,additive_plus_film
additive_plus_film__g1__t12,1,12,13,provenance://crystalite/outputs/final report output/relaxed_groups/additive_plus_film__g1__t12/cifs/sample_00013.cif,True,True,True,True,1.5136564737631184,147.87175958419814,18.483969948024768,8,False,True,True,,,,False,,4.420515401593613,True,,12.0,additive_plus_film,additive_plus_film
additive_plus_film__g1__t12,1,12,14,provenance://crystalite/outputs/final report output/relaxed_groups/additive_plus_film__g1__t12/cifs/sample_00014.cif,True,True,True,True,1.9233987532838048,104.87518237305731,14.98216891043676,7,False,True,True,,,,False,,4.357995785551355,True,,12.0,additive_plus_film,additive_plus_film
additive_plus_film__g1__t12,1,12,15,provenance://crystalite/outputs/final report output/relaxed_groups/additive_plus_film__g1__t12/cifs/sample_00015.cif,True,False,True,False,1.2313345158745734,158.76900106513185,15.876900106513183,10,False,True,True,,,,False,,3.364148692145032,True,,12.0,additive_plus_film,additive_plus_film
additive_plus_film__g1__t12,1,12,16,provenance://crystalite/outputs/final report output/relaxed_groups/additive_plus_film__g1__t12/cifs/sample_00016.cif,True,False,True,False,1.2264073721146014,310.724660384079,19.42029127400494,16,False,True,True,,,,False,,3.998629839582832,True,,12.0,additive_plus_film,additive_plus_film
additive_plus_film__g1__t12,1,12,17,provenance://crystalite/outputs/final report output/relaxed_groups/additive_plus_film__g1__t12/cifs/sample_00017.cif,True,False,True,False,1.2301270800453368,137.6432865124601,15.293698501384451,9,False,True,True,,,,False,,3.3096837564820825,True,,12.0,additive_plus_film,additive_plus_film
additive_plus_film__g1__t12,1,12,18,provenance://crystalite/outputs/final report output/relaxed_groups/additive_plus_film__g1__t12/cifs/sample_00018.cif,True,True,True,True,1.669754196732572,233.6505083107626,17.973116023904815,13,False,True,True,,,,False,,3.6062183255190505,True,,12.0,additive_plus_film,additive_plus_film
additive_plus_film__g1__t12,1,12,19,provenance://crystalite/outputs/final report output/relaxed_groups/additive_plus_film__g1__t12/cifs/sample_00019.cif,True,True,True,True,2.17360872540108,91.06291712774778,13.008988161106826,7,False,True,True,,,,False,,4.83320183956019,True,,12.0,additive_plus_film,additive_plus_film
additive_plus_film__g1__t12,1,12,20,provenance://crystalite/outputs/final report output/relaxed_groups/additive_plus_film__g1__t12/cifs/sample_00020.cif,True,False,True,False,1.2627287708912094,129.70071224019867,16.212589030024834,8,False,True,True,,,,False,,4.031927485509312,True,,12.0,additive_plus_film,additive_plus_film
additive_plus_film__g1__t12,1,12,21,provenance://crystalite/outputs/final report output/relaxed_groups/additive_plus_film__g1__t12/cifs/sample_00021.cif,True,True,True,True,1.2281671865118375,270.0471115209706,19.28907939435504,14,False,True,True,,,,False,,3.1344139304868506,True,,12.0,additive_plus_film,additive_plus_film
additive_plus_film__g1__t12,1,12,22,provenance://crystalite/outputs/final report output/relaxed_groups/additive_plus_film__g1__t12/cifs/sample_00022.cif,True,True,True,True,1.2183334190670154,230.045346837306,16.431810488378996,14,False,True,True,,,,False,,3.2853232060555886,True,,12.0,additive_plus_film,additive_plus_film
additive_plus_film__g1__t12,1,12,23,provenance://crystalite/outputs/final report output/relaxed_groups/additive_plus_film__g1__t12/cifs/sample_00023.cif,True,True,True,True,1.2236232850780782,190.80196433181487,19.080196433181488,10,False,True,True,,,,False,,3.437954202215773,True,,12.0,additive_plus_film,additive_plus_film
additive_plus_film__g1__t12,1,12,24,provenance://crystalite/outputs/final report output/relaxed_groups/additive_plus_film__g1__t12/cifs/sample_00024.cif,True,False,True,False,1.2238230733487243,178.3640088062438,14.863667400520317,12,False,True,True,,,,False,,3.3935765122006445,True,,12.0,additive_plus_film,additive_plus_film
additive_plus_film__g1__t12,1,12,25,provenance://crystalite/outputs/final report output/relaxed_groups/additive_plus_film__g1__t12/cifs/sample_00025.cif,True,True,True,True,1.4924307686477143,158.96407233604864,15.896407233604863,10,False,True,True,,,,False,,4.16678766512216,True,,12.0,additive_plus_film,additive_plus_film
additive_plus_film__g1__t12,1,12,27,provenance://crystalite/outputs/final report output/relaxed_groups/additive_plus_film__g1__t12/cifs/sample_00027.cif,True,False,True,False,2.339951472695092,292.83659073686107,24.403049228071755,12,False,True,True,,,,False,,12.89856919597591,True,,12.0,additive_plus_film,additive_plus_film
additive_plus_film__g1__t12,1,12,28,provenance://crystalite/outputs/final report output/relaxed_groups/additive_plus_film__g1__t12/cifs/sample_00028.cif,True,True,True,True,1.371599309182178,193.6909098457808,16.140909153815066,12,False,True,True,,,,False,,3.889455217346189,True,,12.0,additive_plus_film,additive_plus_film
additive_plus_film__g1__t12,1,12,29,provenance://crystalite/outputs/final report output/relaxed_groups/additive_plus_film__g1__t12/cifs/sample_00029.cif,True,False,True,False,1.81731148280683,187.54909951515205,23.443637439394006,8,False,True,True,,,,False,,4.04025839610598,True,,12.0,additive_plus_film,additive_plus_film
additive_plus_film__g1__t12,1,12,30,provenance://crystalite/outputs/final report output/relaxed_groups/additive_plus_film__g1__t12/cifs/sample_00030.cif,True,True,True,True,1.714180413288281,224.52151272947492,16.03725090924821,14,False,True,True,,,,False,,3.393305652566205,True,,12.0,additive_plus_film,additive_plus_film
additive_plus_film__g1__t12,1,12,31,provenance://crystalite/outputs/final report output/relaxed_groups/additive_plus_film__g1__t12/cifs/sample_00031.cif,True,True,True,True,1.238266381140056,163.58324692555857,20.44790586569482,8,False,True,True,,,,False,,3.237860327843014,True,,12.0,additive_plus_film,additive_plus_film
additive_plus_film__g1__t12,1,12,32,provenance://crystalite/outputs/final report output/relaxed_groups/additive_plus_film__g1__t12/cifs/sample_00032.cif,True,True,True,True,1.2515452106644682,232.6499852641365,23.264998526413645,10,False,True,True,,,,False,,4.925848500621059,True,,12.0,additive_plus_film,additive_plus_film
additive_plus_film__g1__t12,1,12,33,provenance://crystalite/outputs/final report output/relaxed_groups/additive_plus_film__g1__t12/cifs/sample_00033.cif,True,False,True,False,2.346862941399332,122.69143345884078,30.672858364710198,4,False,True,True,,,,False,,7.656737393236372,True,,12.0,additive_plus_film,additive_plus_film
additive_plus_film__g1__t12,1,12,34,provenance://crystalite/outputs/final report output/relaxed_groups/additive_plus_film__g1__t12/cifs/sample_00034.cif,True,False,True,False,2.344059679445407,158.35818560845365,31.67163712169073,5,False,True,True,,,,False,,8.823420183049594,True,,12.0,additive_plus_film,additive_plus_film
additive_plus_film__g1__t12,1,12,35,provenance://crystalite/outputs/final report output/relaxed_groups/additive_plus_film__g1__t12/cifs/sample_00035.cif,True,True,True,True,1.924109824988044,383.5462797041607,31.96218997534672,12,False,True,True,,,,False,,4.745018268726327,True,,12.0,additive_plus_film,additive_plus_film
additive_plus_film__g1__t12,1,12,36,provenance://crystalite/outputs/final report output/relaxed_groups/additive_plus_film__g1__t12/cifs/sample_00036.cif,True,True,True,True,2.2129721338692683,132.90620863960473,22.15103477326745,6,False,True,True,,,,False,,5.793903407421968,True,,12.0,additive_plus_film,additive_plus_film
additive_plus_film__g1__t12,1,12,37,provenance://crystalite/outputs/final report output/relaxed_groups/additive_plus_film__g1__t12/cifs/sample_00037.cif,True,True,True,True,1.7847990869976535,276.758680948474,19.768477210605283,14,False,True,True,,,,False,,7.800762195970841,True,,12.0,additive_plus_film,additive_plus_film
additive_plus_film__g1__t12,1,12,39,provenance://crystalite/outputs/final report output/relaxed_groups/additive_plus_film__g1__t12/cifs/sample_00039.cif,True,False,True,False,1.132253188236652,301.2832912676288,18.8302057042268,16,False,True,True,,,,False,,3.185965880729583,True,,12.0,additive_plus_film,additive_plus_film
additive_plus_film__g1__t12,1,12,40,provenance://crystalite/outputs/final report output/relaxed_groups/additive_plus_film__g1__t12/cifs/sample_00040.cif,True,True,True,True,1.2583176152461968,343.3316783739477,19.073982131885984,18,False,True,True,,,,False,,3.64523164697761,True,,12.0,additive_plus_film,additive_plus_film
additive_plus_film__g1__t12,1,12,41,provenance://crystalite/outputs/final report output/relaxed_groups/additive_plus_film__g1__t12/cifs/sample_00041.cif,True,True,True,True,2.011546090034934,236.0230056715778,14.751437854473613,16,False,True,True,,,,False,,4.770712074064264,True,,12.0,additive_plus_film,additive_plus_film
additive_plus_film__g1__t12,1,12,42,provenance://crystalite/outputs/final report output/relaxed_groups/additive_plus_film__g1__t12/cifs/sample_00042.cif,True,True,True,True,1.7077775122761396,269.53254382662686,16.84578398916418,16,False,True,True,,,,False,,4.27286600427439,True,,12.0,additive_plus_film,additive_plus_film
additive_plus_film__g1__t12,1,12,43,provenance://crystalite/outputs/final report output/relaxed_groups/additive_plus_film__g1__t12/cifs/sample_00043.cif,True,True,True,True,1.888947832816115,290.5332348356276,24.211102902968964,12,False,True,True,,,,False,,6.612774197818013,True,,12.0,additive_plus_film,additive_plus_film
additive_plus_film__g1__t12,1,12,44,provenance://crystalite/outputs/final report output/relaxed_groups/additive_plus_film__g1__t12/cifs/sample_00044.cif,True,True,True,True,1.4063285068569258,108.15571256404404,15.450816080577722,7,False,True,True,,,,False,,4.498550810948131,True,,12.0,additive_plus_film,additive_plus_film
additive_plus_film__g1__t12,1,12,45,provenance://crystalite/outputs/final report output/relaxed_groups/additive_plus_film__g1__t12/cifs/sample_00045.cif,True,True,True,True,1.229985241482209,409.4948205800645,20.474741029003223,20,False,True,True,,,,False,,3.1065460483097067,True,,12.0,additive_plus_film,additive_plus_film
additive_plus_film__g1__t12,1,12,46,provenance://crystalite/outputs/final report output/relaxed_groups/additive_plus_film__g1__t12/cifs/sample_00046.cif,True,True,True,True,2.468311120850667,163.53648114048693,20.442060142560862,8,False,True,True,,,,False,,19.637811435141376,True,,12.0,additive_plus_film,additive_plus_film
additive_plus_film__g1__t12,1,12,47,provenance://crystalite/outputs/final report output/relaxed_groups/additive_plus_film__g1__t12/cifs/sample_00047.cif,True,True,True,True,1.6306073580931744,250.32471334220287,25.032471334220286,10,False,True,True,,,,False,,3.166678536436003,True,,12.0,additive_plus_film,additive_plus_film
additive_plus_film__g1__t12,1,12,48,provenance://crystalite/outputs/final report output/relaxed_groups/additive_plus_film__g1__t12/cifs/sample_00048.cif,True,True,True,True,1.6263595623774436,605.0108163781356,30.250540818906774,20,False,True,True,,,,False,,4.147167736969224,True,,12.0,additive_plus_film,additive_plus_film
additive_plus_film__g1__t12,1,12,49,provenance://crystalite/outputs/final report output/relaxed_groups/additive_plus_film__g1__t12/cifs/sample_00049.cif,True,True,True,True,1.7171943618171288,127.00834582954536,15.876043228693169,8,False,True,True,,,,False,,3.853007953508244,True,,12.0,additive_plus_film,additive_plus_film
additive_plus_film__g1__t12,1,12,50,provenance://crystalite/outputs/final report output/relaxed_groups/additive_plus_film__g1__t12/cifs/sample_00050.cif,True,True,True,True,2.3618992005152544,82.6345213680534,20.65863034201335,4,False,True,True,,,,False,,4.956927224665271,True,,12.0,additive_plus_film,additive_plus_film
additive_plus_film__g1__t12,1,12,51,provenance://crystalite/outputs/final report output/relaxed_groups/additive_plus_film__g1__t12/cifs/sample_00051.cif,True,True,True,True,1.4660993477306892,221.32323938712443,24.591471043013826,9,False,True,True,,,,False,,3.9581166943089054,True,,12.0,additive_plus_film,additive_plus_film
additive_plus_film__g1__t12,1,12,52,provenance://crystalite/outputs/final report output/relaxed_groups/additive_plus_film__g1__t12/cifs/sample_00052.cif,True,True,True,True,2.98520365771742,119.08527171946534,29.77131792986633,4,True,True,True,,,,False,,11.063306686980658,True,,12.0,additive_plus_film,additive_plus_film
additive_plus_film__g1__t12,1,12,53,provenance://crystalite/outputs/final report output/relaxed_groups/additive_plus_film__g1__t12/cifs/sample_00053.cif,True,True,True,True,1.9012168524650008,184.55512390286265,23.06939048785783,8,False,True,True,,,,False,,7.494870390564866,True,,12.0,additive_plus_film,additive_plus_film
additive_plus_film__g1__t12,1,12,54,provenance://crystalite/outputs/final report output/relaxed_groups/additive_plus_film__g1__t12/cifs/sample_00054.cif,True,False,True,False,1.662548578252892,978.6088243743666,48.93044121871833,20,False,True,True,,,,False,,5.127937190311641,True,,12.0,additive_plus_film,additive_plus_film
additive_plus_film__g1__t12,1,12,55,provenance://crystalite/outputs/final report output/relaxed_groups/additive_plus_film__g1__t12/cifs/sample_00055.cif,True,True,True,True,1.648816243657003,644.505224502089,35.805845805671616,18,False,True,True,,,,False,,2.4449843436505634,True,,12.0,additive_plus_film,additive_plus_film
additive_plus_film__g1__t12,1,12,56,provenance://crystalite/outputs/final report output/relaxed_groups/additive_plus_film__g1__t12/cifs/sample_00056.cif,True,True,True,True,1.2262137267753788,67.98053097159983,16.99513274289996,4,False,True,True,,,,False,,2.529431066913457,True,,12.0,additive_plus_film,additive_plus_film
additive_plus_film__g1__t12,1,12,57,provenance://crystalite/outputs/final report output/relaxed_groups/additive_plus_film__g1__t12/cifs/sample_00057.cif,True,True,True,True,1.7318368003042854,141.95947302670714,17.744934128338393,8,False,True,True,,,,False,,4.486285396812314,True,,12.0,additive_plus_film,additive_plus_film
additive_plus_film__g1__t12,1,12,58,provenance://crystalite/outputs/final report output/relaxed_groups/additive_plus_film__g1__t12/cifs/sample_00058.cif,True,True,True,True,1.6287991264219173,547.4221187922974,27.37110593961487,20,False,True,True,,,,False,,5.410831426659159,True,,12.0,additive_plus_film,additive_plus_film
additive_plus_film__g1__t12,1,12,59,provenance://crystalite/outputs/final report output/relaxed_groups/additive_plus_film__g1__t12/cifs/sample_00059.cif,True,True,True,True,1.1625444586720046,138.87871704001603,15.43096856000178,9,False,True,True,,,,False,,3.936357768839049,True,,12.0,additive_plus_film,additive_plus_film
additive_plus_film__g1__t12,1,12,60,provenance://crystalite/outputs/final report output/relaxed_groups/additive_plus_film__g1__t12/cifs/sample_00060.cif,True,True,True,True,1.6489854074342545,303.7270985979322,18.98294366237076,16,False,True,True,,,,False,,3.844609426994906,True,,12.0,additive_plus_film,additive_plus_film
additive_plus_film__g1__t12,1,12,61,provenance://crystalite/outputs/final report output/relaxed_groups/additive_plus_film__g1__t12/cifs/sample_00061.cif,True,False,True,False,1.6266667664504024,478.7678615804036,23.93839307902018,20,False,True,True,,,,False,,8.717574683180375,True,,12.0,additive_plus_film,additive_plus_film
additive_plus_film__g1__t12,1,12,62,provenance://crystalite/outputs/final report output/relaxed_groups/additive_plus_film__g1__t12/cifs/sample_00062.cif,True,True,True,True,1.6536683030459858,297.9096586508276,18.619353665676723,16,False,True,True,,,,False,,3.3337067887486,True,,12.0,additive_plus_film,additive_plus_film
additive_plus_film__g1__t12,1,12,63,provenance://crystalite/outputs/final report output/relaxed_groups/additive_plus_film__g1__t12/cifs/sample_00063.cif,True,False,True,False,1.6479729561511804,406.5527081490195,25.40954425931372,16,False,True,True,,,,False,,6.598672495778118,True,,12.0,additive_plus_film,additive_plus_film
additive_plus_film__g1__t12,1,12,64,provenance://crystalite/outputs/final report output/relaxed_groups/additive_plus_film__g1__t12/cifs/sample_00064.cif,True,True,True,True,1.7824343787495684,86.9284416711099,14.488073611851648,6,False,True,True,,,,False,,6.43916167077026,True,,12.0,additive_plus_film,additive_plus_film
additive_plus_film__g1__t12,1,12,65,provenance://crystalite/outputs/final report output/relaxed_groups/additive_plus_film__g1__t12/cifs/sample_00065.cif,True,True,True,True,1.1881078890379702,117.56680086570005,11.756680086570004,10,False,True,True,,,,False,,3.4831986468128533,True,,12.0,additive_plus_film,additive_plus_film
additive_plus_film__g1__t12,1,12,66,provenance://crystalite/outputs/final report output/relaxed_groups/additive_plus_film__g1__t12/cifs/sample_00066.cif,True,True,True,True,1.9651927702649368,48.31357741267932,16.10452580422644,3,False,True,True,,,,False,,6.460097445697354,True,,12.0,additive_plus_film,additive_plus_film
additive_plus_film__g1__t12,1,12,67,provenance://crystalite/outputs/final report output/relaxed_groups/additive_plus_film__g1__t12/cifs/sample_00067.cif,True,True,True,True,2.144847905291894,60.647335463730464,20.215778487910157,3,False,True,True,,,,False,,8.047764657630438,True,,12.0,additive_plus_film,additive_plus_film
additive_plus_film__g1__t12,1,12,68,provenance://crystalite/outputs/final report output/relaxed_groups/additive_plus_film__g1__t12/cifs/sample_00068.cif,True,True,True,True,1.6990711255346522,424.5834226617646,26.536463916360287,16,False,True,True,,,,False,,4.162288239289254,True,,12.0,additive_plus_film,additive_plus_film
additive_plus_film__g1__t12,1,12,69,provenance://crystalite/outputs/final report output/relaxed_groups/additive_plus_film__g1__t12/cifs/sample_00069.cif,True,True,True,True,1.6538111607747294,219.35224562543797,21.935224562543794,10,False,True,True,,,,False,,3.5983423367289387,True,,12.0,additive_plus_film,additive_plus_film
additive_plus_film__g1__t12,1,12,70,provenance://crystalite/outputs/final report output/relaxed_groups/additive_plus_film__g1__t12/cifs/sample_00070.cif,True,True,True,True,3.5733102578334828,109.74010911766148,36.58003637255383,3,True,True,True,,,,False,,12.87634990021578,True,,12.0,additive_plus_film,additive_plus_film
additive_plus_film__g1__t12,1,12,71,provenance://crystalite/outputs/final report output/relaxed_groups/additive_plus_film__g1__t12/cifs/sample_00071.cif,True,False,True,False,1.6709846830835564,97.67655355070718,16.27942559178453,6,False,True,True,,,,False,,3.808693545878629,True,,12.0,additive_plus_film,additive_plus_film
additive_plus_film__g1__t12,1,12,72,provenance://crystalite/outputs/final report output/relaxed_groups/additive_plus_film__g1__t12/cifs/sample_00072.cif,True,False,True,False,1.3474460599803544,171.2300193691085,13.171539951469883,13,False,True,True,,,,False,,4.687334292833206,True,,12.0,additive_plus_film,additive_plus_film
additive_plus_film__g1__t12,1,12,73,provenance://crystalite/outputs/final report output/relaxed_groups/additive_plus_film__g1__t12/cifs/sample_00073.cif,True,True,True,True,2.18708357204664,198.6374999642764,16.553124997023033,12,False,True,True,,,,False,,14.914614815614854,True,,12.0,additive_plus_film,additive_plus_film
additive_plus_film__g1__t12,1,12,74,provenance://crystalite/outputs/final report output/relaxed_groups/additive_plus_film__g1__t12/cifs/sample_00074.cif,True,False,True,False,2.3852190339447854,70.26164198101075,23.420547327003582,3,False,True,True,,,,False,,9.750725479694871,True,,12.0,additive_plus_film,additive_plus_film
additive_plus_film__g1__t12,1,12,75,provenance://crystalite/outputs/final report output/relaxed_groups/additive_plus_film__g1__t12/cifs/sample_00075.cif,True,True,True,True,1.2305873743019873,162.99650660989252,16.29965066098925,10,False,True,True,,,,False,,2.9492036729882787,True,,12.0,additive_plus_film,additive_plus_film
additive_plus_film__g1__t12,1,12,76,provenance://crystalite/outputs/final report output/relaxed_groups/additive_plus_film__g1__t12/cifs/sample_00076.cif,True,True,True,True,1.88321413637926,115.21630795618488,14.40203849452311,8,False,True,True,,,,False,,6.909189915437689,True,,12.0,additive_plus_film,additive_plus_film
additive_plus_film__g1__t12,1,12,77,provenance://crystalite/outputs/final report output/relaxed_groups/additive_plus_film__g1__t12/cifs/sample_00077.cif,True,True,True,True,1.6340941989714406,247.6370490268789,20.63642075223991,12,False,True,True,,,,False,,3.930990009049408,True,,12.0,additive_plus_film,additive_plus_film
additive_plus_film__g1__t12,1,12,79,provenance://crystalite/outputs/final report output/relaxed_groups/additive_plus_film__g1__t12/cifs/sample_00079.cif,True,False,True,False,1.4634279832210335,356.5846467875141,35.65846467875141,10,False,True,True,,,,False,,5.335026595244883,True,,12.0,additive_plus_film,additive_plus_film
additive_plus_film__g1__t12,1,12,80,provenance://crystalite/outputs/final report output/relaxed_groups/additive_plus_film__g1__t12/cifs/sample_00080.cif,True,False,True,False,1.2736298874185985,237.60879780128909,13.200488766738282,18,False,True,True,,,,False,,4.559252455557438,True,,12.0,additive_plus_film,additive_plus_film
additive_plus_film__g1__t12,1,12,81,provenance://crystalite/outputs/final report output/relaxed_groups/additive_plus_film__g1__t12/cifs/sample_00081.cif,True,True,True,True,2.3151218326100285,117.95158639571532,19.658597732619217,6,False,True,True,,,,False,,6.9236405306422055,True,,12.0,additive_plus_film,additive_plus_film
additive_plus_film__g1__t12,1,12,82,provenance://crystalite/outputs/final report output/relaxed_groups/additive_plus_film__g1__t12/cifs/sample_00082.cif,True,False,True,False,1.2392200725848062,150.0619624380382,15.00619624380382,10,False,True,True,,,,False,,3.625008238305146,True,,12.0,additive_plus_film,additive_plus_film
additive_plus_film__g1__t12,1,12,84,provenance://crystalite/outputs/final report output/relaxed_groups/additive_plus_film__g1__t12/cifs/sample_00084.cif,True,True,True,True,1.3269464172942782,328.31409291878333,23.45100663705595,14,False,True,True,,,,False,,6.732835785785952,True,,12.0,additive_plus_film,additive_plus_film
additive_plus_film__g1__t12,1,12,85,provenance://crystalite/outputs/final report output/relaxed_groups/additive_plus_film__g1__t12/cifs/sample_00085.cif,True,True,True,True,1.648996591151466,410.3197754701209,25.644985966882555,16,False,True,True,,,,False,,3.3426109182031407,True,,12.0,additive_plus_film,additive_plus_film
additive_plus_film__g1__t12,1,12,86,provenance://crystalite/outputs/final report output/relaxed_groups/additive_plus_film__g1__t12/cifs/sample_00086.cif,True,False,True,False,1.2277965921798115,434.629778178962,21.7314889089481,20,False,True,True,,,,False,,3.1681848323230497,True,,12.0,additive_plus_film,additive_plus_film
additive_plus_film__g1__t12,1,12,87,provenance://crystalite/outputs/final report output/relaxed_groups/additive_plus_film__g1__t12/cifs/sample_00087.cif,True,True,True,True,1.2692502971501056,167.12938753845825,20.89117344230728,8,False,True,True,,,,False,,5.951266151237717,True,,12.0,additive_plus_film,additive_plus_film
additive_plus_film__g1__t12,1,12,88,provenance://crystalite/outputs/final report output/relaxed_groups/additive_plus_film__g1__t12/cifs/sample_00088.cif,True,True,True,True,1.2800658909660558,109.19902398675625,18.19983733112604,6,False,True,True,,,,False,,4.005120736805718,True,,12.0,additive_plus_film,additive_plus_film
additive_plus_film__g1__t12,1,12,89,provenance://crystalite/outputs/final report output/relaxed_groups/additive_plus_film__g1__t12/cifs/sample_00089.cif,True,False,True,False,1.2193851276634593,183.8579363824097,15.32149469853414,12,False,True,True,,,,False,,3.595508586100577,True,,12.0,additive_plus_film,additive_plus_film
additive_plus_film__g1__t12,1,12,90,provenance://crystalite/outputs/final report output/relaxed_groups/additive_plus_film__g1__t12/cifs/sample_00090.cif,True,True,True,True,1.225739236743176,280.4788006415377,17.529925040096106,16,False,True,True,,,,False,,5.157211371156817,True,,12.0,additive_plus_film,additive_plus_film
additive_plus_film__g1__t12,1,12,91,provenance://crystalite/outputs/final report output/relaxed_groups/additive_plus_film__g1__t12/cifs/sample_00091.cif,True,True,True,True,1.67638377654347,190.54673664944812,15.878894720787343,12,False,True,True,,,,False,,4.578439653979486,True,,12.0,additive_plus_film,additive_plus_film
additive_plus_film__g1__t12,1,12,92,provenance://crystalite/outputs/final report output/relaxed_groups/additive_plus_film__g1__t12/cifs/sample_00092.cif,True,False,True,False,1.6712632077865988,624.4975128787385,31.22487564393692,20,False,True,True,,,,False,,8.000845635901287,True,,12.0,additive_plus_film,additive_plus_film
additive_plus_film__g1__t12,1,12,93,provenance://crystalite/outputs/final report output/relaxed_groups/additive_plus_film__g1__t12/cifs/sample_00093.cif,True,True,True,True,1.7031642734706915,343.06410740689034,24.50457910049217,14,False,True,True,,,,False,,4.117733440461554,True,,12.0,additive_plus_film,additive_plus_film
additive_plus_film__g1__t12,1,12,94,provenance://crystalite/outputs/final report output/relaxed_groups/additive_plus_film__g1__t12/cifs/sample_00094.cif,True,True,True,True,1.387254848945945,414.26611327670014,23.014784070927785,18,False,True,True,,,,False,,5.593046043464551,True,,12.0,additive_plus_film,additive_plus_film
additive_plus_film__g1__t12,1,12,95,provenance://crystalite/outputs/final report output/relaxed_groups/additive_plus_film__g1__t12/cifs/sample_00095.cif,True,False,True,False,1.663039529071706,571.5904580568465,43.968496773603576,13,False,True,True,,,,False,,4.85084538426587,True,,12.0,additive_plus_film,additive_plus_film
additive_plus_film__g1__t12,1,12,96,provenance://crystalite/outputs/final report output/relaxed_groups/additive_plus_film__g1__t12/cifs/sample_00096.cif,True,True,True,True,1.2426756585226073,159.08778389500958,13.257315324584132,12,False,True,True,,,,False,,3.382479642994324,True,,12.0,additive_plus_film,additive_plus_film
additive_plus_film__g1__t12,1,12,98,provenance://crystalite/outputs/final report output/relaxed_groups/additive_plus_film__g1__t12/cifs/sample_00098.cif,True,True,True,True,1.7313713650511249,122.30120813408072,15.287651016760089,8,False,True,True,,,,False,,4.101157668975535,True,,12.0,additive_plus_film,additive_plus_film
additive_plus_film__g1__t12,1,12,99,provenance://crystalite/outputs/final report output/relaxed_groups/additive_plus_film__g1__t12/cifs/sample_00099.cif,True,False,True,False,1.1439877056459942,175.3806798853935,17.53806798853935,10,False,True,True,,,,False,,3.310231906182111,True,,12.0,additive_plus_film,additive_plus_film
additive_plus_film__g1__t12,1,12,100,provenance://crystalite/outputs/final report output/relaxed_groups/additive_plus_film__g1__t12/cifs/sample_00100.cif,True,False,True,False,1.7989539980236824,527.1575487414653,29.286530485636963,18,False,True,True,,,,False,,8.55788413202574,True,,12.0,additive_plus_film,additive_plus_film
additive_plus_film__g1__t12,1,12,101,provenance://crystalite/outputs/final report output/relaxed_groups/additive_plus_film__g1__t12/cifs/sample_00101.cif,True,True,True,True,1.8155633273618408,110.70830311637444,13.838537889546808,8,False,True,True,,,,False,,4.533966543187832,True,,12.0,additive_plus_film,additive_plus_film
additive_plus_film__g1__t12,1,12,102,provenance://crystalite/outputs/final report output/relaxed_groups/additive_plus_film__g1__t12/cifs/sample_00102.cif,True,True,True,True,1.8011870179835905,584.6183349731602,29.23091674865801,20,False,True,True,,,,False,,9.144953326185188,True,,12.0,additive_plus_film,additive_plus_film
additive_plus_film__g1__t12,1,12,103,provenance://crystalite/outputs/final report output/relaxed_groups/additive_plus_film__g1__t12/cifs/sample_00103.cif,True,False,True,False,2.3084955217325662,121.85517348217704,30.463793370544263,4,False,True,True,,,,False,,6.874479687892468,True,,12.0,additive_plus_film,additive_plus_film
additive_plus_film__g1__t12,1,12,104,provenance://crystalite/outputs/final report output/relaxed_groups/additive_plus_film__g1__t12/cifs/sample_00104.cif,True,False,True,False,1.2335341562338047,106.78564179387702,10.678564179387704,10,False,True,True,,,,False,,3.742305769990777,True,,12.0,additive_plus_film,additive_plus_film
additive_plus_film__g1__t12,1,12,105,provenance://crystalite/outputs/final report output/relaxed_groups/additive_plus_film__g1__t12/cifs/sample_00105.cif,True,True,True,True,1.696446980980443,356.05394433907134,19.780774685503964,18,False,True,True,,,,False,,4.924090847437717,True,,12.0,additive_plus_film,additive_plus_film
additive_plus_film__g1__t12,1,12,106,provenance://crystalite/outputs/final report output/relaxed_groups/additive_plus_film__g1__t12/cifs/sample_00106.cif,True,True,True,True,1.950352487765984,276.0271615056092,19.716225821829227,14,False,True,True,,,,False,,10.352597365564163,True,,12.0,additive_plus_film,additive_plus_film
additive_plus_film__g1__t12,1,12,107,provenance://crystalite/outputs/final report output/relaxed_groups/additive_plus_film__g1__t12/cifs/sample_00107.cif,True,False,True,False,2.9161725947656847,141.60001601265097,35.40000400316274,4,False,True,True,,,,False,,8.594376202462797,True,,12.0,additive_plus_film,additive_plus_film
additive_plus_film__g1__t12,1,12,108,provenance://crystalite/outputs/final report output/relaxed_groups/additive_plus_film__g1__t12/cifs/sample_00108.cif,True,True,True,True,1.1444636783740998,465.70421547480606,23.285210773740303,20,False,True,True,,,,False,,6.153917657752435,True,,12.0,additive_plus_film,additive_plus_film
additive_plus_film__g1__t12,1,12,109,provenance://crystalite/outputs/final report output/relaxed_groups/additive_plus_film__g1__t12/cifs/sample_00109.cif,True,True,True,True,1.33201459865477,91.46075154217851,15.243458590363083,6,False,True,True,,,,False,,3.192481723861114,True,,12.0,additive_plus_film,additive_plus_film
additive_plus_film__g1__t12,1,12,110,provenance://crystalite/outputs/final report output/relaxed_groups/additive_plus_film__g1__t12/cifs/sample_00110.cif,True,False,True,False,1.8950934455007096,495.7502927684267,30.984393298026667,16,False,True,True,,,,False,,4.607244010332837,True,,12.0,additive_plus_film,additive_plus_film
additive_plus_film__g1__t12,1,12,111,provenance://crystalite/outputs/final report output/relaxed_groups/additive_plus_film__g1__t12/cifs/sample_00111.cif,True,True,True,True,1.82364682857778,344.7839300989607,28.731994174913392,12,False,True,True,,,,False,,9.62287115172984,True,,12.0,additive_plus_film,additive_plus_film
additive_plus_film__g1__t12,1,12,112,provenance://crystalite/outputs/final report output/relaxed_groups/additive_plus_film__g1__t12/cifs/sample_00112.cif,True,True,True,True,1.351927156935122,132.9608622858508,13.29608622858508,10,False,True,True,,,,False,,3.948447047721624,True,,12.0,additive_plus_film,additive_plus_film
additive_plus_film__g1__t12,1,12,113,provenance://crystalite/outputs/final report output/relaxed_groups/additive_plus_film__g1__t12/cifs/sample_00113.cif,True,True,True,True,1.2969826183158943,44.03871144270588,14.679570480901958,3,False,True,True,,,,False,,9.610372431866088,True,,12.0,additive_plus_film,additive_plus_film
additive_plus_film__g1__t12,1,12,114,provenance://crystalite/outputs/final report output/relaxed_groups/additive_plus_film__g1__t12/cifs/sample_00114.cif,True,True,True,True,1.966293694458752,182.41267941714656,15.201056618095548,12,False,True,True,,,,False,,7.753692353019197,True,,12.0,additive_plus_film,additive_plus_film
additive_plus_film__g1__t12,1,12,115,provenance://crystalite/outputs/final report output/relaxed_groups/additive_plus_film__g1__t12/cifs/sample_00115.cif,True,False,True,False,1.2293814482670813,92.77445901785292,11.596807377231617,8,False,True,True,,,,False,,3.059295507137936,True,,12.0,additive_plus_film,additive_plus_film
additive_plus_film__g1__t12,1,12,116,provenance://crystalite/outputs/final report output/relaxed_groups/additive_plus_film__g1__t12/cifs/sample_00116.cif,True,True,True,True,1.236752185108532,447.0117810507414,24.8339878361523,18,False,True,True,,,,False,,3.937701145366723,True,,12.0,additive_plus_film,additive_plus_film
additive_plus_film__g1__t12,1,12,117,provenance://crystalite/outputs/final report output/relaxed_groups/additive_plus_film__g1__t12/cifs/sample_00117.cif,True,False,True,False,1.9083763666381717,188.05630260668303,37.61126052133661,5,False,True,True,,,,False,,8.21517305202367,True,,12.0,additive_plus_film,additive_plus_film
additive_plus_film__g1__t12,1,12,118,provenance://crystalite/outputs/final report output/relaxed_groups/additive_plus_film__g1__t12/cifs/sample_00118.cif,True,True,True,True,1.888346716467544,218.5181455639608,18.2098454636634,12,False,True,True,,,,False,,3.502876802052743,True,,12.0,additive_plus_film,additive_plus_film
additive_plus_film__g1__t12,1,12,119,provenance://crystalite/outputs/final report output/relaxed_groups/additive_plus_film__g1__t12/cifs/sample_00119.cif,True,True,True,True,2.009199829160108,117.1208004935819,19.520133415596984,6,False,True,True,,,,False,,5.935735766770567,True,,12.0,additive_plus_film,additive_plus_film
additive_plus_film__g1__t12,1,12,120,provenance://crystalite/outputs/final report output/relaxed_groups/additive_plus_film__g1__t12/cifs/sample_00120.cif,True,True,True,True,2.32973652811697,108.17983726178518,18.0299728769642,6,False,True,True,,,,False,,6.187858997960267,True,,12.0,additive_plus_film,additive_plus_film
additive_plus_film__g1__t12,1,12,121,provenance://crystalite/outputs/final report output/relaxed_groups/additive_plus_film__g1__t12/cifs/sample_00121.cif,True,True,True,True,1.6230380327874936,136.8524706402875,17.106558830035937,8,False,True,True,,,,False,,4.089447918806143,True,,12.0,additive_plus_film,additive_plus_film
additive_plus_film__g1__t12,1,12,122,provenance://crystalite/outputs/final report output/relaxed_groups/additive_plus_film__g1__t12/cifs/sample_00122.cif,True,True,True,True,1.5426132724552886,39.7990132220957,13.266337740698567,3,False,True,True,,,,False,,6.358856963999863,True,,12.0,additive_plus_film,additive_plus_film
additive_plus_film__g1__t12,1,12,123,provenance://crystalite/outputs/final report output/relaxed_groups/additive_plus_film__g1__t12/cifs/sample_00123.cif,True,False,True,False,1.2262941740797677,483.07324951375057,24.15366247568753,20,False,True,True,,,,False,,2.7399481783246427,True,,12.0,additive_plus_film,additive_plus_film
additive_plus_film__g1__t12,1,12,124,provenance://crystalite/outputs/final report output/relaxed_groups/additive_plus_film__g1__t12/cifs/sample_00124.cif,True,True,True,True,2.301724464886442,87.60194015255094,17.520388030510187,5,False,True,True,,,,False,,5.225901095185848,True,,12.0,additive_plus_film,additive_plus_film
additive_plus_film__g1__t12,1,12,125,provenance://crystalite/outputs/final report output/relaxed_groups/additive_plus_film__g1__t12/cifs/sample_00125.cif,True,True,True,True,1.2342158327445594,238.2804144515245,21.6618558592295,11,False,True,True,,,,False,,3.200086100623207,True,,12.0,additive_plus_film,additive_plus_film
additive_plus_film__g1__t12,1,12,126,provenance://crystalite/outputs/final report output/relaxed_groups/additive_plus_film__g1__t12/cifs/sample_00126.cif,True,True,True,True,1.5065387345170922,179.38504940059582,17.93850494005958,10,False,True,True,,,,False,,4.033083703374399,True,,12.0,additive_plus_film,additive_plus_film
additive_plus_film__g1__t12,1,12,127,provenance://crystalite/outputs/final report output/relaxed_groups/additive_plus_film__g1__t12/cifs/sample_00127.cif,True,False,True,False,1.2315341766148535,432.9850379026042,27.06156486891276,16,False,True,True,,,,False,,2.988289799869328,True,,12.0,additive_plus_film,additive_plus_film
additive_plus_film__g2__t2,2,2,0,provenance://crystalite/outputs/final report output/relaxed_groups/additive_plus_film__g2__t2/cifs/sample_00000.cif,True,True,True,True,1.4174829871714656,156.45758314925266,15.645758314925263,10,False,True,True,,,,False,,3.158545468389421,True,,2.0,additive_plus_film,additive_plus_film
additive_plus_film__g2__t2,2,2,1,provenance://crystalite/outputs/final report output/relaxed_groups/additive_plus_film__g2__t2/cifs/sample_00001.cif,True,True,True,True,2.883061812233916,123.61672639475572,61.80836319737786,2,False,True,True,,,,False,,6.201269618791396,True,,2.0,additive_plus_film,additive_plus_film
additive_plus_film__g2__t2,2,2,2,provenance://crystalite/outputs/final report output/relaxed_groups/additive_plus_film__g2__t2/cifs/sample_00002.cif,True,False,True,False,2.08740774902994,252.21652846671984,21.01804403889332,12,False,True,True,,,,False,,3.234179345895693,True,,2.0,additive_plus_film,additive_plus_film
additive_plus_film__g2__t2,2,2,3,provenance://crystalite/outputs/final report output/relaxed_groups/additive_plus_film__g2__t2/cifs/sample_00003.cif,True,True,True,True,1.8704585810386467,70.35149787801494,14.070299575602988,5,False,True,True,,,,False,,5.858314031541052,True,,2.0,additive_plus_film,additive_plus_film
additive_plus_film__g2__t2,2,2,4,provenance://crystalite/outputs/final report output/relaxed_groups/additive_plus_film__g2__t2/cifs/sample_00004.cif,True,True,True,True,1.817606624411063,192.8480546009197,17.531641327356336,11,False,True,True,,,,False,,4.775361819184631,True,,2.0,additive_plus_film,additive_plus_film
additive_plus_film__g2__t2,2,2,5,provenance://crystalite/outputs/final report output/relaxed_groups/additive_plus_film__g2__t2/cifs/sample_00005.cif,True,True,True,True,1.8867257165032287,227.30535780910583,18.94211315075882,12,False,True,True,,,,False,,2.489919499011458,True,,2.0,additive_plus_film,additive_plus_film
additive_plus_film__g2__t2,2,2,6,provenance://crystalite/outputs/final report output/relaxed_groups/additive_plus_film__g2__t2/cifs/sample_00006.cif,True,False,True,False,1.3739776628214937,219.1281971396715,16.856015164590115,13,False,True,True,,,,False,,2.76258260840259,True,,2.0,additive_plus_film,additive_plus_film
additive_plus_film__g2__t2,2,2,7,provenance://crystalite/outputs/final report output/relaxed_groups/additive_plus_film__g2__t2/cifs/sample_00007.cif,True,True,True,True,2.6772953878358545,650.7227927016189,54.22689939180157,12,False,True,True,,,,False,,6.216513939163419,True,,2.0,additive_plus_film,additive_plus_film
additive_plus_film__g2__t2,2,2,8,provenance://crystalite/outputs/final report output/relaxed_groups/additive_plus_film__g2__t2/cifs/sample_00008.cif,True,True,True,True,1.2261507148287398,297.2492566041444,14.862462830207216,20,False,True,True,,,,False,,3.3046215162995227,True,,2.0,additive_plus_film,additive_plus_film
additive_plus_film__g2__t2,2,2,9,provenance://crystalite/outputs/final report output/relaxed_groups/additive_plus_film__g2__t2/cifs/sample_00009.cif,True,True,True,True,1.730780928689688,53.94789969486107,13.486974923715268,4,False,True,True,,,,False,,2.1925255350347026,True,,2.0,additive_plus_film,additive_plus_film
additive_plus_film__g2__t2,2,2,10,provenance://crystalite/outputs/final report output/relaxed_groups/additive_plus_film__g2__t2/cifs/sample_00010.cif,True,True,True,True,1.8821224153609424,400.301868558894,22.23899269771633,18,False,True,True,,,,False,,2.7083682533993207,True,,2.0,additive_plus_film,additive_plus_film
additive_plus_film__g2__t2,2,2,11,provenance://crystalite/outputs/final report output/relaxed_groups/additive_plus_film__g2__t2/cifs/sample_00011.cif,True,True,True,True,2.5954886848472403,208.2472204626205,41.6494440925241,5,False,True,True,,,,False,,4.160743661814659,True,,2.0,additive_plus_film,additive_plus_film
additive_plus_film__g2__t2,2,2,12,provenance://crystalite/outputs/final report output/relaxed_groups/additive_plus_film__g2__t2/cifs/sample_00012.cif,True,True,True,True,0.7443579647154466,88.56207327753008,12.651724753932868,7,False,True,True,,,,False,,2.1445359538258,True,,2.0,additive_plus_film,additive_plus_film
additive_plus_film__g2__t2,2,2,13,provenance://crystalite/outputs/final report output/relaxed_groups/additive_plus_film__g2__t2/cifs/sample_00013.cif,True,True,True,True,2.803940883115821,482.8948343363654,60.36185429204568,8,False,True,True,,,,False,,3.44226759607364,True,,2.0,additive_plus_film,additive_plus_film
additive_plus_film__g2__t2,2,2,14,provenance://crystalite/outputs/final report output/relaxed_groups/additive_plus_film__g2__t2/cifs/sample_00014.cif,True,False,True,False,2.426350137238554,190.7346463689629,27.24780662413756,7,False,True,True,,,,False,,4.385666729356203,True,,2.0,additive_plus_film,additive_plus_film
additive_plus_film__g2__t2,2,2,15,provenance://crystalite/outputs/final report output/relaxed_groups/additive_plus_film__g2__t2/cifs/sample_00015.cif,True,True,True,True,2.100167935544918,149.24826063997872,14.924826063997871,10,False,True,False,,,,False,,4.620772388839202,True,,2.0,additive_plus_film,additive_plus_film
additive_plus_film__g2__t2,2,2,16,provenance://crystalite/outputs/final report output/relaxed_groups/additive_plus_film__g2__t2/cifs/sample_00016.cif,True,True,True,True,1.9594442806616217,269.2663275404456,16.82914547127785,16,False,True,True,,,,False,,4.005682000027022,True,,2.0,additive_plus_film,additive_plus_film
additive_plus_film__g2__t2,2,2,17,provenance://crystalite/outputs/final report output/relaxed_groups/additive_plus_film__g2__t2/cifs/sample_00017.cif,True,True,True,True,2.333581537579771,233.3539543482796,25.928217149808845,9,False,True,True,,,,False,,3.3465051454676638,True,,2.0,additive_plus_film,additive_plus_film
additive_plus_film__g2__t2,2,2,18,provenance://crystalite/outputs/final report output/relaxed_groups/additive_plus_film__g2__t2/cifs/sample_00018.cif,True,False,True,False,1.7664092143261971,245.80123217651487,18.907787090501145,13,False,True,True,,,,False,,2.644109980832713,True,,2.0,additive_plus_film,additive_plus_film
additive_plus_film__g2__t2,2,2,19,provenance://crystalite/outputs/final report output/relaxed_groups/additive_plus_film__g2__t2/cifs/sample_00019.cif,True,True,True,True,2.19422429234512,153.9119860212584,21.987426574465484,7,False,True,True,,,,False,,3.8889481647685114,True,,2.0,additive_plus_film,additive_plus_film
additive_plus_film__g2__t2,2,2,20,provenance://crystalite/outputs/final report output/relaxed_groups/additive_plus_film__g2__t2/cifs/sample_00020.cif,True,True,True,True,2.9288369873935283,369.7830274037144,46.2228784254643,8,False,True,True,,,,False,,3.221915074479808,True,,2.0,additive_plus_film,additive_plus_film
additive_plus_film__g2__t2,2,2,21,provenance://crystalite/outputs/final report output/relaxed_groups/additive_plus_film__g2__t2/cifs/sample_00021.cif,True,False,True,False,1.670254970502045,287.84272692578014,20.560194780412868,14,False,True,True,,,,False,,11.5417132720192,True,,2.0,additive_plus_film,additive_plus_film
additive_plus_film__g2__t2,2,2,22,provenance://crystalite/outputs/final report output/relaxed_groups/additive_plus_film__g2__t2/cifs/sample_00022.cif,True,False,True,False,1.4334087004915574,265.813208852106,18.986657775150427,14,False,True,True,,,,False,,2.730037914175279,True,,2.0,additive_plus_film,additive_plus_film
additive_plus_film__g2__t2,2,2,23,provenance://crystalite/outputs/final report output/relaxed_groups/additive_plus_film__g2__t2/cifs/sample_00023.cif,True,True,True,True,1.806162903345445,169.04264223277107,16.904264223277107,10,False,True,True,,,,False,,2.8051553361684234,True,,2.0,additive_plus_film,additive_plus_film
additive_plus_film__g2__t2,2,2,24,provenance://crystalite/outputs/final report output/relaxed_groups/additive_plus_film__g2__t2/cifs/sample_00024.cif,True,True,True,True,1.7466008053877555,122.28447665189884,10.190373054324905,12,False,True,True,,,,False,,5.663320188121754,True,,2.0,additive_plus_film,additive_plus_film
additive_plus_film__g2__t2,2,2,25,provenance://crystalite/outputs/final report output/relaxed_groups/additive_plus_film__g2__t2/cifs/sample_00025.cif,True,True,True,True,1.750287451013251,263.618799929128,26.361879992912797,10,False,True,True,,,,False,,3.82502150976464,True,,2.0,additive_plus_film,additive_plus_film
additive_plus_film__g2__t2,2,2,26,provenance://crystalite/outputs/final report output/relaxed_groups/additive_plus_film__g2__t2/cifs/sample_00026.cif,True,True,True,True,0.6120451360357588,286.8801384750003,14.344006923750015,20,False,True,True,,,,False,,4.045359993719907,True,,2.0,additive_plus_film,additive_plus_film
additive_plus_film__g2__t2,2,2,27,provenance://crystalite/outputs/final report output/relaxed_groups/additive_plus_film__g2__t2/cifs/sample_00027.cif,True,True,True,True,1.696381563335209,223.2165841691361,18.601382014094675,12,False,True,True,,,,False,,2.74591581148218,True,,2.0,additive_plus_film,additive_plus_film
additive_plus_film__g2__t2,2,2,28,provenance://crystalite/outputs/final report output/relaxed_groups/additive_plus_film__g2__t2/cifs/sample_00028.cif,True,True,True,True,1.93879763637268,279.64052105819906,23.30337675484992,12,False,True,True,,,,False,,4.318771893494477,True,,2.0,additive_plus_film,additive_plus_film
additive_plus_film__g2__t2,2,2,29,provenance://crystalite/outputs/final report output/relaxed_groups/additive_plus_film__g2__t2/cifs/sample_00029.cif,True,True,True,True,1.4387351633308891,223.91845869760672,27.98980733720084,8,False,True,True,,,,False,,2.4811439890231246,True,,2.0,additive_plus_film,additive_plus_film
additive_plus_film__g2__t2,2,2,30,provenance://crystalite/outputs/final report output/relaxed_groups/additive_plus_film__g2__t2/cifs/sample_00030.cif,True,True,True,True,1.9087460878413745,305.3381981718508,21.80987129798934,14,False,True,True,,,,False,,2.5195446752996,True,,2.0,additive_plus_film,additive_plus_film
additive_plus_film__g2__t2,2,2,31,provenance://crystalite/outputs/final report output/relaxed_groups/additive_plus_film__g2__t2/cifs/sample_00031.cif,True,False,True,False,1.8754237181261388,104.64309901050017,13.08038737631252,8,False,True,True,,,,False,,2.6774648858874044,True,,2.0,additive_plus_film,additive_plus_film
additive_plus_film__g2__t2,2,2,32,provenance://crystalite/outputs/final report output/relaxed_groups/additive_plus_film__g2__t2/cifs/sample_00032.cif,True,False,True,False,1.4632690372023844,197.1334558574866,19.713345585748662,10,False,True,True,,,,False,,2.657813932278613,True,,2.0,additive_plus_film,additive_plus_film
additive_plus_film__g2__t2,2,2,33,provenance://crystalite/outputs/final report output/relaxed_groups/additive_plus_film__g2__t2/cifs/sample_00033.cif,True,False,True,False,1.9609349534728848,94.8049649680554,23.701241242013847,4,False,True,True,,,,False,,4.527219444598837,True,,2.0,additive_plus_film,additive_plus_film
additive_plus_film__g2__t2,2,2,34,provenance://crystalite/outputs/final report output/relaxed_groups/additive_plus_film__g2__t2/cifs/sample_00034.cif,True,True,True,True,1.4305425980740527,92.50791079246272,18.501582158492543,5,False,True,True,,,,False,,2.6507946869616297,True,,2.0,additive_plus_film,additive_plus_film
additive_plus_film__g2__t2,2,2,35,provenance://crystalite/outputs/final report output/relaxed_groups/additive_plus_film__g2__t2/cifs/sample_00035.cif,True,True,True,True,0.984796792749799,350.08353000712106,29.173627500593422,12,False,True,True,,,,False,,3.2779021739296503,True,,2.0,additive_plus_film,additive_plus_film
additive_plus_film__g2__t2,2,2,36,provenance://crystalite/outputs/final report output/relaxed_groups/additive_plus_film__g2__t2/cifs/sample_00036.cif,True,True,True,True,2.469862505696334,90.31949656580332,15.053249427633888,6,True,True,True,,,,False,,20.12118314294454,True,,2.0,additive_plus_film,additive_plus_film
additive_plus_film__g2__t2,2,2,37,provenance://crystalite/outputs/final report output/relaxed_groups/additive_plus_film__g2__t2/cifs/sample_00037.cif,True,False,True,False,1.8253128936343657,172.96007064960995,12.354290760686425,14,False,True,True,,,,False,,13.04431562895826,True,,2.0,additive_plus_film,additive_plus_film
additive_plus_film__g2__t2,2,2,38,provenance://crystalite/outputs/final report output/relaxed_groups/additive_plus_film__g2__t2/cifs/sample_00038.cif,True,True,True,True,1.701801280477513,321.040688061316,22.93147771866543,14,False,True,True,,,,False,,2.0047547185257883,True,,2.0,additive_plus_film,additive_plus_film
additive_plus_film__g2__t2,2,2,39,provenance://crystalite/outputs/final report output/relaxed_groups/additive_plus_film__g2__t2/cifs/sample_00039.cif,True,True,True,True,2.055643383626461,213.93813396356455,13.371133372722786,16,False,True,True,,,,False,,4.214136731393627,True,,2.0,additive_plus_film,additive_plus_film
additive_plus_film__g2__t2,2,2,40,provenance://crystalite/outputs/final report output/relaxed_groups/additive_plus_film__g2__t2/cifs/sample_00040.cif,True,True,True,True,1.967574797729904,374.9137403660627,20.828541131447928,18,False,True,True,,,,False,,4.458464612696628,True,,2.0,additive_plus_film,additive_plus_film
additive_plus_film__g2__t2,2,2,41,provenance://crystalite/outputs/final report output/relaxed_groups/additive_plus_film__g2__t2/cifs/sample_00041.cif,True,False,True,False,0.9490575310792788,215.31099029516213,13.456936893447631,16,False,True,True,,,,False,,2.062152528341985,True,,2.0,additive_plus_film,additive_plus_film
additive_plus_film__g2__t2,2,2,42,provenance://crystalite/outputs/final report output/relaxed_groups/additive_plus_film__g2__t2/cifs/sample_00042.cif,True,True,True,True,1.759439749763768,258.3302420265716,16.145640126660727,16,False,True,True,,,,False,,3.187809957731957,True,,2.0,additive_plus_film,additive_plus_film
additive_plus_film__g2__t2,2,2,43,provenance://crystalite/outputs/final report output/relaxed_groups/additive_plus_film__g2__t2/cifs/sample_00043.cif,True,True,True,True,0.9869629941940424,138.5420083656217,11.54516736380181,12,False,True,True,,,,False,,2.65394828431547,True,,2.0,additive_plus_film,additive_plus_film
additive_plus_film__g2__t2,2,2,44,provenance://crystalite/outputs/final report output/relaxed_groups/additive_plus_film__g2__t2/cifs/sample_00044.cif,True,True,True,True,1.7700865218222797,177.2448838943625,25.320697699194643,7,False,True,True,,,,False,,2.4687296278276363,True,,2.0,additive_plus_film,additive_plus_film
additive_plus_film__g2__t2,2,2,46,provenance://crystalite/outputs/final report output/relaxed_groups/additive_plus_film__g2__t2/cifs/sample_00046.cif,True,False,True,False,2.0451444474538576,139.2988582596484,17.41235728245605,8,False,True,True,,,,False,,5.745283854388105,True,,2.0,additive_plus_film,additive_plus_film
additive_plus_film__g2__t2,2,2,47,provenance://crystalite/outputs/final report output/relaxed_groups/additive_plus_film__g2__t2/cifs/sample_00047.cif,True,True,True,True,2.1474208993560704,186.6866939136728,18.66866939136728,10,False,True,True,,,,False,,4.694801018409906,True,,2.0,additive_plus_film,additive_plus_film
additive_plus_film__g2__t2,2,2,48,provenance://crystalite/outputs/final report output/relaxed_groups/additive_plus_film__g2__t2/cifs/sample_00048.cif,True,True,True,True,1.742724355021955,312.93770324583306,15.646885162291651,20,False,True,True,,,,False,,2.3751833190446194,True,,2.0,additive_plus_film,additive_plus_film
additive_plus_film__g2__t2,2,2,49,provenance://crystalite/outputs/final report output/relaxed_groups/additive_plus_film__g2__t2/cifs/sample_00049.cif,True,True,True,True,1.913442159178824,112.1188604388322,14.014857554854023,8,False,True,False,,,,False,,2.583902509652414,True,,2.0,additive_plus_film,additive_plus_film
additive_plus_film__g2__t2,2,2,50,provenance://crystalite/outputs/final report output/relaxed_groups/additive_plus_film__g2__t2/cifs/sample_00050.cif,True,False,True,False,1.4461591160314955,95.86699724848138,23.966749312120346,4,False,True,True,,,,False,,1.602085454746291,True,,2.0,additive_plus_film,additive_plus_film
additive_plus_film__g2__t2,2,2,51,provenance://crystalite/outputs/final report output/relaxed_groups/additive_plus_film__g2__t2/cifs/sample_00051.cif,True,True,True,True,1.8240462764940053,306.9601625174133,34.106684724157034,9,False,True,True,,,,False,,2.750754553375644,True,,2.0,additive_plus_film,additive_plus_film
additive_plus_film__g2__t2,2,2,52,provenance://crystalite/outputs/final report output/relaxed_groups/additive_plus_film__g2__t2/cifs/sample_00052.cif,True,True,True,True,3.1292589573563045,126.5301978789385,31.632549469734624,4,False,True,True,,,,False,,11.077828558762365,True,,2.0,additive_plus_film,additive_plus_film
additive_plus_film__g2__t2,2,2,53,provenance://crystalite/outputs/final report output/relaxed_groups/additive_plus_film__g2__t2/cifs/sample_00053.cif,True,False,True,False,2.7792777660817687,502.3084065094646,62.788550813683074,8,False,True,True,,,,False,,4.944120240595311,True,,2.0,additive_plus_film,additive_plus_film
additive_plus_film__g2__t2,2,2,54,provenance://crystalite/outputs/final report output/relaxed_groups/additive_plus_film__g2__t2/cifs/sample_00054.cif,True,True,True,True,1.9160233585205269,645.9210475145202,32.296052375726006,20,False,True,True,,,,False,,4.014726719775279,True,,2.0,additive_plus_film,additive_plus_film
additive_plus_film__g2__t2,2,2,55,provenance://crystalite/outputs/final report output/relaxed_groups/additive_plus_film__g2__t2/cifs/sample_00055.cif,True,True,True,True,1.7230475595035537,364.8060770547667,20.267004280820373,18,False,True,True,,,,False,,2.272083934092721,True,,2.0,additive_plus_film,additive_plus_film
additive_plus_film__g2__t2,2,2,56,provenance://crystalite/outputs/final report output/relaxed_groups/additive_plus_film__g2__t2/cifs/sample_00056.cif,True,False,True,False,3.301901298985599,144.20025634398212,36.05006408599553,4,False,True,True,,,,False,,3.752122417044708,True,,2.0,additive_plus_film,additive_plus_film
additive_plus_film__g2__t2,2,2,57,provenance://crystalite/outputs/final report output/relaxed_groups/additive_plus_film__g2__t2/cifs/sample_00057.cif,True,True,True,True,1.729836394417636,115.28820418812612,14.411025523515766,8,False,True,True,,,,False,,2.844056897353393,True,,2.0,additive_plus_film,additive_plus_film
additive_plus_film__g2__t2,2,2,58,provenance://crystalite/outputs/final report output/relaxed_groups/additive_plus_film__g2__t2/cifs/sample_00058.cif,True,True,True,True,1.7220508709780973,291.9666890719892,14.59833445359946,20,False,True,True,,,,False,,1.9247454233383647,True,,2.0,additive_plus_film,additive_plus_film
additive_plus_film__g2__t2,2,2,59,provenance://crystalite/outputs/final report output/relaxed_groups/additive_plus_film__g2__t2/cifs/sample_00059.cif,True,True,True,True,2.130422102467778,172.28119659119346,19.142355176799278,9,False,True,True,,,,False,,4.909963769003759,True,,2.0,additive_plus_film,additive_plus_film
additive_plus_film__g2__t2,2,2,60,provenance://crystalite/outputs/final report output/relaxed_groups/additive_plus_film__g2__t2/cifs/sample_00060.cif,True,False,True,False,0.6222965685008542,180.46604035552,11.279127522219998,16,False,True,True,,,,False,,2.822665444448751,True,,2.0,additive_plus_film,additive_plus_film
additive_plus_film__g2__t2,2,2,61,provenance://crystalite/outputs/final report output/relaxed_groups/additive_plus_film__g2__t2/cifs/sample_00061.cif,True,True,True,True,2.110999045498847,557.1646919276651,27.85823459638325,20,False,True,True,,,,False,,3.454219622916324,True,,2.0,additive_plus_film,additive_plus_film
additive_plus_film__g2__t2,2,2,62,provenance://crystalite/outputs/final report output/relaxed_groups/additive_plus_film__g2__t2/cifs/sample_00062.cif,True,True,True,True,1.8691746075123536,335.1256950984915,20.94535594365572,16,False,True,True,,,,False,,2.0460850712648018,True,,2.0,additive_plus_film,additive_plus_film
additive_plus_film__g2__t2,2,2,63,provenance://crystalite/outputs/final report output/relaxed_groups/additive_plus_film__g2__t2/cifs/sample_00063.cif,True,True,True,True,1.849669726362405,279.2988284583516,17.456176778646974,16,False,True,True,,,,False,,2.21235607506234,True,,2.0,additive_plus_film,additive_plus_film
additive_plus_film__g2__t2,2,2,64,provenance://crystalite/outputs/final report output/relaxed_groups/additive_plus_film__g2__t2/cifs/sample_00064.cif,True,True,True,True,2.156438473207923,221.18505530450688,36.86417588408448,6,False,True,True,,,,False,,2.8695483285311343,True,,2.0,additive_plus_film,additive_plus_film
additive_plus_film__g2__t2,2,2,65,provenance://crystalite/outputs/final report output/relaxed_groups/additive_plus_film__g2__t2/cifs/sample_00065.cif,True,False,True,False,1.6928709277795155,133.77954015982664,13.377954015982665,10,False,True,True,,,,False,,1.7963441857368103,True,,2.0,additive_plus_film,additive_plus_film
additive_plus_film__g2__t2,2,2,66,provenance://crystalite/outputs/final report output/relaxed_groups/additive_plus_film__g2__t2/cifs/sample_00066.cif,True,True,True,True,2.698745322702774,85.5694816426936,28.523160547564533,3,False,True,False,,,,False,,3.9762123782150938,True,,2.0,additive_plus_film,additive_plus_film
additive_plus_film__g2__t2,2,2,67,provenance://crystalite/outputs/final report output/relaxed_groups/additive_plus_film__g2__t2/cifs/sample_00067.cif,True,True,True,True,2.1400037198472863,68.93753185673981,22.979177285579937,3,False,True,True,,,,False,,7.152486064912613,True,,2.0,additive_plus_film,additive_plus_film
additive_plus_film__g2__t2,2,2,68,provenance://crystalite/outputs/final report output/relaxed_groups/additive_plus_film__g2__t2/cifs/sample_00068.cif,True,False,True,False,2.231004266079953,533.4850378566473,33.342814866040456,16,False,True,True,,,,False,,3.354379247114491,True,,2.0,additive_plus_film,additive_plus_film
additive_plus_film__g2__t2,2,2,69,provenance://crystalite/outputs/final report output/relaxed_groups/additive_plus_film__g2__t2/cifs/sample_00069.cif,True,True,True,True,1.810806392048585,266.98743014334366,26.698743014334365,10,False,True,True,,,,False,,2.1435470306043967,True,,2.0,additive_plus_film,additive_plus_film
additive_plus_film__g2__t2,2,2,70,provenance://crystalite/outputs/final report output/relaxed_groups/additive_plus_film__g2__t2/cifs/sample_00070.cif,True,True,True,True,3.273075213589649,110.82301536915118,36.9410051230504,3,True,True,True,,,,False,,11.16570549386314,True,,2.0,additive_plus_film,additive_plus_film
additive_plus_film__g2__t2,2,2,71,provenance://crystalite/outputs/final report output/relaxed_groups/additive_plus_film__g2__t2/cifs/sample_00071.cif,True,True,True,True,2.5576027870262763,185.27524702066975,30.879207836778296,6,False,True,True,,,,False,,3.7166348854764713,True,,2.0,additive_plus_film,additive_plus_film
additive_plus_film__g2__t2,2,2,72,provenance://crystalite/outputs/final report output/relaxed_groups/additive_plus_film__g2__t2/cifs/sample_00072.cif,True,True,True,True,1.255124775450361,280.922670254227,21.60943617340208,13,False,True,True,,,,False,,3.2301784219203307,True,,2.0,additive_plus_film,additive_plus_film
additive_plus_film__g2__t2,2,2,73,provenance://crystalite/outputs/final report output/relaxed_groups/additive_plus_film__g2__t2/cifs/sample_00073.cif,True,True,True,True,1.8293368526485676,190.9739284519316,15.914494037660967,12,False,True,True,,,,False,,2.723681194602231,True,,2.0,additive_plus_film,additive_plus_film
additive_plus_film__g2__t2,2,2,74,provenance://crystalite/outputs/final report output/relaxed_groups/additive_plus_film__g2__t2/cifs/sample_00074.cif,True,True,True,True,3.2810332934729187,97.71012236384294,32.57004078794765,3,True,True,True,,,,False,,9.116394136769072,True,,2.0,additive_plus_film,additive_plus_film
additive_plus_film__g2__t2,2,2,75,provenance://crystalite/outputs/final report output/relaxed_groups/additive_plus_film__g2__t2/cifs/sample_00075.cif,True,True,True,True,1.6870507992492585,119.17734819496948,11.917734819496946,10,False,True,True,,,,False,,2.3104507940223926,True,,2.0,additive_plus_film,additive_plus_film
additive_plus_film__g2__t2,2,2,76,provenance://crystalite/outputs/final report output/relaxed_groups/additive_plus_film__g2__t2/cifs/sample_00076.cif,True,True,True,True,2.5755203718891817,314.66928372098806,39.33366046512351,8,False,True,True,,,,False,,7.61525544100789,True,,2.0,additive_plus_film,additive_plus_film
additive_plus_film__g2__t2,2,2,77,provenance://crystalite/outputs/final report output/relaxed_groups/additive_plus_film__g2__t2/cifs/sample_00077.cif,True,True,True,True,1.8832889327598077,197.36007289228488,16.44667274102374,12,False,True,True,,,,False,,2.961105419399722,True,,2.0,additive_plus_film,additive_plus_film
additive_plus_film__g2__t2,2,2,78,provenance://crystalite/outputs/final report output/relaxed_groups/additive_plus_film__g2__t2/cifs/sample_00078.cif,True,True,True,True,1.8547633535276704,160.50816736151822,13.375680613459853,12,False,True,True,,,,False,,2.5721335619086827,True,,2.0,additive_plus_film,additive_plus_film
additive_plus_film__g2__t2,2,2,79,provenance://crystalite/outputs/final report output/relaxed_groups/additive_plus_film__g2__t2/cifs/sample_00079.cif,True,True,True,True,1.7632788093861953,243.6331725777841,24.36331725777841,10,False,True,True,,,,False,,2.39108717938368,True,,2.0,additive_plus_film,additive_plus_film
additive_plus_film__g2__t2,2,2,80,provenance://crystalite/outputs/final report output/relaxed_groups/additive_plus_film__g2__t2/cifs/sample_00080.cif,True,True,True,True,1.799903257434191,253.3178567733729,14.073214265187383,18,False,True,True,,,,False,,5.554739456149961,True,,2.0,additive_plus_film,additive_plus_film
additive_plus_film__g2__t2,2,2,81,provenance://crystalite/outputs/final report output/relaxed_groups/additive_plus_film__g2__t2/cifs/sample_00081.cif,True,True,True,True,1.7852742509309865,74.06483871778352,12.344139786297252,6,False,True,True,,,,False,,6.420070476312742,True,,2.0,additive_plus_film,additive_plus_film
additive_plus_film__g2__t2,2,2,82,provenance://crystalite/outputs/final report output/relaxed_groups/additive_plus_film__g2__t2/cifs/sample_00082.cif,True,True,True,True,2.1046860937683265,154.68043340894903,15.468043340894903,10,False,True,True,,,,False,,2.5728829190770157,True,,2.0,additive_plus_film,additive_plus_film
additive_plus_film__g2__t2,2,2,83,provenance://crystalite/outputs/final report output/relaxed_groups/additive_plus_film__g2__t2/cifs/sample_00083.cif,True,True,True,True,1.7915897602946702,216.1903108295956,18.01585923579963,12,False,True,True,,,,False,,2.8974328515856147,True,,2.0,additive_plus_film,additive_plus_film
additive_plus_film__g2__t2,2,2,84,provenance://crystalite/outputs/final report output/relaxed_groups/additive_plus_film__g2__t2/cifs/sample_00084.cif,True,True,True,True,1.3263207149590308,267.7433529333301,19.124525209523576,14,False,True,True,,,,False,,3.540223038125317,True,,2.0,additive_plus_film,additive_plus_film
additive_plus_film__g2__t2,2,2,85,provenance://crystalite/outputs/final report output/relaxed_groups/additive_plus_film__g2__t2/cifs/sample_00085.cif,True,True,True,True,1.6032068504526076,261.1559401917627,16.322246261985168,16,False,True,True,,,,False,,5.079380386369071,True,,2.0,additive_plus_film,additive_plus_film
additive_plus_film__g2__t2,2,2,87,provenance://crystalite/outputs/final report output/relaxed_groups/additive_plus_film__g2__t2/cifs/sample_00087.cif,True,False,True,False,1.9664639696523505,201.6703330368277,25.208791629603468,8,False,True,True,,,,False,,2.087040242033497,True,,2.0,additive_plus_film,additive_plus_film
additive_plus_film__g2__t2,2,2,88,provenance://crystalite/outputs/final report output/relaxed_groups/additive_plus_film__g2__t2/cifs/sample_00088.cif,True,True,True,True,2.5452351747635107,315.56848670653534,52.59474778442256,6,False,True,True,,,,False,,4.257302218241559,True,,2.0,additive_plus_film,additive_plus_film
additive_plus_film__g2__t2,2,2,89,provenance://crystalite/outputs/final report output/relaxed_groups/additive_plus_film__g2__t2/cifs/sample_00089.cif,True,False,True,False,1.9807513294693355,236.1922289169346,19.682685743077883,12,False,True,True,,,,False,,3.3145701828869174,True,,2.0,additive_plus_film,additive_plus_film
additive_plus_film__g2__t2,2,2,90,provenance://crystalite/outputs/final report output/relaxed_groups/additive_plus_film__g2__t2/cifs/sample_00090.cif,True,True,True,True,1.8804689839573256,295.5456382585759,18.471602391160992,16,False,True,True,,,,False,,2.218964170611112,True,,2.0,additive_plus_film,additive_plus_film
additive_plus_film__g2__t2,2,2,91,provenance://crystalite/outputs/final report output/relaxed_groups/additive_plus_film__g2__t2/cifs/sample_00091.cif,True,True,True,True,1.7406625091244423,126.70471150262114,10.55872595855176,12,False,True,True,,,,False,,4.525242943053315,True,,2.0,additive_plus_film,additive_plus_film
additive_plus_film__g2__t2,2,2,92,provenance://crystalite/outputs/final report output/relaxed_groups/additive_plus_film__g2__t2/cifs/sample_00092.cif,True,False,True,False,1.5198344930179952,643.3964894445025,32.16982447222513,20,False,True,True,,,,False,,3.886590968301762,True,,2.0,additive_plus_film,additive_plus_film
additive_plus_film__g2__t2,2,2,93,provenance://crystalite/outputs/final report output/relaxed_groups/additive_plus_film__g2__t2/cifs/sample_00093.cif,True,True,True,True,1.7663323270226965,163.86334428426088,11.70452459173292,14,False,True,True,,,,False,,2.645783654700848,True,,2.0,additive_plus_film,additive_plus_film
additive_plus_film__g2__t2,2,2,94,provenance://crystalite/outputs/final report output/relaxed_groups/additive_plus_film__g2__t2/cifs/sample_00094.cif,True,False,True,False,1.4951313008311355,274.7436158097077,15.263534211650429,18,False,True,True,,,,False,,2.269431163330161,True,,2.0,additive_plus_film,additive_plus_film
additive_plus_film__g2__t2,2,2,95,provenance://crystalite/outputs/final report output/relaxed_groups/additive_plus_film__g2__t2/cifs/sample_00095.cif,True,True,True,True,2.0499265456401696,302.6990753031441,23.28454425408801,13,False,True,True,,,,False,,3.657563851673349,True,,2.0,additive_plus_film,additive_plus_film
additive_plus_film__g2__t2,2,2,96,provenance://crystalite/outputs/final report output/relaxed_groups/additive_plus_film__g2__t2/cifs/sample_00096.cif,True,True,True,True,1.745457707634228,263.76000317996386,21.98000026499699,12,False,True,True,,,,False,,2.111135937739703,True,,2.0,additive_plus_film,additive_plus_film
additive_plus_film__g2__t2,2,2,97,provenance://crystalite/outputs/final report output/relaxed_groups/additive_plus_film__g2__t2/cifs/sample_00097.cif,True,False,True,False,1.8533040007947168,394.4895929385,20.762610154657896,19,False,True,True,,,,False,,2.047725202697503,True,,2.0,additive_plus_film,additive_plus_film
additive_plus_film__g2__t2,2,2,98,provenance://crystalite/outputs/final report output/relaxed_groups/additive_plus_film__g2__t2/cifs/sample_00098.cif,True,True,True,True,1.415575691806637,112.17046594422266,14.021308243027832,8,False,True,True,,,,False,,1.8288765836135363,True,,2.0,additive_plus_film,additive_plus_film
additive_plus_film__g2__t2,2,2,99,provenance://crystalite/outputs/final report output/relaxed_groups/additive_plus_film__g2__t2/cifs/sample_00099.cif,True,False,True,False,1.0897252708838725,155.60118155017165,15.560118155017165,10,False,True,True,,,,False,,3.61215308727544,True,,2.0,additive_plus_film,additive_plus_film
additive_plus_film__g2__t2,2,2,100,provenance://crystalite/outputs/final report output/relaxed_groups/additive_plus_film__g2__t2/cifs/sample_00100.cif,True,True,True,True,1.6165996766661586,290.0470905527014,16.113727252927855,18,False,True,True,,,,False,,5.764261053408196,True,,2.0,additive_plus_film,additive_plus_film
additive_plus_film__g2__t2,2,2,101,provenance://crystalite/outputs/final report output/relaxed_groups/additive_plus_film__g2__t2/cifs/sample_00101.cif,True,True,True,True,1.9582769009362024,150.11552258305468,18.764440322881835,8,False,True,True,,,,False,,2.8897867663030574,True,,2.0,additive_plus_film,additive_plus_film
additive_plus_film__g2__t2,2,2,102,provenance://crystalite/outputs/final report output/relaxed_groups/additive_plus_film__g2__t2/cifs/sample_00102.cif,True,True,True,True,1.2075826036469572,347.0845844828325,17.354229224141626,20,False,True,True,,,,False,,2.5222885600877847,True,,2.0,additive_plus_film,additive_plus_film
additive_plus_film__g2__t2,2,2,103,provenance://crystalite/outputs/final report output/relaxed_groups/additive_plus_film__g2__t2/cifs/sample_00103.cif,True,False,True,False,2.223825301598868,113.0581814496193,28.264545362404824,4,False,True,True,,,,False,,4.891058329797509,True,,2.0,additive_plus_film,additive_plus_film
additive_plus_film__g2__t2,2,2,104,provenance://crystalite/outputs/final report output/relaxed_groups/additive_plus_film__g2__t2/cifs/sample_00104.cif,True,True,True,True,1.16003789033504,123.93153573780268,12.393153573780268,10,False,True,True,,,,False,,3.0551014164352046,True,,2.0,additive_plus_film,additive_plus_film
additive_plus_film__g2__t2,2,2,105,provenance://crystalite/outputs/final report output/relaxed_groups/additive_plus_film__g2__t2/cifs/sample_00105.cif,True,True,True,True,1.384544870588709,342.80049393570295,19.04447188531683,18,False,True,True,,,,False,,3.507685222758132,True,,2.0,additive_plus_film,additive_plus_film
additive_plus_film__g2__t2,2,2,106,provenance://crystalite/outputs/final report output/relaxed_groups/additive_plus_film__g2__t2/cifs/sample_00106.cif,True,True,True,True,1.4513938003464275,199.00328232652876,14.214520166180623,14,False,True,True,,,,False,,4.424657743925271,True,,2.0,additive_plus_film,additive_plus_film
additive_plus_film__g2__t2,2,2,107,provenance://crystalite/outputs/final report output/relaxed_groups/additive_plus_film__g2__t2/cifs/sample_00107.cif,True,False,True,False,2.9783278328288127,139.2395040145774,34.80987600364435,4,False,True,True,,,,False,,7.784195613297517,True,,2.0,additive_plus_film,additive_plus_film
additive_plus_film__g2__t2,2,2,108,provenance://crystalite/outputs/final report output/relaxed_groups/additive_plus_film__g2__t2/cifs/sample_00108.cif,True,False,True,False,1.877284034445935,282.02174920563533,14.101087460281766,20,False,True,True,,,,False,,2.183125817081758,True,,2.0,additive_plus_film,additive_plus_film
additive_plus_film__g2__t2,2,2,109,provenance://crystalite/outputs/final report output/relaxed_groups/additive_plus_film__g2__t2/cifs/sample_00109.cif,True,True,True,True,2.233315560165983,222.9771702916341,37.16286171527235,6,False,True,True,,,,False,,2.731252003267643,True,,2.0,additive_plus_film,additive_plus_film
additive_plus_film__g2__t2,2,2,110,provenance://crystalite/outputs/final report output/relaxed_groups/additive_plus_film__g2__t2/cifs/sample_00110.cif,True,False,True,False,1.907614687606136,370.8910375709005,23.18068984818128,16,False,True,True,,,,False,,1.807726564772729,True,,2.0,additive_plus_film,additive_plus_film
additive_plus_film__g2__t2,2,2,111,provenance://crystalite/outputs/final report output/relaxed_groups/additive_plus_film__g2__t2/cifs/sample_00111.cif,True,True,True,True,1.346422728018272,210.92081989001892,17.57673499083491,12,False,True,True,,,,False,,2.7811978563495394,True,,2.0,additive_plus_film,additive_plus_film
additive_plus_film__g2__t2,2,2,112,provenance://crystalite/outputs/final report output/relaxed_groups/additive_plus_film__g2__t2/cifs/sample_00112.cif,True,True,True,True,1.742760764318042,135.255557100121,13.5255557100121,10,False,True,True,,,,False,,3.4801487188649745,True,,2.0,additive_plus_film,additive_plus_film
additive_plus_film__g2__t2,2,2,113,provenance://crystalite/outputs/final report output/relaxed_groups/additive_plus_film__g2__t2/cifs/sample_00113.cif,True,True,True,True,2.85927347129234,81.40161407511945,27.133871358373156,3,True,True,True,,,,False,,15.995324856610685,True,,2.0,additive_plus_film,additive_plus_film
additive_plus_film__g2__t2,2,2,114,provenance://crystalite/outputs/final report output/relaxed_groups/additive_plus_film__g2__t2/cifs/sample_00114.cif,True,True,True,True,1.821601058424482,180.7293757924312,15.060781316035934,12,False,True,True,,,,False,,4.527784793754986,True,,2.0,additive_plus_film,additive_plus_film
additive_plus_film__g2__t2,2,2,115,provenance://crystalite/outputs/final report output/relaxed_groups/additive_plus_film__g2__t2/cifs/sample_00115.cif,True,False,True,False,1.9689044647308611,186.49567116905885,23.31195889613236,8,False,True,True,,,,False,,1.726651618292286,True,,2.0,additive_plus_film,additive_plus_film
additive_plus_film__g2__t2,2,2,116,provenance://crystalite/outputs/final report output/relaxed_groups/additive_plus_film__g2__t2/cifs/sample_00116.cif,True,True,True,True,1.216318322443568,367.4318503646578,20.412880575814324,18,False,True,True,,,,False,,3.444388350556146,True,,2.0,additive_plus_film,additive_plus_film
additive_plus_film__g2__t2,2,2,117,provenance://crystalite/outputs/final report output/relaxed_groups/additive_plus_film__g2__t2/cifs/sample_00117.cif,True,True,True,True,3.011134563409553,164.51977095158142,32.903954190316284,5,True,True,True,,,,False,,12.406751478105718,True,,2.0,additive_plus_film,additive_plus_film
additive_plus_film__g2__t2,2,2,118,provenance://crystalite/outputs/final report output/relaxed_groups/additive_plus_film__g2__t2/cifs/sample_00118.cif,True,True,True,True,0.9738375522553332,152.8948814522665,12.741240121022209,12,False,True,True,,,,False,,3.7141654756988394,True,,2.0,additive_plus_film,additive_plus_film
additive_plus_film__g2__t2,2,2,119,provenance://crystalite/outputs/final report output/relaxed_groups/additive_plus_film__g2__t2/cifs/sample_00119.cif,True,True,True,True,1.4792375339298909,160.17919698176925,26.696532830294878,6,False,True,True,,,,False,,2.856237692597759,True,,2.0,additive_plus_film,additive_plus_film
additive_plus_film__g2__t2,2,2,120,provenance://crystalite/outputs/final report output/relaxed_groups/additive_plus_film__g2__t2/cifs/sample_00120.cif,True,True,True,True,2.2562664658483294,102.91402994944926,17.15233832490821,6,True,True,True,,,,False,,16.74722756801366,True,,2.0,additive_plus_film,additive_plus_film
additive_plus_film__g2__t2,2,2,121,provenance://crystalite/outputs/final report output/relaxed_groups/additive_plus_film__g2__t2/cifs/sample_00121.cif,True,True,True,True,2.2299193728896816,236.17660699232053,29.522075874040063,8,False,True,True,,,,False,,3.757731957275784,True,,2.0,additive_plus_film,additive_plus_film
additive_plus_film__g2__t2,2,2,122,provenance://crystalite/outputs/final report output/relaxed_groups/additive_plus_film__g2__t2/cifs/sample_00122.cif,True,True,True,True,2.669036664009792,101.76781383140612,33.92260461046871,3,False,True,True,,,,False,,11.003662204475894,True,,2.0,additive_plus_film,additive_plus_film
additive_plus_film__g2__t2,2,2,123,provenance://crystalite/outputs/final report output/relaxed_groups/additive_plus_film__g2__t2/cifs/sample_00123.cif,True,True,True,True,1.6580007723453227,476.4458168842748,23.82229084421374,20,False,True,True,,,,False,,1.97447642946534,True,,2.0,additive_plus_film,additive_plus_film
additive_plus_film__g2__t2,2,2,124,provenance://crystalite/outputs/final report output/relaxed_groups/additive_plus_film__g2__t2/cifs/sample_00124.cif,True,False,True,False,2.6703786278444586,169.98945418354148,33.997890836708294,5,False,True,True,,,,False,,3.4655414678498886,True,,2.0,additive_plus_film,additive_plus_film
additive_plus_film__g2__t2,2,2,125,provenance://crystalite/outputs/final report output/relaxed_groups/additive_plus_film__g2__t2/cifs/sample_00125.cif,True,False,True,False,1.5003050378801976,235.5968142193109,21.41789220175554,11,False,True,True,,,,False,,2.224584305577625,True,,2.0,additive_plus_film,additive_plus_film
additive_plus_film__g2__t2,2,2,126,provenance://crystalite/outputs/final report output/relaxed_groups/additive_plus_film__g2__t2/cifs/sample_00126.cif,True,True,True,True,2.2892272680689825,256.7916147214111,25.67916147214111,10,False,True,True,,,,False,,2.705263070329957,True,,2.0,additive_plus_film,additive_plus_film
additive_plus_film__g2__t2,2,2,127,provenance://crystalite/outputs/final report output/relaxed_groups/additive_plus_film__g2__t2/cifs/sample_00127.cif,True,True,True,True,1.348689643181905,235.17191970810657,14.69824498175666,16,False,True,True,,,,False,,2.942872531645943,True,,2.0,additive_plus_film,additive_plus_film
additive_plus_film__g2__t4,2,4,0,provenance://crystalite/outputs/final report output/relaxed_groups/additive_plus_film__g2__t4/cifs/sample_00000.cif,True,False,True,False,1.5798141979835445,275.14776062562765,27.514776062562767,10,False,True,True,,,,False,,3.2388581241239973,True,,4.0,additive_plus_film,additive_plus_film
additive_plus_film__g2__t4,2,4,1,provenance://crystalite/outputs/final report output/relaxed_groups/additive_plus_film__g2__t4/cifs/sample_00001.cif,True,True,True,True,2.7498212363650647,32.22629384954662,16.11314692477331,2,True,True,True,,,,False,,27.48102014803393,True,,4.0,additive_plus_film,additive_plus_film
additive_plus_film__g2__t4,2,4,2,provenance://crystalite/outputs/final report output/relaxed_groups/additive_plus_film__g2__t4/cifs/sample_00002.cif,True,True,True,True,2.3463666008581168,269.8610716320498,22.48842263600415,12,False,True,True,,,,False,,15.139467500375837,True,,4.0,additive_plus_film,additive_plus_film
additive_plus_film__g2__t4,2,4,3,provenance://crystalite/outputs/final report output/relaxed_groups/additive_plus_film__g2__t4/cifs/sample_00003.cif,True,True,True,True,2.195650334083288,87.43850779219467,17.487701558438935,5,False,True,True,,,,False,,4.477737654684523,True,,4.0,additive_plus_film,additive_plus_film
additive_plus_film__g2__t4,2,4,4,provenance://crystalite/outputs/final report output/relaxed_groups/additive_plus_film__g2__t4/cifs/sample_00004.cif,True,True,True,True,1.9123695973761,157.22362541590132,14.29305685599103,11,False,True,True,,,,False,,6.046398303867046,True,,4.0,additive_plus_film,additive_plus_film
additive_plus_film__g2__t4,2,4,5,provenance://crystalite/outputs/final report output/relaxed_groups/additive_plus_film__g2__t4/cifs/sample_00005.cif,True,False,True,False,1.8232881245298735,265.44098970711417,22.12008247559285,12,False,True,True,,,,False,,6.114175528027434,True,,4.0,additive_plus_film,additive_plus_film
additive_plus_film__g2__t4,2,4,6,provenance://crystalite/outputs/final report output/relaxed_groups/additive_plus_film__g2__t4/cifs/sample_00006.cif,True,True,True,True,1.406142375362054,140.7116738731229,10.823974913317146,13,False,True,True,,,,False,,5.448295696062719,True,,4.0,additive_plus_film,additive_plus_film
additive_plus_film__g2__t4,2,4,7,provenance://crystalite/outputs/final report output/relaxed_groups/additive_plus_film__g2__t4/cifs/sample_00007.cif,True,False,True,False,2.7107912591761867,457.2224610836692,38.10187175697244,12,False,True,True,,,,False,,11.878881293905303,True,,4.0,additive_plus_film,additive_plus_film
additive_plus_film__g2__t4,2,4,8,provenance://crystalite/outputs/final report output/relaxed_groups/additive_plus_film__g2__t4/cifs/sample_00008.cif,True,True,True,True,1.837789231931204,284.1584711291693,14.207923556458464,20,False,True,True,,,,False,,4.51292758435689,True,,4.0,additive_plus_film,additive_plus_film
additive_plus_film__g2__t4,2,4,9,provenance://crystalite/outputs/final report output/relaxed_groups/additive_plus_film__g2__t4/cifs/sample_00009.cif,True,True,True,True,2.463527097370409,81.87837104501715,20.469592761254287,4,False,True,False,,,,False,,3.759464143909858,True,,4.0,additive_plus_film,additive_plus_film
additive_plus_film__g2__t4,2,4,10,provenance://crystalite/outputs/final report output/relaxed_groups/additive_plus_film__g2__t4/cifs/sample_00010.cif,True,True,True,True,1.7205779779286408,261.50965509488725,14.52831417193818,18,False,True,True,,,,False,,2.6305983247892573,True,,4.0,additive_plus_film,additive_plus_film
additive_plus_film__g2__t4,2,4,11,provenance://crystalite/outputs/final report output/relaxed_groups/additive_plus_film__g2__t4/cifs/sample_00011.cif,True,True,True,True,2.61463924307178,128.98462299835023,25.79692459967005,5,True,True,True,,,,False,,9.094263551228137,True,,4.0,additive_plus_film,additive_plus_film
additive_plus_film__g2__t4,2,4,12,provenance://crystalite/outputs/final report output/relaxed_groups/additive_plus_film__g2__t4/cifs/sample_00012.cif,True,False,True,False,2.85659565747076,194.256510085178,27.750930012168283,7,False,True,True,,,,False,,5.804358870244762,True,,4.0,additive_plus_film,additive_plus_film
additive_plus_film__g2__t4,2,4,13,provenance://crystalite/outputs/final report output/relaxed_groups/additive_plus_film__g2__t4/cifs/sample_00013.cif,True,False,True,False,2.8920543174352136,298.47278395458403,37.30909799432301,8,False,True,True,,,,False,,9.13933051977512,True,,4.0,additive_plus_film,additive_plus_film
additive_plus_film__g2__t4,2,4,14,provenance://crystalite/outputs/final report output/relaxed_groups/additive_plus_film__g2__t4/cifs/sample_00014.cif,True,False,True,False,2.338880760421153,153.08114837985048,21.86873548283578,7,False,True,True,,,,False,,18.42075029433468,True,,4.0,additive_plus_film,additive_plus_film
additive_plus_film__g2__t4,2,4,15,provenance://crystalite/outputs/final report output/relaxed_groups/additive_plus_film__g2__t4/cifs/sample_00015.cif,True,True,True,True,1.8929111766593305,129.10659199300318,12.910659199300316,10,False,True,True,,,,False,,5.063044492483743,True,,4.0,additive_plus_film,additive_plus_film
additive_plus_film__g2__t4,2,4,16,provenance://crystalite/outputs/final report output/relaxed_groups/additive_plus_film__g2__t4/cifs/sample_00016.cif,True,True,True,True,2.39753992573514,271.2816797219971,16.955104982624817,16,False,True,True,,,,False,,21.43261997098854,True,,4.0,additive_plus_film,additive_plus_film
additive_plus_film__g2__t4,2,4,17,provenance://crystalite/outputs/final report output/relaxed_groups/additive_plus_film__g2__t4/cifs/sample_00017.cif,True,True,True,True,2.5457794393418536,160.8858895991595,17.876209955462166,9,True,True,True,,,,False,,16.151063783561046,True,,4.0,additive_plus_film,additive_plus_film
additive_plus_film__g2__t4,2,4,18,provenance://crystalite/outputs/final report output/relaxed_groups/additive_plus_film__g2__t4/cifs/sample_00018.cif,True,True,True,True,1.848487956129196,214.58964328218863,16.506895637091432,13,False,True,True,,,,False,,3.843214445136621,True,,4.0,additive_plus_film,additive_plus_film
additive_plus_film__g2__t4,2,4,19,provenance://crystalite/outputs/final report output/relaxed_groups/additive_plus_film__g2__t4/cifs/sample_00019.cif,True,True,True,True,1.4235297457458895,111.5934877140254,15.94192681628934,7,False,True,True,,,,False,,7.99636806434069,True,,4.0,additive_plus_film,additive_plus_film
additive_plus_film__g2__t4,2,4,20,provenance://crystalite/outputs/final report output/relaxed_groups/additive_plus_film__g2__t4/cifs/sample_00020.cif,True,True,True,True,2.456537155508528,226.1823037173927,28.272787964674087,8,False,True,True,,,,False,,3.9679370044394986,True,,4.0,additive_plus_film,additive_plus_film
additive_plus_film__g2__t4,2,4,21,provenance://crystalite/outputs/final report output/relaxed_groups/additive_plus_film__g2__t4/cifs/sample_00021.cif,True,True,True,True,1.8425141170838517,182.5146079477445,13.03675771055318,14,False,True,True,,,,False,,9.385514463159746,True,,4.0,additive_plus_film,additive_plus_film
additive_plus_film__g2__t4,2,4,22,provenance://crystalite/outputs/final report output/relaxed_groups/additive_plus_film__g2__t4/cifs/sample_00022.cif,True,False,True,False,1.831100152518044,168.55578641940255,12.039699029957324,14,False,True,True,,,,False,,2.02056992105689,True,,4.0,additive_plus_film,additive_plus_film
additive_plus_film__g2__t4,2,4,23,provenance://crystalite/outputs/final report output/relaxed_groups/additive_plus_film__g2__t4/cifs/sample_00023.cif,True,True,True,True,2.0159170470467025,141.63753510583095,14.163753510583096,10,False,True,True,,,,False,,2.2999222476939702,True,,4.0,additive_plus_film,additive_plus_film
additive_plus_film__g2__t4,2,4,24,provenance://crystalite/outputs/final report output/relaxed_groups/additive_plus_film__g2__t4/cifs/sample_00024.cif,True,True,True,True,2.1304695114184664,286.11178546749767,23.84264878895814,12,False,True,True,,,,False,,5.08136596008112,True,,4.0,additive_plus_film,additive_plus_film
additive_plus_film__g2__t4,2,4,25,provenance://crystalite/outputs/final report output/relaxed_groups/additive_plus_film__g2__t4/cifs/sample_00025.cif,True,True,True,True,2.0234381233704264,265.8896969811214,26.58896969811214,10,False,True,True,,,,False,,5.953825148458683,True,,4.0,additive_plus_film,additive_plus_film
additive_plus_film__g2__t4,2,4,26,provenance://crystalite/outputs/final report output/relaxed_groups/additive_plus_film__g2__t4/cifs/sample_00026.cif,True,True,True,True,1.430229404752132,266.9826281839298,13.349131409196492,20,False,True,True,,,,False,,2.893279983729093,True,,4.0,additive_plus_film,additive_plus_film
additive_plus_film__g2__t4,2,4,27,provenance://crystalite/outputs/final report output/relaxed_groups/additive_plus_film__g2__t4/cifs/sample_00027.cif,True,True,True,True,1.6670251422508944,219.06054001912645,18.25504500159387,12,False,True,True,,,,False,,2.8340592930335,True,,4.0,additive_plus_film,additive_plus_film
additive_plus_film__g2__t4,2,4,28,provenance://crystalite/outputs/final report output/relaxed_groups/additive_plus_film__g2__t4/cifs/sample_00028.cif,True,True,True,True,1.8265784417565107,168.91449933108652,14.076208277590544,12,False,True,True,,,,False,,4.562922477668164,True,,4.0,additive_plus_film,additive_plus_film
additive_plus_film__g2__t4,2,4,29,provenance://crystalite/outputs/final report output/relaxed_groups/additive_plus_film__g2__t4/cifs/sample_00029.cif,True,True,True,True,1.9030170891779985,119.44623285618734,14.930779107023415,8,False,True,True,,,,False,,2.646535867259626,True,,4.0,additive_plus_film,additive_plus_film
additive_plus_film__g2__t4,2,4,30,provenance://crystalite/outputs/final report output/relaxed_groups/additive_plus_film__g2__t4/cifs/sample_00030.cif,True,False,True,False,2.3000475513861005,420.63814135980766,30.04558152570055,14,False,True,True,,,,False,,4.229384144572756,True,,4.0,additive_plus_film,additive_plus_film
additive_plus_film__g2__t4,2,4,31,provenance://crystalite/outputs/final report output/relaxed_groups/additive_plus_film__g2__t4/cifs/sample_00031.cif,True,True,True,True,1.850673584119981,138.09574257989362,17.261967822486703,8,False,True,True,,,,False,,1.954336350267699,True,,4.0,additive_plus_film,additive_plus_film
additive_plus_film__g2__t4,2,4,32,provenance://crystalite/outputs/final report output/relaxed_groups/additive_plus_film__g2__t4/cifs/sample_00032.cif,True,True,True,True,1.323434801832334,170.50608865917246,17.050608865917248,10,False,True,True,,,,False,,2.301586364971853,True,,4.0,additive_plus_film,additive_plus_film
additive_plus_film__g2__t4,2,4,33,provenance://crystalite/outputs/final report output/relaxed_groups/additive_plus_film__g2__t4/cifs/sample_00033.cif,True,True,True,True,2.0457738701445725,50.60016848355935,12.650042120889838,4,False,True,True,,,,False,,3.8964616466115047,True,,4.0,additive_plus_film,additive_plus_film
additive_plus_film__g2__t4,2,4,34,provenance://crystalite/outputs/final report output/relaxed_groups/additive_plus_film__g2__t4/cifs/sample_00034.cif,True,False,True,False,2.1375456903368124,82.59909096261686,16.51981819252337,5,False,True,True,,,,False,,5.616023184020769,True,,4.0,additive_plus_film,additive_plus_film
additive_plus_film__g2__t4,2,4,35,provenance://crystalite/outputs/final report output/relaxed_groups/additive_plus_film__g2__t4/cifs/sample_00035.cif,True,True,True,True,1.0191239421900389,223.10069845714585,18.59172487142882,12,False,True,True,,,,False,,3.615609036571961,True,,4.0,additive_plus_film,additive_plus_film
additive_plus_film__g2__t4,2,4,36,provenance://crystalite/outputs/final report output/relaxed_groups/additive_plus_film__g2__t4/cifs/sample_00036.cif,True,True,True,True,2.57706047579164,121.97275233063242,20.328792055105403,6,True,True,True,,,,False,,14.27920528116484,True,,4.0,additive_plus_film,additive_plus_film
additive_plus_film__g2__t4,2,4,37,provenance://crystalite/outputs/final report output/relaxed_groups/additive_plus_film__g2__t4/cifs/sample_00037.cif,True,True,True,True,1.8372007400169004,191.97837068831416,13.712740763451013,14,False,True,True,,,,False,,7.674096830656144,True,,4.0,additive_plus_film,additive_plus_film
additive_plus_film__g2__t4,2,4,38,provenance://crystalite/outputs/final report output/relaxed_groups/additive_plus_film__g2__t4/cifs/sample_00038.cif,True,True,True,True,1.5974204964484129,250.80225948279832,17.914447105914167,14,False,True,True,,,,False,,3.1858351453407785,True,,4.0,additive_plus_film,additive_plus_film
additive_plus_film__g2__t4,2,4,39,provenance://crystalite/outputs/final report output/relaxed_groups/additive_plus_film__g2__t4/cifs/sample_00039.cif,True,True,True,True,2.0577790022124747,248.83175379710983,15.551984612319364,16,False,True,True,,,,False,,2.667772826790269,True,,4.0,additive_plus_film,additive_plus_film
additive_plus_film__g2__t4,2,4,40,provenance://crystalite/outputs/final report output/relaxed_groups/additive_plus_film__g2__t4/cifs/sample_00040.cif,True,True,True,True,0.9782130333795628,228.2761829659058,12.682010164772544,18,False,True,True,,,,False,,3.465746540294969,True,,4.0,additive_plus_film,additive_plus_film
additive_plus_film__g2__t4,2,4,42,provenance://crystalite/outputs/final report output/relaxed_groups/additive_plus_film__g2__t4/cifs/sample_00042.cif,True,True,True,True,1.6026395660644046,224.2993407323361,14.018708795771008,16,False,True,True,,,,False,,2.905649136242849,True,,4.0,additive_plus_film,additive_plus_film
additive_plus_film__g2__t4,2,4,43,provenance://crystalite/outputs/final report output/relaxed_groups/additive_plus_film__g2__t4/cifs/sample_00043.cif,True,False,True,False,0.9878531128608854,190.2002621470128,15.8500218455844,12,False,True,True,,,,False,,3.060131586345778,True,,4.0,additive_plus_film,additive_plus_film
additive_plus_film__g2__t4,2,4,44,provenance://crystalite/outputs/final report output/relaxed_groups/additive_plus_film__g2__t4/cifs/sample_00044.cif,True,True,True,True,2.450829402552373,192.33784021754676,27.476834316792388,7,False,True,True,,,,False,,3.8988369350562144,True,,4.0,additive_plus_film,additive_plus_film
additive_plus_film__g2__t4,2,4,45,provenance://crystalite/outputs/final report output/relaxed_groups/additive_plus_film__g2__t4/cifs/sample_00045.cif,True,True,True,True,1.6853224213462934,242.7401552639793,12.137007763198964,20,False,True,True,,,,False,,7.178559827639926,True,,4.0,additive_plus_film,additive_plus_film
additive_plus_film__g2__t4,2,4,46,provenance://crystalite/outputs/final report output/relaxed_groups/additive_plus_film__g2__t4/cifs/sample_00046.cif,True,False,True,False,2.0040224531335395,161.5662517207587,20.19578146509484,8,False,True,True,,,,False,,7.067958204229558,True,,4.0,additive_plus_film,additive_plus_film
additive_plus_film__g2__t4,2,4,47,provenance://crystalite/outputs/final report output/relaxed_groups/additive_plus_film__g2__t4/cifs/sample_00047.cif,True,True,True,True,2.007792087433097,155.1877231895891,15.51877231895891,10,False,True,True,,,,False,,4.410640510814598,True,,4.0,additive_plus_film,additive_plus_film
additive_plus_film__g2__t4,2,4,48,provenance://crystalite/outputs/final report output/relaxed_groups/additive_plus_film__g2__t4/cifs/sample_00048.cif,True,False,True,False,1.808525487945842,215.26248092942964,10.763124046471482,20,False,True,True,,,,False,,2.094942071485911,True,,4.0,additive_plus_film,additive_plus_film
additive_plus_film__g2__t4,2,4,49,provenance://crystalite/outputs/final report output/relaxed_groups/additive_plus_film__g2__t4/cifs/sample_00049.cif,True,True,True,True,1.815408559290328,109.7404403617746,13.717555045221824,8,False,True,True,,,,False,,2.8391859274777804,True,,4.0,additive_plus_film,additive_plus_film
additive_plus_film__g2__t4,2,4,50,provenance://crystalite/outputs/final report output/relaxed_groups/additive_plus_film__g2__t4/cifs/sample_00050.cif,True,False,True,False,1.7675667619030806,39.1310716357948,9.7827679089487,4,False,True,True,,,,False,,13.74955796374672,True,,4.0,additive_plus_film,additive_plus_film
additive_plus_film__g2__t4,2,4,51,provenance://crystalite/outputs/final report output/relaxed_groups/additive_plus_film__g2__t4/cifs/sample_00051.cif,True,False,True,False,1.7590038162174544,185.98764628266449,20.66529403140716,9,False,True,True,,,,False,,2.7518557557201238,True,,4.0,additive_plus_film,additive_plus_film
additive_plus_film__g2__t4,2,4,52,provenance://crystalite/outputs/final report output/relaxed_groups/additive_plus_film__g2__t4/cifs/sample_00052.cif,True,False,True,False,3.1767346204984,129.6330359944069,32.408258998601724,4,False,True,True,,,,False,,10.055324704548037,True,,4.0,additive_plus_film,additive_plus_film
additive_plus_film__g2__t4,2,4,53,provenance://crystalite/outputs/final report output/relaxed_groups/additive_plus_film__g2__t4/cifs/sample_00053.cif,True,True,True,True,2.75296699540821,410.0155966837906,51.251949585473824,8,False,True,True,,,,False,,4.79806907459982,True,,4.0,additive_plus_film,additive_plus_film
additive_plus_film__g2__t4,2,4,54,provenance://crystalite/outputs/final report output/relaxed_groups/additive_plus_film__g2__t4/cifs/sample_00054.cif,True,True,True,True,1.807673086106057,522.8807862595721,26.14403931297861,20,False,True,True,,,,False,,4.993611963608102,True,,4.0,additive_plus_film,additive_plus_film
additive_plus_film__g2__t4,2,4,55,provenance://crystalite/outputs/final report output/relaxed_groups/additive_plus_film__g2__t4/cifs/sample_00055.cif,True,True,True,True,1.6243196922122891,272.34546839303886,15.13030379961327,18,False,True,True,,,,False,,3.4330440211225484,True,,4.0,additive_plus_film,additive_plus_film
additive_plus_film__g2__t4,2,4,56,provenance://crystalite/outputs/final report output/relaxed_groups/additive_plus_film__g2__t4/cifs/sample_00056.cif,True,True,True,True,2.4715226508038777,47.974925181854864,11.993731295463716,4,False,True,True,,,,False,,11.872426704082775,True,,4.0,additive_plus_film,additive_plus_film
additive_plus_film__g2__t4,2,4,57,provenance://crystalite/outputs/final report output/relaxed_groups/additive_plus_film__g2__t4/cifs/sample_00057.cif,True,True,True,True,2.350300294539181,112.84062430749675,14.105078038437094,8,True,True,True,,,,False,,15.4173411436554,True,,4.0,additive_plus_film,additive_plus_film
additive_plus_film__g2__t4,2,4,58,provenance://crystalite/outputs/final report output/relaxed_groups/additive_plus_film__g2__t4/cifs/sample_00058.cif,True,True,True,True,1.6748178147464186,267.8228080470407,13.391140402352036,20,False,True,True,,,,False,,3.655727275382965,True,,4.0,additive_plus_film,additive_plus_film
additive_plus_film__g2__t4,2,4,59,provenance://crystalite/outputs/final report output/relaxed_groups/additive_plus_film__g2__t4/cifs/sample_00059.cif,True,True,True,True,1.879819483173087,134.56586738227173,14.951763042474637,9,False,True,True,,,,False,,7.48722081537885,True,,4.0,additive_plus_film,additive_plus_film
additive_plus_film__g2__t4,2,4,60,provenance://crystalite/outputs/final report output/relaxed_groups/additive_plus_film__g2__t4/cifs/sample_00060.cif,True,False,True,False,1.793742335921386,208.01091477435324,13.000682173397076,16,False,True,True,,,,False,,2.379038875874864,True,,4.0,additive_plus_film,additive_plus_film
additive_plus_film__g2__t4,2,4,61,provenance://crystalite/outputs/final report output/relaxed_groups/additive_plus_film__g2__t4/cifs/sample_00061.cif,True,True,True,True,1.533944113556386,266.8392739336697,13.341963696683484,20,False,True,True,,,,False,,3.581497535840542,True,,4.0,additive_plus_film,additive_plus_film
additive_plus_film__g2__t4,2,4,62,provenance://crystalite/outputs/final report output/relaxed_groups/additive_plus_film__g2__t4/cifs/sample_00062.cif,True,True,True,True,2.427440907548256,357.73330295174253,22.358331434483908,16,False,True,True,,,,False,,4.788040923197228,True,,4.0,additive_plus_film,additive_plus_film
additive_plus_film__g2__t4,2,4,63,provenance://crystalite/outputs/final report output/relaxed_groups/additive_plus_film__g2__t4/cifs/sample_00063.cif,True,True,True,True,2.1805756109770047,238.8546497007314,14.928415606295712,16,False,True,True,,,,False,,4.727101037030755,True,,4.0,additive_plus_film,additive_plus_film
additive_plus_film__g2__t4,2,4,64,provenance://crystalite/outputs/final report output/relaxed_groups/additive_plus_film__g2__t4/cifs/sample_00064.cif,True,True,True,True,3.1259868884038458,134.65820558850393,22.44303426475065,6,True,True,True,,,,False,,6.668563904735218,True,,4.0,additive_plus_film,additive_plus_film
additive_plus_film__g2__t4,2,4,65,provenance://crystalite/outputs/final report output/relaxed_groups/additive_plus_film__g2__t4/cifs/sample_00065.cif,True,True,True,True,1.7943280690581151,127.81699652554492,12.78169965255449,10,False,True,True,,,,False,,4.1178033445782205,True,,4.0,additive_plus_film,additive_plus_film
additive_plus_film__g2__t4,2,4,66,provenance://crystalite/outputs/final report output/relaxed_groups/additive_plus_film__g2__t4/cifs/sample_00066.cif,True,True,True,True,2.6699868036675536,59.20156749236018,19.733855830786727,3,False,True,True,,,,False,,13.920370266932805,True,,4.0,additive_plus_film,additive_plus_film
additive_plus_film__g2__t4,2,4,67,provenance://crystalite/outputs/final report output/relaxed_groups/additive_plus_film__g2__t4/cifs/sample_00067.cif,True,True,True,True,2.419705084929667,47.02474154536881,15.67491384845627,3,False,True,False,,,,False,,3.908225367846336,True,,4.0,additive_plus_film,additive_plus_film
additive_plus_film__g2__t4,2,4,68,provenance://crystalite/outputs/final report output/relaxed_groups/additive_plus_film__g2__t4/cifs/sample_00068.cif,True,True,True,True,1.9848260976384504,507.6080740346487,31.725504627165545,16,False,True,True,,,,False,,3.296591853774665,True,,4.0,additive_plus_film,additive_plus_film
additive_plus_film__g2__t4,2,4,69,provenance://crystalite/outputs/final report output/relaxed_groups/additive_plus_film__g2__t4/cifs/sample_00069.cif,True,False,True,False,1.915746218871916,127.2932738515567,12.72932738515567,10,False,True,True,,,,False,,3.264208682325149,True,,4.0,additive_plus_film,additive_plus_film
additive_plus_film__g2__t4,2,4,70,provenance://crystalite/outputs/final report output/relaxed_groups/additive_plus_film__g2__t4/cifs/sample_00070.cif,True,True,True,True,3.306140480817663,112.9455311473997,37.64851038246657,3,True,True,True,,,,False,,15.469926447527245,True,,4.0,additive_plus_film,additive_plus_film
additive_plus_film__g2__t4,2,4,71,provenance://crystalite/outputs/final report output/relaxed_groups/additive_plus_film__g2__t4/cifs/sample_00071.cif,True,True,True,True,2.695253967897905,177.0603470769378,29.5100578461563,6,False,True,True,,,,False,,4.453704590607599,True,,4.0,additive_plus_film,additive_plus_film
additive_plus_film__g2__t4,2,4,72,provenance://crystalite/outputs/final report output/relaxed_groups/additive_plus_film__g2__t4/cifs/sample_00072.cif,True,True,True,True,1.808815446222928,201.01610973858445,15.462777672198804,13,False,True,True,,,,False,,5.032975988212741,True,,4.0,additive_plus_film,additive_plus_film
additive_plus_film__g2__t4,2,4,73,provenance://crystalite/outputs/final report output/relaxed_groups/additive_plus_film__g2__t4/cifs/sample_00073.cif,True,True,True,True,1.7761967967215686,167.71636690676448,13.97636390889704,12,False,True,True,,,,False,,2.604271992488876,True,,4.0,additive_plus_film,additive_plus_film
additive_plus_film__g2__t4,2,4,74,provenance://crystalite/outputs/final report output/relaxed_groups/additive_plus_film__g2__t4/cifs/sample_00074.cif,True,True,True,True,3.3610762067262803,99.0069051067164,33.0023017022388,3,True,True,True,,,,False,,8.813132410336253,True,,4.0,additive_plus_film,additive_plus_film
additive_plus_film__g2__t4,2,4,75,provenance://crystalite/outputs/final report output/relaxed_groups/additive_plus_film__g2__t4/cifs/sample_00075.cif,True,True,True,True,1.677480996947818,139.34079279217218,13.93407927921722,10,False,True,False,,,,False,,2.2036270908962425,True,,4.0,additive_plus_film,additive_plus_film
additive_plus_film__g2__t4,2,4,76,provenance://crystalite/outputs/final report output/relaxed_groups/additive_plus_film__g2__t4/cifs/sample_00076.cif,True,False,True,False,1.8670384494576868,104.16118316247604,13.020147895309506,8,False,True,True,,,,False,,10.68091254053467,True,,4.0,additive_plus_film,additive_plus_film
additive_plus_film__g2__t4,2,4,77,provenance://crystalite/outputs/final report output/relaxed_groups/additive_plus_film__g2__t4/cifs/sample_00077.cif,True,True,True,True,1.7158757643108122,159.7946595513092,13.316221629275766,12,False,True,True,,,,False,,3.368153921718274,True,,4.0,additive_plus_film,additive_plus_film
additive_plus_film__g2__t4,2,4,78,provenance://crystalite/outputs/final report output/relaxed_groups/additive_plus_film__g2__t4/cifs/sample_00078.cif,True,False,True,False,2.1906436326472227,198.96766723273916,16.580638936061593,12,False,True,True,,,,False,,8.43045254482087,True,,4.0,additive_plus_film,additive_plus_film
additive_plus_film__g2__t4,2,4,79,provenance://crystalite/outputs/final report output/relaxed_groups/additive_plus_film__g2__t4/cifs/sample_00079.cif,True,True,True,True,0.9959535540618224,188.8363129356341,18.88363129356341,10,False,True,True,,,,False,,2.327975231878115,True,,4.0,additive_plus_film,additive_plus_film
additive_plus_film__g2__t4,2,4,80,provenance://crystalite/outputs/final report output/relaxed_groups/additive_plus_film__g2__t4/cifs/sample_00080.cif,True,True,True,True,0.9590050403321336,298.45754891877533,16.580974939931963,18,False,True,True,,,,False,,4.149802611578312,True,,4.0,additive_plus_film,additive_plus_film
additive_plus_film__g2__t4,2,4,81,provenance://crystalite/outputs/final report output/relaxed_groups/additive_plus_film__g2__t4/cifs/sample_00081.cif,True,True,True,True,0.9455762442673632,77.60158359650485,12.933597266084142,6,False,True,True,,,,False,,3.1593015248780056,True,,4.0,additive_plus_film,additive_plus_film
additive_plus_film__g2__t4,2,4,82,provenance://crystalite/outputs/final report output/relaxed_groups/additive_plus_film__g2__t4/cifs/sample_00082.cif,True,False,True,False,1.7347395628420823,131.95589002013125,13.195589002013126,10,False,True,True,,,,False,,2.137407680868798,True,,4.0,additive_plus_film,additive_plus_film
additive_plus_film__g2__t4,2,4,83,provenance://crystalite/outputs/final report output/relaxed_groups/additive_plus_film__g2__t4/cifs/sample_00083.cif,True,True,True,True,1.8840209854853371,153.62235406268618,12.801862838557184,12,False,True,True,,,,False,,4.755659091062591,True,,4.0,additive_plus_film,additive_plus_film
additive_plus_film__g2__t4,2,4,84,provenance://crystalite/outputs/final report output/relaxed_groups/additive_plus_film__g2__t4/cifs/sample_00084.cif,True,True,True,True,1.0168071719673042,144.9083361881144,10.35059544200817,14,False,True,True,,,,False,,2.231497121947232,True,,4.0,additive_plus_film,additive_plus_film
additive_plus_film__g2__t4,2,4,85,provenance://crystalite/outputs/final report output/relaxed_groups/additive_plus_film__g2__t4/cifs/sample_00085.cif,True,True,True,True,1.7580418649347038,281.7059197292672,17.6066199830792,16,False,True,True,,,,False,,4.033816342171452,True,,4.0,additive_plus_film,additive_plus_film
additive_plus_film__g2__t4,2,4,86,provenance://crystalite/outputs/final report output/relaxed_groups/additive_plus_film__g2__t4/cifs/sample_00086.cif,True,True,True,True,1.6320087618096786,240.41156292208476,12.020578146104237,20,False,True,True,,,,False,,3.909571903454271,True,,4.0,additive_plus_film,additive_plus_film
additive_plus_film__g2__t4,2,4,87,provenance://crystalite/outputs/final report output/relaxed_groups/additive_plus_film__g2__t4/cifs/sample_00087.cif,True,True,True,True,1.96625108442727,143.93325992479555,17.991657490599444,8,False,True,True,,,,False,,2.4419962948742597,True,,4.0,additive_plus_film,additive_plus_film
additive_plus_film__g2__t4,2,4,88,provenance://crystalite/outputs/final report output/relaxed_groups/additive_plus_film__g2__t4/cifs/sample_00088.cif,True,True,True,True,2.580580795240753,367.7909877702855,61.29849796171425,6,False,True,True,,,,False,,3.99623690084942,True,,4.0,additive_plus_film,additive_plus_film
additive_plus_film__g2__t4,2,4,89,provenance://crystalite/outputs/final report output/relaxed_groups/additive_plus_film__g2__t4/cifs/sample_00089.cif,True,True,True,True,1.9020252223775227,181.1714353450846,15.097619612090384,12,False,True,True,,,,False,,3.9019980239414473,True,,4.0,additive_plus_film,additive_plus_film
additive_plus_film__g2__t4,2,4,90,provenance://crystalite/outputs/final report output/relaxed_groups/additive_plus_film__g2__t4/cifs/sample_00090.cif,True,True,True,True,1.869305650573415,245.0436903189252,15.315230644932823,16,False,True,True,,,,False,,2.366158083970246,True,,4.0,additive_plus_film,additive_plus_film
additive_plus_film__g2__t4,2,4,91,provenance://crystalite/outputs/final report output/relaxed_groups/additive_plus_film__g2__t4/cifs/sample_00091.cif,True,True,True,True,1.485458242214709,218.11150730244287,18.17595894187024,12,False,True,True,,,,False,,3.4557732700734958,True,,4.0,additive_plus_film,additive_plus_film
additive_plus_film__g2__t4,2,4,93,provenance://crystalite/outputs/final report output/relaxed_groups/additive_plus_film__g2__t4/cifs/sample_00093.cif,True,False,True,False,1.794996584787825,205.17874625774732,14.65562473269624,14,False,True,True,,,,False,,1.9132754404177768,True,,4.0,additive_plus_film,additive_plus_film
additive_plus_film__g2__t4,2,4,94,provenance://crystalite/outputs/final report output/relaxed_groups/additive_plus_film__g2__t4/cifs/sample_00094.cif,True,True,True,True,1.7680784331202877,260.1390996471864,14.452172202621467,18,False,True,True,,,,False,,2.3687165512359685,True,,4.0,additive_plus_film,additive_plus_film
additive_plus_film__g2__t4,2,4,95,provenance://crystalite/outputs/final report output/relaxed_groups/additive_plus_film__g2__t4/cifs/sample_00095.cif,True,True,True,True,2.028732344596153,233.523788813487,17.96336837026823,13,False,True,True,,,,False,,3.764668490556622,True,,4.0,additive_plus_film,additive_plus_film
additive_plus_film__g2__t4,2,4,96,provenance://crystalite/outputs/final report output/relaxed_groups/additive_plus_film__g2__t4/cifs/sample_00096.cif,True,True,True,True,0.9768491903561524,254.9496458597883,21.245803821649023,12,False,True,True,,,,False,,4.559025928157262,True,,4.0,additive_plus_film,additive_plus_film
additive_plus_film__g2__t4,2,4,97,provenance://crystalite/outputs/final report output/relaxed_groups/additive_plus_film__g2__t4/cifs/sample_00097.cif,True,True,True,True,1.9265380087854056,342.0691801349293,18.00364105973312,19,False,True,True,,,,False,,6.596561646926344,True,,4.0,additive_plus_film,additive_plus_film
additive_plus_film__g2__t4,2,4,98,provenance://crystalite/outputs/final report output/relaxed_groups/additive_plus_film__g2__t4/cifs/sample_00098.cif,True,True,True,True,1.0014357520974064,117.1392639697824,14.6424079962228,8,False,True,True,,,,False,,3.845410632601059,True,,4.0,additive_plus_film,additive_plus_film
additive_plus_film__g2__t4,2,4,99,provenance://crystalite/outputs/final report output/relaxed_groups/additive_plus_film__g2__t4/cifs/sample_00099.cif,True,False,True,False,1.9107868534853,181.5282761507847,18.152827615078472,10,False,True,True,,,,False,,4.197809551490542,True,,4.0,additive_plus_film,additive_plus_film
additive_plus_film__g2__t4,2,4,100,provenance://crystalite/outputs/final report output/relaxed_groups/additive_plus_film__g2__t4/cifs/sample_00100.cif,True,True,True,True,2.271618162011924,409.19150181061855,22.73286121170103,18,False,True,True,,,,False,,4.106646644794408,True,,4.0,additive_plus_film,additive_plus_film
additive_plus_film__g2__t4,2,4,101,provenance://crystalite/outputs/final report output/relaxed_groups/additive_plus_film__g2__t4/cifs/sample_00101.cif,True,True,True,True,1.1615644665722675,167.06245815526034,20.882807269407543,8,False,True,True,,,,False,,2.202079315447784,True,,4.0,additive_plus_film,additive_plus_film
additive_plus_film__g2__t4,2,4,102,provenance://crystalite/outputs/final report output/relaxed_groups/additive_plus_film__g2__t4/cifs/sample_00102.cif,True,True,True,True,1.9328237869189568,330.1609073738469,16.508045368692347,20,False,True,True,,,,False,,3.889725466618296,True,,4.0,additive_plus_film,additive_plus_film
additive_plus_film__g2__t4,2,4,103,provenance://crystalite/outputs/final report output/relaxed_groups/additive_plus_film__g2__t4/cifs/sample_00103.cif,True,True,True,True,1.9972092719591377,49.47237107478327,12.368092768695815,4,False,True,False,,,,False,,2.912643245886103,True,,4.0,additive_plus_film,additive_plus_film
additive_plus_film__g2__t4,2,4,104,provenance://crystalite/outputs/final report output/relaxed_groups/additive_plus_film__g2__t4/cifs/sample_00104.cif,True,True,True,True,1.8793432395983052,108.10277547935102,10.810277547935105,10,False,True,True,,,,False,,4.1914577699057824,True,,4.0,additive_plus_film,additive_plus_film
additive_plus_film__g2__t4,2,4,106,provenance://crystalite/outputs/final report output/relaxed_groups/additive_plus_film__g2__t4/cifs/sample_00106.cif,True,False,True,False,1.881838365429291,156.9029391524122,11.20735279660087,14,False,True,True,,,,False,,5.339431098301794,True,,4.0,additive_plus_film,additive_plus_film
additive_plus_film__g2__t4,2,4,107,provenance://crystalite/outputs/final report output/relaxed_groups/additive_plus_film__g2__t4/cifs/sample_00107.cif,True,False,True,False,3.148481345307785,106.94438270618664,26.736095676546658,4,False,True,True,,,,False,,16.753028559925728,True,,4.0,additive_plus_film,additive_plus_film
additive_plus_film__g2__t4,2,4,108,provenance://crystalite/outputs/final report output/relaxed_groups/additive_plus_film__g2__t4/cifs/sample_00108.cif,True,False,True,False,1.8766913869338084,247.17058507937065,12.358529253968532,20,False,True,True,,,,False,,2.3144101082501183,True,,4.0,additive_plus_film,additive_plus_film
additive_plus_film__g2__t4,2,4,109,provenance://crystalite/outputs/final report output/relaxed_groups/additive_plus_film__g2__t4/cifs/sample_00109.cif,True,True,True,True,2.349581329726119,168.57332026317678,28.09555337719613,6,False,True,True,,,,False,,5.396499180139084,True,,4.0,additive_plus_film,additive_plus_film
additive_plus_film__g2__t4,2,4,110,provenance://crystalite/outputs/final report output/relaxed_groups/additive_plus_film__g2__t4/cifs/sample_00110.cif,True,True,True,True,1.5699656852495627,302.4805061129805,18.90503163206128,16,False,True,True,,,,False,,2.11296549894825,True,,4.0,additive_plus_film,additive_plus_film
additive_plus_film__g2__t4,2,4,111,provenance://crystalite/outputs/final report output/relaxed_groups/additive_plus_film__g2__t4/cifs/sample_00111.cif,True,True,True,True,1.7957943499019748,218.01972951854245,18.16831079321187,12,False,True,True,,,,False,,3.4713906539874437,True,,4.0,additive_plus_film,additive_plus_film
additive_plus_film__g2__t4,2,4,112,provenance://crystalite/outputs/final report output/relaxed_groups/additive_plus_film__g2__t4/cifs/sample_00112.cif,True,True,True,True,1.8805222583974253,111.98919639212414,11.198919639212416,10,False,True,True,,,,False,,4.9910166522970485,True,,4.0,additive_plus_film,additive_plus_film
additive_plus_film__g2__t4,2,4,113,provenance://crystalite/outputs/final report output/relaxed_groups/additive_plus_film__g2__t4/cifs/sample_00113.cif,True,True,True,True,2.8767579243128454,79.38394061615034,26.46131353871678,3,True,True,True,,,,False,,12.455223471031744,True,,4.0,additive_plus_film,additive_plus_film
additive_plus_film__g2__t4,2,4,114,provenance://crystalite/outputs/final report output/relaxed_groups/additive_plus_film__g2__t4/cifs/sample_00114.cif,True,True,True,True,1.8014406155346965,148.99992201570586,12.416660167975488,12,False,True,True,,,,False,,5.902360824758262,True,,4.0,additive_plus_film,additive_plus_film
additive_plus_film__g2__t4,2,4,115,provenance://crystalite/outputs/final report output/relaxed_groups/additive_plus_film__g2__t4/cifs/sample_00115.cif,True,True,True,True,1.95385088507134,92.87350011672386,11.609187514590484,8,False,True,True,,,,False,,14.999084715051271,True,,4.0,additive_plus_film,additive_plus_film
additive_plus_film__g2__t4,2,4,116,provenance://crystalite/outputs/final report output/relaxed_groups/additive_plus_film__g2__t4/cifs/sample_00116.cif,True,False,True,False,1.750205597656218,338.1591739048723,18.786620772492903,18,False,True,True,,,,False,,4.380365843453987,True,,4.0,additive_plus_film,additive_plus_film
additive_plus_film__g2__t4,2,4,117,provenance://crystalite/outputs/final report output/relaxed_groups/additive_plus_film__g2__t4/cifs/sample_00117.cif,True,True,True,True,2.7690641731556043,143.6220039722935,28.7244007944587,5,True,True,True,,,,False,,9.473946802796329,True,,4.0,additive_plus_film,additive_plus_film
additive_plus_film__g2__t4,2,4,118,provenance://crystalite/outputs/final report output/relaxed_groups/additive_plus_film__g2__t4/cifs/sample_00118.cif,True,True,True,True,2.4569755171776317,269.3052846408776,22.442107053406463,12,True,True,True,,,,False,,20.29497061676435,True,,4.0,additive_plus_film,additive_plus_film
additive_plus_film__g2__t4,2,4,119,provenance://crystalite/outputs/final report output/relaxed_groups/additive_plus_film__g2__t4/cifs/sample_00119.cif,True,True,True,True,2.2930895253300543,87.63557330717485,14.605928884529142,6,False,True,True,,,,False,,8.210280970399674,True,,4.0,additive_plus_film,additive_plus_film
additive_plus_film__g2__t4,2,4,120,provenance://crystalite/outputs/final report output/relaxed_groups/additive_plus_film__g2__t4/cifs/sample_00120.cif,True,True,True,True,2.364072394215252,118.85918273988486,19.80986378998081,6,True,True,True,,,,False,,15.076909721890658,True,,4.0,additive_plus_film,additive_plus_film
additive_plus_film__g2__t4,2,4,121,provenance://crystalite/outputs/final report output/relaxed_groups/additive_plus_film__g2__t4/cifs/sample_00121.cif,True,False,True,False,2.398339650461158,197.93053547288693,24.741316934110863,8,False,True,True,,,,False,,4.0446768406637,True,,4.0,additive_plus_film,additive_plus_film
additive_plus_film__g2__t4,2,4,122,provenance://crystalite/outputs/final report output/relaxed_groups/additive_plus_film__g2__t4/cifs/sample_00122.cif,True,True,True,True,0.990357871000007,37.15746104305134,12.38582034768378,3,False,True,True,,,,False,,3.052629060568506,True,,4.0,additive_plus_film,additive_plus_film
additive_plus_film__g2__t4,2,4,123,provenance://crystalite/outputs/final report output/relaxed_groups/additive_plus_film__g2__t4/cifs/sample_00123.cif,True,True,True,True,1.819206247930692,371.55433340926487,18.577716670463243,20,False,True,True,,,,False,,2.234894464152353,True,,4.0,additive_plus_film,additive_plus_film
additive_plus_film__g2__t4,2,4,124,provenance://crystalite/outputs/final report output/relaxed_groups/additive_plus_film__g2__t4/cifs/sample_00124.cif,True,True,True,True,0.9731971182479804,49.31663530659593,9.863327061319186,5,False,True,True,,,,False,,1.8500688133632133,True,,4.0,additive_plus_film,additive_plus_film
additive_plus_film__g2__t4,2,4,125,provenance://crystalite/outputs/final report output/relaxed_groups/additive_plus_film__g2__t4/cifs/sample_00125.cif,True,True,True,True,1.7378050401428538,208.56929721187217,18.960845201079287,11,False,True,True,,,,False,,2.8753134478077804,True,,4.0,additive_plus_film,additive_plus_film
additive_plus_film__g2__t4,2,4,126,provenance://crystalite/outputs/final report output/relaxed_groups/additive_plus_film__g2__t4/cifs/sample_00126.cif,True,True,True,True,2.087906196798959,255.0273135731229,25.50273135731229,10,False,True,True,,,,False,,3.936551241600221,True,,4.0,additive_plus_film,additive_plus_film
additive_plus_film__g2__t4,2,4,127,provenance://crystalite/outputs/final report output/relaxed_groups/additive_plus_film__g2__t4/cifs/sample_00127.cif,True,True,True,True,1.7000943114043918,224.913857838346,14.057116114896626,16,False,True,True,,,,False,,2.530084806586184,True,,4.0,additive_plus_film,additive_plus_film
additive_plus_film__g2__t8,2,8,0,provenance://crystalite/outputs/final report output/relaxed_groups/additive_plus_film__g2__t8/cifs/sample_00000.cif,True,True,True,True,2.499509071236431,267.08528911988043,26.708528911988044,10,False,True,True,,,,False,,8.94860285477101,True,,8.0,additive_plus_film,additive_plus_film
additive_plus_film__g2__t8,2,8,1,provenance://crystalite/outputs/final report output/relaxed_groups/additive_plus_film__g2__t8/cifs/sample_00001.cif,True,True,True,True,4.143367527900841,110.00536591716607,55.00268295858304,2,True,True,True,,,,False,,5.26898153153553,True,,8.0,additive_plus_film,additive_plus_film
additive_plus_film__g2__t8,2,8,2,provenance://crystalite/outputs/final report output/relaxed_groups/additive_plus_film__g2__t8/cifs/sample_00002.cif,True,True,True,True,2.1290423116281545,264.693993420011,22.057832785000915,12,False,True,True,,,,False,,7.790920870806386,True,,8.0,additive_plus_film,additive_plus_film
additive_plus_film__g2__t8,2,8,3,provenance://crystalite/outputs/final report output/relaxed_groups/additive_plus_film__g2__t8/cifs/sample_00003.cif,True,True,True,True,2.372132338146739,149.9609758993031,29.99219517986061,5,False,True,True,,,,False,,6.182812264620445,True,,8.0,additive_plus_film,additive_plus_film
additive_plus_film__g2__t8,2,8,4,provenance://crystalite/outputs/final report output/relaxed_groups/additive_plus_film__g2__t8/cifs/sample_00004.cif,True,True,True,True,2.2237298686872533,157.11912167295873,14.28355651572352,11,False,True,True,,,,False,,5.2487295935356215,True,,8.0,additive_plus_film,additive_plus_film
additive_plus_film__g2__t8,2,8,5,provenance://crystalite/outputs/final report output/relaxed_groups/additive_plus_film__g2__t8/cifs/sample_00005.cif,True,True,True,True,2.020622779230481,243.15651762302008,20.263043135251674,12,False,True,True,,,,False,,6.822722796828843,True,,8.0,additive_plus_film,additive_plus_film
additive_plus_film__g2__t8,2,8,6,provenance://crystalite/outputs/final report output/relaxed_groups/additive_plus_film__g2__t8/cifs/sample_00006.cif,True,True,True,True,2.7605284078596304,375.1590854831544,28.858391191011872,13,True,True,True,,,,False,,18.78697321686372,True,,8.0,additive_plus_film,additive_plus_film
additive_plus_film__g2__t8,2,8,7,provenance://crystalite/outputs/final report output/relaxed_groups/additive_plus_film__g2__t8/cifs/sample_00007.cif,True,False,True,False,1.966685575817539,336.91104000169054,28.07592000014088,12,False,True,True,,,,False,,15.437719696456623,True,,8.0,additive_plus_film,additive_plus_film
additive_plus_film__g2__t8,2,8,8,provenance://crystalite/outputs/final report output/relaxed_groups/additive_plus_film__g2__t8/cifs/sample_00008.cif,True,True,True,True,0.5470150115933158,392.9741458052535,19.648707290262674,20,False,True,True,,,,False,,5.3982393040521375,True,,8.0,additive_plus_film,additive_plus_film
additive_plus_film__g2__t8,2,8,9,provenance://crystalite/outputs/final report output/relaxed_groups/additive_plus_film__g2__t8/cifs/sample_00009.cif,True,True,True,True,3.223687619782869,109.14848143825854,27.28712035956464,4,True,True,True,,,,False,,14.448694841533174,True,,8.0,additive_plus_film,additive_plus_film
additive_plus_film__g2__t8,2,8,10,provenance://crystalite/outputs/final report output/relaxed_groups/additive_plus_film__g2__t8/cifs/sample_00010.cif,True,True,True,True,2.2944870524070606,673.2524385822123,37.40291325456735,18,False,True,True,,,,False,,3.276147258278731,True,,8.0,additive_plus_film,additive_plus_film
additive_plus_film__g2__t8,2,8,11,provenance://crystalite/outputs/final report output/relaxed_groups/additive_plus_film__g2__t8/cifs/sample_00011.cif,True,True,True,True,3.056231725591544,207.39026734116493,41.478053468232986,5,True,True,True,,,,False,,8.09612091291006,True,,8.0,additive_plus_film,additive_plus_film
additive_plus_film__g2__t8,2,8,12,provenance://crystalite/outputs/final report output/relaxed_groups/additive_plus_film__g2__t8/cifs/sample_00012.cif,True,True,True,True,2.5632591831969425,244.3942137130695,34.91345910186707,7,False,True,True,,,,False,,6.294002399400253,True,,8.0,additive_plus_film,additive_plus_film
additive_plus_film__g2__t8,2,8,13,provenance://crystalite/outputs/final report output/relaxed_groups/additive_plus_film__g2__t8/cifs/sample_00013.cif,True,True,True,True,2.7164789300621943,333.13272090868804,41.641590113586005,8,False,True,True,,,,False,,16.415872890097884,True,,8.0,additive_plus_film,additive_plus_film
additive_plus_film__g2__t8,2,8,14,provenance://crystalite/outputs/final report output/relaxed_groups/additive_plus_film__g2__t8/cifs/sample_00014.cif,True,True,True,True,2.332014612856969,202.8401786731999,28.977168381885697,7,False,True,True,,,,False,,9.670488657749656,True,,8.0,additive_plus_film,additive_plus_film
additive_plus_film__g2__t8,2,8,15,provenance://crystalite/outputs/final report output/relaxed_groups/additive_plus_film__g2__t8/cifs/sample_00015.cif,True,True,True,True,1.8712861425782208,170.6622266849882,17.06622266849882,10,False,True,True,,,,False,,4.258450128812034,True,,8.0,additive_plus_film,additive_plus_film
additive_plus_film__g2__t8,2,8,16,provenance://crystalite/outputs/final report output/relaxed_groups/additive_plus_film__g2__t8/cifs/sample_00016.cif,True,True,True,True,2.428515767932516,337.3424259778863,21.08390162361789,16,False,True,True,,,,False,,25.645919899491464,True,,8.0,additive_plus_film,additive_plus_film
additive_plus_film__g2__t8,2,8,17,provenance://crystalite/outputs/final report output/relaxed_groups/additive_plus_film__g2__t8/cifs/sample_00017.cif,True,True,True,True,2.5248864381215883,201.92411085765303,22.436012317517008,9,True,True,True,,,,False,,15.435199987634531,True,,8.0,additive_plus_film,additive_plus_film
additive_plus_film__g2__t8,2,8,18,provenance://crystalite/outputs/final report output/relaxed_groups/additive_plus_film__g2__t8/cifs/sample_00018.cif,True,True,True,True,2.830327461377687,384.2045454880137,29.554195806770284,13,False,True,True,,,,False,,14.49940155360455,True,,8.0,additive_plus_film,additive_plus_film
additive_plus_film__g2__t8,2,8,19,provenance://crystalite/outputs/final report output/relaxed_groups/additive_plus_film__g2__t8/cifs/sample_00019.cif,True,True,True,True,3.7201059229750473,391.7537650978709,55.96482358541014,7,True,True,True,,,,False,,5.4727882992206505,True,,8.0,additive_plus_film,additive_plus_film
additive_plus_film__g2__t8,2,8,20,provenance://crystalite/outputs/final report output/relaxed_groups/additive_plus_film__g2__t8/cifs/sample_00020.cif,True,True,True,True,2.549524457306314,243.95573532610845,30.49446691576356,8,False,True,True,,,,False,,9.677980602292283,True,,8.0,additive_plus_film,additive_plus_film
additive_plus_film__g2__t8,2,8,21,provenance://crystalite/outputs/final report output/relaxed_groups/additive_plus_film__g2__t8/cifs/sample_00021.cif,True,True,True,True,2.0870097845136644,326.09812357544416,23.292723112531725,14,False,True,True,,,,False,,5.551358071778927,True,,8.0,additive_plus_film,additive_plus_film
additive_plus_film__g2__t8,2,8,22,provenance://crystalite/outputs/final report output/relaxed_groups/additive_plus_film__g2__t8/cifs/sample_00022.cif,True,True,True,True,2.07570100791993,475.7261013024996,33.9804358073214,14,False,True,True,,,,False,,5.03888203703977,True,,8.0,additive_plus_film,additive_plus_film
additive_plus_film__g2__t8,2,8,23,provenance://crystalite/outputs/final report output/relaxed_groups/additive_plus_film__g2__t8/cifs/sample_00023.cif,True,True,True,True,0.581763396576581,206.73734444020545,20.673734444020543,10,False,True,True,,,,False,,3.2297869709452995,True,,8.0,additive_plus_film,additive_plus_film
additive_plus_film__g2__t8,2,8,24,provenance://crystalite/outputs/final report output/relaxed_groups/additive_plus_film__g2__t8/cifs/sample_00024.cif,True,True,True,True,1.1350990238300531,126.98658175248087,10.582215146040072,12,False,True,True,,,,False,,5.151442612265432,True,,8.0,additive_plus_film,additive_plus_film
additive_plus_film__g2__t8,2,8,25,provenance://crystalite/outputs/final report output/relaxed_groups/additive_plus_film__g2__t8/cifs/sample_00025.cif,True,True,True,True,2.038284801143422,234.33188127641205,23.43318812764121,10,False,True,True,,,,False,,9.475717282476989,True,,8.0,additive_plus_film,additive_plus_film
additive_plus_film__g2__t8,2,8,26,provenance://crystalite/outputs/final report output/relaxed_groups/additive_plus_film__g2__t8/cifs/sample_00026.cif,True,False,True,False,1.4265089494109326,239.36734500668743,11.968367250334373,20,False,True,True,,,,False,,4.09534339252718,True,,8.0,additive_plus_film,additive_plus_film
additive_plus_film__g2__t8,2,8,27,provenance://crystalite/outputs/final report output/relaxed_groups/additive_plus_film__g2__t8/cifs/sample_00027.cif,True,True,True,True,2.776285980453933,630.3076758939109,52.52563965782591,12,False,True,True,,,,False,,5.496454108125234,True,,8.0,additive_plus_film,additive_plus_film
additive_plus_film__g2__t8,2,8,28,provenance://crystalite/outputs/final report output/relaxed_groups/additive_plus_film__g2__t8/cifs/sample_00028.cif,True,True,True,True,2.161200393601006,294.3871464701778,24.532262205848152,12,False,True,True,,,,False,,7.970586495050905,True,,8.0,additive_plus_film,additive_plus_film
additive_plus_film__g2__t8,2,8,29,provenance://crystalite/outputs/final report output/relaxed_groups/additive_plus_film__g2__t8/cifs/sample_00029.cif,True,True,True,True,2.740145183336907,216.196015590137,27.024501948767124,8,False,True,True,,,,False,,10.404632607316222,True,,8.0,additive_plus_film,additive_plus_film
additive_plus_film__g2__t8,2,8,30,provenance://crystalite/outputs/final report output/relaxed_groups/additive_plus_film__g2__t8/cifs/sample_00030.cif,True,True,True,True,2.7639959102245,567.5318119137743,40.53798656526959,14,False,True,True,,,,False,,8.16331159912457,True,,8.0,additive_plus_film,additive_plus_film
additive_plus_film__g2__t8,2,8,31,provenance://crystalite/outputs/final report output/relaxed_groups/additive_plus_film__g2__t8/cifs/sample_00031.cif,True,True,True,True,1.855504125214994,264.1742918040876,33.02178647551095,8,False,True,True,,,,False,,6.067704552803986,True,,8.0,additive_plus_film,additive_plus_film
additive_plus_film__g2__t8,2,8,32,provenance://crystalite/outputs/final report output/relaxed_groups/additive_plus_film__g2__t8/cifs/sample_00032.cif,True,False,True,False,2.2716565154593376,169.364079283466,16.9364079283466,10,False,True,True,,,,False,,4.488495945860032,True,,8.0,additive_plus_film,additive_plus_film
additive_plus_film__g2__t8,2,8,33,provenance://crystalite/outputs/final report output/relaxed_groups/additive_plus_film__g2__t8/cifs/sample_00033.cif,True,True,True,True,3.4509464785350423,130.73938221831074,32.684845554577684,4,True,True,True,,,,False,,11.25888131352332,True,,8.0,additive_plus_film,additive_plus_film
additive_plus_film__g2__t8,2,8,34,provenance://crystalite/outputs/final report output/relaxed_groups/additive_plus_film__g2__t8/cifs/sample_00034.cif,True,True,True,True,1.9978764124195425,86.85178922826468,17.370357845652936,5,False,True,True,,,,False,,5.860520641435127,True,,8.0,additive_plus_film,additive_plus_film
additive_plus_film__g2__t8,2,8,35,provenance://crystalite/outputs/final report output/relaxed_groups/additive_plus_film__g2__t8/cifs/sample_00035.cif,True,False,True,False,2.07906359140074,230.2677336372374,19.18897780310312,12,False,True,True,,,,False,,5.9751040340347,True,,8.0,additive_plus_film,additive_plus_film
additive_plus_film__g2__t8,2,8,36,provenance://crystalite/outputs/final report output/relaxed_groups/additive_plus_film__g2__t8/cifs/sample_00036.cif,True,True,True,True,2.4699345790750784,152.95626121927847,25.49271020321308,6,True,True,True,,,,False,,19.254105766400947,True,,8.0,additive_plus_film,additive_plus_film
additive_plus_film__g2__t8,2,8,37,provenance://crystalite/outputs/final report output/relaxed_groups/additive_plus_film__g2__t8/cifs/sample_00037.cif,True,True,True,True,1.9422546725986165,186.5193860970113,13.322813292643664,14,False,True,True,,,,False,,13.453026326974234,True,,8.0,additive_plus_film,additive_plus_film
additive_plus_film__g2__t8,2,8,38,provenance://crystalite/outputs/final report output/relaxed_groups/additive_plus_film__g2__t8/cifs/sample_00038.cif,True,True,True,True,1.065237087902873,630.3740420289362,45.02671728778115,14,False,True,True,,,,False,,6.904800163789687,True,,8.0,additive_plus_film,additive_plus_film
additive_plus_film__g2__t8,2,8,39,provenance://crystalite/outputs/final report output/relaxed_groups/additive_plus_film__g2__t8/cifs/sample_00039.cif,True,True,True,True,1.4800399950092276,247.8716401292923,15.491977508080767,16,False,True,True,,,,False,,4.324606407021475,True,,8.0,additive_plus_film,additive_plus_film
additive_plus_film__g2__t8,2,8,40,provenance://crystalite/outputs/final report output/relaxed_groups/additive_plus_film__g2__t8/cifs/sample_00040.cif,True,True,True,True,0.9858043354772577,243.4262705128528,13.52368169515849,18,False,True,True,,,,False,,5.427411999310896,True,,8.0,additive_plus_film,additive_plus_film
additive_plus_film__g2__t8,2,8,41,provenance://crystalite/outputs/final report output/relaxed_groups/additive_plus_film__g2__t8/cifs/sample_00041.cif,True,False,True,False,0.974055485359526,144.69275631072605,9.043297269420377,16,False,True,True,,,,False,,2.257255303681618,True,,8.0,additive_plus_film,additive_plus_film
additive_plus_film__g2__t8,2,8,42,provenance://crystalite/outputs/final report output/relaxed_groups/additive_plus_film__g2__t8/cifs/sample_00042.cif,True,True,True,True,1.666027544214889,277.7843146765156,17.361519667282224,16,False,True,True,,,,False,,3.9854972856904527,True,,8.0,additive_plus_film,additive_plus_film
additive_plus_film__g2__t8,2,8,43,provenance://crystalite/outputs/final report output/relaxed_groups/additive_plus_film__g2__t8/cifs/sample_00043.cif,True,True,True,True,1.9145754640616084,174.69812408117707,14.558177006764756,12,False,True,True,,,,False,,4.885409589364053,True,,8.0,additive_plus_film,additive_plus_film
additive_plus_film__g2__t8,2,8,44,provenance://crystalite/outputs/final report output/relaxed_groups/additive_plus_film__g2__t8/cifs/sample_00044.cif,True,False,True,False,2.7237548979901955,186.95916187436083,26.70845169633726,7,False,True,True,,,,False,,11.18232560818168,True,,8.0,additive_plus_film,additive_plus_film
additive_plus_film__g2__t8,2,8,45,provenance://crystalite/outputs/final report output/relaxed_groups/additive_plus_film__g2__t8/cifs/sample_00045.cif,True,True,True,True,2.0586311690660533,740.843601391436,37.0421800695718,20,False,True,True,,,,False,,5.223009174630853,True,,8.0,additive_plus_film,additive_plus_film
additive_plus_film__g2__t8,2,8,46,provenance://crystalite/outputs/final report output/relaxed_groups/additive_plus_film__g2__t8/cifs/sample_00046.cif,True,True,True,True,2.833665910291404,282.747523223169,35.34344040289613,8,False,True,True,,,,False,,4.958078434753467,True,,8.0,additive_plus_film,additive_plus_film
additive_plus_film__g2__t8,2,8,47,provenance://crystalite/outputs/final report output/relaxed_groups/additive_plus_film__g2__t8/cifs/sample_00047.cif,True,True,True,True,1.8976674194629737,216.8547293171276,21.68547293171276,10,False,True,True,,,,False,,6.313694218762407,True,,8.0,additive_plus_film,additive_plus_film
additive_plus_film__g2__t8,2,8,48,provenance://crystalite/outputs/final report output/relaxed_groups/additive_plus_film__g2__t8/cifs/sample_00048.cif,True,False,True,False,2.829947227596141,962.5010149986692,48.125050749933465,20,False,True,True,,,,False,,7.973935260542401,True,,8.0,additive_plus_film,additive_plus_film
additive_plus_film__g2__t8,2,8,49,provenance://crystalite/outputs/final report output/relaxed_groups/additive_plus_film__g2__t8/cifs/sample_00049.cif,True,True,True,True,2.044235305045762,129.383494990855,16.172936873856877,8,False,True,True,,,,False,,6.270727462532787,True,,8.0,additive_plus_film,additive_plus_film
additive_plus_film__g2__t8,2,8,50,provenance://crystalite/outputs/final report output/relaxed_groups/additive_plus_film__g2__t8/cifs/sample_00050.cif,True,True,True,True,2.832011088866277,139.53398152815842,34.883495382039605,4,True,True,True,,,,False,,9.522007533348294,True,,8.0,additive_plus_film,additive_plus_film
additive_plus_film__g2__t8,2,8,51,provenance://crystalite/outputs/final report output/relaxed_groups/additive_plus_film__g2__t8/cifs/sample_00051.cif,True,True,True,True,2.2101924650072253,211.13914777017428,23.459905307797143,9,False,True,True,,,,False,,10.743281027295616,True,,8.0,additive_plus_film,additive_plus_film
additive_plus_film__g2__t8,2,8,52,provenance://crystalite/outputs/final report output/relaxed_groups/additive_plus_film__g2__t8/cifs/sample_00052.cif,True,True,True,True,3.3541856542396933,119.80942142932886,29.952355357332216,4,True,True,True,,,,False,,13.23180522157972,True,,8.0,additive_plus_film,additive_plus_film
additive_plus_film__g2__t8,2,8,53,provenance://crystalite/outputs/final report output/relaxed_groups/additive_plus_film__g2__t8/cifs/sample_00053.cif,True,True,True,True,2.5526530189081083,159.59918173572032,19.94989771696504,8,True,True,True,,,,False,,17.34535728945102,True,,8.0,additive_plus_film,additive_plus_film
additive_plus_film__g2__t8,2,8,54,provenance://crystalite/outputs/final report output/relaxed_groups/additive_plus_film__g2__t8/cifs/sample_00054.cif,True,True,True,True,1.4843420444987176,522.6018159410289,26.130090797051444,20,False,True,True,,,,False,,5.325920651096026,True,,8.0,additive_plus_film,additive_plus_film
additive_plus_film__g2__t8,2,8,55,provenance://crystalite/outputs/final report output/relaxed_groups/additive_plus_film__g2__t8/cifs/sample_00055.cif,True,False,True,False,1.4658642487897189,316.228852119934,17.568269562218557,18,False,True,True,,,,False,,2.9496775535233906,True,,8.0,additive_plus_film,additive_plus_film
additive_plus_film__g2__t8,2,8,56,provenance://crystalite/outputs/final report output/relaxed_groups/additive_plus_film__g2__t8/cifs/sample_00056.cif,True,True,True,True,3.4499325440154966,133.6819399349351,33.42048498373377,4,True,True,True,,,,False,,10.165827086061997,True,,8.0,additive_plus_film,additive_plus_film
additive_plus_film__g2__t8,2,8,57,provenance://crystalite/outputs/final report output/relaxed_groups/additive_plus_film__g2__t8/cifs/sample_00057.cif,True,True,True,True,2.496384462739559,153.98614354499273,19.24826794312409,8,True,True,True,,,,False,,22.131578579990403,True,,8.0,additive_plus_film,additive_plus_film
additive_plus_film__g2__t8,2,8,58,provenance://crystalite/outputs/final report output/relaxed_groups/additive_plus_film__g2__t8/cifs/sample_00058.cif,True,True,True,True,1.7049928285886404,266.1085955574152,13.305429777870756,20,False,True,True,,,,False,,3.358790104249144,True,,8.0,additive_plus_film,additive_plus_film
additive_plus_film__g2__t8,2,8,59,provenance://crystalite/outputs/final report output/relaxed_groups/additive_plus_film__g2__t8/cifs/sample_00059.cif,True,True,True,True,1.8709213329329848,200.262744848855,22.25141609431722,9,False,True,True,,,,False,,6.803409543306802,True,,8.0,additive_plus_film,additive_plus_film
additive_plus_film__g2__t8,2,8,60,provenance://crystalite/outputs/final report output/relaxed_groups/additive_plus_film__g2__t8/cifs/sample_00060.cif,True,True,True,True,2.2320059872849627,345.84167574741053,21.61510473421316,16,False,True,True,,,,False,,12.935958432247292,True,,8.0,additive_plus_film,additive_plus_film
additive_plus_film__g2__t8,2,8,62,provenance://crystalite/outputs/final report output/relaxed_groups/additive_plus_film__g2__t8/cifs/sample_00062.cif,True,True,True,True,2.4274831407648616,311.5655599918143,19.472847499488395,16,True,True,True,,,,False,,19.943953272689903,True,,8.0,additive_plus_film,additive_plus_film
additive_plus_film__g2__t8,2,8,63,provenance://crystalite/outputs/final report output/relaxed_groups/additive_plus_film__g2__t8/cifs/sample_00063.cif,True,True,True,True,0.5598887862380102,228.8798483469693,14.304990521685582,16,False,True,True,,,,False,,4.8131974510349815,True,,8.0,additive_plus_film,additive_plus_film
additive_plus_film__g2__t8,2,8,64,provenance://crystalite/outputs/final report output/relaxed_groups/additive_plus_film__g2__t8/cifs/sample_00064.cif,True,True,True,True,3.146589221550883,182.90419816785015,30.48403302797503,6,True,True,True,,,,False,,5.423809740263987,True,,8.0,additive_plus_film,additive_plus_film
additive_plus_film__g2__t8,2,8,65,provenance://crystalite/outputs/final report output/relaxed_groups/additive_plus_film__g2__t8/cifs/sample_00065.cif,True,False,True,False,1.6809333303161649,137.6626244421625,13.766262444216247,10,False,True,True,,,,False,,8.151957669733262,True,,8.0,additive_plus_film,additive_plus_film
additive_plus_film__g2__t8,2,8,66,provenance://crystalite/outputs/final report output/relaxed_groups/additive_plus_film__g2__t8/cifs/sample_00066.cif,True,True,True,True,3.458819884933959,103.90512531505,34.63504177168333,3,True,True,True,,,,False,,12.536106063054916,True,,8.0,additive_plus_film,additive_plus_film
additive_plus_film__g2__t8,2,8,67,provenance://crystalite/outputs/final report output/relaxed_groups/additive_plus_film__g2__t8/cifs/sample_00067.cif,True,True,True,True,3.0103297004743284,100.3732392491852,33.45774641639506,3,False,True,True,,,,False,,8.951783038328868,True,,8.0,additive_plus_film,additive_plus_film
additive_plus_film__g2__t8,2,8,68,provenance://crystalite/outputs/final report output/relaxed_groups/additive_plus_film__g2__t8/cifs/sample_00068.cif,True,False,True,False,0.9569599600929868,725.9153731616776,45.36971082260485,16,False,True,True,,,,False,,6.072933372046067,True,,8.0,additive_plus_film,additive_plus_film
additive_plus_film__g2__t8,2,8,69,provenance://crystalite/outputs/final report output/relaxed_groups/additive_plus_film__g2__t8/cifs/sample_00069.cif,True,False,True,False,2.339485703530237,181.2750349093468,18.12750349093468,10,False,True,True,,,,False,,16.3626281432694,True,,8.0,additive_plus_film,additive_plus_film
additive_plus_film__g2__t8,2,8,70,provenance://crystalite/outputs/final report output/relaxed_groups/additive_plus_film__g2__t8/cifs/sample_00070.cif,True,True,True,True,3.0168720933487863,86.62732657523065,28.87577552507689,3,True,True,True,,,,False,,18.80989587261567,True,,8.0,additive_plus_film,additive_plus_film
additive_plus_film__g2__t8,2,8,71,provenance://crystalite/outputs/final report output/relaxed_groups/additive_plus_film__g2__t8/cifs/sample_00071.cif,True,True,True,True,2.17349833467606,67.53137326977017,11.255228878295028,6,False,True,True,,,,False,,6.21409972021599,True,,8.0,additive_plus_film,additive_plus_film
additive_plus_film__g2__t8,2,8,72,provenance://crystalite/outputs/final report output/relaxed_groups/additive_plus_film__g2__t8/cifs/sample_00072.cif,True,False,True,False,2.04956502430039,284.9029189128241,21.915609147140312,13,False,True,True,,,,False,,8.31801543198011,True,,8.0,additive_plus_film,additive_plus_film
additive_plus_film__g2__t8,2,8,73,provenance://crystalite/outputs/final report output/relaxed_groups/additive_plus_film__g2__t8/cifs/sample_00073.cif,True,True,True,True,1.927611063313508,226.7367381391488,18.8947281782624,12,False,True,True,,,,False,,5.980615364019712,True,,8.0,additive_plus_film,additive_plus_film
additive_plus_film__g2__t8,2,8,74,provenance://crystalite/outputs/final report output/relaxed_groups/additive_plus_film__g2__t8/cifs/sample_00074.cif,True,True,True,True,3.162635558103021,93.44275788880071,31.14758596293357,3,True,True,True,,,,False,,11.988702081723218,True,,8.0,additive_plus_film,additive_plus_film
additive_plus_film__g2__t8,2,8,75,provenance://crystalite/outputs/final report output/relaxed_groups/additive_plus_film__g2__t8/cifs/sample_00075.cif,True,False,True,False,2.263207637622962,343.4018040923482,34.34018040923482,10,False,True,True,,,,False,,11.635789551317664,True,,8.0,additive_plus_film,additive_plus_film
additive_plus_film__g2__t8,2,8,76,provenance://crystalite/outputs/final report output/relaxed_groups/additive_plus_film__g2__t8/cifs/sample_00076.cif,True,True,True,True,2.7220872582793265,251.1120157997265,31.389001974965808,8,False,True,True,,,,False,,10.900914259613565,True,,8.0,additive_plus_film,additive_plus_film
additive_plus_film__g2__t8,2,8,77,provenance://crystalite/outputs/final report output/relaxed_groups/additive_plus_film__g2__t8/cifs/sample_00077.cif,True,True,True,True,1.8447185456429205,150.55293700966885,12.54607808413907,12,False,True,True,,,,False,,5.997535338650283,True,,8.0,additive_plus_film,additive_plus_film
additive_plus_film__g2__t8,2,8,78,provenance://crystalite/outputs/final report output/relaxed_groups/additive_plus_film__g2__t8/cifs/sample_00078.cif,True,True,True,True,2.0940948135057926,300.73444744577074,25.06120395381423,12,False,True,True,,,,False,,8.896917268727625,True,,8.0,additive_plus_film,additive_plus_film
additive_plus_film__g2__t8,2,8,79,provenance://crystalite/outputs/final report output/relaxed_groups/additive_plus_film__g2__t8/cifs/sample_00079.cif,True,True,True,True,2.717594038779601,695.7096220261285,69.57096220261285,10,False,True,True,,,,False,,3.696152865699253,True,,8.0,additive_plus_film,additive_plus_film
additive_plus_film__g2__t8,2,8,80,provenance://crystalite/outputs/final report output/relaxed_groups/additive_plus_film__g2__t8/cifs/sample_00080.cif,True,True,True,True,1.774714093640701,240.31738246721545,13.35096569262308,18,False,True,True,,,,False,,5.709662490186659,True,,8.0,additive_plus_film,additive_plus_film
additive_plus_film__g2__t8,2,8,81,provenance://crystalite/outputs/final report output/relaxed_groups/additive_plus_film__g2__t8/cifs/sample_00081.cif,True,False,True,False,2.342105178937622,138.28353272423124,23.047255454038535,6,False,True,True,,,,False,,7.668204737611082,True,,8.0,additive_plus_film,additive_plus_film
additive_plus_film__g2__t8,2,8,82,provenance://crystalite/outputs/final report output/relaxed_groups/additive_plus_film__g2__t8/cifs/sample_00082.cif,True,True,True,True,2.250227328652175,179.42883696420952,17.942883696420953,10,False,True,True,,,,False,,6.15988259869997,True,,8.0,additive_plus_film,additive_plus_film
additive_plus_film__g2__t8,2,8,83,provenance://crystalite/outputs/final report output/relaxed_groups/additive_plus_film__g2__t8/cifs/sample_00083.cif,True,True,True,True,1.7178061953956618,182.88398436782356,15.24033203065196,12,False,True,True,,,,False,,2.8265844344803,True,,8.0,additive_plus_film,additive_plus_film
additive_plus_film__g2__t8,2,8,86,provenance://crystalite/outputs/final report output/relaxed_groups/additive_plus_film__g2__t8/cifs/sample_00086.cif,True,True,True,True,2.011619050709182,485.41975635939343,24.270987817969672,20,False,True,True,,,,False,,8.706360276123432,True,,8.0,additive_plus_film,additive_plus_film
additive_plus_film__g2__t8,2,8,87,provenance://crystalite/outputs/final report output/relaxed_groups/additive_plus_film__g2__t8/cifs/sample_00087.cif,True,False,True,False,2.13476036406683,240.888669115751,30.11108363946888,8,False,True,True,,,,False,,1.866799103492208,True,,8.0,additive_plus_film,additive_plus_film
additive_plus_film__g2__t8,2,8,88,provenance://crystalite/outputs/final report output/relaxed_groups/additive_plus_film__g2__t8/cifs/sample_00088.cif,True,True,True,True,3.2301575617057905,233.9961087656741,38.99935146094569,6,False,True,True,,,,False,,6.8033565404868215,True,,8.0,additive_plus_film,additive_plus_film
additive_plus_film__g2__t8,2,8,89,provenance://crystalite/outputs/final report output/relaxed_groups/additive_plus_film__g2__t8/cifs/sample_00089.cif,True,True,True,True,1.463489484495715,196.57946086946615,16.38162173912218,12,False,True,True,,,,False,,11.28128593049808,True,,8.0,additive_plus_film,additive_plus_film
additive_plus_film__g2__t8,2,8,90,provenance://crystalite/outputs/final report output/relaxed_groups/additive_plus_film__g2__t8/cifs/sample_00090.cif,True,False,True,False,2.05421244039308,286.01717994678046,17.87607374667378,16,False,True,True,,,,False,,11.596867694929692,True,,8.0,additive_plus_film,additive_plus_film
additive_plus_film__g2__t8,2,8,91,provenance://crystalite/outputs/final report output/relaxed_groups/additive_plus_film__g2__t8/cifs/sample_00091.cif,True,True,True,True,1.8735590335357133,267.2943459504033,22.274528829200275,12,False,True,True,,,,False,,5.190318141299339,True,,8.0,additive_plus_film,additive_plus_film
additive_plus_film__g2__t8,2,8,92,provenance://crystalite/outputs/final report output/relaxed_groups/additive_plus_film__g2__t8/cifs/sample_00092.cif,True,False,True,False,1.986877450541754,590.8585705882715,29.542928529413576,20,False,True,True,,,,False,,3.650267226390511,True,,8.0,additive_plus_film,additive_plus_film
additive_plus_film__g2__t8,2,8,93,provenance://crystalite/outputs/final report output/relaxed_groups/additive_plus_film__g2__t8/cifs/sample_00093.cif,True,True,True,True,2.3180790155755475,571.9507579560217,40.85362556828726,14,False,True,True,,,,False,,2.5061147802143746,True,,8.0,additive_plus_film,additive_plus_film
additive_plus_film__g2__t8,2,8,94,provenance://crystalite/outputs/final report output/relaxed_groups/additive_plus_film__g2__t8/cifs/sample_00094.cif,True,False,True,False,1.6305543927605772,306.76682758316053,17.042601532397807,18,False,True,True,,,,False,,2.889446675568225,True,,8.0,additive_plus_film,additive_plus_film
additive_plus_film__g2__t8,2,8,95,provenance://crystalite/outputs/final report output/relaxed_groups/additive_plus_film__g2__t8/cifs/sample_00095.cif,True,True,True,True,2.8540826665898766,491.11287726954345,37.777913636118726,13,True,True,True,,,,False,,11.06565125462508,True,,8.0,additive_plus_film,additive_plus_film
additive_plus_film__g2__t8,2,8,96,provenance://crystalite/outputs/final report output/relaxed_groups/additive_plus_film__g2__t8/cifs/sample_00096.cif,True,True,True,True,2.439445476898149,234.93234753496685,19.577695627913904,12,True,True,True,,,,False,,21.932916370305392,True,,8.0,additive_plus_film,additive_plus_film
additive_plus_film__g2__t8,2,8,97,provenance://crystalite/outputs/final report output/relaxed_groups/additive_plus_film__g2__t8/cifs/sample_00097.cif,True,True,True,True,2.2325921262055277,321.95510477143904,16.945005514286265,19,False,True,True,,,,False,,7.053717341070112,True,,8.0,additive_plus_film,additive_plus_film
additive_plus_film__g2__t8,2,8,98,provenance://crystalite/outputs/final report output/relaxed_groups/additive_plus_film__g2__t8/cifs/sample_00098.cif,True,False,True,False,2.437543823347601,231.97444322681923,28.996805403352404,8,False,True,True,,,,False,,11.30828069428742,True,,8.0,additive_plus_film,additive_plus_film
additive_plus_film__g2__t8,2,8,99,provenance://crystalite/outputs/final report output/relaxed_groups/additive_plus_film__g2__t8/cifs/sample_00099.cif,True,True,True,True,2.1188214760860613,211.344918740051,21.1344918740051,10,False,True,True,,,,False,,4.694762530245407,True,,8.0,additive_plus_film,additive_plus_film
additive_plus_film__g2__t8,2,8,100,provenance://crystalite/outputs/final report output/relaxed_groups/additive_plus_film__g2__t8/cifs/sample_00100.cif,True,False,True,False,2.210278238670193,457.6233229390844,25.423517941060243,18,False,True,True,,,,False,,15.140770930181162,True,,8.0,additive_plus_film,additive_plus_film
additive_plus_film__g2__t8,2,8,101,provenance://crystalite/outputs/final report output/relaxed_groups/additive_plus_film__g2__t8/cifs/sample_00101.cif,True,True,True,True,2.582310701507476,141.01624304733613,17.627030380917017,8,False,True,True,,,,False,,5.701208862537004,True,,8.0,additive_plus_film,additive_plus_film
additive_plus_film__g2__t8,2,8,103,provenance://crystalite/outputs/final report output/relaxed_groups/additive_plus_film__g2__t8/cifs/sample_00103.cif,True,False,True,False,2.4179828347594663,124.4615886602526,31.11539716506315,4,False,True,True,,,,False,,7.69183301507496,True,,8.0,additive_plus_film,additive_plus_film
additive_plus_film__g2__t8,2,8,104,provenance://crystalite/outputs/final report output/relaxed_groups/additive_plus_film__g2__t8/cifs/sample_00104.cif,True,True,True,True,2.0105230223475896,160.19888949834635,16.019888949834634,10,False,True,True,,,,False,,5.9112775530510175,True,,8.0,additive_plus_film,additive_plus_film
additive_plus_film__g2__t8,2,8,105,provenance://crystalite/outputs/final report output/relaxed_groups/additive_plus_film__g2__t8/cifs/sample_00105.cif,True,True,True,True,2.1191628928667696,596.2874690605961,33.12708161447756,18,False,True,True,,,,False,,3.636035967486511,True,,8.0,additive_plus_film,additive_plus_film
additive_plus_film__g2__t8,2,8,106,provenance://crystalite/outputs/final report output/relaxed_groups/additive_plus_film__g2__t8/cifs/sample_00106.cif,True,True,True,True,1.9940243870872756,257.4459614603544,18.38899724716817,14,False,True,True,,,,False,,10.605104368113665,True,,8.0,additive_plus_film,additive_plus_film
additive_plus_film__g2__t8,2,8,107,provenance://crystalite/outputs/final report output/relaxed_groups/additive_plus_film__g2__t8/cifs/sample_00107.cif,True,False,True,False,3.3410236701046454,122.7505489529129,30.687637238228223,4,False,True,True,,,,False,,10.130527431903838,True,,8.0,additive_plus_film,additive_plus_film
additive_plus_film__g2__t8,2,8,108,provenance://crystalite/outputs/final report output/relaxed_groups/additive_plus_film__g2__t8/cifs/sample_00108.cif,True,True,True,True,1.7872198336779006,311.67727696086126,15.583863848043062,20,False,True,True,,,,False,,6.8172372119550255,True,,8.0,additive_plus_film,additive_plus_film
additive_plus_film__g2__t8,2,8,109,provenance://crystalite/outputs/final report output/relaxed_groups/additive_plus_film__g2__t8/cifs/sample_00109.cif,True,True,True,True,2.5019375569158555,128.10771706474782,21.35128617745797,6,False,True,True,,,,False,,11.025627183275184,True,,8.0,additive_plus_film,additive_plus_film
additive_plus_film__g2__t8,2,8,110,provenance://crystalite/outputs/final report output/relaxed_groups/additive_plus_film__g2__t8/cifs/sample_00110.cif,True,False,True,False,2.9050506729546184,871.2529091680791,54.453306823004944,16,False,True,True,,,,False,,3.253215083360353,True,,8.0,additive_plus_film,additive_plus_film
additive_plus_film__g2__t8,2,8,111,provenance://crystalite/outputs/final report output/relaxed_groups/additive_plus_film__g2__t8/cifs/sample_00111.cif,True,True,True,True,1.9120467678919009,232.78013387138017,19.39834448928168,12,False,True,True,,,,False,,4.81613215931294,True,,8.0,additive_plus_film,additive_plus_film
additive_plus_film__g2__t8,2,8,112,provenance://crystalite/outputs/final report output/relaxed_groups/additive_plus_film__g2__t8/cifs/sample_00112.cif,True,False,True,False,1.9558038248713572,153.42668529387072,15.342668529387073,10,False,True,True,,,,False,,6.640647892355543,True,,8.0,additive_plus_film,additive_plus_film
additive_plus_film__g2__t8,2,8,113,provenance://crystalite/outputs/final report output/relaxed_groups/additive_plus_film__g2__t8/cifs/sample_00113.cif,True,True,True,True,2.950552764045233,71.0727858475224,23.6909286158408,3,True,True,True,,,,False,,13.866268458538196,True,,8.0,additive_plus_film,additive_plus_film
additive_plus_film__g2__t8,2,8,114,provenance://crystalite/outputs/final report output/relaxed_groups/additive_plus_film__g2__t8/cifs/sample_00114.cif,True,True,True,True,2.086287573134057,198.22655020778785,16.518879183982317,12,False,True,True,,,,False,,4.9529444870469055,True,,8.0,additive_plus_film,additive_plus_film
additive_plus_film__g2__t8,2,8,115,provenance://crystalite/outputs/final report output/relaxed_groups/additive_plus_film__g2__t8/cifs/sample_00115.cif,True,True,True,True,1.332297656673158,226.8943562974229,28.361794537177865,8,False,True,True,,,,False,,3.0988738105024374,True,,8.0,additive_plus_film,additive_plus_film
additive_plus_film__g2__t8,2,8,116,provenance://crystalite/outputs/final report output/relaxed_groups/additive_plus_film__g2__t8/cifs/sample_00116.cif,True,True,True,True,1.554042865577254,289.30814736805405,16.072674853780782,18,False,True,True,,,,False,,3.511652279533775,True,,8.0,additive_plus_film,additive_plus_film
additive_plus_film__g2__t8,2,8,117,provenance://crystalite/outputs/final report output/relaxed_groups/additive_plus_film__g2__t8/cifs/sample_00117.cif,True,False,True,False,2.5976131461913887,143.88925318368234,28.777850636736467,5,False,True,True,,,,False,,13.382820595350369,True,,8.0,additive_plus_film,additive_plus_film
additive_plus_film__g2__t8,2,8,118,provenance://crystalite/outputs/final report output/relaxed_groups/additive_plus_film__g2__t8/cifs/sample_00118.cif,True,True,True,True,2.612933327396004,570.532264462726,47.54435537189383,12,False,True,True,,,,False,,6.012518635822466,True,,8.0,additive_plus_film,additive_plus_film
additive_plus_film__g2__t8,2,8,119,provenance://crystalite/outputs/final report output/relaxed_groups/additive_plus_film__g2__t8/cifs/sample_00119.cif,True,True,True,True,3.4768962299800443,229.35745019959143,38.226241699931904,6,True,True,True,,,,False,,7.688660457814481,True,,8.0,additive_plus_film,additive_plus_film
additive_plus_film__g2__t8,2,8,120,provenance://crystalite/outputs/final report output/relaxed_groups/additive_plus_film__g2__t8/cifs/sample_00120.cif,True,False,True,False,3.0012172481297053,123.33510271696603,20.555850452827677,6,False,True,True,,,,False,,13.730373230982115,True,,8.0,additive_plus_film,additive_plus_film
additive_plus_film__g2__t8,2,8,121,provenance://crystalite/outputs/final report output/relaxed_groups/additive_plus_film__g2__t8/cifs/sample_00121.cif,True,False,True,False,2.57666963415298,233.38956969150252,29.173696211437814,8,False,True,True,,,,False,,8.251277086502107,True,,8.0,additive_plus_film,additive_plus_film
additive_plus_film__g2__t8,2,8,122,provenance://crystalite/outputs/final report output/relaxed_groups/additive_plus_film__g2__t8/cifs/sample_00122.cif,True,True,True,True,3.1306948294131733,85.47586660752228,28.49195553584076,3,True,True,True,,,,False,,13.74401202958756,True,,8.0,additive_plus_film,additive_plus_film
additive_plus_film__g2__t8,2,8,123,provenance://crystalite/outputs/final report output/relaxed_groups/additive_plus_film__g2__t8/cifs/sample_00123.cif,True,True,True,True,1.8243594494308168,289.33710177919164,14.466855088959582,20,False,True,True,,,,False,,5.679736734343527,True,,8.0,additive_plus_film,additive_plus_film
additive_plus_film__g2__t8,2,8,124,provenance://crystalite/outputs/final report output/relaxed_groups/additive_plus_film__g2__t8/cifs/sample_00124.cif,True,True,True,True,2.7575445144348056,273.498202302308,54.6996404604616,5,True,True,True,,,,False,,6.682307512305961,True,,8.0,additive_plus_film,additive_plus_film
additive_plus_film__g2__t8,2,8,125,provenance://crystalite/outputs/final report output/relaxed_groups/additive_plus_film__g2__t8/cifs/sample_00125.cif,True,True,True,True,2.105243834273174,186.89987011592868,16.990897283266243,11,False,True,True,,,,False,,4.686786396505835,True,,8.0,additive_plus_film,additive_plus_film
additive_plus_film__g2__t8,2,8,126,provenance://crystalite/outputs/final report output/relaxed_groups/additive_plus_film__g2__t8/cifs/sample_00126.cif,True,False,True,False,2.2394454455943245,231.0100304956817,23.10100304956817,10,False,True,True,,,,False,,5.046444356585756,True,,8.0,additive_plus_film,additive_plus_film
additive_plus_film__g2__t8,2,8,127,provenance://crystalite/outputs/final report output/relaxed_groups/additive_plus_film__g2__t8/cifs/sample_00127.cif,True,True,True,True,1.8173152675498168,274.25378303689786,17.140861439806116,16,False,True,True,,,,False,,3.528670948285587,True,,8.0,additive_plus_film,additive_plus_film
additive_plus_film__g2__t12,2,12,0,provenance://crystalite/outputs/final report output/relaxed_groups/additive_plus_film__g2__t12/cifs/sample_00000.cif,True,True,True,True,1.3218383492139445,143.529609081879,14.3529609081879,10,False,True,True,,,,False,,3.5932014400101817,True,,12.0,additive_plus_film,additive_plus_film
additive_plus_film__g2__t12,2,12,1,provenance://crystalite/outputs/final report output/relaxed_groups/additive_plus_film__g2__t12/cifs/sample_00001.cif,True,True,True,True,3.449099994044538,141.04919109290933,70.52459554645466,2,True,True,True,,,,False,,10.205264548115972,True,,12.0,additive_plus_film,additive_plus_film
additive_plus_film__g2__t12,2,12,2,provenance://crystalite/outputs/final report output/relaxed_groups/additive_plus_film__g2__t12/cifs/sample_00002.cif,True,True,True,True,1.2263997156430648,256.0801570086284,21.34001308405236,12,False,True,True,,,,False,,3.2496847539712324,True,,12.0,additive_plus_film,additive_plus_film
additive_plus_film__g2__t12,2,12,3,provenance://crystalite/outputs/final report output/relaxed_groups/additive_plus_film__g2__t12/cifs/sample_00003.cif,True,False,True,False,2.7597593128878226,394.816852233007,78.9633704466014,5,False,True,True,,,,False,,12.141940549213246,True,,12.0,additive_plus_film,additive_plus_film
additive_plus_film__g2__t12,2,12,5,provenance://crystalite/outputs/final report output/relaxed_groups/additive_plus_film__g2__t12/cifs/sample_00005.cif,True,True,True,True,1.222240374752577,132.47892809847315,11.039910674872765,12,False,True,True,,,,False,,6.299421677063759,True,,12.0,additive_plus_film,additive_plus_film
additive_plus_film__g2__t12,2,12,8,provenance://crystalite/outputs/final report output/relaxed_groups/additive_plus_film__g2__t12/cifs/sample_00008.cif,True,False,True,False,1.9330449027288088,2001.328964984523,100.06644824922616,20,False,True,True,,,,False,,8.09457183870641,True,,12.0,additive_plus_film,additive_plus_film
additive_plus_film__g2__t12,2,12,9,provenance://crystalite/outputs/final report output/relaxed_groups/additive_plus_film__g2__t12/cifs/sample_00009.cif,True,True,True,True,0.7134103164835089,145.27610711539575,36.31902677884894,4,True,True,True,,,,False,,13.428676976479716,True,,12.0,additive_plus_film,additive_plus_film
additive_plus_film__g2__t12,2,12,11,provenance://crystalite/outputs/final report output/relaxed_groups/additive_plus_film__g2__t12/cifs/sample_00011.cif,True,True,True,True,2.486410000364104,1213.4181043710246,242.6836208742049,5,True,True,True,,,,False,,3.900414001025329,True,,12.0,additive_plus_film,additive_plus_film
additive_plus_film__g2__t12,2,12,12,provenance://crystalite/outputs/final report output/relaxed_groups/additive_plus_film__g2__t12/cifs/sample_00012.cif,True,True,True,True,2.9409463743510726,214.53523791431851,30.647891130616934,7,True,True,True,,,,False,,11.833536002085658,True,,12.0,additive_plus_film,additive_plus_film
additive_plus_film__g2__t12,2,12,20,provenance://crystalite/outputs/final report output/relaxed_groups/additive_plus_film__g2__t12/cifs/sample_00020.cif,True,True,True,True,1.2867778232157387,726.749542961076,90.8436928701345,8,False,True,True,,,,False,,3.489620353348426,True,,12.0,additive_plus_film,additive_plus_film
additive_plus_film__g2__t12,2,12,22,provenance://crystalite/outputs/final report output/relaxed_groups/additive_plus_film__g2__t12/cifs/sample_00022.cif,True,True,True,True,0.9291300155978494,1087.7182818101458,77.69416298643898,14,False,True,True,,,,False,,3.847883075359925,True,,12.0,additive_plus_film,additive_plus_film
additive_plus_film__g2__t12,2,12,29,provenance://crystalite/outputs/final report output/relaxed_groups/additive_plus_film__g2__t12/cifs/sample_00029.cif,True,True,True,True,1.1824646488856676,1291.9224850510418,161.49031063138025,8,False,True,True,,,,False,,3.6874840994343696,True,,12.0,additive_plus_film,additive_plus_film
additive_plus_film__g2__t12,2,12,31,provenance://crystalite/outputs/final report output/relaxed_groups/additive_plus_film__g2__t12/cifs/sample_00031.cif,True,True,True,True,1.600623115796788,80.40428281628829,10.050535352036036,8,False,True,True,,,,False,,7.21108058043495,True,,12.0,additive_plus_film,additive_plus_film
additive_plus_film__g2__t12,2,12,32,provenance://crystalite/outputs/final report output/relaxed_groups/additive_plus_film__g2__t12/cifs/sample_00032.cif,True,True,True,True,1.107521185483922,518.3855476487646,51.83855476487646,10,False,True,True,,,,False,,5.6725475648724455,True,,12.0,additive_plus_film,additive_plus_film
additive_plus_film__g2__t12,2,12,33,provenance://crystalite/outputs/final report output/relaxed_groups/additive_plus_film__g2__t12/cifs/sample_00033.cif,True,True,True,True,3.42316952964911,169.19483657512777,42.29870914378194,4,True,True,True,,,,False,,10.67885044299109,True,,12.0,additive_plus_film,additive_plus_film
additive_plus_film__g2__t12,2,12,34,provenance://crystalite/outputs/final report output/relaxed_groups/additive_plus_film__g2__t12/cifs/sample_00034.cif,True,False,True,False,1.0086810914905358,183.17306964763048,36.6346139295261,5,False,True,True,,,,False,,5.094542714130068,True,,12.0,additive_plus_film,additive_plus_film
additive_plus_film__g2__t12,2,12,36,provenance://crystalite/outputs/final report output/relaxed_groups/additive_plus_film__g2__t12/cifs/sample_00036.cif,True,True,True,True,0.5024559210725396,187.75706191902532,31.29284365317089,6,False,True,True,,,,False,,4.076963504919197,True,,12.0,additive_plus_film,additive_plus_film
additive_plus_film__g2__t12,2,12,44,provenance://crystalite/outputs/final report output/relaxed_groups/additive_plus_film__g2__t12/cifs/sample_00044.cif,True,False,True,False,2.2126656960114683,664.0060745185496,94.85801064550708,7,False,True,True,,,,False,,7.348317258301049,True,,12.0,additive_plus_film,additive_plus_film
additive_plus_film__g2__t12,2,12,46,provenance://crystalite/outputs/final report output/relaxed_groups/additive_plus_film__g2__t12/cifs/sample_00046.cif,True,True,True,True,1.369100829287256,3885.0517680250673,485.6314710031334,8,False,True,True,,,,False,,4.642081564874616,True,,12.0,additive_plus_film,additive_plus_film
additive_plus_film__g2__t12,2,12,47,provenance://crystalite/outputs/final report output/relaxed_groups/additive_plus_film__g2__t12/cifs/sample_00047.cif,True,True,True,True,1.633425877542929,310.66034197922136,31.066034197922136,10,False,True,True,,,,False,,6.457870083410505,True,,12.0,additive_plus_film,additive_plus_film
additive_plus_film__g2__t12,2,12,50,provenance://crystalite/outputs/final report output/relaxed_groups/additive_plus_film__g2__t12/cifs/sample_00050.cif,True,True,True,True,3.120457736036404,193.7975576295601,48.449389407390015,4,True,True,True,,,,False,,8.29429687253102,True,,12.0,additive_plus_film,additive_plus_film
additive_plus_film__g2__t12,2,12,51,provenance://crystalite/outputs/final report output/relaxed_groups/additive_plus_film__g2__t12/cifs/sample_00051.cif,True,True,True,True,1.1163298877594945,601.561739501655,66.84019327796166,9,False,True,True,,,,False,,4.329067062386481,True,,12.0,additive_plus_film,additive_plus_film
additive_plus_film__g2__t12,2,12,52,provenance://crystalite/outputs/final report output/relaxed_groups/additive_plus_film__g2__t12/cifs/sample_00052.cif,True,True,True,True,2.463389404788406,89.91791377076844,22.47947844269211,4,True,True,True,,,,False,,12.624659692020176,True,,12.0,additive_plus_film,additive_plus_film
additive_plus_film__g2__t12,2,12,53,provenance://crystalite/outputs/final report output/relaxed_groups/additive_plus_film__g2__t12/cifs/sample_00053.cif,True,True,True,True,2.712800996205769,309.9993556390361,38.74991945487951,8,False,True,True,,,,False,,12.086390457876831,True,,12.0,additive_plus_film,additive_plus_film
additive_plus_film__g2__t12,2,12,54,provenance://crystalite/outputs/final report output/relaxed_groups/additive_plus_film__g2__t12/cifs/sample_00054.cif,True,False,True,False,2.419632148486281,16861.740159127366,843.0870079563683,20,False,True,True,,,,False,,7.686618028447086,True,,12.0,additive_plus_film,additive_plus_film
additive_plus_film__g2__t12,2,12,55,provenance://crystalite/outputs/final report output/relaxed_groups/additive_plus_film__g2__t12/cifs/sample_00055.cif,True,False,True,False,1.303397187786187,7727.11314273442,429.2840634852456,18,False,True,True,,,,False,,4.329680814094132,True,,12.0,additive_plus_film,additive_plus_film
additive_plus_film__g2__t12,2,12,56,provenance://crystalite/outputs/final report output/relaxed_groups/additive_plus_film__g2__t12/cifs/sample_00056.cif,True,True,True,True,1.4720587601879764,46.69214468672694,11.673036171681735,4,False,True,True,,,,False,,4.8033724644462135,True,,12.0,additive_plus_film,additive_plus_film
additive_plus_film__g2__t12,2,12,57,provenance://crystalite/outputs/final report output/relaxed_groups/additive_plus_film__g2__t12/cifs/sample_00057.cif,True,True,True,True,1.875756100468273,1214.6294560092408,151.8286820011551,8,False,True,True,,,,False,,5.975577428544056,True,,12.0,additive_plus_film,additive_plus_film
additive_plus_film__g2__t12,2,12,64,provenance://crystalite/outputs/final report output/relaxed_groups/additive_plus_film__g2__t12/cifs/sample_00064.cif,True,True,True,True,0.7980510105283901,217.11150682307192,36.18525113717865,6,False,True,True,,,,False,,2.997941336562203,True,,12.0,additive_plus_film,additive_plus_film
additive_plus_film__g2__t12,2,12,65,provenance://crystalite/outputs/final report output/relaxed_groups/additive_plus_film__g2__t12/cifs/sample_00065.cif,True,True,True,True,1.34297560978358,343.00880188849607,34.300880188849604,10,False,True,True,,,,False,,4.937153778978994,True,,12.0,additive_plus_film,additive_plus_film
additive_plus_film__g2__t12,2,12,66,provenance://crystalite/outputs/final report output/relaxed_groups/additive_plus_film__g2__t12/cifs/sample_00066.cif,True,True,True,True,2.483162907685577,148.66093633575707,49.55364544525236,3,True,True,True,,,,False,,7.437310989852196,True,,12.0,additive_plus_film,additive_plus_film
additive_plus_film__g2__t12,2,12,67,provenance://crystalite/outputs/final report output/relaxed_groups/additive_plus_film__g2__t12/cifs/sample_00067.cif,True,True,True,True,2.52610085548338,149.9027120356975,49.96757067856584,3,True,True,True,,,,False,,11.264397914061728,True,,12.0,additive_plus_film,additive_plus_film
additive_plus_film__g2__t12,2,12,69,provenance://crystalite/outputs/final report output/relaxed_groups/additive_plus_film__g2__t12/cifs/sample_00069.cif,True,False,True,False,1.36890678100276,5745.390674041956,574.5390674041956,10,False,True,True,,,,False,,5.2156765329267465,True,,12.0,additive_plus_film,additive_plus_film
additive_plus_film__g2__t12,2,12,70,provenance://crystalite/outputs/final report output/relaxed_groups/additive_plus_film__g2__t12/cifs/sample_00070.cif,True,True,True,True,4.770448107098399,324.07532176214863,108.02510725404954,3,True,True,True,,,,False,,6.308046538996028,True,,12.0,additive_plus_film,additive_plus_film
additive_plus_film__g2__t12,2,12,71,provenance://crystalite/outputs/final report output/relaxed_groups/additive_plus_film__g2__t12/cifs/sample_00071.cif,True,True,True,True,1.4420849667828528,1129.2867632099612,188.21446053499355,6,False,True,True,,,,False,,3.856845977491959,True,,12.0,additive_plus_film,additive_plus_film
additive_plus_film__g2__t12,2,12,73,provenance://crystalite/outputs/final report output/relaxed_groups/additive_plus_film__g2__t12/cifs/sample_00073.cif,True,True,True,True,1.7670922380850769,6668.541048651973,555.7117540543311,12,False,True,True,,,,False,,4.866814267315419,True,,12.0,additive_plus_film,additive_plus_film
additive_plus_film__g2__t12,2,12,74,provenance://crystalite/outputs/final report output/relaxed_groups/additive_plus_film__g2__t12/cifs/sample_00074.cif,True,True,True,True,3.569513397366922,105.68001055409468,35.22667018469823,3,True,True,True,,,,False,,12.661746876603564,True,,12.0,additive_plus_film,additive_plus_film
additive_plus_film__g2__t12,2,12,75,provenance://crystalite/outputs/final report output/relaxed_groups/additive_plus_film__g2__t12/cifs/sample_00075.cif,True,False,True,False,1.1720166157909384,716.8042136781654,71.68042136781654,10,False,True,True,,,,False,,2.096559171515328,True,,12.0,additive_plus_film,additive_plus_film
additive_plus_film__g2__t12,2,12,76,provenance://crystalite/outputs/final report output/relaxed_groups/additive_plus_film__g2__t12/cifs/sample_00076.cif,True,True,True,True,1.14185873700847,192.2667890961686,24.033348637021074,8,False,True,True,,,,False,,3.9268654261137,True,,12.0,additive_plus_film,additive_plus_film
additive_plus_film__g2__t12,2,12,77,provenance://crystalite/outputs/final report output/relaxed_groups/additive_plus_film__g2__t12/cifs/sample_00077.cif,True,True,True,True,2.5324300933605004,2454.3253503086366,204.52711252571973,12,False,True,True,,,,False,,8.96692422014163,True,,12.0,additive_plus_film,additive_plus_film
additive_plus_film__g2__t12,2,12,78,provenance://crystalite/outputs/final report output/relaxed_groups/additive_plus_film__g2__t12/cifs/sample_00078.cif,True,True,True,True,1.3616185480198746,925.1995761153194,77.09996467627661,12,False,True,True,,,,False,,4.507630207687562,True,,12.0,additive_plus_film,additive_plus_film
additive_plus_film__g2__t12,2,12,79,provenance://crystalite/outputs/final report output/relaxed_groups/additive_plus_film__g2__t12/cifs/sample_00079.cif,True,True,True,True,1.618014774934022,2435.024521883157,243.5024521883157,10,False,True,True,,,,False,,3.934228188637373,True,,12.0,additive_plus_film,additive_plus_film
additive_plus_film__g2__t12,2,12,81,provenance://crystalite/outputs/final report output/relaxed_groups/additive_plus_film__g2__t12/cifs/sample_00081.cif,True,False,True,False,2.0935218720648274,135.13027124183978,22.52171187363996,6,False,True,True,,,,False,,10.697271334857158,True,,12.0,additive_plus_film,additive_plus_film
additive_plus_film__g2__t12,2,12,84,provenance://crystalite/outputs/final report output/relaxed_groups/additive_plus_film__g2__t12/cifs/sample_00084.cif,True,True,True,True,1.2006477641909885,557.6348525648588,39.83106089748991,14,False,True,True,,,,False,,4.210438279016345,True,,12.0,additive_plus_film,additive_plus_film
additive_plus_film__g2__t12,2,12,87,provenance://crystalite/outputs/final report output/relaxed_groups/additive_plus_film__g2__t12/cifs/sample_00087.cif,True,True,True,True,1.9742579179390145,622.4666582251161,77.80833227813952,8,False,True,True,,,,False,,6.582860628580743,True,,12.0,additive_plus_film,additive_plus_film
additive_plus_film__g2__t12,2,12,88,provenance://crystalite/outputs/final report output/relaxed_groups/additive_plus_film__g2__t12/cifs/sample_00088.cif,True,False,True,False,2.203154955426378,210.54005831434316,35.090009719057186,6,False,True,True,,,,False,,6.465016898380917,True,,12.0,additive_plus_film,additive_plus_film
additive_plus_film__g2__t12,2,12,91,provenance://crystalite/outputs/final report output/relaxed_groups/additive_plus_film__g2__t12/cifs/sample_00091.cif,True,True,True,True,1.2738263402866905,504.89743343428376,42.07478611952365,12,False,True,True,,,,False,,4.797229024005395,True,,12.0,additive_plus_film,additive_plus_film
additive_plus_film__g2__t12,2,12,97,provenance://crystalite/outputs/final report output/relaxed_groups/additive_plus_film__g2__t12/cifs/sample_00097.cif,True,False,True,False,1.1834567309033504,1640.76235613827,86.35591348096158,19,False,True,True,,,,False,,4.78083484832258,True,,12.0,additive_plus_film,additive_plus_film
additive_plus_film__g2__t12,2,12,98,provenance://crystalite/outputs/final report output/relaxed_groups/additive_plus_film__g2__t12/cifs/sample_00098.cif,True,False,True,False,1.951145843094105,321.56467989002664,40.19558498625333,8,False,True,True,,,,False,,5.632823485552463,True,,12.0,additive_plus_film,additive_plus_film
additive_plus_film__g2__t12,2,12,101,provenance://crystalite/outputs/final report output/relaxed_groups/additive_plus_film__g2__t12/cifs/sample_00101.cif,True,True,True,True,1.3279678647208026,177.36723963530676,22.170904954413345,8,False,True,True,,,,False,,4.646651191728524,True,,12.0,additive_plus_film,additive_plus_film
additive_plus_film__g2__t12,2,12,103,provenance://crystalite/outputs/final report output/relaxed_groups/additive_plus_film__g2__t12/cifs/sample_00103.cif,True,True,True,True,2.803849375775061,143.13469141517797,35.78367285379449,4,True,True,True,,,,False,,9.392249014407575,True,,12.0,additive_plus_film,additive_plus_film
additive_plus_film__g2__t12,2,12,104,provenance://crystalite/outputs/final report output/relaxed_groups/additive_plus_film__g2__t12/cifs/sample_00104.cif,True,True,True,True,1.310373792078089,147.11331641598042,14.711331641598042,10,False,True,True,,,,False,,3.001572877295738,True,,12.0,additive_plus_film,additive_plus_film
additive_plus_film__g2__t12,2,12,107,provenance://crystalite/outputs/final report output/relaxed_groups/additive_plus_film__g2__t12/cifs/sample_00107.cif,True,False,True,False,2.576260086402556,541.8429782659404,135.4607445664851,4,False,True,True,,,,False,,5.6287286519859165,True,,12.0,additive_plus_film,additive_plus_film
additive_plus_film__g2__t12,2,12,109,provenance://crystalite/outputs/final report output/relaxed_groups/additive_plus_film__g2__t12/cifs/sample_00109.cif,True,False,True,False,2.837734697386013,1518.3091989397487,253.0515331566248,6,False,True,True,,,,False,,6.7096908897006,True,,12.0,additive_plus_film,additive_plus_film
additive_plus_film__g2__t12,2,12,113,provenance://crystalite/outputs/final report output/relaxed_groups/additive_plus_film__g2__t12/cifs/sample_00113.cif,True,True,True,True,3.405202587496122,107.2919786163362,35.76399287211206,3,True,True,True,,,,False,,11.351760347806382,True,,12.0,additive_plus_film,additive_plus_film
additive_plus_film__g2__t12,2,12,114,provenance://crystalite/outputs/final report output/relaxed_groups/additive_plus_film__g2__t12/cifs/sample_00114.cif,True,True,True,True,1.1999324510632507,1872.5546541817776,156.0462211818148,12,False,True,True,,,,False,,2.2854157890851687,True,,12.0,additive_plus_film,additive_plus_film
additive_plus_film__g2__t12,2,12,116,provenance://crystalite/outputs/final report output/relaxed_groups/additive_plus_film__g2__t12/cifs/sample_00116.cif,True,False,True,False,1.007669675862234,8538.459524778347,474.35886248768594,18,False,True,True,,,,False,,7.476796698758709,True,,12.0,additive_plus_film,additive_plus_film
additive_plus_film__g2__t12,2,12,117,provenance://crystalite/outputs/final report output/relaxed_groups/additive_plus_film__g2__t12/cifs/sample_00117.cif,True,True,True,True,7.951507141743495,2441.40480121102,488.28096024220406,5,True,True,True,,,,False,,11.166425716375002,True,,12.0,additive_plus_film,additive_plus_film
additive_plus_film__g2__t12,2,12,119,provenance://crystalite/outputs/final report output/relaxed_groups/additive_plus_film__g2__t12/cifs/sample_00119.cif,True,False,True,False,2.5615276955532456,616.7409539894977,102.79015899824962,6,False,True,True,,,,False,,7.137259229675169,True,,12.0,additive_plus_film,additive_plus_film
additive_plus_film__g2__t12,2,12,120,provenance://crystalite/outputs/final report output/relaxed_groups/additive_plus_film__g2__t12/cifs/sample_00120.cif,True,False,True,False,2.0275476397284624,199.33367716533408,33.22227952755568,6,False,True,True,,,,False,,5.245518056327146,True,,12.0,additive_plus_film,additive_plus_film
additive_plus_film__g2__t12,2,12,122,provenance://crystalite/outputs/final report output/relaxed_groups/additive_plus_film__g2__t12/cifs/sample_00122.cif,True,True,True,True,3.3674629187860763,89.81180566276143,29.93726855425381,3,True,True,True,,,,False,,13.94564656902394,True,,12.0,additive_plus_film,additive_plus_film
additive_plus_film__g2__t12,2,12,124,provenance://crystalite/outputs/final report output/relaxed_groups/additive_plus_film__g2__t12/cifs/sample_00124.cif,True,True,True,True,2.0922801884280857,424.9312707916307,84.98625415832615,5,False,True,True,,,,False,,3.877327755408347,True,,12.0,additive_plus_film,additive_plus_film
additive_plus_film__g2__t12,2,12,126,provenance://crystalite/outputs/final report output/relaxed_groups/additive_plus_film__g2__t12/cifs/sample_00126.cif,True,True,True,True,1.170482295175165,491.2921790266904,49.12921790266903,10,False,True,True,,,,False,,2.8296432035967114,True,,12.0,additive_plus_film,additive_plus_film
additive_plus_film__g3__t2,3,2,0,provenance://crystalite/outputs/final report output/relaxed_groups/additive_plus_film__g3__t2/cifs/sample_00000.cif,True,True,True,True,2.848750683672976,75.37672611325281,18.844181528313204,4,True,True,True,,,,False,,14.755063464465074,True,,2.0,additive_plus_film,additive_plus_film
additive_plus_film__g3__t2,3,2,1,provenance://crystalite/outputs/final report output/relaxed_groups/additive_plus_film__g3__t2/cifs/sample_00001.cif,True,True,True,True,2.1910916472186064,748.9652902145822,37.44826451072911,20,False,True,True,,,,False,,3.673219133725021,True,,2.0,additive_plus_film,additive_plus_film
additive_plus_film__g3__t2,3,2,2,provenance://crystalite/outputs/final report output/relaxed_groups/additive_plus_film__g3__t2/cifs/sample_00002.cif,True,True,True,True,1.7866333906740888,188.6055214202201,23.575690177527516,8,False,True,True,,,,False,,4.501501321630759,True,,2.0,additive_plus_film,additive_plus_film
additive_plus_film__g3__t2,3,2,3,provenance://crystalite/outputs/final report output/relaxed_groups/additive_plus_film__g3__t2/cifs/sample_00003.cif,True,False,True,False,2.174450243910257,395.2666415037521,49.40833018796901,8,False,True,True,,,,False,,3.1922341990158087,True,,2.0,additive_plus_film,additive_plus_film
additive_plus_film__g3__t2,3,2,4,provenance://crystalite/outputs/final report output/relaxed_groups/additive_plus_film__g3__t2/cifs/sample_00004.cif,True,True,True,True,1.114376634926718,45.48567300119565,22.742836500597825,2,False,True,True,,,,False,,1.554187491628617,True,,2.0,additive_plus_film,additive_plus_film
additive_plus_film__g3__t2,3,2,5,provenance://crystalite/outputs/final report output/relaxed_groups/additive_plus_film__g3__t2/cifs/sample_00005.cif,True,True,True,True,1.7876466875524024,259.9008127277301,16.243800795483132,16,False,True,True,,,,False,,2.502150232722386,True,,2.0,additive_plus_film,additive_plus_film
additive_plus_film__g3__t2,3,2,6,provenance://crystalite/outputs/final report output/relaxed_groups/additive_plus_film__g3__t2/cifs/sample_00006.cif,True,True,True,True,1.848690088872372,120.19923681415273,15.024904601769087,8,False,True,True,,,,False,,3.4175235894006395,True,,2.0,additive_plus_film,additive_plus_film
additive_plus_film__g3__t2,3,2,7,provenance://crystalite/outputs/final report output/relaxed_groups/additive_plus_film__g3__t2/cifs/sample_00007.cif,True,True,True,True,0.943368820310831,240.4059924976368,17.171856606974057,14,False,True,True,,,,False,,3.298741451901929,True,,2.0,additive_plus_film,additive_plus_film
additive_plus_film__g3__t2,3,2,8,provenance://crystalite/outputs/final report output/relaxed_groups/additive_plus_film__g3__t2/cifs/sample_00008.cif,True,True,True,True,1.7431402021470463,211.90994139946503,17.659161783288752,12,False,True,True,,,,False,,2.301360322426436,True,,2.0,additive_plus_film,additive_plus_film
additive_plus_film__g3__t2,3,2,9,provenance://crystalite/outputs/final report output/relaxed_groups/additive_plus_film__g3__t2/cifs/sample_00009.cif,True,False,True,False,1.907621577266384,237.50486447494453,29.68810805936807,8,False,True,True,,,,False,,1.7907789066834323,True,,2.0,additive_plus_film,additive_plus_film
additive_plus_film__g3__t2,3,2,10,provenance://crystalite/outputs/final report output/relaxed_groups/additive_plus_film__g3__t2/cifs/sample_00010.cif,True,False,True,False,1.429044329805199,231.2079198592436,19.26732665493697,12,False,True,True,,,,False,,2.7044931450072345,True,,2.0,additive_plus_film,additive_plus_film
additive_plus_film__g3__t2,3,2,11,provenance://crystalite/outputs/final report output/relaxed_groups/additive_plus_film__g3__t2/cifs/sample_00011.cif,True,False,True,False,1.8554686093646504,240.1540626507763,13.341892369487573,18,False,True,True,,,,False,,8.572021136329576,True,,2.0,additive_plus_film,additive_plus_film
additive_plus_film__g3__t2,3,2,12,provenance://crystalite/outputs/final report output/relaxed_groups/additive_plus_film__g3__t2/cifs/sample_00012.cif,True,False,True,False,1.4526047069906376,506.0212029724559,50.602120297245584,10,False,True,True,,,,False,,1.768407760882693,True,,2.0,additive_plus_film,additive_plus_film
additive_plus_film__g3__t2,3,2,14,provenance://crystalite/outputs/final report output/relaxed_groups/additive_plus_film__g3__t2/cifs/sample_00014.cif,True,True,True,True,1.73756204886917,219.7743243091749,18.314527025764573,12,False,True,False,,,,False,,2.21780392697031,True,,2.0,additive_plus_film,additive_plus_film
additive_plus_film__g3__t2,3,2,15,provenance://crystalite/outputs/final report output/relaxed_groups/additive_plus_film__g3__t2/cifs/sample_00015.cif,True,True,True,True,2.20557202301018,121.05273959800851,40.35091319933617,3,False,True,True,,,,False,,2.9679308510387616,True,,2.0,additive_plus_film,additive_plus_film
additive_plus_film__g3__t2,3,2,17,provenance://crystalite/outputs/final report output/relaxed_groups/additive_plus_film__g3__t2/cifs/sample_00017.cif,True,True,True,True,2.216724801226437,172.7156443647668,21.58945554559585,8,False,True,True,,,,False,,2.639943318418164,True,,2.0,additive_plus_film,additive_plus_film
additive_plus_film__g3__t2,3,2,18,provenance://crystalite/outputs/final report output/relaxed_groups/additive_plus_film__g3__t2/cifs/sample_00018.cif,True,True,True,True,2.196273541052607,75.40903708026339,37.704518540131694,2,False,True,True,,,,False,,3.229010336163024,True,,2.0,additive_plus_film,additive_plus_film
additive_plus_film__g3__t2,3,2,19,provenance://crystalite/outputs/final report output/relaxed_groups/additive_plus_film__g3__t2/cifs/sample_00019.cif,True,True,True,True,1.439441020003319,261.3683721418576,26.13683721418576,10,False,True,True,,,,False,,2.640476909522811,True,,2.0,additive_plus_film,additive_plus_film
additive_plus_film__g3__t2,3,2,20,provenance://crystalite/outputs/final report output/relaxed_groups/additive_plus_film__g3__t2/cifs/sample_00020.cif,True,True,True,True,2.0864587723413823,199.22936568872555,39.84587313774511,5,False,True,True,,,,False,,4.847654700873426,True,,2.0,additive_plus_film,additive_plus_film
additive_plus_film__g3__t2,3,2,23,provenance://crystalite/outputs/final report output/relaxed_groups/additive_plus_film__g3__t2/cifs/sample_00023.cif,True,False,True,False,1.5527769356355423,221.70398108762396,24.63377567640266,9,False,True,True,,,,False,,3.88910180449752,True,,2.0,additive_plus_film,additive_plus_film
additive_plus_film__g3__t2,3,2,24,provenance://crystalite/outputs/final report output/relaxed_groups/additive_plus_film__g3__t2/cifs/sample_00024.cif,True,True,True,True,2.0140284784440508,325.9314546026048,32.59314546026048,10,False,True,True,,,,False,,3.213824161816099,True,,2.0,additive_plus_film,additive_plus_film
additive_plus_film__g3__t2,3,2,25,provenance://crystalite/outputs/final report output/relaxed_groups/additive_plus_film__g3__t2/cifs/sample_00025.cif,True,True,True,True,1.7655776051545198,654.1565415263968,40.8847838453998,16,False,True,True,,,,False,,1.764977744020183,True,,2.0,additive_plus_film,additive_plus_film
additive_plus_film__g3__t2,3,2,26,provenance://crystalite/outputs/final report output/relaxed_groups/additive_plus_film__g3__t2/cifs/sample_00026.cif,True,False,True,False,1.5913958721010182,513.6617910208182,25.68308955104091,20,False,True,True,,,,False,,1.7825018403457038,True,,2.0,additive_plus_film,additive_plus_film
additive_plus_film__g3__t2,3,2,27,provenance://crystalite/outputs/final report output/relaxed_groups/additive_plus_film__g3__t2/cifs/sample_00027.cif,True,True,True,True,0.6441974079688627,63.876243398119385,7.984530424764923,8,False,True,True,,,,False,,3.1679010522557056,True,,2.0,additive_plus_film,additive_plus_film
additive_plus_film__g3__t2,3,2,28,provenance://crystalite/outputs/final report output/relaxed_groups/additive_plus_film__g3__t2/cifs/sample_00028.cif,True,True,True,True,1.841725276014512,286.7685359647785,17.92303349779866,16,False,True,True,,,,False,,2.969298919539271,True,,2.0,additive_plus_film,additive_plus_film
additive_plus_film__g3__t2,3,2,30,provenance://crystalite/outputs/final report output/relaxed_groups/additive_plus_film__g3__t2/cifs/sample_00030.cif,True,True,True,True,1.4176955312602928,312.7632874528064,19.5477054658004,16,False,True,True,,,,False,,2.786708508956494,True,,2.0,additive_plus_film,additive_plus_film
additive_plus_film__g3__t2,3,2,31,provenance://crystalite/outputs/final report output/relaxed_groups/additive_plus_film__g3__t2/cifs/sample_00031.cif,True,True,True,True,1.7433614111896962,88.17404334183269,17.63480866836654,5,False,True,True,,,,False,,2.6199204482037253,True,,2.0,additive_plus_film,additive_plus_film
additive_plus_film__g3__t2,3,2,32,provenance://crystalite/outputs/final report output/relaxed_groups/additive_plus_film__g3__t2/cifs/sample_00032.cif,True,True,True,True,1.496630364564461,518.9701010556911,28.83167228087173,18,False,True,True,,,,False,,1.871316020773956,True,,2.0,additive_plus_film,additive_plus_film
additive_plus_film__g3__t2,3,2,33,provenance://crystalite/outputs/final report output/relaxed_groups/additive_plus_film__g3__t2/cifs/sample_00033.cif,True,True,True,True,1.7354860004228565,202.49273205281307,16.874394337734422,12,False,True,True,,,,False,,2.506798210850921,True,,2.0,additive_plus_film,additive_plus_film
additive_plus_film__g3__t2,3,2,34,provenance://crystalite/outputs/final report output/relaxed_groups/additive_plus_film__g3__t2/cifs/sample_00034.cif,True,False,True,False,1.1334222395226747,352.1700411245905,27.09000316343004,13,False,True,True,,,,False,,1.971747300537943,True,,2.0,additive_plus_film,additive_plus_film
additive_plus_film__g3__t2,3,2,35,provenance://crystalite/outputs/final report output/relaxed_groups/additive_plus_film__g3__t2/cifs/sample_00035.cif,True,False,True,False,1.4547394748908116,131.7131667110693,18.816166673009903,7,False,True,True,,,,False,,2.735058661044869,True,,2.0,additive_plus_film,additive_plus_film
additive_plus_film__g3__t2,3,2,36,provenance://crystalite/outputs/final report output/relaxed_groups/additive_plus_film__g3__t2/cifs/sample_00036.cif,True,True,True,True,1.84425040415666,656.3472034997712,36.46373352776507,18,False,True,True,,,,False,,1.7522419229868635,True,,2.0,additive_plus_film,additive_plus_film
additive_plus_film__g3__t2,3,2,37,provenance://crystalite/outputs/final report output/relaxed_groups/additive_plus_film__g3__t2/cifs/sample_00037.cif,True,False,True,False,2.104116244467035,328.2638458206966,20.516490363793537,16,False,True,True,,,,False,,2.2413143933476207,True,,2.0,additive_plus_film,additive_plus_film
additive_plus_film__g3__t2,3,2,39,provenance://crystalite/outputs/final report output/relaxed_groups/additive_plus_film__g3__t2/cifs/sample_00039.cif,True,False,True,False,1.862236538462764,399.0348911100009,24.939680694375056,16,False,True,True,,,,False,,1.818195749148696,True,,2.0,additive_plus_film,additive_plus_film
additive_plus_film__g3__t2,3,2,40,provenance://crystalite/outputs/final report output/relaxed_groups/additive_plus_film__g3__t2/cifs/sample_00040.cif,True,True,True,True,3.218551018126569,57.908406897758745,28.95420344887937,2,True,True,True,,,,False,,22.060064985732662,True,,2.0,additive_plus_film,additive_plus_film
additive_plus_film__g3__t2,3,2,41,provenance://crystalite/outputs/final report output/relaxed_groups/additive_plus_film__g3__t2/cifs/sample_00041.cif,True,True,True,True,1.6901141588847668,61.79297775769372,12.358595551538745,5,False,True,True,,,,False,,6.214518385233892,True,,2.0,additive_plus_film,additive_plus_film
additive_plus_film__g3__t2,3,2,42,provenance://crystalite/outputs/final report output/relaxed_groups/additive_plus_film__g3__t2/cifs/sample_00042.cif,True,False,True,False,1.4264361862249646,464.1140081523271,29.00712550952044,16,False,True,True,,,,False,,1.6712640319306329,True,,2.0,additive_plus_film,additive_plus_film
additive_plus_film__g3__t2,3,2,43,provenance://crystalite/outputs/final report output/relaxed_groups/additive_plus_film__g3__t2/cifs/sample_00043.cif,True,False,True,False,2.001482537512691,146.69714243605432,14.669714243605432,10,False,True,True,,,,False,,2.387818934402331,True,,2.0,additive_plus_film,additive_plus_film
additive_plus_film__g3__t2,3,2,44,provenance://crystalite/outputs/final report output/relaxed_groups/additive_plus_film__g3__t2/cifs/sample_00044.cif,True,False,True,False,1.8935231971158504,286.3145416374273,28.631454163742728,10,False,True,True,,,,False,,1.506198437124575,True,,2.0,additive_plus_film,additive_plus_film
additive_plus_film__g3__t2,3,2,45,provenance://crystalite/outputs/final report output/relaxed_groups/additive_plus_film__g3__t2/cifs/sample_00045.cif,True,True,True,True,1.8664760382896963,123.93919938222596,20.656533230370997,6,False,True,True,,,,False,,3.7672349072473374,True,,2.0,additive_plus_film,additive_plus_film
additive_plus_film__g3__t2,3,2,46,provenance://crystalite/outputs/final report output/relaxed_groups/additive_plus_film__g3__t2/cifs/sample_00046.cif,True,False,True,False,1.7060613199185233,380.2475827538444,34.56796206853131,11,False,True,True,,,,False,,1.3091901685262342,True,,2.0,additive_plus_film,additive_plus_film
additive_plus_film__g3__t2,3,2,48,provenance://crystalite/outputs/final report output/relaxed_groups/additive_plus_film__g3__t2/cifs/sample_00048.cif,True,True,True,True,1.4381604651272173,175.3855116259421,21.92318895324276,8,False,True,True,,,,False,,2.5762722709269945,True,,2.0,additive_plus_film,additive_plus_film
additive_plus_film__g3__t2,3,2,49,provenance://crystalite/outputs/final report output/relaxed_groups/additive_plus_film__g3__t2/cifs/sample_00049.cif,True,False,True,False,2.4610036165640774,173.69582200819428,21.71197775102429,8,False,True,True,,,,False,,15.040283001423276,True,,2.0,additive_plus_film,additive_plus_film
additive_plus_film__g3__t2,3,2,50,provenance://crystalite/outputs/final report output/relaxed_groups/additive_plus_film__g3__t2/cifs/sample_00050.cif,True,False,True,False,1.918065922548758,214.0007968430982,17.83339973692485,12,False,True,True,,,,False,,2.0083795442479007,True,,2.0,additive_plus_film,additive_plus_film
additive_plus_film__g3__t2,3,2,51,provenance://crystalite/outputs/final report output/relaxed_groups/additive_plus_film__g3__t2/cifs/sample_00051.cif,True,True,True,True,1.7357984915384417,152.6785511665885,16.964283462954278,9,False,True,True,,,,False,,1.9716632304309407,True,,2.0,additive_plus_film,additive_plus_film
additive_plus_film__g3__t2,3,2,52,provenance://crystalite/outputs/final report output/relaxed_groups/additive_plus_film__g3__t2/cifs/sample_00052.cif,True,True,True,True,1.85161419583697,224.6642046614413,20.424018605585573,11,False,True,True,,,,False,,1.946211177091384,True,,2.0,additive_plus_film,additive_plus_film
additive_plus_film__g3__t2,3,2,54,provenance://crystalite/outputs/final report output/relaxed_groups/additive_plus_film__g3__t2/cifs/sample_00054.cif,True,True,True,True,1.4247400097824845,574.288807241914,31.90493373566189,18,False,True,True,,,,False,,2.0310392528877386,True,,2.0,additive_plus_film,additive_plus_film
additive_plus_film__g3__t2,3,2,55,provenance://crystalite/outputs/final report output/relaxed_groups/additive_plus_film__g3__t2/cifs/sample_00055.cif,True,False,True,False,0.9420027510535416,272.2535935439061,22.68779946199217,12,False,True,True,,,,False,,2.442497099096437,True,,2.0,additive_plus_film,additive_plus_film
additive_plus_film__g3__t2,3,2,56,provenance://crystalite/outputs/final report output/relaxed_groups/additive_plus_film__g3__t2/cifs/sample_00056.cif,True,True,True,True,1.934175985825649,69.04946914962922,17.262367287407304,4,False,True,True,,,,False,,4.147910836203082,True,,2.0,additive_plus_film,additive_plus_film
additive_plus_film__g3__t2,3,2,57,provenance://crystalite/outputs/final report output/relaxed_groups/additive_plus_film__g3__t2/cifs/sample_00057.cif,True,False,True,False,0.9496931353780448,99.596376874524,19.919275374904803,5,False,True,True,,,,False,,2.52721480625264,True,,2.0,additive_plus_film,additive_plus_film
additive_plus_film__g3__t2,3,2,59,provenance://crystalite/outputs/final report output/relaxed_groups/additive_plus_film__g3__t2/cifs/sample_00059.cif,True,False,True,False,1.4427748487560514,240.2830217291514,21.84391106628649,11,False,True,True,,,,False,,2.45057644244148,True,,2.0,additive_plus_film,additive_plus_film
additive_plus_film__g3__t2,3,2,60,provenance://crystalite/outputs/final report output/relaxed_groups/additive_plus_film__g3__t2/cifs/sample_00060.cif,True,True,True,True,1.9584314743219575,46.41460233782931,11.603650584457329,4,False,True,False,,,,False,,6.709863139807585,True,,2.0,additive_plus_film,additive_plus_film
additive_plus_film__g3__t2,3,2,61,provenance://crystalite/outputs/final report output/relaxed_groups/additive_plus_film__g3__t2/cifs/sample_00061.cif,True,True,True,True,0.7948023512259484,287.9789554784528,20.56992539131806,14,False,True,True,,,,False,,1.273994958297617,True,,2.0,additive_plus_film,additive_plus_film
additive_plus_film__g3__t2,3,2,63,provenance://crystalite/outputs/final report output/relaxed_groups/additive_plus_film__g3__t2/cifs/sample_00063.cif,True,False,True,False,2.4920087834957245,466.3689515784845,51.81877239760939,9,False,True,True,,,,False,,2.77310197506092,True,,2.0,additive_plus_film,additive_plus_film
additive_plus_film__g3__t2,3,2,64,provenance://crystalite/outputs/final report output/relaxed_groups/additive_plus_film__g3__t2/cifs/sample_00064.cif,True,True,True,True,1.8480837676048492,116.68673967866393,16.66953423980913,7,False,True,True,,,,False,,3.071410195602708,True,,2.0,additive_plus_film,additive_plus_film
additive_plus_film__g3__t2,3,2,65,provenance://crystalite/outputs/final report output/relaxed_groups/additive_plus_film__g3__t2/cifs/sample_00065.cif,True,True,True,True,1.010826323604721,65.15631312277985,10.859385520463308,6,False,True,True,,,,False,,3.0822590623091446,True,,2.0,additive_plus_film,additive_plus_film
additive_plus_film__g3__t2,3,2,66,provenance://crystalite/outputs/final report output/relaxed_groups/additive_plus_film__g3__t2/cifs/sample_00066.cif,True,False,True,False,1.3805119522975382,758.8695439984779,37.94347719992389,20,False,True,True,,,,False,,1.5688700692227897,True,,2.0,additive_plus_film,additive_plus_film
additive_plus_film__g3__t2,3,2,67,provenance://crystalite/outputs/final report output/relaxed_groups/additive_plus_film__g3__t2/cifs/sample_00067.cif,True,True,True,True,1.4330508153298216,240.5473477379972,20.045612311499763,12,False,True,True,,,,False,,2.884859156833139,True,,2.0,additive_plus_film,additive_plus_film
additive_plus_film__g3__t2,3,2,68,provenance://crystalite/outputs/final report output/relaxed_groups/additive_plus_film__g3__t2/cifs/sample_00068.cif,True,True,True,True,2.3734450239036566,55.54486058758751,13.886215146896877,4,False,True,True,,,,False,,3.2687053116258107,True,,2.0,additive_plus_film,additive_plus_film
additive_plus_film__g3__t2,3,2,69,provenance://crystalite/outputs/final report output/relaxed_groups/additive_plus_film__g3__t2/cifs/sample_00069.cif,True,False,True,False,2.002483783537756,565.5757329455612,28.27878664727806,20,False,True,True,,,,False,,3.887060368405088,True,,2.0,additive_plus_film,additive_plus_film
additive_plus_film__g3__t2,3,2,70,provenance://crystalite/outputs/final report output/relaxed_groups/additive_plus_film__g3__t2/cifs/sample_00070.cif,True,False,True,False,1.8659639184965884,279.26038838924376,15.514466021624653,18,False,True,True,,,,False,,3.236502238310013,True,,2.0,additive_plus_film,additive_plus_film
additive_plus_film__g3__t2,3,2,71,provenance://crystalite/outputs/final report output/relaxed_groups/additive_plus_film__g3__t2/cifs/sample_00071.cif,True,True,True,True,1.8997504756313377,103.16935566148317,17.194892610247194,6,False,True,True,,,,False,,3.0709623045182544,True,,2.0,additive_plus_film,additive_plus_film
additive_plus_film__g3__t2,3,2,72,provenance://crystalite/outputs/final report output/relaxed_groups/additive_plus_film__g3__t2/cifs/sample_00072.cif,True,False,True,False,1.44541634605879,318.17712213529785,31.817712213529784,10,False,True,True,,,,False,,2.0578345409153203,True,,2.0,additive_plus_film,additive_plus_film
additive_plus_film__g3__t2,3,2,73,provenance://crystalite/outputs/final report output/relaxed_groups/additive_plus_film__g3__t2/cifs/sample_00073.cif,True,False,True,False,1.4293394671711472,428.7400622848712,26.796253892804447,16,False,True,True,,,,False,,2.2421224375673643,True,,2.0,additive_plus_film,additive_plus_film
additive_plus_film__g3__t2,3,2,74,provenance://crystalite/outputs/final report output/relaxed_groups/additive_plus_film__g3__t2/cifs/sample_00074.cif,True,True,True,True,2.052465858774285,142.08115207260116,35.52028801815029,4,False,True,True,,,,False,,4.02685452802992,True,,2.0,additive_plus_film,additive_plus_film
additive_plus_film__g3__t2,3,2,75,provenance://crystalite/outputs/final report output/relaxed_groups/additive_plus_film__g3__t2/cifs/sample_00075.cif,True,False,True,False,2.2060537143681227,183.9641805193069,22.99552256491336,8,False,True,True,,,,False,,1.9154032703671615,True,,2.0,additive_plus_film,additive_plus_film
additive_plus_film__g3__t2,3,2,76,provenance://crystalite/outputs/final report output/relaxed_groups/additive_plus_film__g3__t2/cifs/sample_00076.cif,True,True,True,True,4.210704034446597,158.1750252604455,79.08751263022275,2,False,True,True,,,,False,,6.269412638042724,True,,2.0,additive_plus_film,additive_plus_film
additive_plus_film__g3__t2,3,2,77,provenance://crystalite/outputs/final report output/relaxed_groups/additive_plus_film__g3__t2/cifs/sample_00077.cif,True,True,True,True,1.937059036540252,315.8977369926224,35.099748554735825,9,False,True,True,,,,False,,4.314048650993949,True,,2.0,additive_plus_film,additive_plus_film
additive_plus_film__g3__t2,3,2,78,provenance://crystalite/outputs/final report output/relaxed_groups/additive_plus_film__g3__t2/cifs/sample_00078.cif,True,True,True,True,1.3207065093648382,124.50696934685794,15.563371168357245,8,False,True,True,,,,False,,2.523030358659753,True,,2.0,additive_plus_film,additive_plus_film
additive_plus_film__g3__t2,3,2,80,provenance://crystalite/outputs/final report output/relaxed_groups/additive_plus_film__g3__t2/cifs/sample_00080.cif,True,True,True,True,1.76293796130298,205.3031181004573,20.53031181004573,10,False,True,True,,,,False,,1.8991830673691688,True,,2.0,additive_plus_film,additive_plus_film
additive_plus_film__g3__t2,3,2,82,provenance://crystalite/outputs/final report output/relaxed_groups/additive_plus_film__g3__t2/cifs/sample_00082.cif,True,True,True,True,1.731621445637484,116.44531880378132,19.40755313396356,6,False,True,True,,,,False,,2.386527367093979,True,,2.0,additive_plus_film,additive_plus_film
additive_plus_film__g3__t2,3,2,83,provenance://crystalite/outputs/final report output/relaxed_groups/additive_plus_film__g3__t2/cifs/sample_00083.cif,True,True,True,True,1.8461789210387791,227.868259356231,18.98902161301925,12,False,True,True,,,,False,,3.4129088305924307,True,,2.0,additive_plus_film,additive_plus_film
additive_plus_film__g3__t2,3,2,84,provenance://crystalite/outputs/final report output/relaxed_groups/additive_plus_film__g3__t2/cifs/sample_00084.cif,True,False,True,False,2.0913928922468283,626.1410314124333,34.785612856246296,18,False,True,True,,,,False,,2.3167409828613854,True,,2.0,additive_plus_film,additive_plus_film
additive_plus_film__g3__t2,3,2,85,provenance://crystalite/outputs/final report output/relaxed_groups/additive_plus_film__g3__t2/cifs/sample_00085.cif,True,True,True,True,1.7901597857941367,459.6256927606335,38.30214106338613,12,False,True,True,,,,False,,2.0679693406353645,True,,2.0,additive_plus_film,additive_plus_film
additive_plus_film__g3__t2,3,2,87,provenance://crystalite/outputs/final report output/relaxed_groups/additive_plus_film__g3__t2/cifs/sample_00087.cif,True,True,True,True,1.6804836245084749,199.30675028099665,16.60889585674972,12,False,True,True,,,,False,,2.4750834000687543,True,,2.0,additive_plus_film,additive_plus_film
additive_plus_film__g3__t2,3,2,88,provenance://crystalite/outputs/final report output/relaxed_groups/additive_plus_film__g3__t2/cifs/sample_00088.cif,True,False,True,False,1.9399992459486697,863.1989240001368,43.15994620000684,20,False,True,True,,,,False,,1.968294894973179,True,,2.0,additive_plus_film,additive_plus_film
additive_plus_film__g3__t2,3,2,89,provenance://crystalite/outputs/final report output/relaxed_groups/additive_plus_film__g3__t2/cifs/sample_00089.cif,True,False,True,False,1.4941062101386144,546.641551595935,34.165096974745936,16,False,True,True,,,,False,,2.298115755143961,True,,2.0,additive_plus_film,additive_plus_film
additive_plus_film__g3__t2,3,2,90,provenance://crystalite/outputs/final report output/relaxed_groups/additive_plus_film__g3__t2/cifs/sample_00090.cif,True,False,True,False,1.9988091835524264,237.7144542526283,16.979603875187735,14,False,True,True,,,,False,,1.962017318743276,True,,2.0,additive_plus_film,additive_plus_film
additive_plus_film__g3__t2,3,2,91,provenance://crystalite/outputs/final report output/relaxed_groups/additive_plus_film__g3__t2/cifs/sample_00091.cif,True,True,True,True,2.862072315289524,85.36466758893606,28.45488919631202,3,False,True,True,,,,False,,3.778748772967358,True,,2.0,additive_plus_film,additive_plus_film
additive_plus_film__g3__t2,3,2,92,provenance://crystalite/outputs/final report output/relaxed_groups/additive_plus_film__g3__t2/cifs/sample_00092.cif,True,False,True,False,1.655973869180838,123.52650146673017,24.70530029334603,5,False,True,True,,,,False,,2.684021840616228,True,,2.0,additive_plus_film,additive_plus_film
additive_plus_film__g3__t2,3,2,93,provenance://crystalite/outputs/final report output/relaxed_groups/additive_plus_film__g3__t2/cifs/sample_00093.cif,True,False,True,False,0.9754553894822796,103.87485468094728,14.839264954421038,7,False,True,True,,,,False,,1.3506072264659226,True,,2.0,additive_plus_film,additive_plus_film
additive_plus_film__g3__t2,3,2,94,provenance://crystalite/outputs/final report output/relaxed_groups/additive_plus_film__g3__t2/cifs/sample_00094.cif,True,True,True,True,2.0560238451964903,211.35335807287055,21.135335807287056,10,False,True,True,,,,False,,6.003433502370847,True,,2.0,additive_plus_film,additive_plus_film
additive_plus_film__g3__t2,3,2,95,provenance://crystalite/outputs/final report output/relaxed_groups/additive_plus_film__g3__t2/cifs/sample_00095.cif,True,True,True,True,1.4883831545972517,530.4788208087322,33.15492630054576,16,False,True,True,,,,False,,1.893270593811576,True,,2.0,additive_plus_film,additive_plus_film
additive_plus_film__g3__t2,3,2,96,provenance://crystalite/outputs/final report output/relaxed_groups/additive_plus_film__g3__t2/cifs/sample_00096.cif,True,True,True,True,2.922540662824818,133.5724789408792,22.262079823479866,6,True,True,True,,,,False,,14.187199990298716,True,,2.0,additive_plus_film,additive_plus_film
additive_plus_film__g3__t2,3,2,98,provenance://crystalite/outputs/final report output/relaxed_groups/additive_plus_film__g3__t2/cifs/sample_00098.cif,True,True,True,True,1.7177679281272564,216.2589535497648,12.014386308320264,18,False,True,True,,,,False,,5.287880255651509,True,,2.0,additive_plus_film,additive_plus_film
additive_plus_film__g3__t2,3,2,99,provenance://crystalite/outputs/final report output/relaxed_groups/additive_plus_film__g3__t2/cifs/sample_00099.cif,True,False,True,False,1.3636456704309836,207.8477461687696,11.547097009376088,18,False,True,True,,,,False,,3.854926127433771,True,,2.0,additive_plus_film,additive_plus_film
additive_plus_film__g3__t2,3,2,100,provenance://crystalite/outputs/final report output/relaxed_groups/additive_plus_film__g3__t2/cifs/sample_00100.cif,True,False,True,False,1.8896937766552293,183.6287616034727,26.23268022906753,7,False,True,True,,,,False,,2.971119431645981,True,,2.0,additive_plus_film,additive_plus_film
additive_plus_film__g3__t2,3,2,101,provenance://crystalite/outputs/final report output/relaxed_groups/additive_plus_film__g3__t2/cifs/sample_00101.cif,True,False,True,False,1.5035472910245842,146.75220419167292,18.344025523959115,8,False,True,True,,,,False,,2.7655468448795992,True,,2.0,additive_plus_film,additive_plus_film
additive_plus_film__g3__t2,3,2,102,provenance://crystalite/outputs/final report output/relaxed_groups/additive_plus_film__g3__t2/cifs/sample_00102.cif,True,True,True,True,1.4285405203379964,279.6861338426553,23.30717782022128,12,False,False,True,,,,False,,2.5956664433165,True,,2.0,additive_plus_film,additive_plus_film
additive_plus_film__g3__t2,3,2,103,provenance://crystalite/outputs/final report output/relaxed_groups/additive_plus_film__g3__t2/cifs/sample_00103.cif,True,False,True,False,1.4173311339558003,522.458404793334,26.1229202396667,20,False,True,True,,,,False,,1.807453684074932,True,,2.0,additive_plus_film,additive_plus_film
additive_plus_film__g3__t2,3,2,104,provenance://crystalite/outputs/final report output/relaxed_groups/additive_plus_film__g3__t2/cifs/sample_00104.cif,True,True,True,True,1.6541632045266168,211.06612169105532,17.588843474254613,12,False,True,True,,,,False,,3.2290908477764337,True,,2.0,additive_plus_film,additive_plus_film
additive_plus_film__g3__t2,3,2,105,provenance://crystalite/outputs/final report output/relaxed_groups/additive_plus_film__g3__t2/cifs/sample_00105.cif,True,True,True,True,2.6394118723352205,200.1559204501816,66.71864015006052,3,False,True,True,,,,False,,2.441266434184684,True,,2.0,additive_plus_film,additive_plus_film
additive_plus_film__g3__t2,3,2,106,provenance://crystalite/outputs/final report output/relaxed_groups/additive_plus_film__g3__t2/cifs/sample_00106.cif,True,False,True,False,2.009539118395544,1381.3989675567077,98.67135482547911,14,False,True,True,,,,False,,1.7712995349402,True,,2.0,additive_plus_film,additive_plus_film
additive_plus_film__g3__t2,3,2,107,provenance://crystalite/outputs/final report output/relaxed_groups/additive_plus_film__g3__t2/cifs/sample_00107.cif,True,False,True,False,1.6625090210202764,431.6705122461347,33.20542401893344,13,False,True,True,,,,False,,1.948600484181252,True,,2.0,additive_plus_film,additive_plus_film
additive_plus_film__g3__t2,3,2,108,provenance://crystalite/outputs/final report output/relaxed_groups/additive_plus_film__g3__t2/cifs/sample_00108.cif,True,True,True,True,1.7616211858080333,213.5020492322463,17.791837436020526,12,False,True,True,,,,False,,2.806136226179666,True,,2.0,additive_plus_film,additive_plus_film
additive_plus_film__g3__t2,3,2,109,provenance://crystalite/outputs/final report output/relaxed_groups/additive_plus_film__g3__t2/cifs/sample_00109.cif,True,True,True,True,1.923918113284252,378.2659062676598,21.014772570425546,18,False,True,True,,,,False,,3.2575828241541416,True,,2.0,additive_plus_film,additive_plus_film
additive_plus_film__g3__t2,3,2,111,provenance://crystalite/outputs/final report output/relaxed_groups/additive_plus_film__g3__t2/cifs/sample_00111.cif,True,True,True,True,2.557342296493064,457.1414379679357,57.14267974599196,8,False,True,True,,,,False,,3.813873481533156,True,,2.0,additive_plus_film,additive_plus_film
additive_plus_film__g3__t2,3,2,112,provenance://crystalite/outputs/final report output/relaxed_groups/additive_plus_film__g3__t2/cifs/sample_00112.cif,True,True,True,True,1.7715601096025269,65.92454499806117,13.184908999612231,5,False,True,True,,,,False,,2.4626523047075337,True,,2.0,additive_plus_film,additive_plus_film
additive_plus_film__g3__t2,3,2,113,provenance://crystalite/outputs/final report output/relaxed_groups/additive_plus_film__g3__t2/cifs/sample_00113.cif,True,True,True,True,2.222391731774735,276.00678437799223,34.50084804724903,8,False,True,True,,,,False,,3.0219802401696363,True,,2.0,additive_plus_film,additive_plus_film
additive_plus_film__g3__t2,3,2,114,provenance://crystalite/outputs/final report output/relaxed_groups/additive_plus_film__g3__t2/cifs/sample_00114.cif,True,False,True,False,0.6344680693465964,114.11960585820522,8.15140041844323,14,False,True,True,,,,False,,2.680809272692936,True,,2.0,additive_plus_film,additive_plus_film
additive_plus_film__g3__t2,3,2,115,provenance://crystalite/outputs/final report output/relaxed_groups/additive_plus_film__g3__t2/cifs/sample_00115.cif,True,True,True,True,1.3999670973092528,170.8068036720983,14.233900306008191,12,False,True,True,,,,False,,3.4856426866640398,True,,2.0,additive_plus_film,additive_plus_film
additive_plus_film__g3__t2,3,2,116,provenance://crystalite/outputs/final report output/relaxed_groups/additive_plus_film__g3__t2/cifs/sample_00116.cif,True,True,True,True,1.7921280724828352,151.32740233388282,18.915925291735352,8,False,True,True,,,,False,,2.7171890887575163,True,,2.0,additive_plus_film,additive_plus_film
additive_plus_film__g3__t2,3,2,118,provenance://crystalite/outputs/final report output/relaxed_groups/additive_plus_film__g3__t2/cifs/sample_00118.cif,True,True,True,True,0.576343593991487,254.150979413942,12.7075489706971,20,False,True,True,,,,False,,3.503098192451221,True,,2.0,additive_plus_film,additive_plus_film
additive_plus_film__g3__t2,3,2,120,provenance://crystalite/outputs/final report output/relaxed_groups/additive_plus_film__g3__t2/cifs/sample_00120.cif,True,False,True,False,1.4627017402503495,584.2970423889401,29.21485211944701,20,False,True,True,,,,False,,2.2162798583302816,True,,2.0,additive_plus_film,additive_plus_film
additive_plus_film__g3__t2,3,2,121,provenance://crystalite/outputs/final report output/relaxed_groups/additive_plus_film__g3__t2/cifs/sample_00121.cif,True,False,True,False,2.182532648963796,340.70380702165903,26.207985155512237,13,False,True,True,,,,False,,2.233117098414142,True,,2.0,additive_plus_film,additive_plus_film
additive_plus_film__g3__t2,3,2,123,provenance://crystalite/outputs/final report output/relaxed_groups/additive_plus_film__g3__t2/cifs/sample_00123.cif,True,True,True,True,2.8708248701388905,314.22490345509607,31.42249034550961,10,True,True,True,,,,False,,14.65703793976062,True,,2.0,additive_plus_film,additive_plus_film
additive_plus_film__g3__t2,3,2,124,provenance://crystalite/outputs/final report output/relaxed_groups/additive_plus_film__g3__t2/cifs/sample_00124.cif,True,True,True,True,1.9625389857051247,252.55121987973573,18.039372848552556,14,False,True,True,,,,False,,3.683849819133187,True,,2.0,additive_plus_film,additive_plus_film
additive_plus_film__g3__t2,3,2,125,provenance://crystalite/outputs/final report output/relaxed_groups/additive_plus_film__g3__t2/cifs/sample_00125.cif,True,True,True,True,1.7431171362896645,237.43615490085764,11.871807745042885,20,False,True,True,,,,False,,2.843924281453649,True,,2.0,additive_plus_film,additive_plus_film
additive_plus_film__g3__t2,3,2,126,provenance://crystalite/outputs/final report output/relaxed_groups/additive_plus_film__g3__t2/cifs/sample_00126.cif,True,False,True,False,1.5849917030654892,360.0768934244229,27.69822257110945,13,False,True,True,,,,False,,1.6633546345894776,True,,2.0,additive_plus_film,additive_plus_film
additive_plus_film__g3__t2,3,2,127,provenance://crystalite/outputs/final report output/relaxed_groups/additive_plus_film__g3__t2/cifs/sample_00127.cif,True,True,True,True,1.6520334016034917,337.0733976026032,33.70733976026032,10,False,True,True,,,,False,,2.830066138542222,True,,2.0,additive_plus_film,additive_plus_film
additive_plus_film__g3__t4,3,4,0,provenance://crystalite/outputs/final report output/relaxed_groups/additive_plus_film__g3__t4/cifs/sample_00000.cif,True,True,True,True,2.482675065969521,47.72188340036297,11.930470850090742,4,True,True,True,,,,False,,17.138745829032132,True,,4.0,additive_plus_film,additive_plus_film
additive_plus_film__g3__t4,3,4,2,provenance://crystalite/outputs/final report output/relaxed_groups/additive_plus_film__g3__t4/cifs/sample_00002.cif,True,False,True,False,1.885411159064528,132.51450374636926,16.564312968296157,8,False,True,True,,,,False,,3.247627409153207,True,,4.0,additive_plus_film,additive_plus_film
additive_plus_film__g3__t4,3,4,3,provenance://crystalite/outputs/final report output/relaxed_groups/additive_plus_film__g3__t4/cifs/sample_00003.cif,True,True,True,True,2.465031754511368,98.06339962997828,12.257924953747288,8,True,True,True,,,,False,,21.30932142022504,True,,4.0,additive_plus_film,additive_plus_film
additive_plus_film__g3__t4,3,4,4,provenance://crystalite/outputs/final report output/relaxed_groups/additive_plus_film__g3__t4/cifs/sample_00004.cif,True,True,True,True,3.354804271812733,59.09787375189767,29.548936875948836,2,False,True,True,,,,False,,4.236946588293037,True,,4.0,additive_plus_film,additive_plus_film
additive_plus_film__g3__t4,3,4,5,provenance://crystalite/outputs/final report output/relaxed_groups/additive_plus_film__g3__t4/cifs/sample_00005.cif,True,True,True,True,1.7912909984817416,230.9881014624964,14.436756341406024,16,False,True,True,,,,False,,2.354852230107868,True,,4.0,additive_plus_film,additive_plus_film
additive_plus_film__g3__t4,3,4,6,provenance://crystalite/outputs/final report output/relaxed_groups/additive_plus_film__g3__t4/cifs/sample_00006.cif,True,True,True,True,1.7758473646136872,119.25393127474068,14.906741409342583,8,False,True,False,,,,False,,3.624137697203924,True,,4.0,additive_plus_film,additive_plus_film
additive_plus_film__g3__t4,3,4,7,provenance://crystalite/outputs/final report output/relaxed_groups/additive_plus_film__g3__t4/cifs/sample_00007.cif,True,False,True,False,0.972988878679306,246.6328584193686,17.616632744240615,14,False,True,True,,,,False,,4.094705241093609,True,,4.0,additive_plus_film,additive_plus_film
additive_plus_film__g3__t4,3,4,8,provenance://crystalite/outputs/final report output/relaxed_groups/additive_plus_film__g3__t4/cifs/sample_00008.cif,True,True,True,True,1.7549488381701297,240.27659331893835,20.02304944324486,12,False,True,True,,,,False,,2.4447742732383446,True,,4.0,additive_plus_film,additive_plus_film
additive_plus_film__g3__t4,3,4,9,provenance://crystalite/outputs/final report output/relaxed_groups/additive_plus_film__g3__t4/cifs/sample_00009.cif,True,False,True,False,2.582402131680108,239.58032238586063,29.94754029823258,8,False,True,True,,,,False,,5.542161806035094,True,,4.0,additive_plus_film,additive_plus_film
additive_plus_film__g3__t4,3,4,10,provenance://crystalite/outputs/final report output/relaxed_groups/additive_plus_film__g3__t4/cifs/sample_00010.cif,True,False,True,False,1.9898842098199576,196.5054105076147,16.37545087563456,12,False,True,True,,,,False,,4.446726679051165,True,,4.0,additive_plus_film,additive_plus_film
additive_plus_film__g3__t4,3,4,11,provenance://crystalite/outputs/final report output/relaxed_groups/additive_plus_film__g3__t4/cifs/sample_00011.cif,True,True,True,True,1.8846842112693756,242.26249578389704,13.459027543549835,18,False,True,True,,,,False,,2.2481386127220557,True,,4.0,additive_plus_film,additive_plus_film
additive_plus_film__g3__t4,3,4,12,provenance://crystalite/outputs/final report output/relaxed_groups/additive_plus_film__g3__t4/cifs/sample_00012.cif,True,True,True,True,2.2122838693331794,238.89283125641967,23.889283125641967,10,False,True,False,,,,False,,5.534369784289727,True,,4.0,additive_plus_film,additive_plus_film
additive_plus_film__g3__t4,3,4,13,provenance://crystalite/outputs/final report output/relaxed_groups/additive_plus_film__g3__t4/cifs/sample_00013.cif,True,True,True,True,2.0185772446594057,201.79475350451145,16.816229458709287,12,False,True,True,,,,False,,3.42703500547502,True,,4.0,additive_plus_film,additive_plus_film
additive_plus_film__g3__t4,3,4,14,provenance://crystalite/outputs/final report output/relaxed_groups/additive_plus_film__g3__t4/cifs/sample_00014.cif,True,True,True,True,1.7624760562244106,182.4043301511484,15.200360845929032,12,False,True,True,,,,False,,4.32708230302272,True,,4.0,additive_plus_film,additive_plus_film
additive_plus_film__g3__t4,3,4,15,provenance://crystalite/outputs/final report output/relaxed_groups/additive_plus_film__g3__t4/cifs/sample_00015.cif,True,True,True,True,2.5627018762728264,73.46872758805284,24.48957586268428,3,False,True,True,,,,False,,13.751509370570917,True,,4.0,additive_plus_film,additive_plus_film
additive_plus_film__g3__t4,3,4,16,provenance://crystalite/outputs/final report output/relaxed_groups/additive_plus_film__g3__t4/cifs/sample_00016.cif,True,False,True,False,1.8662139553257329,376.7543612589668,20.930797847720378,18,False,True,True,,,,False,,2.554997789233321,True,,4.0,additive_plus_film,additive_plus_film
additive_plus_film__g3__t4,3,4,17,provenance://crystalite/outputs/final report output/relaxed_groups/additive_plus_film__g3__t4/cifs/sample_00017.cif,True,True,True,True,1.9916710605631696,184.8570108279424,23.107126353492795,8,False,True,True,,,,False,,2.0892504288864644,True,,4.0,additive_plus_film,additive_plus_film
additive_plus_film__g3__t4,3,4,18,provenance://crystalite/outputs/final report output/relaxed_groups/additive_plus_film__g3__t4/cifs/sample_00018.cif,True,True,True,True,3.465976564646542,65.05076815786101,32.52538407893051,2,False,True,True,,,,False,,2.5011860440176625,True,,4.0,additive_plus_film,additive_plus_film
additive_plus_film__g3__t4,3,4,19,provenance://crystalite/outputs/final report output/relaxed_groups/additive_plus_film__g3__t4/cifs/sample_00019.cif,True,True,True,True,1.7832824071896622,142.11278058640846,14.211278058640849,10,False,True,True,,,,False,,3.528600792193122,True,,4.0,additive_plus_film,additive_plus_film
additive_plus_film__g3__t4,3,4,20,provenance://crystalite/outputs/final report output/relaxed_groups/additive_plus_film__g3__t4/cifs/sample_00020.cif,True,False,True,False,2.329213873670588,97.61869812324466,19.523739624648933,5,False,True,True,,,,False,,11.372457637661398,True,,4.0,additive_plus_film,additive_plus_film
additive_plus_film__g3__t4,3,4,21,provenance://crystalite/outputs/final report output/relaxed_groups/additive_plus_film__g3__t4/cifs/sample_00021.cif,True,True,True,True,1.835304566058578,334.6311433385796,16.73155716692898,20,False,True,True,,,,False,,2.718192476809039,True,,4.0,additive_plus_film,additive_plus_film
additive_plus_film__g3__t4,3,4,22,provenance://crystalite/outputs/final report output/relaxed_groups/additive_plus_film__g3__t4/cifs/sample_00022.cif,True,True,True,True,1.592156400926035,160.61221907522756,11.472301362516252,14,False,True,True,,,,False,,8.155610893623615,True,,4.0,additive_plus_film,additive_plus_film
additive_plus_film__g3__t4,3,4,23,provenance://crystalite/outputs/final report output/relaxed_groups/additive_plus_film__g3__t4/cifs/sample_00023.cif,True,True,True,True,1.2394205192952497,157.49388682323985,17.49932075813776,9,False,True,True,,,,False,,2.357471412221428,True,,4.0,additive_plus_film,additive_plus_film
additive_plus_film__g3__t4,3,4,24,provenance://crystalite/outputs/final report output/relaxed_groups/additive_plus_film__g3__t4/cifs/sample_00024.cif,True,True,True,True,2.0566534564565218,128.07607241524752,12.807607241524751,10,False,True,True,,,,False,,9.84237385617362,True,,4.0,additive_plus_film,additive_plus_film
additive_plus_film__g3__t4,3,4,25,provenance://crystalite/outputs/final report output/relaxed_groups/additive_plus_film__g3__t4/cifs/sample_00025.cif,True,False,True,False,1.7750565886089873,395.6835370369356,24.73022106480847,16,False,True,True,,,,False,,2.012271478413024,True,,4.0,additive_plus_film,additive_plus_film
additive_plus_film__g3__t4,3,4,26,provenance://crystalite/outputs/final report output/relaxed_groups/additive_plus_film__g3__t4/cifs/sample_00026.cif,True,True,True,True,1.9465295316569744,229.68047654993185,11.484023827496593,20,False,True,True,,,,False,,3.5053000831878838,True,,4.0,additive_plus_film,additive_plus_film
additive_plus_film__g3__t4,3,4,27,provenance://crystalite/outputs/final report output/relaxed_groups/additive_plus_film__g3__t4/cifs/sample_00027.cif,True,True,True,True,0.9744213759754372,116.2706102521964,14.533826281524547,8,False,True,True,,,,False,,1.880286546842088,True,,4.0,additive_plus_film,additive_plus_film
additive_plus_film__g3__t4,3,4,28,provenance://crystalite/outputs/final report output/relaxed_groups/additive_plus_film__g3__t4/cifs/sample_00028.cif,True,True,True,True,1.6117751146212227,193.33199057598048,12.08324941099878,16,False,True,True,,,,False,,4.278668422834785,True,,4.0,additive_plus_film,additive_plus_film
additive_plus_film__g3__t4,3,4,29,provenance://crystalite/outputs/final report output/relaxed_groups/additive_plus_film__g3__t4/cifs/sample_00029.cif,True,True,True,True,2.76492437538764,438.0106781615306,27.375667385095664,16,True,True,True,,,,False,,6.752623344266766,True,,4.0,additive_plus_film,additive_plus_film
additive_plus_film__g3__t4,3,4,30,provenance://crystalite/outputs/final report output/relaxed_groups/additive_plus_film__g3__t4/cifs/sample_00030.cif,True,False,True,False,1.226819203831479,328.65346574595696,20.54084160912231,16,False,True,True,,,,False,,2.891909070451945,True,,4.0,additive_plus_film,additive_plus_film
additive_plus_film__g3__t4,3,4,31,provenance://crystalite/outputs/final report output/relaxed_groups/additive_plus_film__g3__t4/cifs/sample_00031.cif,True,True,True,True,2.2455829418769917,74.48166816442709,14.89633363288542,5,False,True,True,,,,False,,15.385582672740654,True,,4.0,additive_plus_film,additive_plus_film
additive_plus_film__g3__t4,3,4,32,provenance://crystalite/outputs/final report output/relaxed_groups/additive_plus_film__g3__t4/cifs/sample_00032.cif,True,False,True,False,1.9914194610902003,319.638973333432,17.757720740746223,18,False,True,True,,,,False,,2.284594791099525,True,,4.0,additive_plus_film,additive_plus_film
additive_plus_film__g3__t4,3,4,33,provenance://crystalite/outputs/final report output/relaxed_groups/additive_plus_film__g3__t4/cifs/sample_00033.cif,True,True,True,True,1.4670140620041392,183.770259179668,15.314188264972335,12,False,True,True,,,,False,,3.2226156056495383,True,,4.0,additive_plus_film,additive_plus_film
additive_plus_film__g3__t4,3,4,34,provenance://crystalite/outputs/final report output/relaxed_groups/additive_plus_film__g3__t4/cifs/sample_00034.cif,True,True,True,True,0.9809855559208602,169.7310561328225,13.056235087140193,13,False,True,True,,,,False,,2.3099648609878902,True,,4.0,additive_plus_film,additive_plus_film
additive_plus_film__g3__t4,3,4,35,provenance://crystalite/outputs/final report output/relaxed_groups/additive_plus_film__g3__t4/cifs/sample_00035.cif,True,False,True,False,1.996589230442944,114.24891303716646,16.32127329102378,7,False,True,True,,,,False,,3.441746722938109,True,,4.0,additive_plus_film,additive_plus_film
additive_plus_film__g3__t4,3,4,36,provenance://crystalite/outputs/final report output/relaxed_groups/additive_plus_film__g3__t4/cifs/sample_00036.cif,True,True,True,True,1.871512842416835,264.6123516230754,14.700686201281968,18,False,True,True,,,,False,,3.4464273638556517,True,,4.0,additive_plus_film,additive_plus_film
additive_plus_film__g3__t4,3,4,37,provenance://crystalite/outputs/final report output/relaxed_groups/additive_plus_film__g3__t4/cifs/sample_00037.cif,True,True,True,True,0.9448114970308904,153.4201881673296,9.5887617604581,16,False,True,True,,,,False,,2.4720245431386725,True,,4.0,additive_plus_film,additive_plus_film
additive_plus_film__g3__t4,3,4,38,provenance://crystalite/outputs/final report output/relaxed_groups/additive_plus_film__g3__t4/cifs/sample_00038.cif,True,True,True,True,1.6572128209713335,188.0958831322963,15.67465692769136,12,False,True,True,,,,False,,3.855058367823204,True,,4.0,additive_plus_film,additive_plus_film
additive_plus_film__g3__t4,3,4,39,provenance://crystalite/outputs/final report output/relaxed_groups/additive_plus_film__g3__t4/cifs/sample_00039.cif,True,True,True,True,1.9397035169357688,230.41225825325893,14.400766140828685,16,False,True,True,,,,False,,7.548628993824789,True,,4.0,additive_plus_film,additive_plus_film
additive_plus_film__g3__t4,3,4,40,provenance://crystalite/outputs/final report output/relaxed_groups/additive_plus_film__g3__t4/cifs/sample_00040.cif,True,True,True,True,2.9598821752985898,51.55401081588692,25.77700540794346,2,False,True,True,,,,False,,12.955184369891086,True,,4.0,additive_plus_film,additive_plus_film
additive_plus_film__g3__t4,3,4,41,provenance://crystalite/outputs/final report output/relaxed_groups/additive_plus_film__g3__t4/cifs/sample_00041.cif,True,True,True,True,2.4033018925795107,88.49318995720647,17.698637991441295,5,True,True,True,,,,False,,13.81474440693456,True,,4.0,additive_plus_film,additive_plus_film
additive_plus_film__g3__t4,3,4,42,provenance://crystalite/outputs/final report output/relaxed_groups/additive_plus_film__g3__t4/cifs/sample_00042.cif,True,False,True,False,1.835942737160056,239.23492155599132,14.95218259724946,16,False,True,True,,,,False,,2.293352652148377,True,,4.0,additive_plus_film,additive_plus_film
additive_plus_film__g3__t4,3,4,43,provenance://crystalite/outputs/final report output/relaxed_groups/additive_plus_film__g3__t4/cifs/sample_00043.cif,True,True,True,True,1.6928499870255058,154.92739790789997,15.492739790789996,10,False,True,True,,,,False,,3.0762275450053544,True,,4.0,additive_plus_film,additive_plus_film
additive_plus_film__g3__t4,3,4,44,provenance://crystalite/outputs/final report output/relaxed_groups/additive_plus_film__g3__t4/cifs/sample_00044.cif,True,False,True,False,1.583250073590927,156.51769997325513,15.651769997325513,10,False,True,True,,,,False,,3.5274407436560344,True,,4.0,additive_plus_film,additive_plus_film
additive_plus_film__g3__t4,3,4,45,provenance://crystalite/outputs/final report output/relaxed_groups/additive_plus_film__g3__t4/cifs/sample_00045.cif,True,True,True,True,1.9638635384424112,85.30916246132438,14.218193743554062,6,False,True,True,,,,False,,3.3555865147123085,True,,4.0,additive_plus_film,additive_plus_film
additive_plus_film__g3__t4,3,4,46,provenance://crystalite/outputs/final report output/relaxed_groups/additive_plus_film__g3__t4/cifs/sample_00046.cif,True,True,True,True,0.975462579939624,181.70071565719184,16.51824687792653,11,False,True,True,,,,False,,2.416802939667364,True,,4.0,additive_plus_film,additive_plus_film
additive_plus_film__g3__t4,3,4,47,provenance://crystalite/outputs/final report output/relaxed_groups/additive_plus_film__g3__t4/cifs/sample_00047.cif,True,True,True,True,1.8166037292993893,181.39412868352483,15.116177390293736,12,False,True,True,,,,False,,7.1177130370553,True,,4.0,additive_plus_film,additive_plus_film
additive_plus_film__g3__t4,3,4,48,provenance://crystalite/outputs/final report output/relaxed_groups/additive_plus_film__g3__t4/cifs/sample_00048.cif,True,True,True,True,1.4225925774365906,147.20288188034792,18.40036023504349,8,False,True,True,,,,False,,2.814689752670759,True,,4.0,additive_plus_film,additive_plus_film
additive_plus_film__g3__t4,3,4,49,provenance://crystalite/outputs/final report output/relaxed_groups/additive_plus_film__g3__t4/cifs/sample_00049.cif,True,False,True,False,2.4256966600753738,127.2613334579362,15.907666682242024,8,False,True,True,,,,False,,26.00940758668766,True,,4.0,additive_plus_film,additive_plus_film
additive_plus_film__g3__t4,3,4,50,provenance://crystalite/outputs/final report output/relaxed_groups/additive_plus_film__g3__t4/cifs/sample_00050.cif,True,True,True,True,1.9470213769297808,191.6140819060797,15.967840158839977,12,False,True,True,,,,False,,7.227895910445935,True,,4.0,additive_plus_film,additive_plus_film
additive_plus_film__g3__t4,3,4,51,provenance://crystalite/outputs/final report output/relaxed_groups/additive_plus_film__g3__t4/cifs/sample_00051.cif,True,True,True,True,1.7545861851406377,132.34574719721704,14.705083021913005,9,False,True,True,,,,False,,2.471757133333357,True,,4.0,additive_plus_film,additive_plus_film
additive_plus_film__g3__t4,3,4,52,provenance://crystalite/outputs/final report output/relaxed_groups/additive_plus_film__g3__t4/cifs/sample_00052.cif,True,False,True,False,1.9179994030952516,165.54791073812754,15.049810067102504,11,False,True,True,,,,False,,2.3303337627761915,True,,4.0,additive_plus_film,additive_plus_film
additive_plus_film__g3__t4,3,4,53,provenance://crystalite/outputs/final report output/relaxed_groups/additive_plus_film__g3__t4/cifs/sample_00053.cif,True,False,True,False,1.933450684931236,282.64761434276187,15.702645241264548,18,False,True,True,,,,False,,4.618543890655992,True,,4.0,additive_plus_film,additive_plus_film
additive_plus_film__g3__t4,3,4,54,provenance://crystalite/outputs/final report output/relaxed_groups/additive_plus_film__g3__t4/cifs/sample_00054.cif,True,True,True,True,1.7455389772709626,311.6205611446936,17.312253396927424,18,False,True,True,,,,False,,2.350366018331176,True,,4.0,additive_plus_film,additive_plus_film
additive_plus_film__g3__t4,3,4,55,provenance://crystalite/outputs/final report output/relaxed_groups/additive_plus_film__g3__t4/cifs/sample_00055.cif,True,False,True,False,2.5015610098968724,181.79622781142427,15.149685650952025,12,False,True,True,,,,False,,25.827409294528707,True,,4.0,additive_plus_film,additive_plus_film
additive_plus_film__g3__t4,3,4,56,provenance://crystalite/outputs/final report output/relaxed_groups/additive_plus_film__g3__t4/cifs/sample_00056.cif,True,True,True,True,1.8029317575151984,107.96801513066924,26.992003782667307,4,False,True,True,,,,False,,4.972581363949193,True,,4.0,additive_plus_film,additive_plus_film
additive_plus_film__g3__t4,3,4,57,provenance://crystalite/outputs/final report output/relaxed_groups/additive_plus_film__g3__t4/cifs/sample_00057.cif,True,True,True,True,1.9471957081150624,52.37458214542361,10.474916429084722,5,False,True,True,,,,False,,6.632400213643717,True,,4.0,additive_plus_film,additive_plus_film
additive_plus_film__g3__t4,3,4,58,provenance://crystalite/outputs/final report output/relaxed_groups/additive_plus_film__g3__t4/cifs/sample_00058.cif,True,False,True,False,0.9495707492947248,318.853565680263,17.714086982236832,18,False,True,True,,,,False,,3.107885756044728,True,,4.0,additive_plus_film,additive_plus_film
additive_plus_film__g3__t4,3,4,59,provenance://crystalite/outputs/final report output/relaxed_groups/additive_plus_film__g3__t4/cifs/sample_00059.cif,True,True,True,True,1.7262740496204088,207.06631830720136,18.824210755200124,11,False,True,True,,,,False,,1.8902997472119516,True,,4.0,additive_plus_film,additive_plus_film
additive_plus_film__g3__t4,3,4,60,provenance://crystalite/outputs/final report output/relaxed_groups/additive_plus_film__g3__t4/cifs/sample_00060.cif,True,True,True,True,2.1563284065995667,61.02852322062736,15.25713080515684,4,False,True,True,,,,False,,9.189230708941254,True,,4.0,additive_plus_film,additive_plus_film
additive_plus_film__g3__t4,3,4,61,provenance://crystalite/outputs/final report output/relaxed_groups/additive_plus_film__g3__t4/cifs/sample_00061.cif,True,False,True,False,1.682612617472803,244.0407989297444,17.431485637838882,14,False,True,True,,,,False,,4.734992056469964,True,,4.0,additive_plus_film,additive_plus_film
additive_plus_film__g3__t4,3,4,62,provenance://crystalite/outputs/final report output/relaxed_groups/additive_plus_film__g3__t4/cifs/sample_00062.cif,True,True,True,True,1.932388979749993,179.2039183914764,16.29126530831604,11,False,True,True,,,,False,,7.166416453015414,True,,4.0,additive_plus_film,additive_plus_film
additive_plus_film__g3__t4,3,4,63,provenance://crystalite/outputs/final report output/relaxed_groups/additive_plus_film__g3__t4/cifs/sample_00063.cif,True,False,True,False,2.1749038434763306,168.4623634947469,18.71804038830521,9,False,True,True,,,,False,,2.004163615560864,True,,4.0,additive_plus_film,additive_plus_film
additive_plus_film__g3__t4,3,4,64,provenance://crystalite/outputs/final report output/relaxed_groups/additive_plus_film__g3__t4/cifs/sample_00064.cif,True,True,True,True,1.7814217724722117,138.429208291641,19.775601184520145,7,False,True,True,,,,False,,3.188941111835534,True,,4.0,additive_plus_film,additive_plus_film
additive_plus_film__g3__t4,3,4,65,provenance://crystalite/outputs/final report output/relaxed_groups/additive_plus_film__g3__t4/cifs/sample_00065.cif,True,False,True,False,2.056445893711392,97.79727446935271,16.29954574489212,6,False,True,True,,,,False,,7.401024743913251,True,,4.0,additive_plus_film,additive_plus_film
additive_plus_film__g3__t4,3,4,66,provenance://crystalite/outputs/final report output/relaxed_groups/additive_plus_film__g3__t4/cifs/sample_00066.cif,True,False,True,False,2.052611398232796,373.9546987037207,18.697734935186038,20,False,True,True,,,,False,,4.881955906356553,True,,4.0,additive_plus_film,additive_plus_film
additive_plus_film__g3__t4,3,4,67,provenance://crystalite/outputs/final report output/relaxed_groups/additive_plus_film__g3__t4/cifs/sample_00067.cif,True,True,True,True,1.8624881387619816,215.8541503025456,17.987845858545466,12,False,True,True,,,,False,,2.0577537670576604,True,,4.0,additive_plus_film,additive_plus_film
additive_plus_film__g3__t4,3,4,68,provenance://crystalite/outputs/final report output/relaxed_groups/additive_plus_film__g3__t4/cifs/sample_00068.cif,True,False,True,False,2.3457305791900223,116.05981582538996,29.01495395634749,4,False,True,True,,,,False,,6.312372451921061,True,,4.0,additive_plus_film,additive_plus_film
additive_plus_film__g3__t4,3,4,69,provenance://crystalite/outputs/final report output/relaxed_groups/additive_plus_film__g3__t4/cifs/sample_00069.cif,True,False,True,False,1.656286498172501,617.4721086890868,30.87360543445434,20,False,True,True,,,,False,,2.6685840047070646,True,,4.0,additive_plus_film,additive_plus_film
additive_plus_film__g3__t4,3,4,70,provenance://crystalite/outputs/final report output/relaxed_groups/additive_plus_film__g3__t4/cifs/sample_00070.cif,True,True,True,True,1.8750432169020232,230.50952209220543,12.80608456067808,18,False,True,True,,,,False,,3.8390332615477294,True,,4.0,additive_plus_film,additive_plus_film
additive_plus_film__g3__t4,3,4,71,provenance://crystalite/outputs/final report output/relaxed_groups/additive_plus_film__g3__t4/cifs/sample_00071.cif,True,True,True,True,2.0575041471641486,84.22279257191357,14.03713209531893,6,False,True,True,,,,False,,3.8923398318994655,True,,4.0,additive_plus_film,additive_plus_film
additive_plus_film__g3__t4,3,4,72,provenance://crystalite/outputs/final report output/relaxed_groups/additive_plus_film__g3__t4/cifs/sample_00072.cif,True,True,True,True,1.7449425921680837,148.7541547604154,14.87541547604154,10,False,True,True,,,,False,,2.9169059656909586,True,,4.0,additive_plus_film,additive_plus_film
additive_plus_film__g3__t4,3,4,73,provenance://crystalite/outputs/final report output/relaxed_groups/additive_plus_film__g3__t4/cifs/sample_00073.cif,True,False,True,False,1.4869590118233509,389.0702497168407,24.316890607302543,16,False,True,True,,,,False,,1.9852742249936837,True,,4.0,additive_plus_film,additive_plus_film
additive_plus_film__g3__t4,3,4,74,provenance://crystalite/outputs/final report output/relaxed_groups/additive_plus_film__g3__t4/cifs/sample_00074.cif,True,True,True,True,2.048164989809999,58.6845633558464,14.6711408389616,4,False,True,True,,,,False,,6.137527496977294,True,,4.0,additive_plus_film,additive_plus_film
additive_plus_film__g3__t4,3,4,75,provenance://crystalite/outputs/final report output/relaxed_groups/additive_plus_film__g3__t4/cifs/sample_00075.cif,True,False,True,False,1.4149348172678422,119.85344846183196,14.981681057728997,8,False,True,True,,,,False,,2.8246829600821144,True,,4.0,additive_plus_film,additive_plus_film
additive_plus_film__g3__t4,3,4,76,provenance://crystalite/outputs/final report output/relaxed_groups/additive_plus_film__g3__t4/cifs/sample_00076.cif,True,False,True,False,2.8827897329467254,52.39237332071912,26.19618666035956,2,False,True,True,,,,False,,17.073278546786618,True,,4.0,additive_plus_film,additive_plus_film
additive_plus_film__g3__t4,3,4,77,provenance://crystalite/outputs/final report output/relaxed_groups/additive_plus_film__g3__t4/cifs/sample_00077.cif,True,False,True,False,1.9210280569846936,305.32635720352533,33.925150800391705,9,False,True,True,,,,False,,3.670922184337994,True,,4.0,additive_plus_film,additive_plus_film
additive_plus_film__g3__t4,3,4,78,provenance://crystalite/outputs/final report output/relaxed_groups/additive_plus_film__g3__t4/cifs/sample_00078.cif,True,True,True,True,0.9736743886358812,141.27960199354223,17.65995024919278,8,False,True,True,,,,False,,4.16782907453072,True,,4.0,additive_plus_film,additive_plus_film
additive_plus_film__g3__t4,3,4,79,provenance://crystalite/outputs/final report output/relaxed_groups/additive_plus_film__g3__t4/cifs/sample_00079.cif,True,True,True,True,2.264712756223648,257.8905847150046,16.118161544687787,16,False,True,True,,,,False,,15.116234748451902,True,,4.0,additive_plus_film,additive_plus_film
additive_plus_film__g3__t4,3,4,80,provenance://crystalite/outputs/final report output/relaxed_groups/additive_plus_film__g3__t4/cifs/sample_00080.cif,True,True,True,True,1.942124850043168,146.02051289985783,14.602051289985784,10,False,True,True,,,,False,,4.064090433275468,True,,4.0,additive_plus_film,additive_plus_film
additive_plus_film__g3__t4,3,4,82,provenance://crystalite/outputs/final report output/relaxed_groups/additive_plus_film__g3__t4/cifs/sample_00082.cif,True,True,True,True,1.857617079207059,96.81257979103,16.135429965171664,6,False,True,True,,,,False,,2.9852532618908305,True,,4.0,additive_plus_film,additive_plus_film
additive_plus_film__g3__t4,3,4,83,provenance://crystalite/outputs/final report output/relaxed_groups/additive_plus_film__g3__t4/cifs/sample_00083.cif,True,True,True,True,2.074597232503611,147.11878725495376,12.259898937912814,12,False,True,True,,,,False,,2.5987626513669704,True,,4.0,additive_plus_film,additive_plus_film
additive_plus_film__g3__t4,3,4,84,provenance://crystalite/outputs/final report output/relaxed_groups/additive_plus_film__g3__t4/cifs/sample_00084.cif,True,True,True,True,1.867508465554453,275.5636165585696,15.309089808809423,18,False,True,True,,,,False,,5.726426773268703,True,,4.0,additive_plus_film,additive_plus_film
additive_plus_film__g3__t4,3,4,85,provenance://crystalite/outputs/final report output/relaxed_groups/additive_plus_film__g3__t4/cifs/sample_00085.cif,True,True,True,True,1.8950408260901133,158.46603274681908,13.20550272890159,12,False,True,True,,,,False,,5.574837571420575,True,,4.0,additive_plus_film,additive_plus_film
additive_plus_film__g3__t4,3,4,86,provenance://crystalite/outputs/final report output/relaxed_groups/additive_plus_film__g3__t4/cifs/sample_00086.cif,True,True,True,True,1.929226368918847,214.6302212654109,15.330730090386494,14,False,True,True,,,,False,,2.159173042068289,True,,4.0,additive_plus_film,additive_plus_film
additive_plus_film__g3__t4,3,4,87,provenance://crystalite/outputs/final report output/relaxed_groups/additive_plus_film__g3__t4/cifs/sample_00087.cif,True,True,True,True,1.6197540492456175,149.21266770874223,12.43438897572852,12,False,True,True,,,,False,,7.118503712172088,True,,4.0,additive_plus_film,additive_plus_film
additive_plus_film__g3__t4,3,4,88,provenance://crystalite/outputs/final report output/relaxed_groups/additive_plus_film__g3__t4/cifs/sample_00088.cif,True,False,True,False,1.9258116702161063,478.14865461646417,23.90743273082321,20,False,True,True,,,,False,,2.236970153294027,True,,4.0,additive_plus_film,additive_plus_film
additive_plus_film__g3__t4,3,4,89,provenance://crystalite/outputs/final report output/relaxed_groups/additive_plus_film__g3__t4/cifs/sample_00089.cif,True,True,True,True,2.0576799031187103,467.388775886152,29.211798492884498,16,False,True,True,,,,False,,2.891520219191255,True,,4.0,additive_plus_film,additive_plus_film
additive_plus_film__g3__t4,3,4,90,provenance://crystalite/outputs/final report output/relaxed_groups/additive_plus_film__g3__t4/cifs/sample_00090.cif,True,True,True,True,1.948995386794282,188.0877006487035,13.43483576062168,14,False,True,True,,,,False,,3.03493505481104,True,,4.0,additive_plus_film,additive_plus_film
additive_plus_film__g3__t4,3,4,91,provenance://crystalite/outputs/final report output/relaxed_groups/additive_plus_film__g3__t4/cifs/sample_00091.cif,True,True,True,True,2.2640129591108087,98.97250959950426,32.990836533168086,3,False,True,True,,,,False,,3.1253796351378256,True,,4.0,additive_plus_film,additive_plus_film
additive_plus_film__g3__t4,3,4,92,provenance://crystalite/outputs/final report output/relaxed_groups/additive_plus_film__g3__t4/cifs/sample_00092.cif,True,True,True,True,1.2827753512051423,88.41837982936448,17.683675965872897,5,False,True,True,,,,False,,3.0237201954034134,True,,4.0,additive_plus_film,additive_plus_film
additive_plus_film__g3__t4,3,4,93,provenance://crystalite/outputs/final report output/relaxed_groups/additive_plus_film__g3__t4/cifs/sample_00093.cif,True,True,True,True,1.5377357829724805,108.8592700148674,15.5513242878382,7,False,True,True,,,,False,,2.4110499727348085,True,,4.0,additive_plus_film,additive_plus_film
additive_plus_film__g3__t4,3,4,94,provenance://crystalite/outputs/final report output/relaxed_groups/additive_plus_film__g3__t4/cifs/sample_00094.cif,True,True,True,True,1.5350425601975897,138.81566289000352,13.881566289000352,10,False,True,True,,,,False,,3.793937546647891,True,,4.0,additive_plus_film,additive_plus_film
additive_plus_film__g3__t4,3,4,95,provenance://crystalite/outputs/final report output/relaxed_groups/additive_plus_film__g3__t4/cifs/sample_00095.cif,True,True,True,True,1.904114435914234,269.40364756538094,16.83772797283631,16,False,True,True,,,,False,,7.3147479352456175,True,,4.0,additive_plus_film,additive_plus_film
additive_plus_film__g3__t4,3,4,96,provenance://crystalite/outputs/final report output/relaxed_groups/additive_plus_film__g3__t4/cifs/sample_00096.cif,True,True,True,True,2.8898614643740803,174.0634116311994,29.010568605199904,6,True,True,True,,,,False,,11.393879978337338,True,,4.0,additive_plus_film,additive_plus_film
additive_plus_film__g3__t4,3,4,97,provenance://crystalite/outputs/final report output/relaxed_groups/additive_plus_film__g3__t4/cifs/sample_00097.cif,True,False,True,False,1.8256931727174688,268.2389055381116,14.117837133584825,19,False,True,True,,,,False,,2.6884937118354,True,,4.0,additive_plus_film,additive_plus_film
additive_plus_film__g3__t4,3,4,98,provenance://crystalite/outputs/final report output/relaxed_groups/additive_plus_film__g3__t4/cifs/sample_00098.cif,True,False,True,False,1.8858696570069828,265.0207655762043,14.723375865344686,18,False,True,True,,,,False,,4.906828820832774,True,,4.0,additive_plus_film,additive_plus_film
additive_plus_film__g3__t4,3,4,99,provenance://crystalite/outputs/final report output/relaxed_groups/additive_plus_film__g3__t4/cifs/sample_00099.cif,True,False,True,False,1.7990852435120783,214.0992249573717,11.894401386520649,18,False,True,True,,,,False,,3.2409605139201005,True,,4.0,additive_plus_film,additive_plus_film
additive_plus_film__g3__t4,3,4,100,provenance://crystalite/outputs/final report output/relaxed_groups/additive_plus_film__g3__t4/cifs/sample_00100.cif,True,False,True,False,0.9407218031018872,115.29811802569074,16.47115971795582,7,False,True,True,,,,False,,1.2316505150886246,True,,4.0,additive_plus_film,additive_plus_film
additive_plus_film__g3__t4,3,4,101,provenance://crystalite/outputs/final report output/relaxed_groups/additive_plus_film__g3__t4/cifs/sample_00101.cif,True,False,True,False,1.5390081772139323,146.01397469701743,18.25174683712718,8,False,True,True,,,,False,,2.353389294318197,True,,4.0,additive_plus_film,additive_plus_film
additive_plus_film__g3__t4,3,4,102,provenance://crystalite/outputs/final report output/relaxed_groups/additive_plus_film__g3__t4/cifs/sample_00102.cif,True,True,True,True,1.7732525703154665,162.89194681886048,13.574328901571706,12,False,True,True,,,,False,,3.1423910879855,True,,4.0,additive_plus_film,additive_plus_film
additive_plus_film__g3__t4,3,4,103,provenance://crystalite/outputs/final report output/relaxed_groups/additive_plus_film__g3__t4/cifs/sample_00103.cif,True,True,True,True,1.2453609268735686,314.02189868367464,15.701094934183732,20,False,True,True,,,,False,,4.083439216572267,True,,4.0,additive_plus_film,additive_plus_film
additive_plus_film__g3__t4,3,4,104,provenance://crystalite/outputs/final report output/relaxed_groups/additive_plus_film__g3__t4/cifs/sample_00104.cif,True,True,True,True,1.830251253863464,215.7360883315216,17.978007360960135,12,False,True,True,,,,False,,4.4055309355212335,True,,4.0,additive_plus_film,additive_plus_film
additive_plus_film__g3__t4,3,4,105,provenance://crystalite/outputs/final report output/relaxed_groups/additive_plus_film__g3__t4/cifs/sample_00105.cif,True,True,True,True,2.4556095473960764,157.0854674082895,52.36182246942983,3,False,True,True,,,,False,,2.633813949683278,True,,4.0,additive_plus_film,additive_plus_film
additive_plus_film__g3__t4,3,4,106,provenance://crystalite/outputs/final report output/relaxed_groups/additive_plus_film__g3__t4/cifs/sample_00106.cif,True,True,True,True,1.8535230617874667,281.13131995595734,20.080808568282663,14,False,True,True,,,,False,,2.141898577768614,True,,4.0,additive_plus_film,additive_plus_film
additive_plus_film__g3__t4,3,4,108,provenance://crystalite/outputs/final report output/relaxed_groups/additive_plus_film__g3__t4/cifs/sample_00108.cif,True,True,True,True,1.6012018090524394,183.2979124203236,15.274826035026964,12,False,True,True,,,,False,,2.1350693504140787,True,,4.0,additive_plus_film,additive_plus_film
additive_plus_film__g3__t4,3,4,109,provenance://crystalite/outputs/final report output/relaxed_groups/additive_plus_film__g3__t4/cifs/sample_00109.cif,True,True,True,True,1.8246494588540696,367.5051688726476,20.4169538262582,18,False,True,True,,,,False,,3.5737877700006613,True,,4.0,additive_plus_film,additive_plus_film
additive_plus_film__g3__t4,3,4,110,provenance://crystalite/outputs/final report output/relaxed_groups/additive_plus_film__g3__t4/cifs/sample_00110.cif,True,True,True,True,1.8758178047033889,219.0818138242531,15.648700987446649,14,False,True,True,,,,False,,3.842678784806594,True,,4.0,additive_plus_film,additive_plus_film
additive_plus_film__g3__t4,3,4,111,provenance://crystalite/outputs/final report output/relaxed_groups/additive_plus_film__g3__t4/cifs/sample_00111.cif,True,False,True,False,1.705307239583988,104.56779345549714,13.070974181937142,8,False,True,True,,,,False,,4.181929042358209,True,,4.0,additive_plus_film,additive_plus_film
additive_plus_film__g3__t4,3,4,112,provenance://crystalite/outputs/final report output/relaxed_groups/additive_plus_film__g3__t4/cifs/sample_00112.cif,True,True,True,True,2.1000700027534798,106.89609532672787,21.379219065345573,5,False,True,True,,,,False,,12.7543795755807,True,,4.0,additive_plus_film,additive_plus_film
additive_plus_film__g3__t4,3,4,113,provenance://crystalite/outputs/final report output/relaxed_groups/additive_plus_film__g3__t4/cifs/sample_00113.cif,True,True,True,True,2.1989282951899134,159.51258745104795,19.939073431380997,8,False,True,True,,,,False,,8.905702950454305,True,,4.0,additive_plus_film,additive_plus_film
additive_plus_film__g3__t4,3,4,114,provenance://crystalite/outputs/final report output/relaxed_groups/additive_plus_film__g3__t4/cifs/sample_00114.cif,True,True,True,True,0.970460101632276,211.45547770133956,15.103962692952823,14,False,True,True,,,,False,,2.9936973021149584,True,,4.0,additive_plus_film,additive_plus_film
additive_plus_film__g3__t4,3,4,115,provenance://crystalite/outputs/final report output/relaxed_groups/additive_plus_film__g3__t4/cifs/sample_00115.cif,True,True,True,True,1.5494051455503584,139.0294467198142,11.585787226651185,12,False,True,True,,,,False,,4.050923376984748,True,,4.0,additive_plus_film,additive_plus_film
additive_plus_film__g3__t4,3,4,116,provenance://crystalite/outputs/final report output/relaxed_groups/additive_plus_film__g3__t4/cifs/sample_00116.cif,True,False,True,False,1.9483540783688105,111.00696657765415,13.87587082220677,8,False,True,True,,,,False,,9.229788351749445,True,,4.0,additive_plus_film,additive_plus_film
additive_plus_film__g3__t4,3,4,117,provenance://crystalite/outputs/final report output/relaxed_groups/additive_plus_film__g3__t4/cifs/sample_00117.cif,True,False,True,False,1.839598751987804,339.74057528092635,19.984739722407436,17,False,True,True,,,,False,,1.9769912071044464,True,,4.0,additive_plus_film,additive_plus_film
additive_plus_film__g3__t4,3,4,118,provenance://crystalite/outputs/final report output/relaxed_groups/additive_plus_film__g3__t4/cifs/sample_00118.cif,True,True,True,True,1.7172040737935828,227.9408759832016,11.39704379916008,20,False,True,True,,,,False,,3.8355784474287424,True,,4.0,additive_plus_film,additive_plus_film
additive_plus_film__g3__t4,3,4,119,provenance://crystalite/outputs/final report output/relaxed_groups/additive_plus_film__g3__t4/cifs/sample_00119.cif,True,True,True,True,0.9298131850742334,366.6601655650206,18.33300827825103,20,False,True,True,,,,False,,1.9660143817567384,True,,4.0,additive_plus_film,additive_plus_film
additive_plus_film__g3__t4,3,4,120,provenance://crystalite/outputs/final report output/relaxed_groups/additive_plus_film__g3__t4/cifs/sample_00120.cif,True,True,True,True,1.7784223314417618,279.3209458835884,13.966047294179418,20,False,True,True,,,,False,,3.933608731630848,True,,4.0,additive_plus_film,additive_plus_film
additive_plus_film__g3__t4,3,4,121,provenance://crystalite/outputs/final report output/relaxed_groups/additive_plus_film__g3__t4/cifs/sample_00121.cif,True,True,True,True,1.665214330706846,227.49154742397076,17.499349801843902,13,False,True,True,,,,False,,3.36257355482296,True,,4.0,additive_plus_film,additive_plus_film
additive_plus_film__g3__t4,3,4,122,provenance://crystalite/outputs/final report output/relaxed_groups/additive_plus_film__g3__t4/cifs/sample_00122.cif,True,True,True,True,1.8585805581161856,363.2861703203058,20.18256501779477,18,False,True,True,,,,False,,3.118678596491608,True,,4.0,additive_plus_film,additive_plus_film
additive_plus_film__g3__t4,3,4,123,provenance://crystalite/outputs/final report output/relaxed_groups/additive_plus_film__g3__t4/cifs/sample_00123.cif,True,False,True,False,1.9219007662360272,173.1213941097756,17.312139410977558,10,False,True,True,,,,False,,2.09999581329648,True,,4.0,additive_plus_film,additive_plus_film
additive_plus_film__g3__t4,3,4,124,provenance://crystalite/outputs/final report output/relaxed_groups/additive_plus_film__g3__t4/cifs/sample_00124.cif,True,True,True,True,1.6537807857811326,264.6386218069599,18.902758700497134,14,False,True,True,,,,False,,2.754081283483941,True,,4.0,additive_plus_film,additive_plus_film
additive_plus_film__g3__t4,3,4,125,provenance://crystalite/outputs/final report output/relaxed_groups/additive_plus_film__g3__t4/cifs/sample_00125.cif,True,True,True,True,1.754319061193906,234.4265112457393,11.721325562286967,20,False,True,True,,,,False,,4.1573397233634894,True,,4.0,additive_plus_film,additive_plus_film
additive_plus_film__g3__t4,3,4,126,provenance://crystalite/outputs/final report output/relaxed_groups/additive_plus_film__g3__t4/cifs/sample_00126.cif,True,True,True,True,1.8106609653428,157.18867176033234,12.091436289256334,13,False,True,True,,,,False,,2.838582528405432,True,,4.0,additive_plus_film,additive_plus_film
additive_plus_film__g3__t4,3,4,127,provenance://crystalite/outputs/final report output/relaxed_groups/additive_plus_film__g3__t4/cifs/sample_00127.cif,True,True,True,True,1.751750072292357,155.42185264900385,15.542185264900386,10,False,True,True,,,,False,,8.963192895749742,True,,4.0,additive_plus_film,additive_plus_film
additive_plus_film__g3__t8,3,8,0,provenance://crystalite/outputs/final report output/relaxed_groups/additive_plus_film__g3__t8/cifs/sample_00000.cif,True,True,True,True,3.1259473138009515,111.34235899510774,27.835589748776936,4,True,True,True,,,,False,,13.10695703068574,True,,8.0,additive_plus_film,additive_plus_film
additive_plus_film__g3__t8,3,8,1,provenance://crystalite/outputs/final report output/relaxed_groups/additive_plus_film__g3__t8/cifs/sample_00001.cif,True,True,True,True,1.0320045847572945,428.4048900476509,21.42024450238254,20,False,True,True,,,,False,,3.7498019192233287,True,,8.0,additive_plus_film,additive_plus_film
additive_plus_film__g3__t8,3,8,2,provenance://crystalite/outputs/final report output/relaxed_groups/additive_plus_film__g3__t8/cifs/sample_00002.cif,True,True,True,True,1.892779056256459,307.82067198798666,38.47758399849833,8,False,True,True,,,,False,,6.126564877271556,True,,8.0,additive_plus_film,additive_plus_film
additive_plus_film__g3__t8,3,8,3,provenance://crystalite/outputs/final report output/relaxed_groups/additive_plus_film__g3__t8/cifs/sample_00003.cif,True,True,True,True,1.6326957260055786,152.91425251446657,19.11428156430832,8,False,True,True,,,,False,,6.511021266405824,True,,8.0,additive_plus_film,additive_plus_film
additive_plus_film__g3__t8,3,8,4,provenance://crystalite/outputs/final report output/relaxed_groups/additive_plus_film__g3__t8/cifs/sample_00004.cif,True,True,True,True,4.081269141314451,107.22753822819575,53.613769114097884,2,True,True,True,,,,False,,5.41556679564214,True,,8.0,additive_plus_film,additive_plus_film
additive_plus_film__g3__t8,3,8,5,provenance://crystalite/outputs/final report output/relaxed_groups/additive_plus_film__g3__t8/cifs/sample_00005.cif,True,True,True,True,1.724477730065428,354.5696063924026,22.16060039952516,16,False,True,True,,,,False,,3.487230872611594,True,,8.0,additive_plus_film,additive_plus_film
additive_plus_film__g3__t8,3,8,6,provenance://crystalite/outputs/final report output/relaxed_groups/additive_plus_film__g3__t8/cifs/sample_00006.cif,True,True,True,True,2.082560323292799,196.94215301655183,24.61776912706898,8,False,True,True,,,,False,,12.846410223346076,True,,8.0,additive_plus_film,additive_plus_film
additive_plus_film__g3__t8,3,8,7,provenance://crystalite/outputs/final report output/relaxed_groups/additive_plus_film__g3__t8/cifs/sample_00007.cif,True,True,True,True,0.9986176720300765,144.43616733408686,10.31686909529192,14,False,True,True,,,,False,,7.034077927715242,True,,8.0,additive_plus_film,additive_plus_film
additive_plus_film__g3__t8,3,8,8,provenance://crystalite/outputs/final report output/relaxed_groups/additive_plus_film__g3__t8/cifs/sample_00008.cif,True,True,True,True,2.0596277104089267,190.80829472720976,15.90069122726748,12,False,True,True,,,,False,,5.991690951316937,True,,8.0,additive_plus_film,additive_plus_film
additive_plus_film__g3__t8,3,8,9,provenance://crystalite/outputs/final report output/relaxed_groups/additive_plus_film__g3__t8/cifs/sample_00009.cif,True,True,True,True,2.1170985452541227,148.48155566471044,18.560194458088805,8,False,True,True,,,,False,,4.905646204566336,True,,8.0,additive_plus_film,additive_plus_film
additive_plus_film__g3__t8,3,8,10,provenance://crystalite/outputs/final report output/relaxed_groups/additive_plus_film__g3__t8/cifs/sample_00010.cif,True,True,True,True,2.365997315520401,310.1683725225202,25.847364376876683,12,False,True,True,,,,False,,8.844405095945488,True,,8.0,additive_plus_film,additive_plus_film
additive_plus_film__g3__t8,3,8,12,provenance://crystalite/outputs/final report output/relaxed_groups/additive_plus_film__g3__t8/cifs/sample_00012.cif,True,False,True,False,2.240259886421254,394.18422842603695,39.4184228426037,10,False,True,True,,,,False,,9.476089778105136,True,,8.0,additive_plus_film,additive_plus_film
additive_plus_film__g3__t8,3,8,13,provenance://crystalite/outputs/final report output/relaxed_groups/additive_plus_film__g3__t8/cifs/sample_00013.cif,True,True,True,True,1.8456119830387137,218.4467353133175,18.203894609443125,12,False,True,True,,,,False,,6.168852005880432,True,,8.0,additive_plus_film,additive_plus_film
additive_plus_film__g3__t8,3,8,14,provenance://crystalite/outputs/final report output/relaxed_groups/additive_plus_film__g3__t8/cifs/sample_00014.cif,True,True,True,True,2.0348159696705443,226.00682954408592,18.83390246200716,12,False,True,True,,,,False,,4.597120786686552,True,,8.0,additive_plus_film,additive_plus_film
additive_plus_film__g3__t8,3,8,15,provenance://crystalite/outputs/final report output/relaxed_groups/additive_plus_film__g3__t8/cifs/sample_00015.cif,True,True,True,True,3.2067984517280963,85.60849188315098,28.536163961050324,3,True,True,True,,,,False,,8.271046637526114,True,,8.0,additive_plus_film,additive_plus_film
additive_plus_film__g3__t8,3,8,16,provenance://crystalite/outputs/final report output/relaxed_groups/additive_plus_film__g3__t8/cifs/sample_00016.cif,True,True,True,True,2.617113665509045,463.50167857750176,25.750093254305654,18,True,True,True,,,,False,,15.49110891599472,True,,8.0,additive_plus_film,additive_plus_film
additive_plus_film__g3__t8,3,8,17,provenance://crystalite/outputs/final report output/relaxed_groups/additive_plus_film__g3__t8/cifs/sample_00017.cif,True,True,True,True,3.929066834110373,627.3916066296971,78.42395082871214,8,True,True,True,,,,False,,3.908929480547876,True,,8.0,additive_plus_film,additive_plus_film
additive_plus_film__g3__t8,3,8,18,provenance://crystalite/outputs/final report output/relaxed_groups/additive_plus_film__g3__t8/cifs/sample_00018.cif,True,True,True,True,4.095827201511575,106.98180870193066,53.49090435096533,2,True,True,True,,,,False,,5.575587325045759,True,,8.0,additive_plus_film,additive_plus_film
additive_plus_film__g3__t8,3,8,20,provenance://crystalite/outputs/final report output/relaxed_groups/additive_plus_film__g3__t8/cifs/sample_00020.cif,True,True,True,True,3.1605041762588764,199.4805274409628,39.89610548819255,5,True,True,True,,,,False,,8.668845541235024,True,,8.0,additive_plus_film,additive_plus_film
additive_plus_film__g3__t8,3,8,22,provenance://crystalite/outputs/final report output/relaxed_groups/additive_plus_film__g3__t8/cifs/sample_00022.cif,True,True,True,True,2.754352150024078,475.844611852398,33.98890084659986,14,False,True,True,,,,False,,11.244347898789078,True,,8.0,additive_plus_film,additive_plus_film
additive_plus_film__g3__t8,3,8,23,provenance://crystalite/outputs/final report output/relaxed_groups/additive_plus_film__g3__t8/cifs/sample_00023.cif,True,True,True,True,2.4011990295431853,206.7546953954634,22.972743932829264,9,True,True,True,,,,False,,9.30861507077416,True,,8.0,additive_plus_film,additive_plus_film
additive_plus_film__g3__t8,3,8,24,provenance://crystalite/outputs/final report output/relaxed_groups/additive_plus_film__g3__t8/cifs/sample_00024.cif,True,True,True,True,2.0640483713863085,179.80804946557024,17.980804946557022,10,False,True,True,,,,False,,5.06223066354562,True,,8.0,additive_plus_film,additive_plus_film
additive_plus_film__g3__t8,3,8,25,provenance://crystalite/outputs/final report output/relaxed_groups/additive_plus_film__g3__t8/cifs/sample_00025.cif,True,False,True,False,2.747286562381777,809.5493847772541,50.59683654857838,16,False,True,True,,,,False,,6.370043927445901,True,,8.0,additive_plus_film,additive_plus_film
additive_plus_film__g3__t8,3,8,27,provenance://crystalite/outputs/final report output/relaxed_groups/additive_plus_film__g3__t8/cifs/sample_00027.cif,True,True,True,True,1.03837516723969,126.13480785371416,15.766850981714269,8,False,True,True,,,,False,,3.8339992206242286,True,,8.0,additive_plus_film,additive_plus_film
additive_plus_film__g3__t8,3,8,28,provenance://crystalite/outputs/final report output/relaxed_groups/additive_plus_film__g3__t8/cifs/sample_00028.cif,True,True,True,True,1.0867696632308217,89.62496919819277,5.601560574887048,16,False,True,True,,,,False,,3.351496863486622,True,,8.0,additive_plus_film,additive_plus_film
additive_plus_film__g3__t8,3,8,30,provenance://crystalite/outputs/final report output/relaxed_groups/additive_plus_film__g3__t8/cifs/sample_00030.cif,True,True,True,True,2.089824825631904,260.1121215195008,16.2570075949688,16,False,True,True,,,,False,,5.545288938125208,True,,8.0,additive_plus_film,additive_plus_film
additive_plus_film__g3__t8,3,8,31,provenance://crystalite/outputs/final report output/relaxed_groups/additive_plus_film__g3__t8/cifs/sample_00031.cif,True,True,True,True,2.1823593631687803,100.56888287261546,20.113776574523094,5,False,True,True,,,,False,,4.730592581906948,True,,8.0,additive_plus_film,additive_plus_film
additive_plus_film__g3__t8,3,8,32,provenance://crystalite/outputs/final report output/relaxed_groups/additive_plus_film__g3__t8/cifs/sample_00032.cif,True,True,True,True,0.9778472591514028,228.9313993185925,12.71841107325514,18,False,True,True,,,,False,,2.3913588963008805,True,,8.0,additive_plus_film,additive_plus_film
additive_plus_film__g3__t8,3,8,33,provenance://crystalite/outputs/final report output/relaxed_groups/additive_plus_film__g3__t8/cifs/sample_00033.cif,True,True,True,True,2.069964847354796,273.60502306990486,22.80041858915874,12,False,True,True,,,,False,,11.814514529824343,True,,8.0,additive_plus_film,additive_plus_film
additive_plus_film__g3__t8,3,8,34,provenance://crystalite/outputs/final report output/relaxed_groups/additive_plus_film__g3__t8/cifs/sample_00034.cif,True,False,True,False,2.6569179299116628,533.0281629800677,41.00216638308213,13,False,True,True,,,,False,,8.299605817369178,True,,8.0,additive_plus_film,additive_plus_film
additive_plus_film__g3__t8,3,8,35,provenance://crystalite/outputs/final report output/relaxed_groups/additive_plus_film__g3__t8/cifs/sample_00035.cif,True,True,True,True,2.318922500690598,296.9443260185867,42.420618002655246,7,False,True,True,,,,False,,5.5865047593884505,True,,8.0,additive_plus_film,additive_plus_film
additive_plus_film__g3__t8,3,8,36,provenance://crystalite/outputs/final report output/relaxed_groups/additive_plus_film__g3__t8/cifs/sample_00036.cif,True,True,True,True,1.4224256789283394,325.99363368759856,18.11075742708881,18,False,True,True,,,,False,,6.323664557074395,True,,8.0,additive_plus_film,additive_plus_film
additive_plus_film__g3__t8,3,8,37,provenance://crystalite/outputs/final report output/relaxed_groups/additive_plus_film__g3__t8/cifs/sample_00037.cif,True,True,True,True,0.758997205958102,143.48851437838147,8.968032148648842,16,False,True,True,,,,False,,2.5231440050734864,True,,8.0,additive_plus_film,additive_plus_film
additive_plus_film__g3__t8,3,8,38,provenance://crystalite/outputs/final report output/relaxed_groups/additive_plus_film__g3__t8/cifs/sample_00038.cif,True,False,True,False,0.7438832314547591,272.7228839713468,22.726906997612232,12,False,True,True,,,,False,,2.334788600912623,True,,8.0,additive_plus_film,additive_plus_film
additive_plus_film__g3__t8,3,8,39,provenance://crystalite/outputs/final report output/relaxed_groups/additive_plus_film__g3__t8/cifs/sample_00039.cif,True,False,True,False,2.563388417585427,373.0188578232856,23.31367861395535,16,False,True,True,,,,False,,9.103242446022358,True,,8.0,additive_plus_film,additive_plus_film
additive_plus_film__g3__t8,3,8,40,provenance://crystalite/outputs/final report output/relaxed_groups/additive_plus_film__g3__t8/cifs/sample_00040.cif,True,True,True,True,3.9285503840339255,77.7354959152521,38.86774795762605,2,True,True,True,,,,False,,10.730156218126092,True,,8.0,additive_plus_film,additive_plus_film
additive_plus_film__g3__t8,3,8,41,provenance://crystalite/outputs/final report output/relaxed_groups/additive_plus_film__g3__t8/cifs/sample_00041.cif,True,True,True,True,2.7075414147185533,125.56307293889004,25.11261458777801,5,True,True,True,,,,False,,13.921298781533809,True,,8.0,additive_plus_film,additive_plus_film
additive_plus_film__g3__t8,3,8,43,provenance://crystalite/outputs/final report output/relaxed_groups/additive_plus_film__g3__t8/cifs/sample_00043.cif,True,False,True,False,1.928062815441845,191.61866773858236,19.161866773858232,10,False,True,True,,,,False,,14.998882005058604,True,,8.0,additive_plus_film,additive_plus_film
additive_plus_film__g3__t8,3,8,44,provenance://crystalite/outputs/final report output/relaxed_groups/additive_plus_film__g3__t8/cifs/sample_00044.cif,True,True,True,True,2.2070619912050247,252.2101575791792,25.22101575791792,10,False,True,True,,,,False,,6.454004569049617,True,,8.0,additive_plus_film,additive_plus_film
additive_plus_film__g3__t8,3,8,45,provenance://crystalite/outputs/final report output/relaxed_groups/additive_plus_film__g3__t8/cifs/sample_00045.cif,True,False,True,False,1.7557924580034177,98.81803018250396,16.469671697083992,6,False,True,True,,,,False,,6.055695158297819,True,,8.0,additive_plus_film,additive_plus_film
additive_plus_film__g3__t8,3,8,46,provenance://crystalite/outputs/final report output/relaxed_groups/additive_plus_film__g3__t8/cifs/sample_00046.cif,True,True,True,True,2.763092277389088,562.6409570603063,51.1491779145733,11,False,True,True,,,,False,,2.807003379321403,True,,8.0,additive_plus_film,additive_plus_film
additive_plus_film__g3__t8,3,8,47,provenance://crystalite/outputs/final report output/relaxed_groups/additive_plus_film__g3__t8/cifs/sample_00047.cif,True,True,True,True,1.9963640332948172,219.9875392688467,18.33229493907056,12,False,True,True,,,,False,,5.683177068980558,True,,8.0,additive_plus_film,additive_plus_film
additive_plus_film__g3__t8,3,8,48,provenance://crystalite/outputs/final report output/relaxed_groups/additive_plus_film__g3__t8/cifs/sample_00048.cif,True,False,True,False,2.552651450185883,222.45323462567936,27.80665432820992,8,False,True,True,,,,False,,11.969756632877951,True,,8.0,additive_plus_film,additive_plus_film
additive_plus_film__g3__t8,3,8,49,provenance://crystalite/outputs/final report output/relaxed_groups/additive_plus_film__g3__t8/cifs/sample_00049.cif,True,True,True,True,1.8661266878050051,93.79093279864236,11.723866599830297,8,False,True,True,,,,False,,6.633640885613509,True,,8.0,additive_plus_film,additive_plus_film
additive_plus_film__g3__t8,3,8,50,provenance://crystalite/outputs/final report output/relaxed_groups/additive_plus_film__g3__t8/cifs/sample_00050.cif,True,False,True,False,2.11526614104585,319.12164129247896,26.59347010770658,12,False,True,True,,,,False,,13.247099286563143,True,,8.0,additive_plus_film,additive_plus_film
additive_plus_film__g3__t8,3,8,51,provenance://crystalite/outputs/final report output/relaxed_groups/additive_plus_film__g3__t8/cifs/sample_00051.cif,True,True,True,True,1.9836811768730336,144.46271451379135,16.051412723754595,9,False,True,True,,,,False,,5.911064245444874,True,,8.0,additive_plus_film,additive_plus_film
additive_plus_film__g3__t8,3,8,52,provenance://crystalite/outputs/final report output/relaxed_groups/additive_plus_film__g3__t8/cifs/sample_00052.cif,True,True,True,True,2.1150829699862257,211.92213481696493,19.26564861972409,11,False,True,True,,,,False,,3.5161904655157703,True,,8.0,additive_plus_film,additive_plus_film
additive_plus_film__g3__t8,3,8,53,provenance://crystalite/outputs/final report output/relaxed_groups/additive_plus_film__g3__t8/cifs/sample_00053.cif,True,True,True,True,2.549972214050858,323.74685467978566,17.985936371099204,18,True,True,True,,,,False,,26.90775116714558,True,,8.0,additive_plus_film,additive_plus_film
additive_plus_film__g3__t8,3,8,54,provenance://crystalite/outputs/final report output/relaxed_groups/additive_plus_film__g3__t8/cifs/sample_00054.cif,True,False,True,False,2.0546893328454856,311.94512806653984,17.330284892585546,18,False,True,True,,,,False,,3.606293289712264,True,,8.0,additive_plus_film,additive_plus_film
additive_plus_film__g3__t8,3,8,55,provenance://crystalite/outputs/final report output/relaxed_groups/additive_plus_film__g3__t8/cifs/sample_00055.cif,True,False,True,False,2.7856809670776337,415.4340447830119,34.61950373191766,12,False,True,True,,,,False,,10.246614994887976,True,,8.0,additive_plus_film,additive_plus_film
additive_plus_film__g3__t8,3,8,56,provenance://crystalite/outputs/final report output/relaxed_groups/additive_plus_film__g3__t8/cifs/sample_00056.cif,True,True,True,True,0.7548738505290438,149.29789053953928,37.32447263488482,4,False,True,True,,,,False,,4.954734626785336,True,,8.0,additive_plus_film,additive_plus_film
additive_plus_film__g3__t8,3,8,57,provenance://crystalite/outputs/final report output/relaxed_groups/additive_plus_film__g3__t8/cifs/sample_00057.cif,True,False,True,False,2.5025340945658865,153.90571786035886,30.781143572071773,5,False,True,True,,,,False,,6.68160662590405,True,,8.0,additive_plus_film,additive_plus_film
additive_plus_film__g3__t8,3,8,58,provenance://crystalite/outputs/final report output/relaxed_groups/additive_plus_film__g3__t8/cifs/sample_00058.cif,True,True,True,True,0.9885858840045292,156.7311243451629,8.707284685842383,18,False,True,True,,,,False,,3.776013442712138,True,,8.0,additive_plus_film,additive_plus_film
additive_plus_film__g3__t8,3,8,60,provenance://crystalite/outputs/final report output/relaxed_groups/additive_plus_film__g3__t8/cifs/sample_00060.cif,True,True,True,True,3.0127655341861823,111.4319789951694,27.85799474879235,4,False,True,True,,,,False,,12.088881428052256,True,,8.0,additive_plus_film,additive_plus_film
additive_plus_film__g3__t8,3,8,61,provenance://crystalite/outputs/final report output/relaxed_groups/additive_plus_film__g3__t8/cifs/sample_00061.cif,True,True,True,True,1.480507968693487,226.10872476786187,16.15062319770442,14,False,True,True,,,,False,,3.963729476822352,True,,8.0,additive_plus_film,additive_plus_film
additive_plus_film__g3__t8,3,8,62,provenance://crystalite/outputs/final report output/relaxed_groups/additive_plus_film__g3__t8/cifs/sample_00062.cif,True,True,True,True,1.641139295736925,194.72105123013145,17.701913748193764,11,False,True,True,,,,False,,4.279750200030726,True,,8.0,additive_plus_film,additive_plus_film
additive_plus_film__g3__t8,3,8,63,provenance://crystalite/outputs/final report output/relaxed_groups/additive_plus_film__g3__t8/cifs/sample_00063.cif,True,True,True,True,2.722002375849703,270.2996952420527,30.033299471339188,9,False,True,True,,,,False,,6.181003221866974,True,,8.0,additive_plus_film,additive_plus_film
additive_plus_film__g3__t8,3,8,64,provenance://crystalite/outputs/final report output/relaxed_groups/additive_plus_film__g3__t8/cifs/sample_00064.cif,True,True,True,True,1.9010865068734497,441.0029041790761,63.00041488272516,7,False,True,True,,,,False,,3.4387005367727688,True,,8.0,additive_plus_film,additive_plus_film
additive_plus_film__g3__t8,3,8,65,provenance://crystalite/outputs/final report output/relaxed_groups/additive_plus_film__g3__t8/cifs/sample_00065.cif,True,True,True,True,3.111872660849673,243.7714427181068,40.62857378635113,6,True,True,True,,,,False,,6.327940967981649,True,,8.0,additive_plus_film,additive_plus_film
additive_plus_film__g3__t8,3,8,66,provenance://crystalite/outputs/final report output/relaxed_groups/additive_plus_film__g3__t8/cifs/sample_00066.cif,True,False,True,False,1.0366760815828724,735.2111891968582,36.76055945984291,20,False,True,True,,,,False,,6.817351850523721,True,,8.0,additive_plus_film,additive_plus_film
additive_plus_film__g3__t8,3,8,67,provenance://crystalite/outputs/final report output/relaxed_groups/additive_plus_film__g3__t8/cifs/sample_00067.cif,True,True,True,True,2.135469470194308,348.24797340359027,29.02066445029919,12,False,True,True,,,,False,,6.097057527823897,True,,8.0,additive_plus_film,additive_plus_film
additive_plus_film__g3__t8,3,8,68,provenance://crystalite/outputs/final report output/relaxed_groups/additive_plus_film__g3__t8/cifs/sample_00068.cif,True,True,True,True,2.482104884507704,76.86081777811063,19.215204444527657,4,False,True,True,,,,False,,6.829451286079356,True,,8.0,additive_plus_film,additive_plus_film
additive_plus_film__g3__t8,3,8,69,provenance://crystalite/outputs/final report output/relaxed_groups/additive_plus_film__g3__t8/cifs/sample_00069.cif,True,True,True,True,2.7159865275266206,905.4357239033352,45.27178619516676,20,False,True,True,,,,False,,6.433636292050494,True,,8.0,additive_plus_film,additive_plus_film
additive_plus_film__g3__t8,3,8,70,provenance://crystalite/outputs/final report output/relaxed_groups/additive_plus_film__g3__t8/cifs/sample_00070.cif,True,True,True,True,2.249153981472571,366.267765089477,20.34820917163761,18,False,True,True,,,,False,,12.104335551482102,True,,8.0,additive_plus_film,additive_plus_film
additive_plus_film__g3__t8,3,8,71,provenance://crystalite/outputs/final report output/relaxed_groups/additive_plus_film__g3__t8/cifs/sample_00071.cif,True,False,True,False,2.3184693495718127,158.98087832902382,26.496813054837304,6,False,True,True,,,,False,,16.613813040981373,True,,8.0,additive_plus_film,additive_plus_film
additive_plus_film__g3__t8,3,8,72,provenance://crystalite/outputs/final report output/relaxed_groups/additive_plus_film__g3__t8/cifs/sample_00072.cif,True,True,True,True,1.965625576194565,338.4961902187012,33.84961902187012,10,False,True,True,,,,False,,2.245168618790605,True,,8.0,additive_plus_film,additive_plus_film
additive_plus_film__g3__t8,3,8,73,provenance://crystalite/outputs/final report output/relaxed_groups/additive_plus_film__g3__t8/cifs/sample_00073.cif,True,False,True,False,3.1052703609778205,648.0425721104094,40.50266075690059,16,False,True,True,,,,False,,6.310688937291409,True,,8.0,additive_plus_film,additive_plus_film
additive_plus_film__g3__t8,3,8,74,provenance://crystalite/outputs/final report output/relaxed_groups/additive_plus_film__g3__t8/cifs/sample_00074.cif,True,True,True,True,3.4580796267229155,129.26553265955235,32.31638316488809,4,True,True,True,,,,False,,10.763933466200784,True,,8.0,additive_plus_film,additive_plus_film
additive_plus_film__g3__t8,3,8,75,provenance://crystalite/outputs/final report output/relaxed_groups/additive_plus_film__g3__t8/cifs/sample_00075.cif,True,True,True,True,2.3313769417855466,180.50389252015367,22.56298656501921,8,False,True,True,,,,False,,9.602637375791176,True,,8.0,additive_plus_film,additive_plus_film
additive_plus_film__g3__t8,3,8,76,provenance://crystalite/outputs/final report output/relaxed_groups/additive_plus_film__g3__t8/cifs/sample_00076.cif,True,True,True,True,3.957877786856769,95.8177123863363,47.90885619316815,2,True,True,True,,,,False,,5.091836362720795,True,,8.0,additive_plus_film,additive_plus_film
additive_plus_film__g3__t8,3,8,77,provenance://crystalite/outputs/final report output/relaxed_groups/additive_plus_film__g3__t8/cifs/sample_00077.cif,True,True,True,True,2.072717951066683,207.8027930303603,23.08919922559559,9,False,True,True,,,,False,,5.502555231064032,True,,8.0,additive_plus_film,additive_plus_film
additive_plus_film__g3__t8,3,8,78,provenance://crystalite/outputs/final report output/relaxed_groups/additive_plus_film__g3__t8/cifs/sample_00078.cif,True,True,True,True,1.869122135461172,115.74178772047608,14.46772346505951,8,False,True,True,,,,False,,4.015465556169374,True,,8.0,additive_plus_film,additive_plus_film
additive_plus_film__g3__t8,3,8,80,provenance://crystalite/outputs/final report output/relaxed_groups/additive_plus_film__g3__t8/cifs/sample_00080.cif,True,True,True,True,3.0529761932525767,457.4299513476134,45.74299513476134,10,False,True,True,,,,False,,4.416965565185241,True,,8.0,additive_plus_film,additive_plus_film
additive_plus_film__g3__t8,3,8,81,provenance://crystalite/outputs/final report output/relaxed_groups/additive_plus_film__g3__t8/cifs/sample_00081.cif,True,False,True,False,1.635907180326745,444.5321838901657,22.226609194508285,20,False,True,True,,,,False,,2.236932101882681,True,,8.0,additive_plus_film,additive_plus_film
additive_plus_film__g3__t8,3,8,82,provenance://crystalite/outputs/final report output/relaxed_groups/additive_plus_film__g3__t8/cifs/sample_00082.cif,True,True,True,True,2.4823815780821805,179.8536077723893,29.975601295398217,6,True,True,True,,,,False,,14.632001340090538,True,,8.0,additive_plus_film,additive_plus_film
additive_plus_film__g3__t8,3,8,83,provenance://crystalite/outputs/final report output/relaxed_groups/additive_plus_film__g3__t8/cifs/sample_00083.cif,True,True,True,True,1.7598531208424366,200.54333854062392,16.711944878385328,12,False,True,True,,,,False,,5.3171314617174685,True,,8.0,additive_plus_film,additive_plus_film
additive_plus_film__g3__t8,3,8,85,provenance://crystalite/outputs/final report output/relaxed_groups/additive_plus_film__g3__t8/cifs/sample_00085.cif,True,True,True,True,2.630212606087141,185.76017715333717,15.480014762778096,12,True,True,True,,,,False,,25.75722527741115,True,,8.0,additive_plus_film,additive_plus_film
additive_plus_film__g3__t8,3,8,89,provenance://crystalite/outputs/final report output/relaxed_groups/additive_plus_film__g3__t8/cifs/sample_00089.cif,True,True,True,True,1.4934509966621434,190.92883249060708,11.933052030662942,16,False,True,True,,,,False,,3.471367257912937,True,,8.0,additive_plus_film,additive_plus_film
additive_plus_film__g3__t8,3,8,90,provenance://crystalite/outputs/final report output/relaxed_groups/additive_plus_film__g3__t8/cifs/sample_00090.cif,True,False,True,False,2.83661283293686,526.1567174337755,37.58262267384111,14,False,True,True,,,,False,,12.35341711193088,True,,8.0,additive_plus_film,additive_plus_film
additive_plus_film__g3__t8,3,8,91,provenance://crystalite/outputs/final report output/relaxed_groups/additive_plus_film__g3__t8/cifs/sample_00091.cif,True,True,True,True,2.5387335950953456,71.2337100261023,23.74457000870077,3,False,True,True,,,,False,,11.099230707050728,True,,8.0,additive_plus_film,additive_plus_film
additive_plus_film__g3__t8,3,8,92,provenance://crystalite/outputs/final report output/relaxed_groups/additive_plus_film__g3__t8/cifs/sample_00092.cif,True,False,True,False,2.0548516239200887,96.49084820474472,19.298169640948945,5,False,True,True,,,,False,,4.129699411637637,True,,8.0,additive_plus_film,additive_plus_film
additive_plus_film__g3__t8,3,8,93,provenance://crystalite/outputs/final report output/relaxed_groups/additive_plus_film__g3__t8/cifs/sample_00093.cif,True,False,True,False,1.4817396850898592,146.95187807779865,20.99312543968552,7,False,True,True,,,,False,,4.913278842952689,True,,8.0,additive_plus_film,additive_plus_film
additive_plus_film__g3__t8,3,8,94,provenance://crystalite/outputs/final report output/relaxed_groups/additive_plus_film__g3__t8/cifs/sample_00094.cif,True,True,True,True,1.9860362508758136,178.2749640949036,17.827496409490358,10,False,True,True,,,,False,,8.234403995049279,True,,8.0,additive_plus_film,additive_plus_film
additive_plus_film__g3__t8,3,8,95,provenance://crystalite/outputs/final report output/relaxed_groups/additive_plus_film__g3__t8/cifs/sample_00095.cif,True,True,True,True,1.8967738029010808,320.74554032273204,20.046596270170756,16,False,True,True,,,,False,,5.941815273485196,True,,8.0,additive_plus_film,additive_plus_film
additive_plus_film__g3__t8,3,8,96,provenance://crystalite/outputs/final report output/relaxed_groups/additive_plus_film__g3__t8/cifs/sample_00096.cif,True,True,True,True,2.8364348979038514,148.63021603844487,24.771702673074145,6,True,True,True,,,,False,,16.530421472522075,True,,8.0,additive_plus_film,additive_plus_film
additive_plus_film__g3__t8,3,8,97,provenance://crystalite/outputs/final report output/relaxed_groups/additive_plus_film__g3__t8/cifs/sample_00097.cif,True,False,True,False,0.9677721880543748,182.47941603437175,9.604179791282723,19,False,True,True,,,,False,,3.1698348769371254,True,,8.0,additive_plus_film,additive_plus_film
additive_plus_film__g3__t8,3,8,100,provenance://crystalite/outputs/final report output/relaxed_groups/additive_plus_film__g3__t8/cifs/sample_00100.cif,True,False,True,False,3.073513699066732,346.3683246267041,49.48118923238631,7,False,True,True,,,,False,,2.832772966020659,True,,8.0,additive_plus_film,additive_plus_film
additive_plus_film__g3__t8,3,8,101,provenance://crystalite/outputs/final report output/relaxed_groups/additive_plus_film__g3__t8/cifs/sample_00101.cif,True,False,True,False,2.1464200565537617,204.0467507137024,25.5058438392128,8,False,True,True,,,,False,,3.474388561240989,True,,8.0,additive_plus_film,additive_plus_film
additive_plus_film__g3__t8,3,8,102,provenance://crystalite/outputs/final report output/relaxed_groups/additive_plus_film__g3__t8/cifs/sample_00102.cif,True,True,True,True,1.338062535933558,222.7685597791956,18.56404664826629,12,False,True,True,,,,False,,5.600065517474,True,,8.0,additive_plus_film,additive_plus_film
additive_plus_film__g3__t8,3,8,103,provenance://crystalite/outputs/final report output/relaxed_groups/additive_plus_film__g3__t8/cifs/sample_00103.cif,True,False,True,False,2.365841009292017,585.4629446756443,29.27314723378221,20,False,True,True,,,,False,,9.594291893363788,True,,8.0,additive_plus_film,additive_plus_film
additive_plus_film__g3__t8,3,8,104,provenance://crystalite/outputs/final report output/relaxed_groups/additive_plus_film__g3__t8/cifs/sample_00104.cif,True,True,True,True,2.4045816094410237,367.4584181443877,30.621534845365645,12,False,True,True,,,,False,,8.264054662149038,True,,8.0,additive_plus_film,additive_plus_film
additive_plus_film__g3__t8,3,8,105,provenance://crystalite/outputs/final report output/relaxed_groups/additive_plus_film__g3__t8/cifs/sample_00105.cif,True,False,True,False,2.889990919372978,180.42226257656984,60.14075419218995,3,False,True,True,,,,False,,5.037625193692644,True,,8.0,additive_plus_film,additive_plus_film
additive_plus_film__g3__t8,3,8,106,provenance://crystalite/outputs/final report output/relaxed_groups/additive_plus_film__g3__t8/cifs/sample_00106.cif,True,True,True,True,1.2332331997602013,317.3775695905402,22.6698263993243,14,False,True,True,,,,False,,4.54974057759284,True,,8.0,additive_plus_film,additive_plus_film
additive_plus_film__g3__t8,3,8,107,provenance://crystalite/outputs/final report output/relaxed_groups/additive_plus_film__g3__t8/cifs/sample_00107.cif,True,True,True,True,1.636084948034341,113.33914869213103,8.718396053240848,13,False,True,True,,,,False,,8.566074048791906,True,,8.0,additive_plus_film,additive_plus_film
additive_plus_film__g3__t8,3,8,108,provenance://crystalite/outputs/final report output/relaxed_groups/additive_plus_film__g3__t8/cifs/sample_00108.cif,True,False,True,False,2.11656541721585,544.317425314093,45.35978544284109,12,False,True,True,,,,False,,4.979547153112594,True,,8.0,additive_plus_film,additive_plus_film
additive_plus_film__g3__t8,3,8,109,provenance://crystalite/outputs/final report output/relaxed_groups/additive_plus_film__g3__t8/cifs/sample_00109.cif,True,True,True,True,1.3787509919315806,283.3586116079149,15.742145089328606,18,False,True,True,,,,False,,4.32936455990732,True,,8.0,additive_plus_film,additive_plus_film
additive_plus_film__g3__t8,3,8,110,provenance://crystalite/outputs/final report output/relaxed_groups/additive_plus_film__g3__t8/cifs/sample_00110.cif,True,False,True,False,1.9619101172149576,531.2356313160292,37.94540223685923,14,False,True,True,,,,False,,7.347828933090213,True,,8.0,additive_plus_film,additive_plus_film
additive_plus_film__g3__t8,3,8,111,provenance://crystalite/outputs/final report output/relaxed_groups/additive_plus_film__g3__t8/cifs/sample_00111.cif,True,True,True,True,1.6743934198527566,126.00447682582175,15.75055960322772,8,False,True,True,,,,False,,4.270550489595244,True,,8.0,additive_plus_film,additive_plus_film
additive_plus_film__g3__t8,3,8,112,provenance://crystalite/outputs/final report output/relaxed_groups/additive_plus_film__g3__t8/cifs/sample_00112.cif,True,True,True,True,3.1135446814146723,175.4107385648565,35.0821477129713,5,True,True,True,,,,False,,12.779935528909585,True,,8.0,additive_plus_film,additive_plus_film
additive_plus_film__g3__t8,3,8,113,provenance://crystalite/outputs/final report output/relaxed_groups/additive_plus_film__g3__t8/cifs/sample_00113.cif,True,False,True,False,2.188808679036627,218.7254644635133,27.340683057939163,8,False,True,True,,,,False,,9.55582358015134,True,,8.0,additive_plus_film,additive_plus_film
additive_plus_film__g3__t8,3,8,115,provenance://crystalite/outputs/final report output/relaxed_groups/additive_plus_film__g3__t8/cifs/sample_00115.cif,True,True,True,True,1.915113041384641,214.5629879423489,17.880248995195746,12,False,True,True,,,,False,,6.827465555044832,True,,8.0,additive_plus_film,additive_plus_film
additive_plus_film__g3__t8,3,8,117,provenance://crystalite/outputs/final report output/relaxed_groups/additive_plus_film__g3__t8/cifs/sample_00117.cif,True,False,True,False,0.7445095395100538,398.86148759057727,23.462440446504544,17,False,True,True,,,,False,,2.870254115950106,True,,8.0,additive_plus_film,additive_plus_film
additive_plus_film__g3__t8,3,8,118,provenance://crystalite/outputs/final report output/relaxed_groups/additive_plus_film__g3__t8/cifs/sample_00118.cif,True,True,True,True,0.9828089833975024,126.06946391226418,6.3034731956132095,20,False,True,True,,,,False,,3.049541568924948,True,,8.0,additive_plus_film,additive_plus_film
additive_plus_film__g3__t8,3,8,119,provenance://crystalite/outputs/final report output/relaxed_groups/additive_plus_film__g3__t8/cifs/sample_00119.cif,True,True,True,True,0.615097546721577,145.3316438175853,7.266582190879265,20,False,True,True,,,,False,,4.276861911151251,True,,8.0,additive_plus_film,additive_plus_film
additive_plus_film__g3__t8,3,8,121,provenance://crystalite/outputs/final report output/relaxed_groups/additive_plus_film__g3__t8/cifs/sample_00121.cif,True,True,True,True,2.2100228337484986,309.33808204752233,23.79523708057864,13,False,True,True,,,,False,,8.094730898883176,True,,8.0,additive_plus_film,additive_plus_film
additive_plus_film__g3__t8,3,8,122,provenance://crystalite/outputs/final report output/relaxed_groups/additive_plus_film__g3__t8/cifs/sample_00122.cif,True,True,True,True,1.7291110152113722,328.23761894176226,18.23542327454235,18,False,True,True,,,,False,,7.032878212634388,True,,8.0,additive_plus_film,additive_plus_film
additive_plus_film__g3__t8,3,8,123,provenance://crystalite/outputs/final report output/relaxed_groups/additive_plus_film__g3__t8/cifs/sample_00123.cif,True,False,True,False,2.9052209419790525,557.5741744631229,55.75741744631229,10,False,True,True,,,,False,,3.411093818008844,True,,8.0,additive_plus_film,additive_plus_film
additive_plus_film__g3__t8,3,8,124,provenance://crystalite/outputs/final report output/relaxed_groups/additive_plus_film__g3__t8/cifs/sample_00124.cif,True,True,True,True,1.83862635943316,176.1194740166439,12.579962429760275,14,False,True,True,,,,False,,6.137530254064168,True,,8.0,additive_plus_film,additive_plus_film
additive_plus_film__g3__t8,3,8,125,provenance://crystalite/outputs/final report output/relaxed_groups/additive_plus_film__g3__t8/cifs/sample_00125.cif,True,True,True,True,1.918296975842236,355.25187053661324,17.762593526830663,20,False,True,True,,,,False,,5.405818160559117,True,,8.0,additive_plus_film,additive_plus_film
additive_plus_film__g3__t8,3,8,126,provenance://crystalite/outputs/final report output/relaxed_groups/additive_plus_film__g3__t8/cifs/sample_00126.cif,True,True,True,True,0.9614354856063616,149.73814548989677,11.518318883838212,13,False,True,True,,,,False,,3.383952685040608,True,,8.0,additive_plus_film,additive_plus_film
additive_plus_film__g3__t8,3,8,127,provenance://crystalite/outputs/final report output/relaxed_groups/additive_plus_film__g3__t8/cifs/sample_00127.cif,True,True,True,True,1.3252801977415236,158.22269840147155,15.822269840147154,10,False,True,True,,,,False,,12.456465280936976,True,,8.0,additive_plus_film,additive_plus_film
