run_id,branch,iteration,evaluation_type,sample_id,generated_cif,relaxation_success,relaxed_cif,quality_gate_pass,anisone_prediction_available,dielectric_prediction,reward,within_target_2,topk_selected,replay_selected,energy_above_hull,stable,unique,novel,sun,failure_reason
matinvent_style_target12_tri_fixed_scaler_gpu,baseline,0000,online_evaluation,gen_0,data/structures/reward_guided/baseline/0000/generated/gen_0.cif,True,data/structures/reward_guided/baseline/0000/relaxed/gen_0_relaxed.cif,False,False,,,,False,False,,,,,,
matinvent_style_target12_tri_fixed_scaler_gpu,baseline,0000,online_evaluation,gen_1,data/structures/reward_guided/baseline/0000/generated/gen_1.cif,True,data/structures/reward_guided/baseline/0000/relaxed/gen_1_relaxed.cif,True,True,3.787742511216436,0.0002181895,,False,False,,True,True,True,,
matinvent_style_target12_tri_fixed_scaler_gpu,baseline,0000,online_evaluation,gen_10,data/structures/reward_guided/baseline/0000/generated/gen_10.cif,True,data/structures/reward_guided/baseline/0000/relaxed/gen_10_relaxed.cif,False,False,,,,False,False,,,,,,
matinvent_style_target12_tri_fixed_scaler_gpu,baseline,0000,online_evaluation,gen_11,data/structures/reward_guided/baseline/0000/generated/gen_11.cif,True,data/structures/reward_guided/baseline/0000/relaxed/gen_11_relaxed.cif,True,True,3.822309129320336,0.00023420155,,False,False,,True,True,True,,
matinvent_style_target12_tri_fixed_scaler_gpu,baseline,0000,online_evaluation,gen_12,data/structures/reward_guided/baseline/0000/generated/gen_12.cif,True,data/structures/reward_guided/baseline/0000/relaxed/gen_12_relaxed.cif,True,True,4.216761674792083,0.0005144821,,False,False,,True,True,True,,
matinvent_style_target12_tri_fixed_scaler_gpu,baseline,0000,online_evaluation,gen_13,data/structures/reward_guided/baseline/0000/generated/gen_13.cif,True,data/structures/reward_guided/baseline/0000/relaxed/gen_13_relaxed.cif,False,False,,,,False,False,,,,,,
matinvent_style_target12_tri_fixed_scaler_gpu,baseline,0000,online_evaluation,gen_14,data/structures/reward_guided/baseline/0000/generated/gen_14.cif,True,data/structures/reward_guided/baseline/0000/relaxed/gen_14_relaxed.cif,True,True,3.7251168764641815,0.00019177048,,False,False,,True,True,True,,
matinvent_style_target12_tri_fixed_scaler_gpu,baseline,0000,online_evaluation,gen_15,data/structures/reward_guided/baseline/0000/generated/gen_15.cif,True,data/structures/reward_guided/baseline/0000/relaxed/gen_15_relaxed.cif,False,False,,,,False,False,,,,,,
matinvent_style_target12_tri_fixed_scaler_gpu,baseline,0000,online_evaluation,gen_16,data/structures/reward_guided/baseline/0000/generated/gen_16.cif,True,data/structures/reward_guided/baseline/0000/relaxed/gen_16_relaxed.cif,False,False,,,,False,False,,,,,,
matinvent_style_target12_tri_fixed_scaler_gpu,baseline,0000,online_evaluation,gen_17,data/structures/reward_guided/baseline/0000/generated/gen_17.cif,True,data/structures/reward_guided/baseline/0000/relaxed/gen_17_relaxed.cif,False,False,,,,False,False,,,,,,
matinvent_style_target12_tri_fixed_scaler_gpu,baseline,0000,online_evaluation,gen_18,data/structures/reward_guided/baseline/0000/generated/gen_18.cif,True,data/structures/reward_guided/baseline/0000/relaxed/gen_18_relaxed.cif,False,False,,,,False,False,,,,,,
matinvent_style_target12_tri_fixed_scaler_gpu,baseline,0000,online_evaluation,gen_19,data/structures/reward_guided/baseline/0000/generated/gen_19.cif,True,data/structures/reward_guided/baseline/0000/relaxed/gen_19_relaxed.cif,False,False,,,,False,False,,,,,,
matinvent_style_target12_tri_fixed_scaler_gpu,baseline,0000,online_evaluation,gen_2,data/structures/reward_guided/baseline/0000/generated/gen_2.cif,True,data/structures/reward_guided/baseline/0000/relaxed/gen_2_relaxed.cif,False,False,,,,False,False,,,,,,
matinvent_style_target12_tri_fixed_scaler_gpu,baseline,0000,online_evaluation,gen_20,data/structures/reward_guided/baseline/0000/generated/gen_20.cif,True,data/structures/reward_guided/baseline/0000/relaxed/gen_20_relaxed.cif,False,False,,,,False,False,,,,,,
matinvent_style_target12_tri_fixed_scaler_gpu,baseline,0000,online_evaluation,gen_21,data/structures/reward_guided/baseline/0000/generated/gen_21.cif,,,False,False,,,,False,False,,,,,,invalid_raw_structure
matinvent_style_target12_tri_fixed_scaler_gpu,baseline,0000,online_evaluation,gen_22,data/structures/reward_guided/baseline/0000/generated/gen_22.cif,,,False,False,,,,False,False,,,,,,invalid_raw_structure
matinvent_style_target12_tri_fixed_scaler_gpu,baseline,0000,online_evaluation,gen_23,data/structures/reward_guided/baseline/0000/generated/gen_23.cif,True,data/structures/reward_guided/baseline/0000/relaxed/gen_23_relaxed.cif,True,True,9.032210906288327,0.33254784,,True,False,,True,True,True,,
matinvent_style_target12_tri_fixed_scaler_gpu,baseline,0000,online_evaluation,gen_24,data/structures/reward_guided/baseline/0000/generated/gen_24.cif,True,data/structures/reward_guided/baseline/0000/relaxed/gen_24_relaxed.cif,False,False,,,,False,False,,,,,,
matinvent_style_target12_tri_fixed_scaler_gpu,baseline,0000,online_evaluation,gen_25,data/structures/reward_guided/baseline/0000/generated/gen_25.cif,True,data/structures/reward_guided/baseline/0000/relaxed/gen_25_relaxed.cif,False,False,,,,False,False,,,,,,
matinvent_style_target12_tri_fixed_scaler_gpu,baseline,0000,online_evaluation,gen_26,data/structures/reward_guided/baseline/0000/generated/gen_26.cif,True,data/structures/reward_guided/baseline/0000/relaxed/gen_26_relaxed.cif,False,False,,,,False,False,,,,,,
matinvent_style_target12_tri_fixed_scaler_gpu,baseline,0000,online_evaluation,gen_27,data/structures/reward_guided/baseline/0000/generated/gen_27.cif,True,data/structures/reward_guided/baseline/0000/relaxed/gen_27_relaxed.cif,True,True,17.952003620984957,0.01193484,,False,False,,True,True,True,,
matinvent_style_target12_tri_fixed_scaler_gpu,baseline,0000,online_evaluation,gen_28,data/structures/reward_guided/baseline/0000/generated/gen_28.cif,True,data/structures/reward_guided/baseline/0000/relaxed/gen_28_relaxed.cif,False,False,,,,False,False,,,,,,
matinvent_style_target12_tri_fixed_scaler_gpu,baseline,0000,online_evaluation,gen_29,data/structures/reward_guided/baseline/0000/generated/gen_29.cif,True,data/structures/reward_guided/baseline/0000/relaxed/gen_29_relaxed.cif,True,True,3.98644019140862,0.00032647976,,False,False,,True,True,True,,
matinvent_style_target12_tri_fixed_scaler_gpu,baseline,0000,online_evaluation,gen_3,data/structures/reward_guided/baseline/0000/generated/gen_3.cif,True,data/structures/reward_guided/baseline/0000/relaxed/gen_3_relaxed.cif,False,False,,,,False,False,,,,,,
matinvent_style_target12_tri_fixed_scaler_gpu,baseline,0000,online_evaluation,gen_30,data/structures/reward_guided/baseline/0000/generated/gen_30.cif,,,False,False,,,,False,False,,,,,,invalid_raw_structure
matinvent_style_target12_tri_fixed_scaler_gpu,baseline,0000,online_evaluation,gen_31,data/structures/reward_guided/baseline/0000/generated/gen_31.cif,True,data/structures/reward_guided/baseline/0000/relaxed/gen_31_relaxed.cif,False,False,,,,False,False,,,,,,
matinvent_style_target12_tri_fixed_scaler_gpu,baseline,0000,online_evaluation,gen_32,data/structures/reward_guided/baseline/0000/generated/gen_32.cif,True,data/structures/reward_guided/baseline/0000/relaxed/gen_32_relaxed.cif,False,False,,,,False,False,,,,,,
matinvent_style_target12_tri_fixed_scaler_gpu,baseline,0000,online_evaluation,gen_33,data/structures/reward_guided/baseline/0000/generated/gen_33.cif,,,False,False,,,,False,False,,,,,,invalid_raw_structure
matinvent_style_target12_tri_fixed_scaler_gpu,baseline,0000,online_evaluation,gen_34,data/structures/reward_guided/baseline/0000/generated/gen_34.cif,True,data/structures/reward_guided/baseline/0000/relaxed/gen_34_relaxed.cif,False,False,,,,False,False,,,,,,
matinvent_style_target12_tri_fixed_scaler_gpu,baseline,0000,online_evaluation,gen_35,data/structures/reward_guided/baseline/0000/generated/gen_35.cif,True,data/structures/reward_guided/baseline/0000/relaxed/gen_35_relaxed.cif,True,True,16.171710780728013,0.113563135,,True,False,,True,True,True,,
matinvent_style_target12_tri_fixed_scaler_gpu,baseline,0000,online_evaluation,gen_36,data/structures/reward_guided/baseline/0000/generated/gen_36.cif,,,False,False,,,,False,False,,,,,,invalid_raw_structure
matinvent_style_target12_tri_fixed_scaler_gpu,baseline,0000,online_evaluation,gen_37,data/structures/reward_guided/baseline/0000/generated/gen_37.cif,True,data/structures/reward_guided/baseline/0000/relaxed/gen_37_relaxed.cif,False,False,,,,False,False,,,,,,
matinvent_style_target12_tri_fixed_scaler_gpu,baseline,0000,online_evaluation,gen_38,data/structures/reward_guided/baseline/0000/generated/gen_38.cif,True,data/structures/reward_guided/baseline/0000/relaxed/gen_38_relaxed.cif,False,False,,,,False,False,,,,,,
matinvent_style_target12_tri_fixed_scaler_gpu,baseline,0000,online_evaluation,gen_39,data/structures/reward_guided/baseline/0000/generated/gen_39.cif,,,False,False,,,,False,False,,,,,,invalid_raw_structure
matinvent_style_target12_tri_fixed_scaler_gpu,baseline,0000,online_evaluation,gen_4,data/structures/reward_guided/baseline/0000/generated/gen_4.cif,True,data/structures/reward_guided/baseline/0000/relaxed/gen_4_relaxed.cif,False,False,,,,False,False,,,,,,
matinvent_style_target12_tri_fixed_scaler_gpu,baseline,0000,online_evaluation,gen_40,data/structures/reward_guided/baseline/0000/generated/gen_40.cif,True,data/structures/reward_guided/baseline/0000/relaxed/gen_40_relaxed.cif,False,False,,,,False,False,,,,,,
matinvent_style_target12_tri_fixed_scaler_gpu,baseline,0000,online_evaluation,gen_41,data/structures/reward_guided/baseline/0000/generated/gen_41.cif,True,data/structures/reward_guided/baseline/0000/relaxed/gen_41_relaxed.cif,True,True,25.247730708130632,2.968494e-10,,False,False,,True,True,True,,
matinvent_style_target12_tri_fixed_scaler_gpu,baseline,0000,online_evaluation,gen_42,data/structures/reward_guided/baseline/0000/generated/gen_42.cif,True,data/structures/reward_guided/baseline/0000/relaxed/gen_42_relaxed.cif,True,True,12.938419763879658,0.8957634,,True,False,,True,True,True,,
matinvent_style_target12_tri_fixed_scaler_gpu,baseline,0000,online_evaluation,gen_43,data/structures/reward_guided/baseline/0000/generated/gen_43.cif,True,data/structures/reward_guided/baseline/0000/relaxed/gen_43_relaxed.cif,False,False,,,,False,False,,,,,,
matinvent_style_target12_tri_fixed_scaler_gpu,baseline,0000,online_evaluation,gen_44,data/structures/reward_guided/baseline/0000/generated/gen_44.cif,True,data/structures/reward_guided/baseline/0000/relaxed/gen_44_relaxed.cif,False,False,,,,False,False,,,,,,
matinvent_style_target12_tri_fixed_scaler_gpu,baseline,0000,online_evaluation,gen_45,data/structures/reward_guided/baseline/0000/generated/gen_45.cif,True,data/structures/reward_guided/baseline/0000/relaxed/gen_45_relaxed.cif,False,False,,,,False,False,,,,,,
matinvent_style_target12_tri_fixed_scaler_gpu,baseline,0000,online_evaluation,gen_46,data/structures/reward_guided/baseline/0000/generated/gen_46.cif,True,data/structures/reward_guided/baseline/0000/relaxed/gen_46_relaxed.cif,False,False,,,,False,False,,,,,,
matinvent_style_target12_tri_fixed_scaler_gpu,baseline,0000,online_evaluation,gen_47,data/structures/reward_guided/baseline/0000/generated/gen_47.cif,True,data/structures/reward_guided/baseline/0000/relaxed/gen_47_relaxed.cif,True,True,13.268760961871967,0.8177331,,True,False,,True,True,True,,
matinvent_style_target12_tri_fixed_scaler_gpu,baseline,0000,online_evaluation,gen_48,data/structures/reward_guided/baseline/0000/generated/gen_48.cif,True,data/structures/reward_guided/baseline/0000/relaxed/gen_48_relaxed.cif,False,False,,,,False,False,,,,,,
matinvent_style_target12_tri_fixed_scaler_gpu,baseline,0000,online_evaluation,gen_49,data/structures/reward_guided/baseline/0000/generated/gen_49.cif,True,data/structures/reward_guided/baseline/0000/relaxed/gen_49_relaxed.cif,False,False,,,,False,False,,,,,,
matinvent_style_target12_tri_fixed_scaler_gpu,baseline,0000,online_evaluation,gen_5,data/structures/reward_guided/baseline/0000/generated/gen_5.cif,True,data/structures/reward_guided/baseline/0000/relaxed/gen_5_relaxed.cif,True,True,7.763444962222309,0.10608126,,True,False,,True,True,True,,
matinvent_style_target12_tri_fixed_scaler_gpu,baseline,0000,online_evaluation,gen_50,data/structures/reward_guided/baseline/0000/generated/gen_50.cif,True,data/structures/reward_guided/baseline/0000/relaxed/gen_50_relaxed.cif,True,True,9.053250632682056,0.33776107,,True,False,,True,True,True,,
matinvent_style_target12_tri_fixed_scaler_gpu,baseline,0000,online_evaluation,gen_51,data/structures/reward_guided/baseline/0000/generated/gen_51.cif,True,data/structures/reward_guided/baseline/0000/relaxed/gen_51_relaxed.cif,False,False,,,,False,False,,,,,,
matinvent_style_target12_tri_fixed_scaler_gpu,baseline,0000,online_evaluation,gen_52,data/structures/reward_guided/baseline/0000/generated/gen_52.cif,True,data/structures/reward_guided/baseline/0000/relaxed/gen_52_relaxed.cif,False,False,,,,False,False,,,,,,
matinvent_style_target12_tri_fixed_scaler_gpu,baseline,0000,online_evaluation,gen_53,data/structures/reward_guided/baseline/0000/generated/gen_53.cif,True,data/structures/reward_guided/baseline/0000/relaxed/gen_53_relaxed.cif,False,False,,,,False,False,,,,,,
matinvent_style_target12_tri_fixed_scaler_gpu,baseline,0000,online_evaluation,gen_54,data/structures/reward_guided/baseline/0000/generated/gen_54.cif,True,data/structures/reward_guided/baseline/0000/relaxed/gen_54_relaxed.cif,True,True,15.771700306603478,0.16893937,,True,False,,True,True,True,,
matinvent_style_target12_tri_fixed_scaler_gpu,baseline,0000,online_evaluation,gen_55,data/structures/reward_guided/baseline/0000/generated/gen_55.cif,True,data/structures/reward_guided/baseline/0000/relaxed/gen_55_relaxed.cif,False,False,,,,False,False,,,,,,
matinvent_style_target12_tri_fixed_scaler_gpu,baseline,0000,online_evaluation,gen_56,data/structures/reward_guided/baseline/0000/generated/gen_56.cif,True,data/structures/reward_guided/baseline/0000/relaxed/gen_56_relaxed.cif,False,False,,,,False,False,,,,,,
matinvent_style_target12_tri_fixed_scaler_gpu,baseline,0000,online_evaluation,gen_57,data/structures/reward_guided/baseline/0000/generated/gen_57.cif,True,data/structures/reward_guided/baseline/0000/relaxed/gen_57_relaxed.cif,True,True,2.861123803893568,2.924265e-05,,False,False,,True,True,True,,
matinvent_style_target12_tri_fixed_scaler_gpu,baseline,0000,online_evaluation,gen_58,data/structures/reward_guided/baseline/0000/generated/gen_58.cif,True,data/structures/reward_guided/baseline/0000/relaxed/gen_58_relaxed.cif,False,False,,,,False,False,,,,,,
matinvent_style_target12_tri_fixed_scaler_gpu,baseline,0000,online_evaluation,gen_59,data/structures/reward_guided/baseline/0000/generated/gen_59.cif,True,data/structures/reward_guided/baseline/0000/relaxed/gen_59_relaxed.cif,False,False,,,,False,False,,,,,,
matinvent_style_target12_tri_fixed_scaler_gpu,baseline,0000,online_evaluation,gen_6,data/structures/reward_guided/baseline/0000/generated/gen_6.cif,,,False,False,,,,False,False,,,,,,invalid_raw_structure
matinvent_style_target12_tri_fixed_scaler_gpu,baseline,0000,online_evaluation,gen_60,data/structures/reward_guided/baseline/0000/generated/gen_60.cif,True,data/structures/reward_guided/baseline/0000/relaxed/gen_60_relaxed.cif,False,False,,,,False,False,,,,,,
matinvent_style_target12_tri_fixed_scaler_gpu,baseline,0000,online_evaluation,gen_61,data/structures/reward_guided/baseline/0000/generated/gen_61.cif,,,False,False,,,,False,False,,,,,,invalid_raw_structure
matinvent_style_target12_tri_fixed_scaler_gpu,baseline,0000,online_evaluation,gen_62,data/structures/reward_guided/baseline/0000/generated/gen_62.cif,True,data/structures/reward_guided/baseline/0000/relaxed/gen_62_relaxed.cif,False,False,,,,False,False,,,,,,
matinvent_style_target12_tri_fixed_scaler_gpu,baseline,0000,online_evaluation,gen_63,data/structures/reward_guided/baseline/0000/generated/gen_63.cif,True,data/structures/reward_guided/baseline/0000/relaxed/gen_63_relaxed.cif,True,True,8.11106609536489,0.15099993,,True,False,,True,True,True,,
matinvent_style_target12_tri_fixed_scaler_gpu,baseline,0000,online_evaluation,gen_7,data/structures/reward_guided/baseline/0000/generated/gen_7.cif,True,data/structures/reward_guided/baseline/0000/relaxed/gen_7_relaxed.cif,False,False,,,,False,False,,,,,,
matinvent_style_target12_tri_fixed_scaler_gpu,baseline,0000,online_evaluation,gen_8,data/structures/reward_guided/baseline/0000/generated/gen_8.cif,,,False,False,,,,False,False,,,,,,invalid_raw_structure
matinvent_style_target12_tri_fixed_scaler_gpu,baseline,0000,online_evaluation,gen_9,data/structures/reward_guided/baseline/0000/generated/gen_9.cif,True,data/structures/reward_guided/baseline/0000/relaxed/gen_9_relaxed.cif,False,False,,,,False,False,,,,,,
matinvent_style_target12_tri_fixed_scaler_gpu,baseline,0001,online_evaluation,gen_0,data/structures/reward_guided/baseline/0001/generated/gen_0.cif,True,data/structures/reward_guided/baseline/0001/relaxed/gen_0_relaxed.cif,False,False,,,,False,False,,,,,,
matinvent_style_target12_tri_fixed_scaler_gpu,baseline,0001,online_evaluation,gen_1,data/structures/reward_guided/baseline/0001/generated/gen_1.cif,True,data/structures/reward_guided/baseline/0001/relaxed/gen_1_relaxed.cif,False,False,,,,False,False,,,,,,
matinvent_style_target12_tri_fixed_scaler_gpu,baseline,0001,online_evaluation,gen_10,data/structures/reward_guided/baseline/0001/generated/gen_10.cif,,,False,False,,,,False,False,,,,,,invalid_raw_structure
matinvent_style_target12_tri_fixed_scaler_gpu,baseline,0001,online_evaluation,gen_11,data/structures/reward_guided/baseline/0001/generated/gen_11.cif,True,data/structures/reward_guided/baseline/0001/relaxed/gen_11_relaxed.cif,False,False,,,,False,False,,,,,,
matinvent_style_target12_tri_fixed_scaler_gpu,baseline,0001,online_evaluation,gen_12,data/structures/reward_guided/baseline/0001/generated/gen_12.cif,,,False,False,,,,False,False,,,,,,invalid_raw_structure
matinvent_style_target12_tri_fixed_scaler_gpu,baseline,0001,online_evaluation,gen_13,data/structures/reward_guided/baseline/0001/generated/gen_13.cif,True,data/structures/reward_guided/baseline/0001/relaxed/gen_13_relaxed.cif,True,True,9.255877731794657,0.39012975,,True,False,,True,True,True,,
matinvent_style_target12_tri_fixed_scaler_gpu,baseline,0001,online_evaluation,gen_14,data/structures/reward_guided/baseline/0001/generated/gen_14.cif,True,data/structures/reward_guided/baseline/0001/relaxed/gen_14_relaxed.cif,False,False,,,,False,False,,,,,,
matinvent_style_target12_tri_fixed_scaler_gpu,baseline,0001,online_evaluation,gen_15,data/structures/reward_guided/baseline/0001/generated/gen_15.cif,True,data/structures/reward_guided/baseline/0001/relaxed/gen_15_relaxed.cif,True,True,7.337174466966881,0.06602362,,True,False,,True,True,True,,
matinvent_style_target12_tri_fixed_scaler_gpu,baseline,0001,online_evaluation,gen_16,data/structures/reward_guided/baseline/0001/generated/gen_16.cif,True,data/structures/reward_guided/baseline/0001/relaxed/gen_16_relaxed.cif,False,False,,,,False,False,,,,,,
matinvent_style_target12_tri_fixed_scaler_gpu,baseline,0001,online_evaluation,gen_17,data/structures/reward_guided/baseline/0001/generated/gen_17.cif,True,data/structures/reward_guided/baseline/0001/relaxed/gen_17_relaxed.cif,False,False,,,,False,False,,,,,,
matinvent_style_target12_tri_fixed_scaler_gpu,baseline,0001,online_evaluation,gen_18,data/structures/reward_guided/baseline/0001/generated/gen_18.cif,True,data/structures/reward_guided/baseline/0001/relaxed/gen_18_relaxed.cif,False,False,,,,False,False,,,,,,
matinvent_style_target12_tri_fixed_scaler_gpu,baseline,0001,online_evaluation,gen_19,data/structures/reward_guided/baseline/0001/generated/gen_19.cif,True,data/structures/reward_guided/baseline/0001/relaxed/gen_19_relaxed.cif,False,False,,,,False,False,,,,,,
matinvent_style_target12_tri_fixed_scaler_gpu,baseline,0001,online_evaluation,gen_2,data/structures/reward_guided/baseline/0001/generated/gen_2.cif,True,data/structures/reward_guided/baseline/0001/relaxed/gen_2_relaxed.cif,False,False,,,,False,False,,,,,,
matinvent_style_target12_tri_fixed_scaler_gpu,baseline,0001,online_evaluation,gen_20,data/structures/reward_guided/baseline/0001/generated/gen_20.cif,,,False,False,,,,False,False,,,,,,invalid_raw_structure
matinvent_style_target12_tri_fixed_scaler_gpu,baseline,0001,online_evaluation,gen_21,data/structures/reward_guided/baseline/0001/generated/gen_21.cif,True,data/structures/reward_guided/baseline/0001/relaxed/gen_21_relaxed.cif,True,True,11.512596858639656,0.97074133,,True,False,,True,True,True,,
matinvent_style_target12_tri_fixed_scaler_gpu,baseline,0001,online_evaluation,gen_22,data/structures/reward_guided/baseline/0001/generated/gen_22.cif,True,data/structures/reward_guided/baseline/0001/relaxed/gen_22_relaxed.cif,False,False,,,,False,False,,,,,,
matinvent_style_target12_tri_fixed_scaler_gpu,baseline,0001,online_evaluation,gen_23,data/structures/reward_guided/baseline/0001/generated/gen_23.cif,True,data/structures/reward_guided/baseline/0001/relaxed/gen_23_relaxed.cif,False,False,,,,False,False,,,,,,
matinvent_style_target12_tri_fixed_scaler_gpu,baseline,0001,online_evaluation,gen_24,data/structures/reward_guided/baseline/0001/generated/gen_24.cif,True,data/structures/reward_guided/baseline/0001/relaxed/gen_24_relaxed.cif,False,False,,,,False,False,,,,,,
matinvent_style_target12_tri_fixed_scaler_gpu,baseline,0001,online_evaluation,gen_25,data/structures/reward_guided/baseline/0001/generated/gen_25.cif,True,data/structures/reward_guided/baseline/0001/relaxed/gen_25_relaxed.cif,False,False,,,,False,False,,,,,,
matinvent_style_target12_tri_fixed_scaler_gpu,baseline,0001,online_evaluation,gen_26,data/structures/reward_guided/baseline/0001/generated/gen_26.cif,True,data/structures/reward_guided/baseline/0001/relaxed/gen_26_relaxed.cif,True,True,16.154530405506915,0.115612015,,True,False,,True,True,True,,
matinvent_style_target12_tri_fixed_scaler_gpu,baseline,0001,online_evaluation,gen_27,data/structures/reward_guided/baseline/0001/generated/gen_27.cif,True,data/structures/reward_guided/baseline/0001/relaxed/gen_27_relaxed.cif,False,False,,,,False,False,,,,,,
matinvent_style_target12_tri_fixed_scaler_gpu,baseline,0001,online_evaluation,gen_28,data/structures/reward_guided/baseline/0001/generated/gen_28.cif,True,data/structures/reward_guided/baseline/0001/relaxed/gen_28_relaxed.cif,False,False,,,,False,False,,,,,,
matinvent_style_target12_tri_fixed_scaler_gpu,baseline,0001,online_evaluation,gen_29,data/structures/reward_guided/baseline/0001/generated/gen_29.cif,,,False,False,,,,False,False,,,,,,invalid_raw_structure
matinvent_style_target12_tri_fixed_scaler_gpu,baseline,0001,online_evaluation,gen_3,data/structures/reward_guided/baseline/0001/generated/gen_3.cif,True,data/structures/reward_guided/baseline/0001/relaxed/gen_3_relaxed.cif,False,False,,,,False,False,,,,,,
matinvent_style_target12_tri_fixed_scaler_gpu,baseline,0001,online_evaluation,gen_30,data/structures/reward_guided/baseline/0001/generated/gen_30.cif,True,data/structures/reward_guided/baseline/0001/relaxed/gen_30_relaxed.cif,False,False,,,,False,False,,,,,,
matinvent_style_target12_tri_fixed_scaler_gpu,baseline,0001,online_evaluation,gen_31,data/structures/reward_guided/baseline/0001/generated/gen_31.cif,True,data/structures/reward_guided/baseline/0001/relaxed/gen_31_relaxed.cif,False,False,,,,False,False,,,,,,
matinvent_style_target12_tri_fixed_scaler_gpu,baseline,0001,online_evaluation,gen_32,data/structures/reward_guided/baseline/0001/generated/gen_32.cif,True,data/structures/reward_guided/baseline/0001/relaxed/gen_32_relaxed.cif,False,False,,,,False,False,,,,,,
matinvent_style_target12_tri_fixed_scaler_gpu,baseline,0001,online_evaluation,gen_33,data/structures/reward_guided/baseline/0001/generated/gen_33.cif,,,False,False,,,,False,False,,,,,,invalid_raw_structure
matinvent_style_target12_tri_fixed_scaler_gpu,baseline,0001,online_evaluation,gen_34,data/structures/reward_guided/baseline/0001/generated/gen_34.cif,True,data/structures/reward_guided/baseline/0001/relaxed/gen_34_relaxed.cif,False,False,,,,False,False,,,,,,
matinvent_style_target12_tri_fixed_scaler_gpu,baseline,0001,online_evaluation,gen_35,data/structures/reward_guided/baseline/0001/generated/gen_35.cif,True,data/structures/reward_guided/baseline/0001/relaxed/gen_35_relaxed.cif,False,False,,,,False,False,,,,,,
matinvent_style_target12_tri_fixed_scaler_gpu,baseline,0001,online_evaluation,gen_36,data/structures/reward_guided/baseline/0001/generated/gen_36.cif,,,False,False,,,,False,False,,,,,,invalid_raw_structure
matinvent_style_target12_tri_fixed_scaler_gpu,baseline,0001,online_evaluation,gen_37,data/structures/reward_guided/baseline/0001/generated/gen_37.cif,True,data/structures/reward_guided/baseline/0001/relaxed/gen_37_relaxed.cif,False,False,,,,False,False,,,,,,
matinvent_style_target12_tri_fixed_scaler_gpu,baseline,0001,online_evaluation,gen_38,data/structures/reward_guided/baseline/0001/generated/gen_38.cif,True,data/structures/reward_guided/baseline/0001/relaxed/gen_38_relaxed.cif,False,False,,,,False,False,,,,,,
matinvent_style_target12_tri_fixed_scaler_gpu,baseline,0001,online_evaluation,gen_39,data/structures/reward_guided/baseline/0001/generated/gen_39.cif,True,data/structures/reward_guided/baseline/0001/relaxed/gen_39_relaxed.cif,False,False,,,,False,False,,,,,,
matinvent_style_target12_tri_fixed_scaler_gpu,baseline,0001,online_evaluation,gen_4,data/structures/reward_guided/baseline/0001/generated/gen_4.cif,True,data/structures/reward_guided/baseline/0001/relaxed/gen_4_relaxed.cif,False,False,,,,False,False,,,,,,
matinvent_style_target12_tri_fixed_scaler_gpu,baseline,0001,online_evaluation,gen_40,data/structures/reward_guided/baseline/0001/generated/gen_40.cif,True,data/structures/reward_guided/baseline/0001/relaxed/gen_40_relaxed.cif,True,True,3.1902347071367174,6.119191e-05,,False,False,,True,True,True,,
matinvent_style_target12_tri_fixed_scaler_gpu,baseline,0001,online_evaluation,gen_41,data/structures/reward_guided/baseline/0001/generated/gen_41.cif,,,False,False,,,,False,False,,,,,,invalid_raw_structure
matinvent_style_target12_tri_fixed_scaler_gpu,baseline,0001,online_evaluation,gen_42,data/structures/reward_guided/baseline/0001/generated/gen_42.cif,True,data/structures/reward_guided/baseline/0001/relaxed/gen_42_relaxed.cif,True,True,12.54871416011855,0.96306354,,True,False,,True,True,True,,
matinvent_style_target12_tri_fixed_scaler_gpu,baseline,0001,online_evaluation,gen_43,data/structures/reward_guided/baseline/0001/generated/gen_43.cif,True,data/structures/reward_guided/baseline/0001/relaxed/gen_43_relaxed.cif,False,False,,,,False,False,,,,,,
matinvent_style_target12_tri_fixed_scaler_gpu,baseline,0001,online_evaluation,gen_44,data/structures/reward_guided/baseline/0001/generated/gen_44.cif,True,data/structures/reward_guided/baseline/0001/relaxed/gen_44_relaxed.cif,False,False,,,,False,False,,,,,,
matinvent_style_target12_tri_fixed_scaler_gpu,baseline,0001,online_evaluation,gen_45,data/structures/reward_guided/baseline/0001/generated/gen_45.cif,True,data/structures/reward_guided/baseline/0001/relaxed/gen_45_relaxed.cif,False,False,,,,False,False,,,,,,
matinvent_style_target12_tri_fixed_scaler_gpu,baseline,0001,online_evaluation,gen_46,data/structures/reward_guided/baseline/0001/generated/gen_46.cif,True,data/structures/reward_guided/baseline/0001/relaxed/gen_46_relaxed.cif,False,False,,,,False,False,,,,,,
matinvent_style_target12_tri_fixed_scaler_gpu,baseline,0001,online_evaluation,gen_47,data/structures/reward_guided/baseline/0001/generated/gen_47.cif,True,data/structures/reward_guided/baseline/0001/relaxed/gen_47_relaxed.cif,False,False,,,,False,False,,,,,,
matinvent_style_target12_tri_fixed_scaler_gpu,baseline,0001,online_evaluation,gen_48,data/structures/reward_guided/baseline/0001/generated/gen_48.cif,True,data/structures/reward_guided/baseline/0001/relaxed/gen_48_relaxed.cif,False,False,,,,False,False,,,,,,
matinvent_style_target12_tri_fixed_scaler_gpu,baseline,0001,online_evaluation,gen_49,data/structures/reward_guided/baseline/0001/generated/gen_49.cif,True,data/structures/reward_guided/baseline/0001/relaxed/gen_49_relaxed.cif,False,False,,,,False,False,,,,,,
matinvent_style_target12_tri_fixed_scaler_gpu,baseline,0001,online_evaluation,gen_5,data/structures/reward_guided/baseline/0001/generated/gen_5.cif,True,data/structures/reward_guided/baseline/0001/relaxed/gen_5_relaxed.cif,False,False,,,,False,False,,,,,,
matinvent_style_target12_tri_fixed_scaler_gpu,baseline,0001,online_evaluation,gen_50,data/structures/reward_guided/baseline/0001/generated/gen_50.cif,True,data/structures/reward_guided/baseline/0001/relaxed/gen_50_relaxed.cif,False,False,,,,False,False,,,,,,
matinvent_style_target12_tri_fixed_scaler_gpu,baseline,0001,online_evaluation,gen_51,data/structures/reward_guided/baseline/0001/generated/gen_51.cif,True,data/structures/reward_guided/baseline/0001/relaxed/gen_51_relaxed.cif,False,False,,,,False,False,,,,,,
matinvent_style_target12_tri_fixed_scaler_gpu,baseline,0001,online_evaluation,gen_52,data/structures/reward_guided/baseline/0001/generated/gen_52.cif,True,data/structures/reward_guided/baseline/0001/relaxed/gen_52_relaxed.cif,False,False,,,,False,False,,,,,,
matinvent_style_target12_tri_fixed_scaler_gpu,baseline,0001,online_evaluation,gen_53,data/structures/reward_guided/baseline/0001/generated/gen_53.cif,True,data/structures/reward_guided/baseline/0001/relaxed/gen_53_relaxed.cif,True,True,14.874752071947904,0.35592866,,True,False,,True,True,True,,
matinvent_style_target12_tri_fixed_scaler_gpu,baseline,0001,online_evaluation,gen_54,data/structures/reward_guided/baseline/0001/generated/gen_54.cif,,,False,False,,,,False,False,,,,,,invalid_raw_structure
matinvent_style_target12_tri_fixed_scaler_gpu,baseline,0001,online_evaluation,gen_55,data/structures/reward_guided/baseline/0001/generated/gen_55.cif,True,data/structures/reward_guided/baseline/0001/relaxed/gen_55_relaxed.cif,False,False,,,,False,False,,,,,,
matinvent_style_target12_tri_fixed_scaler_gpu,baseline,0001,online_evaluation,gen_56,data/structures/reward_guided/baseline/0001/generated/gen_56.cif,,,False,False,,,,False,False,,,,,,invalid_raw_structure
matinvent_style_target12_tri_fixed_scaler_gpu,baseline,0001,online_evaluation,gen_57,data/structures/reward_guided/baseline/0001/generated/gen_57.cif,True,data/structures/reward_guided/baseline/0001/relaxed/gen_57_relaxed.cif,False,False,,,,False,False,,,,,,
matinvent_style_target12_tri_fixed_scaler_gpu,baseline,0001,online_evaluation,gen_58,data/structures/reward_guided/baseline/0001/generated/gen_58.cif,True,data/structures/reward_guided/baseline/0001/relaxed/gen_58_relaxed.cif,False,False,,,,False,False,,,,,,
matinvent_style_target12_tri_fixed_scaler_gpu,baseline,0001,online_evaluation,gen_59,data/structures/reward_guided/baseline/0001/generated/gen_59.cif,True,data/structures/reward_guided/baseline/0001/relaxed/gen_59_relaxed.cif,False,False,,,,False,False,,,,,,
matinvent_style_target12_tri_fixed_scaler_gpu,baseline,0001,online_evaluation,gen_6,data/structures/reward_guided/baseline/0001/generated/gen_6.cif,True,data/structures/reward_guided/baseline/0001/relaxed/gen_6_relaxed.cif,False,False,,,,False,False,,,,,,
matinvent_style_target12_tri_fixed_scaler_gpu,baseline,0001,online_evaluation,gen_60,data/structures/reward_guided/baseline/0001/generated/gen_60.cif,True,data/structures/reward_guided/baseline/0001/relaxed/gen_60_relaxed.cif,False,False,,,,False,False,,,,,,
matinvent_style_target12_tri_fixed_scaler_gpu,baseline,0001,online_evaluation,gen_61,data/structures/reward_guided/baseline/0001/generated/gen_61.cif,True,data/structures/reward_guided/baseline/0001/relaxed/gen_61_relaxed.cif,True,True,8.837665639914492,0.28649196,,True,False,,True,True,True,,
matinvent_style_target12_tri_fixed_scaler_gpu,baseline,0001,online_evaluation,gen_62,data/structures/reward_guided/baseline/0001/generated/gen_62.cif,,,False,False,,,,False,False,,,,,,invalid_raw_structure
matinvent_style_target12_tri_fixed_scaler_gpu,baseline,0001,online_evaluation,gen_63,data/structures/reward_guided/baseline/0001/generated/gen_63.cif,True,data/structures/reward_guided/baseline/0001/relaxed/gen_63_relaxed.cif,False,False,,,,False,False,,,,,,
matinvent_style_target12_tri_fixed_scaler_gpu,baseline,0001,online_evaluation,gen_7,data/structures/reward_guided/baseline/0001/generated/gen_7.cif,True,data/structures/reward_guided/baseline/0001/relaxed/gen_7_relaxed.cif,True,True,10.912196074448447,0.8625047,,True,False,,True,True,True,,
matinvent_style_target12_tri_fixed_scaler_gpu,baseline,0001,online_evaluation,gen_8,data/structures/reward_guided/baseline/0001/generated/gen_8.cif,True,data/structures/reward_guided/baseline/0001/relaxed/gen_8_relaxed.cif,False,False,,,,False,False,,,,,,
matinvent_style_target12_tri_fixed_scaler_gpu,baseline,0001,online_evaluation,gen_9,data/structures/reward_guided/baseline/0001/generated/gen_9.cif,True,data/structures/reward_guided/baseline/0001/relaxed/gen_9_relaxed.cif,False,False,,,,False,False,,,,,,
matinvent_style_target12_tri_fixed_scaler_gpu,baseline,0002,online_evaluation,gen_0,data/structures/reward_guided/baseline/0002/generated/gen_0.cif,True,data/structures/reward_guided/baseline/0002/relaxed/gen_0_relaxed.cif,False,False,,,,False,False,,,,,,
matinvent_style_target12_tri_fixed_scaler_gpu,baseline,0002,online_evaluation,gen_1,data/structures/reward_guided/baseline/0002/generated/gen_1.cif,,,False,False,,,,False,False,,,,,,invalid_raw_structure
matinvent_style_target12_tri_fixed_scaler_gpu,baseline,0002,online_evaluation,gen_10,data/structures/reward_guided/baseline/0002/generated/gen_10.cif,True,data/structures/reward_guided/baseline/0002/relaxed/gen_10_relaxed.cif,True,True,16.928805177744792,0.047995884,,False,False,,True,True,True,,
matinvent_style_target12_tri_fixed_scaler_gpu,baseline,0002,online_evaluation,gen_11,data/structures/reward_guided/baseline/0002/generated/gen_11.cif,True,data/structures/reward_guided/baseline/0002/relaxed/gen_11_relaxed.cif,True,True,2.5187842155076274,1.3181693e-05,,False,False,,True,True,True,,
matinvent_style_target12_tri_fixed_scaler_gpu,baseline,0002,online_evaluation,gen_12,data/structures/reward_guided/baseline/0002/generated/gen_12.cif,,,False,False,,,,False,False,,,,,,invalid_raw_structure
matinvent_style_target12_tri_fixed_scaler_gpu,baseline,0002,online_evaluation,gen_13,data/structures/reward_guided/baseline/0002/generated/gen_13.cif,True,data/structures/reward_guided/baseline/0002/relaxed/gen_13_relaxed.cif,False,False,,,,False,False,,,,,,
matinvent_style_target12_tri_fixed_scaler_gpu,baseline,0002,online_evaluation,gen_14,data/structures/reward_guided/baseline/0002/generated/gen_14.cif,True,data/structures/reward_guided/baseline/0002/relaxed/gen_14_relaxed.cif,False,False,,,,False,False,,,,,,
matinvent_style_target12_tri_fixed_scaler_gpu,baseline,0002,online_evaluation,gen_15,data/structures/reward_guided/baseline/0002/generated/gen_15.cif,,,False,False,,,,False,False,,,,,,invalid_raw_structure
matinvent_style_target12_tri_fixed_scaler_gpu,baseline,0002,online_evaluation,gen_16,data/structures/reward_guided/baseline/0002/generated/gen_16.cif,True,data/structures/reward_guided/baseline/0002/relaxed/gen_16_relaxed.cif,False,False,,,,False,False,,,,,,
matinvent_style_target12_tri_fixed_scaler_gpu,baseline,0002,online_evaluation,gen_17,data/structures/reward_guided/baseline/0002/generated/gen_17.cif,True,data/structures/reward_guided/baseline/0002/relaxed/gen_17_relaxed.cif,True,True,14.192890508463044,0.54821044,,True,False,,True,True,True,,
matinvent_style_target12_tri_fixed_scaler_gpu,baseline,0002,online_evaluation,gen_18,data/structures/reward_guided/baseline/0002/generated/gen_18.cif,True,data/structures/reward_guided/baseline/0002/relaxed/gen_18_relaxed.cif,False,False,,,,False,False,,,,,,
matinvent_style_target12_tri_fixed_scaler_gpu,baseline,0002,online_evaluation,gen_19,data/structures/reward_guided/baseline/0002/generated/gen_19.cif,True,data/structures/reward_guided/baseline/0002/relaxed/gen_19_relaxed.cif,True,True,19.05280202151915,0.001993722,,False,False,,True,True,True,,
matinvent_style_target12_tri_fixed_scaler_gpu,baseline,0002,online_evaluation,gen_2,data/structures/reward_guided/baseline/0002/generated/gen_2.cif,True,data/structures/reward_guided/baseline/0002/relaxed/gen_2_relaxed.cif,False,False,,,,False,False,,,,,,
matinvent_style_target12_tri_fixed_scaler_gpu,baseline,0002,online_evaluation,gen_20,data/structures/reward_guided/baseline/0002/generated/gen_20.cif,True,data/structures/reward_guided/baseline/0002/relaxed/gen_20_relaxed.cif,False,False,,,,False,False,,,,,,
matinvent_style_target12_tri_fixed_scaler_gpu,baseline,0002,online_evaluation,gen_21,data/structures/reward_guided/baseline/0002/generated/gen_21.cif,True,data/structures/reward_guided/baseline/0002/relaxed/gen_21_relaxed.cif,True,True,15.65383920696543,0.18846978,,False,False,,True,True,True,,
matinvent_style_target12_tri_fixed_scaler_gpu,baseline,0002,online_evaluation,gen_22,data/structures/reward_guided/baseline/0002/generated/gen_22.cif,True,data/structures/reward_guided/baseline/0002/relaxed/gen_22_relaxed.cif,True,True,12.655649943444194,0.9476836,,True,False,,True,True,True,,
matinvent_style_target12_tri_fixed_scaler_gpu,baseline,0002,online_evaluation,gen_23,data/structures/reward_guided/baseline/0002/generated/gen_23.cif,True,data/structures/reward_guided/baseline/0002/relaxed/gen_23_relaxed.cif,False,False,,,,False,False,,,,,,
matinvent_style_target12_tri_fixed_scaler_gpu,baseline,0002,online_evaluation,gen_24,data/structures/reward_guided/baseline/0002/generated/gen_24.cif,True,data/structures/reward_guided/baseline/0002/relaxed/gen_24_relaxed.cif,False,False,,,,False,False,,,,,,
matinvent_style_target12_tri_fixed_scaler_gpu,baseline,0002,online_evaluation,gen_25,data/structures/reward_guided/baseline/0002/generated/gen_25.cif,True,data/structures/reward_guided/baseline/0002/relaxed/gen_25_relaxed.cif,False,False,,,,False,False,,,,,,
matinvent_style_target12_tri_fixed_scaler_gpu,baseline,0002,online_evaluation,gen_26,data/structures/reward_guided/baseline/0002/generated/gen_26.cif,True,data/structures/reward_guided/baseline/0002/relaxed/gen_26_relaxed.cif,False,False,,,,False,False,,,,,,
matinvent_style_target12_tri_fixed_scaler_gpu,baseline,0002,online_evaluation,gen_27,data/structures/reward_guided/baseline/0002/generated/gen_27.cif,True,data/structures/reward_guided/baseline/0002/relaxed/gen_27_relaxed.cif,False,False,,,,False,False,,,,,,
matinvent_style_target12_tri_fixed_scaler_gpu,baseline,0002,online_evaluation,gen_28,data/structures/reward_guided/baseline/0002/generated/gen_28.cif,True,data/structures/reward_guided/baseline/0002/relaxed/gen_28_relaxed.cif,False,False,,,,False,False,,,,,,
matinvent_style_target12_tri_fixed_scaler_gpu,baseline,0002,online_evaluation,gen_29,data/structures/reward_guided/baseline/0002/generated/gen_29.cif,True,data/structures/reward_guided/baseline/0002/relaxed/gen_29_relaxed.cif,True,True,20.521639584658704,0.00011423045,,False,False,,True,True,True,,
matinvent_style_target12_tri_fixed_scaler_gpu,baseline,0002,online_evaluation,gen_3,data/structures/reward_guided/baseline/0002/generated/gen_3.cif,True,data/structures/reward_guided/baseline/0002/relaxed/gen_3_relaxed.cif,True,True,10.459747116313617,0.7433804,,True,False,,True,True,True,,
matinvent_style_target12_tri_fixed_scaler_gpu,baseline,0002,online_evaluation,gen_30,data/structures/reward_guided/baseline/0002/generated/gen_30.cif,True,data/structures/reward_guided/baseline/0002/relaxed/gen_30_relaxed.cif,False,False,,,,False,False,,,,,,
matinvent_style_target12_tri_fixed_scaler_gpu,baseline,0002,online_evaluation,gen_31,data/structures/reward_guided/baseline/0002/generated/gen_31.cif,True,data/structures/reward_guided/baseline/0002/relaxed/gen_31_relaxed.cif,False,False,,,,False,False,,,,,,
matinvent_style_target12_tri_fixed_scaler_gpu,baseline,0002,online_evaluation,gen_32,data/structures/reward_guided/baseline/0002/generated/gen_32.cif,True,data/structures/reward_guided/baseline/0002/relaxed/gen_32_relaxed.cif,False,False,,,,False,False,,,,,,
matinvent_style_target12_tri_fixed_scaler_gpu,baseline,0002,online_evaluation,gen_33,data/structures/reward_guided/baseline/0002/generated/gen_33.cif,True,data/structures/reward_guided/baseline/0002/relaxed/gen_33_relaxed.cif,True,True,11.664212529068044,0.9860047,,True,False,,True,True,True,,
matinvent_style_target12_tri_fixed_scaler_gpu,baseline,0002,online_evaluation,gen_34,data/structures/reward_guided/baseline/0002/generated/gen_34.cif,True,data/structures/reward_guided/baseline/0002/relaxed/gen_34_relaxed.cif,False,False,,,,False,False,,,,,,
matinvent_style_target12_tri_fixed_scaler_gpu,baseline,0002,online_evaluation,gen_35,data/structures/reward_guided/baseline/0002/generated/gen_35.cif,True,data/structures/reward_guided/baseline/0002/relaxed/gen_35_relaxed.cif,False,False,,,,False,False,,,,,,
matinvent_style_target12_tri_fixed_scaler_gpu,baseline,0002,online_evaluation,gen_36,data/structures/reward_guided/baseline/0002/generated/gen_36.cif,True,data/structures/reward_guided/baseline/0002/relaxed/gen_36_relaxed.cif,False,False,,,,False,False,,,,,,
matinvent_style_target12_tri_fixed_scaler_gpu,baseline,0002,online_evaluation,gen_37,data/structures/reward_guided/baseline/0002/generated/gen_37.cif,True,data/structures/reward_guided/baseline/0002/relaxed/gen_37_relaxed.cif,False,False,,,,False,False,,,,,,
matinvent_style_target12_tri_fixed_scaler_gpu,baseline,0002,online_evaluation,gen_38,data/structures/reward_guided/baseline/0002/generated/gen_38.cif,True,data/structures/reward_guided/baseline/0002/relaxed/gen_38_relaxed.cif,False,False,,,,False,False,,,,,,
matinvent_style_target12_tri_fixed_scaler_gpu,baseline,0002,online_evaluation,gen_39,data/structures/reward_guided/baseline/0002/generated/gen_39.cif,True,data/structures/reward_guided/baseline/0002/relaxed/gen_39_relaxed.cif,True,True,13.488139369512458,0.75819105,,True,False,,True,True,True,,
matinvent_style_target12_tri_fixed_scaler_gpu,baseline,0002,online_evaluation,gen_4,data/structures/reward_guided/baseline/0002/generated/gen_4.cif,True,data/structures/reward_guided/baseline/0002/relaxed/gen_4_relaxed.cif,True,True,2.6213054589208853,1.6785605e-05,,False,False,,True,True,True,,
matinvent_style_target12_tri_fixed_scaler_gpu,baseline,0002,online_evaluation,gen_40,data/structures/reward_guided/baseline/0002/generated/gen_40.cif,True,data/structures/reward_guided/baseline/0002/relaxed/gen_40_relaxed.cif,False,False,,,,False,False,,,,,,
matinvent_style_target12_tri_fixed_scaler_gpu,baseline,0002,online_evaluation,gen_41,data/structures/reward_guided/baseline/0002/generated/gen_41.cif,True,data/structures/reward_guided/baseline/0002/relaxed/gen_41_relaxed.cif,False,False,,,,False,False,,,,,,
matinvent_style_target12_tri_fixed_scaler_gpu,baseline,0002,online_evaluation,gen_42,data/structures/reward_guided/baseline/0002/generated/gen_42.cif,True,data/structures/reward_guided/baseline/0002/relaxed/gen_42_relaxed.cif,False,False,,,,False,False,,,,,,
matinvent_style_target12_tri_fixed_scaler_gpu,baseline,0002,online_evaluation,gen_43,data/structures/reward_guided/baseline/0002/generated/gen_43.cif,True,data/structures/reward_guided/baseline/0002/relaxed/gen_43_relaxed.cif,True,True,15.229568188638524,0.27150795,,False,False,,True,True,True,,
matinvent_style_target12_tri_fixed_scaler_gpu,baseline,0002,online_evaluation,gen_44,data/structures/reward_guided/baseline/0002/generated/gen_44.cif,True,data/structures/reward_guided/baseline/0002/relaxed/gen_44_relaxed.cif,True,True,26.02885369570921,2.0695766e-11,,False,False,,True,True,True,,
matinvent_style_target12_tri_fixed_scaler_gpu,baseline,0002,online_evaluation,gen_45,data/structures/reward_guided/baseline/0002/generated/gen_45.cif,True,data/structures/reward_guided/baseline/0002/relaxed/gen_45_relaxed.cif,True,True,12.107249927061387,0.99856323,,True,False,,True,True,True,,
matinvent_style_target12_tri_fixed_scaler_gpu,baseline,0002,online_evaluation,gen_46,data/structures/reward_guided/baseline/0002/generated/gen_46.cif,,,False,False,,,,False,False,,,,,,invalid_raw_structure
matinvent_style_target12_tri_fixed_scaler_gpu,baseline,0002,online_evaluation,gen_47,data/structures/reward_guided/baseline/0002/generated/gen_47.cif,True,data/structures/reward_guided/baseline/0002/relaxed/gen_47_relaxed.cif,False,False,,,,False,False,,,,,,
matinvent_style_target12_tri_fixed_scaler_gpu,baseline,0002,online_evaluation,gen_48,data/structures/reward_guided/baseline/0002/generated/gen_48.cif,True,data/structures/reward_guided/baseline/0002/relaxed/gen_48_relaxed.cif,True,True,8.912684577845965,0.30378363,,True,False,,True,True,True,,
matinvent_style_target12_tri_fixed_scaler_gpu,baseline,0002,online_evaluation,gen_49,data/structures/reward_guided/baseline/0002/generated/gen_49.cif,True,data/structures/reward_guided/baseline/0002/relaxed/gen_49_relaxed.cif,True,True,15.1806394578133,0.28236395,,True,False,,True,True,True,,
matinvent_style_target12_tri_fixed_scaler_gpu,baseline,0002,online_evaluation,gen_5,data/structures/reward_guided/baseline/0002/generated/gen_5.cif,,,False,False,,,,False,False,,,,,,invalid_raw_structure
matinvent_style_target12_tri_fixed_scaler_gpu,baseline,0002,online_evaluation,gen_50,data/structures/reward_guided/baseline/0002/generated/gen_50.cif,True,data/structures/reward_guided/baseline/0002/relaxed/gen_50_relaxed.cif,False,False,,,,False,False,,,,,,
matinvent_style_target12_tri_fixed_scaler_gpu,baseline,0002,online_evaluation,gen_51,data/structures/reward_guided/baseline/0002/generated/gen_51.cif,True,data/structures/reward_guided/baseline/0002/relaxed/gen_51_relaxed.cif,False,False,,,,False,False,,,,,,
matinvent_style_target12_tri_fixed_scaler_gpu,baseline,0002,online_evaluation,gen_52,data/structures/reward_guided/baseline/0002/generated/gen_52.cif,True,data/structures/reward_guided/baseline/0002/relaxed/gen_52_relaxed.cif,False,False,,,,False,False,,,,,,
matinvent_style_target12_tri_fixed_scaler_gpu,baseline,0002,online_evaluation,gen_53,data/structures/reward_guided/baseline/0002/generated/gen_53.cif,True,data/structures/reward_guided/baseline/0002/relaxed/gen_53_relaxed.cif,False,False,,,,False,False,,,,,,
matinvent_style_target12_tri_fixed_scaler_gpu,baseline,0002,online_evaluation,gen_54,data/structures/reward_guided/baseline/0002/generated/gen_54.cif,True,data/structures/reward_guided/baseline/0002/relaxed/gen_54_relaxed.cif,False,False,,,,False,False,,,,,,
matinvent_style_target12_tri_fixed_scaler_gpu,baseline,0002,online_evaluation,gen_55,data/structures/reward_guided/baseline/0002/generated/gen_55.cif,True,data/structures/reward_guided/baseline/0002/relaxed/gen_55_relaxed.cif,False,False,,,,False,False,,,,,,
matinvent_style_target12_tri_fixed_scaler_gpu,baseline,0002,online_evaluation,gen_56,data/structures/reward_guided/baseline/0002/generated/gen_56.cif,True,data/structures/reward_guided/baseline/0002/relaxed/gen_56_relaxed.cif,False,False,,,,False,False,,,,,,
matinvent_style_target12_tri_fixed_scaler_gpu,baseline,0002,online_evaluation,gen_57,data/structures/reward_guided/baseline/0002/generated/gen_57.cif,,,False,False,,,,False,False,,,,,,invalid_raw_structure
matinvent_style_target12_tri_fixed_scaler_gpu,baseline,0002,online_evaluation,gen_58,data/structures/reward_guided/baseline/0002/generated/gen_58.cif,,,False,False,,,,False,False,,,,,,invalid_raw_structure
matinvent_style_target12_tri_fixed_scaler_gpu,baseline,0002,online_evaluation,gen_59,data/structures/reward_guided/baseline/0002/generated/gen_59.cif,True,data/structures/reward_guided/baseline/0002/relaxed/gen_59_relaxed.cif,False,False,,,,False,False,,,,,,
matinvent_style_target12_tri_fixed_scaler_gpu,baseline,0002,online_evaluation,gen_6,data/structures/reward_guided/baseline/0002/generated/gen_6.cif,True,data/structures/reward_guided/baseline/0002/relaxed/gen_6_relaxed.cif,False,False,,,,False,False,,,,,,
matinvent_style_target12_tri_fixed_scaler_gpu,baseline,0002,online_evaluation,gen_60,data/structures/reward_guided/baseline/0002/generated/gen_60.cif,True,data/structures/reward_guided/baseline/0002/relaxed/gen_60_relaxed.cif,False,False,,,,False,False,,,,,,
matinvent_style_target12_tri_fixed_scaler_gpu,baseline,0002,online_evaluation,gen_61,data/structures/reward_guided/baseline/0002/generated/gen_61.cif,True,data/structures/reward_guided/baseline/0002/relaxed/gen_61_relaxed.cif,False,False,,,,False,False,,,,,,
matinvent_style_target12_tri_fixed_scaler_gpu,baseline,0002,online_evaluation,gen_62,data/structures/reward_guided/baseline/0002/generated/gen_62.cif,True,data/structures/reward_guided/baseline/0002/relaxed/gen_62_relaxed.cif,False,False,,,,False,False,,,,,,
matinvent_style_target12_tri_fixed_scaler_gpu,baseline,0002,online_evaluation,gen_63,data/structures/reward_guided/baseline/0002/generated/gen_63.cif,True,data/structures/reward_guided/baseline/0002/relaxed/gen_63_relaxed.cif,False,False,,,,False,False,,,,,,
matinvent_style_target12_tri_fixed_scaler_gpu,baseline,0002,online_evaluation,gen_7,data/structures/reward_guided/baseline/0002/generated/gen_7.cif,True,data/structures/reward_guided/baseline/0002/relaxed/gen_7_relaxed.cif,False,False,,,,False,False,,,,,,
matinvent_style_target12_tri_fixed_scaler_gpu,baseline,0002,online_evaluation,gen_8,data/structures/reward_guided/baseline/0002/generated/gen_8.cif,True,data/structures/reward_guided/baseline/0002/relaxed/gen_8_relaxed.cif,False,False,,,,False,False,,,,,,
matinvent_style_target12_tri_fixed_scaler_gpu,baseline,0002,online_evaluation,gen_9,data/structures/reward_guided/baseline/0002/generated/gen_9.cif,True,data/structures/reward_guided/baseline/0002/relaxed/gen_9_relaxed.cif,False,False,,,,False,False,,,,,,
matinvent_style_target12_tri_fixed_scaler_gpu,baseline,0003,online_evaluation,gen_0,data/structures/reward_guided/baseline/0003/generated/gen_0.cif,True,data/structures/reward_guided/baseline/0003/relaxed/gen_0_relaxed.cif,False,False,,,,False,False,,,,,,
matinvent_style_target12_tri_fixed_scaler_gpu,baseline,0003,online_evaluation,gen_1,data/structures/reward_guided/baseline/0003/generated/gen_1.cif,True,data/structures/reward_guided/baseline/0003/relaxed/gen_1_relaxed.cif,False,False,,,,False,False,,,,,,
matinvent_style_target12_tri_fixed_scaler_gpu,baseline,0003,online_evaluation,gen_10,data/structures/reward_guided/baseline/0003/generated/gen_10.cif,True,data/structures/reward_guided/baseline/0003/relaxed/gen_10_relaxed.cif,False,False,,,,False,False,,,,,,
matinvent_style_target12_tri_fixed_scaler_gpu,baseline,0003,online_evaluation,gen_11,data/structures/reward_guided/baseline/0003/generated/gen_11.cif,,,False,False,,,,False,False,,,,,,invalid_raw_structure
matinvent_style_target12_tri_fixed_scaler_gpu,baseline,0003,online_evaluation,gen_12,data/structures/reward_guided/baseline/0003/generated/gen_12.cif,True,data/structures/reward_guided/baseline/0003/relaxed/gen_12_relaxed.cif,False,False,,,,False,False,,,,,,
matinvent_style_target12_tri_fixed_scaler_gpu,baseline,0003,online_evaluation,gen_13,data/structures/reward_guided/baseline/0003/generated/gen_13.cif,True,data/structures/reward_guided/baseline/0003/relaxed/gen_13_relaxed.cif,True,True,8.987072355242736,0.3215132,,True,False,,True,True,True,,
matinvent_style_target12_tri_fixed_scaler_gpu,baseline,0003,online_evaluation,gen_14,data/structures/reward_guided/baseline/0003/generated/gen_14.cif,True,data/structures/reward_guided/baseline/0003/relaxed/gen_14_relaxed.cif,False,False,,,,False,False,,,,,,
matinvent_style_target12_tri_fixed_scaler_gpu,baseline,0003,online_evaluation,gen_15,data/structures/reward_guided/baseline/0003/generated/gen_15.cif,True,data/structures/reward_guided/baseline/0003/relaxed/gen_15_relaxed.cif,False,False,,,,False,False,,,,,,
matinvent_style_target12_tri_fixed_scaler_gpu,baseline,0003,online_evaluation,gen_16,data/structures/reward_guided/baseline/0003/generated/gen_16.cif,True,data/structures/reward_guided/baseline/0003/relaxed/gen_16_relaxed.cif,True,True,13.88403614248169,0.64165854,,True,False,,True,True,True,,
matinvent_style_target12_tri_fixed_scaler_gpu,baseline,0003,online_evaluation,gen_17,data/structures/reward_guided/baseline/0003/generated/gen_17.cif,,,False,False,,,,False,False,,,,,,invalid_raw_structure
matinvent_style_target12_tri_fixed_scaler_gpu,baseline,0003,online_evaluation,gen_18,data/structures/reward_guided/baseline/0003/generated/gen_18.cif,True,data/structures/reward_guided/baseline/0003/relaxed/gen_18_relaxed.cif,False,False,,,,False,False,,,,,,
matinvent_style_target12_tri_fixed_scaler_gpu,baseline,0003,online_evaluation,gen_19,data/structures/reward_guided/baseline/0003/generated/gen_19.cif,True,data/structures/reward_guided/baseline/0003/relaxed/gen_19_relaxed.cif,False,False,,,,False,False,,,,,,
matinvent_style_target12_tri_fixed_scaler_gpu,baseline,0003,online_evaluation,gen_2,data/structures/reward_guided/baseline/0003/generated/gen_2.cif,True,data/structures/reward_guided/baseline/0003/relaxed/gen_2_relaxed.cif,False,False,,,,False,False,,,,,,
matinvent_style_target12_tri_fixed_scaler_gpu,baseline,0003,online_evaluation,gen_20,data/structures/reward_guided/baseline/0003/generated/gen_20.cif,True,data/structures/reward_guided/baseline/0003/relaxed/gen_20_relaxed.cif,False,False,,,,False,False,,,,,,
matinvent_style_target12_tri_fixed_scaler_gpu,baseline,0003,online_evaluation,gen_21,data/structures/reward_guided/baseline/0003/generated/gen_21.cif,True,data/structures/reward_guided/baseline/0003/relaxed/gen_21_relaxed.cif,False,False,,,,False,False,,,,,,
matinvent_style_target12_tri_fixed_scaler_gpu,baseline,0003,online_evaluation,gen_22,data/structures/reward_guided/baseline/0003/generated/gen_22.cif,True,data/structures/reward_guided/baseline/0003/relaxed/gen_22_relaxed.cif,False,False,,,,False,False,,,,,,
matinvent_style_target12_tri_fixed_scaler_gpu,baseline,0003,online_evaluation,gen_23,data/structures/reward_guided/baseline/0003/generated/gen_23.cif,True,data/structures/reward_guided/baseline/0003/relaxed/gen_23_relaxed.cif,False,False,,,,False,False,,,,,,
matinvent_style_target12_tri_fixed_scaler_gpu,baseline,0003,online_evaluation,gen_24,data/structures/reward_guided/baseline/0003/generated/gen_24.cif,True,data/structures/reward_guided/baseline/0003/relaxed/gen_24_relaxed.cif,False,False,,,,False,False,,,,,,
matinvent_style_target12_tri_fixed_scaler_gpu,baseline,0003,online_evaluation,gen_25,data/structures/reward_guided/baseline/0003/generated/gen_25.cif,,,False,False,,,,False,False,,,,,,invalid_raw_structure
matinvent_style_target12_tri_fixed_scaler_gpu,baseline,0003,online_evaluation,gen_26,data/structures/reward_guided/baseline/0003/generated/gen_26.cif,,,False,False,,,,False,False,,,,,,invalid_raw_structure
matinvent_style_target12_tri_fixed_scaler_gpu,baseline,0003,online_evaluation,gen_27,data/structures/reward_guided/baseline/0003/generated/gen_27.cif,True,data/structures/reward_guided/baseline/0003/relaxed/gen_27_relaxed.cif,True,True,13.692986494664115,0.69888055,,True,False,,True,True,True,,
matinvent_style_target12_tri_fixed_scaler_gpu,baseline,0003,online_evaluation,gen_28,data/structures/reward_guided/baseline/0003/generated/gen_28.cif,True,data/structures/reward_guided/baseline/0003/relaxed/gen_28_relaxed.cif,False,False,,,,False,False,,,,,,
matinvent_style_target12_tri_fixed_scaler_gpu,baseline,0003,online_evaluation,gen_29,data/structures/reward_guided/baseline/0003/generated/gen_29.cif,True,data/structures/reward_guided/baseline/0003/relaxed/gen_29_relaxed.cif,True,True,17.245313103809483,0.032091513,,True,False,,True,True,True,,
matinvent_style_target12_tri_fixed_scaler_gpu,baseline,0003,online_evaluation,gen_3,data/structures/reward_guided/baseline/0003/generated/gen_3.cif,True,data/structures/reward_guided/baseline/0003/relaxed/gen_3_relaxed.cif,True,True,13.500287938191846,0.7547581,,True,False,,True,True,True,,
matinvent_style_target12_tri_fixed_scaler_gpu,baseline,0003,online_evaluation,gen_30,data/structures/reward_guided/baseline/0003/generated/gen_30.cif,True,data/structures/reward_guided/baseline/0003/relaxed/gen_30_relaxed.cif,False,False,,,,False,False,,,,,,
matinvent_style_target12_tri_fixed_scaler_gpu,baseline,0003,online_evaluation,gen_31,data/structures/reward_guided/baseline/0003/generated/gen_31.cif,True,data/structures/reward_guided/baseline/0003/relaxed/gen_31_relaxed.cif,False,False,,,,False,False,,,,,,
matinvent_style_target12_tri_fixed_scaler_gpu,baseline,0003,online_evaluation,gen_32,data/structures/reward_guided/baseline/0003/generated/gen_32.cif,,,False,False,,,,False,False,,,,,,invalid_raw_structure
matinvent_style_target12_tri_fixed_scaler_gpu,baseline,0003,online_evaluation,gen_33,data/structures/reward_guided/baseline/0003/generated/gen_33.cif,True,data/structures/reward_guided/baseline/0003/relaxed/gen_33_relaxed.cif,False,False,,,,False,False,,,,,,
matinvent_style_target12_tri_fixed_scaler_gpu,baseline,0003,online_evaluation,gen_34,data/structures/reward_guided/baseline/0003/generated/gen_34.cif,True,data/structures/reward_guided/baseline/0003/relaxed/gen_34_relaxed.cif,False,False,,,,False,False,,,,,,
matinvent_style_target12_tri_fixed_scaler_gpu,baseline,0003,online_evaluation,gen_35,data/structures/reward_guided/baseline/0003/generated/gen_35.cif,True,data/structures/reward_guided/baseline/0003/relaxed/gen_35_relaxed.cif,True,True,2.835085379073025,2.7551392e-05,,False,False,,True,True,True,,
matinvent_style_target12_tri_fixed_scaler_gpu,baseline,0003,online_evaluation,gen_36,data/structures/reward_guided/baseline/0003/generated/gen_36.cif,True,data/structures/reward_guided/baseline/0003/relaxed/gen_36_relaxed.cif,True,True,6.179674709485191,0.014486714,,False,False,,True,True,True,,
matinvent_style_target12_tri_fixed_scaler_gpu,baseline,0003,online_evaluation,gen_37,data/structures/reward_guided/baseline/0003/generated/gen_37.cif,True,data/structures/reward_guided/baseline/0003/relaxed/gen_37_relaxed.cif,True,True,15.775340614663843,0.16836019,,True,False,,True,True,True,,
matinvent_style_target12_tri_fixed_scaler_gpu,baseline,0003,online_evaluation,gen_38,data/structures/reward_guided/baseline/0003/generated/gen_38.cif,True,data/structures/reward_guided/baseline/0003/relaxed/gen_38_relaxed.cif,True,True,16.69887472126459,0.063296326,,True,False,,True,True,True,,
matinvent_style_target12_tri_fixed_scaler_gpu,baseline,0003,online_evaluation,gen_39,data/structures/reward_guided/baseline/0003/generated/gen_39.cif,True,data/structures/reward_guided/baseline/0003/relaxed/gen_39_relaxed.cif,False,False,,,,False,False,,,,,,
matinvent_style_target12_tri_fixed_scaler_gpu,baseline,0003,online_evaluation,gen_4,data/structures/reward_guided/baseline/0003/generated/gen_4.cif,,,False,False,,,,False,False,,,,,,invalid_raw_structure
matinvent_style_target12_tri_fixed_scaler_gpu,baseline,0003,online_evaluation,gen_40,data/structures/reward_guided/baseline/0003/generated/gen_40.cif,True,data/structures/reward_guided/baseline/0003/relaxed/gen_40_relaxed.cif,True,True,10.732523639535083,0.8180662,,True,False,,True,True,True,,
matinvent_style_target12_tri_fixed_scaler_gpu,baseline,0003,online_evaluation,gen_41,data/structures/reward_guided/baseline/0003/generated/gen_41.cif,True,data/structures/reward_guided/baseline/0003/relaxed/gen_41_relaxed.cif,False,False,,,,False,False,,,,,,
matinvent_style_target12_tri_fixed_scaler_gpu,baseline,0003,online_evaluation,gen_42,data/structures/reward_guided/baseline/0003/generated/gen_42.cif,True,data/structures/reward_guided/baseline/0003/relaxed/gen_42_relaxed.cif,False,False,,,,False,False,,,,,,
matinvent_style_target12_tri_fixed_scaler_gpu,baseline,0003,online_evaluation,gen_43,data/structures/reward_guided/baseline/0003/generated/gen_43.cif,True,data/structures/reward_guided/baseline/0003/relaxed/gen_43_relaxed.cif,False,False,,,,False,False,,,,,,
matinvent_style_target12_tri_fixed_scaler_gpu,baseline,0003,online_evaluation,gen_44,data/structures/reward_guided/baseline/0003/generated/gen_44.cif,True,data/structures/reward_guided/baseline/0003/relaxed/gen_44_relaxed.cif,True,True,4.945044520038381,0.001986165,,False,False,,True,True,True,,
matinvent_style_target12_tri_fixed_scaler_gpu,baseline,0003,online_evaluation,gen_45,data/structures/reward_guided/baseline/0003/generated/gen_45.cif,,,False,False,,,,False,False,,,,,,invalid_raw_structure
matinvent_style_target12_tri_fixed_scaler_gpu,baseline,0003,online_evaluation,gen_46,data/structures/reward_guided/baseline/0003/generated/gen_46.cif,,,False,False,,,,False,False,,,,,,invalid_raw_structure
matinvent_style_target12_tri_fixed_scaler_gpu,baseline,0003,online_evaluation,gen_47,data/structures/reward_guided/baseline/0003/generated/gen_47.cif,True,data/structures/reward_guided/baseline/0003/relaxed/gen_47_relaxed.cif,False,False,,,,False,False,,,,,,
matinvent_style_target12_tri_fixed_scaler_gpu,baseline,0003,online_evaluation,gen_48,data/structures/reward_guided/baseline/0003/generated/gen_48.cif,True,data/structures/reward_guided/baseline/0003/relaxed/gen_48_relaxed.cif,True,True,21.41362689968768,1.5463218e-05,,False,False,,True,True,True,,
matinvent_style_target12_tri_fixed_scaler_gpu,baseline,0003,online_evaluation,gen_49,data/structures/reward_guided/baseline/0003/generated/gen_49.cif,True,data/structures/reward_guided/baseline/0003/relaxed/gen_49_relaxed.cif,True,True,2.805365652627813,2.5734898e-05,,False,False,,True,True,True,,
matinvent_style_target12_tri_fixed_scaler_gpu,baseline,0003,online_evaluation,gen_5,data/structures/reward_guided/baseline/0003/generated/gen_5.cif,True,data/structures/reward_guided/baseline/0003/relaxed/gen_5_relaxed.cif,False,False,,,,False,False,,,,,,
matinvent_style_target12_tri_fixed_scaler_gpu,baseline,0003,online_evaluation,gen_50,data/structures/reward_guided/baseline/0003/generated/gen_50.cif,True,data/structures/reward_guided/baseline/0003/relaxed/gen_50_relaxed.cif,False,False,,,,False,False,,,,,,
matinvent_style_target12_tri_fixed_scaler_gpu,baseline,0003,online_evaluation,gen_51,data/structures/reward_guided/baseline/0003/generated/gen_51.cif,True,data/structures/reward_guided/baseline/0003/relaxed/gen_51_relaxed.cif,False,False,,,,False,False,,,,,,
matinvent_style_target12_tri_fixed_scaler_gpu,baseline,0003,online_evaluation,gen_52,data/structures/reward_guided/baseline/0003/generated/gen_52.cif,True,data/structures/reward_guided/baseline/0003/relaxed/gen_52_relaxed.cif,False,False,,,,False,False,,,,,,
matinvent_style_target12_tri_fixed_scaler_gpu,baseline,0003,online_evaluation,gen_53,data/structures/reward_guided/baseline/0003/generated/gen_53.cif,True,data/structures/reward_guided/baseline/0003/relaxed/gen_53_relaxed.cif,True,True,3.8390343640910864,0.00024233972,,False,False,,True,True,True,,
matinvent_style_target12_tri_fixed_scaler_gpu,baseline,0003,online_evaluation,gen_54,data/structures/reward_guided/baseline/0003/generated/gen_54.cif,True,data/structures/reward_guided/baseline/0003/relaxed/gen_54_relaxed.cif,False,False,,,,False,False,,,,,,
matinvent_style_target12_tri_fixed_scaler_gpu,baseline,0003,online_evaluation,gen_55,data/structures/reward_guided/baseline/0003/generated/gen_55.cif,,,False,False,,,,False,False,,,,,,invalid_raw_structure
matinvent_style_target12_tri_fixed_scaler_gpu,baseline,0003,online_evaluation,gen_56,data/structures/reward_guided/baseline/0003/generated/gen_56.cif,True,data/structures/reward_guided/baseline/0003/relaxed/gen_56_relaxed.cif,False,False,,,,False,False,,,,,,
matinvent_style_target12_tri_fixed_scaler_gpu,baseline,0003,online_evaluation,gen_57,data/structures/reward_guided/baseline/0003/generated/gen_57.cif,True,data/structures/reward_guided/baseline/0003/relaxed/gen_57_relaxed.cif,False,False,,,,False,False,,,,,,
matinvent_style_target12_tri_fixed_scaler_gpu,baseline,0003,online_evaluation,gen_58,data/structures/reward_guided/baseline/0003/generated/gen_58.cif,True,data/structures/reward_guided/baseline/0003/relaxed/gen_58_relaxed.cif,False,False,,,,False,False,,,,,,
matinvent_style_target12_tri_fixed_scaler_gpu,baseline,0003,online_evaluation,gen_59,data/structures/reward_guided/baseline/0003/generated/gen_59.cif,True,data/structures/reward_guided/baseline/0003/relaxed/gen_59_relaxed.cif,False,False,,,,False,False,,,,,,
matinvent_style_target12_tri_fixed_scaler_gpu,baseline,0003,online_evaluation,gen_6,data/structures/reward_guided/baseline/0003/generated/gen_6.cif,True,data/structures/reward_guided/baseline/0003/relaxed/gen_6_relaxed.cif,False,False,,,,False,False,,,,,,
matinvent_style_target12_tri_fixed_scaler_gpu,baseline,0003,online_evaluation,gen_60,data/structures/reward_guided/baseline/0003/generated/gen_60.cif,True,data/structures/reward_guided/baseline/0003/relaxed/gen_60_relaxed.cif,False,False,,,,False,False,,,,,,
matinvent_style_target12_tri_fixed_scaler_gpu,baseline,0003,online_evaluation,gen_61,data/structures/reward_guided/baseline/0003/generated/gen_61.cif,,,False,False,,,,False,False,,,,,,invalid_raw_structure
matinvent_style_target12_tri_fixed_scaler_gpu,baseline,0003,online_evaluation,gen_62,data/structures/reward_guided/baseline/0003/generated/gen_62.cif,,,False,False,,,,False,False,,,,,,invalid_raw_structure
matinvent_style_target12_tri_fixed_scaler_gpu,baseline,0003,online_evaluation,gen_63,data/structures/reward_guided/baseline/0003/generated/gen_63.cif,True,data/structures/reward_guided/baseline/0003/relaxed/gen_63_relaxed.cif,False,False,,,,False,False,,,,,,
matinvent_style_target12_tri_fixed_scaler_gpu,baseline,0003,online_evaluation,gen_7,data/structures/reward_guided/baseline/0003/generated/gen_7.cif,True,data/structures/reward_guided/baseline/0003/relaxed/gen_7_relaxed.cif,False,False,,,,False,False,,,,,,
matinvent_style_target12_tri_fixed_scaler_gpu,baseline,0003,online_evaluation,gen_8,data/structures/reward_guided/baseline/0003/generated/gen_8.cif,True,data/structures/reward_guided/baseline/0003/relaxed/gen_8_relaxed.cif,False,False,,,,False,False,,,,,,
matinvent_style_target12_tri_fixed_scaler_gpu,baseline,0003,online_evaluation,gen_9,data/structures/reward_guided/baseline/0003/generated/gen_9.cif,True,data/structures/reward_guided/baseline/0003/relaxed/gen_9_relaxed.cif,True,True,3.961732868588904,0.00031068927,,False,False,,True,True,True,,
matinvent_style_target12_tri_fixed_scaler_gpu,baseline,0004,online_evaluation,gen_0,data/structures/reward_guided/baseline/0004/generated/gen_0.cif,True,data/structures/reward_guided/baseline/0004/relaxed/gen_0_relaxed.cif,False,False,,,,False,False,,,,,,
matinvent_style_target12_tri_fixed_scaler_gpu,baseline,0004,online_evaluation,gen_1,data/structures/reward_guided/baseline/0004/generated/gen_1.cif,True,data/structures/reward_guided/baseline/0004/relaxed/gen_1_relaxed.cif,True,True,15.391906226275886,0.2373716,,True,False,,True,True,True,,
matinvent_style_target12_tri_fixed_scaler_gpu,baseline,0004,online_evaluation,gen_10,data/structures/reward_guided/baseline/0004/generated/gen_10.cif,,,False,False,,,,False,False,,,,,,invalid_raw_structure
matinvent_style_target12_tri_fixed_scaler_gpu,baseline,0004,online_evaluation,gen_11,data/structures/reward_guided/baseline/0004/generated/gen_11.cif,True,data/structures/reward_guided/baseline/0004/relaxed/gen_11_relaxed.cif,False,False,,,,False,False,,,,,,
matinvent_style_target12_tri_fixed_scaler_gpu,baseline,0004,online_evaluation,gen_12,data/structures/reward_guided/baseline/0004/generated/gen_12.cif,True,data/structures/reward_guided/baseline/0004/relaxed/gen_12_relaxed.cif,False,False,,,,False,False,,,,,,
matinvent_style_target12_tri_fixed_scaler_gpu,baseline,0004,online_evaluation,gen_13,data/structures/reward_guided/baseline/0004/generated/gen_13.cif,True,data/structures/reward_guided/baseline/0004/relaxed/gen_13_relaxed.cif,True,True,15.565067296690108,0.20418821,,False,False,,True,True,True,,
matinvent_style_target12_tri_fixed_scaler_gpu,baseline,0004,online_evaluation,gen_14,data/structures/reward_guided/baseline/0004/generated/gen_14.cif,True,data/structures/reward_guided/baseline/0004/relaxed/gen_14_relaxed.cif,True,True,10.55122011446605,0.7692261,,True,False,,True,True,True,,
matinvent_style_target12_tri_fixed_scaler_gpu,baseline,0004,online_evaluation,gen_15,data/structures/reward_guided/baseline/0004/generated/gen_15.cif,True,data/structures/reward_guided/baseline/0004/relaxed/gen_15_relaxed.cif,False,False,,,,False,False,,,,,,
matinvent_style_target12_tri_fixed_scaler_gpu,baseline,0004,online_evaluation,gen_16,data/structures/reward_guided/baseline/0004/generated/gen_16.cif,True,data/structures/reward_guided/baseline/0004/relaxed/gen_16_relaxed.cif,False,False,,,,False,False,,,,,,
matinvent_style_target12_tri_fixed_scaler_gpu,baseline,0004,online_evaluation,gen_17,data/structures/reward_guided/baseline/0004/generated/gen_17.cif,True,data/structures/reward_guided/baseline/0004/relaxed/gen_17_relaxed.cif,True,True,8.454940245525968,0.20785156,,False,False,,True,True,True,,
matinvent_style_target12_tri_fixed_scaler_gpu,baseline,0004,online_evaluation,gen_18,data/structures/reward_guided/baseline/0004/generated/gen_18.cif,True,data/structures/reward_guided/baseline/0004/relaxed/gen_18_relaxed.cif,True,True,9.119254461157112,0.35439724,,True,False,,True,True,True,,
matinvent_style_target12_tri_fixed_scaler_gpu,baseline,0004,online_evaluation,gen_19,data/structures/reward_guided/baseline/0004/generated/gen_19.cif,True,data/structures/reward_guided/baseline/0004/relaxed/gen_19_relaxed.cif,False,False,,,,False,False,,,,,,
matinvent_style_target12_tri_fixed_scaler_gpu,baseline,0004,online_evaluation,gen_2,data/structures/reward_guided/baseline/0004/generated/gen_2.cif,True,data/structures/reward_guided/baseline/0004/relaxed/gen_2_relaxed.cif,True,True,10.053101919079229,0.62263083,,True,False,,True,True,True,,
matinvent_style_target12_tri_fixed_scaler_gpu,baseline,0004,online_evaluation,gen_20,data/structures/reward_guided/baseline/0004/generated/gen_20.cif,True,data/structures/reward_guided/baseline/0004/relaxed/gen_20_relaxed.cif,True,True,7.91755834829591,0.12451971,,False,False,,True,True,True,,
matinvent_style_target12_tri_fixed_scaler_gpu,baseline,0004,online_evaluation,gen_21,data/structures/reward_guided/baseline/0004/generated/gen_21.cif,True,data/structures/reward_guided/baseline/0004/relaxed/gen_21_relaxed.cif,True,True,3.315001110411285,8.0387596e-05,,False,False,,True,True,True,,
matinvent_style_target12_tri_fixed_scaler_gpu,baseline,0004,online_evaluation,gen_22,data/structures/reward_guided/baseline/0004/generated/gen_22.cif,True,data/structures/reward_guided/baseline/0004/relaxed/gen_22_relaxed.cif,False,False,,,,False,False,,,,,,
matinvent_style_target12_tri_fixed_scaler_gpu,baseline,0004,online_evaluation,gen_23,data/structures/reward_guided/baseline/0004/generated/gen_23.cif,True,data/structures/reward_guided/baseline/0004/relaxed/gen_23_relaxed.cif,False,False,,,,False,False,,,,,,
matinvent_style_target12_tri_fixed_scaler_gpu,baseline,0004,online_evaluation,gen_24,data/structures/reward_guided/baseline/0004/generated/gen_24.cif,True,data/structures/reward_guided/baseline/0004/relaxed/gen_24_relaxed.cif,False,False,,,,False,False,,,,,,
matinvent_style_target12_tri_fixed_scaler_gpu,baseline,0004,online_evaluation,gen_25,data/structures/reward_guided/baseline/0004/generated/gen_25.cif,True,data/structures/reward_guided/baseline/0004/relaxed/gen_25_relaxed.cif,False,False,,,,False,False,,,,,,
matinvent_style_target12_tri_fixed_scaler_gpu,baseline,0004,online_evaluation,gen_26,data/structures/reward_guided/baseline/0004/generated/gen_26.cif,True,data/structures/reward_guided/baseline/0004/relaxed/gen_26_relaxed.cif,False,False,,,,False,False,,,,,,
matinvent_style_target12_tri_fixed_scaler_gpu,baseline,0004,online_evaluation,gen_27,data/structures/reward_guided/baseline/0004/generated/gen_27.cif,,,False,False,,,,False,False,,,,,,invalid_raw_structure
matinvent_style_target12_tri_fixed_scaler_gpu,baseline,0004,online_evaluation,gen_28,data/structures/reward_guided/baseline/0004/generated/gen_28.cif,True,data/structures/reward_guided/baseline/0004/relaxed/gen_28_relaxed.cif,True,True,6.645288383777536,0.027761169,,False,False,,True,True,True,,
matinvent_style_target12_tri_fixed_scaler_gpu,baseline,0004,online_evaluation,gen_29,data/structures/reward_guided/baseline/0004/generated/gen_29.cif,,,False,False,,,,False,False,,,,,,invalid_raw_structure
matinvent_style_target12_tri_fixed_scaler_gpu,baseline,0004,online_evaluation,gen_3,data/structures/reward_guided/baseline/0004/generated/gen_3.cif,True,data/structures/reward_guided/baseline/0004/relaxed/gen_3_relaxed.cif,False,False,,,,False,False,,,,,,
matinvent_style_target12_tri_fixed_scaler_gpu,baseline,0004,online_evaluation,gen_30,data/structures/reward_guided/baseline/0004/generated/gen_30.cif,True,data/structures/reward_guided/baseline/0004/relaxed/gen_30_relaxed.cif,False,False,,,,False,False,,,,,,
matinvent_style_target12_tri_fixed_scaler_gpu,baseline,0004,online_evaluation,gen_31,data/structures/reward_guided/baseline/0004/generated/gen_31.cif,True,data/structures/reward_guided/baseline/0004/relaxed/gen_31_relaxed.cif,False,False,,,,False,False,,,,,,
matinvent_style_target12_tri_fixed_scaler_gpu,baseline,0004,online_evaluation,gen_32,data/structures/reward_guided/baseline/0004/generated/gen_32.cif,True,data/structures/reward_guided/baseline/0004/relaxed/gen_32_relaxed.cif,False,False,,,,False,False,,,,,,
matinvent_style_target12_tri_fixed_scaler_gpu,baseline,0004,online_evaluation,gen_33,data/structures/reward_guided/baseline/0004/generated/gen_33.cif,True,data/structures/reward_guided/baseline/0004/relaxed/gen_33_relaxed.cif,False,False,,,,False,False,,,,,,
matinvent_style_target12_tri_fixed_scaler_gpu,baseline,0004,online_evaluation,gen_34,data/structures/reward_guided/baseline/0004/generated/gen_34.cif,True,data/structures/reward_guided/baseline/0004/relaxed/gen_34_relaxed.cif,False,False,,,,False,False,,,,,,
matinvent_style_target12_tri_fixed_scaler_gpu,baseline,0004,online_evaluation,gen_35,data/structures/reward_guided/baseline/0004/generated/gen_35.cif,True,data/structures/reward_guided/baseline/0004/relaxed/gen_35_relaxed.cif,True,True,10.919395523617656,0.86418945,,True,False,,True,True,True,,
matinvent_style_target12_tri_fixed_scaler_gpu,baseline,0004,online_evaluation,gen_36,data/structures/reward_guided/baseline/0004/generated/gen_36.cif,True,data/structures/reward_guided/baseline/0004/relaxed/gen_36_relaxed.cif,True,True,12.36487639739797,0.9834959,,True,False,,True,True,True,,
matinvent_style_target12_tri_fixed_scaler_gpu,baseline,0004,online_evaluation,gen_37,data/structures/reward_guided/baseline/0004/generated/gen_37.cif,True,data/structures/reward_guided/baseline/0004/relaxed/gen_37_relaxed.cif,False,False,,,,False,False,,,,,,
matinvent_style_target12_tri_fixed_scaler_gpu,baseline,0004,online_evaluation,gen_38,data/structures/reward_guided/baseline/0004/generated/gen_38.cif,True,data/structures/reward_guided/baseline/0004/relaxed/gen_38_relaxed.cif,True,True,8.274093340693213,0.17634772,,False,False,,True,True,True,,
matinvent_style_target12_tri_fixed_scaler_gpu,baseline,0004,online_evaluation,gen_39,data/structures/reward_guided/baseline/0004/generated/gen_39.cif,,,False,False,,,,False,False,,,,,,invalid_raw_structure
matinvent_style_target12_tri_fixed_scaler_gpu,baseline,0004,online_evaluation,gen_4,data/structures/reward_guided/baseline/0004/generated/gen_4.cif,True,data/structures/reward_guided/baseline/0004/relaxed/gen_4_relaxed.cif,False,False,,,,False,False,,,,,,
matinvent_style_target12_tri_fixed_scaler_gpu,baseline,0004,online_evaluation,gen_40,data/structures/reward_guided/baseline/0004/generated/gen_40.cif,True,data/structures/reward_guided/baseline/0004/relaxed/gen_40_relaxed.cif,True,True,12.98538311607608,0.885704,,True,False,,True,True,True,,
matinvent_style_target12_tri_fixed_scaler_gpu,baseline,0004,online_evaluation,gen_41,data/structures/reward_guided/baseline/0004/generated/gen_41.cif,,,False,False,,,,False,False,,,,,,invalid_raw_structure
matinvent_style_target12_tri_fixed_scaler_gpu,baseline,0004,online_evaluation,gen_42,data/structures/reward_guided/baseline/0004/generated/gen_42.cif,True,data/structures/reward_guided/baseline/0004/relaxed/gen_42_relaxed.cif,True,True,2.8897190400625345,3.1213734e-05,,False,False,,True,True,True,,
matinvent_style_target12_tri_fixed_scaler_gpu,baseline,0004,online_evaluation,gen_43,data/structures/reward_guided/baseline/0004/generated/gen_43.cif,True,data/structures/reward_guided/baseline/0004/relaxed/gen_43_relaxed.cif,False,False,,,,False,False,,,,,,
matinvent_style_target12_tri_fixed_scaler_gpu,baseline,0004,online_evaluation,gen_44,data/structures/reward_guided/baseline/0004/generated/gen_44.cif,True,data/structures/reward_guided/baseline/0004/relaxed/gen_44_relaxed.cif,False,False,,,,False,False,,,,,,
matinvent_style_target12_tri_fixed_scaler_gpu,baseline,0004,online_evaluation,gen_45,data/structures/reward_guided/baseline/0004/generated/gen_45.cif,True,data/structures/reward_guided/baseline/0004/relaxed/gen_45_relaxed.cif,False,False,,,,False,False,,,,,,
matinvent_style_target12_tri_fixed_scaler_gpu,baseline,0004,online_evaluation,gen_46,data/structures/reward_guided/baseline/0004/generated/gen_46.cif,True,data/structures/reward_guided/baseline/0004/relaxed/gen_46_relaxed.cif,False,False,,,,False,False,,,,,,
matinvent_style_target12_tri_fixed_scaler_gpu,baseline,0004,online_evaluation,gen_47,data/structures/reward_guided/baseline/0004/generated/gen_47.cif,,,False,False,,,,False,False,,,,,,invalid_raw_structure
matinvent_style_target12_tri_fixed_scaler_gpu,baseline,0004,online_evaluation,gen_48,data/structures/reward_guided/baseline/0004/generated/gen_48.cif,True,data/structures/reward_guided/baseline/0004/relaxed/gen_48_relaxed.cif,False,False,,,,False,False,,,,,,
matinvent_style_target12_tri_fixed_scaler_gpu,baseline,0004,online_evaluation,gen_49,data/structures/reward_guided/baseline/0004/generated/gen_49.cif,True,data/structures/reward_guided/baseline/0004/relaxed/gen_49_relaxed.cif,False,False,,,,False,False,,,,,,
matinvent_style_target12_tri_fixed_scaler_gpu,baseline,0004,online_evaluation,gen_5,data/structures/reward_guided/baseline/0004/generated/gen_5.cif,True,data/structures/reward_guided/baseline/0004/relaxed/gen_5_relaxed.cif,True,True,11.560588468367063,0.9761536,,True,False,,True,True,True,,
matinvent_style_target12_tri_fixed_scaler_gpu,baseline,0004,online_evaluation,gen_50,data/structures/reward_guided/baseline/0004/generated/gen_50.cif,True,data/structures/reward_guided/baseline/0004/relaxed/gen_50_relaxed.cif,True,True,2.3470002295571533,8.740435e-06,,False,False,,True,True,True,,
matinvent_style_target12_tri_fixed_scaler_gpu,baseline,0004,online_evaluation,gen_51,data/structures/reward_guided/baseline/0004/generated/gen_51.cif,True,data/structures/reward_guided/baseline/0004/relaxed/gen_51_relaxed.cif,False,False,,,,False,False,,,,,,
matinvent_style_target12_tri_fixed_scaler_gpu,baseline,0004,online_evaluation,gen_52,data/structures/reward_guided/baseline/0004/generated/gen_52.cif,True,data/structures/reward_guided/baseline/0004/relaxed/gen_52_relaxed.cif,False,False,,,,False,False,,,,,,
matinvent_style_target12_tri_fixed_scaler_gpu,baseline,0004,online_evaluation,gen_53,data/structures/reward_guided/baseline/0004/generated/gen_53.cif,True,data/structures/reward_guided/baseline/0004/relaxed/gen_53_relaxed.cif,False,False,,,,False,False,,,,,,
matinvent_style_target12_tri_fixed_scaler_gpu,baseline,0004,online_evaluation,gen_54,data/structures/reward_guided/baseline/0004/generated/gen_54.cif,True,data/structures/reward_guided/baseline/0004/relaxed/gen_54_relaxed.cif,False,False,,,,False,False,,,,,,
matinvent_style_target12_tri_fixed_scaler_gpu,baseline,0004,online_evaluation,gen_55,data/structures/reward_guided/baseline/0004/generated/gen_55.cif,True,data/structures/reward_guided/baseline/0004/relaxed/gen_55_relaxed.cif,False,False,,,,False,False,,,,,,
matinvent_style_target12_tri_fixed_scaler_gpu,baseline,0004,online_evaluation,gen_56,data/structures/reward_guided/baseline/0004/generated/gen_56.cif,True,data/structures/reward_guided/baseline/0004/relaxed/gen_56_relaxed.cif,False,False,,,,False,False,,,,,,
matinvent_style_target12_tri_fixed_scaler_gpu,baseline,0004,online_evaluation,gen_57,data/structures/reward_guided/baseline/0004/generated/gen_57.cif,True,data/structures/reward_guided/baseline/0004/relaxed/gen_57_relaxed.cif,False,False,,,,False,False,,,,,,
matinvent_style_target12_tri_fixed_scaler_gpu,baseline,0004,online_evaluation,gen_58,data/structures/reward_guided/baseline/0004/generated/gen_58.cif,,,False,False,,,,False,False,,,,,,invalid_raw_structure
matinvent_style_target12_tri_fixed_scaler_gpu,baseline,0004,online_evaluation,gen_59,data/structures/reward_guided/baseline/0004/generated/gen_59.cif,True,data/structures/reward_guided/baseline/0004/relaxed/gen_59_relaxed.cif,False,False,,,,False,False,,,,,,
matinvent_style_target12_tri_fixed_scaler_gpu,baseline,0004,online_evaluation,gen_6,data/structures/reward_guided/baseline/0004/generated/gen_6.cif,True,data/structures/reward_guided/baseline/0004/relaxed/gen_6_relaxed.cif,False,False,,,,False,False,,,,,,
matinvent_style_target12_tri_fixed_scaler_gpu,baseline,0004,online_evaluation,gen_60,data/structures/reward_guided/baseline/0004/generated/gen_60.cif,,,False,False,,,,False,False,,,,,,invalid_raw_structure
matinvent_style_target12_tri_fixed_scaler_gpu,baseline,0004,online_evaluation,gen_61,data/structures/reward_guided/baseline/0004/generated/gen_61.cif,True,data/structures/reward_guided/baseline/0004/relaxed/gen_61_relaxed.cif,False,False,,,,False,False,,,,,,
matinvent_style_target12_tri_fixed_scaler_gpu,baseline,0004,online_evaluation,gen_62,data/structures/reward_guided/baseline/0004/generated/gen_62.cif,True,data/structures/reward_guided/baseline/0004/relaxed/gen_62_relaxed.cif,False,False,,,,False,False,,,,,,
matinvent_style_target12_tri_fixed_scaler_gpu,baseline,0004,online_evaluation,gen_63,data/structures/reward_guided/baseline/0004/generated/gen_63.cif,True,data/structures/reward_guided/baseline/0004/relaxed/gen_63_relaxed.cif,False,False,,,,False,False,,,,,,
matinvent_style_target12_tri_fixed_scaler_gpu,baseline,0004,online_evaluation,gen_7,data/structures/reward_guided/baseline/0004/generated/gen_7.cif,True,data/structures/reward_guided/baseline/0004/relaxed/gen_7_relaxed.cif,False,False,,,,False,False,,,,,,
matinvent_style_target12_tri_fixed_scaler_gpu,baseline,0004,online_evaluation,gen_8,data/structures/reward_guided/baseline/0004/generated/gen_8.cif,True,data/structures/reward_guided/baseline/0004/relaxed/gen_8_relaxed.cif,False,False,,,,False,False,,,,,,
matinvent_style_target12_tri_fixed_scaler_gpu,baseline,0004,online_evaluation,gen_9,data/structures/reward_guided/baseline/0004/generated/gen_9.cif,True,data/structures/reward_guided/baseline/0004/relaxed/gen_9_relaxed.cif,False,False,,,,False,False,,,,,,
matinvent_style_target12_tri_fixed_scaler_gpu,baseline,0005,online_evaluation,gen_0,data/structures/reward_guided/baseline/0005/generated/gen_0.cif,True,data/structures/reward_guided/baseline/0005/relaxed/gen_0_relaxed.cif,True,True,1.8655861435695105,2.6570528e-06,,False,False,,True,True,True,,
matinvent_style_target12_tri_fixed_scaler_gpu,baseline,0005,online_evaluation,gen_1,data/structures/reward_guided/baseline/0005/generated/gen_1.cif,True,data/structures/reward_guided/baseline/0005/relaxed/gen_1_relaxed.cif,True,True,12.012661357860182,0.99998,,True,False,,True,True,True,,
matinvent_style_target12_tri_fixed_scaler_gpu,baseline,0005,online_evaluation,gen_10,data/structures/reward_guided/baseline/0005/generated/gen_10.cif,True,data/structures/reward_guided/baseline/0005/relaxed/gen_10_relaxed.cif,True,True,3.0994533129843664,5.0051083e-05,,False,False,,True,True,True,,
matinvent_style_target12_tri_fixed_scaler_gpu,baseline,0005,online_evaluation,gen_11,data/structures/reward_guided/baseline/0005/generated/gen_11.cif,True,data/structures/reward_guided/baseline/0005/relaxed/gen_11_relaxed.cif,True,True,17.11142436531542,0.038165156,,False,False,,True,True,True,,
matinvent_style_target12_tri_fixed_scaler_gpu,baseline,0005,online_evaluation,gen_12,data/structures/reward_guided/baseline/0005/generated/gen_12.cif,True,data/structures/reward_guided/baseline/0005/relaxed/gen_12_relaxed.cif,False,False,,,,False,False,,,,,,
matinvent_style_target12_tri_fixed_scaler_gpu,baseline,0005,online_evaluation,gen_13,data/structures/reward_guided/baseline/0005/generated/gen_13.cif,,,False,False,,,,False,False,,,,,,invalid_raw_structure
matinvent_style_target12_tri_fixed_scaler_gpu,baseline,0005,online_evaluation,gen_14,data/structures/reward_guided/baseline/0005/generated/gen_14.cif,True,data/structures/reward_guided/baseline/0005/relaxed/gen_14_relaxed.cif,False,False,,,,False,False,,,,,,
matinvent_style_target12_tri_fixed_scaler_gpu,baseline,0005,online_evaluation,gen_15,data/structures/reward_guided/baseline/0005/generated/gen_15.cif,True,data/structures/reward_guided/baseline/0005/relaxed/gen_15_relaxed.cif,False,False,,,,False,False,,,,,,
matinvent_style_target12_tri_fixed_scaler_gpu,baseline,0005,online_evaluation,gen_16,data/structures/reward_guided/baseline/0005/generated/gen_16.cif,True,data/structures/reward_guided/baseline/0005/relaxed/gen_16_relaxed.cif,False,False,,,,False,False,,,,,,
matinvent_style_target12_tri_fixed_scaler_gpu,baseline,0005,online_evaluation,gen_17,data/structures/reward_guided/baseline/0005/generated/gen_17.cif,True,data/structures/reward_guided/baseline/0005/relaxed/gen_17_relaxed.cif,False,False,,,,False,False,,,,,,
matinvent_style_target12_tri_fixed_scaler_gpu,baseline,0005,online_evaluation,gen_18,data/structures/reward_guided/baseline/0005/generated/gen_18.cif,True,data/structures/reward_guided/baseline/0005/relaxed/gen_18_relaxed.cif,False,False,,,,False,False,,,,,,
matinvent_style_target12_tri_fixed_scaler_gpu,baseline,0005,online_evaluation,gen_19,data/structures/reward_guided/baseline/0005/generated/gen_19.cif,True,data/structures/reward_guided/baseline/0005/relaxed/gen_19_relaxed.cif,False,False,,,,False,False,,,,,,
matinvent_style_target12_tri_fixed_scaler_gpu,baseline,0005,online_evaluation,gen_2,data/structures/reward_guided/baseline/0005/generated/gen_2.cif,True,data/structures/reward_guided/baseline/0005/relaxed/gen_2_relaxed.cif,False,False,,,,False,False,,,,,,
matinvent_style_target12_tri_fixed_scaler_gpu,baseline,0005,online_evaluation,gen_20,data/structures/reward_guided/baseline/0005/generated/gen_20.cif,True,data/structures/reward_guided/baseline/0005/relaxed/gen_20_relaxed.cif,True,True,12.986340094768176,0.8854951,,True,False,,True,True,True,,
matinvent_style_target12_tri_fixed_scaler_gpu,baseline,0005,online_evaluation,gen_21,data/structures/reward_guided/baseline/0005/generated/gen_21.cif,,,False,False,,,,False,False,,,,,,invalid_raw_structure
matinvent_style_target12_tri_fixed_scaler_gpu,baseline,0005,online_evaluation,gen_22,data/structures/reward_guided/baseline/0005/generated/gen_22.cif,True,data/structures/reward_guided/baseline/0005/relaxed/gen_22_relaxed.cif,False,False,,,,False,False,,,,,,
matinvent_style_target12_tri_fixed_scaler_gpu,baseline,0005,online_evaluation,gen_23,data/structures/reward_guided/baseline/0005/generated/gen_23.cif,True,data/structures/reward_guided/baseline/0005/relaxed/gen_23_relaxed.cif,True,True,8.56192617002111,0.22819747,,False,False,,True,True,True,,
matinvent_style_target12_tri_fixed_scaler_gpu,baseline,0005,online_evaluation,gen_24,data/structures/reward_guided/baseline/0005/generated/gen_24.cif,True,data/structures/reward_guided/baseline/0005/relaxed/gen_24_relaxed.cif,False,False,,,,False,False,,,,,,
matinvent_style_target12_tri_fixed_scaler_gpu,baseline,0005,online_evaluation,gen_25,data/structures/reward_guided/baseline/0005/generated/gen_25.cif,True,data/structures/reward_guided/baseline/0005/relaxed/gen_25_relaxed.cif,False,False,,,,False,False,,,,,,
matinvent_style_target12_tri_fixed_scaler_gpu,baseline,0005,online_evaluation,gen_26,data/structures/reward_guided/baseline/0005/generated/gen_26.cif,,,False,False,,,,False,False,,,,,,invalid_raw_structure
matinvent_style_target12_tri_fixed_scaler_gpu,baseline,0005,online_evaluation,gen_27,data/structures/reward_guided/baseline/0005/generated/gen_27.cif,True,data/structures/reward_guided/baseline/0005/relaxed/gen_27_relaxed.cif,True,True,10.607990876132872,0.7848904,,True,False,,True,True,True,,
matinvent_style_target12_tri_fixed_scaler_gpu,baseline,0005,online_evaluation,gen_28,data/structures/reward_guided/baseline/0005/generated/gen_28.cif,,,False,False,,,,False,False,,,,,,invalid_raw_structure
matinvent_style_target12_tri_fixed_scaler_gpu,baseline,0005,online_evaluation,gen_29,data/structures/reward_guided/baseline/0005/generated/gen_29.cif,True,data/structures/reward_guided/baseline/0005/relaxed/gen_29_relaxed.cif,True,True,13.24673620268794,0.8234159,,True,False,,True,True,True,,
matinvent_style_target12_tri_fixed_scaler_gpu,baseline,0005,online_evaluation,gen_3,data/structures/reward_guided/baseline/0005/generated/gen_3.cif,True,data/structures/reward_guided/baseline/0005/relaxed/gen_3_relaxed.cif,True,True,3.952172318763374,0.00030477362,,False,False,,True,True,True,,
matinvent_style_target12_tri_fixed_scaler_gpu,baseline,0005,online_evaluation,gen_30,data/structures/reward_guided/baseline/0005/generated/gen_30.cif,True,data/structures/reward_guided/baseline/0005/relaxed/gen_30_relaxed.cif,True,True,15.75772691481454,0.17117584,,False,False,,True,True,True,,
matinvent_style_target12_tri_fixed_scaler_gpu,baseline,0005,online_evaluation,gen_31,data/structures/reward_guided/baseline/0005/generated/gen_31.cif,,,False,False,,,,False,False,,,,,,invalid_raw_structure
matinvent_style_target12_tri_fixed_scaler_gpu,baseline,0005,online_evaluation,gen_32,data/structures/reward_guided/baseline/0005/generated/gen_32.cif,True,data/structures/reward_guided/baseline/0005/relaxed/gen_32_relaxed.cif,False,False,,,,False,False,,,,,,
matinvent_style_target12_tri_fixed_scaler_gpu,baseline,0005,online_evaluation,gen_33,data/structures/reward_guided/baseline/0005/generated/gen_33.cif,True,data/structures/reward_guided/baseline/0005/relaxed/gen_33_relaxed.cif,False,False,,,,False,False,,,,,,
matinvent_style_target12_tri_fixed_scaler_gpu,baseline,0005,online_evaluation,gen_34,data/structures/reward_guided/baseline/0005/generated/gen_34.cif,True,data/structures/reward_guided/baseline/0005/relaxed/gen_34_relaxed.cif,False,False,,,,False,False,,,,,,
matinvent_style_target12_tri_fixed_scaler_gpu,baseline,0005,online_evaluation,gen_35,data/structures/reward_guided/baseline/0005/generated/gen_35.cif,,,False,False,,,,False,False,,,,,,invalid_raw_structure
matinvent_style_target12_tri_fixed_scaler_gpu,baseline,0005,online_evaluation,gen_36,data/structures/reward_guided/baseline/0005/generated/gen_36.cif,True,data/structures/reward_guided/baseline/0005/relaxed/gen_36_relaxed.cif,False,False,,,,False,False,,,,,,
matinvent_style_target12_tri_fixed_scaler_gpu,baseline,0005,online_evaluation,gen_37,data/structures/reward_guided/baseline/0005/generated/gen_37.cif,,,False,False,,,,False,False,,,,,,invalid_raw_structure
matinvent_style_target12_tri_fixed_scaler_gpu,baseline,0005,online_evaluation,gen_38,data/structures/reward_guided/baseline/0005/generated/gen_38.cif,True,data/structures/reward_guided/baseline/0005/relaxed/gen_38_relaxed.cif,False,False,,,,False,False,,,,,,
matinvent_style_target12_tri_fixed_scaler_gpu,baseline,0005,online_evaluation,gen_39,data/structures/reward_guided/baseline/0005/generated/gen_39.cif,True,data/structures/reward_guided/baseline/0005/relaxed/gen_39_relaxed.cif,False,False,,,,False,False,,,,,,
matinvent_style_target12_tri_fixed_scaler_gpu,baseline,0005,online_evaluation,gen_4,data/structures/reward_guided/baseline/0005/generated/gen_4.cif,,,False,False,,,,False,False,,,,,,invalid_raw_structure
matinvent_style_target12_tri_fixed_scaler_gpu,baseline,0005,online_evaluation,gen_40,data/structures/reward_guided/baseline/0005/generated/gen_40.cif,,,False,False,,,,False,False,,,,,,invalid_raw_structure
matinvent_style_target12_tri_fixed_scaler_gpu,baseline,0005,online_evaluation,gen_41,data/structures/reward_guided/baseline/0005/generated/gen_41.cif,True,data/structures/reward_guided/baseline/0005/relaxed/gen_41_relaxed.cif,False,False,,,,False,False,,,,,,
matinvent_style_target12_tri_fixed_scaler_gpu,baseline,0005,online_evaluation,gen_42,data/structures/reward_guided/baseline/0005/generated/gen_42.cif,True,data/structures/reward_guided/baseline/0005/relaxed/gen_42_relaxed.cif,True,True,16.015432587866865,0.13325877,,False,False,,True,True,True,,
matinvent_style_target12_tri_fixed_scaler_gpu,baseline,0005,online_evaluation,gen_43,data/structures/reward_guided/baseline/0005/generated/gen_43.cif,True,data/structures/reward_guided/baseline/0005/relaxed/gen_43_relaxed.cif,False,False,,,,False,False,,,,,,
matinvent_style_target12_tri_fixed_scaler_gpu,baseline,0005,online_evaluation,gen_44,data/structures/reward_guided/baseline/0005/generated/gen_44.cif,True,data/structures/reward_guided/baseline/0005/relaxed/gen_44_relaxed.cif,False,False,,,,False,False,,,,,,
matinvent_style_target12_tri_fixed_scaler_gpu,baseline,0005,online_evaluation,gen_45,data/structures/reward_guided/baseline/0005/generated/gen_45.cif,True,data/structures/reward_guided/baseline/0005/relaxed/gen_45_relaxed.cif,False,False,,,,False,False,,,,,,
matinvent_style_target12_tri_fixed_scaler_gpu,baseline,0005,online_evaluation,gen_46,data/structures/reward_guided/baseline/0005/generated/gen_46.cif,True,data/structures/reward_guided/baseline/0005/relaxed/gen_46_relaxed.cif,False,False,,,,False,False,,,,,,
matinvent_style_target12_tri_fixed_scaler_gpu,baseline,0005,online_evaluation,gen_47,data/structures/reward_guided/baseline/0005/generated/gen_47.cif,True,data/structures/reward_guided/baseline/0005/relaxed/gen_47_relaxed.cif,True,True,11.751446932191906,0.9923074,,True,False,,True,True,True,,
matinvent_style_target12_tri_fixed_scaler_gpu,baseline,0005,online_evaluation,gen_48,data/structures/reward_guided/baseline/0005/generated/gen_48.cif,True,data/structures/reward_guided/baseline/0005/relaxed/gen_48_relaxed.cif,False,False,,,,False,False,,,,,,
matinvent_style_target12_tri_fixed_scaler_gpu,baseline,0005,online_evaluation,gen_49,data/structures/reward_guided/baseline/0005/generated/gen_49.cif,True,data/structures/reward_guided/baseline/0005/relaxed/gen_49_relaxed.cif,True,True,14.177767596573752,0.5527586,,True,False,,True,True,True,,
matinvent_style_target12_tri_fixed_scaler_gpu,baseline,0005,online_evaluation,gen_5,data/structures/reward_guided/baseline/0005/generated/gen_5.cif,,,False,False,,,,False,False,,,,,,invalid_raw_structure
matinvent_style_target12_tri_fixed_scaler_gpu,baseline,0005,online_evaluation,gen_50,data/structures/reward_guided/baseline/0005/generated/gen_50.cif,True,data/structures/reward_guided/baseline/0005/relaxed/gen_50_relaxed.cif,False,False,,,,False,False,,,,,,
matinvent_style_target12_tri_fixed_scaler_gpu,baseline,0005,online_evaluation,gen_51,data/structures/reward_guided/baseline/0005/generated/gen_51.cif,True,data/structures/reward_guided/baseline/0005/relaxed/gen_51_relaxed.cif,False,False,,,,False,False,,,,,,
matinvent_style_target12_tri_fixed_scaler_gpu,baseline,0005,online_evaluation,gen_52,data/structures/reward_guided/baseline/0005/generated/gen_52.cif,,,False,False,,,,False,False,,,,,,invalid_raw_structure
matinvent_style_target12_tri_fixed_scaler_gpu,baseline,0005,online_evaluation,gen_53,data/structures/reward_guided/baseline/0005/generated/gen_53.cif,True,data/structures/reward_guided/baseline/0005/relaxed/gen_53_relaxed.cif,False,False,,,,False,False,,,,,,
matinvent_style_target12_tri_fixed_scaler_gpu,baseline,0005,online_evaluation,gen_54,data/structures/reward_guided/baseline/0005/generated/gen_54.cif,True,data/structures/reward_guided/baseline/0005/relaxed/gen_54_relaxed.cif,False,False,,,,False,False,,,,,,
matinvent_style_target12_tri_fixed_scaler_gpu,baseline,0005,online_evaluation,gen_55,data/structures/reward_guided/baseline/0005/generated/gen_55.cif,True,data/structures/reward_guided/baseline/0005/relaxed/gen_55_relaxed.cif,True,True,16.423414228575155,0.086654685,,False,False,,True,True,True,,
matinvent_style_target12_tri_fixed_scaler_gpu,baseline,0005,online_evaluation,gen_56,data/structures/reward_guided/baseline/0005/generated/gen_56.cif,True,data/structures/reward_guided/baseline/0005/relaxed/gen_56_relaxed.cif,True,True,12.544750596309456,0.96358544,,True,False,,True,True,True,,
matinvent_style_target12_tri_fixed_scaler_gpu,baseline,0005,online_evaluation,gen_57,data/structures/reward_guided/baseline/0005/generated/gen_57.cif,True,data/structures/reward_guided/baseline/0005/relaxed/gen_57_relaxed.cif,False,False,,,,False,False,,,,,,
matinvent_style_target12_tri_fixed_scaler_gpu,baseline,0005,online_evaluation,gen_58,data/structures/reward_guided/baseline/0005/generated/gen_58.cif,True,data/structures/reward_guided/baseline/0005/relaxed/gen_58_relaxed.cif,False,False,,,,False,False,,,,,,
matinvent_style_target12_tri_fixed_scaler_gpu,baseline,0005,online_evaluation,gen_59,data/structures/reward_guided/baseline/0005/generated/gen_59.cif,True,data/structures/reward_guided/baseline/0005/relaxed/gen_59_relaxed.cif,False,False,,,,False,False,,,,,,
matinvent_style_target12_tri_fixed_scaler_gpu,baseline,0005,online_evaluation,gen_6,data/structures/reward_guided/baseline/0005/generated/gen_6.cif,True,data/structures/reward_guided/baseline/0005/relaxed/gen_6_relaxed.cif,False,False,,,,False,False,,,,,,
matinvent_style_target12_tri_fixed_scaler_gpu,baseline,0005,online_evaluation,gen_60,data/structures/reward_guided/baseline/0005/generated/gen_60.cif,True,data/structures/reward_guided/baseline/0005/relaxed/gen_60_relaxed.cif,False,False,,,,False,False,,,,,,
matinvent_style_target12_tri_fixed_scaler_gpu,baseline,0005,online_evaluation,gen_61,data/structures/reward_guided/baseline/0005/generated/gen_61.cif,True,data/structures/reward_guided/baseline/0005/relaxed/gen_61_relaxed.cif,True,True,10.672574149024111,0.80231225,,True,False,,True,True,True,,
matinvent_style_target12_tri_fixed_scaler_gpu,baseline,0005,online_evaluation,gen_62,data/structures/reward_guided/baseline/0005/generated/gen_62.cif,True,data/structures/reward_guided/baseline/0005/relaxed/gen_62_relaxed.cif,False,False,,,,False,False,,,,,,
matinvent_style_target12_tri_fixed_scaler_gpu,baseline,0005,online_evaluation,gen_63,data/structures/reward_guided/baseline/0005/generated/gen_63.cif,True,data/structures/reward_guided/baseline/0005/relaxed/gen_63_relaxed.cif,False,False,,,,False,False,,,,,,
matinvent_style_target12_tri_fixed_scaler_gpu,baseline,0005,online_evaluation,gen_7,data/structures/reward_guided/baseline/0005/generated/gen_7.cif,True,data/structures/reward_guided/baseline/0005/relaxed/gen_7_relaxed.cif,False,False,,,,False,False,,,,,,
matinvent_style_target12_tri_fixed_scaler_gpu,baseline,0005,online_evaluation,gen_8,data/structures/reward_guided/baseline/0005/generated/gen_8.cif,True,data/structures/reward_guided/baseline/0005/relaxed/gen_8_relaxed.cif,False,False,,,,False,False,,,,,,
matinvent_style_target12_tri_fixed_scaler_gpu,baseline,0005,online_evaluation,gen_9,data/structures/reward_guided/baseline/0005/generated/gen_9.cif,True,data/structures/reward_guided/baseline/0005/relaxed/gen_9_relaxed.cif,False,False,,,,False,False,,,,,,
matinvent_style_target12_tri_fixed_scaler_gpu,baseline,0006,online_evaluation,gen_0,data/structures/reward_guided/baseline/0006/generated/gen_0.cif,True,data/structures/reward_guided/baseline/0006/relaxed/gen_0_relaxed.cif,False,False,,,,False,False,,,,,,
matinvent_style_target12_tri_fixed_scaler_gpu,baseline,0006,online_evaluation,gen_1,data/structures/reward_guided/baseline/0006/generated/gen_1.cif,True,data/structures/reward_guided/baseline/0006/relaxed/gen_1_relaxed.cif,False,False,,,,False,False,,,,,,
matinvent_style_target12_tri_fixed_scaler_gpu,baseline,0006,online_evaluation,gen_10,data/structures/reward_guided/baseline/0006/generated/gen_10.cif,True,data/structures/reward_guided/baseline/0006/relaxed/gen_10_relaxed.cif,False,False,,,,False,False,,,,,,
matinvent_style_target12_tri_fixed_scaler_gpu,baseline,0006,online_evaluation,gen_11,data/structures/reward_guided/baseline/0006/generated/gen_11.cif,True,data/structures/reward_guided/baseline/0006/relaxed/gen_11_relaxed.cif,False,False,,,,False,False,,,,,,
matinvent_style_target12_tri_fixed_scaler_gpu,baseline,0006,online_evaluation,gen_12,data/structures/reward_guided/baseline/0006/generated/gen_12.cif,True,data/structures/reward_guided/baseline/0006/relaxed/gen_12_relaxed.cif,False,False,,,,False,False,,,,,,
matinvent_style_target12_tri_fixed_scaler_gpu,baseline,0006,online_evaluation,gen_13,data/structures/reward_guided/baseline/0006/generated/gen_13.cif,True,data/structures/reward_guided/baseline/0006/relaxed/gen_13_relaxed.cif,False,False,,,,False,False,,,,,,
matinvent_style_target12_tri_fixed_scaler_gpu,baseline,0006,online_evaluation,gen_14,data/structures/reward_guided/baseline/0006/generated/gen_14.cif,True,data/structures/reward_guided/baseline/0006/relaxed/gen_14_relaxed.cif,False,False,,,,False,False,,,,,,
matinvent_style_target12_tri_fixed_scaler_gpu,baseline,0006,online_evaluation,gen_15,data/structures/reward_guided/baseline/0006/generated/gen_15.cif,True,data/structures/reward_guided/baseline/0006/relaxed/gen_15_relaxed.cif,False,False,,,,False,False,,,,,,
matinvent_style_target12_tri_fixed_scaler_gpu,baseline,0006,online_evaluation,gen_16,data/structures/reward_guided/baseline/0006/generated/gen_16.cif,True,data/structures/reward_guided/baseline/0006/relaxed/gen_16_relaxed.cif,True,True,8.979157602920305,0.31959966,,True,False,,True,True,True,,
matinvent_style_target12_tri_fixed_scaler_gpu,baseline,0006,online_evaluation,gen_17,data/structures/reward_guided/baseline/0006/generated/gen_17.cif,True,data/structures/reward_guided/baseline/0006/relaxed/gen_17_relaxed.cif,False,False,,,,False,False,,,,,,
matinvent_style_target12_tri_fixed_scaler_gpu,baseline,0006,online_evaluation,gen_18,data/structures/reward_guided/baseline/0006/generated/gen_18.cif,,,False,False,,,,False,False,,,,,,invalid_raw_structure
matinvent_style_target12_tri_fixed_scaler_gpu,baseline,0006,online_evaluation,gen_19,data/structures/reward_guided/baseline/0006/generated/gen_19.cif,True,data/structures/reward_guided/baseline/0006/relaxed/gen_19_relaxed.cif,False,False,,,,False,False,,,,,,
matinvent_style_target12_tri_fixed_scaler_gpu,baseline,0006,online_evaluation,gen_2,data/structures/reward_guided/baseline/0006/generated/gen_2.cif,True,data/structures/reward_guided/baseline/0006/relaxed/gen_2_relaxed.cif,True,True,10.4843841910236,0.75040936,,True,False,,True,True,True,,
matinvent_style_target12_tri_fixed_scaler_gpu,baseline,0006,online_evaluation,gen_20,data/structures/reward_guided/baseline/0006/generated/gen_20.cif,True,data/structures/reward_guided/baseline/0006/relaxed/gen_20_relaxed.cif,False,False,,,,False,False,,,,,,
matinvent_style_target12_tri_fixed_scaler_gpu,baseline,0006,online_evaluation,gen_21,data/structures/reward_guided/baseline/0006/generated/gen_21.cif,True,data/structures/reward_guided/baseline/0006/relaxed/gen_21_relaxed.cif,False,False,,,,False,False,,,,,,
matinvent_style_target12_tri_fixed_scaler_gpu,baseline,0006,online_evaluation,gen_22,data/structures/reward_guided/baseline/0006/generated/gen_22.cif,,,False,False,,,,False,False,,,,,,invalid_raw_structure
matinvent_style_target12_tri_fixed_scaler_gpu,baseline,0006,online_evaluation,gen_23,data/structures/reward_guided/baseline/0006/generated/gen_23.cif,True,data/structures/reward_guided/baseline/0006/relaxed/gen_23_relaxed.cif,False,False,,,,False,False,,,,,,
matinvent_style_target12_tri_fixed_scaler_gpu,baseline,0006,online_evaluation,gen_24,data/structures/reward_guided/baseline/0006/generated/gen_24.cif,True,data/structures/reward_guided/baseline/0006/relaxed/gen_24_relaxed.cif,False,False,,,,False,False,,,,,,
matinvent_style_target12_tri_fixed_scaler_gpu,baseline,0006,online_evaluation,gen_25,data/structures/reward_guided/baseline/0006/generated/gen_25.cif,True,data/structures/reward_guided/baseline/0006/relaxed/gen_25_relaxed.cif,False,False,,,,False,False,,,,,,
matinvent_style_target12_tri_fixed_scaler_gpu,baseline,0006,online_evaluation,gen_26,data/structures/reward_guided/baseline/0006/generated/gen_26.cif,,,False,False,,,,False,False,,,,,,invalid_raw_structure
matinvent_style_target12_tri_fixed_scaler_gpu,baseline,0006,online_evaluation,gen_27,data/structures/reward_guided/baseline/0006/generated/gen_27.cif,True,data/structures/reward_guided/baseline/0006/relaxed/gen_27_relaxed.cif,True,True,15.71966366772696,0.17737535,,True,False,,True,True,True,,
matinvent_style_target12_tri_fixed_scaler_gpu,baseline,0006,online_evaluation,gen_28,data/structures/reward_guided/baseline/0006/generated/gen_28.cif,,,False,False,,,,False,False,,,,,,invalid_raw_structure
matinvent_style_target12_tri_fixed_scaler_gpu,baseline,0006,online_evaluation,gen_29,data/structures/reward_guided/baseline/0006/generated/gen_29.cif,True,data/structures/reward_guided/baseline/0006/relaxed/gen_29_relaxed.cif,True,True,18.83542303663142,0.002907749,,True,False,,True,True,True,,
matinvent_style_target12_tri_fixed_scaler_gpu,baseline,0006,online_evaluation,gen_3,data/structures/reward_guided/baseline/0006/generated/gen_3.cif,True,data/structures/reward_guided/baseline/0006/relaxed/gen_3_relaxed.cif,False,False,,,,False,False,,,,,,
matinvent_style_target12_tri_fixed_scaler_gpu,baseline,0006,online_evaluation,gen_30,data/structures/reward_guided/baseline/0006/generated/gen_30.cif,,,False,False,,,,False,False,,,,,,invalid_raw_structure
matinvent_style_target12_tri_fixed_scaler_gpu,baseline,0006,online_evaluation,gen_31,data/structures/reward_guided/baseline/0006/generated/gen_31.cif,True,data/structures/reward_guided/baseline/0006/relaxed/gen_31_relaxed.cif,False,False,,,,False,False,,,,,,
matinvent_style_target12_tri_fixed_scaler_gpu,baseline,0006,online_evaluation,gen_32,data/structures/reward_guided/baseline/0006/generated/gen_32.cif,True,data/structures/reward_guided/baseline/0006/relaxed/gen_32_relaxed.cif,False,False,,,,False,False,,,,,,
matinvent_style_target12_tri_fixed_scaler_gpu,baseline,0006,online_evaluation,gen_33,data/structures/reward_guided/baseline/0006/generated/gen_33.cif,True,data/structures/reward_guided/baseline/0006/relaxed/gen_33_relaxed.cif,False,False,,,,False,False,,,,,,
matinvent_style_target12_tri_fixed_scaler_gpu,baseline,0006,online_evaluation,gen_34,data/structures/reward_guided/baseline/0006/generated/gen_34.cif,True,data/structures/reward_guided/baseline/0006/relaxed/gen_34_relaxed.cif,False,False,,,,False,False,,,,,,
matinvent_style_target12_tri_fixed_scaler_gpu,baseline,0006,online_evaluation,gen_35,data/structures/reward_guided/baseline/0006/generated/gen_35.cif,True,data/structures/reward_guided/baseline/0006/relaxed/gen_35_relaxed.cif,False,False,,,,False,False,,,,,,
matinvent_style_target12_tri_fixed_scaler_gpu,baseline,0006,online_evaluation,gen_36,data/structures/reward_guided/baseline/0006/generated/gen_36.cif,True,data/structures/reward_guided/baseline/0006/relaxed/gen_36_relaxed.cif,False,False,,,,False,False,,,,,,
matinvent_style_target12_tri_fixed_scaler_gpu,baseline,0006,online_evaluation,gen_37,data/structures/reward_guided/baseline/0006/generated/gen_37.cif,True,data/structures/reward_guided/baseline/0006/relaxed/gen_37_relaxed.cif,False,False,,,,False,False,,,,,,
matinvent_style_target12_tri_fixed_scaler_gpu,baseline,0006,online_evaluation,gen_38,data/structures/reward_guided/baseline/0006/generated/gen_38.cif,,,False,False,,,,False,False,,,,,,invalid_raw_structure
matinvent_style_target12_tri_fixed_scaler_gpu,baseline,0006,online_evaluation,gen_39,data/structures/reward_guided/baseline/0006/generated/gen_39.cif,True,data/structures/reward_guided/baseline/0006/relaxed/gen_39_relaxed.cif,True,True,16.184459751925107,0.11206089,,True,False,,True,True,True,,
matinvent_style_target12_tri_fixed_scaler_gpu,baseline,0006,online_evaluation,gen_4,data/structures/reward_guided/baseline/0006/generated/gen_4.cif,True,data/structures/reward_guided/baseline/0006/relaxed/gen_4_relaxed.cif,False,False,,,,False,False,,,,,,
matinvent_style_target12_tri_fixed_scaler_gpu,baseline,0006,online_evaluation,gen_40,data/structures/reward_guided/baseline/0006/generated/gen_40.cif,,,False,False,,,,False,False,,,,,,invalid_raw_structure
matinvent_style_target12_tri_fixed_scaler_gpu,baseline,0006,online_evaluation,gen_41,data/structures/reward_guided/baseline/0006/generated/gen_41.cif,True,data/structures/reward_guided/baseline/0006/relaxed/gen_41_relaxed.cif,False,False,,,,False,False,,,,,,
matinvent_style_target12_tri_fixed_scaler_gpu,baseline,0006,online_evaluation,gen_42,data/structures/reward_guided/baseline/0006/generated/gen_42.cif,True,data/structures/reward_guided/baseline/0006/relaxed/gen_42_relaxed.cif,False,False,,,,False,False,,,,,,
matinvent_style_target12_tri_fixed_scaler_gpu,baseline,0006,online_evaluation,gen_43,data/structures/reward_guided/baseline/0006/generated/gen_43.cif,True,data/structures/reward_guided/baseline/0006/relaxed/gen_43_relaxed.cif,False,False,,,,False,False,,,,,,
matinvent_style_target12_tri_fixed_scaler_gpu,baseline,0006,online_evaluation,gen_44,data/structures/reward_guided/baseline/0006/generated/gen_44.cif,True,data/structures/reward_guided/baseline/0006/relaxed/gen_44_relaxed.cif,True,True,12.200007664402309,0.9950121,,True,False,,True,True,True,,
matinvent_style_target12_tri_fixed_scaler_gpu,baseline,0006,online_evaluation,gen_45,data/structures/reward_guided/baseline/0006/generated/gen_45.cif,True,data/structures/reward_guided/baseline/0006/relaxed/gen_45_relaxed.cif,False,False,,,,False,False,,,,,,
matinvent_style_target12_tri_fixed_scaler_gpu,baseline,0006,online_evaluation,gen_46,data/structures/reward_guided/baseline/0006/generated/gen_46.cif,True,data/structures/reward_guided/baseline/0006/relaxed/gen_46_relaxed.cif,False,False,,,,False,False,,,,,,
matinvent_style_target12_tri_fixed_scaler_gpu,baseline,0006,online_evaluation,gen_47,data/structures/reward_guided/baseline/0006/generated/gen_47.cif,,,False,False,,,,False,False,,,,,,invalid_raw_structure
matinvent_style_target12_tri_fixed_scaler_gpu,baseline,0006,online_evaluation,gen_48,data/structures/reward_guided/baseline/0006/generated/gen_48.cif,True,data/structures/reward_guided/baseline/0006/relaxed/gen_48_relaxed.cif,False,False,,,,False,False,,,,,,
matinvent_style_target12_tri_fixed_scaler_gpu,baseline,0006,online_evaluation,gen_49,data/structures/reward_guided/baseline/0006/generated/gen_49.cif,True,data/structures/reward_guided/baseline/0006/relaxed/gen_49_relaxed.cif,True,True,22.678163947416213,6.457211e-07,,True,False,,True,True,True,,
matinvent_style_target12_tri_fixed_scaler_gpu,baseline,0006,online_evaluation,gen_5,data/structures/reward_guided/baseline/0006/generated/gen_5.cif,True,data/structures/reward_guided/baseline/0006/relaxed/gen_5_relaxed.cif,False,False,,,,False,False,,,,,,
matinvent_style_target12_tri_fixed_scaler_gpu,baseline,0006,online_evaluation,gen_50,data/structures/reward_guided/baseline/0006/generated/gen_50.cif,True,data/structures/reward_guided/baseline/0006/relaxed/gen_50_relaxed.cif,True,True,14.241250183955154,0.53371125,,True,False,,True,True,True,,
matinvent_style_target12_tri_fixed_scaler_gpu,baseline,0006,online_evaluation,gen_51,data/structures/reward_guided/baseline/0006/generated/gen_51.cif,,,False,False,,,,False,False,,,,,,invalid_raw_structure
matinvent_style_target12_tri_fixed_scaler_gpu,baseline,0006,online_evaluation,gen_52,data/structures/reward_guided/baseline/0006/generated/gen_52.cif,True,data/structures/reward_guided/baseline/0006/relaxed/gen_52_relaxed.cif,False,False,,,,False,False,,,,,,
matinvent_style_target12_tri_fixed_scaler_gpu,baseline,0006,online_evaluation,gen_53,data/structures/reward_guided/baseline/0006/generated/gen_53.cif,True,data/structures/reward_guided/baseline/0006/relaxed/gen_53_relaxed.cif,False,False,,,,False,False,,,,,,
matinvent_style_target12_tri_fixed_scaler_gpu,baseline,0006,online_evaluation,gen_54,data/structures/reward_guided/baseline/0006/generated/gen_54.cif,True,data/structures/reward_guided/baseline/0006/relaxed/gen_54_relaxed.cif,False,False,,,,False,False,,,,,,
matinvent_style_target12_tri_fixed_scaler_gpu,baseline,0006,online_evaluation,gen_55,data/structures/reward_guided/baseline/0006/generated/gen_55.cif,True,data/structures/reward_guided/baseline/0006/relaxed/gen_55_relaxed.cif,False,False,,,,False,False,,,,,,
matinvent_style_target12_tri_fixed_scaler_gpu,baseline,0006,online_evaluation,gen_56,data/structures/reward_guided/baseline/0006/generated/gen_56.cif,True,data/structures/reward_guided/baseline/0006/relaxed/gen_56_relaxed.cif,False,False,,,,False,False,,,,,,
matinvent_style_target12_tri_fixed_scaler_gpu,baseline,0006,online_evaluation,gen_57,data/structures/reward_guided/baseline/0006/generated/gen_57.cif,,,False,False,,,,False,False,,,,,,invalid_raw_structure
matinvent_style_target12_tri_fixed_scaler_gpu,baseline,0006,online_evaluation,gen_58,data/structures/reward_guided/baseline/0006/generated/gen_58.cif,True,data/structures/reward_guided/baseline/0006/relaxed/gen_58_relaxed.cif,True,True,27.06373612485145,4.8022664e-13,,False,False,,True,True,True,,
matinvent_style_target12_tri_fixed_scaler_gpu,baseline,0006,online_evaluation,gen_59,data/structures/reward_guided/baseline/0006/generated/gen_59.cif,True,data/structures/reward_guided/baseline/0006/relaxed/gen_59_relaxed.cif,False,False,,,,False,False,,,,,,
matinvent_style_target12_tri_fixed_scaler_gpu,baseline,0006,online_evaluation,gen_6,data/structures/reward_guided/baseline/0006/generated/gen_6.cif,True,data/structures/reward_guided/baseline/0006/relaxed/gen_6_relaxed.cif,False,False,,,,False,False,,,,,,
matinvent_style_target12_tri_fixed_scaler_gpu,baseline,0006,online_evaluation,gen_60,data/structures/reward_guided/baseline/0006/generated/gen_60.cif,True,data/structures/reward_guided/baseline/0006/relaxed/gen_60_relaxed.cif,False,False,,,,False,False,,,,,,
matinvent_style_target12_tri_fixed_scaler_gpu,baseline,0006,online_evaluation,gen_61,data/structures/reward_guided/baseline/0006/generated/gen_61.cif,,,False,False,,,,False,False,,,,,,invalid_raw_structure
matinvent_style_target12_tri_fixed_scaler_gpu,baseline,0006,online_evaluation,gen_62,data/structures/reward_guided/baseline/0006/generated/gen_62.cif,True,data/structures/reward_guided/baseline/0006/relaxed/gen_62_relaxed.cif,False,False,,,,False,False,,,,,,
matinvent_style_target12_tri_fixed_scaler_gpu,baseline,0006,online_evaluation,gen_63,data/structures/reward_guided/baseline/0006/generated/gen_63.cif,,,False,False,,,,False,False,,,,,,invalid_raw_structure
matinvent_style_target12_tri_fixed_scaler_gpu,baseline,0006,online_evaluation,gen_7,data/structures/reward_guided/baseline/0006/generated/gen_7.cif,True,data/structures/reward_guided/baseline/0006/relaxed/gen_7_relaxed.cif,False,False,,,,False,False,,,,,,
matinvent_style_target12_tri_fixed_scaler_gpu,baseline,0006,online_evaluation,gen_8,data/structures/reward_guided/baseline/0006/generated/gen_8.cif,True,data/structures/reward_guided/baseline/0006/relaxed/gen_8_relaxed.cif,False,False,,,,False,False,,,,,,
matinvent_style_target12_tri_fixed_scaler_gpu,baseline,0006,online_evaluation,gen_9,data/structures/reward_guided/baseline/0006/generated/gen_9.cif,,,False,False,,,,False,False,,,,,,invalid_raw_structure
matinvent_style_target12_tri_fixed_scaler_gpu,baseline,0007,online_evaluation,gen_0,data/structures/reward_guided/baseline/0007/generated/gen_0.cif,True,data/structures/reward_guided/baseline/0007/relaxed/gen_0_relaxed.cif,False,False,,,,False,False,,,,,,
matinvent_style_target12_tri_fixed_scaler_gpu,baseline,0007,online_evaluation,gen_1,data/structures/reward_guided/baseline/0007/generated/gen_1.cif,True,data/structures/reward_guided/baseline/0007/relaxed/gen_1_relaxed.cif,False,False,,,,False,False,,,,,,
matinvent_style_target12_tri_fixed_scaler_gpu,baseline,0007,online_evaluation,gen_10,data/structures/reward_guided/baseline/0007/generated/gen_10.cif,True,data/structures/reward_guided/baseline/0007/relaxed/gen_10_relaxed.cif,False,False,,,,False,False,,,,,,
matinvent_style_target12_tri_fixed_scaler_gpu,baseline,0007,online_evaluation,gen_11,data/structures/reward_guided/baseline/0007/generated/gen_11.cif,True,data/structures/reward_guided/baseline/0007/relaxed/gen_11_relaxed.cif,False,False,,,,False,False,,,,,,
matinvent_style_target12_tri_fixed_scaler_gpu,baseline,0007,online_evaluation,gen_12,data/structures/reward_guided/baseline/0007/generated/gen_12.cif,True,data/structures/reward_guided/baseline/0007/relaxed/gen_12_relaxed.cif,False,False,,,,False,False,,,,,,
matinvent_style_target12_tri_fixed_scaler_gpu,baseline,0007,online_evaluation,gen_13,data/structures/reward_guided/baseline/0007/generated/gen_13.cif,True,data/structures/reward_guided/baseline/0007/relaxed/gen_13_relaxed.cif,True,True,3.388890038396282,9.4312025e-05,,False,False,,True,True,True,,
matinvent_style_target12_tri_fixed_scaler_gpu,baseline,0007,online_evaluation,gen_14,data/structures/reward_guided/baseline/0007/generated/gen_14.cif,True,data/structures/reward_guided/baseline/0007/relaxed/gen_14_relaxed.cif,False,False,,,,False,False,,,,,,
matinvent_style_target12_tri_fixed_scaler_gpu,baseline,0007,online_evaluation,gen_15,data/structures/reward_guided/baseline/0007/generated/gen_15.cif,True,data/structures/reward_guided/baseline/0007/relaxed/gen_15_relaxed.cif,False,False,,,,False,False,,,,,,
matinvent_style_target12_tri_fixed_scaler_gpu,baseline,0007,online_evaluation,gen_16,data/structures/reward_guided/baseline/0007/generated/gen_16.cif,True,data/structures/reward_guided/baseline/0007/relaxed/gen_16_relaxed.cif,True,True,5.590721527121345,0.005887897,,False,False,,True,True,True,,
matinvent_style_target12_tri_fixed_scaler_gpu,baseline,0007,online_evaluation,gen_17,data/structures/reward_guided/baseline/0007/generated/gen_17.cif,True,data/structures/reward_guided/baseline/0007/relaxed/gen_17_relaxed.cif,True,True,9.105790508204448,0.35096946,,True,False,,True,True,True,,
matinvent_style_target12_tri_fixed_scaler_gpu,baseline,0007,online_evaluation,gen_18,data/structures/reward_guided/baseline/0007/generated/gen_18.cif,True,data/structures/reward_guided/baseline/0007/relaxed/gen_18_relaxed.cif,False,False,,,,False,False,,,,,,
matinvent_style_target12_tri_fixed_scaler_gpu,baseline,0007,online_evaluation,gen_19,data/structures/reward_guided/baseline/0007/generated/gen_19.cif,True,data/structures/reward_guided/baseline/0007/relaxed/gen_19_relaxed.cif,True,True,4.148380323308828,0.0004501222,,False,False,,True,True,True,,
matinvent_style_target12_tri_fixed_scaler_gpu,baseline,0007,online_evaluation,gen_2,data/structures/reward_guided/baseline/0007/generated/gen_2.cif,True,data/structures/reward_guided/baseline/0007/relaxed/gen_2_relaxed.cif,False,False,,,,False,False,,,,,,
matinvent_style_target12_tri_fixed_scaler_gpu,baseline,0007,online_evaluation,gen_20,data/structures/reward_guided/baseline/0007/generated/gen_20.cif,True,data/structures/reward_guided/baseline/0007/relaxed/gen_20_relaxed.cif,True,True,4.239690798634083,0.00053792045,,False,False,,True,True,True,,
matinvent_style_target12_tri_fixed_scaler_gpu,baseline,0007,online_evaluation,gen_21,data/structures/reward_guided/baseline/0007/generated/gen_21.cif,True,data/structures/reward_guided/baseline/0007/relaxed/gen_21_relaxed.cif,True,True,12.499773780826386,0.96926063,,True,False,,True,True,True,,
matinvent_style_target12_tri_fixed_scaler_gpu,baseline,0007,online_evaluation,gen_22,data/structures/reward_guided/baseline/0007/generated/gen_22.cif,True,data/structures/reward_guided/baseline/0007/relaxed/gen_22_relaxed.cif,False,False,,,,False,False,,,,,,
matinvent_style_target12_tri_fixed_scaler_gpu,baseline,0007,online_evaluation,gen_23,data/structures/reward_guided/baseline/0007/generated/gen_23.cif,True,data/structures/reward_guided/baseline/0007/relaxed/gen_23_relaxed.cif,False,False,,,,False,False,,,,,,
matinvent_style_target12_tri_fixed_scaler_gpu,baseline,0007,online_evaluation,gen_24,data/structures/reward_guided/baseline/0007/generated/gen_24.cif,True,data/structures/reward_guided/baseline/0007/relaxed/gen_24_relaxed.cif,False,False,,,,False,False,,,,,,
matinvent_style_target12_tri_fixed_scaler_gpu,baseline,0007,online_evaluation,gen_25,data/structures/reward_guided/baseline/0007/generated/gen_25.cif,,,False,False,,,,False,False,,,,,,invalid_raw_structure
matinvent_style_target12_tri_fixed_scaler_gpu,baseline,0007,online_evaluation,gen_26,data/structures/reward_guided/baseline/0007/generated/gen_26.cif,True,data/structures/reward_guided/baseline/0007/relaxed/gen_26_relaxed.cif,False,False,,,,False,False,,,,,,
matinvent_style_target12_tri_fixed_scaler_gpu,baseline,0007,online_evaluation,gen_27,data/structures/reward_guided/baseline/0007/generated/gen_27.cif,True,data/structures/reward_guided/baseline/0007/relaxed/gen_27_relaxed.cif,False,False,,,,False,False,,,,,,
matinvent_style_target12_tri_fixed_scaler_gpu,baseline,0007,online_evaluation,gen_28,data/structures/reward_guided/baseline/0007/generated/gen_28.cif,True,data/structures/reward_guided/baseline/0007/relaxed/gen_28_relaxed.cif,False,False,,,,False,False,,,,,,
matinvent_style_target12_tri_fixed_scaler_gpu,baseline,0007,online_evaluation,gen_29,data/structures/reward_guided/baseline/0007/generated/gen_29.cif,,,False,False,,,,False,False,,,,,,invalid_raw_structure
matinvent_style_target12_tri_fixed_scaler_gpu,baseline,0007,online_evaluation,gen_3,data/structures/reward_guided/baseline/0007/generated/gen_3.cif,True,data/structures/reward_guided/baseline/0007/relaxed/gen_3_relaxed.cif,True,True,4.396207418480947,0.00072654674,,False,False,,True,True,True,,
matinvent_style_target12_tri_fixed_scaler_gpu,baseline,0007,online_evaluation,gen_30,data/structures/reward_guided/baseline/0007/generated/gen_30.cif,True,data/structures/reward_guided/baseline/0007/relaxed/gen_30_relaxed.cif,False,False,,,,False,False,,,,,,
matinvent_style_target12_tri_fixed_scaler_gpu,baseline,0007,online_evaluation,gen_31,data/structures/reward_guided/baseline/0007/generated/gen_31.cif,True,data/structures/reward_guided/baseline/0007/relaxed/gen_31_relaxed.cif,True,True,10.152111293168648,0.6525702,,True,False,,True,True,True,,
matinvent_style_target12_tri_fixed_scaler_gpu,baseline,0007,online_evaluation,gen_32,data/structures/reward_guided/baseline/0007/generated/gen_32.cif,True,data/structures/reward_guided/baseline/0007/relaxed/gen_32_relaxed.cif,True,True,4.23378357571645,0.0005317885,,False,False,,True,True,True,,
matinvent_style_target12_tri_fixed_scaler_gpu,baseline,0007,online_evaluation,gen_33,data/structures/reward_guided/baseline/0007/generated/gen_33.cif,True,data/structures/reward_guided/baseline/0007/relaxed/gen_33_relaxed.cif,True,True,2.414876240670999,1.0290137e-05,,False,False,,True,True,True,,
matinvent_style_target12_tri_fixed_scaler_gpu,baseline,0007,online_evaluation,gen_34,data/structures/reward_guided/baseline/0007/generated/gen_34.cif,True,data/structures/reward_guided/baseline/0007/relaxed/gen_34_relaxed.cif,False,False,,,,False,False,,,,,,
matinvent_style_target12_tri_fixed_scaler_gpu,baseline,0007,online_evaluation,gen_35,data/structures/reward_guided/baseline/0007/generated/gen_35.cif,True,data/structures/reward_guided/baseline/0007/relaxed/gen_35_relaxed.cif,True,True,16.06059298458999,0.12731996,,True,False,,True,True,True,,
matinvent_style_target12_tri_fixed_scaler_gpu,baseline,0007,online_evaluation,gen_36,data/structures/reward_guided/baseline/0007/generated/gen_36.cif,True,data/structures/reward_guided/baseline/0007/relaxed/gen_36_relaxed.cif,False,False,,,,False,False,,,,,,
matinvent_style_target12_tri_fixed_scaler_gpu,baseline,0007,online_evaluation,gen_37,data/structures/reward_guided/baseline/0007/generated/gen_37.cif,True,data/structures/reward_guided/baseline/0007/relaxed/gen_37_relaxed.cif,False,False,,,,False,False,,,,,,
matinvent_style_target12_tri_fixed_scaler_gpu,baseline,0007,online_evaluation,gen_38,data/structures/reward_guided/baseline/0007/generated/gen_38.cif,,,False,False,,,,False,False,,,,,,invalid_raw_structure
matinvent_style_target12_tri_fixed_scaler_gpu,baseline,0007,online_evaluation,gen_39,data/structures/reward_guided/baseline/0007/generated/gen_39.cif,True,data/structures/reward_guided/baseline/0007/relaxed/gen_39_relaxed.cif,False,False,,,,False,False,,,,,,
matinvent_style_target12_tri_fixed_scaler_gpu,baseline,0007,online_evaluation,gen_4,data/structures/reward_guided/baseline/0007/generated/gen_4.cif,True,data/structures/reward_guided/baseline/0007/relaxed/gen_4_relaxed.cif,False,False,,,,False,False,,,,,,
matinvent_style_target12_tri_fixed_scaler_gpu,baseline,0007,online_evaluation,gen_40,data/structures/reward_guided/baseline/0007/generated/gen_40.cif,True,data/structures/reward_guided/baseline/0007/relaxed/gen_40_relaxed.cif,False,False,,,,False,False,,,,,,
matinvent_style_target12_tri_fixed_scaler_gpu,baseline,0007,online_evaluation,gen_41,data/structures/reward_guided/baseline/0007/generated/gen_41.cif,True,data/structures/reward_guided/baseline/0007/relaxed/gen_41_relaxed.cif,True,True,13.418159096422258,0.77771366,,True,False,,True,True,True,,
matinvent_style_target12_tri_fixed_scaler_gpu,baseline,0007,online_evaluation,gen_42,data/structures/reward_guided/baseline/0007/generated/gen_42.cif,True,data/structures/reward_guided/baseline/0007/relaxed/gen_42_relaxed.cif,True,True,7.928555344512649,0.12592325,,False,False,,True,True,True,,
matinvent_style_target12_tri_fixed_scaler_gpu,baseline,0007,online_evaluation,gen_43,data/structures/reward_guided/baseline/0007/generated/gen_43.cif,True,data/structures/reward_guided/baseline/0007/relaxed/gen_43_relaxed.cif,False,False,,,,False,False,,,,,,
matinvent_style_target12_tri_fixed_scaler_gpu,baseline,0007,online_evaluation,gen_44,data/structures/reward_guided/baseline/0007/generated/gen_44.cif,True,data/structures/reward_guided/baseline/0007/relaxed/gen_44_relaxed.cif,False,False,,,,False,False,,,,,,
matinvent_style_target12_tri_fixed_scaler_gpu,baseline,0007,online_evaluation,gen_45,data/structures/reward_guided/baseline/0007/generated/gen_45.cif,True,data/structures/reward_guided/baseline/0007/relaxed/gen_45_relaxed.cif,False,False,,,,False,False,,,,,,
matinvent_style_target12_tri_fixed_scaler_gpu,baseline,0007,online_evaluation,gen_46,data/structures/reward_guided/baseline/0007/generated/gen_46.cif,True,data/structures/reward_guided/baseline/0007/relaxed/gen_46_relaxed.cif,False,False,,,,False,False,,,,,,
matinvent_style_target12_tri_fixed_scaler_gpu,baseline,0007,online_evaluation,gen_47,data/structures/reward_guided/baseline/0007/generated/gen_47.cif,True,data/structures/reward_guided/baseline/0007/relaxed/gen_47_relaxed.cif,False,False,,,,False,False,,,,,,
matinvent_style_target12_tri_fixed_scaler_gpu,baseline,0007,online_evaluation,gen_48,data/structures/reward_guided/baseline/0007/generated/gen_48.cif,True,data/structures/reward_guided/baseline/0007/relaxed/gen_48_relaxed.cif,False,False,,,,False,False,,,,,,
matinvent_style_target12_tri_fixed_scaler_gpu,baseline,0007,online_evaluation,gen_49,data/structures/reward_guided/baseline/0007/generated/gen_49.cif,True,data/structures/reward_guided/baseline/0007/relaxed/gen_49_relaxed.cif,False,False,,,,False,False,,,,,,
matinvent_style_target12_tri_fixed_scaler_gpu,baseline,0007,online_evaluation,gen_5,data/structures/reward_guided/baseline/0007/generated/gen_5.cif,True,data/structures/reward_guided/baseline/0007/relaxed/gen_5_relaxed.cif,False,False,,,,False,False,,,,,,
matinvent_style_target12_tri_fixed_scaler_gpu,baseline,0007,online_evaluation,gen_50,data/structures/reward_guided/baseline/0007/generated/gen_50.cif,True,data/structures/reward_guided/baseline/0007/relaxed/gen_50_relaxed.cif,False,False,,,,False,False,,,,,,
matinvent_style_target12_tri_fixed_scaler_gpu,baseline,0007,online_evaluation,gen_51,data/structures/reward_guided/baseline/0007/generated/gen_51.cif,True,data/structures/reward_guided/baseline/0007/relaxed/gen_51_relaxed.cif,False,False,,,,False,False,,,,,,
matinvent_style_target12_tri_fixed_scaler_gpu,baseline,0007,online_evaluation,gen_52,data/structures/reward_guided/baseline/0007/generated/gen_52.cif,True,data/structures/reward_guided/baseline/0007/relaxed/gen_52_relaxed.cif,False,False,,,,False,False,,,,,,
matinvent_style_target12_tri_fixed_scaler_gpu,baseline,0007,online_evaluation,gen_53,data/structures/reward_guided/baseline/0007/generated/gen_53.cif,True,data/structures/reward_guided/baseline/0007/relaxed/gen_53_relaxed.cif,False,False,,,,False,False,,,,,,
matinvent_style_target12_tri_fixed_scaler_gpu,baseline,0007,online_evaluation,gen_54,data/structures/reward_guided/baseline/0007/generated/gen_54.cif,True,data/structures/reward_guided/baseline/0007/relaxed/gen_54_relaxed.cif,True,True,13.235247170462308,0.8263561,,True,False,,True,True,True,,
matinvent_style_target12_tri_fixed_scaler_gpu,baseline,0007,online_evaluation,gen_55,data/structures/reward_guided/baseline/0007/generated/gen_55.cif,True,data/structures/reward_guided/baseline/0007/relaxed/gen_55_relaxed.cif,False,False,,,,False,False,,,,,,
matinvent_style_target12_tri_fixed_scaler_gpu,baseline,0007,online_evaluation,gen_56,data/structures/reward_guided/baseline/0007/generated/gen_56.cif,True,data/structures/reward_guided/baseline/0007/relaxed/gen_56_relaxed.cif,True,True,8.42551215293239,0.20247874,,True,False,,True,True,True,,
matinvent_style_target12_tri_fixed_scaler_gpu,baseline,0007,online_evaluation,gen_57,data/structures/reward_guided/baseline/0007/generated/gen_57.cif,True,data/structures/reward_guided/baseline/0007/relaxed/gen_57_relaxed.cif,False,False,,,,False,False,,,,,,
matinvent_style_target12_tri_fixed_scaler_gpu,baseline,0007,online_evaluation,gen_58,data/structures/reward_guided/baseline/0007/generated/gen_58.cif,True,data/structures/reward_guided/baseline/0007/relaxed/gen_58_relaxed.cif,False,False,,,,False,False,,,,,,
matinvent_style_target12_tri_fixed_scaler_gpu,baseline,0007,online_evaluation,gen_59,data/structures/reward_guided/baseline/0007/generated/gen_59.cif,True,data/structures/reward_guided/baseline/0007/relaxed/gen_59_relaxed.cif,False,False,,,,False,False,,,,,,
matinvent_style_target12_tri_fixed_scaler_gpu,baseline,0007,online_evaluation,gen_6,data/structures/reward_guided/baseline/0007/generated/gen_6.cif,True,data/structures/reward_guided/baseline/0007/relaxed/gen_6_relaxed.cif,False,False,,,,False,False,,,,,,
matinvent_style_target12_tri_fixed_scaler_gpu,baseline,0007,online_evaluation,gen_60,data/structures/reward_guided/baseline/0007/generated/gen_60.cif,True,data/structures/reward_guided/baseline/0007/relaxed/gen_60_relaxed.cif,False,False,,,,False,False,,,,,,
matinvent_style_target12_tri_fixed_scaler_gpu,baseline,0007,online_evaluation,gen_61,data/structures/reward_guided/baseline/0007/generated/gen_61.cif,True,data/structures/reward_guided/baseline/0007/relaxed/gen_61_relaxed.cif,True,True,13.070556418120818,0.86652756,,True,False,,True,True,True,,
matinvent_style_target12_tri_fixed_scaler_gpu,baseline,0007,online_evaluation,gen_62,data/structures/reward_guided/baseline/0007/generated/gen_62.cif,,,False,False,,,,False,False,,,,,,invalid_raw_structure
matinvent_style_target12_tri_fixed_scaler_gpu,baseline,0007,online_evaluation,gen_63,data/structures/reward_guided/baseline/0007/generated/gen_63.cif,True,data/structures/reward_guided/baseline/0007/relaxed/gen_63_relaxed.cif,False,False,,,,False,False,,,,,,
matinvent_style_target12_tri_fixed_scaler_gpu,baseline,0007,online_evaluation,gen_7,data/structures/reward_guided/baseline/0007/generated/gen_7.cif,True,data/structures/reward_guided/baseline/0007/relaxed/gen_7_relaxed.cif,False,False,,,,False,False,,,,,,
matinvent_style_target12_tri_fixed_scaler_gpu,baseline,0007,online_evaluation,gen_8,data/structures/reward_guided/baseline/0007/generated/gen_8.cif,True,data/structures/reward_guided/baseline/0007/relaxed/gen_8_relaxed.cif,False,False,,,,False,False,,,,,,
matinvent_style_target12_tri_fixed_scaler_gpu,baseline,0007,online_evaluation,gen_9,data/structures/reward_guided/baseline/0007/generated/gen_9.cif,True,data/structures/reward_guided/baseline/0007/relaxed/gen_9_relaxed.cif,False,False,,,,False,False,,,,,,
matinvent_style_target12_tri_fixed_scaler_gpu,baseline,0008,online_evaluation,gen_0,data/structures/reward_guided/baseline/0008/generated/gen_0.cif,,,False,False,,,,False,False,,,,,,invalid_raw_structure
matinvent_style_target12_tri_fixed_scaler_gpu,baseline,0008,online_evaluation,gen_1,data/structures/reward_guided/baseline/0008/generated/gen_1.cif,True,data/structures/reward_guided/baseline/0008/relaxed/gen_1_relaxed.cif,False,False,,,,False,False,,,,,,
matinvent_style_target12_tri_fixed_scaler_gpu,baseline,0008,online_evaluation,gen_10,data/structures/reward_guided/baseline/0008/generated/gen_10.cif,True,data/structures/reward_guided/baseline/0008/relaxed/gen_10_relaxed.cif,False,False,,,,False,False,,,,,,
matinvent_style_target12_tri_fixed_scaler_gpu,baseline,0008,online_evaluation,gen_11,data/structures/reward_guided/baseline/0008/generated/gen_11.cif,True,data/structures/reward_guided/baseline/0008/relaxed/gen_11_relaxed.cif,False,False,,,,False,False,,,,,,
matinvent_style_target12_tri_fixed_scaler_gpu,baseline,0008,online_evaluation,gen_12,data/structures/reward_guided/baseline/0008/generated/gen_12.cif,True,data/structures/reward_guided/baseline/0008/relaxed/gen_12_relaxed.cif,True,True,6.355931633031212,0.018649453,,True,False,,True,True,True,,
matinvent_style_target12_tri_fixed_scaler_gpu,baseline,0008,online_evaluation,gen_13,data/structures/reward_guided/baseline/0008/generated/gen_13.cif,True,data/structures/reward_guided/baseline/0008/relaxed/gen_13_relaxed.cif,True,True,11.584246225588291,0.97862536,,True,False,,True,True,True,,
matinvent_style_target12_tri_fixed_scaler_gpu,baseline,0008,online_evaluation,gen_14,data/structures/reward_guided/baseline/0008/generated/gen_14.cif,True,data/structures/reward_guided/baseline/0008/relaxed/gen_14_relaxed.cif,True,True,18.545809474657645,0.0047199707,,True,False,,True,True,True,,
matinvent_style_target12_tri_fixed_scaler_gpu,baseline,0008,online_evaluation,gen_15,data/structures/reward_guided/baseline/0008/generated/gen_15.cif,True,data/structures/reward_guided/baseline/0008/relaxed/gen_15_relaxed.cif,False,False,,,,False,False,,,,,,
matinvent_style_target12_tri_fixed_scaler_gpu,baseline,0008,online_evaluation,gen_16,data/structures/reward_guided/baseline/0008/generated/gen_16.cif,True,data/structures/reward_guided/baseline/0008/relaxed/gen_16_relaxed.cif,False,False,,,,False,False,,,,,,
matinvent_style_target12_tri_fixed_scaler_gpu,baseline,0008,online_evaluation,gen_17,data/structures/reward_guided/baseline/0008/generated/gen_17.cif,True,data/structures/reward_guided/baseline/0008/relaxed/gen_17_relaxed.cif,False,False,,,,False,False,,,,,,
matinvent_style_target12_tri_fixed_scaler_gpu,baseline,0008,online_evaluation,gen_18,data/structures/reward_guided/baseline/0008/generated/gen_18.cif,True,data/structures/reward_guided/baseline/0008/relaxed/gen_18_relaxed.cif,False,False,,,,False,False,,,,,,
matinvent_style_target12_tri_fixed_scaler_gpu,baseline,0008,online_evaluation,gen_19,data/structures/reward_guided/baseline/0008/generated/gen_19.cif,True,data/structures/reward_guided/baseline/0008/relaxed/gen_19_relaxed.cif,False,False,,,,False,False,,,,,,
matinvent_style_target12_tri_fixed_scaler_gpu,baseline,0008,online_evaluation,gen_2,data/structures/reward_guided/baseline/0008/generated/gen_2.cif,True,data/structures/reward_guided/baseline/0008/relaxed/gen_2_relaxed.cif,True,True,12.078729504586262,0.9992255,,True,False,,True,True,True,,
matinvent_style_target12_tri_fixed_scaler_gpu,baseline,0008,online_evaluation,gen_20,data/structures/reward_guided/baseline/0008/generated/gen_20.cif,True,data/structures/reward_guided/baseline/0008/relaxed/gen_20_relaxed.cif,False,False,,,,False,False,,,,,,
matinvent_style_target12_tri_fixed_scaler_gpu,baseline,0008,online_evaluation,gen_21,data/structures/reward_guided/baseline/0008/generated/gen_21.cif,True,data/structures/reward_guided/baseline/0008/relaxed/gen_21_relaxed.cif,True,True,14.803936194314913,0.37427768,,True,False,,True,True,True,,
matinvent_style_target12_tri_fixed_scaler_gpu,baseline,0008,online_evaluation,gen_22,data/structures/reward_guided/baseline/0008/generated/gen_22.cif,True,data/structures/reward_guided/baseline/0008/relaxed/gen_22_relaxed.cif,False,False,,,,False,False,,,,,,
matinvent_style_target12_tri_fixed_scaler_gpu,baseline,0008,online_evaluation,gen_23,data/structures/reward_guided/baseline/0008/generated/gen_23.cif,,,False,False,,,,False,False,,,,,,invalid_raw_structure
matinvent_style_target12_tri_fixed_scaler_gpu,baseline,0008,online_evaluation,gen_24,data/structures/reward_guided/baseline/0008/generated/gen_24.cif,True,data/structures/reward_guided/baseline/0008/relaxed/gen_24_relaxed.cif,True,True,3.970904811912607,0.00031646554,,False,False,,True,True,True,,
matinvent_style_target12_tri_fixed_scaler_gpu,baseline,0008,online_evaluation,gen_25,data/structures/reward_guided/baseline/0008/generated/gen_25.cif,True,data/structures/reward_guided/baseline/0008/relaxed/gen_25_relaxed.cif,False,False,,,,False,False,,,,,,
matinvent_style_target12_tri_fixed_scaler_gpu,baseline,0008,online_evaluation,gen_26,data/structures/reward_guided/baseline/0008/generated/gen_26.cif,True,data/structures/reward_guided/baseline/0008/relaxed/gen_26_relaxed.cif,False,False,,,,False,False,,,,,,
matinvent_style_target12_tri_fixed_scaler_gpu,baseline,0008,online_evaluation,gen_27,data/structures/reward_guided/baseline/0008/generated/gen_27.cif,True,data/structures/reward_guided/baseline/0008/relaxed/gen_27_relaxed.cif,False,False,,,,False,False,,,,,,
matinvent_style_target12_tri_fixed_scaler_gpu,baseline,0008,online_evaluation,gen_28,data/structures/reward_guided/baseline/0008/generated/gen_28.cif,True,data/structures/reward_guided/baseline/0008/relaxed/gen_28_relaxed.cif,True,True,4.957422300809562,0.0020299633,,True,False,,True,True,True,,
matinvent_style_target12_tri_fixed_scaler_gpu,baseline,0008,online_evaluation,gen_29,data/structures/reward_guided/baseline/0008/generated/gen_29.cif,,,False,False,,,,False,False,,,,,,invalid_raw_structure
matinvent_style_target12_tri_fixed_scaler_gpu,baseline,0008,online_evaluation,gen_3,data/structures/reward_guided/baseline/0008/generated/gen_3.cif,True,data/structures/reward_guided/baseline/0008/relaxed/gen_3_relaxed.cif,True,True,27.96903882383714,1.4332092e-14,,False,False,,True,True,True,,
matinvent_style_target12_tri_fixed_scaler_gpu,baseline,0008,online_evaluation,gen_30,data/structures/reward_guided/baseline/0008/generated/gen_30.cif,True,data/structures/reward_guided/baseline/0008/relaxed/gen_30_relaxed.cif,False,False,,,,False,False,,,,,,
matinvent_style_target12_tri_fixed_scaler_gpu,baseline,0008,online_evaluation,gen_31,data/structures/reward_guided/baseline/0008/generated/gen_31.cif,,,False,False,,,,False,False,,,,,,invalid_raw_structure
matinvent_style_target12_tri_fixed_scaler_gpu,baseline,0008,online_evaluation,gen_32,data/structures/reward_guided/baseline/0008/generated/gen_32.cif,True,data/structures/reward_guided/baseline/0008/relaxed/gen_32_relaxed.cif,False,False,,,,False,False,,,,,,
matinvent_style_target12_tri_fixed_scaler_gpu,baseline,0008,online_evaluation,gen_33,data/structures/reward_guided/baseline/0008/generated/gen_33.cif,True,data/structures/reward_guided/baseline/0008/relaxed/gen_33_relaxed.cif,True,True,18.530516462091253,0.004839443,,True,False,,True,True,True,,
matinvent_style_target12_tri_fixed_scaler_gpu,baseline,0008,online_evaluation,gen_34,data/structures/reward_guided/baseline/0008/generated/gen_34.cif,True,data/structures/reward_guided/baseline/0008/relaxed/gen_34_relaxed.cif,False,False,,,,False,False,,,,,,
matinvent_style_target12_tri_fixed_scaler_gpu,baseline,0008,online_evaluation,gen_35,data/structures/reward_guided/baseline/0008/generated/gen_35.cif,True,data/structures/reward_guided/baseline/0008/relaxed/gen_35_relaxed.cif,False,False,,,,False,False,,,,,,
matinvent_style_target12_tri_fixed_scaler_gpu,baseline,0008,online_evaluation,gen_36,data/structures/reward_guided/baseline/0008/generated/gen_36.cif,True,data/structures/reward_guided/baseline/0008/relaxed/gen_36_relaxed.cif,False,False,,,,False,False,,,,,,
matinvent_style_target12_tri_fixed_scaler_gpu,baseline,0008,online_evaluation,gen_37,data/structures/reward_guided/baseline/0008/generated/gen_37.cif,True,data/structures/reward_guided/baseline/0008/relaxed/gen_37_relaxed.cif,False,False,,,,False,False,,,,,,
matinvent_style_target12_tri_fixed_scaler_gpu,baseline,0008,online_evaluation,gen_38,data/structures/reward_guided/baseline/0008/generated/gen_38.cif,True,data/structures/reward_guided/baseline/0008/relaxed/gen_38_relaxed.cif,False,False,,,,False,False,,,,,,
matinvent_style_target12_tri_fixed_scaler_gpu,baseline,0008,online_evaluation,gen_39,data/structures/reward_guided/baseline/0008/generated/gen_39.cif,True,data/structures/reward_guided/baseline/0008/relaxed/gen_39_relaxed.cif,False,False,,,,False,False,,,,,,
matinvent_style_target12_tri_fixed_scaler_gpu,baseline,0008,online_evaluation,gen_4,data/structures/reward_guided/baseline/0008/generated/gen_4.cif,,,False,False,,,,False,False,,,,,,invalid_raw_structure
matinvent_style_target12_tri_fixed_scaler_gpu,baseline,0008,online_evaluation,gen_40,data/structures/reward_guided/baseline/0008/generated/gen_40.cif,True,data/structures/reward_guided/baseline/0008/relaxed/gen_40_relaxed.cif,False,False,,,,False,False,,,,,,
matinvent_style_target12_tri_fixed_scaler_gpu,baseline,0008,online_evaluation,gen_41,data/structures/reward_guided/baseline/0008/generated/gen_41.cif,True,data/structures/reward_guided/baseline/0008/relaxed/gen_41_relaxed.cif,False,False,,,,False,False,,,,,,
matinvent_style_target12_tri_fixed_scaler_gpu,baseline,0008,online_evaluation,gen_42,data/structures/reward_guided/baseline/0008/generated/gen_42.cif,,,False,False,,,,False,False,,,,,,invalid_raw_structure
matinvent_style_target12_tri_fixed_scaler_gpu,baseline,0008,online_evaluation,gen_43,data/structures/reward_guided/baseline/0008/generated/gen_43.cif,True,data/structures/reward_guided/baseline/0008/relaxed/gen_43_relaxed.cif,False,False,,,,False,False,,,,,,
matinvent_style_target12_tri_fixed_scaler_gpu,baseline,0008,online_evaluation,gen_44,data/structures/reward_guided/baseline/0008/generated/gen_44.cif,True,data/structures/reward_guided/baseline/0008/relaxed/gen_44_relaxed.cif,False,False,,,,False,False,,,,,,
matinvent_style_target12_tri_fixed_scaler_gpu,baseline,0008,online_evaluation,gen_45,data/structures/reward_guided/baseline/0008/generated/gen_45.cif,True,data/structures/reward_guided/baseline/0008/relaxed/gen_45_relaxed.cif,False,False,,,,False,False,,,,,,
matinvent_style_target12_tri_fixed_scaler_gpu,baseline,0008,online_evaluation,gen_46,data/structures/reward_guided/baseline/0008/generated/gen_46.cif,True,data/structures/reward_guided/baseline/0008/relaxed/gen_46_relaxed.cif,False,False,,,,False,False,,,,,,
matinvent_style_target12_tri_fixed_scaler_gpu,baseline,0008,online_evaluation,gen_47,data/structures/reward_guided/baseline/0008/generated/gen_47.cif,True,data/structures/reward_guided/baseline/0008/relaxed/gen_47_relaxed.cif,False,False,,,,False,False,,,,,,
matinvent_style_target12_tri_fixed_scaler_gpu,baseline,0008,online_evaluation,gen_48,data/structures/reward_guided/baseline/0008/generated/gen_48.cif,,,False,False,,,,False,False,,,,,,invalid_raw_structure
matinvent_style_target12_tri_fixed_scaler_gpu,baseline,0008,online_evaluation,gen_49,data/structures/reward_guided/baseline/0008/generated/gen_49.cif,True,data/structures/reward_guided/baseline/0008/relaxed/gen_49_relaxed.cif,False,False,,,,False,False,,,,,,
matinvent_style_target12_tri_fixed_scaler_gpu,baseline,0008,online_evaluation,gen_5,data/structures/reward_guided/baseline/0008/generated/gen_5.cif,True,data/structures/reward_guided/baseline/0008/relaxed/gen_5_relaxed.cif,False,False,,,,False,False,,,,,,
matinvent_style_target12_tri_fixed_scaler_gpu,baseline,0008,online_evaluation,gen_50,data/structures/reward_guided/baseline/0008/generated/gen_50.cif,True,data/structures/reward_guided/baseline/0008/relaxed/gen_50_relaxed.cif,False,False,,,,False,False,,,,,,
matinvent_style_target12_tri_fixed_scaler_gpu,baseline,0008,online_evaluation,gen_51,data/structures/reward_guided/baseline/0008/generated/gen_51.cif,True,data/structures/reward_guided/baseline/0008/relaxed/gen_51_relaxed.cif,False,False,,,,False,False,,,,,,
matinvent_style_target12_tri_fixed_scaler_gpu,baseline,0008,online_evaluation,gen_52,data/structures/reward_guided/baseline/0008/generated/gen_52.cif,True,data/structures/reward_guided/baseline/0008/relaxed/gen_52_relaxed.cif,True,True,2.232991594510889,6.6273424e-06,,False,False,,True,True,True,,
matinvent_style_target12_tri_fixed_scaler_gpu,baseline,0008,online_evaluation,gen_53,data/structures/reward_guided/baseline/0008/generated/gen_53.cif,True,data/structures/reward_guided/baseline/0008/relaxed/gen_53_relaxed.cif,False,False,,,,False,False,,,,,,
matinvent_style_target12_tri_fixed_scaler_gpu,baseline,0008,online_evaluation,gen_54,data/structures/reward_guided/baseline/0008/generated/gen_54.cif,True,data/structures/reward_guided/baseline/0008/relaxed/gen_54_relaxed.cif,False,False,,,,False,False,,,,,,
matinvent_style_target12_tri_fixed_scaler_gpu,baseline,0008,online_evaluation,gen_55,data/structures/reward_guided/baseline/0008/generated/gen_55.cif,,,False,False,,,,False,False,,,,,,invalid_raw_structure
matinvent_style_target12_tri_fixed_scaler_gpu,baseline,0008,online_evaluation,gen_56,data/structures/reward_guided/baseline/0008/generated/gen_56.cif,True,data/structures/reward_guided/baseline/0008/relaxed/gen_56_relaxed.cif,False,False,,,,False,False,,,,,,
matinvent_style_target12_tri_fixed_scaler_gpu,baseline,0008,online_evaluation,gen_57,data/structures/reward_guided/baseline/0008/generated/gen_57.cif,True,data/structures/reward_guided/baseline/0008/relaxed/gen_57_relaxed.cif,True,True,7.820584658176532,0.11265344,,True,False,,True,True,True,,
matinvent_style_target12_tri_fixed_scaler_gpu,baseline,0008,online_evaluation,gen_58,data/structures/reward_guided/baseline/0008/generated/gen_58.cif,True,data/structures/reward_guided/baseline/0008/relaxed/gen_58_relaxed.cif,False,False,,,,False,False,,,,,,
matinvent_style_target12_tri_fixed_scaler_gpu,baseline,0008,online_evaluation,gen_59,data/structures/reward_guided/baseline/0008/generated/gen_59.cif,True,data/structures/reward_guided/baseline/0008/relaxed/gen_59_relaxed.cif,False,False,,,,False,False,,,,,,
matinvent_style_target12_tri_fixed_scaler_gpu,baseline,0008,online_evaluation,gen_6,data/structures/reward_guided/baseline/0008/generated/gen_6.cif,True,data/structures/reward_guided/baseline/0008/relaxed/gen_6_relaxed.cif,False,False,,,,False,False,,,,,,
matinvent_style_target12_tri_fixed_scaler_gpu,baseline,0008,online_evaluation,gen_60,data/structures/reward_guided/baseline/0008/generated/gen_60.cif,True,data/structures/reward_guided/baseline/0008/relaxed/gen_60_relaxed.cif,False,False,,,,False,False,,,,,,
matinvent_style_target12_tri_fixed_scaler_gpu,baseline,0008,online_evaluation,gen_61,data/structures/reward_guided/baseline/0008/generated/gen_61.cif,True,data/structures/reward_guided/baseline/0008/relaxed/gen_61_relaxed.cif,True,True,19.63103896444648,0.0006898099,,False,False,,True,True,True,,
matinvent_style_target12_tri_fixed_scaler_gpu,baseline,0008,online_evaluation,gen_62,data/structures/reward_guided/baseline/0008/generated/gen_62.cif,True,data/structures/reward_guided/baseline/0008/relaxed/gen_62_relaxed.cif,False,False,,,,False,False,,,,,,
matinvent_style_target12_tri_fixed_scaler_gpu,baseline,0008,online_evaluation,gen_63,data/structures/reward_guided/baseline/0008/generated/gen_63.cif,True,data/structures/reward_guided/baseline/0008/relaxed/gen_63_relaxed.cif,False,False,,,,False,False,,,,,,
matinvent_style_target12_tri_fixed_scaler_gpu,baseline,0008,online_evaluation,gen_7,data/structures/reward_guided/baseline/0008/generated/gen_7.cif,True,data/structures/reward_guided/baseline/0008/relaxed/gen_7_relaxed.cif,False,False,,,,False,False,,,,,,
matinvent_style_target12_tri_fixed_scaler_gpu,baseline,0008,online_evaluation,gen_8,data/structures/reward_guided/baseline/0008/generated/gen_8.cif,,,False,False,,,,False,False,,,,,,invalid_raw_structure
matinvent_style_target12_tri_fixed_scaler_gpu,baseline,0008,online_evaluation,gen_9,data/structures/reward_guided/baseline/0008/generated/gen_9.cif,,,False,False,,,,False,False,,,,,,invalid_raw_structure
matinvent_style_target12_tri_fixed_scaler_gpu,baseline,0009,online_evaluation,gen_0,data/structures/reward_guided/baseline/0009/generated/gen_0.cif,True,data/structures/reward_guided/baseline/0009/relaxed/gen_0_relaxed.cif,False,False,,,,False,False,,,,,,
matinvent_style_target12_tri_fixed_scaler_gpu,baseline,0009,online_evaluation,gen_1,data/structures/reward_guided/baseline/0009/generated/gen_1.cif,True,data/structures/reward_guided/baseline/0009/relaxed/gen_1_relaxed.cif,False,False,,,,False,False,,,,,,
matinvent_style_target12_tri_fixed_scaler_gpu,baseline,0009,online_evaluation,gen_10,data/structures/reward_guided/baseline/0009/generated/gen_10.cif,True,data/structures/reward_guided/baseline/0009/relaxed/gen_10_relaxed.cif,False,False,,,,False,False,,,,,,
matinvent_style_target12_tri_fixed_scaler_gpu,baseline,0009,online_evaluation,gen_11,data/structures/reward_guided/baseline/0009/generated/gen_11.cif,True,data/structures/reward_guided/baseline/0009/relaxed/gen_11_relaxed.cif,False,False,,,,False,False,,,,,,
matinvent_style_target12_tri_fixed_scaler_gpu,baseline,0009,online_evaluation,gen_12,data/structures/reward_guided/baseline/0009/generated/gen_12.cif,True,data/structures/reward_guided/baseline/0009/relaxed/gen_12_relaxed.cif,True,True,8.511380806657948,0.218426,,True,False,,True,True,True,,
matinvent_style_target12_tri_fixed_scaler_gpu,baseline,0009,online_evaluation,gen_13,data/structures/reward_guided/baseline/0009/generated/gen_13.cif,True,data/structures/reward_guided/baseline/0009/relaxed/gen_13_relaxed.cif,True,True,15.510664381030152,0.21425347,,True,False,,True,True,True,,
matinvent_style_target12_tri_fixed_scaler_gpu,baseline,0009,online_evaluation,gen_14,data/structures/reward_guided/baseline/0009/generated/gen_14.cif,True,data/structures/reward_guided/baseline/0009/relaxed/gen_14_relaxed.cif,False,False,,,,False,False,,,,,,
matinvent_style_target12_tri_fixed_scaler_gpu,baseline,0009,online_evaluation,gen_15,data/structures/reward_guided/baseline/0009/generated/gen_15.cif,True,data/structures/reward_guided/baseline/0009/relaxed/gen_15_relaxed.cif,False,False,,,,False,False,,,,,,
matinvent_style_target12_tri_fixed_scaler_gpu,baseline,0009,online_evaluation,gen_16,data/structures/reward_guided/baseline/0009/generated/gen_16.cif,True,data/structures/reward_guided/baseline/0009/relaxed/gen_16_relaxed.cif,True,True,13.47680714514508,0.7613821,,True,False,,True,True,True,,
matinvent_style_target12_tri_fixed_scaler_gpu,baseline,0009,online_evaluation,gen_17,data/structures/reward_guided/baseline/0009/generated/gen_17.cif,True,data/structures/reward_guided/baseline/0009/relaxed/gen_17_relaxed.cif,True,True,8.385371730181141,0.19530512,,True,False,,True,True,True,,
matinvent_style_target12_tri_fixed_scaler_gpu,baseline,0009,online_evaluation,gen_18,data/structures/reward_guided/baseline/0009/generated/gen_18.cif,True,data/structures/reward_guided/baseline/0009/relaxed/gen_18_relaxed.cif,False,False,,,,False,False,,,,,,
matinvent_style_target12_tri_fixed_scaler_gpu,baseline,0009,online_evaluation,gen_19,data/structures/reward_guided/baseline/0009/generated/gen_19.cif,True,data/structures/reward_guided/baseline/0009/relaxed/gen_19_relaxed.cif,True,True,19.33618454360468,0.0011975823,,False,False,,True,True,True,,
matinvent_style_target12_tri_fixed_scaler_gpu,baseline,0009,online_evaluation,gen_2,data/structures/reward_guided/baseline/0009/generated/gen_2.cif,True,data/structures/reward_guided/baseline/0009/relaxed/gen_2_relaxed.cif,True,True,14.229991813556142,0.53708017,,True,False,,True,True,True,,
matinvent_style_target12_tri_fixed_scaler_gpu,baseline,0009,online_evaluation,gen_20,data/structures/reward_guided/baseline/0009/generated/gen_20.cif,True,data/structures/reward_guided/baseline/0009/relaxed/gen_20_relaxed.cif,False,False,,,,False,False,,,,,,
matinvent_style_target12_tri_fixed_scaler_gpu,baseline,0009,online_evaluation,gen_21,data/structures/reward_guided/baseline/0009/generated/gen_21.cif,True,data/structures/reward_guided/baseline/0009/relaxed/gen_21_relaxed.cif,True,True,16.90014609452274,0.049715973,,False,False,,True,True,True,,
matinvent_style_target12_tri_fixed_scaler_gpu,baseline,0009,online_evaluation,gen_22,data/structures/reward_guided/baseline/0009/generated/gen_22.cif,True,data/structures/reward_guided/baseline/0009/relaxed/gen_22_relaxed.cif,False,False,,,,False,False,,,,,,
matinvent_style_target12_tri_fixed_scaler_gpu,baseline,0009,online_evaluation,gen_23,data/structures/reward_guided/baseline/0009/generated/gen_23.cif,True,data/structures/reward_guided/baseline/0009/relaxed/gen_23_relaxed.cif,False,False,,,,False,False,,,,,,
matinvent_style_target12_tri_fixed_scaler_gpu,baseline,0009,online_evaluation,gen_24,data/structures/reward_guided/baseline/0009/generated/gen_24.cif,True,data/structures/reward_guided/baseline/0009/relaxed/gen_24_relaxed.cif,False,False,,,,False,False,,,,,,
matinvent_style_target12_tri_fixed_scaler_gpu,baseline,0009,online_evaluation,gen_25,data/structures/reward_guided/baseline/0009/generated/gen_25.cif,True,data/structures/reward_guided/baseline/0009/relaxed/gen_25_relaxed.cif,True,True,11.732356145016448,0.9910858,,True,False,,True,True,True,,
matinvent_style_target12_tri_fixed_scaler_gpu,baseline,0009,online_evaluation,gen_26,data/structures/reward_guided/baseline/0009/generated/gen_26.cif,True,data/structures/reward_guided/baseline/0009/relaxed/gen_26_relaxed.cif,True,True,22.479353820580418,1.0924289e-06,,False,False,,True,True,True,,
matinvent_style_target12_tri_fixed_scaler_gpu,baseline,0009,online_evaluation,gen_27,data/structures/reward_guided/baseline/0009/generated/gen_27.cif,True,data/structures/reward_guided/baseline/0009/relaxed/gen_27_relaxed.cif,False,False,,,,False,False,,,,,,
matinvent_style_target12_tri_fixed_scaler_gpu,baseline,0009,online_evaluation,gen_28,data/structures/reward_guided/baseline/0009/generated/gen_28.cif,True,data/structures/reward_guided/baseline/0009/relaxed/gen_28_relaxed.cif,True,True,16.246069378063464,0.10501646,,True,False,,True,True,True,,
matinvent_style_target12_tri_fixed_scaler_gpu,baseline,0009,online_evaluation,gen_29,data/structures/reward_guided/baseline/0009/generated/gen_29.cif,True,data/structures/reward_guided/baseline/0009/relaxed/gen_29_relaxed.cif,False,False,,,,False,False,,,,,,
matinvent_style_target12_tri_fixed_scaler_gpu,baseline,0009,online_evaluation,gen_3,data/structures/reward_guided/baseline/0009/generated/gen_3.cif,True,data/structures/reward_guided/baseline/0009/relaxed/gen_3_relaxed.cif,False,False,,,,False,False,,,,,,
matinvent_style_target12_tri_fixed_scaler_gpu,baseline,0009,online_evaluation,gen_30,data/structures/reward_guided/baseline/0009/generated/gen_30.cif,True,data/structures/reward_guided/baseline/0009/relaxed/gen_30_relaxed.cif,False,False,,,,False,False,,,,,,
matinvent_style_target12_tri_fixed_scaler_gpu,baseline,0009,online_evaluation,gen_31,data/structures/reward_guided/baseline/0009/generated/gen_31.cif,,,False,False,,,,False,False,,,,,,invalid_raw_structure
matinvent_style_target12_tri_fixed_scaler_gpu,baseline,0009,online_evaluation,gen_32,data/structures/reward_guided/baseline/0009/generated/gen_32.cif,True,data/structures/reward_guided/baseline/0009/relaxed/gen_32_relaxed.cif,True,True,17.296801432845257,0.029986344,,False,False,,True,True,True,,
matinvent_style_target12_tri_fixed_scaler_gpu,baseline,0009,online_evaluation,gen_33,data/structures/reward_guided/baseline/0009/generated/gen_33.cif,True,data/structures/reward_guided/baseline/0009/relaxed/gen_33_relaxed.cif,False,False,,,,False,False,,,,,,
matinvent_style_target12_tri_fixed_scaler_gpu,baseline,0009,online_evaluation,gen_34,data/structures/reward_guided/baseline/0009/generated/gen_34.cif,,,False,False,,,,False,False,,,,,,invalid_raw_structure
matinvent_style_target12_tri_fixed_scaler_gpu,baseline,0009,online_evaluation,gen_35,data/structures/reward_guided/baseline/0009/generated/gen_35.cif,True,data/structures/reward_guided/baseline/0009/relaxed/gen_35_relaxed.cif,True,True,21.698818007893504,7.823459e-06,,False,False,,True,True,True,,
matinvent_style_target12_tri_fixed_scaler_gpu,baseline,0009,online_evaluation,gen_36,data/structures/reward_guided/baseline/0009/generated/gen_36.cif,True,data/structures/reward_guided/baseline/0009/relaxed/gen_36_relaxed.cif,True,True,14.91578930348634,0.34551182,,True,False,,True,True,True,,
matinvent_style_target12_tri_fixed_scaler_gpu,baseline,0009,online_evaluation,gen_37,data/structures/reward_guided/baseline/0009/generated/gen_37.cif,True,data/structures/reward_guided/baseline/0009/relaxed/gen_37_relaxed.cif,True,True,4.18962746315383,0.00048797816,,False,False,,True,True,True,,
matinvent_style_target12_tri_fixed_scaler_gpu,baseline,0009,online_evaluation,gen_38,data/structures/reward_guided/baseline/0009/generated/gen_38.cif,True,data/structures/reward_guided/baseline/0009/relaxed/gen_38_relaxed.cif,True,True,3.3260661410012595,8.234103e-05,,False,False,,True,True,True,,
matinvent_style_target12_tri_fixed_scaler_gpu,baseline,0009,online_evaluation,gen_39,data/structures/reward_guided/baseline/0009/generated/gen_39.cif,,,False,False,,,,False,False,,,,,,invalid_raw_structure
matinvent_style_target12_tri_fixed_scaler_gpu,baseline,0009,online_evaluation,gen_4,data/structures/reward_guided/baseline/0009/generated/gen_4.cif,True,data/structures/reward_guided/baseline/0009/relaxed/gen_4_relaxed.cif,False,False,,,,False,False,,,,,,
matinvent_style_target12_tri_fixed_scaler_gpu,baseline,0009,online_evaluation,gen_40,data/structures/reward_guided/baseline/0009/generated/gen_40.cif,True,data/structures/reward_guided/baseline/0009/relaxed/gen_40_relaxed.cif,True,True,4.455208875739122,0.0008124273,,False,False,,True,True,True,,
matinvent_style_target12_tri_fixed_scaler_gpu,baseline,0009,online_evaluation,gen_41,data/structures/reward_guided/baseline/0009/generated/gen_41.cif,True,data/structures/reward_guided/baseline/0009/relaxed/gen_41_relaxed.cif,False,False,,,,False,False,,,,,,
matinvent_style_target12_tri_fixed_scaler_gpu,baseline,0009,online_evaluation,gen_42,data/structures/reward_guided/baseline/0009/generated/gen_42.cif,True,data/structures/reward_guided/baseline/0009/relaxed/gen_42_relaxed.cif,False,False,,,,False,False,,,,,,
matinvent_style_target12_tri_fixed_scaler_gpu,baseline,0009,online_evaluation,gen_43,data/structures/reward_guided/baseline/0009/generated/gen_43.cif,True,data/structures/reward_guided/baseline/0009/relaxed/gen_43_relaxed.cif,False,False,,,,False,False,,,,,,
matinvent_style_target12_tri_fixed_scaler_gpu,baseline,0009,online_evaluation,gen_44,data/structures/reward_guided/baseline/0009/generated/gen_44.cif,True,data/structures/reward_guided/baseline/0009/relaxed/gen_44_relaxed.cif,False,False,,,,False,False,,,,,,
matinvent_style_target12_tri_fixed_scaler_gpu,baseline,0009,online_evaluation,gen_45,data/structures/reward_guided/baseline/0009/generated/gen_45.cif,True,data/structures/reward_guided/baseline/0009/relaxed/gen_45_relaxed.cif,False,False,,,,False,False,,,,,,
matinvent_style_target12_tri_fixed_scaler_gpu,baseline,0009,online_evaluation,gen_46,data/structures/reward_guided/baseline/0009/generated/gen_46.cif,True,data/structures/reward_guided/baseline/0009/relaxed/gen_46_relaxed.cif,False,False,,,,False,False,,,,,,
matinvent_style_target12_tri_fixed_scaler_gpu,baseline,0009,online_evaluation,gen_47,data/structures/reward_guided/baseline/0009/generated/gen_47.cif,True,data/structures/reward_guided/baseline/0009/relaxed/gen_47_relaxed.cif,False,False,,,,False,False,,,,,,
matinvent_style_target12_tri_fixed_scaler_gpu,baseline,0009,online_evaluation,gen_48,data/structures/reward_guided/baseline/0009/generated/gen_48.cif,True,data/structures/reward_guided/baseline/0009/relaxed/gen_48_relaxed.cif,False,False,,,,False,False,,,,,,
matinvent_style_target12_tri_fixed_scaler_gpu,baseline,0009,online_evaluation,gen_49,data/structures/reward_guided/baseline/0009/generated/gen_49.cif,True,data/structures/reward_guided/baseline/0009/relaxed/gen_49_relaxed.cif,False,False,,,,False,False,,,,,,
matinvent_style_target12_tri_fixed_scaler_gpu,baseline,0009,online_evaluation,gen_5,data/structures/reward_guided/baseline/0009/generated/gen_5.cif,True,data/structures/reward_guided/baseline/0009/relaxed/gen_5_relaxed.cif,False,False,,,,False,False,,,,,,
matinvent_style_target12_tri_fixed_scaler_gpu,baseline,0009,online_evaluation,gen_50,data/structures/reward_guided/baseline/0009/generated/gen_50.cif,True,data/structures/reward_guided/baseline/0009/relaxed/gen_50_relaxed.cif,False,False,,,,False,False,,,,,,
matinvent_style_target12_tri_fixed_scaler_gpu,baseline,0009,online_evaluation,gen_51,data/structures/reward_guided/baseline/0009/generated/gen_51.cif,True,data/structures/reward_guided/baseline/0009/relaxed/gen_51_relaxed.cif,False,False,,,,False,False,,,,,,
matinvent_style_target12_tri_fixed_scaler_gpu,baseline,0009,online_evaluation,gen_52,data/structures/reward_guided/baseline/0009/generated/gen_52.cif,True,data/structures/reward_guided/baseline/0009/relaxed/gen_52_relaxed.cif,False,False,,,,False,False,,,,,,
matinvent_style_target12_tri_fixed_scaler_gpu,baseline,0009,online_evaluation,gen_53,data/structures/reward_guided/baseline/0009/generated/gen_53.cif,True,data/structures/reward_guided/baseline/0009/relaxed/gen_53_relaxed.cif,False,False,,,,False,False,,,,,,
matinvent_style_target12_tri_fixed_scaler_gpu,baseline,0009,online_evaluation,gen_54,data/structures/reward_guided/baseline/0009/generated/gen_54.cif,True,data/structures/reward_guided/baseline/0009/relaxed/gen_54_relaxed.cif,False,False,,,,False,False,,,,,,
matinvent_style_target12_tri_fixed_scaler_gpu,baseline,0009,online_evaluation,gen_55,data/structures/reward_guided/baseline/0009/generated/gen_55.cif,True,data/structures/reward_guided/baseline/0009/relaxed/gen_55_relaxed.cif,False,False,,,,False,False,,,,,,
matinvent_style_target12_tri_fixed_scaler_gpu,baseline,0009,online_evaluation,gen_56,data/structures/reward_guided/baseline/0009/generated/gen_56.cif,True,data/structures/reward_guided/baseline/0009/relaxed/gen_56_relaxed.cif,False,False,,,,False,False,,,,,,
matinvent_style_target12_tri_fixed_scaler_gpu,baseline,0009,online_evaluation,gen_57,data/structures/reward_guided/baseline/0009/generated/gen_57.cif,True,data/structures/reward_guided/baseline/0009/relaxed/gen_57_relaxed.cif,False,False,,,,False,False,,,,,,
matinvent_style_target12_tri_fixed_scaler_gpu,baseline,0009,online_evaluation,gen_58,data/structures/reward_guided/baseline/0009/generated/gen_58.cif,True,data/structures/reward_guided/baseline/0009/relaxed/gen_58_relaxed.cif,False,False,,,,False,False,,,,,,
matinvent_style_target12_tri_fixed_scaler_gpu,baseline,0009,online_evaluation,gen_59,data/structures/reward_guided/baseline/0009/generated/gen_59.cif,,,False,False,,,,False,False,,,,,,invalid_raw_structure
matinvent_style_target12_tri_fixed_scaler_gpu,baseline,0009,online_evaluation,gen_6,data/structures/reward_guided/baseline/0009/generated/gen_6.cif,True,data/structures/reward_guided/baseline/0009/relaxed/gen_6_relaxed.cif,False,False,,,,False,False,,,,,,
matinvent_style_target12_tri_fixed_scaler_gpu,baseline,0009,online_evaluation,gen_60,data/structures/reward_guided/baseline/0009/generated/gen_60.cif,True,data/structures/reward_guided/baseline/0009/relaxed/gen_60_relaxed.cif,False,False,,,,False,False,,,,,,
matinvent_style_target12_tri_fixed_scaler_gpu,baseline,0009,online_evaluation,gen_61,data/structures/reward_guided/baseline/0009/generated/gen_61.cif,,,False,False,,,,False,False,,,,,,invalid_raw_structure
matinvent_style_target12_tri_fixed_scaler_gpu,baseline,0009,online_evaluation,gen_62,data/structures/reward_guided/baseline/0009/generated/gen_62.cif,True,data/structures/reward_guided/baseline/0009/relaxed/gen_62_relaxed.cif,False,False,,,,False,False,,,,,,
matinvent_style_target12_tri_fixed_scaler_gpu,baseline,0009,online_evaluation,gen_63,data/structures/reward_guided/baseline/0009/generated/gen_63.cif,True,data/structures/reward_guided/baseline/0009/relaxed/gen_63_relaxed.cif,False,False,,,,False,False,,,,,,
matinvent_style_target12_tri_fixed_scaler_gpu,baseline,0009,online_evaluation,gen_7,data/structures/reward_guided/baseline/0009/generated/gen_7.cif,True,data/structures/reward_guided/baseline/0009/relaxed/gen_7_relaxed.cif,False,False,,,,False,False,,,,,,
matinvent_style_target12_tri_fixed_scaler_gpu,baseline,0009,online_evaluation,gen_8,data/structures/reward_guided/baseline/0009/generated/gen_8.cif,True,data/structures/reward_guided/baseline/0009/relaxed/gen_8_relaxed.cif,False,False,,,,False,False,,,,,,
matinvent_style_target12_tri_fixed_scaler_gpu,baseline,0009,online_evaluation,gen_9,data/structures/reward_guided/baseline/0009/generated/gen_9.cif,True,data/structures/reward_guided/baseline/0009/relaxed/gen_9_relaxed.cif,False,False,,,,False,False,,,,,,
matinvent_style_target12_tri_fixed_scaler_gpu,baseline,0010,online_evaluation,gen_0,data/structures/reward_guided/baseline/0010/generated/gen_0.cif,True,data/structures/reward_guided/baseline/0010/relaxed/gen_0_relaxed.cif,False,False,,,,False,False,,,,,,
matinvent_style_target12_tri_fixed_scaler_gpu,baseline,0010,online_evaluation,gen_1,data/structures/reward_guided/baseline/0010/generated/gen_1.cif,True,data/structures/reward_guided/baseline/0010/relaxed/gen_1_relaxed.cif,False,False,,,,False,False,,,,,,
matinvent_style_target12_tri_fixed_scaler_gpu,baseline,0010,online_evaluation,gen_10,data/structures/reward_guided/baseline/0010/generated/gen_10.cif,True,data/structures/reward_guided/baseline/0010/relaxed/gen_10_relaxed.cif,True,True,12.985715254025031,0.8856315,,True,False,,True,True,True,,
matinvent_style_target12_tri_fixed_scaler_gpu,baseline,0010,online_evaluation,gen_11,data/structures/reward_guided/baseline/0010/generated/gen_11.cif,True,data/structures/reward_guided/baseline/0010/relaxed/gen_11_relaxed.cif,False,False,,,,False,False,,,,,,
matinvent_style_target12_tri_fixed_scaler_gpu,baseline,0010,online_evaluation,gen_12,data/structures/reward_guided/baseline/0010/generated/gen_12.cif,True,data/structures/reward_guided/baseline/0010/relaxed/gen_12_relaxed.cif,True,True,24.73447252273677,1.5721074e-09,,False,False,,True,True,True,,
matinvent_style_target12_tri_fixed_scaler_gpu,baseline,0010,online_evaluation,gen_13,data/structures/reward_guided/baseline/0010/generated/gen_13.cif,True,data/structures/reward_guided/baseline/0010/relaxed/gen_13_relaxed.cif,False,False,,,,False,False,,,,,,
matinvent_style_target12_tri_fixed_scaler_gpu,baseline,0010,online_evaluation,gen_14,data/structures/reward_guided/baseline/0010/generated/gen_14.cif,True,data/structures/reward_guided/baseline/0010/relaxed/gen_14_relaxed.cif,False,False,,,,False,False,,,,,,
matinvent_style_target12_tri_fixed_scaler_gpu,baseline,0010,online_evaluation,gen_15,data/structures/reward_guided/baseline/0010/generated/gen_15.cif,True,data/structures/reward_guided/baseline/0010/relaxed/gen_15_relaxed.cif,False,False,,,,False,False,,,,,,
matinvent_style_target12_tri_fixed_scaler_gpu,baseline,0010,online_evaluation,gen_16,data/structures/reward_guided/baseline/0010/generated/gen_16.cif,True,data/structures/reward_guided/baseline/0010/relaxed/gen_16_relaxed.cif,True,True,2.104576795900465,4.833571e-06,,False,False,,True,True,True,,
matinvent_style_target12_tri_fixed_scaler_gpu,baseline,0010,online_evaluation,gen_17,data/structures/reward_guided/baseline/0010/generated/gen_17.cif,True,data/structures/reward_guided/baseline/0010/relaxed/gen_17_relaxed.cif,True,True,10.29271624943812,0.6946465,,True,False,,True,True,True,,
matinvent_style_target12_tri_fixed_scaler_gpu,baseline,0010,online_evaluation,gen_18,data/structures/reward_guided/baseline/0010/generated/gen_18.cif,True,data/structures/reward_guided/baseline/0010/relaxed/gen_18_relaxed.cif,True,True,17.64029906393529,0.018748872,,False,False,,True,True,True,,
matinvent_style_target12_tri_fixed_scaler_gpu,baseline,0010,online_evaluation,gen_19,data/structures/reward_guided/baseline/0010/generated/gen_19.cif,True,data/structures/reward_guided/baseline/0010/relaxed/gen_19_relaxed.cif,False,False,,,,False,False,,,,,,
matinvent_style_target12_tri_fixed_scaler_gpu,baseline,0010,online_evaluation,gen_2,data/structures/reward_guided/baseline/0010/generated/gen_2.cif,True,data/structures/reward_guided/baseline/0010/relaxed/gen_2_relaxed.cif,False,False,,,,False,False,,,,,,
matinvent_style_target12_tri_fixed_scaler_gpu,baseline,0010,online_evaluation,gen_20,data/structures/reward_guided/baseline/0010/generated/gen_20.cif,,,False,False,,,,False,False,,,,,,invalid_raw_structure
matinvent_style_target12_tri_fixed_scaler_gpu,baseline,0010,online_evaluation,gen_21,data/structures/reward_guided/baseline/0010/generated/gen_21.cif,True,data/structures/reward_guided/baseline/0010/relaxed/gen_21_relaxed.cif,True,True,8.579946168544241,0.23175001,,True,False,,True,True,True,,
matinvent_style_target12_tri_fixed_scaler_gpu,baseline,0010,online_evaluation,gen_22,data/structures/reward_guided/baseline/0010/generated/gen_22.cif,True,data/structures/reward_guided/baseline/0010/relaxed/gen_22_relaxed.cif,False,False,,,,False,False,,,,,,
matinvent_style_target12_tri_fixed_scaler_gpu,baseline,0010,online_evaluation,gen_23,data/structures/reward_guided/baseline/0010/generated/gen_23.cif,True,data/structures/reward_guided/baseline/0010/relaxed/gen_23_relaxed.cif,True,True,9.886659184835812,0.5721946,,True,False,,True,True,True,,
matinvent_style_target12_tri_fixed_scaler_gpu,baseline,0010,online_evaluation,gen_24,data/structures/reward_guided/baseline/0010/generated/gen_24.cif,True,data/structures/reward_guided/baseline/0010/relaxed/gen_24_relaxed.cif,False,False,,,,False,False,,,,,,
matinvent_style_target12_tri_fixed_scaler_gpu,baseline,0010,online_evaluation,gen_25,data/structures/reward_guided/baseline/0010/generated/gen_25.cif,True,data/structures/reward_guided/baseline/0010/relaxed/gen_25_relaxed.cif,False,False,,,,False,False,,,,,,
matinvent_style_target12_tri_fixed_scaler_gpu,baseline,0010,online_evaluation,gen_26,data/structures/reward_guided/baseline/0010/generated/gen_26.cif,True,data/structures/reward_guided/baseline/0010/relaxed/gen_26_relaxed.cif,True,True,6.478589251732823,0.022131639,,False,False,,True,True,True,,
matinvent_style_target12_tri_fixed_scaler_gpu,baseline,0010,online_evaluation,gen_27,data/structures/reward_guided/baseline/0010/generated/gen_27.cif,True,data/structures/reward_guided/baseline/0010/relaxed/gen_27_relaxed.cif,True,True,3.2277941489579547,6.6457396e-05,,False,False,,True,True,True,,
matinvent_style_target12_tri_fixed_scaler_gpu,baseline,0010,online_evaluation,gen_28,data/structures/reward_guided/baseline/0010/generated/gen_28.cif,True,data/structures/reward_guided/baseline/0010/relaxed/gen_28_relaxed.cif,False,False,,,,False,False,,,,,,
matinvent_style_target12_tri_fixed_scaler_gpu,baseline,0010,online_evaluation,gen_29,data/structures/reward_guided/baseline/0010/generated/gen_29.cif,True,data/structures/reward_guided/baseline/0010/relaxed/gen_29_relaxed.cif,False,False,,,,False,False,,,,,,
matinvent_style_target12_tri_fixed_scaler_gpu,baseline,0010,online_evaluation,gen_3,data/structures/reward_guided/baseline/0010/generated/gen_3.cif,True,data/structures/reward_guided/baseline/0010/relaxed/gen_3_relaxed.cif,True,True,13.311783641777774,0.8064632,,True,False,,True,True,True,,
matinvent_style_target12_tri_fixed_scaler_gpu,baseline,0010,online_evaluation,gen_30,data/structures/reward_guided/baseline/0010/generated/gen_30.cif,True,data/structures/reward_guided/baseline/0010/relaxed/gen_30_relaxed.cif,True,True,4.4606056170666895,0.0008207365,,False,False,,True,True,True,,
matinvent_style_target12_tri_fixed_scaler_gpu,baseline,0010,online_evaluation,gen_31,data/structures/reward_guided/baseline/0010/generated/gen_31.cif,True,data/structures/reward_guided/baseline/0010/relaxed/gen_31_relaxed.cif,True,True,12.411802356088591,0.9790254,,True,False,,True,True,True,,
matinvent_style_target12_tri_fixed_scaler_gpu,baseline,0010,online_evaluation,gen_32,data/structures/reward_guided/baseline/0010/generated/gen_32.cif,True,data/structures/reward_guided/baseline/0010/relaxed/gen_32_relaxed.cif,True,True,12.456727208079412,0.97426206,,True,False,,True,True,True,,
matinvent_style_target12_tri_fixed_scaler_gpu,baseline,0010,online_evaluation,gen_33,data/structures/reward_guided/baseline/0010/generated/gen_33.cif,True,data/structures/reward_guided/baseline/0010/relaxed/gen_33_relaxed.cif,False,False,,,,False,False,,,,,,
matinvent_style_target12_tri_fixed_scaler_gpu,baseline,0010,online_evaluation,gen_34,data/structures/reward_guided/baseline/0010/generated/gen_34.cif,,,False,False,,,,False,False,,,,,,invalid_raw_structure
matinvent_style_target12_tri_fixed_scaler_gpu,baseline,0010,online_evaluation,gen_35,data/structures/reward_guided/baseline/0010/generated/gen_35.cif,True,data/structures/reward_guided/baseline/0010/relaxed/gen_35_relaxed.cif,False,False,,,,False,False,,,,,,
matinvent_style_target12_tri_fixed_scaler_gpu,baseline,0010,online_evaluation,gen_36,data/structures/reward_guided/baseline/0010/generated/gen_36.cif,True,data/structures/reward_guided/baseline/0010/relaxed/gen_36_relaxed.cif,True,True,12.37916709316503,0.98218954,,True,False,,True,True,True,,
matinvent_style_target12_tri_fixed_scaler_gpu,baseline,0010,online_evaluation,gen_37,data/structures/reward_guided/baseline/0010/generated/gen_37.cif,True,data/structures/reward_guided/baseline/0010/relaxed/gen_37_relaxed.cif,False,False,,,,False,False,,,,,,
matinvent_style_target12_tri_fixed_scaler_gpu,baseline,0010,online_evaluation,gen_38,data/structures/reward_guided/baseline/0010/generated/gen_38.cif,True,data/structures/reward_guided/baseline/0010/relaxed/gen_38_relaxed.cif,True,True,28.871264155898785,3.5304214e-16,,False,False,,True,True,True,,
matinvent_style_target12_tri_fixed_scaler_gpu,baseline,0010,online_evaluation,gen_39,data/structures/reward_guided/baseline/0010/generated/gen_39.cif,True,data/structures/reward_guided/baseline/0010/relaxed/gen_39_relaxed.cif,False,False,,,,False,False,,,,,,
matinvent_style_target12_tri_fixed_scaler_gpu,baseline,0010,online_evaluation,gen_4,data/structures/reward_guided/baseline/0010/generated/gen_4.cif,True,data/structures/reward_guided/baseline/0010/relaxed/gen_4_relaxed.cif,True,True,2.422273219812705,1.0474087e-05,,False,False,,True,True,True,,
matinvent_style_target12_tri_fixed_scaler_gpu,baseline,0010,online_evaluation,gen_40,data/structures/reward_guided/baseline/0010/generated/gen_40.cif,True,data/structures/reward_guided/baseline/0010/relaxed/gen_40_relaxed.cif,False,False,,,,False,False,,,,,,
matinvent_style_target12_tri_fixed_scaler_gpu,baseline,0010,online_evaluation,gen_41,data/structures/reward_guided/baseline/0010/generated/gen_41.cif,True,data/structures/reward_guided/baseline/0010/relaxed/gen_41_relaxed.cif,False,False,,,,False,False,,,,,,
matinvent_style_target12_tri_fixed_scaler_gpu,baseline,0010,online_evaluation,gen_42,data/structures/reward_guided/baseline/0010/generated/gen_42.cif,True,data/structures/reward_guided/baseline/0010/relaxed/gen_42_relaxed.cif,False,False,,,,False,False,,,,,,
matinvent_style_target12_tri_fixed_scaler_gpu,baseline,0010,online_evaluation,gen_43,data/structures/reward_guided/baseline/0010/generated/gen_43.cif,True,data/structures/reward_guided/baseline/0010/relaxed/gen_43_relaxed.cif,False,False,,,,False,False,,,,,,
matinvent_style_target12_tri_fixed_scaler_gpu,baseline,0010,online_evaluation,gen_44,data/structures/reward_guided/baseline/0010/generated/gen_44.cif,True,data/structures/reward_guided/baseline/0010/relaxed/gen_44_relaxed.cif,False,False,,,,False,False,,,,,,
matinvent_style_target12_tri_fixed_scaler_gpu,baseline,0010,online_evaluation,gen_45,data/structures/reward_guided/baseline/0010/generated/gen_45.cif,,,False,False,,,,False,False,,,,,,invalid_raw_structure
matinvent_style_target12_tri_fixed_scaler_gpu,baseline,0010,online_evaluation,gen_46,data/structures/reward_guided/baseline/0010/generated/gen_46.cif,True,data/structures/reward_guided/baseline/0010/relaxed/gen_46_relaxed.cif,False,False,,,,False,False,,,,,,
matinvent_style_target12_tri_fixed_scaler_gpu,baseline,0010,online_evaluation,gen_47,data/structures/reward_guided/baseline/0010/generated/gen_47.cif,True,data/structures/reward_guided/baseline/0010/relaxed/gen_47_relaxed.cif,False,False,,,,False,False,,,,,,
matinvent_style_target12_tri_fixed_scaler_gpu,baseline,0010,online_evaluation,gen_48,data/structures/reward_guided/baseline/0010/generated/gen_48.cif,,,False,False,,,,False,False,,,,,,invalid_raw_structure
matinvent_style_target12_tri_fixed_scaler_gpu,baseline,0010,online_evaluation,gen_49,data/structures/reward_guided/baseline/0010/generated/gen_49.cif,True,data/structures/reward_guided/baseline/0010/relaxed/gen_49_relaxed.cif,False,False,,,,False,False,,,,,,
matinvent_style_target12_tri_fixed_scaler_gpu,baseline,0010,online_evaluation,gen_5,data/structures/reward_guided/baseline/0010/generated/gen_5.cif,True,data/structures/reward_guided/baseline/0010/relaxed/gen_5_relaxed.cif,False,False,,,,False,False,,,,,,
matinvent_style_target12_tri_fixed_scaler_gpu,baseline,0010,online_evaluation,gen_50,data/structures/reward_guided/baseline/0010/generated/gen_50.cif,,,False,False,,,,False,False,,,,,,invalid_raw_structure
matinvent_style_target12_tri_fixed_scaler_gpu,baseline,0010,online_evaluation,gen_51,data/structures/reward_guided/baseline/0010/generated/gen_51.cif,True,data/structures/reward_guided/baseline/0010/relaxed/gen_51_relaxed.cif,False,False,,,,False,False,,,,,,
matinvent_style_target12_tri_fixed_scaler_gpu,baseline,0010,online_evaluation,gen_52,data/structures/reward_guided/baseline/0010/generated/gen_52.cif,,,False,False,,,,False,False,,,,,,invalid_raw_structure
matinvent_style_target12_tri_fixed_scaler_gpu,baseline,0010,online_evaluation,gen_53,data/structures/reward_guided/baseline/0010/generated/gen_53.cif,True,data/structures/reward_guided/baseline/0010/relaxed/gen_53_relaxed.cif,False,False,,,,False,False,,,,,,
matinvent_style_target12_tri_fixed_scaler_gpu,baseline,0010,online_evaluation,gen_54,data/structures/reward_guided/baseline/0010/generated/gen_54.cif,True,data/structures/reward_guided/baseline/0010/relaxed/gen_54_relaxed.cif,False,False,,,,False,False,,,,,,
matinvent_style_target12_tri_fixed_scaler_gpu,baseline,0010,online_evaluation,gen_55,data/structures/reward_guided/baseline/0010/generated/gen_55.cif,True,data/structures/reward_guided/baseline/0010/relaxed/gen_55_relaxed.cif,False,False,,,,False,False,,,,,,
matinvent_style_target12_tri_fixed_scaler_gpu,baseline,0010,online_evaluation,gen_56,data/structures/reward_guided/baseline/0010/generated/gen_56.cif,,,False,False,,,,False,False,,,,,,invalid_raw_structure
matinvent_style_target12_tri_fixed_scaler_gpu,baseline,0010,online_evaluation,gen_57,data/structures/reward_guided/baseline/0010/generated/gen_57.cif,True,data/structures/reward_guided/baseline/0010/relaxed/gen_57_relaxed.cif,False,False,,,,False,False,,,,,,
matinvent_style_target12_tri_fixed_scaler_gpu,baseline,0010,online_evaluation,gen_58,data/structures/reward_guided/baseline/0010/generated/gen_58.cif,True,data/structures/reward_guided/baseline/0010/relaxed/gen_58_relaxed.cif,False,False,,,,False,False,,,,,,
matinvent_style_target12_tri_fixed_scaler_gpu,baseline,0010,online_evaluation,gen_59,data/structures/reward_guided/baseline/0010/generated/gen_59.cif,True,data/structures/reward_guided/baseline/0010/relaxed/gen_59_relaxed.cif,False,False,,,,False,False,,,,,,
matinvent_style_target12_tri_fixed_scaler_gpu,baseline,0010,online_evaluation,gen_6,data/structures/reward_guided/baseline/0010/generated/gen_6.cif,True,data/structures/reward_guided/baseline/0010/relaxed/gen_6_relaxed.cif,False,False,,,,False,False,,,,,,
matinvent_style_target12_tri_fixed_scaler_gpu,baseline,0010,online_evaluation,gen_60,data/structures/reward_guided/baseline/0010/generated/gen_60.cif,True,data/structures/reward_guided/baseline/0010/relaxed/gen_60_relaxed.cif,False,False,,,,False,False,,,,,,
matinvent_style_target12_tri_fixed_scaler_gpu,baseline,0010,online_evaluation,gen_61,data/structures/reward_guided/baseline/0010/generated/gen_61.cif,,,False,False,,,,False,False,,,,,,invalid_raw_structure
matinvent_style_target12_tri_fixed_scaler_gpu,baseline,0010,online_evaluation,gen_62,data/structures/reward_guided/baseline/0010/generated/gen_62.cif,True,data/structures/reward_guided/baseline/0010/relaxed/gen_62_relaxed.cif,False,False,,,,False,False,,,,,,
matinvent_style_target12_tri_fixed_scaler_gpu,baseline,0010,online_evaluation,gen_63,data/structures/reward_guided/baseline/0010/generated/gen_63.cif,True,data/structures/reward_guided/baseline/0010/relaxed/gen_63_relaxed.cif,False,False,,,,False,False,,,,,,
matinvent_style_target12_tri_fixed_scaler_gpu,baseline,0010,online_evaluation,gen_7,data/structures/reward_guided/baseline/0010/generated/gen_7.cif,True,data/structures/reward_guided/baseline/0010/relaxed/gen_7_relaxed.cif,False,False,,,,False,False,,,,,,
matinvent_style_target12_tri_fixed_scaler_gpu,baseline,0010,online_evaluation,gen_8,data/structures/reward_guided/baseline/0010/generated/gen_8.cif,True,data/structures/reward_guided/baseline/0010/relaxed/gen_8_relaxed.cif,False,False,,,,False,False,,,,,,
matinvent_style_target12_tri_fixed_scaler_gpu,baseline,0010,online_evaluation,gen_9,data/structures/reward_guided/baseline/0010/generated/gen_9.cif,True,data/structures/reward_guided/baseline/0010/relaxed/gen_9_relaxed.cif,False,False,,,,False,False,,,,,,
matinvent_style_target12_tri_fixed_scaler_gpu,baseline,0011,online_evaluation,gen_0,data/structures/reward_guided/baseline/0011/generated/gen_0.cif,True,data/structures/reward_guided/baseline/0011/relaxed/gen_0_relaxed.cif,True,True,18.91407313504634,0.0025401022,,True,False,,True,True,True,,
matinvent_style_target12_tri_fixed_scaler_gpu,baseline,0011,online_evaluation,gen_1,data/structures/reward_guided/baseline/0011/generated/gen_1.cif,True,data/structures/reward_guided/baseline/0011/relaxed/gen_1_relaxed.cif,False,False,,,,False,False,,,,,,
matinvent_style_target12_tri_fixed_scaler_gpu,baseline,0011,online_evaluation,gen_10,data/structures/reward_guided/baseline/0011/generated/gen_10.cif,True,data/structures/reward_guided/baseline/0011/relaxed/gen_10_relaxed.cif,False,False,,,,False,False,,,,,,
matinvent_style_target12_tri_fixed_scaler_gpu,baseline,0011,online_evaluation,gen_11,data/structures/reward_guided/baseline/0011/generated/gen_11.cif,True,data/structures/reward_guided/baseline/0011/relaxed/gen_11_relaxed.cif,False,False,,,,False,False,,,,,,
matinvent_style_target12_tri_fixed_scaler_gpu,baseline,0011,online_evaluation,gen_12,data/structures/reward_guided/baseline/0011/generated/gen_12.cif,True,data/structures/reward_guided/baseline/0011/relaxed/gen_12_relaxed.cif,False,False,,,,False,False,,,,,,
matinvent_style_target12_tri_fixed_scaler_gpu,baseline,0011,online_evaluation,gen_13,data/structures/reward_guided/baseline/0011/generated/gen_13.cif,True,data/structures/reward_guided/baseline/0011/relaxed/gen_13_relaxed.cif,False,False,,,,False,False,,,,,,
matinvent_style_target12_tri_fixed_scaler_gpu,baseline,0011,online_evaluation,gen_14,data/structures/reward_guided/baseline/0011/generated/gen_14.cif,True,data/structures/reward_guided/baseline/0011/relaxed/gen_14_relaxed.cif,False,False,,,,False,False,,,,,,
matinvent_style_target12_tri_fixed_scaler_gpu,baseline,0011,online_evaluation,gen_15,data/structures/reward_guided/baseline/0011/generated/gen_15.cif,True,data/structures/reward_guided/baseline/0011/relaxed/gen_15_relaxed.cif,False,False,,,,False,False,,,,,,
matinvent_style_target12_tri_fixed_scaler_gpu,baseline,0011,online_evaluation,gen_16,data/structures/reward_guided/baseline/0011/generated/gen_16.cif,,,False,False,,,,False,False,,,,,,invalid_raw_structure
matinvent_style_target12_tri_fixed_scaler_gpu,baseline,0011,online_evaluation,gen_17,data/structures/reward_guided/baseline/0011/generated/gen_17.cif,True,data/structures/reward_guided/baseline/0011/relaxed/gen_17_relaxed.cif,False,False,,,,False,False,,,,,,
matinvent_style_target12_tri_fixed_scaler_gpu,baseline,0011,online_evaluation,gen_18,data/structures/reward_guided/baseline/0011/generated/gen_18.cif,True,data/structures/reward_guided/baseline/0011/relaxed/gen_18_relaxed.cif,False,False,,,,False,False,,,,,,
matinvent_style_target12_tri_fixed_scaler_gpu,baseline,0011,online_evaluation,gen_19,data/structures/reward_guided/baseline/0011/generated/gen_19.cif,True,data/structures/reward_guided/baseline/0011/relaxed/gen_19_relaxed.cif,False,False,,,,False,False,,,,,,
matinvent_style_target12_tri_fixed_scaler_gpu,baseline,0011,online_evaluation,gen_2,data/structures/reward_guided/baseline/0011/generated/gen_2.cif,True,data/structures/reward_guided/baseline/0011/relaxed/gen_2_relaxed.cif,False,False,,,,False,False,,,,,,
matinvent_style_target12_tri_fixed_scaler_gpu,baseline,0011,online_evaluation,gen_20,data/structures/reward_guided/baseline/0011/generated/gen_20.cif,True,data/structures/reward_guided/baseline/0011/relaxed/gen_20_relaxed.cif,True,True,12.061146953681936,0.99953276,,True,False,,True,True,True,,
matinvent_style_target12_tri_fixed_scaler_gpu,baseline,0011,online_evaluation,gen_21,data/structures/reward_guided/baseline/0011/generated/gen_21.cif,True,data/structures/reward_guided/baseline/0011/relaxed/gen_21_relaxed.cif,True,True,3.552823569864835,0.00013377535,,False,False,,True,True,True,,
matinvent_style_target12_tri_fixed_scaler_gpu,baseline,0011,online_evaluation,gen_22,data/structures/reward_guided/baseline/0011/generated/gen_22.cif,True,data/structures/reward_guided/baseline/0011/relaxed/gen_22_relaxed.cif,False,False,,,,False,False,,,,,,
matinvent_style_target12_tri_fixed_scaler_gpu,baseline,0011,online_evaluation,gen_23,data/structures/reward_guided/baseline/0011/generated/gen_23.cif,True,data/structures/reward_guided/baseline/0011/relaxed/gen_23_relaxed.cif,False,False,,,,False,False,,,,,,
matinvent_style_target12_tri_fixed_scaler_gpu,baseline,0011,online_evaluation,gen_24,data/structures/reward_guided/baseline/0011/generated/gen_24.cif,True,data/structures/reward_guided/baseline/0011/relaxed/gen_24_relaxed.cif,True,True,23.81666582327813,2.62868e-08,,False,False,,True,True,True,,
matinvent_style_target12_tri_fixed_scaler_gpu,baseline,0011,online_evaluation,gen_25,data/structures/reward_guided/baseline/0011/generated/gen_25.cif,True,data/structures/reward_guided/baseline/0011/relaxed/gen_25_relaxed.cif,False,False,,,,False,False,,,,,,
matinvent_style_target12_tri_fixed_scaler_gpu,baseline,0011,online_evaluation,gen_26,data/structures/reward_guided/baseline/0011/generated/gen_26.cif,True,data/structures/reward_guided/baseline/0011/relaxed/gen_26_relaxed.cif,False,False,,,,False,False,,,,,,
matinvent_style_target12_tri_fixed_scaler_gpu,baseline,0011,online_evaluation,gen_27,data/structures/reward_guided/baseline/0011/generated/gen_27.cif,True,data/structures/reward_guided/baseline/0011/relaxed/gen_27_relaxed.cif,False,False,,,,False,False,,,,,,
matinvent_style_target12_tri_fixed_scaler_gpu,baseline,0011,online_evaluation,gen_28,data/structures/reward_guided/baseline/0011/generated/gen_28.cif,True,data/structures/reward_guided/baseline/0011/relaxed/gen_28_relaxed.cif,False,False,,,,False,False,,,,,,
matinvent_style_target12_tri_fixed_scaler_gpu,baseline,0011,online_evaluation,gen_29,data/structures/reward_guided/baseline/0011/generated/gen_29.cif,True,data/structures/reward_guided/baseline/0011/relaxed/gen_29_relaxed.cif,False,False,,,,False,False,,,,,,
matinvent_style_target12_tri_fixed_scaler_gpu,baseline,0011,online_evaluation,gen_3,data/structures/reward_guided/baseline/0011/generated/gen_3.cif,True,data/structures/reward_guided/baseline/0011/relaxed/gen_3_relaxed.cif,True,True,6.411580290522207,0.02016505,,True,False,,True,True,True,,
matinvent_style_target12_tri_fixed_scaler_gpu,baseline,0011,online_evaluation,gen_30,data/structures/reward_guided/baseline/0011/generated/gen_30.cif,True,data/structures/reward_guided/baseline/0011/relaxed/gen_30_relaxed.cif,False,False,,,,False,False,,,,,,
matinvent_style_target12_tri_fixed_scaler_gpu,baseline,0011,online_evaluation,gen_31,data/structures/reward_guided/baseline/0011/generated/gen_31.cif,True,data/structures/reward_guided/baseline/0011/relaxed/gen_31_relaxed.cif,True,True,3.023118586179187,4.2201704e-05,,False,False,,True,True,True,,
matinvent_style_target12_tri_fixed_scaler_gpu,baseline,0011,online_evaluation,gen_32,data/structures/reward_guided/baseline/0011/generated/gen_32.cif,True,data/structures/reward_guided/baseline/0011/relaxed/gen_32_relaxed.cif,False,False,,,,False,False,,,,,,
matinvent_style_target12_tri_fixed_scaler_gpu,baseline,0011,online_evaluation,gen_33,data/structures/reward_guided/baseline/0011/generated/gen_33.cif,True,data/structures/reward_guided/baseline/0011/relaxed/gen_33_relaxed.cif,False,False,,,,False,False,,,,,,
matinvent_style_target12_tri_fixed_scaler_gpu,baseline,0011,online_evaluation,gen_34,data/structures/reward_guided/baseline/0011/generated/gen_34.cif,True,data/structures/reward_guided/baseline/0011/relaxed/gen_34_relaxed.cif,True,True,7.965274789668634,0.1306967,,True,False,,True,True,True,,
matinvent_style_target12_tri_fixed_scaler_gpu,baseline,0011,online_evaluation,gen_35,data/structures/reward_guided/baseline/0011/generated/gen_35.cif,True,data/structures/reward_guided/baseline/0011/relaxed/gen_35_relaxed.cif,False,False,,,,False,False,,,,,,
matinvent_style_target12_tri_fixed_scaler_gpu,baseline,0011,online_evaluation,gen_36,data/structures/reward_guided/baseline/0011/generated/gen_36.cif,,,False,False,,,,False,False,,,,,,invalid_raw_structure
matinvent_style_target12_tri_fixed_scaler_gpu,baseline,0011,online_evaluation,gen_37,data/structures/reward_guided/baseline/0011/generated/gen_37.cif,True,data/structures/reward_guided/baseline/0011/relaxed/gen_37_relaxed.cif,False,False,,,,False,False,,,,,,
matinvent_style_target12_tri_fixed_scaler_gpu,baseline,0011,online_evaluation,gen_38,data/structures/reward_guided/baseline/0011/generated/gen_38.cif,True,data/structures/reward_guided/baseline/0011/relaxed/gen_38_relaxed.cif,False,False,,,,False,False,,,,,,
matinvent_style_target12_tri_fixed_scaler_gpu,baseline,0011,online_evaluation,gen_39,data/structures/reward_guided/baseline/0011/generated/gen_39.cif,True,data/structures/reward_guided/baseline/0011/relaxed/gen_39_relaxed.cif,False,False,,,,False,False,,,,,,
matinvent_style_target12_tri_fixed_scaler_gpu,baseline,0011,online_evaluation,gen_4,data/structures/reward_guided/baseline/0011/generated/gen_4.cif,True,data/structures/reward_guided/baseline/0011/relaxed/gen_4_relaxed.cif,False,False,,,,False,False,,,,,,
matinvent_style_target12_tri_fixed_scaler_gpu,baseline,0011,online_evaluation,gen_40,data/structures/reward_guided/baseline/0011/generated/gen_40.cif,,,False,False,,,,False,False,,,,,,invalid_raw_structure
matinvent_style_target12_tri_fixed_scaler_gpu,baseline,0011,online_evaluation,gen_41,data/structures/reward_guided/baseline/0011/generated/gen_41.cif,True,data/structures/reward_guided/baseline/0011/relaxed/gen_41_relaxed.cif,False,False,,,,False,False,,,,,,
matinvent_style_target12_tri_fixed_scaler_gpu,baseline,0011,online_evaluation,gen_42,data/structures/reward_guided/baseline/0011/generated/gen_42.cif,True,data/structures/reward_guided/baseline/0011/relaxed/gen_42_relaxed.cif,False,False,,,,False,False,,,,,,
matinvent_style_target12_tri_fixed_scaler_gpu,baseline,0011,online_evaluation,gen_43,data/structures/reward_guided/baseline/0011/generated/gen_43.cif,True,data/structures/reward_guided/baseline/0011/relaxed/gen_43_relaxed.cif,False,False,,,,False,False,,,,,,
matinvent_style_target12_tri_fixed_scaler_gpu,baseline,0011,online_evaluation,gen_44,data/structures/reward_guided/baseline/0011/generated/gen_44.cif,True,data/structures/reward_guided/baseline/0011/relaxed/gen_44_relaxed.cif,False,False,,,,False,False,,,,,,
matinvent_style_target12_tri_fixed_scaler_gpu,baseline,0011,online_evaluation,gen_45,data/structures/reward_guided/baseline/0011/generated/gen_45.cif,True,data/structures/reward_guided/baseline/0011/relaxed/gen_45_relaxed.cif,True,True,4.244781068373155,0.0005432573,,False,False,,True,True,True,,
matinvent_style_target12_tri_fixed_scaler_gpu,baseline,0011,online_evaluation,gen_46,data/structures/reward_guided/baseline/0011/generated/gen_46.cif,True,data/structures/reward_guided/baseline/0011/relaxed/gen_46_relaxed.cif,False,False,,,,False,False,,,,,,
matinvent_style_target12_tri_fixed_scaler_gpu,baseline,0011,online_evaluation,gen_47,data/structures/reward_guided/baseline/0011/generated/gen_47.cif,True,data/structures/reward_guided/baseline/0011/relaxed/gen_47_relaxed.cif,False,False,,,,False,False,,,,,,
matinvent_style_target12_tri_fixed_scaler_gpu,baseline,0011,online_evaluation,gen_48,data/structures/reward_guided/baseline/0011/generated/gen_48.cif,,,False,False,,,,False,False,,,,,,invalid_raw_structure
matinvent_style_target12_tri_fixed_scaler_gpu,baseline,0011,online_evaluation,gen_49,data/structures/reward_guided/baseline/0011/generated/gen_49.cif,True,data/structures/reward_guided/baseline/0011/relaxed/gen_49_relaxed.cif,False,False,,,,False,False,,,,,,
matinvent_style_target12_tri_fixed_scaler_gpu,baseline,0011,online_evaluation,gen_5,data/structures/reward_guided/baseline/0011/generated/gen_5.cif,True,data/structures/reward_guided/baseline/0011/relaxed/gen_5_relaxed.cif,False,False,,,,False,False,,,,,,
matinvent_style_target12_tri_fixed_scaler_gpu,baseline,0011,online_evaluation,gen_50,data/structures/reward_guided/baseline/0011/generated/gen_50.cif,True,data/structures/reward_guided/baseline/0011/relaxed/gen_50_relaxed.cif,True,True,3.441737082441214,0.00010563899,,False,False,,True,True,True,,
matinvent_style_target12_tri_fixed_scaler_gpu,baseline,0011,online_evaluation,gen_51,data/structures/reward_guided/baseline/0011/generated/gen_51.cif,True,data/structures/reward_guided/baseline/0011/relaxed/gen_51_relaxed.cif,True,True,14.007678929932032,0.6042019,,True,False,,True,True,True,,
matinvent_style_target12_tri_fixed_scaler_gpu,baseline,0011,online_evaluation,gen_52,data/structures/reward_guided/baseline/0011/generated/gen_52.cif,,,False,False,,,,False,False,,,,,,invalid_raw_structure
matinvent_style_target12_tri_fixed_scaler_gpu,baseline,0011,online_evaluation,gen_53,data/structures/reward_guided/baseline/0011/generated/gen_53.cif,True,data/structures/reward_guided/baseline/0011/relaxed/gen_53_relaxed.cif,False,False,,,,False,False,,,,,,
matinvent_style_target12_tri_fixed_scaler_gpu,baseline,0011,online_evaluation,gen_54,data/structures/reward_guided/baseline/0011/generated/gen_54.cif,True,data/structures/reward_guided/baseline/0011/relaxed/gen_54_relaxed.cif,False,False,,,,False,False,,,,,,
matinvent_style_target12_tri_fixed_scaler_gpu,baseline,0011,online_evaluation,gen_55,data/structures/reward_guided/baseline/0011/generated/gen_55.cif,True,data/structures/reward_guided/baseline/0011/relaxed/gen_55_relaxed.cif,False,False,,,,False,False,,,,,,
matinvent_style_target12_tri_fixed_scaler_gpu,baseline,0011,online_evaluation,gen_56,data/structures/reward_guided/baseline/0011/generated/gen_56.cif,True,data/structures/reward_guided/baseline/0011/relaxed/gen_56_relaxed.cif,False,False,,,,False,False,,,,,,
matinvent_style_target12_tri_fixed_scaler_gpu,baseline,0011,online_evaluation,gen_57,data/structures/reward_guided/baseline/0011/generated/gen_57.cif,True,data/structures/reward_guided/baseline/0011/relaxed/gen_57_relaxed.cif,True,True,10.429997880159563,0.73483205,,True,False,,True,True,True,,
matinvent_style_target12_tri_fixed_scaler_gpu,baseline,0011,online_evaluation,gen_58,data/structures/reward_guided/baseline/0011/generated/gen_58.cif,True,data/structures/reward_guided/baseline/0011/relaxed/gen_58_relaxed.cif,False,False,,,,False,False,,,,,,
matinvent_style_target12_tri_fixed_scaler_gpu,baseline,0011,online_evaluation,gen_59,data/structures/reward_guided/baseline/0011/generated/gen_59.cif,True,data/structures/reward_guided/baseline/0011/relaxed/gen_59_relaxed.cif,False,False,,,,False,False,,,,,,
matinvent_style_target12_tri_fixed_scaler_gpu,baseline,0011,online_evaluation,gen_6,data/structures/reward_guided/baseline/0011/generated/gen_6.cif,True,data/structures/reward_guided/baseline/0011/relaxed/gen_6_relaxed.cif,True,True,22.51304614518597,9.999932e-07,,False,False,,True,True,True,,
matinvent_style_target12_tri_fixed_scaler_gpu,baseline,0011,online_evaluation,gen_60,data/structures/reward_guided/baseline/0011/generated/gen_60.cif,True,data/structures/reward_guided/baseline/0011/relaxed/gen_60_relaxed.cif,True,True,7.23423172720118,0.05848012,,True,False,,True,True,True,,
matinvent_style_target12_tri_fixed_scaler_gpu,baseline,0011,online_evaluation,gen_61,data/structures/reward_guided/baseline/0011/generated/gen_61.cif,True,data/structures/reward_guided/baseline/0011/relaxed/gen_61_relaxed.cif,True,True,19.3085418495841,0.0012597424,,False,False,,True,True,True,,
matinvent_style_target12_tri_fixed_scaler_gpu,baseline,0011,online_evaluation,gen_62,data/structures/reward_guided/baseline/0011/generated/gen_62.cif,True,data/structures/reward_guided/baseline/0011/relaxed/gen_62_relaxed.cif,True,True,22.206662909205136,2.2111542e-06,,False,False,,True,True,True,,
matinvent_style_target12_tri_fixed_scaler_gpu,baseline,0011,online_evaluation,gen_63,data/structures/reward_guided/baseline/0011/generated/gen_63.cif,True,data/structures/reward_guided/baseline/0011/relaxed/gen_63_relaxed.cif,False,False,,,,False,False,,,,,,
matinvent_style_target12_tri_fixed_scaler_gpu,baseline,0011,online_evaluation,gen_7,data/structures/reward_guided/baseline/0011/generated/gen_7.cif,True,data/structures/reward_guided/baseline/0011/relaxed/gen_7_relaxed.cif,False,False,,,,False,False,,,,,,
matinvent_style_target12_tri_fixed_scaler_gpu,baseline,0011,online_evaluation,gen_8,data/structures/reward_guided/baseline/0011/generated/gen_8.cif,True,data/structures/reward_guided/baseline/0011/relaxed/gen_8_relaxed.cif,True,True,10.798021775828213,0.83477426,,True,False,,True,True,True,,
matinvent_style_target12_tri_fixed_scaler_gpu,baseline,0011,online_evaluation,gen_9,data/structures/reward_guided/baseline/0011/generated/gen_9.cif,,,False,False,,,,False,False,,,,,,invalid_raw_structure
matinvent_style_target12_tri_fixed_scaler_gpu,baseline,0012,online_evaluation,gen_0,data/structures/reward_guided/baseline/0012/generated/gen_0.cif,True,data/structures/reward_guided/baseline/0012/relaxed/gen_0_relaxed.cif,True,True,17.595037336355603,0.019979363,,False,False,,True,True,True,,
matinvent_style_target12_tri_fixed_scaler_gpu,baseline,0012,online_evaluation,gen_1,data/structures/reward_guided/baseline/0012/generated/gen_1.cif,True,data/structures/reward_guided/baseline/0012/relaxed/gen_1_relaxed.cif,False,False,,,,False,False,,,,,,
matinvent_style_target12_tri_fixed_scaler_gpu,baseline,0012,online_evaluation,gen_10,data/structures/reward_guided/baseline/0012/generated/gen_10.cif,True,data/structures/reward_guided/baseline/0012/relaxed/gen_10_relaxed.cif,False,False,,,,False,False,,,,,,
matinvent_style_target12_tri_fixed_scaler_gpu,baseline,0012,online_evaluation,gen_11,data/structures/reward_guided/baseline/0012/generated/gen_11.cif,,,False,False,,,,False,False,,,,,,invalid_raw_structure
matinvent_style_target12_tri_fixed_scaler_gpu,baseline,0012,online_evaluation,gen_12,data/structures/reward_guided/baseline/0012/generated/gen_12.cif,,,False,False,,,,False,False,,,,,,invalid_raw_structure
matinvent_style_target12_tri_fixed_scaler_gpu,baseline,0012,online_evaluation,gen_13,data/structures/reward_guided/baseline/0012/generated/gen_13.cif,True,data/structures/reward_guided/baseline/0012/relaxed/gen_13_relaxed.cif,False,False,,,,False,False,,,,,,
matinvent_style_target12_tri_fixed_scaler_gpu,baseline,0012,online_evaluation,gen_14,data/structures/reward_guided/baseline/0012/generated/gen_14.cif,True,data/structures/reward_guided/baseline/0012/relaxed/gen_14_relaxed.cif,False,False,,,,False,False,,,,,,
matinvent_style_target12_tri_fixed_scaler_gpu,baseline,0012,online_evaluation,gen_15,data/structures/reward_guided/baseline/0012/generated/gen_15.cif,True,data/structures/reward_guided/baseline/0012/relaxed/gen_15_relaxed.cif,False,False,,,,False,False,,,,,,
matinvent_style_target12_tri_fixed_scaler_gpu,baseline,0012,online_evaluation,gen_16,data/structures/reward_guided/baseline/0012/generated/gen_16.cif,,,False,False,,,,False,False,,,,,,invalid_raw_structure
matinvent_style_target12_tri_fixed_scaler_gpu,baseline,0012,online_evaluation,gen_17,data/structures/reward_guided/baseline/0012/generated/gen_17.cif,True,data/structures/reward_guided/baseline/0012/relaxed/gen_17_relaxed.cif,False,False,,,,False,False,,,,,,
matinvent_style_target12_tri_fixed_scaler_gpu,baseline,0012,online_evaluation,gen_18,data/structures/reward_guided/baseline/0012/generated/gen_18.cif,True,data/structures/reward_guided/baseline/0012/relaxed/gen_18_relaxed.cif,False,False,,,,False,False,,,,,,
matinvent_style_target12_tri_fixed_scaler_gpu,baseline,0012,online_evaluation,gen_19,data/structures/reward_guided/baseline/0012/generated/gen_19.cif,True,data/structures/reward_guided/baseline/0012/relaxed/gen_19_relaxed.cif,False,False,,,,False,False,,,,,,
matinvent_style_target12_tri_fixed_scaler_gpu,baseline,0012,online_evaluation,gen_2,data/structures/reward_guided/baseline/0012/generated/gen_2.cif,True,data/structures/reward_guided/baseline/0012/relaxed/gen_2_relaxed.cif,False,False,,,,False,False,,,,,,
matinvent_style_target12_tri_fixed_scaler_gpu,baseline,0012,online_evaluation,gen_20,data/structures/reward_guided/baseline/0012/generated/gen_20.cif,True,data/structures/reward_guided/baseline/0012/relaxed/gen_20_relaxed.cif,False,False,,,,False,False,,,,,,
matinvent_style_target12_tri_fixed_scaler_gpu,baseline,0012,online_evaluation,gen_21,data/structures/reward_guided/baseline/0012/generated/gen_21.cif,True,data/structures/reward_guided/baseline/0012/relaxed/gen_21_relaxed.cif,True,True,14.986457369176852,0.32795924,,True,False,,True,True,True,,
matinvent_style_target12_tri_fixed_scaler_gpu,baseline,0012,online_evaluation,gen_22,data/structures/reward_guided/baseline/0012/generated/gen_22.cif,True,data/structures/reward_guided/baseline/0012/relaxed/gen_22_relaxed.cif,False,False,,,,False,False,,,,,,
matinvent_style_target12_tri_fixed_scaler_gpu,baseline,0012,online_evaluation,gen_23,data/structures/reward_guided/baseline/0012/generated/gen_23.cif,,,False,False,,,,False,False,,,,,,invalid_raw_structure
matinvent_style_target12_tri_fixed_scaler_gpu,baseline,0012,online_evaluation,gen_24,data/structures/reward_guided/baseline/0012/generated/gen_24.cif,True,data/structures/reward_guided/baseline/0012/relaxed/gen_24_relaxed.cif,False,False,,,,False,False,,,,,,
matinvent_style_target12_tri_fixed_scaler_gpu,baseline,0012,online_evaluation,gen_25,data/structures/reward_guided/baseline/0012/generated/gen_25.cif,True,data/structures/reward_guided/baseline/0012/relaxed/gen_25_relaxed.cif,False,False,,,,False,False,,,,,,
matinvent_style_target12_tri_fixed_scaler_gpu,baseline,0012,online_evaluation,gen_26,data/structures/reward_guided/baseline/0012/generated/gen_26.cif,,,False,False,,,,False,False,,,,,,invalid_raw_structure
matinvent_style_target12_tri_fixed_scaler_gpu,baseline,0012,online_evaluation,gen_27,data/structures/reward_guided/baseline/0012/generated/gen_27.cif,True,data/structures/reward_guided/baseline/0012/relaxed/gen_27_relaxed.cif,False,False,,,,False,False,,,,,,
matinvent_style_target12_tri_fixed_scaler_gpu,baseline,0012,online_evaluation,gen_28,data/structures/reward_guided/baseline/0012/generated/gen_28.cif,True,data/structures/reward_guided/baseline/0012/relaxed/gen_28_relaxed.cif,False,False,,,,False,False,,,,,,
matinvent_style_target12_tri_fixed_scaler_gpu,baseline,0012,online_evaluation,gen_29,data/structures/reward_guided/baseline/0012/generated/gen_29.cif,True,data/structures/reward_guided/baseline/0012/relaxed/gen_29_relaxed.cif,False,False,,,,False,False,,,,,,
matinvent_style_target12_tri_fixed_scaler_gpu,baseline,0012,online_evaluation,gen_3,data/structures/reward_guided/baseline/0012/generated/gen_3.cif,True,data/structures/reward_guided/baseline/0012/relaxed/gen_3_relaxed.cif,True,True,4.99067311775973,0.0021520532,,False,False,,True,True,True,,
matinvent_style_target12_tri_fixed_scaler_gpu,baseline,0012,online_evaluation,gen_30,data/structures/reward_guided/baseline/0012/generated/gen_30.cif,True,data/structures/reward_guided/baseline/0012/relaxed/gen_30_relaxed.cif,False,False,,,,False,False,,,,,,
matinvent_style_target12_tri_fixed_scaler_gpu,baseline,0012,online_evaluation,gen_31,data/structures/reward_guided/baseline/0012/generated/gen_31.cif,,,False,False,,,,False,False,,,,,,invalid_raw_structure
matinvent_style_target12_tri_fixed_scaler_gpu,baseline,0012,online_evaluation,gen_32,data/structures/reward_guided/baseline/0012/generated/gen_32.cif,,,False,False,,,,False,False,,,,,,invalid_raw_structure
matinvent_style_target12_tri_fixed_scaler_gpu,baseline,0012,online_evaluation,gen_33,data/structures/reward_guided/baseline/0012/generated/gen_33.cif,True,data/structures/reward_guided/baseline/0012/relaxed/gen_33_relaxed.cif,True,True,10.109131988621412,0.6395933,,True,False,,True,True,True,,
matinvent_style_target12_tri_fixed_scaler_gpu,baseline,0012,online_evaluation,gen_34,data/structures/reward_guided/baseline/0012/generated/gen_34.cif,True,data/structures/reward_guided/baseline/0012/relaxed/gen_34_relaxed.cif,False,False,,,,False,False,,,,,,
matinvent_style_target12_tri_fixed_scaler_gpu,baseline,0012,online_evaluation,gen_35,data/structures/reward_guided/baseline/0012/generated/gen_35.cif,True,data/structures/reward_guided/baseline/0012/relaxed/gen_35_relaxed.cif,False,False,,,,False,False,,,,,,
matinvent_style_target12_tri_fixed_scaler_gpu,baseline,0012,online_evaluation,gen_36,data/structures/reward_guided/baseline/0012/generated/gen_36.cif,,,False,False,,,,False,False,,,,,,invalid_raw_structure
matinvent_style_target12_tri_fixed_scaler_gpu,baseline,0012,online_evaluation,gen_37,data/structures/reward_guided/baseline/0012/generated/gen_37.cif,True,data/structures/reward_guided/baseline/0012/relaxed/gen_37_relaxed.cif,False,False,,,,False,False,,,,,,
matinvent_style_target12_tri_fixed_scaler_gpu,baseline,0012,online_evaluation,gen_38,data/structures/reward_guided/baseline/0012/generated/gen_38.cif,,,False,False,,,,False,False,,,,,,invalid_raw_structure
matinvent_style_target12_tri_fixed_scaler_gpu,baseline,0012,online_evaluation,gen_39,data/structures/reward_guided/baseline/0012/generated/gen_39.cif,True,data/structures/reward_guided/baseline/0012/relaxed/gen_39_relaxed.cif,False,False,,,,False,False,,,,,,
matinvent_style_target12_tri_fixed_scaler_gpu,baseline,0012,online_evaluation,gen_4,data/structures/reward_guided/baseline/0012/generated/gen_4.cif,True,data/structures/reward_guided/baseline/0012/relaxed/gen_4_relaxed.cif,True,True,13.339738881076087,0.7990254,,True,False,,True,True,True,,
matinvent_style_target12_tri_fixed_scaler_gpu,baseline,0012,online_evaluation,gen_40,data/structures/reward_guided/baseline/0012/generated/gen_40.cif,True,data/structures/reward_guided/baseline/0012/relaxed/gen_40_relaxed.cif,True,True,31.02387100356009,2.2552107e-20,,False,False,,True,True,True,,
matinvent_style_target12_tri_fixed_scaler_gpu,baseline,0012,online_evaluation,gen_41,data/structures/reward_guided/baseline/0012/generated/gen_41.cif,True,data/structures/reward_guided/baseline/0012/relaxed/gen_41_relaxed.cif,True,True,12.182628261887604,0.99583954,,True,False,,True,True,True,,
matinvent_style_target12_tri_fixed_scaler_gpu,baseline,0012,online_evaluation,gen_42,data/structures/reward_guided/baseline/0012/generated/gen_42.cif,True,data/structures/reward_guided/baseline/0012/relaxed/gen_42_relaxed.cif,False,False,,,,False,False,,,,,,
matinvent_style_target12_tri_fixed_scaler_gpu,baseline,0012,online_evaluation,gen_43,data/structures/reward_guided/baseline/0012/generated/gen_43.cif,True,data/structures/reward_guided/baseline/0012/relaxed/gen_43_relaxed.cif,False,False,,,,False,False,,,,,,
matinvent_style_target12_tri_fixed_scaler_gpu,baseline,0012,online_evaluation,gen_44,data/structures/reward_guided/baseline/0012/generated/gen_44.cif,True,data/structures/reward_guided/baseline/0012/relaxed/gen_44_relaxed.cif,True,True,21.09663563016452,3.219828e-05,,False,False,,True,True,True,,
matinvent_style_target12_tri_fixed_scaler_gpu,baseline,0012,online_evaluation,gen_45,data/structures/reward_guided/baseline/0012/generated/gen_45.cif,True,data/structures/reward_guided/baseline/0012/relaxed/gen_45_relaxed.cif,False,False,,,,False,False,,,,,,
matinvent_style_target12_tri_fixed_scaler_gpu,baseline,0012,online_evaluation,gen_46,data/structures/reward_guided/baseline/0012/generated/gen_46.cif,True,data/structures/reward_guided/baseline/0012/relaxed/gen_46_relaxed.cif,False,False,,,,False,False,,,,,,
matinvent_style_target12_tri_fixed_scaler_gpu,baseline,0012,online_evaluation,gen_47,data/structures/reward_guided/baseline/0012/generated/gen_47.cif,,,False,False,,,,False,False,,,,,,invalid_raw_structure
matinvent_style_target12_tri_fixed_scaler_gpu,baseline,0012,online_evaluation,gen_48,data/structures/reward_guided/baseline/0012/generated/gen_48.cif,,,False,False,,,,False,False,,,,,,invalid_raw_structure
matinvent_style_target12_tri_fixed_scaler_gpu,baseline,0012,online_evaluation,gen_49,data/structures/reward_guided/baseline/0012/generated/gen_49.cif,True,data/structures/reward_guided/baseline/0012/relaxed/gen_49_relaxed.cif,True,True,13.85771710829039,0.6496061,,True,False,,True,True,True,,
matinvent_style_target12_tri_fixed_scaler_gpu,baseline,0012,online_evaluation,gen_5,data/structures/reward_guided/baseline/0012/generated/gen_5.cif,True,data/structures/reward_guided/baseline/0012/relaxed/gen_5_relaxed.cif,False,False,,,,False,False,,,,,,
matinvent_style_target12_tri_fixed_scaler_gpu,baseline,0012,online_evaluation,gen_50,data/structures/reward_guided/baseline/0012/generated/gen_50.cif,True,data/structures/reward_guided/baseline/0012/relaxed/gen_50_relaxed.cif,False,False,,,,False,False,,,,,,
matinvent_style_target12_tri_fixed_scaler_gpu,baseline,0012,online_evaluation,gen_51,data/structures/reward_guided/baseline/0012/generated/gen_51.cif,True,data/structures/reward_guided/baseline/0012/relaxed/gen_51_relaxed.cif,False,False,,,,False,False,,,,,,
matinvent_style_target12_tri_fixed_scaler_gpu,baseline,0012,online_evaluation,gen_52,data/structures/reward_guided/baseline/0012/generated/gen_52.cif,True,data/structures/reward_guided/baseline/0012/relaxed/gen_52_relaxed.cif,False,False,,,,False,False,,,,,,
matinvent_style_target12_tri_fixed_scaler_gpu,baseline,0012,online_evaluation,gen_53,data/structures/reward_guided/baseline/0012/generated/gen_53.cif,True,data/structures/reward_guided/baseline/0012/relaxed/gen_53_relaxed.cif,False,False,,,,False,False,,,,,,
matinvent_style_target12_tri_fixed_scaler_gpu,baseline,0012,online_evaluation,gen_54,data/structures/reward_guided/baseline/0012/generated/gen_54.cif,True,data/structures/reward_guided/baseline/0012/relaxed/gen_54_relaxed.cif,False,False,,,,False,False,,,,,,
matinvent_style_target12_tri_fixed_scaler_gpu,baseline,0012,online_evaluation,gen_55,data/structures/reward_guided/baseline/0012/generated/gen_55.cif,True,data/structures/reward_guided/baseline/0012/relaxed/gen_55_relaxed.cif,True,True,8.294681906603783,0.17975278,,False,False,,True,True,True,,
matinvent_style_target12_tri_fixed_scaler_gpu,baseline,0012,online_evaluation,gen_56,data/structures/reward_guided/baseline/0012/generated/gen_56.cif,True,data/structures/reward_guided/baseline/0012/relaxed/gen_56_relaxed.cif,False,False,,,,False,False,,,,,,
matinvent_style_target12_tri_fixed_scaler_gpu,baseline,0012,online_evaluation,gen_57,data/structures/reward_guided/baseline/0012/generated/gen_57.cif,True,data/structures/reward_guided/baseline/0012/relaxed/gen_57_relaxed.cif,False,False,,,,False,False,,,,,,
matinvent_style_target12_tri_fixed_scaler_gpu,baseline,0012,online_evaluation,gen_58,data/structures/reward_guided/baseline/0012/generated/gen_58.cif,True,data/structures/reward_guided/baseline/0012/relaxed/gen_58_relaxed.cif,True,True,15.404592383296936,0.23482701,,True,False,,True,True,True,,
matinvent_style_target12_tri_fixed_scaler_gpu,baseline,0012,online_evaluation,gen_59,data/structures/reward_guided/baseline/0012/generated/gen_59.cif,,,False,False,,,,False,False,,,,,,invalid_raw_structure
matinvent_style_target12_tri_fixed_scaler_gpu,baseline,0012,online_evaluation,gen_6,data/structures/reward_guided/baseline/0012/generated/gen_6.cif,True,data/structures/reward_guided/baseline/0012/relaxed/gen_6_relaxed.cif,False,False,,,,False,False,,,,,,
matinvent_style_target12_tri_fixed_scaler_gpu,baseline,0012,online_evaluation,gen_60,data/structures/reward_guided/baseline/0012/generated/gen_60.cif,True,data/structures/reward_guided/baseline/0012/relaxed/gen_60_relaxed.cif,True,True,8.959326481795246,0.3148333,,True,False,,True,True,True,,
matinvent_style_target12_tri_fixed_scaler_gpu,baseline,0012,online_evaluation,gen_61,data/structures/reward_guided/baseline/0012/generated/gen_61.cif,True,data/structures/reward_guided/baseline/0012/relaxed/gen_61_relaxed.cif,True,True,12.696116862905583,0.9412257,,True,False,,True,True,True,,
matinvent_style_target12_tri_fixed_scaler_gpu,baseline,0012,online_evaluation,gen_62,data/structures/reward_guided/baseline/0012/generated/gen_62.cif,True,data/structures/reward_guided/baseline/0012/relaxed/gen_62_relaxed.cif,False,False,,,,False,False,,,,,,
matinvent_style_target12_tri_fixed_scaler_gpu,baseline,0012,online_evaluation,gen_63,data/structures/reward_guided/baseline/0012/generated/gen_63.cif,True,data/structures/reward_guided/baseline/0012/relaxed/gen_63_relaxed.cif,False,False,,,,False,False,,,,,,
matinvent_style_target12_tri_fixed_scaler_gpu,baseline,0012,online_evaluation,gen_7,data/structures/reward_guided/baseline/0012/generated/gen_7.cif,True,data/structures/reward_guided/baseline/0012/relaxed/gen_7_relaxed.cif,False,False,,,,False,False,,,,,,
matinvent_style_target12_tri_fixed_scaler_gpu,baseline,0012,online_evaluation,gen_8,data/structures/reward_guided/baseline/0012/generated/gen_8.cif,True,data/structures/reward_guided/baseline/0012/relaxed/gen_8_relaxed.cif,False,False,,,,False,False,,,,,,
matinvent_style_target12_tri_fixed_scaler_gpu,baseline,0012,online_evaluation,gen_9,data/structures/reward_guided/baseline/0012/generated/gen_9.cif,True,data/structures/reward_guided/baseline/0012/relaxed/gen_9_relaxed.cif,False,False,,,,False,False,,,,,,
matinvent_style_target12_tri_fixed_scaler_gpu,baseline,0013,online_evaluation,gen_0,data/structures/reward_guided/baseline/0013/generated/gen_0.cif,True,data/structures/reward_guided/baseline/0013/relaxed/gen_0_relaxed.cif,False,False,,,,False,False,,,,,,
matinvent_style_target12_tri_fixed_scaler_gpu,baseline,0013,online_evaluation,gen_1,data/structures/reward_guided/baseline/0013/generated/gen_1.cif,True,data/structures/reward_guided/baseline/0013/relaxed/gen_1_relaxed.cif,True,True,14.209807346630916,0.5431303,,True,False,,True,True,True,,
matinvent_style_target12_tri_fixed_scaler_gpu,baseline,0013,online_evaluation,gen_10,data/structures/reward_guided/baseline/0013/generated/gen_10.cif,True,data/structures/reward_guided/baseline/0013/relaxed/gen_10_relaxed.cif,False,False,,,,False,False,,,,,,
matinvent_style_target12_tri_fixed_scaler_gpu,baseline,0013,online_evaluation,gen_11,data/structures/reward_guided/baseline/0013/generated/gen_11.cif,True,data/structures/reward_guided/baseline/0013/relaxed/gen_11_relaxed.cif,False,False,,,,False,False,,,,,,
matinvent_style_target12_tri_fixed_scaler_gpu,baseline,0013,online_evaluation,gen_12,data/structures/reward_guided/baseline/0013/generated/gen_12.cif,True,data/structures/reward_guided/baseline/0013/relaxed/gen_12_relaxed.cif,False,False,,,,False,False,,,,,,
matinvent_style_target12_tri_fixed_scaler_gpu,baseline,0013,online_evaluation,gen_13,data/structures/reward_guided/baseline/0013/generated/gen_13.cif,True,data/structures/reward_guided/baseline/0013/relaxed/gen_13_relaxed.cif,False,False,,,,False,False,,,,,,
matinvent_style_target12_tri_fixed_scaler_gpu,baseline,0013,online_evaluation,gen_14,data/structures/reward_guided/baseline/0013/generated/gen_14.cif,True,data/structures/reward_guided/baseline/0013/relaxed/gen_14_relaxed.cif,False,False,,,,False,False,,,,,,
matinvent_style_target12_tri_fixed_scaler_gpu,baseline,0013,online_evaluation,gen_15,data/structures/reward_guided/baseline/0013/generated/gen_15.cif,True,data/structures/reward_guided/baseline/0013/relaxed/gen_15_relaxed.cif,False,False,,,,False,False,,,,,,
matinvent_style_target12_tri_fixed_scaler_gpu,baseline,0013,online_evaluation,gen_16,data/structures/reward_guided/baseline/0013/generated/gen_16.cif,True,data/structures/reward_guided/baseline/0013/relaxed/gen_16_relaxed.cif,False,False,,,,False,False,,,,,,
matinvent_style_target12_tri_fixed_scaler_gpu,baseline,0013,online_evaluation,gen_17,data/structures/reward_guided/baseline/0013/generated/gen_17.cif,True,data/structures/reward_guided/baseline/0013/relaxed/gen_17_relaxed.cif,False,False,,,,False,False,,,,,,
matinvent_style_target12_tri_fixed_scaler_gpu,baseline,0013,online_evaluation,gen_18,data/structures/reward_guided/baseline/0013/generated/gen_18.cif,True,data/structures/reward_guided/baseline/0013/relaxed/gen_18_relaxed.cif,True,True,10.07103080040954,0.6280627,,True,False,,True,True,True,,
matinvent_style_target12_tri_fixed_scaler_gpu,baseline,0013,online_evaluation,gen_19,data/structures/reward_guided/baseline/0013/generated/gen_19.cif,True,data/structures/reward_guided/baseline/0013/relaxed/gen_19_relaxed.cif,True,True,9.67210572161522,0.5079428,,True,False,,True,True,True,,
matinvent_style_target12_tri_fixed_scaler_gpu,baseline,0013,online_evaluation,gen_2,data/structures/reward_guided/baseline/0013/generated/gen_2.cif,True,data/structures/reward_guided/baseline/0013/relaxed/gen_2_relaxed.cif,False,False,,,,False,False,,,,,,
matinvent_style_target12_tri_fixed_scaler_gpu,baseline,0013,online_evaluation,gen_20,data/structures/reward_guided/baseline/0013/generated/gen_20.cif,True,data/structures/reward_guided/baseline/0013/relaxed/gen_20_relaxed.cif,True,True,16.874359849075642,0.05130726,,True,False,,True,True,True,,
matinvent_style_target12_tri_fixed_scaler_gpu,baseline,0013,online_evaluation,gen_21,data/structures/reward_guided/baseline/0013/generated/gen_21.cif,True,data/structures/reward_guided/baseline/0013/relaxed/gen_21_relaxed.cif,False,False,,,,False,False,,,,,,
matinvent_style_target12_tri_fixed_scaler_gpu,baseline,0013,online_evaluation,gen_22,data/structures/reward_guided/baseline/0013/generated/gen_22.cif,,,False,False,,,,False,False,,,,,,invalid_raw_structure
matinvent_style_target12_tri_fixed_scaler_gpu,baseline,0013,online_evaluation,gen_23,data/structures/reward_guided/baseline/0013/generated/gen_23.cif,True,data/structures/reward_guided/baseline/0013/relaxed/gen_23_relaxed.cif,False,False,,,,False,False,,,,,,
matinvent_style_target12_tri_fixed_scaler_gpu,baseline,0013,online_evaluation,gen_24,data/structures/reward_guided/baseline/0013/generated/gen_24.cif,True,data/structures/reward_guided/baseline/0013/relaxed/gen_24_relaxed.cif,False,False,,,,False,False,,,,,,
matinvent_style_target12_tri_fixed_scaler_gpu,baseline,0013,online_evaluation,gen_25,data/structures/reward_guided/baseline/0013/generated/gen_25.cif,True,data/structures/reward_guided/baseline/0013/relaxed/gen_25_relaxed.cif,True,True,30.045578088574047,2.0983905e-18,,False,False,,True,True,True,,
matinvent_style_target12_tri_fixed_scaler_gpu,baseline,0013,online_evaluation,gen_26,data/structures/reward_guided/baseline/0013/generated/gen_26.cif,True,data/structures/reward_guided/baseline/0013/relaxed/gen_26_relaxed.cif,False,False,,,,False,False,,,,,,
matinvent_style_target12_tri_fixed_scaler_gpu,baseline,0013,online_evaluation,gen_27,data/structures/reward_guided/baseline/0013/generated/gen_27.cif,True,data/structures/reward_guided/baseline/0013/relaxed/gen_27_relaxed.cif,False,False,,,,False,False,,,,,,
matinvent_style_target12_tri_fixed_scaler_gpu,baseline,0013,online_evaluation,gen_28,data/structures/reward_guided/baseline/0013/generated/gen_28.cif,True,data/structures/reward_guided/baseline/0013/relaxed/gen_28_relaxed.cif,False,False,,,,False,False,,,,,,
matinvent_style_target12_tri_fixed_scaler_gpu,baseline,0013,online_evaluation,gen_29,data/structures/reward_guided/baseline/0013/generated/gen_29.cif,,,False,False,,,,False,False,,,,,,invalid_raw_structure
matinvent_style_target12_tri_fixed_scaler_gpu,baseline,0013,online_evaluation,gen_3,data/structures/reward_guided/baseline/0013/generated/gen_3.cif,True,data/structures/reward_guided/baseline/0013/relaxed/gen_3_relaxed.cif,False,False,,,,False,False,,,,,,
matinvent_style_target12_tri_fixed_scaler_gpu,baseline,0013,online_evaluation,gen_30,data/structures/reward_guided/baseline/0013/generated/gen_30.cif,True,data/structures/reward_guided/baseline/0013/relaxed/gen_30_relaxed.cif,True,True,17.258048961685557,0.031559367,,False,False,,True,True,True,,
matinvent_style_target12_tri_fixed_scaler_gpu,baseline,0013,online_evaluation,gen_31,data/structures/reward_guided/baseline/0013/generated/gen_31.cif,,,False,False,,,,False,False,,,,,,invalid_raw_structure
matinvent_style_target12_tri_fixed_scaler_gpu,baseline,0013,online_evaluation,gen_32,data/structures/reward_guided/baseline/0013/generated/gen_32.cif,True,data/structures/reward_guided/baseline/0013/relaxed/gen_32_relaxed.cif,False,False,,,,False,False,,,,,,
matinvent_style_target12_tri_fixed_scaler_gpu,baseline,0013,online_evaluation,gen_33,data/structures/reward_guided/baseline/0013/generated/gen_33.cif,True,data/structures/reward_guided/baseline/0013/relaxed/gen_33_relaxed.cif,False,False,,,,False,False,,,,,,
matinvent_style_target12_tri_fixed_scaler_gpu,baseline,0013,online_evaluation,gen_34,data/structures/reward_guided/baseline/0013/generated/gen_34.cif,True,data/structures/reward_guided/baseline/0013/relaxed/gen_34_relaxed.cif,True,True,14.29869494270296,0.5165931,,True,False,,True,True,True,,
matinvent_style_target12_tri_fixed_scaler_gpu,baseline,0013,online_evaluation,gen_35,data/structures/reward_guided/baseline/0013/generated/gen_35.cif,True,data/structures/reward_guided/baseline/0013/relaxed/gen_35_relaxed.cif,True,True,14.19175862193964,0.5485506,,True,False,,True,True,True,,
matinvent_style_target12_tri_fixed_scaler_gpu,baseline,0013,online_evaluation,gen_36,data/structures/reward_guided/baseline/0013/generated/gen_36.cif,True,data/structures/reward_guided/baseline/0013/relaxed/gen_36_relaxed.cif,False,False,,,,False,False,,,,,,
matinvent_style_target12_tri_fixed_scaler_gpu,baseline,0013,online_evaluation,gen_37,data/structures/reward_guided/baseline/0013/generated/gen_37.cif,True,data/structures/reward_guided/baseline/0013/relaxed/gen_37_relaxed.cif,False,False,,,,False,False,,,,,,
matinvent_style_target12_tri_fixed_scaler_gpu,baseline,0013,online_evaluation,gen_38,data/structures/reward_guided/baseline/0013/generated/gen_38.cif,True,data/structures/reward_guided/baseline/0013/relaxed/gen_38_relaxed.cif,False,False,,,,False,False,,,,,,
matinvent_style_target12_tri_fixed_scaler_gpu,baseline,0013,online_evaluation,gen_39,data/structures/reward_guided/baseline/0013/generated/gen_39.cif,True,data/structures/reward_guided/baseline/0013/relaxed/gen_39_relaxed.cif,True,True,18.19629415093641,0.008235859,,False,False,,True,True,True,,
matinvent_style_target12_tri_fixed_scaler_gpu,baseline,0013,online_evaluation,gen_4,data/structures/reward_guided/baseline/0013/generated/gen_4.cif,True,data/structures/reward_guided/baseline/0013/relaxed/gen_4_relaxed.cif,False,False,,,,False,False,,,,,,
matinvent_style_target12_tri_fixed_scaler_gpu,baseline,0013,online_evaluation,gen_40,data/structures/reward_guided/baseline/0013/generated/gen_40.cif,True,data/structures/reward_guided/baseline/0013/relaxed/gen_40_relaxed.cif,False,False,,,,False,False,,,,,,
matinvent_style_target12_tri_fixed_scaler_gpu,baseline,0013,online_evaluation,gen_41,data/structures/reward_guided/baseline/0013/generated/gen_41.cif,True,data/structures/reward_guided/baseline/0013/relaxed/gen_41_relaxed.cif,False,False,,,,False,False,,,,,,
matinvent_style_target12_tri_fixed_scaler_gpu,baseline,0013,online_evaluation,gen_42,data/structures/reward_guided/baseline/0013/generated/gen_42.cif,True,data/structures/reward_guided/baseline/0013/relaxed/gen_42_relaxed.cif,False,False,,,,False,False,,,,,,
matinvent_style_target12_tri_fixed_scaler_gpu,baseline,0013,online_evaluation,gen_43,data/structures/reward_guided/baseline/0013/generated/gen_43.cif,True,data/structures/reward_guided/baseline/0013/relaxed/gen_43_relaxed.cif,False,False,,,,False,False,,,,,,
matinvent_style_target12_tri_fixed_scaler_gpu,baseline,0013,online_evaluation,gen_44,data/structures/reward_guided/baseline/0013/generated/gen_44.cif,True,data/structures/reward_guided/baseline/0013/relaxed/gen_44_relaxed.cif,False,False,,,,False,False,,,,,,
matinvent_style_target12_tri_fixed_scaler_gpu,baseline,0013,online_evaluation,gen_45,data/structures/reward_guided/baseline/0013/generated/gen_45.cif,True,data/structures/reward_guided/baseline/0013/relaxed/gen_45_relaxed.cif,False,False,,,,False,False,,,,,,
matinvent_style_target12_tri_fixed_scaler_gpu,baseline,0013,online_evaluation,gen_46,data/structures/reward_guided/baseline/0013/generated/gen_46.cif,True,data/structures/reward_guided/baseline/0013/relaxed/gen_46_relaxed.cif,False,False,,,,False,False,,,,,,
matinvent_style_target12_tri_fixed_scaler_gpu,baseline,0013,online_evaluation,gen_47,data/structures/reward_guided/baseline/0013/generated/gen_47.cif,True,data/structures/reward_guided/baseline/0013/relaxed/gen_47_relaxed.cif,True,True,11.60163048446744,0.9803582,,True,False,,True,True,True,,
matinvent_style_target12_tri_fixed_scaler_gpu,baseline,0013,online_evaluation,gen_48,data/structures/reward_guided/baseline/0013/generated/gen_48.cif,,,False,False,,,,False,False,,,,,,invalid_raw_structure
matinvent_style_target12_tri_fixed_scaler_gpu,baseline,0013,online_evaluation,gen_49,data/structures/reward_guided/baseline/0013/generated/gen_49.cif,True,data/structures/reward_guided/baseline/0013/relaxed/gen_49_relaxed.cif,False,False,,,,False,False,,,,,,
matinvent_style_target12_tri_fixed_scaler_gpu,baseline,0013,online_evaluation,gen_5,data/structures/reward_guided/baseline/0013/generated/gen_5.cif,True,data/structures/reward_guided/baseline/0013/relaxed/gen_5_relaxed.cif,False,False,,,,False,False,,,,,,
matinvent_style_target12_tri_fixed_scaler_gpu,baseline,0013,online_evaluation,gen_50,data/structures/reward_guided/baseline/0013/generated/gen_50.cif,True,data/structures/reward_guided/baseline/0013/relaxed/gen_50_relaxed.cif,False,False,,,,False,False,,,,,,
matinvent_style_target12_tri_fixed_scaler_gpu,baseline,0013,online_evaluation,gen_51,data/structures/reward_guided/baseline/0013/generated/gen_51.cif,True,data/structures/reward_guided/baseline/0013/relaxed/gen_51_relaxed.cif,False,False,,,,False,False,,,,,,
matinvent_style_target12_tri_fixed_scaler_gpu,baseline,0013,online_evaluation,gen_52,data/structures/reward_guided/baseline/0013/generated/gen_52.cif,True,data/structures/reward_guided/baseline/0013/relaxed/gen_52_relaxed.cif,False,False,,,,False,False,,,,,,
matinvent_style_target12_tri_fixed_scaler_gpu,baseline,0013,online_evaluation,gen_53,data/structures/reward_guided/baseline/0013/generated/gen_53.cif,True,data/structures/reward_guided/baseline/0013/relaxed/gen_53_relaxed.cif,False,False,,,,False,False,,,,,,
matinvent_style_target12_tri_fixed_scaler_gpu,baseline,0013,online_evaluation,gen_54,data/structures/reward_guided/baseline/0013/generated/gen_54.cif,True,data/structures/reward_guided/baseline/0013/relaxed/gen_54_relaxed.cif,False,False,,,,False,False,,,,,,
matinvent_style_target12_tri_fixed_scaler_gpu,baseline,0013,online_evaluation,gen_55,data/structures/reward_guided/baseline/0013/generated/gen_55.cif,True,data/structures/reward_guided/baseline/0013/relaxed/gen_55_relaxed.cif,False,False,,,,False,False,,,,,,
matinvent_style_target12_tri_fixed_scaler_gpu,baseline,0013,online_evaluation,gen_56,data/structures/reward_guided/baseline/0013/generated/gen_56.cif,True,data/structures/reward_guided/baseline/0013/relaxed/gen_56_relaxed.cif,False,False,,,,False,False,,,,,,
matinvent_style_target12_tri_fixed_scaler_gpu,baseline,0013,online_evaluation,gen_57,data/structures/reward_guided/baseline/0013/generated/gen_57.cif,,,False,False,,,,False,False,,,,,,invalid_raw_structure
matinvent_style_target12_tri_fixed_scaler_gpu,baseline,0013,online_evaluation,gen_58,data/structures/reward_guided/baseline/0013/generated/gen_58.cif,True,data/structures/reward_guided/baseline/0013/relaxed/gen_58_relaxed.cif,False,False,,,,False,False,,,,,,
matinvent_style_target12_tri_fixed_scaler_gpu,baseline,0013,online_evaluation,gen_59,data/structures/reward_guided/baseline/0013/generated/gen_59.cif,True,data/structures/reward_guided/baseline/0013/relaxed/gen_59_relaxed.cif,False,False,,,,False,False,,,,,,
matinvent_style_target12_tri_fixed_scaler_gpu,baseline,0013,online_evaluation,gen_6,data/structures/reward_guided/baseline/0013/generated/gen_6.cif,True,data/structures/reward_guided/baseline/0013/relaxed/gen_6_relaxed.cif,False,False,,,,False,False,,,,,,
matinvent_style_target12_tri_fixed_scaler_gpu,baseline,0013,online_evaluation,gen_60,data/structures/reward_guided/baseline/0013/generated/gen_60.cif,True,data/structures/reward_guided/baseline/0013/relaxed/gen_60_relaxed.cif,False,False,,,,False,False,,,,,,
matinvent_style_target12_tri_fixed_scaler_gpu,baseline,0013,online_evaluation,gen_61,data/structures/reward_guided/baseline/0013/generated/gen_61.cif,True,data/structures/reward_guided/baseline/0013/relaxed/gen_61_relaxed.cif,False,False,,,,False,False,,,,,,
matinvent_style_target12_tri_fixed_scaler_gpu,baseline,0013,online_evaluation,gen_62,data/structures/reward_guided/baseline/0013/generated/gen_62.cif,True,data/structures/reward_guided/baseline/0013/relaxed/gen_62_relaxed.cif,False,False,,,,False,False,,,,,,
matinvent_style_target12_tri_fixed_scaler_gpu,baseline,0013,online_evaluation,gen_63,data/structures/reward_guided/baseline/0013/generated/gen_63.cif,True,data/structures/reward_guided/baseline/0013/relaxed/gen_63_relaxed.cif,False,False,,,,False,False,,,,,,
matinvent_style_target12_tri_fixed_scaler_gpu,baseline,0013,online_evaluation,gen_7,data/structures/reward_guided/baseline/0013/generated/gen_7.cif,True,data/structures/reward_guided/baseline/0013/relaxed/gen_7_relaxed.cif,True,True,2.275133285819701,7.343984e-06,,False,False,,True,True,True,,
matinvent_style_target12_tri_fixed_scaler_gpu,baseline,0013,online_evaluation,gen_8,data/structures/reward_guided/baseline/0013/generated/gen_8.cif,,,False,False,,,,False,False,,,,,,invalid_raw_structure
matinvent_style_target12_tri_fixed_scaler_gpu,baseline,0013,online_evaluation,gen_9,data/structures/reward_guided/baseline/0013/generated/gen_9.cif,True,data/structures/reward_guided/baseline/0013/relaxed/gen_9_relaxed.cif,True,True,10.668040448532034,0.80110395,,True,False,,True,True,True,,
matinvent_style_target12_tri_fixed_scaler_gpu,baseline,0014,online_evaluation,gen_0,data/structures/reward_guided/baseline/0014/generated/gen_0.cif,True,data/structures/reward_guided/baseline/0014/relaxed/gen_0_relaxed.cif,False,False,,,,False,False,,,,,,
matinvent_style_target12_tri_fixed_scaler_gpu,baseline,0014,online_evaluation,gen_1,data/structures/reward_guided/baseline/0014/generated/gen_1.cif,,,False,False,,,,False,False,,,,,,invalid_raw_structure
matinvent_style_target12_tri_fixed_scaler_gpu,baseline,0014,online_evaluation,gen_10,data/structures/reward_guided/baseline/0014/generated/gen_10.cif,True,data/structures/reward_guided/baseline/0014/relaxed/gen_10_relaxed.cif,False,False,,,,False,False,,,,,,
matinvent_style_target12_tri_fixed_scaler_gpu,baseline,0014,online_evaluation,gen_11,data/structures/reward_guided/baseline/0014/generated/gen_11.cif,True,data/structures/reward_guided/baseline/0014/relaxed/gen_11_relaxed.cif,True,True,5.939167228170175,0.010135494,,False,False,,True,True,True,,
matinvent_style_target12_tri_fixed_scaler_gpu,baseline,0014,online_evaluation,gen_12,data/structures/reward_guided/baseline/0014/generated/gen_12.cif,True,data/structures/reward_guided/baseline/0014/relaxed/gen_12_relaxed.cif,False,False,,,,False,False,,,,,,
matinvent_style_target12_tri_fixed_scaler_gpu,baseline,0014,online_evaluation,gen_13,data/structures/reward_guided/baseline/0014/generated/gen_13.cif,True,data/structures/reward_guided/baseline/0014/relaxed/gen_13_relaxed.cif,False,False,,,,False,False,,,,,,
matinvent_style_target12_tri_fixed_scaler_gpu,baseline,0014,online_evaluation,gen_14,data/structures/reward_guided/baseline/0014/generated/gen_14.cif,,,False,False,,,,False,False,,,,,,invalid_raw_structure
matinvent_style_target12_tri_fixed_scaler_gpu,baseline,0014,online_evaluation,gen_15,data/structures/reward_guided/baseline/0014/generated/gen_15.cif,True,data/structures/reward_guided/baseline/0014/relaxed/gen_15_relaxed.cif,False,False,,,,False,False,,,,,,
matinvent_style_target12_tri_fixed_scaler_gpu,baseline,0014,online_evaluation,gen_16,data/structures/reward_guided/baseline/0014/generated/gen_16.cif,True,data/structures/reward_guided/baseline/0014/relaxed/gen_16_relaxed.cif,False,False,,,,False,False,,,,,,
matinvent_style_target12_tri_fixed_scaler_gpu,baseline,0014,online_evaluation,gen_17,data/structures/reward_guided/baseline/0014/generated/gen_17.cif,True,data/structures/reward_guided/baseline/0014/relaxed/gen_17_relaxed.cif,False,False,,,,False,False,,,,,,
matinvent_style_target12_tri_fixed_scaler_gpu,baseline,0014,online_evaluation,gen_18,data/structures/reward_guided/baseline/0014/generated/gen_18.cif,True,data/structures/reward_guided/baseline/0014/relaxed/gen_18_relaxed.cif,False,False,,,,False,False,,,,,,
matinvent_style_target12_tri_fixed_scaler_gpu,baseline,0014,online_evaluation,gen_19,data/structures/reward_guided/baseline/0014/generated/gen_19.cif,True,data/structures/reward_guided/baseline/0014/relaxed/gen_19_relaxed.cif,False,False,,,,False,False,,,,,,
matinvent_style_target12_tri_fixed_scaler_gpu,baseline,0014,online_evaluation,gen_2,data/structures/reward_guided/baseline/0014/generated/gen_2.cif,True,data/structures/reward_guided/baseline/0014/relaxed/gen_2_relaxed.cif,False,False,,,,False,False,,,,,,
matinvent_style_target12_tri_fixed_scaler_gpu,baseline,0014,online_evaluation,gen_20,data/structures/reward_guided/baseline/0014/generated/gen_20.cif,True,data/structures/reward_guided/baseline/0014/relaxed/gen_20_relaxed.cif,False,False,,,,False,False,,,,,,
matinvent_style_target12_tri_fixed_scaler_gpu,baseline,0014,online_evaluation,gen_21,data/structures/reward_guided/baseline/0014/generated/gen_21.cif,True,data/structures/reward_guided/baseline/0014/relaxed/gen_21_relaxed.cif,True,True,6.021330934416199,0.01146954,,True,False,,True,True,True,,
matinvent_style_target12_tri_fixed_scaler_gpu,baseline,0014,online_evaluation,gen_22,data/structures/reward_guided/baseline/0014/generated/gen_22.cif,True,data/structures/reward_guided/baseline/0014/relaxed/gen_22_relaxed.cif,False,False,,,,False,False,,,,,,
matinvent_style_target12_tri_fixed_scaler_gpu,baseline,0014,online_evaluation,gen_23,data/structures/reward_guided/baseline/0014/generated/gen_23.cif,True,data/structures/reward_guided/baseline/0014/relaxed/gen_23_relaxed.cif,False,False,,,,False,False,,,,,,
matinvent_style_target12_tri_fixed_scaler_gpu,baseline,0014,online_evaluation,gen_24,data/structures/reward_guided/baseline/0014/generated/gen_24.cif,True,data/structures/reward_guided/baseline/0014/relaxed/gen_24_relaxed.cif,False,False,,,,False,False,,,,,,
matinvent_style_target12_tri_fixed_scaler_gpu,baseline,0014,online_evaluation,gen_25,data/structures/reward_guided/baseline/0014/generated/gen_25.cif,,,False,False,,,,False,False,,,,,,invalid_raw_structure
matinvent_style_target12_tri_fixed_scaler_gpu,baseline,0014,online_evaluation,gen_26,data/structures/reward_guided/baseline/0014/generated/gen_26.cif,True,data/structures/reward_guided/baseline/0014/relaxed/gen_26_relaxed.cif,False,False,,,,False,False,,,,,,
matinvent_style_target12_tri_fixed_scaler_gpu,baseline,0014,online_evaluation,gen_27,data/structures/reward_guided/baseline/0014/generated/gen_27.cif,True,data/structures/reward_guided/baseline/0014/relaxed/gen_27_relaxed.cif,False,False,,,,False,False,,,,,,
matinvent_style_target12_tri_fixed_scaler_gpu,baseline,0014,online_evaluation,gen_28,data/structures/reward_guided/baseline/0014/generated/gen_28.cif,True,data/structures/reward_guided/baseline/0014/relaxed/gen_28_relaxed.cif,True,True,12.616056787480924,0.953667,,True,False,,True,True,True,,
matinvent_style_target12_tri_fixed_scaler_gpu,baseline,0014,online_evaluation,gen_29,data/structures/reward_guided/baseline/0014/generated/gen_29.cif,True,data/structures/reward_guided/baseline/0014/relaxed/gen_29_relaxed.cif,False,False,,,,False,False,,,,,,
matinvent_style_target12_tri_fixed_scaler_gpu,baseline,0014,online_evaluation,gen_3,data/structures/reward_guided/baseline/0014/generated/gen_3.cif,True,data/structures/reward_guided/baseline/0014/relaxed/gen_3_relaxed.cif,True,True,21.291876773125267,2.0555712e-05,,False,False,,True,True,True,,
matinvent_style_target12_tri_fixed_scaler_gpu,baseline,0014,online_evaluation,gen_30,data/structures/reward_guided/baseline/0014/generated/gen_30.cif,True,data/structures/reward_guided/baseline/0014/relaxed/gen_30_relaxed.cif,True,True,9.20112509253921,0.37560675,,True,False,,True,True,True,,
matinvent_style_target12_tri_fixed_scaler_gpu,baseline,0014,online_evaluation,gen_31,data/structures/reward_guided/baseline/0014/generated/gen_31.cif,,,False,False,,,,False,False,,,,,,invalid_raw_structure
matinvent_style_target12_tri_fixed_scaler_gpu,baseline,0014,online_evaluation,gen_32,data/structures/reward_guided/baseline/0014/generated/gen_32.cif,True,data/structures/reward_guided/baseline/0014/relaxed/gen_32_relaxed.cif,True,True,19.16381784238468,0.0016367614,,False,False,,True,True,True,,
matinvent_style_target12_tri_fixed_scaler_gpu,baseline,0014,online_evaluation,gen_33,data/structures/reward_guided/baseline/0014/generated/gen_33.cif,,,False,False,,,,False,False,,,,,,invalid_raw_structure
matinvent_style_target12_tri_fixed_scaler_gpu,baseline,0014,online_evaluation,gen_34,data/structures/reward_guided/baseline/0014/generated/gen_34.cif,True,data/structures/reward_guided/baseline/0014/relaxed/gen_34_relaxed.cif,False,False,,,,False,False,,,,,,
matinvent_style_target12_tri_fixed_scaler_gpu,baseline,0014,online_evaluation,gen_35,data/structures/reward_guided/baseline/0014/generated/gen_35.cif,True,data/structures/reward_guided/baseline/0014/relaxed/gen_35_relaxed.cif,True,True,23.502126625429767,6.575273e-08,,False,False,,True,True,True,,
matinvent_style_target12_tri_fixed_scaler_gpu,baseline,0014,online_evaluation,gen_36,data/structures/reward_guided/baseline/0014/generated/gen_36.cif,True,data/structures/reward_guided/baseline/0014/relaxed/gen_36_relaxed.cif,True,True,17.22464510698425,0.03297141,,True,False,,True,True,True,,
matinvent_style_target12_tri_fixed_scaler_gpu,baseline,0014,online_evaluation,gen_37,data/structures/reward_guided/baseline/0014/generated/gen_37.cif,True,data/structures/reward_guided/baseline/0014/relaxed/gen_37_relaxed.cif,False,False,,,,False,False,,,,,,
matinvent_style_target12_tri_fixed_scaler_gpu,baseline,0014,online_evaluation,gen_38,data/structures/reward_guided/baseline/0014/generated/gen_38.cif,True,data/structures/reward_guided/baseline/0014/relaxed/gen_38_relaxed.cif,False,False,,,,False,False,,,,,,
matinvent_style_target12_tri_fixed_scaler_gpu,baseline,0014,online_evaluation,gen_39,data/structures/reward_guided/baseline/0014/generated/gen_39.cif,True,data/structures/reward_guided/baseline/0014/relaxed/gen_39_relaxed.cif,False,False,,,,False,False,,,,,,
matinvent_style_target12_tri_fixed_scaler_gpu,baseline,0014,online_evaluation,gen_4,data/structures/reward_guided/baseline/0014/generated/gen_4.cif,True,data/structures/reward_guided/baseline/0014/relaxed/gen_4_relaxed.cif,True,True,8.19932488111858,0.16436899,,True,False,,True,True,True,,
matinvent_style_target12_tri_fixed_scaler_gpu,baseline,0014,online_evaluation,gen_40,data/structures/reward_guided/baseline/0014/generated/gen_40.cif,True,data/structures/reward_guided/baseline/0014/relaxed/gen_40_relaxed.cif,False,False,,,,False,False,,,,,,
matinvent_style_target12_tri_fixed_scaler_gpu,baseline,0014,online_evaluation,gen_41,data/structures/reward_guided/baseline/0014/generated/gen_41.cif,True,data/structures/reward_guided/baseline/0014/relaxed/gen_41_relaxed.cif,False,False,,,,False,False,,,,,,
matinvent_style_target12_tri_fixed_scaler_gpu,baseline,0014,online_evaluation,gen_42,data/structures/reward_guided/baseline/0014/generated/gen_42.cif,True,data/structures/reward_guided/baseline/0014/relaxed/gen_42_relaxed.cif,False,False,,,,False,False,,,,,,
matinvent_style_target12_tri_fixed_scaler_gpu,baseline,0014,online_evaluation,gen_43,data/structures/reward_guided/baseline/0014/generated/gen_43.cif,True,data/structures/reward_guided/baseline/0014/relaxed/gen_43_relaxed.cif,False,False,,,,False,False,,,,,,
matinvent_style_target12_tri_fixed_scaler_gpu,baseline,0014,online_evaluation,gen_44,data/structures/reward_guided/baseline/0014/generated/gen_44.cif,True,data/structures/reward_guided/baseline/0014/relaxed/gen_44_relaxed.cif,False,False,,,,False,False,,,,,,
matinvent_style_target12_tri_fixed_scaler_gpu,baseline,0014,online_evaluation,gen_45,data/structures/reward_guided/baseline/0014/generated/gen_45.cif,True,data/structures/reward_guided/baseline/0014/relaxed/gen_45_relaxed.cif,False,False,,,,False,False,,,,,,
matinvent_style_target12_tri_fixed_scaler_gpu,baseline,0014,online_evaluation,gen_46,data/structures/reward_guided/baseline/0014/generated/gen_46.cif,,,False,False,,,,False,False,,,,,,invalid_raw_structure
matinvent_style_target12_tri_fixed_scaler_gpu,baseline,0014,online_evaluation,gen_47,data/structures/reward_guided/baseline/0014/generated/gen_47.cif,True,data/structures/reward_guided/baseline/0014/relaxed/gen_47_relaxed.cif,True,True,7.989887838750253,0.13397193,,True,False,,True,True,True,,
matinvent_style_target12_tri_fixed_scaler_gpu,baseline,0014,online_evaluation,gen_48,data/structures/reward_guided/baseline/0014/generated/gen_48.cif,True,data/structures/reward_guided/baseline/0014/relaxed/gen_48_relaxed.cif,False,False,,,,False,False,,,,,,
matinvent_style_target12_tri_fixed_scaler_gpu,baseline,0014,online_evaluation,gen_49,data/structures/reward_guided/baseline/0014/generated/gen_49.cif,True,data/structures/reward_guided/baseline/0014/relaxed/gen_49_relaxed.cif,False,False,,,,False,False,,,,,,
matinvent_style_target12_tri_fixed_scaler_gpu,baseline,0014,online_evaluation,gen_5,data/structures/reward_guided/baseline/0014/generated/gen_5.cif,,,False,False,,,,False,False,,,,,,invalid_raw_structure
matinvent_style_target12_tri_fixed_scaler_gpu,baseline,0014,online_evaluation,gen_50,data/structures/reward_guided/baseline/0014/generated/gen_50.cif,True,data/structures/reward_guided/baseline/0014/relaxed/gen_50_relaxed.cif,False,False,,,,False,False,,,,,,
matinvent_style_target12_tri_fixed_scaler_gpu,baseline,0014,online_evaluation,gen_51,data/structures/reward_guided/baseline/0014/generated/gen_51.cif,,,False,False,,,,False,False,,,,,,invalid_raw_structure
matinvent_style_target12_tri_fixed_scaler_gpu,baseline,0014,online_evaluation,gen_52,data/structures/reward_guided/baseline/0014/generated/gen_52.cif,True,data/structures/reward_guided/baseline/0014/relaxed/gen_52_relaxed.cif,True,True,28.074655686521865,9.388232e-15,,False,False,,True,True,True,,
matinvent_style_target12_tri_fixed_scaler_gpu,baseline,0014,online_evaluation,gen_53,data/structures/reward_guided/baseline/0014/generated/gen_53.cif,True,data/structures/reward_guided/baseline/0014/relaxed/gen_53_relaxed.cif,True,True,6.880968016165633,0.03779566,,True,False,,True,True,True,,
matinvent_style_target12_tri_fixed_scaler_gpu,baseline,0014,online_evaluation,gen_54,data/structures/reward_guided/baseline/0014/generated/gen_54.cif,True,data/structures/reward_guided/baseline/0014/relaxed/gen_54_relaxed.cif,False,False,,,,False,False,,,,,,
matinvent_style_target12_tri_fixed_scaler_gpu,baseline,0014,online_evaluation,gen_55,data/structures/reward_guided/baseline/0014/generated/gen_55.cif,True,data/structures/reward_guided/baseline/0014/relaxed/gen_55_relaxed.cif,False,False,,,,False,False,,,,,,
matinvent_style_target12_tri_fixed_scaler_gpu,baseline,0014,online_evaluation,gen_56,data/structures/reward_guided/baseline/0014/generated/gen_56.cif,True,data/structures/reward_guided/baseline/0014/relaxed/gen_56_relaxed.cif,False,False,,,,False,False,,,,,,
matinvent_style_target12_tri_fixed_scaler_gpu,baseline,0014,online_evaluation,gen_57,data/structures/reward_guided/baseline/0014/generated/gen_57.cif,True,data/structures/reward_guided/baseline/0014/relaxed/gen_57_relaxed.cif,False,False,,,,False,False,,,,,,
matinvent_style_target12_tri_fixed_scaler_gpu,baseline,0014,online_evaluation,gen_58,data/structures/reward_guided/baseline/0014/generated/gen_58.cif,True,data/structures/reward_guided/baseline/0014/relaxed/gen_58_relaxed.cif,False,False,,,,False,False,,,,,,
matinvent_style_target12_tri_fixed_scaler_gpu,baseline,0014,online_evaluation,gen_59,data/structures/reward_guided/baseline/0014/generated/gen_59.cif,True,data/structures/reward_guided/baseline/0014/relaxed/gen_59_relaxed.cif,True,True,14.437733810353146,0.4757712,,True,False,,True,True,True,,
matinvent_style_target12_tri_fixed_scaler_gpu,baseline,0014,online_evaluation,gen_6,data/structures/reward_guided/baseline/0014/generated/gen_6.cif,True,data/structures/reward_guided/baseline/0014/relaxed/gen_6_relaxed.cif,True,True,3.2804887040763724,7.45728e-05,,False,False,,True,True,True,,
matinvent_style_target12_tri_fixed_scaler_gpu,baseline,0014,online_evaluation,gen_60,data/structures/reward_guided/baseline/0014/generated/gen_60.cif,,,False,False,,,,False,False,,,,,,invalid_raw_structure
matinvent_style_target12_tri_fixed_scaler_gpu,baseline,0014,online_evaluation,gen_61,data/structures/reward_guided/baseline/0014/generated/gen_61.cif,True,data/structures/reward_guided/baseline/0014/relaxed/gen_61_relaxed.cif,False,False,,,,False,False,,,,,,
matinvent_style_target12_tri_fixed_scaler_gpu,baseline,0014,online_evaluation,gen_62,data/structures/reward_guided/baseline/0014/generated/gen_62.cif,True,data/structures/reward_guided/baseline/0014/relaxed/gen_62_relaxed.cif,False,False,,,,False,False,,,,,,
matinvent_style_target12_tri_fixed_scaler_gpu,baseline,0014,online_evaluation,gen_63,data/structures/reward_guided/baseline/0014/generated/gen_63.cif,True,data/structures/reward_guided/baseline/0014/relaxed/gen_63_relaxed.cif,False,False,,,,False,False,,,,,,
matinvent_style_target12_tri_fixed_scaler_gpu,baseline,0014,online_evaluation,gen_7,data/structures/reward_guided/baseline/0014/generated/gen_7.cif,True,data/structures/reward_guided/baseline/0014/relaxed/gen_7_relaxed.cif,False,False,,,,False,False,,,,,,
matinvent_style_target12_tri_fixed_scaler_gpu,baseline,0014,online_evaluation,gen_8,data/structures/reward_guided/baseline/0014/generated/gen_8.cif,True,data/structures/reward_guided/baseline/0014/relaxed/gen_8_relaxed.cif,False,False,,,,False,False,,,,,,
matinvent_style_target12_tri_fixed_scaler_gpu,baseline,0014,online_evaluation,gen_9,data/structures/reward_guided/baseline/0014/generated/gen_9.cif,,,False,False,,,,False,False,,,,,,invalid_raw_structure
matinvent_style_target12_tri_fixed_scaler_gpu,baseline,0015,online_evaluation,gen_0,data/structures/reward_guided/baseline/0015/generated/gen_0.cif,True,data/structures/reward_guided/baseline/0015/relaxed/gen_0_relaxed.cif,True,True,18.76213023455185,0.0032935124,,False,False,,True,True,True,,
matinvent_style_target12_tri_fixed_scaler_gpu,baseline,0015,online_evaluation,gen_1,data/structures/reward_guided/baseline/0015/generated/gen_1.cif,True,data/structures/reward_guided/baseline/0015/relaxed/gen_1_relaxed.cif,True,True,3.5845103841476766,0.00014301541,,False,False,,True,True,True,,
matinvent_style_target12_tri_fixed_scaler_gpu,baseline,0015,online_evaluation,gen_10,data/structures/reward_guided/baseline/0015/generated/gen_10.cif,True,data/structures/reward_guided/baseline/0015/relaxed/gen_10_relaxed.cif,True,True,13.271293050412728,0.8170759,,True,False,,True,True,True,,
matinvent_style_target12_tri_fixed_scaler_gpu,baseline,0015,online_evaluation,gen_11,data/structures/reward_guided/baseline/0015/generated/gen_11.cif,True,data/structures/reward_guided/baseline/0015/relaxed/gen_11_relaxed.cif,True,True,14.248194480977787,0.5316354,,True,False,,True,True,True,,
matinvent_style_target12_tri_fixed_scaler_gpu,baseline,0015,online_evaluation,gen_12,data/structures/reward_guided/baseline/0015/generated/gen_12.cif,True,data/structures/reward_guided/baseline/0015/relaxed/gen_12_relaxed.cif,True,True,12.80224710774881,0.922701,,True,False,,True,True,True,,
matinvent_style_target12_tri_fixed_scaler_gpu,baseline,0015,online_evaluation,gen_13,data/structures/reward_guided/baseline/0015/generated/gen_13.cif,True,data/structures/reward_guided/baseline/0015/relaxed/gen_13_relaxed.cif,False,False,,,,False,False,,,,,,
matinvent_style_target12_tri_fixed_scaler_gpu,baseline,0015,online_evaluation,gen_14,data/structures/reward_guided/baseline/0015/generated/gen_14.cif,True,data/structures/reward_guided/baseline/0015/relaxed/gen_14_relaxed.cif,False,False,,,,False,False,,,,,,
matinvent_style_target12_tri_fixed_scaler_gpu,baseline,0015,online_evaluation,gen_15,data/structures/reward_guided/baseline/0015/generated/gen_15.cif,,,False,False,,,,False,False,,,,,,invalid_raw_structure
matinvent_style_target12_tri_fixed_scaler_gpu,baseline,0015,online_evaluation,gen_16,data/structures/reward_guided/baseline/0015/generated/gen_16.cif,True,data/structures/reward_guided/baseline/0015/relaxed/gen_16_relaxed.cif,False,False,,,,False,False,,,,,,
matinvent_style_target12_tri_fixed_scaler_gpu,baseline,0015,online_evaluation,gen_17,data/structures/reward_guided/baseline/0015/generated/gen_17.cif,True,data/structures/reward_guided/baseline/0015/relaxed/gen_17_relaxed.cif,False,False,,,,False,False,,,,,,
matinvent_style_target12_tri_fixed_scaler_gpu,baseline,0015,online_evaluation,gen_18,data/structures/reward_guided/baseline/0015/generated/gen_18.cif,True,data/structures/reward_guided/baseline/0015/relaxed/gen_18_relaxed.cif,False,False,,,,False,False,,,,,,
matinvent_style_target12_tri_fixed_scaler_gpu,baseline,0015,online_evaluation,gen_19,data/structures/reward_guided/baseline/0015/generated/gen_19.cif,True,data/structures/reward_guided/baseline/0015/relaxed/gen_19_relaxed.cif,False,False,,,,False,False,,,,,,
matinvent_style_target12_tri_fixed_scaler_gpu,baseline,0015,online_evaluation,gen_2,data/structures/reward_guided/baseline/0015/generated/gen_2.cif,True,data/structures/reward_guided/baseline/0015/relaxed/gen_2_relaxed.cif,True,True,6.985776877224626,0.043161593,,False,False,,True,True,True,,
matinvent_style_target12_tri_fixed_scaler_gpu,baseline,0015,online_evaluation,gen_20,data/structures/reward_guided/baseline/0015/generated/gen_20.cif,True,data/structures/reward_guided/baseline/0015/relaxed/gen_20_relaxed.cif,True,True,8.198449911927527,0.16423239,,False,False,,True,True,True,,
matinvent_style_target12_tri_fixed_scaler_gpu,baseline,0015,online_evaluation,gen_21,data/structures/reward_guided/baseline/0015/generated/gen_21.cif,,,False,False,,,,False,False,,,,,,invalid_raw_structure
matinvent_style_target12_tri_fixed_scaler_gpu,baseline,0015,online_evaluation,gen_22,data/structures/reward_guided/baseline/0015/generated/gen_22.cif,True,data/structures/reward_guided/baseline/0015/relaxed/gen_22_relaxed.cif,False,False,,,,False,False,,,,,,
matinvent_style_target12_tri_fixed_scaler_gpu,baseline,0015,online_evaluation,gen_23,data/structures/reward_guided/baseline/0015/generated/gen_23.cif,,,False,False,,,,False,False,,,,,,invalid_raw_structure
matinvent_style_target12_tri_fixed_scaler_gpu,baseline,0015,online_evaluation,gen_24,data/structures/reward_guided/baseline/0015/generated/gen_24.cif,True,data/structures/reward_guided/baseline/0015/relaxed/gen_24_relaxed.cif,False,False,,,,False,False,,,,,,
matinvent_style_target12_tri_fixed_scaler_gpu,baseline,0015,online_evaluation,gen_25,data/structures/reward_guided/baseline/0015/generated/gen_25.cif,True,data/structures/reward_guided/baseline/0015/relaxed/gen_25_relaxed.cif,False,False,,,,False,False,,,,,,
matinvent_style_target12_tri_fixed_scaler_gpu,baseline,0015,online_evaluation,gen_26,data/structures/reward_guided/baseline/0015/generated/gen_26.cif,True,data/structures/reward_guided/baseline/0015/relaxed/gen_26_relaxed.cif,True,True,11.946850843662125,0.99964696,,True,False,,True,True,True,,
matinvent_style_target12_tri_fixed_scaler_gpu,baseline,0015,online_evaluation,gen_27,data/structures/reward_guided/baseline/0015/generated/gen_27.cif,True,data/structures/reward_guided/baseline/0015/relaxed/gen_27_relaxed.cif,False,False,,,,False,False,,,,,,
matinvent_style_target12_tri_fixed_scaler_gpu,baseline,0015,online_evaluation,gen_28,data/structures/reward_guided/baseline/0015/generated/gen_28.cif,True,data/structures/reward_guided/baseline/0015/relaxed/gen_28_relaxed.cif,False,False,,,,False,False,,,,,,
matinvent_style_target12_tri_fixed_scaler_gpu,baseline,0015,online_evaluation,gen_29,data/structures/reward_guided/baseline/0015/generated/gen_29.cif,True,data/structures/reward_guided/baseline/0015/relaxed/gen_29_relaxed.cif,False,False,,,,False,False,,,,,,
matinvent_style_target12_tri_fixed_scaler_gpu,baseline,0015,online_evaluation,gen_3,data/structures/reward_guided/baseline/0015/generated/gen_3.cif,True,data/structures/reward_guided/baseline/0015/relaxed/gen_3_relaxed.cif,True,True,2.1706793178183683,5.689187e-06,,False,False,,True,True,True,,
matinvent_style_target12_tri_fixed_scaler_gpu,baseline,0015,online_evaluation,gen_30,data/structures/reward_guided/baseline/0015/generated/gen_30.cif,True,data/structures/reward_guided/baseline/0015/relaxed/gen_30_relaxed.cif,True,True,15.59181843356694,0.19935963,,True,False,,True,True,True,,
matinvent_style_target12_tri_fixed_scaler_gpu,baseline,0015,online_evaluation,gen_31,data/structures/reward_guided/baseline/0015/generated/gen_31.cif,True,data/structures/reward_guided/baseline/0015/relaxed/gen_31_relaxed.cif,False,False,,,,False,False,,,,,,
matinvent_style_target12_tri_fixed_scaler_gpu,baseline,0015,online_evaluation,gen_32,data/structures/reward_guided/baseline/0015/generated/gen_32.cif,True,data/structures/reward_guided/baseline/0015/relaxed/gen_32_relaxed.cif,False,False,,,,False,False,,,,,,
matinvent_style_target12_tri_fixed_scaler_gpu,baseline,0015,online_evaluation,gen_33,data/structures/reward_guided/baseline/0015/generated/gen_33.cif,True,data/structures/reward_guided/baseline/0015/relaxed/gen_33_relaxed.cif,False,False,,,,False,False,,,,,,
matinvent_style_target12_tri_fixed_scaler_gpu,baseline,0015,online_evaluation,gen_34,data/structures/reward_guided/baseline/0015/generated/gen_34.cif,True,data/structures/reward_guided/baseline/0015/relaxed/gen_34_relaxed.cif,True,True,13.22681284876064,0.8285039,,True,False,,True,True,True,,
matinvent_style_target12_tri_fixed_scaler_gpu,baseline,0015,online_evaluation,gen_35,data/structures/reward_guided/baseline/0015/generated/gen_35.cif,True,data/structures/reward_guided/baseline/0015/relaxed/gen_35_relaxed.cif,True,True,3.445441470963542,0.000106479405,,False,False,,True,True,True,,
matinvent_style_target12_tri_fixed_scaler_gpu,baseline,0015,online_evaluation,gen_36,data/structures/reward_guided/baseline/0015/generated/gen_36.cif,True,data/structures/reward_guided/baseline/0015/relaxed/gen_36_relaxed.cif,False,False,,,,False,False,,,,,,
matinvent_style_target12_tri_fixed_scaler_gpu,baseline,0015,online_evaluation,gen_37,data/structures/reward_guided/baseline/0015/generated/gen_37.cif,True,data/structures/reward_guided/baseline/0015/relaxed/gen_37_relaxed.cif,True,True,24.123072112486287,1.0508202e-08,,False,False,,True,True,True,,
matinvent_style_target12_tri_fixed_scaler_gpu,baseline,0015,online_evaluation,gen_38,data/structures/reward_guided/baseline/0015/generated/gen_38.cif,True,data/structures/reward_guided/baseline/0015/relaxed/gen_38_relaxed.cif,False,False,,,,False,False,,,,,,
matinvent_style_target12_tri_fixed_scaler_gpu,baseline,0015,online_evaluation,gen_39,data/structures/reward_guided/baseline/0015/generated/gen_39.cif,True,data/structures/reward_guided/baseline/0015/relaxed/gen_39_relaxed.cif,False,False,,,,False,False,,,,,,
matinvent_style_target12_tri_fixed_scaler_gpu,baseline,0015,online_evaluation,gen_4,data/structures/reward_guided/baseline/0015/generated/gen_4.cif,True,data/structures/reward_guided/baseline/0015/relaxed/gen_4_relaxed.cif,False,False,,,,False,False,,,,,,
matinvent_style_target12_tri_fixed_scaler_gpu,baseline,0015,online_evaluation,gen_40,data/structures/reward_guided/baseline/0015/generated/gen_40.cif,True,data/structures/reward_guided/baseline/0015/relaxed/gen_40_relaxed.cif,False,False,,,,False,False,,,,,,
matinvent_style_target12_tri_fixed_scaler_gpu,baseline,0015,online_evaluation,gen_41,data/structures/reward_guided/baseline/0015/generated/gen_41.cif,True,data/structures/reward_guided/baseline/0015/relaxed/gen_41_relaxed.cif,False,False,,,,False,False,,,,,,
matinvent_style_target12_tri_fixed_scaler_gpu,baseline,0015,online_evaluation,gen_42,data/structures/reward_guided/baseline/0015/generated/gen_42.cif,True,data/structures/reward_guided/baseline/0015/relaxed/gen_42_relaxed.cif,False,False,,,,False,False,,,,,,
matinvent_style_target12_tri_fixed_scaler_gpu,baseline,0015,online_evaluation,gen_43,data/structures/reward_guided/baseline/0015/generated/gen_43.cif,True,data/structures/reward_guided/baseline/0015/relaxed/gen_43_relaxed.cif,True,True,22.385439058657138,1.3956252e-06,,False,False,,True,True,True,,
matinvent_style_target12_tri_fixed_scaler_gpu,baseline,0015,online_evaluation,gen_44,data/structures/reward_guided/baseline/0015/generated/gen_44.cif,True,data/structures/reward_guided/baseline/0015/relaxed/gen_44_relaxed.cif,True,True,10.9718597333978,0.8762235,,True,False,,True,True,True,,
matinvent_style_target12_tri_fixed_scaler_gpu,baseline,0015,online_evaluation,gen_45,data/structures/reward_guided/baseline/0015/generated/gen_45.cif,True,data/structures/reward_guided/baseline/0015/relaxed/gen_45_relaxed.cif,False,False,,,,False,False,,,,,,
matinvent_style_target12_tri_fixed_scaler_gpu,baseline,0015,online_evaluation,gen_46,data/structures/reward_guided/baseline/0015/generated/gen_46.cif,True,data/structures/reward_guided/baseline/0015/relaxed/gen_46_relaxed.cif,False,False,,,,False,False,,,,,,
matinvent_style_target12_tri_fixed_scaler_gpu,baseline,0015,online_evaluation,gen_47,data/structures/reward_guided/baseline/0015/generated/gen_47.cif,True,data/structures/reward_guided/baseline/0015/relaxed/gen_47_relaxed.cif,True,True,8.428395843538853,0.20300096,,True,False,,True,True,True,,
matinvent_style_target12_tri_fixed_scaler_gpu,baseline,0015,online_evaluation,gen_48,data/structures/reward_guided/baseline/0015/generated/gen_48.cif,True,data/structures/reward_guided/baseline/0015/relaxed/gen_48_relaxed.cif,False,False,,,,False,False,,,,,,
matinvent_style_target12_tri_fixed_scaler_gpu,baseline,0015,online_evaluation,gen_49,data/structures/reward_guided/baseline/0015/generated/gen_49.cif,True,data/structures/reward_guided/baseline/0015/relaxed/gen_49_relaxed.cif,False,False,,,,False,False,,,,,,
matinvent_style_target12_tri_fixed_scaler_gpu,baseline,0015,online_evaluation,gen_5,data/structures/reward_guided/baseline/0015/generated/gen_5.cif,True,data/structures/reward_guided/baseline/0015/relaxed/gen_5_relaxed.cif,False,False,,,,False,False,,,,,,
matinvent_style_target12_tri_fixed_scaler_gpu,baseline,0015,online_evaluation,gen_50,data/structures/reward_guided/baseline/0015/generated/gen_50.cif,True,data/structures/reward_guided/baseline/0015/relaxed/gen_50_relaxed.cif,False,False,,,,False,False,,,,,,
matinvent_style_target12_tri_fixed_scaler_gpu,baseline,0015,online_evaluation,gen_51,data/structures/reward_guided/baseline/0015/generated/gen_51.cif,True,data/structures/reward_guided/baseline/0015/relaxed/gen_51_relaxed.cif,False,False,,,,False,False,,,,,,
matinvent_style_target12_tri_fixed_scaler_gpu,baseline,0015,online_evaluation,gen_52,data/structures/reward_guided/baseline/0015/generated/gen_52.cif,True,data/structures/reward_guided/baseline/0015/relaxed/gen_52_relaxed.cif,False,False,,,,False,False,,,,,,
matinvent_style_target12_tri_fixed_scaler_gpu,baseline,0015,online_evaluation,gen_53,data/structures/reward_guided/baseline/0015/generated/gen_53.cif,True,data/structures/reward_guided/baseline/0015/relaxed/gen_53_relaxed.cif,False,False,,,,False,False,,,,,,
matinvent_style_target12_tri_fixed_scaler_gpu,baseline,0015,online_evaluation,gen_54,data/structures/reward_guided/baseline/0015/generated/gen_54.cif,True,data/structures/reward_guided/baseline/0015/relaxed/gen_54_relaxed.cif,False,False,,,,False,False,,,,,,
matinvent_style_target12_tri_fixed_scaler_gpu,baseline,0015,online_evaluation,gen_55,data/structures/reward_guided/baseline/0015/generated/gen_55.cif,True,data/structures/reward_guided/baseline/0015/relaxed/gen_55_relaxed.cif,False,False,,,,False,False,,,,,,
matinvent_style_target12_tri_fixed_scaler_gpu,baseline,0015,online_evaluation,gen_56,data/structures/reward_guided/baseline/0015/generated/gen_56.cif,True,data/structures/reward_guided/baseline/0015/relaxed/gen_56_relaxed.cif,False,False,,,,False,False,,,,,,
matinvent_style_target12_tri_fixed_scaler_gpu,baseline,0015,online_evaluation,gen_57,data/structures/reward_guided/baseline/0015/generated/gen_57.cif,True,data/structures/reward_guided/baseline/0015/relaxed/gen_57_relaxed.cif,False,False,,,,False,False,,,,,,
matinvent_style_target12_tri_fixed_scaler_gpu,baseline,0015,online_evaluation,gen_58,data/structures/reward_guided/baseline/0015/generated/gen_58.cif,True,data/structures/reward_guided/baseline/0015/relaxed/gen_58_relaxed.cif,False,False,,,,False,False,,,,,,
matinvent_style_target12_tri_fixed_scaler_gpu,baseline,0015,online_evaluation,gen_59,data/structures/reward_guided/baseline/0015/generated/gen_59.cif,True,data/structures/reward_guided/baseline/0015/relaxed/gen_59_relaxed.cif,False,False,,,,False,False,,,,,,
matinvent_style_target12_tri_fixed_scaler_gpu,baseline,0015,online_evaluation,gen_6,data/structures/reward_guided/baseline/0015/generated/gen_6.cif,True,data/structures/reward_guided/baseline/0015/relaxed/gen_6_relaxed.cif,False,False,,,,False,False,,,,,,
matinvent_style_target12_tri_fixed_scaler_gpu,baseline,0015,online_evaluation,gen_60,data/structures/reward_guided/baseline/0015/generated/gen_60.cif,True,data/structures/reward_guided/baseline/0015/relaxed/gen_60_relaxed.cif,False,False,,,,False,False,,,,,,
matinvent_style_target12_tri_fixed_scaler_gpu,baseline,0015,online_evaluation,gen_61,data/structures/reward_guided/baseline/0015/generated/gen_61.cif,True,data/structures/reward_guided/baseline/0015/relaxed/gen_61_relaxed.cif,False,False,,,,False,False,,,,,,
matinvent_style_target12_tri_fixed_scaler_gpu,baseline,0015,online_evaluation,gen_62,data/structures/reward_guided/baseline/0015/generated/gen_62.cif,True,data/structures/reward_guided/baseline/0015/relaxed/gen_62_relaxed.cif,False,False,,,,False,False,,,,,,
matinvent_style_target12_tri_fixed_scaler_gpu,baseline,0015,online_evaluation,gen_63,data/structures/reward_guided/baseline/0015/generated/gen_63.cif,True,data/structures/reward_guided/baseline/0015/relaxed/gen_63_relaxed.cif,False,False,,,,False,False,,,,,,
matinvent_style_target12_tri_fixed_scaler_gpu,baseline,0015,online_evaluation,gen_7,data/structures/reward_guided/baseline/0015/generated/gen_7.cif,True,data/structures/reward_guided/baseline/0015/relaxed/gen_7_relaxed.cif,False,False,,,,False,False,,,,,,
matinvent_style_target12_tri_fixed_scaler_gpu,baseline,0015,online_evaluation,gen_8,data/structures/reward_guided/baseline/0015/generated/gen_8.cif,True,data/structures/reward_guided/baseline/0015/relaxed/gen_8_relaxed.cif,False,False,,,,False,False,,,,,,
matinvent_style_target12_tri_fixed_scaler_gpu,baseline,0015,online_evaluation,gen_9,data/structures/reward_guided/baseline/0015/generated/gen_9.cif,True,data/structures/reward_guided/baseline/0015/relaxed/gen_9_relaxed.cif,False,False,,,,False,False,,,,,,
matinvent_style_target12_tri_fixed_scaler_gpu,baseline,0016,online_evaluation,gen_0,data/structures/reward_guided/baseline/0016/generated/gen_0.cif,True,data/structures/reward_guided/baseline/0016/relaxed/gen_0_relaxed.cif,True,True,14.47300178751543,0.46558192,,True,False,,True,True,True,,
matinvent_style_target12_tri_fixed_scaler_gpu,baseline,0016,online_evaluation,gen_1,data/structures/reward_guided/baseline/0016/generated/gen_1.cif,True,data/structures/reward_guided/baseline/0016/relaxed/gen_1_relaxed.cif,False,False,,,,False,False,,,,,,
matinvent_style_target12_tri_fixed_scaler_gpu,baseline,0016,online_evaluation,gen_10,data/structures/reward_guided/baseline/0016/generated/gen_10.cif,True,data/structures/reward_guided/baseline/0016/relaxed/gen_10_relaxed.cif,True,True,7.076748936329385,0.048325296,,False,False,,True,True,True,,
matinvent_style_target12_tri_fixed_scaler_gpu,baseline,0016,online_evaluation,gen_11,data/structures/reward_guided/baseline/0016/generated/gen_11.cif,True,data/structures/reward_guided/baseline/0016/relaxed/gen_11_relaxed.cif,True,True,15.048460345955831,0.31297284,,True,False,,True,True,True,,
matinvent_style_target12_tri_fixed_scaler_gpu,baseline,0016,online_evaluation,gen_12,data/structures/reward_guided/baseline/0016/generated/gen_12.cif,True,data/structures/reward_guided/baseline/0016/relaxed/gen_12_relaxed.cif,True,True,14.20300910039331,0.5451708,,True,False,,True,True,True,,
matinvent_style_target12_tri_fixed_scaler_gpu,baseline,0016,online_evaluation,gen_13,data/structures/reward_guided/baseline/0016/generated/gen_13.cif,True,data/structures/reward_guided/baseline/0016/relaxed/gen_13_relaxed.cif,False,False,,,,False,False,,,,,,
matinvent_style_target12_tri_fixed_scaler_gpu,baseline,0016,online_evaluation,gen_14,data/structures/reward_guided/baseline/0016/generated/gen_14.cif,True,data/structures/reward_guided/baseline/0016/relaxed/gen_14_relaxed.cif,False,False,,,,False,False,,,,,,
matinvent_style_target12_tri_fixed_scaler_gpu,baseline,0016,online_evaluation,gen_15,data/structures/reward_guided/baseline/0016/generated/gen_15.cif,True,data/structures/reward_guided/baseline/0016/relaxed/gen_15_relaxed.cif,True,True,11.315207593984452,0.9430674,,True,False,,True,True,True,,
matinvent_style_target12_tri_fixed_scaler_gpu,baseline,0016,online_evaluation,gen_16,data/structures/reward_guided/baseline/0016/generated/gen_16.cif,True,data/structures/reward_guided/baseline/0016/relaxed/gen_16_relaxed.cif,False,False,,,,False,False,,,,,,
matinvent_style_target12_tri_fixed_scaler_gpu,baseline,0016,online_evaluation,gen_17,data/structures/reward_guided/baseline/0016/generated/gen_17.cif,True,data/structures/reward_guided/baseline/0016/relaxed/gen_17_relaxed.cif,True,True,18.081184495599867,0.009827206,,False,False,,True,True,True,,
matinvent_style_target12_tri_fixed_scaler_gpu,baseline,0016,online_evaluation,gen_18,data/structures/reward_guided/baseline/0016/generated/gen_18.cif,True,data/structures/reward_guided/baseline/0016/relaxed/gen_18_relaxed.cif,False,False,,,,False,False,,,,,,
matinvent_style_target12_tri_fixed_scaler_gpu,baseline,0016,online_evaluation,gen_19,data/structures/reward_guided/baseline/0016/generated/gen_19.cif,,,False,False,,,,False,False,,,,,,invalid_raw_structure
matinvent_style_target12_tri_fixed_scaler_gpu,baseline,0016,online_evaluation,gen_2,data/structures/reward_guided/baseline/0016/generated/gen_2.cif,True,data/structures/reward_guided/baseline/0016/relaxed/gen_2_relaxed.cif,True,True,17.874576413512226,0.013382184,,False,False,,True,True,True,,
matinvent_style_target12_tri_fixed_scaler_gpu,baseline,0016,online_evaluation,gen_20,data/structures/reward_guided/baseline/0016/generated/gen_20.cif,True,data/structures/reward_guided/baseline/0016/relaxed/gen_20_relaxed.cif,False,False,,,,False,False,,,,,,
matinvent_style_target12_tri_fixed_scaler_gpu,baseline,0016,online_evaluation,gen_21,data/structures/reward_guided/baseline/0016/generated/gen_21.cif,True,data/structures/reward_guided/baseline/0016/relaxed/gen_21_relaxed.cif,False,False,,,,False,False,,,,,,
matinvent_style_target12_tri_fixed_scaler_gpu,baseline,0016,online_evaluation,gen_22,data/structures/reward_guided/baseline/0016/generated/gen_22.cif,True,data/structures/reward_guided/baseline/0016/relaxed/gen_22_relaxed.cif,True,True,16.42878927143011,0.08614083,,False,False,,True,True,True,,
matinvent_style_target12_tri_fixed_scaler_gpu,baseline,0016,online_evaluation,gen_23,data/structures/reward_guided/baseline/0016/generated/gen_23.cif,True,data/structures/reward_guided/baseline/0016/relaxed/gen_23_relaxed.cif,False,False,,,,False,False,,,,,,
matinvent_style_target12_tri_fixed_scaler_gpu,baseline,0016,online_evaluation,gen_24,data/structures/reward_guided/baseline/0016/generated/gen_24.cif,True,data/structures/reward_guided/baseline/0016/relaxed/gen_24_relaxed.cif,True,True,4.245537525767891,0.00054405455,,False,False,,True,True,True,,
matinvent_style_target12_tri_fixed_scaler_gpu,baseline,0016,online_evaluation,gen_25,data/structures/reward_guided/baseline/0016/generated/gen_25.cif,True,data/structures/reward_guided/baseline/0016/relaxed/gen_25_relaxed.cif,False,False,,,,False,False,,,,,,
matinvent_style_target12_tri_fixed_scaler_gpu,baseline,0016,online_evaluation,gen_26,data/structures/reward_guided/baseline/0016/generated/gen_26.cif,,,False,False,,,,False,False,,,,,,invalid_raw_structure
matinvent_style_target12_tri_fixed_scaler_gpu,baseline,0016,online_evaluation,gen_27,data/structures/reward_guided/baseline/0016/generated/gen_27.cif,True,data/structures/reward_guided/baseline/0016/relaxed/gen_27_relaxed.cif,False,False,,,,False,False,,,,,,
matinvent_style_target12_tri_fixed_scaler_gpu,baseline,0016,online_evaluation,gen_28,data/structures/reward_guided/baseline/0016/generated/gen_28.cif,True,data/structures/reward_guided/baseline/0016/relaxed/gen_28_relaxed.cif,False,False,,,,False,False,,,,,,
matinvent_style_target12_tri_fixed_scaler_gpu,baseline,0016,online_evaluation,gen_29,data/structures/reward_guided/baseline/0016/generated/gen_29.cif,True,data/structures/reward_guided/baseline/0016/relaxed/gen_29_relaxed.cif,True,True,13.2279958539815,0.8282032,,True,False,,True,True,True,,
matinvent_style_target12_tri_fixed_scaler_gpu,baseline,0016,online_evaluation,gen_3,data/structures/reward_guided/baseline/0016/generated/gen_3.cif,True,data/structures/reward_guided/baseline/0016/relaxed/gen_3_relaxed.cif,False,False,,,,False,False,,,,,,
matinvent_style_target12_tri_fixed_scaler_gpu,baseline,0016,online_evaluation,gen_30,data/structures/reward_guided/baseline/0016/generated/gen_30.cif,True,data/structures/reward_guided/baseline/0016/relaxed/gen_30_relaxed.cif,False,False,,,,False,False,,,,,,
matinvent_style_target12_tri_fixed_scaler_gpu,baseline,0016,online_evaluation,gen_31,data/structures/reward_guided/baseline/0016/generated/gen_31.cif,True,data/structures/reward_guided/baseline/0016/relaxed/gen_31_relaxed.cif,False,False,,,,False,False,,,,,,
matinvent_style_target12_tri_fixed_scaler_gpu,baseline,0016,online_evaluation,gen_32,data/structures/reward_guided/baseline/0016/generated/gen_32.cif,True,data/structures/reward_guided/baseline/0016/relaxed/gen_32_relaxed.cif,False,False,,,,False,False,,,,,,
matinvent_style_target12_tri_fixed_scaler_gpu,baseline,0016,online_evaluation,gen_33,data/structures/reward_guided/baseline/0016/generated/gen_33.cif,True,data/structures/reward_guided/baseline/0016/relaxed/gen_33_relaxed.cif,False,False,,,,False,False,,,,,,
matinvent_style_target12_tri_fixed_scaler_gpu,baseline,0016,online_evaluation,gen_34,data/structures/reward_guided/baseline/0016/generated/gen_34.cif,True,data/structures/reward_guided/baseline/0016/relaxed/gen_34_relaxed.cif,False,False,,,,False,False,,,,,,
matinvent_style_target12_tri_fixed_scaler_gpu,baseline,0016,online_evaluation,gen_35,data/structures/reward_guided/baseline/0016/generated/gen_35.cif,,,False,False,,,,False,False,,,,,,invalid_raw_structure
matinvent_style_target12_tri_fixed_scaler_gpu,baseline,0016,online_evaluation,gen_36,data/structures/reward_guided/baseline/0016/generated/gen_36.cif,,,False,False,,,,False,False,,,,,,invalid_raw_structure
matinvent_style_target12_tri_fixed_scaler_gpu,baseline,0016,online_evaluation,gen_37,data/structures/reward_guided/baseline/0016/generated/gen_37.cif,True,data/structures/reward_guided/baseline/0016/relaxed/gen_37_relaxed.cif,False,False,,,,False,False,,,,,,
matinvent_style_target12_tri_fixed_scaler_gpu,baseline,0016,online_evaluation,gen_38,data/structures/reward_guided/baseline/0016/generated/gen_38.cif,True,data/structures/reward_guided/baseline/0016/relaxed/gen_38_relaxed.cif,False,False,,,,False,False,,,,,,
matinvent_style_target12_tri_fixed_scaler_gpu,baseline,0016,online_evaluation,gen_39,data/structures/reward_guided/baseline/0016/generated/gen_39.cif,True,data/structures/reward_guided/baseline/0016/relaxed/gen_39_relaxed.cif,True,True,30.915340503726,3.773257e-20,,False,False,,True,True,True,,
matinvent_style_target12_tri_fixed_scaler_gpu,baseline,0016,online_evaluation,gen_4,data/structures/reward_guided/baseline/0016/generated/gen_4.cif,True,data/structures/reward_guided/baseline/0016/relaxed/gen_4_relaxed.cif,True,True,13.574709154826555,0.73347366,,True,False,,True,True,True,,
matinvent_style_target12_tri_fixed_scaler_gpu,baseline,0016,online_evaluation,gen_40,data/structures/reward_guided/baseline/0016/generated/gen_40.cif,True,data/structures/reward_guided/baseline/0016/relaxed/gen_40_relaxed.cif,False,False,,,,False,False,,,,,,
matinvent_style_target12_tri_fixed_scaler_gpu,baseline,0016,online_evaluation,gen_41,data/structures/reward_guided/baseline/0016/generated/gen_41.cif,,,False,False,,,,False,False,,,,,,invalid_raw_structure
matinvent_style_target12_tri_fixed_scaler_gpu,baseline,0016,online_evaluation,gen_42,data/structures/reward_guided/baseline/0016/generated/gen_42.cif,True,data/structures/reward_guided/baseline/0016/relaxed/gen_42_relaxed.cif,False,False,,,,False,False,,,,,,
matinvent_style_target12_tri_fixed_scaler_gpu,baseline,0016,online_evaluation,gen_43,data/structures/reward_guided/baseline/0016/generated/gen_43.cif,True,data/structures/reward_guided/baseline/0016/relaxed/gen_43_relaxed.cif,True,True,5.628613328759588,0.0062553324,,False,False,,True,True,True,,
matinvent_style_target12_tri_fixed_scaler_gpu,baseline,0016,online_evaluation,gen_44,data/structures/reward_guided/baseline/0016/generated/gen_44.cif,True,data/structures/reward_guided/baseline/0016/relaxed/gen_44_relaxed.cif,False,False,,,,False,False,,,,,,
matinvent_style_target12_tri_fixed_scaler_gpu,baseline,0016,online_evaluation,gen_45,data/structures/reward_guided/baseline/0016/generated/gen_45.cif,True,data/structures/reward_guided/baseline/0016/relaxed/gen_45_relaxed.cif,False,False,,,,False,False,,,,,,
matinvent_style_target12_tri_fixed_scaler_gpu,baseline,0016,online_evaluation,gen_46,data/structures/reward_guided/baseline/0016/generated/gen_46.cif,True,data/structures/reward_guided/baseline/0016/relaxed/gen_46_relaxed.cif,False,False,,,,False,False,,,,,,
matinvent_style_target12_tri_fixed_scaler_gpu,baseline,0016,online_evaluation,gen_47,data/structures/reward_guided/baseline/0016/generated/gen_47.cif,True,data/structures/reward_guided/baseline/0016/relaxed/gen_47_relaxed.cif,False,False,,,,False,False,,,,,,
matinvent_style_target12_tri_fixed_scaler_gpu,baseline,0016,online_evaluation,gen_48,data/structures/reward_guided/baseline/0016/generated/gen_48.cif,True,data/structures/reward_guided/baseline/0016/relaxed/gen_48_relaxed.cif,False,False,,,,False,False,,,,,,
matinvent_style_target12_tri_fixed_scaler_gpu,baseline,0016,online_evaluation,gen_49,data/structures/reward_guided/baseline/0016/generated/gen_49.cif,True,data/structures/reward_guided/baseline/0016/relaxed/gen_49_relaxed.cif,False,False,,,,False,False,,,,,,
matinvent_style_target12_tri_fixed_scaler_gpu,baseline,0016,online_evaluation,gen_5,data/structures/reward_guided/baseline/0016/generated/gen_5.cif,True,data/structures/reward_guided/baseline/0016/relaxed/gen_5_relaxed.cif,True,True,14.025343331465798,0.5988453,,True,False,,True,True,True,,
matinvent_style_target12_tri_fixed_scaler_gpu,baseline,0016,online_evaluation,gen_50,data/structures/reward_guided/baseline/0016/generated/gen_50.cif,True,data/structures/reward_guided/baseline/0016/relaxed/gen_50_relaxed.cif,False,False,,,,False,False,,,,,,
matinvent_style_target12_tri_fixed_scaler_gpu,baseline,0016,online_evaluation,gen_51,data/structures/reward_guided/baseline/0016/generated/gen_51.cif,True,data/structures/reward_guided/baseline/0016/relaxed/gen_51_relaxed.cif,False,False,,,,False,False,,,,,,
matinvent_style_target12_tri_fixed_scaler_gpu,baseline,0016,online_evaluation,gen_52,data/structures/reward_guided/baseline/0016/generated/gen_52.cif,True,data/structures/reward_guided/baseline/0016/relaxed/gen_52_relaxed.cif,False,False,,,,False,False,,,,,,
matinvent_style_target12_tri_fixed_scaler_gpu,baseline,0016,online_evaluation,gen_53,data/structures/reward_guided/baseline/0016/generated/gen_53.cif,True,data/structures/reward_guided/baseline/0016/relaxed/gen_53_relaxed.cif,False,False,,,,False,False,,,,,,
matinvent_style_target12_tri_fixed_scaler_gpu,baseline,0016,online_evaluation,gen_54,data/structures/reward_guided/baseline/0016/generated/gen_54.cif,True,data/structures/reward_guided/baseline/0016/relaxed/gen_54_relaxed.cif,False,False,,,,False,False,,,,,,
matinvent_style_target12_tri_fixed_scaler_gpu,baseline,0016,online_evaluation,gen_55,data/structures/reward_guided/baseline/0016/generated/gen_55.cif,True,data/structures/reward_guided/baseline/0016/relaxed/gen_55_relaxed.cif,True,True,10.70546691614532,0.8110083,,True,False,,True,True,True,,
matinvent_style_target12_tri_fixed_scaler_gpu,baseline,0016,online_evaluation,gen_56,data/structures/reward_guided/baseline/0016/generated/gen_56.cif,True,data/structures/reward_guided/baseline/0016/relaxed/gen_56_relaxed.cif,False,False,,,,False,False,,,,,,
matinvent_style_target12_tri_fixed_scaler_gpu,baseline,0016,online_evaluation,gen_57,data/structures/reward_guided/baseline/0016/generated/gen_57.cif,,,False,False,,,,False,False,,,,,,invalid_raw_structure
matinvent_style_target12_tri_fixed_scaler_gpu,baseline,0016,online_evaluation,gen_58,data/structures/reward_guided/baseline/0016/generated/gen_58.cif,True,data/structures/reward_guided/baseline/0016/relaxed/gen_58_relaxed.cif,False,False,,,,False,False,,,,,,
matinvent_style_target12_tri_fixed_scaler_gpu,baseline,0016,online_evaluation,gen_59,data/structures/reward_guided/baseline/0016/generated/gen_59.cif,True,data/structures/reward_guided/baseline/0016/relaxed/gen_59_relaxed.cif,False,False,,,,False,False,,,,,,
matinvent_style_target12_tri_fixed_scaler_gpu,baseline,0016,online_evaluation,gen_6,data/structures/reward_guided/baseline/0016/generated/gen_6.cif,True,data/structures/reward_guided/baseline/0016/relaxed/gen_6_relaxed.cif,False,False,,,,False,False,,,,,,
matinvent_style_target12_tri_fixed_scaler_gpu,baseline,0016,online_evaluation,gen_60,data/structures/reward_guided/baseline/0016/generated/gen_60.cif,True,data/structures/reward_guided/baseline/0016/relaxed/gen_60_relaxed.cif,False,False,,,,False,False,,,,,,
matinvent_style_target12_tri_fixed_scaler_gpu,baseline,0016,online_evaluation,gen_61,data/structures/reward_guided/baseline/0016/generated/gen_61.cif,True,data/structures/reward_guided/baseline/0016/relaxed/gen_61_relaxed.cif,False,False,,,,False,False,,,,,,
matinvent_style_target12_tri_fixed_scaler_gpu,baseline,0016,online_evaluation,gen_62,data/structures/reward_guided/baseline/0016/generated/gen_62.cif,True,data/structures/reward_guided/baseline/0016/relaxed/gen_62_relaxed.cif,False,False,,,,False,False,,,,,,
matinvent_style_target12_tri_fixed_scaler_gpu,baseline,0016,online_evaluation,gen_63,data/structures/reward_guided/baseline/0016/generated/gen_63.cif,True,data/structures/reward_guided/baseline/0016/relaxed/gen_63_relaxed.cif,False,False,,,,False,False,,,,,,
matinvent_style_target12_tri_fixed_scaler_gpu,baseline,0016,online_evaluation,gen_7,data/structures/reward_guided/baseline/0016/generated/gen_7.cif,True,data/structures/reward_guided/baseline/0016/relaxed/gen_7_relaxed.cif,False,False,,,,False,False,,,,,,
matinvent_style_target12_tri_fixed_scaler_gpu,baseline,0016,online_evaluation,gen_8,data/structures/reward_guided/baseline/0016/generated/gen_8.cif,True,data/structures/reward_guided/baseline/0016/relaxed/gen_8_relaxed.cif,False,False,,,,False,False,,,,,,
matinvent_style_target12_tri_fixed_scaler_gpu,baseline,0016,online_evaluation,gen_9,data/structures/reward_guided/baseline/0016/generated/gen_9.cif,True,data/structures/reward_guided/baseline/0016/relaxed/gen_9_relaxed.cif,False,False,,,,False,False,,,,,,
matinvent_style_target12_tri_fixed_scaler_gpu,baseline,0017,online_evaluation,gen_0,data/structures/reward_guided/baseline/0017/generated/gen_0.cif,,,False,False,,,,False,False,,,,,,invalid_raw_structure
matinvent_style_target12_tri_fixed_scaler_gpu,baseline,0017,online_evaluation,gen_1,data/structures/reward_guided/baseline/0017/generated/gen_1.cif,True,data/structures/reward_guided/baseline/0017/relaxed/gen_1_relaxed.cif,False,False,,,,False,False,,,,,,
matinvent_style_target12_tri_fixed_scaler_gpu,baseline,0017,online_evaluation,gen_10,data/structures/reward_guided/baseline/0017/generated/gen_10.cif,True,data/structures/reward_guided/baseline/0017/relaxed/gen_10_relaxed.cif,False,False,,,,False,False,,,,,,
matinvent_style_target12_tri_fixed_scaler_gpu,baseline,0017,online_evaluation,gen_11,data/structures/reward_guided/baseline/0017/generated/gen_11.cif,,,False,False,,,,False,False,,,,,,invalid_raw_structure
matinvent_style_target12_tri_fixed_scaler_gpu,baseline,0017,online_evaluation,gen_12,data/structures/reward_guided/baseline/0017/generated/gen_12.cif,True,data/structures/reward_guided/baseline/0017/relaxed/gen_12_relaxed.cif,True,True,13.563296938204845,0.7367644,,True,False,,True,True,True,,
matinvent_style_target12_tri_fixed_scaler_gpu,baseline,0017,online_evaluation,gen_13,data/structures/reward_guided/baseline/0017/generated/gen_13.cif,,,False,False,,,,False,False,,,,,,invalid_raw_structure
matinvent_style_target12_tri_fixed_scaler_gpu,baseline,0017,online_evaluation,gen_14,data/structures/reward_guided/baseline/0017/generated/gen_14.cif,True,data/structures/reward_guided/baseline/0017/relaxed/gen_14_relaxed.cif,True,True,5.338579370743148,0.0038998562,,False,False,,True,True,True,,
matinvent_style_target12_tri_fixed_scaler_gpu,baseline,0017,online_evaluation,gen_15,data/structures/reward_guided/baseline/0017/generated/gen_15.cif,True,data/structures/reward_guided/baseline/0017/relaxed/gen_15_relaxed.cif,True,True,14.362906693011448,0.49762127,,True,False,,True,True,True,,
matinvent_style_target12_tri_fixed_scaler_gpu,baseline,0017,online_evaluation,gen_16,data/structures/reward_guided/baseline/0017/generated/gen_16.cif,True,data/structures/reward_guided/baseline/0017/relaxed/gen_16_relaxed.cif,False,False,,,,False,False,,,,,,
matinvent_style_target12_tri_fixed_scaler_gpu,baseline,0017,online_evaluation,gen_17,data/structures/reward_guided/baseline/0017/generated/gen_17.cif,True,data/structures/reward_guided/baseline/0017/relaxed/gen_17_relaxed.cif,False,False,,,,False,False,,,,,,
matinvent_style_target12_tri_fixed_scaler_gpu,baseline,0017,online_evaluation,gen_18,data/structures/reward_guided/baseline/0017/generated/gen_18.cif,True,data/structures/reward_guided/baseline/0017/relaxed/gen_18_relaxed.cif,False,False,,,,False,False,,,,,,
matinvent_style_target12_tri_fixed_scaler_gpu,baseline,0017,online_evaluation,gen_19,data/structures/reward_guided/baseline/0017/generated/gen_19.cif,True,data/structures/reward_guided/baseline/0017/relaxed/gen_19_relaxed.cif,False,False,,,,False,False,,,,,,
matinvent_style_target12_tri_fixed_scaler_gpu,baseline,0017,online_evaluation,gen_2,data/structures/reward_guided/baseline/0017/generated/gen_2.cif,True,data/structures/reward_guided/baseline/0017/relaxed/gen_2_relaxed.cif,False,False,,,,False,False,,,,,,
matinvent_style_target12_tri_fixed_scaler_gpu,baseline,0017,online_evaluation,gen_20,data/structures/reward_guided/baseline/0017/generated/gen_20.cif,True,data/structures/reward_guided/baseline/0017/relaxed/gen_20_relaxed.cif,False,False,,,,False,False,,,,,,
matinvent_style_target12_tri_fixed_scaler_gpu,baseline,0017,online_evaluation,gen_21,data/structures/reward_guided/baseline/0017/generated/gen_21.cif,True,data/structures/reward_guided/baseline/0017/relaxed/gen_21_relaxed.cif,False,False,,,,False,False,,,,,,
matinvent_style_target12_tri_fixed_scaler_gpu,baseline,0017,online_evaluation,gen_22,data/structures/reward_guided/baseline/0017/generated/gen_22.cif,,,False,False,,,,False,False,,,,,,invalid_raw_structure
matinvent_style_target12_tri_fixed_scaler_gpu,baseline,0017,online_evaluation,gen_23,data/structures/reward_guided/baseline/0017/generated/gen_23.cif,,,False,False,,,,False,False,,,,,,invalid_raw_structure
matinvent_style_target12_tri_fixed_scaler_gpu,baseline,0017,online_evaluation,gen_24,data/structures/reward_guided/baseline/0017/generated/gen_24.cif,,,False,False,,,,False,False,,,,,,invalid_raw_structure
matinvent_style_target12_tri_fixed_scaler_gpu,baseline,0017,online_evaluation,gen_25,data/structures/reward_guided/baseline/0017/generated/gen_25.cif,True,data/structures/reward_guided/baseline/0017/relaxed/gen_25_relaxed.cif,True,True,14.5727860634534,0.43718296,,True,False,,True,True,True,,
matinvent_style_target12_tri_fixed_scaler_gpu,baseline,0017,online_evaluation,gen_26,data/structures/reward_guided/baseline/0017/generated/gen_26.cif,True,data/structures/reward_guided/baseline/0017/relaxed/gen_26_relaxed.cif,True,True,15.5587841164969,0.20533386,,True,False,,True,True,True,,
matinvent_style_target12_tri_fixed_scaler_gpu,baseline,0017,online_evaluation,gen_27,data/structures/reward_guided/baseline/0017/generated/gen_27.cif,,,False,False,,,,False,False,,,,,,invalid_raw_structure
matinvent_style_target12_tri_fixed_scaler_gpu,baseline,0017,online_evaluation,gen_28,data/structures/reward_guided/baseline/0017/generated/gen_28.cif,True,data/structures/reward_guided/baseline/0017/relaxed/gen_28_relaxed.cif,True,True,12.45170506072897,0.9748178,,True,False,,True,True,True,,
matinvent_style_target12_tri_fixed_scaler_gpu,baseline,0017,online_evaluation,gen_29,data/structures/reward_guided/baseline/0017/generated/gen_29.cif,True,data/structures/reward_guided/baseline/0017/relaxed/gen_29_relaxed.cif,False,False,,,,False,False,,,,,,
matinvent_style_target12_tri_fixed_scaler_gpu,baseline,0017,online_evaluation,gen_3,data/structures/reward_guided/baseline/0017/generated/gen_3.cif,True,data/structures/reward_guided/baseline/0017/relaxed/gen_3_relaxed.cif,False,False,,,,False,False,,,,,,
matinvent_style_target12_tri_fixed_scaler_gpu,baseline,0017,online_evaluation,gen_30,data/structures/reward_guided/baseline/0017/generated/gen_30.cif,True,data/structures/reward_guided/baseline/0017/relaxed/gen_30_relaxed.cif,True,True,8.902185820170313,0.3013278,,True,False,,True,True,True,,
matinvent_style_target12_tri_fixed_scaler_gpu,baseline,0017,online_evaluation,gen_31,data/structures/reward_guided/baseline/0017/generated/gen_31.cif,True,data/structures/reward_guided/baseline/0017/relaxed/gen_31_relaxed.cif,False,False,,,,False,False,,,,,,
matinvent_style_target12_tri_fixed_scaler_gpu,baseline,0017,online_evaluation,gen_32,data/structures/reward_guided/baseline/0017/generated/gen_32.cif,True,data/structures/reward_guided/baseline/0017/relaxed/gen_32_relaxed.cif,False,False,,,,False,False,,,,,,
matinvent_style_target12_tri_fixed_scaler_gpu,baseline,0017,online_evaluation,gen_33,data/structures/reward_guided/baseline/0017/generated/gen_33.cif,True,data/structures/reward_guided/baseline/0017/relaxed/gen_33_relaxed.cif,False,False,,,,False,False,,,,,,
matinvent_style_target12_tri_fixed_scaler_gpu,baseline,0017,online_evaluation,gen_34,data/structures/reward_guided/baseline/0017/generated/gen_34.cif,True,data/structures/reward_guided/baseline/0017/relaxed/gen_34_relaxed.cif,True,True,2.9681635760121696,3.7290996e-05,,False,False,,True,True,True,,
matinvent_style_target12_tri_fixed_scaler_gpu,baseline,0017,online_evaluation,gen_35,data/structures/reward_guided/baseline/0017/generated/gen_35.cif,True,data/structures/reward_guided/baseline/0017/relaxed/gen_35_relaxed.cif,True,True,13.358176219356691,0.7940726,,True,False,,True,True,True,,
matinvent_style_target12_tri_fixed_scaler_gpu,baseline,0017,online_evaluation,gen_36,data/structures/reward_guided/baseline/0017/generated/gen_36.cif,True,data/structures/reward_guided/baseline/0017/relaxed/gen_36_relaxed.cif,True,True,10.615703507366767,0.78699404,,True,False,,True,True,True,,
matinvent_style_target12_tri_fixed_scaler_gpu,baseline,0017,online_evaluation,gen_37,data/structures/reward_guided/baseline/0017/generated/gen_37.cif,True,data/structures/reward_guided/baseline/0017/relaxed/gen_37_relaxed.cif,False,False,,,,False,False,,,,,,
matinvent_style_target12_tri_fixed_scaler_gpu,baseline,0017,online_evaluation,gen_38,data/structures/reward_guided/baseline/0017/generated/gen_38.cif,True,data/structures/reward_guided/baseline/0017/relaxed/gen_38_relaxed.cif,True,True,7.001457865129282,0.04401706,,False,False,,True,True,True,,
matinvent_style_target12_tri_fixed_scaler_gpu,baseline,0017,online_evaluation,gen_39,data/structures/reward_guided/baseline/0017/generated/gen_39.cif,True,data/structures/reward_guided/baseline/0017/relaxed/gen_39_relaxed.cif,False,False,,,,False,False,,,,,,
matinvent_style_target12_tri_fixed_scaler_gpu,baseline,0017,online_evaluation,gen_4,data/structures/reward_guided/baseline/0017/generated/gen_4.cif,True,data/structures/reward_guided/baseline/0017/relaxed/gen_4_relaxed.cif,False,False,,,,False,False,,,,,,
matinvent_style_target12_tri_fixed_scaler_gpu,baseline,0017,online_evaluation,gen_40,data/structures/reward_guided/baseline/0017/generated/gen_40.cif,True,data/structures/reward_guided/baseline/0017/relaxed/gen_40_relaxed.cif,False,False,,,,False,False,,,,,,
matinvent_style_target12_tri_fixed_scaler_gpu,baseline,0017,online_evaluation,gen_41,data/structures/reward_guided/baseline/0017/generated/gen_41.cif,True,data/structures/reward_guided/baseline/0017/relaxed/gen_41_relaxed.cif,False,False,,,,False,False,,,,,,
matinvent_style_target12_tri_fixed_scaler_gpu,baseline,0017,online_evaluation,gen_42,data/structures/reward_guided/baseline/0017/generated/gen_42.cif,True,data/structures/reward_guided/baseline/0017/relaxed/gen_42_relaxed.cif,False,False,,,,False,False,,,,,,
matinvent_style_target12_tri_fixed_scaler_gpu,baseline,0017,online_evaluation,gen_43,data/structures/reward_guided/baseline/0017/generated/gen_43.cif,,,False,False,,,,False,False,,,,,,invalid_raw_structure
matinvent_style_target12_tri_fixed_scaler_gpu,baseline,0017,online_evaluation,gen_44,data/structures/reward_guided/baseline/0017/generated/gen_44.cif,,,False,False,,,,False,False,,,,,,invalid_raw_structure
matinvent_style_target12_tri_fixed_scaler_gpu,baseline,0017,online_evaluation,gen_45,data/structures/reward_guided/baseline/0017/generated/gen_45.cif,True,data/structures/reward_guided/baseline/0017/relaxed/gen_45_relaxed.cif,False,False,,,,False,False,,,,,,
matinvent_style_target12_tri_fixed_scaler_gpu,baseline,0017,online_evaluation,gen_46,data/structures/reward_guided/baseline/0017/generated/gen_46.cif,True,data/structures/reward_guided/baseline/0017/relaxed/gen_46_relaxed.cif,False,False,,,,False,False,,,,,,
matinvent_style_target12_tri_fixed_scaler_gpu,baseline,0017,online_evaluation,gen_47,data/structures/reward_guided/baseline/0017/generated/gen_47.cif,True,data/structures/reward_guided/baseline/0017/relaxed/gen_47_relaxed.cif,True,True,16.68180611918297,0.064575925,,False,False,,True,True,True,,
matinvent_style_target12_tri_fixed_scaler_gpu,baseline,0017,online_evaluation,gen_48,data/structures/reward_guided/baseline/0017/generated/gen_48.cif,True,data/structures/reward_guided/baseline/0017/relaxed/gen_48_relaxed.cif,False,False,,,,False,False,,,,,,
matinvent_style_target12_tri_fixed_scaler_gpu,baseline,0017,online_evaluation,gen_49,data/structures/reward_guided/baseline/0017/generated/gen_49.cif,True,data/structures/reward_guided/baseline/0017/relaxed/gen_49_relaxed.cif,True,True,22.904171361456907,3.5095104e-07,,False,False,,True,True,True,,
matinvent_style_target12_tri_fixed_scaler_gpu,baseline,0017,online_evaluation,gen_5,data/structures/reward_guided/baseline/0017/generated/gen_5.cif,True,data/structures/reward_guided/baseline/0017/relaxed/gen_5_relaxed.cif,False,False,,,,False,False,,,,,,
matinvent_style_target12_tri_fixed_scaler_gpu,baseline,0017,online_evaluation,gen_50,data/structures/reward_guided/baseline/0017/generated/gen_50.cif,True,data/structures/reward_guided/baseline/0017/relaxed/gen_50_relaxed.cif,False,False,,,,False,False,,,,,,
matinvent_style_target12_tri_fixed_scaler_gpu,baseline,0017,online_evaluation,gen_51,data/structures/reward_guided/baseline/0017/generated/gen_51.cif,True,data/structures/reward_guided/baseline/0017/relaxed/gen_51_relaxed.cif,False,False,,,,False,False,,,,,,
matinvent_style_target12_tri_fixed_scaler_gpu,baseline,0017,online_evaluation,gen_52,data/structures/reward_guided/baseline/0017/generated/gen_52.cif,True,data/structures/reward_guided/baseline/0017/relaxed/gen_52_relaxed.cif,False,False,,,,False,False,,,,,,
matinvent_style_target12_tri_fixed_scaler_gpu,baseline,0017,online_evaluation,gen_53,data/structures/reward_guided/baseline/0017/generated/gen_53.cif,True,data/structures/reward_guided/baseline/0017/relaxed/gen_53_relaxed.cif,True,True,20.42559045366657,0.00014000648,,False,False,,True,True,True,,
matinvent_style_target12_tri_fixed_scaler_gpu,baseline,0017,online_evaluation,gen_54,data/structures/reward_guided/baseline/0017/generated/gen_54.cif,True,data/structures/reward_guided/baseline/0017/relaxed/gen_54_relaxed.cif,False,False,,,,False,False,,,,,,
matinvent_style_target12_tri_fixed_scaler_gpu,baseline,0017,online_evaluation,gen_55,data/structures/reward_guided/baseline/0017/generated/gen_55.cif,,,False,False,,,,False,False,,,,,,invalid_raw_structure
matinvent_style_target12_tri_fixed_scaler_gpu,baseline,0017,online_evaluation,gen_56,data/structures/reward_guided/baseline/0017/generated/gen_56.cif,True,data/structures/reward_guided/baseline/0017/relaxed/gen_56_relaxed.cif,True,True,2.102674462592127,4.810875e-06,,False,False,,True,True,True,,
matinvent_style_target12_tri_fixed_scaler_gpu,baseline,0017,online_evaluation,gen_57,data/structures/reward_guided/baseline/0017/generated/gen_57.cif,True,data/structures/reward_guided/baseline/0017/relaxed/gen_57_relaxed.cif,False,False,,,,False,False,,,,,,
matinvent_style_target12_tri_fixed_scaler_gpu,baseline,0017,online_evaluation,gen_58,data/structures/reward_guided/baseline/0017/generated/gen_58.cif,True,data/structures/reward_guided/baseline/0017/relaxed/gen_58_relaxed.cif,True,True,15.989783995059112,0.13672318,,False,False,,True,True,True,,
matinvent_style_target12_tri_fixed_scaler_gpu,baseline,0017,online_evaluation,gen_59,data/structures/reward_guided/baseline/0017/generated/gen_59.cif,True,data/structures/reward_guided/baseline/0017/relaxed/gen_59_relaxed.cif,False,False,,,,False,False,,,,,,
matinvent_style_target12_tri_fixed_scaler_gpu,baseline,0017,online_evaluation,gen_6,data/structures/reward_guided/baseline/0017/generated/gen_6.cif,True,data/structures/reward_guided/baseline/0017/relaxed/gen_6_relaxed.cif,False,False,,,,False,False,,,,,,
matinvent_style_target12_tri_fixed_scaler_gpu,baseline,0017,online_evaluation,gen_60,data/structures/reward_guided/baseline/0017/generated/gen_60.cif,True,data/structures/reward_guided/baseline/0017/relaxed/gen_60_relaxed.cif,False,False,,,,False,False,,,,,,
matinvent_style_target12_tri_fixed_scaler_gpu,baseline,0017,online_evaluation,gen_61,data/structures/reward_guided/baseline/0017/generated/gen_61.cif,True,data/structures/reward_guided/baseline/0017/relaxed/gen_61_relaxed.cif,False,False,,,,False,False,,,,,,
matinvent_style_target12_tri_fixed_scaler_gpu,baseline,0017,online_evaluation,gen_62,data/structures/reward_guided/baseline/0017/generated/gen_62.cif,True,data/structures/reward_guided/baseline/0017/relaxed/gen_62_relaxed.cif,False,False,,,,False,False,,,,,,
matinvent_style_target12_tri_fixed_scaler_gpu,baseline,0017,online_evaluation,gen_63,data/structures/reward_guided/baseline/0017/generated/gen_63.cif,True,data/structures/reward_guided/baseline/0017/relaxed/gen_63_relaxed.cif,False,False,,,,False,False,,,,,,
matinvent_style_target12_tri_fixed_scaler_gpu,baseline,0017,online_evaluation,gen_7,data/structures/reward_guided/baseline/0017/generated/gen_7.cif,True,data/structures/reward_guided/baseline/0017/relaxed/gen_7_relaxed.cif,False,False,,,,False,False,,,,,,
matinvent_style_target12_tri_fixed_scaler_gpu,baseline,0017,online_evaluation,gen_8,data/structures/reward_guided/baseline/0017/generated/gen_8.cif,,,False,False,,,,False,False,,,,,,invalid_raw_structure
matinvent_style_target12_tri_fixed_scaler_gpu,baseline,0017,online_evaluation,gen_9,data/structures/reward_guided/baseline/0017/generated/gen_9.cif,True,data/structures/reward_guided/baseline/0017/relaxed/gen_9_relaxed.cif,False,False,,,,False,False,,,,,,
matinvent_style_target12_tri_fixed_scaler_gpu,baseline,0018,online_evaluation,gen_0,data/structures/reward_guided/baseline/0018/generated/gen_0.cif,True,data/structures/reward_guided/baseline/0018/relaxed/gen_0_relaxed.cif,False,False,,,,False,False,,,,,,
matinvent_style_target12_tri_fixed_scaler_gpu,baseline,0018,online_evaluation,gen_1,data/structures/reward_guided/baseline/0018/generated/gen_1.cif,True,data/structures/reward_guided/baseline/0018/relaxed/gen_1_relaxed.cif,True,True,6.346124651167258,0.018392941,,False,False,,True,True,True,,
matinvent_style_target12_tri_fixed_scaler_gpu,baseline,0018,online_evaluation,gen_10,data/structures/reward_guided/baseline/0018/generated/gen_10.cif,True,data/structures/reward_guided/baseline/0018/relaxed/gen_10_relaxed.cif,False,False,,,,False,False,,,,,,
matinvent_style_target12_tri_fixed_scaler_gpu,baseline,0018,online_evaluation,gen_11,data/structures/reward_guided/baseline/0018/generated/gen_11.cif,True,data/structures/reward_guided/baseline/0018/relaxed/gen_11_relaxed.cif,True,True,26.03676868939154,2.0129003e-11,,False,False,,True,True,True,,
matinvent_style_target12_tri_fixed_scaler_gpu,baseline,0018,online_evaluation,gen_12,data/structures/reward_guided/baseline/0018/generated/gen_12.cif,,,False,False,,,,False,False,,,,,,invalid_raw_structure
matinvent_style_target12_tri_fixed_scaler_gpu,baseline,0018,online_evaluation,gen_13,data/structures/reward_guided/baseline/0018/generated/gen_13.cif,True,data/structures/reward_guided/baseline/0018/relaxed/gen_13_relaxed.cif,False,False,,,,False,False,,,,,,
matinvent_style_target12_tri_fixed_scaler_gpu,baseline,0018,online_evaluation,gen_14,data/structures/reward_guided/baseline/0018/generated/gen_14.cif,,,False,False,,,,False,False,,,,,,invalid_raw_structure
matinvent_style_target12_tri_fixed_scaler_gpu,baseline,0018,online_evaluation,gen_15,data/structures/reward_guided/baseline/0018/generated/gen_15.cif,True,data/structures/reward_guided/baseline/0018/relaxed/gen_15_relaxed.cif,False,False,,,,False,False,,,,,,
matinvent_style_target12_tri_fixed_scaler_gpu,baseline,0018,online_evaluation,gen_16,data/structures/reward_guided/baseline/0018/generated/gen_16.cif,True,data/structures/reward_guided/baseline/0018/relaxed/gen_16_relaxed.cif,True,True,19.926839443737432,0.00038806102,,False,False,,True,True,True,,
matinvent_style_target12_tri_fixed_scaler_gpu,baseline,0018,online_evaluation,gen_17,data/structures/reward_guided/baseline/0018/generated/gen_17.cif,True,data/structures/reward_guided/baseline/0018/relaxed/gen_17_relaxed.cif,False,False,,,,False,False,,,,,,
matinvent_style_target12_tri_fixed_scaler_gpu,baseline,0018,online_evaluation,gen_18,data/structures/reward_guided/baseline/0018/generated/gen_18.cif,True,data/structures/reward_guided/baseline/0018/relaxed/gen_18_relaxed.cif,False,False,,,,False,False,,,,,,
matinvent_style_target12_tri_fixed_scaler_gpu,baseline,0018,online_evaluation,gen_19,data/structures/reward_guided/baseline/0018/generated/gen_19.cif,True,data/structures/reward_guided/baseline/0018/relaxed/gen_19_relaxed.cif,False,False,,,,False,False,,,,,,
matinvent_style_target12_tri_fixed_scaler_gpu,baseline,0018,online_evaluation,gen_2,data/structures/reward_guided/baseline/0018/generated/gen_2.cif,True,data/structures/reward_guided/baseline/0018/relaxed/gen_2_relaxed.cif,True,True,7.476489874857724,0.07747748,,False,False,,True,True,True,,
matinvent_style_target12_tri_fixed_scaler_gpu,baseline,0018,online_evaluation,gen_20,data/structures/reward_guided/baseline/0018/generated/gen_20.cif,True,data/structures/reward_guided/baseline/0018/relaxed/gen_20_relaxed.cif,False,False,,,,False,False,,,,,,
matinvent_style_target12_tri_fixed_scaler_gpu,baseline,0018,online_evaluation,gen_21,data/structures/reward_guided/baseline/0018/generated/gen_21.cif,True,data/structures/reward_guided/baseline/0018/relaxed/gen_21_relaxed.cif,False,False,,,,False,False,,,,,,
matinvent_style_target12_tri_fixed_scaler_gpu,baseline,0018,online_evaluation,gen_22,data/structures/reward_guided/baseline/0018/generated/gen_22.cif,True,data/structures/reward_guided/baseline/0018/relaxed/gen_22_relaxed.cif,False,False,,,,False,False,,,,,,
matinvent_style_target12_tri_fixed_scaler_gpu,baseline,0018,online_evaluation,gen_23,data/structures/reward_guided/baseline/0018/generated/gen_23.cif,True,data/structures/reward_guided/baseline/0018/relaxed/gen_23_relaxed.cif,True,True,18.9159150322538,0.002532027,,False,False,,True,True,True,,
matinvent_style_target12_tri_fixed_scaler_gpu,baseline,0018,online_evaluation,gen_24,data/structures/reward_guided/baseline/0018/generated/gen_24.cif,True,data/structures/reward_guided/baseline/0018/relaxed/gen_24_relaxed.cif,False,False,,,,False,False,,,,,,
matinvent_style_target12_tri_fixed_scaler_gpu,baseline,0018,online_evaluation,gen_25,data/structures/reward_guided/baseline/0018/generated/gen_25.cif,True,data/structures/reward_guided/baseline/0018/relaxed/gen_25_relaxed.cif,False,False,,,,False,False,,,,,,
matinvent_style_target12_tri_fixed_scaler_gpu,baseline,0018,online_evaluation,gen_26,data/structures/reward_guided/baseline/0018/generated/gen_26.cif,True,data/structures/reward_guided/baseline/0018/relaxed/gen_26_relaxed.cif,False,False,,,,False,False,,,,,,
matinvent_style_target12_tri_fixed_scaler_gpu,baseline,0018,online_evaluation,gen_27,data/structures/reward_guided/baseline/0018/generated/gen_27.cif,True,data/structures/reward_guided/baseline/0018/relaxed/gen_27_relaxed.cif,False,False,,,,False,False,,,,,,
matinvent_style_target12_tri_fixed_scaler_gpu,baseline,0018,online_evaluation,gen_28,data/structures/reward_guided/baseline/0018/generated/gen_28.cif,True,data/structures/reward_guided/baseline/0018/relaxed/gen_28_relaxed.cif,False,False,,,,False,False,,,,,,
matinvent_style_target12_tri_fixed_scaler_gpu,baseline,0018,online_evaluation,gen_29,data/structures/reward_guided/baseline/0018/generated/gen_29.cif,True,data/structures/reward_guided/baseline/0018/relaxed/gen_29_relaxed.cif,False,False,,,,False,False,,,,,,
matinvent_style_target12_tri_fixed_scaler_gpu,baseline,0018,online_evaluation,gen_3,data/structures/reward_guided/baseline/0018/generated/gen_3.cif,True,data/structures/reward_guided/baseline/0018/relaxed/gen_3_relaxed.cif,True,True,20.45317431958936,0.000132091,,False,False,,True,True,True,,
matinvent_style_target12_tri_fixed_scaler_gpu,baseline,0018,online_evaluation,gen_30,data/structures/reward_guided/baseline/0018/generated/gen_30.cif,True,data/structures/reward_guided/baseline/0018/relaxed/gen_30_relaxed.cif,True,True,12.53674570423023,0.9646287,,True,False,,True,True,True,,
matinvent_style_target12_tri_fixed_scaler_gpu,baseline,0018,online_evaluation,gen_31,data/structures/reward_guided/baseline/0018/generated/gen_31.cif,True,data/structures/reward_guided/baseline/0018/relaxed/gen_31_relaxed.cif,False,False,,,,False,False,,,,,,
matinvent_style_target12_tri_fixed_scaler_gpu,baseline,0018,online_evaluation,gen_32,data/structures/reward_guided/baseline/0018/generated/gen_32.cif,True,data/structures/reward_guided/baseline/0018/relaxed/gen_32_relaxed.cif,False,False,,,,False,False,,,,,,
matinvent_style_target12_tri_fixed_scaler_gpu,baseline,0018,online_evaluation,gen_33,data/structures/reward_guided/baseline/0018/generated/gen_33.cif,True,data/structures/reward_guided/baseline/0018/relaxed/gen_33_relaxed.cif,False,False,,,,False,False,,,,,,
matinvent_style_target12_tri_fixed_scaler_gpu,baseline,0018,online_evaluation,gen_34,data/structures/reward_guided/baseline/0018/generated/gen_34.cif,True,data/structures/reward_guided/baseline/0018/relaxed/gen_34_relaxed.cif,False,False,,,,False,False,,,,,,
matinvent_style_target12_tri_fixed_scaler_gpu,baseline,0018,online_evaluation,gen_35,data/structures/reward_guided/baseline/0018/generated/gen_35.cif,True,data/structures/reward_guided/baseline/0018/relaxed/gen_35_relaxed.cif,False,False,,,,False,False,,,,,,
matinvent_style_target12_tri_fixed_scaler_gpu,baseline,0018,online_evaluation,gen_36,data/structures/reward_guided/baseline/0018/generated/gen_36.cif,True,data/structures/reward_guided/baseline/0018/relaxed/gen_36_relaxed.cif,False,False,,,,False,False,,,,,,
matinvent_style_target12_tri_fixed_scaler_gpu,baseline,0018,online_evaluation,gen_37,data/structures/reward_guided/baseline/0018/generated/gen_37.cif,True,data/structures/reward_guided/baseline/0018/relaxed/gen_37_relaxed.cif,True,True,15.962344486335397,0.14050366,,True,False,,True,True,True,,
matinvent_style_target12_tri_fixed_scaler_gpu,baseline,0018,online_evaluation,gen_38,data/structures/reward_guided/baseline/0018/generated/gen_38.cif,True,data/structures/reward_guided/baseline/0018/relaxed/gen_38_relaxed.cif,False,False,,,,False,False,,,,,,
matinvent_style_target12_tri_fixed_scaler_gpu,baseline,0018,online_evaluation,gen_39,data/structures/reward_guided/baseline/0018/generated/gen_39.cif,True,data/structures/reward_guided/baseline/0018/relaxed/gen_39_relaxed.cif,False,False,,,,False,False,,,,,,
matinvent_style_target12_tri_fixed_scaler_gpu,baseline,0018,online_evaluation,gen_4,data/structures/reward_guided/baseline/0018/generated/gen_4.cif,True,data/structures/reward_guided/baseline/0018/relaxed/gen_4_relaxed.cif,False,False,,,,False,False,,,,,,
matinvent_style_target12_tri_fixed_scaler_gpu,baseline,0018,online_evaluation,gen_40,data/structures/reward_guided/baseline/0018/generated/gen_40.cif,True,data/structures/reward_guided/baseline/0018/relaxed/gen_40_relaxed.cif,True,True,11.642659966439524,0.98416525,,True,False,,True,True,True,,
matinvent_style_target12_tri_fixed_scaler_gpu,baseline,0018,online_evaluation,gen_41,data/structures/reward_guided/baseline/0018/generated/gen_41.cif,,,False,False,,,,False,False,,,,,,invalid_raw_structure
matinvent_style_target12_tri_fixed_scaler_gpu,baseline,0018,online_evaluation,gen_42,data/structures/reward_guided/baseline/0018/generated/gen_42.cif,,,False,False,,,,False,False,,,,,,invalid_raw_structure
matinvent_style_target12_tri_fixed_scaler_gpu,baseline,0018,online_evaluation,gen_43,data/structures/reward_guided/baseline/0018/generated/gen_43.cif,True,data/structures/reward_guided/baseline/0018/relaxed/gen_43_relaxed.cif,False,False,,,,False,False,,,,,,
matinvent_style_target12_tri_fixed_scaler_gpu,baseline,0018,online_evaluation,gen_44,data/structures/reward_guided/baseline/0018/generated/gen_44.cif,True,data/structures/reward_guided/baseline/0018/relaxed/gen_44_relaxed.cif,False,False,,,,False,False,,,,,,
matinvent_style_target12_tri_fixed_scaler_gpu,baseline,0018,online_evaluation,gen_45,data/structures/reward_guided/baseline/0018/generated/gen_45.cif,,,False,False,,,,False,False,,,,,,invalid_raw_structure
matinvent_style_target12_tri_fixed_scaler_gpu,baseline,0018,online_evaluation,gen_46,data/structures/reward_guided/baseline/0018/generated/gen_46.cif,True,data/structures/reward_guided/baseline/0018/relaxed/gen_46_relaxed.cif,False,False,,,,False,False,,,,,,
matinvent_style_target12_tri_fixed_scaler_gpu,baseline,0018,online_evaluation,gen_47,data/structures/reward_guided/baseline/0018/generated/gen_47.cif,True,data/structures/reward_guided/baseline/0018/relaxed/gen_47_relaxed.cif,False,False,,,,False,False,,,,,,
matinvent_style_target12_tri_fixed_scaler_gpu,baseline,0018,online_evaluation,gen_48,data/structures/reward_guided/baseline/0018/generated/gen_48.cif,True,data/structures/reward_guided/baseline/0018/relaxed/gen_48_relaxed.cif,False,False,,,,False,False,,,,,,
matinvent_style_target12_tri_fixed_scaler_gpu,baseline,0018,online_evaluation,gen_49,data/structures/reward_guided/baseline/0018/generated/gen_49.cif,True,data/structures/reward_guided/baseline/0018/relaxed/gen_49_relaxed.cif,False,False,,,,False,False,,,,,,
matinvent_style_target12_tri_fixed_scaler_gpu,baseline,0018,online_evaluation,gen_5,data/structures/reward_guided/baseline/0018/generated/gen_5.cif,True,data/structures/reward_guided/baseline/0018/relaxed/gen_5_relaxed.cif,True,True,2.1431921866663486,5.3170997e-06,,False,False,,True,True,True,,
matinvent_style_target12_tri_fixed_scaler_gpu,baseline,0018,online_evaluation,gen_50,data/structures/reward_guided/baseline/0018/generated/gen_50.cif,,,False,False,,,,False,False,,,,,,invalid_raw_structure
matinvent_style_target12_tri_fixed_scaler_gpu,baseline,0018,online_evaluation,gen_51,data/structures/reward_guided/baseline/0018/generated/gen_51.cif,True,data/structures/reward_guided/baseline/0018/relaxed/gen_51_relaxed.cif,False,False,,,,False,False,,,,,,
matinvent_style_target12_tri_fixed_scaler_gpu,baseline,0018,online_evaluation,gen_52,data/structures/reward_guided/baseline/0018/generated/gen_52.cif,,,False,False,,,,False,False,,,,,,invalid_raw_structure
matinvent_style_target12_tri_fixed_scaler_gpu,baseline,0018,online_evaluation,gen_53,data/structures/reward_guided/baseline/0018/generated/gen_53.cif,True,data/structures/reward_guided/baseline/0018/relaxed/gen_53_relaxed.cif,False,False,,,,False,False,,,,,,
matinvent_style_target12_tri_fixed_scaler_gpu,baseline,0018,online_evaluation,gen_54,data/structures/reward_guided/baseline/0018/generated/gen_54.cif,True,data/structures/reward_guided/baseline/0018/relaxed/gen_54_relaxed.cif,True,True,18.63781146356043,0.004055961,,False,False,,True,True,True,,
matinvent_style_target12_tri_fixed_scaler_gpu,baseline,0018,online_evaluation,gen_55,data/structures/reward_guided/baseline/0018/generated/gen_55.cif,True,data/structures/reward_guided/baseline/0018/relaxed/gen_55_relaxed.cif,True,True,15.283678322437124,0.25980657,,True,False,,True,True,True,,
matinvent_style_target12_tri_fixed_scaler_gpu,baseline,0018,online_evaluation,gen_56,data/structures/reward_guided/baseline/0018/generated/gen_56.cif,True,data/structures/reward_guided/baseline/0018/relaxed/gen_56_relaxed.cif,False,False,,,,False,False,,,,,,
matinvent_style_target12_tri_fixed_scaler_gpu,baseline,0018,online_evaluation,gen_57,data/structures/reward_guided/baseline/0018/generated/gen_57.cif,True,data/structures/reward_guided/baseline/0018/relaxed/gen_57_relaxed.cif,False,False,,,,False,False,,,,,,
matinvent_style_target12_tri_fixed_scaler_gpu,baseline,0018,online_evaluation,gen_58,data/structures/reward_guided/baseline/0018/generated/gen_58.cif,True,data/structures/reward_guided/baseline/0018/relaxed/gen_58_relaxed.cif,True,True,14.183898083511291,0.5509141,,True,False,,True,True,True,,
matinvent_style_target12_tri_fixed_scaler_gpu,baseline,0018,online_evaluation,gen_59,data/structures/reward_guided/baseline/0018/generated/gen_59.cif,True,data/structures/reward_guided/baseline/0018/relaxed/gen_59_relaxed.cif,False,False,,,,False,False,,,,,,
matinvent_style_target12_tri_fixed_scaler_gpu,baseline,0018,online_evaluation,gen_6,data/structures/reward_guided/baseline/0018/generated/gen_6.cif,,,False,False,,,,False,False,,,,,,invalid_raw_structure
matinvent_style_target12_tri_fixed_scaler_gpu,baseline,0018,online_evaluation,gen_60,data/structures/reward_guided/baseline/0018/generated/gen_60.cif,True,data/structures/reward_guided/baseline/0018/relaxed/gen_60_relaxed.cif,True,True,14.291802899637574,0.5186401,,True,False,,True,True,True,,
matinvent_style_target12_tri_fixed_scaler_gpu,baseline,0018,online_evaluation,gen_61,data/structures/reward_guided/baseline/0018/generated/gen_61.cif,True,data/structures/reward_guided/baseline/0018/relaxed/gen_61_relaxed.cif,True,True,13.129495070016384,0.8525956,,True,False,,True,True,True,,
matinvent_style_target12_tri_fixed_scaler_gpu,baseline,0018,online_evaluation,gen_62,data/structures/reward_guided/baseline/0018/generated/gen_62.cif,True,data/structures/reward_guided/baseline/0018/relaxed/gen_62_relaxed.cif,False,False,,,,False,False,,,,,,
matinvent_style_target12_tri_fixed_scaler_gpu,baseline,0018,online_evaluation,gen_63,data/structures/reward_guided/baseline/0018/generated/gen_63.cif,True,data/structures/reward_guided/baseline/0018/relaxed/gen_63_relaxed.cif,False,False,,,,False,False,,,,,,
matinvent_style_target12_tri_fixed_scaler_gpu,baseline,0018,online_evaluation,gen_7,data/structures/reward_guided/baseline/0018/generated/gen_7.cif,True,data/structures/reward_guided/baseline/0018/relaxed/gen_7_relaxed.cif,False,False,,,,False,False,,,,,,
matinvent_style_target12_tri_fixed_scaler_gpu,baseline,0018,online_evaluation,gen_8,data/structures/reward_guided/baseline/0018/generated/gen_8.cif,True,data/structures/reward_guided/baseline/0018/relaxed/gen_8_relaxed.cif,True,True,16.42112416462593,0.08687436,,True,False,,True,True,True,,
matinvent_style_target12_tri_fixed_scaler_gpu,baseline,0018,online_evaluation,gen_9,data/structures/reward_guided/baseline/0018/generated/gen_9.cif,True,data/structures/reward_guided/baseline/0018/relaxed/gen_9_relaxed.cif,False,False,,,,False,False,,,,,,
matinvent_style_target12_tri_fixed_scaler_gpu,baseline,0019,online_evaluation,gen_0,data/structures/reward_guided/baseline/0019/generated/gen_0.cif,True,data/structures/reward_guided/baseline/0019/relaxed/gen_0_relaxed.cif,True,True,21.989704304486835,3.823769e-06,,False,False,,True,True,True,,
matinvent_style_target12_tri_fixed_scaler_gpu,baseline,0019,online_evaluation,gen_1,data/structures/reward_guided/baseline/0019/generated/gen_1.cif,True,data/structures/reward_guided/baseline/0019/relaxed/gen_1_relaxed.cif,True,True,17.338800941826822,0.028357906,,True,False,,True,True,True,,
matinvent_style_target12_tri_fixed_scaler_gpu,baseline,0019,online_evaluation,gen_10,data/structures/reward_guided/baseline/0019/generated/gen_10.cif,True,data/structures/reward_guided/baseline/0019/relaxed/gen_10_relaxed.cif,False,False,,,,False,False,,,,,,
matinvent_style_target12_tri_fixed_scaler_gpu,baseline,0019,online_evaluation,gen_11,data/structures/reward_guided/baseline/0019/generated/gen_11.cif,,,False,False,,,,False,False,,,,,,invalid_raw_structure
matinvent_style_target12_tri_fixed_scaler_gpu,baseline,0019,online_evaluation,gen_12,data/structures/reward_guided/baseline/0019/generated/gen_12.cif,,,False,False,,,,False,False,,,,,,invalid_raw_structure
matinvent_style_target12_tri_fixed_scaler_gpu,baseline,0019,online_evaluation,gen_13,data/structures/reward_guided/baseline/0019/generated/gen_13.cif,True,data/structures/reward_guided/baseline/0019/relaxed/gen_13_relaxed.cif,True,True,3.4520889128493013,0.00010800338,,False,False,,True,True,True,,
matinvent_style_target12_tri_fixed_scaler_gpu,baseline,0019,online_evaluation,gen_14,data/structures/reward_guided/baseline/0019/generated/gen_14.cif,True,data/structures/reward_guided/baseline/0019/relaxed/gen_14_relaxed.cif,True,True,19.585328225864405,0.0007524692,,False,False,,True,True,True,,
matinvent_style_target12_tri_fixed_scaler_gpu,baseline,0019,online_evaluation,gen_15,data/structures/reward_guided/baseline/0019/generated/gen_15.cif,True,data/structures/reward_guided/baseline/0019/relaxed/gen_15_relaxed.cif,True,True,23.83448554349213,2.4937803e-08,,False,False,,True,True,True,,
matinvent_style_target12_tri_fixed_scaler_gpu,baseline,0019,online_evaluation,gen_16,data/structures/reward_guided/baseline/0019/generated/gen_16.cif,True,data/structures/reward_guided/baseline/0019/relaxed/gen_16_relaxed.cif,False,False,,,,False,False,,,,,,
matinvent_style_target12_tri_fixed_scaler_gpu,baseline,0019,online_evaluation,gen_17,data/structures/reward_guided/baseline/0019/generated/gen_17.cif,True,data/structures/reward_guided/baseline/0019/relaxed/gen_17_relaxed.cif,False,False,,,,False,False,,,,,,
matinvent_style_target12_tri_fixed_scaler_gpu,baseline,0019,online_evaluation,gen_18,data/structures/reward_guided/baseline/0019/generated/gen_18.cif,True,data/structures/reward_guided/baseline/0019/relaxed/gen_18_relaxed.cif,False,False,,,,False,False,,,,,,
matinvent_style_target12_tri_fixed_scaler_gpu,baseline,0019,online_evaluation,gen_19,data/structures/reward_guided/baseline/0019/generated/gen_19.cif,,,False,False,,,,False,False,,,,,,invalid_raw_structure
matinvent_style_target12_tri_fixed_scaler_gpu,baseline,0019,online_evaluation,gen_2,data/structures/reward_guided/baseline/0019/generated/gen_2.cif,True,data/structures/reward_guided/baseline/0019/relaxed/gen_2_relaxed.cif,False,False,,,,False,False,,,,,,
matinvent_style_target12_tri_fixed_scaler_gpu,baseline,0019,online_evaluation,gen_20,data/structures/reward_guided/baseline/0019/generated/gen_20.cif,True,data/structures/reward_guided/baseline/0019/relaxed/gen_20_relaxed.cif,False,False,,,,False,False,,,,,,
matinvent_style_target12_tri_fixed_scaler_gpu,baseline,0019,online_evaluation,gen_21,data/structures/reward_guided/baseline/0019/generated/gen_21.cif,True,data/structures/reward_guided/baseline/0019/relaxed/gen_21_relaxed.cif,False,False,,,,False,False,,,,,,
matinvent_style_target12_tri_fixed_scaler_gpu,baseline,0019,online_evaluation,gen_22,data/structures/reward_guided/baseline/0019/generated/gen_22.cif,True,data/structures/reward_guided/baseline/0019/relaxed/gen_22_relaxed.cif,False,False,,,,False,False,,,,,,
matinvent_style_target12_tri_fixed_scaler_gpu,baseline,0019,online_evaluation,gen_23,data/structures/reward_guided/baseline/0019/generated/gen_23.cif,True,data/structures/reward_guided/baseline/0019/relaxed/gen_23_relaxed.cif,False,False,,,,False,False,,,,,,
matinvent_style_target12_tri_fixed_scaler_gpu,baseline,0019,online_evaluation,gen_24,data/structures/reward_guided/baseline/0019/generated/gen_24.cif,True,data/structures/reward_guided/baseline/0019/relaxed/gen_24_relaxed.cif,False,False,,,,False,False,,,,,,
matinvent_style_target12_tri_fixed_scaler_gpu,baseline,0019,online_evaluation,gen_25,data/structures/reward_guided/baseline/0019/generated/gen_25.cif,True,data/structures/reward_guided/baseline/0019/relaxed/gen_25_relaxed.cif,False,False,,,,False,False,,,,,,
matinvent_style_target12_tri_fixed_scaler_gpu,baseline,0019,online_evaluation,gen_26,data/structures/reward_guided/baseline/0019/generated/gen_26.cif,True,data/structures/reward_guided/baseline/0019/relaxed/gen_26_relaxed.cif,False,False,,,,False,False,,,,,,
matinvent_style_target12_tri_fixed_scaler_gpu,baseline,0019,online_evaluation,gen_27,data/structures/reward_guided/baseline/0019/generated/gen_27.cif,True,data/structures/reward_guided/baseline/0019/relaxed/gen_27_relaxed.cif,False,False,,,,False,False,,,,,,
matinvent_style_target12_tri_fixed_scaler_gpu,baseline,0019,online_evaluation,gen_28,data/structures/reward_guided/baseline/0019/generated/gen_28.cif,True,data/structures/reward_guided/baseline/0019/relaxed/gen_28_relaxed.cif,False,False,,,,False,False,,,,,,
matinvent_style_target12_tri_fixed_scaler_gpu,baseline,0019,online_evaluation,gen_29,data/structures/reward_guided/baseline/0019/generated/gen_29.cif,True,data/structures/reward_guided/baseline/0019/relaxed/gen_29_relaxed.cif,True,True,3.8229381791366728,0.00023450292,,False,False,,True,True,True,,
matinvent_style_target12_tri_fixed_scaler_gpu,baseline,0019,online_evaluation,gen_3,data/structures/reward_guided/baseline/0019/generated/gen_3.cif,True,data/structures/reward_guided/baseline/0019/relaxed/gen_3_relaxed.cif,False,False,,,,False,False,,,,,,
matinvent_style_target12_tri_fixed_scaler_gpu,baseline,0019,online_evaluation,gen_30,data/structures/reward_guided/baseline/0019/generated/gen_30.cif,True,data/structures/reward_guided/baseline/0019/relaxed/gen_30_relaxed.cif,False,False,,,,False,False,,,,,,
matinvent_style_target12_tri_fixed_scaler_gpu,baseline,0019,online_evaluation,gen_31,data/structures/reward_guided/baseline/0019/generated/gen_31.cif,True,data/structures/reward_guided/baseline/0019/relaxed/gen_31_relaxed.cif,True,True,7.767888541382195,0.106581435,,True,False,,True,True,True,,
matinvent_style_target12_tri_fixed_scaler_gpu,baseline,0019,online_evaluation,gen_32,data/structures/reward_guided/baseline/0019/generated/gen_32.cif,,,False,False,,,,False,False,,,,,,invalid_raw_structure
matinvent_style_target12_tri_fixed_scaler_gpu,baseline,0019,online_evaluation,gen_33,data/structures/reward_guided/baseline/0019/generated/gen_33.cif,,,False,False,,,,False,False,,,,,,invalid_raw_structure
matinvent_style_target12_tri_fixed_scaler_gpu,baseline,0019,online_evaluation,gen_34,data/structures/reward_guided/baseline/0019/generated/gen_34.cif,True,data/structures/reward_guided/baseline/0019/relaxed/gen_34_relaxed.cif,True,True,15.954123468428373,0.14165135,,True,False,,True,True,True,,
matinvent_style_target12_tri_fixed_scaler_gpu,baseline,0019,online_evaluation,gen_35,data/structures/reward_guided/baseline/0019/generated/gen_35.cif,True,data/structures/reward_guided/baseline/0019/relaxed/gen_35_relaxed.cif,True,True,2.619093459628304,1.6698763e-05,,False,False,,True,True,True,,
matinvent_style_target12_tri_fixed_scaler_gpu,baseline,0019,online_evaluation,gen_36,data/structures/reward_guided/baseline/0019/generated/gen_36.cif,True,data/structures/reward_guided/baseline/0019/relaxed/gen_36_relaxed.cif,True,True,12.051220078548107,0.9996721,,True,False,,True,True,True,,
matinvent_style_target12_tri_fixed_scaler_gpu,baseline,0019,online_evaluation,gen_37,data/structures/reward_guided/baseline/0019/generated/gen_37.cif,True,data/structures/reward_guided/baseline/0019/relaxed/gen_37_relaxed.cif,False,False,,,,False,False,,,,,,
matinvent_style_target12_tri_fixed_scaler_gpu,baseline,0019,online_evaluation,gen_38,data/structures/reward_guided/baseline/0019/generated/gen_38.cif,True,data/structures/reward_guided/baseline/0019/relaxed/gen_38_relaxed.cif,True,True,10.58773749648019,0.7793378,,True,False,,True,True,True,,
matinvent_style_target12_tri_fixed_scaler_gpu,baseline,0019,online_evaluation,gen_39,data/structures/reward_guided/baseline/0019/generated/gen_39.cif,True,data/structures/reward_guided/baseline/0019/relaxed/gen_39_relaxed.cif,False,False,,,,False,False,,,,,,
matinvent_style_target12_tri_fixed_scaler_gpu,baseline,0019,online_evaluation,gen_4,data/structures/reward_guided/baseline/0019/generated/gen_4.cif,True,data/structures/reward_guided/baseline/0019/relaxed/gen_4_relaxed.cif,False,False,,,,False,False,,,,,,
matinvent_style_target12_tri_fixed_scaler_gpu,baseline,0019,online_evaluation,gen_40,data/structures/reward_guided/baseline/0019/generated/gen_40.cif,True,data/structures/reward_guided/baseline/0019/relaxed/gen_40_relaxed.cif,False,False,,,,False,False,,,,,,
matinvent_style_target12_tri_fixed_scaler_gpu,baseline,0019,online_evaluation,gen_41,data/structures/reward_guided/baseline/0019/generated/gen_41.cif,True,data/structures/reward_guided/baseline/0019/relaxed/gen_41_relaxed.cif,False,False,,,,False,False,,,,,,
matinvent_style_target12_tri_fixed_scaler_gpu,baseline,0019,online_evaluation,gen_42,data/structures/reward_guided/baseline/0019/generated/gen_42.cif,True,data/structures/reward_guided/baseline/0019/relaxed/gen_42_relaxed.cif,False,False,,,,False,False,,,,,,
matinvent_style_target12_tri_fixed_scaler_gpu,baseline,0019,online_evaluation,gen_43,data/structures/reward_guided/baseline/0019/generated/gen_43.cif,True,data/structures/reward_guided/baseline/0019/relaxed/gen_43_relaxed.cif,False,False,,,,False,False,,,,,,
matinvent_style_target12_tri_fixed_scaler_gpu,baseline,0019,online_evaluation,gen_44,data/structures/reward_guided/baseline/0019/generated/gen_44.cif,True,data/structures/reward_guided/baseline/0019/relaxed/gen_44_relaxed.cif,False,False,,,,False,False,,,,,,
matinvent_style_target12_tri_fixed_scaler_gpu,baseline,0019,online_evaluation,gen_45,data/structures/reward_guided/baseline/0019/generated/gen_45.cif,True,data/structures/reward_guided/baseline/0019/relaxed/gen_45_relaxed.cif,True,True,17.932704715466354,0.012281967,,False,False,,True,True,True,,
matinvent_style_target12_tri_fixed_scaler_gpu,baseline,0019,online_evaluation,gen_46,data/structures/reward_guided/baseline/0019/generated/gen_46.cif,True,data/structures/reward_guided/baseline/0019/relaxed/gen_46_relaxed.cif,True,True,16.982577079295435,0.04490261,,True,False,,True,True,True,,
matinvent_style_target12_tri_fixed_scaler_gpu,baseline,0019,online_evaluation,gen_47,data/structures/reward_guided/baseline/0019/generated/gen_47.cif,True,data/structures/reward_guided/baseline/0019/relaxed/gen_47_relaxed.cif,True,True,15.487938898179824,0.21855563,,True,False,,True,True,True,,
matinvent_style_target12_tri_fixed_scaler_gpu,baseline,0019,online_evaluation,gen_48,data/structures/reward_guided/baseline/0019/generated/gen_48.cif,True,data/structures/reward_guided/baseline/0019/relaxed/gen_48_relaxed.cif,True,True,8.268491746246204,0.17542928,,True,False,,True,True,True,,
matinvent_style_target12_tri_fixed_scaler_gpu,baseline,0019,online_evaluation,gen_49,data/structures/reward_guided/baseline/0019/generated/gen_49.cif,True,data/structures/reward_guided/baseline/0019/relaxed/gen_49_relaxed.cif,True,True,20.32115316231896,0.00017421877,,False,False,,True,True,True,,
matinvent_style_target12_tri_fixed_scaler_gpu,baseline,0019,online_evaluation,gen_5,data/structures/reward_guided/baseline/0019/generated/gen_5.cif,True,data/structures/reward_guided/baseline/0019/relaxed/gen_5_relaxed.cif,False,False,,,,False,False,,,,,,
matinvent_style_target12_tri_fixed_scaler_gpu,baseline,0019,online_evaluation,gen_50,data/structures/reward_guided/baseline/0019/generated/gen_50.cif,True,data/structures/reward_guided/baseline/0019/relaxed/gen_50_relaxed.cif,False,False,,,,False,False,,,,,,
matinvent_style_target12_tri_fixed_scaler_gpu,baseline,0019,online_evaluation,gen_51,data/structures/reward_guided/baseline/0019/generated/gen_51.cif,True,data/structures/reward_guided/baseline/0019/relaxed/gen_51_relaxed.cif,False,False,,,,False,False,,,,,,
matinvent_style_target12_tri_fixed_scaler_gpu,baseline,0019,online_evaluation,gen_52,data/structures/reward_guided/baseline/0019/generated/gen_52.cif,,,False,False,,,,False,False,,,,,,invalid_raw_structure
matinvent_style_target12_tri_fixed_scaler_gpu,baseline,0019,online_evaluation,gen_53,data/structures/reward_guided/baseline/0019/generated/gen_53.cif,True,data/structures/reward_guided/baseline/0019/relaxed/gen_53_relaxed.cif,False,False,,,,False,False,,,,,,
matinvent_style_target12_tri_fixed_scaler_gpu,baseline,0019,online_evaluation,gen_54,data/structures/reward_guided/baseline/0019/generated/gen_54.cif,True,data/structures/reward_guided/baseline/0019/relaxed/gen_54_relaxed.cif,False,False,,,,False,False,,,,,,
matinvent_style_target12_tri_fixed_scaler_gpu,baseline,0019,online_evaluation,gen_55,data/structures/reward_guided/baseline/0019/generated/gen_55.cif,True,data/structures/reward_guided/baseline/0019/relaxed/gen_55_relaxed.cif,False,False,,,,False,False,,,,,,
matinvent_style_target12_tri_fixed_scaler_gpu,baseline,0019,online_evaluation,gen_56,data/structures/reward_guided/baseline/0019/generated/gen_56.cif,True,data/structures/reward_guided/baseline/0019/relaxed/gen_56_relaxed.cif,False,False,,,,False,False,,,,,,
matinvent_style_target12_tri_fixed_scaler_gpu,baseline,0019,online_evaluation,gen_57,data/structures/reward_guided/baseline/0019/generated/gen_57.cif,,,False,False,,,,False,False,,,,,,invalid_raw_structure
matinvent_style_target12_tri_fixed_scaler_gpu,baseline,0019,online_evaluation,gen_58,data/structures/reward_guided/baseline/0019/generated/gen_58.cif,True,data/structures/reward_guided/baseline/0019/relaxed/gen_58_relaxed.cif,False,False,,,,False,False,,,,,,
matinvent_style_target12_tri_fixed_scaler_gpu,baseline,0019,online_evaluation,gen_59,data/structures/reward_guided/baseline/0019/generated/gen_59.cif,True,data/structures/reward_guided/baseline/0019/relaxed/gen_59_relaxed.cif,False,False,,,,False,False,,,,,,
matinvent_style_target12_tri_fixed_scaler_gpu,baseline,0019,online_evaluation,gen_6,data/structures/reward_guided/baseline/0019/generated/gen_6.cif,True,data/structures/reward_guided/baseline/0019/relaxed/gen_6_relaxed.cif,False,False,,,,False,False,,,,,,
matinvent_style_target12_tri_fixed_scaler_gpu,baseline,0019,online_evaluation,gen_60,data/structures/reward_guided/baseline/0019/generated/gen_60.cif,True,data/structures/reward_guided/baseline/0019/relaxed/gen_60_relaxed.cif,False,False,,,,False,False,,,,,,
matinvent_style_target12_tri_fixed_scaler_gpu,baseline,0019,online_evaluation,gen_61,data/structures/reward_guided/baseline/0019/generated/gen_61.cif,True,data/structures/reward_guided/baseline/0019/relaxed/gen_61_relaxed.cif,False,False,,,,False,False,,,,,,
matinvent_style_target12_tri_fixed_scaler_gpu,baseline,0019,online_evaluation,gen_62,data/structures/reward_guided/baseline/0019/generated/gen_62.cif,True,data/structures/reward_guided/baseline/0019/relaxed/gen_62_relaxed.cif,False,False,,,,False,False,,,,,,
matinvent_style_target12_tri_fixed_scaler_gpu,baseline,0019,online_evaluation,gen_63,data/structures/reward_guided/baseline/0019/generated/gen_63.cif,True,data/structures/reward_guided/baseline/0019/relaxed/gen_63_relaxed.cif,False,False,,,,False,False,,,,,,
matinvent_style_target12_tri_fixed_scaler_gpu,baseline,0019,online_evaluation,gen_7,data/structures/reward_guided/baseline/0019/generated/gen_7.cif,True,data/structures/reward_guided/baseline/0019/relaxed/gen_7_relaxed.cif,False,False,,,,False,False,,,,,,
matinvent_style_target12_tri_fixed_scaler_gpu,baseline,0019,online_evaluation,gen_8,data/structures/reward_guided/baseline/0019/generated/gen_8.cif,True,data/structures/reward_guided/baseline/0019/relaxed/gen_8_relaxed.cif,False,False,,,,False,False,,,,,,
matinvent_style_target12_tri_fixed_scaler_gpu,baseline,0019,online_evaluation,gen_9,data/structures/reward_guided/baseline/0019/generated/gen_9.cif,True,data/structures/reward_guided/baseline/0019/relaxed/gen_9_relaxed.cif,False,False,,,,False,False,,,,,,
matinvent_style_target12_tri_fixed_scaler_gpu,baseline,0020,online_evaluation,gen_0,data/structures/reward_guided/baseline/0020/generated/gen_0.cif,True,data/structures/reward_guided/baseline/0020/relaxed/gen_0_relaxed.cif,False,False,,,,False,False,,,,,,
matinvent_style_target12_tri_fixed_scaler_gpu,baseline,0020,online_evaluation,gen_1,data/structures/reward_guided/baseline/0020/generated/gen_1.cif,True,data/structures/reward_guided/baseline/0020/relaxed/gen_1_relaxed.cif,True,True,16.62804381358865,0.06874518,,False,False,,True,True,True,,
matinvent_style_target12_tri_fixed_scaler_gpu,baseline,0020,online_evaluation,gen_10,data/structures/reward_guided/baseline/0020/generated/gen_10.cif,True,data/structures/reward_guided/baseline/0020/relaxed/gen_10_relaxed.cif,False,False,,,,False,False,,,,,,
matinvent_style_target12_tri_fixed_scaler_gpu,baseline,0020,online_evaluation,gen_11,data/structures/reward_guided/baseline/0020/generated/gen_11.cif,True,data/structures/reward_guided/baseline/0020/relaxed/gen_11_relaxed.cif,False,False,,,,False,False,,,,,,
matinvent_style_target12_tri_fixed_scaler_gpu,baseline,0020,online_evaluation,gen_12,data/structures/reward_guided/baseline/0020/generated/gen_12.cif,,,False,False,,,,False,False,,,,,,invalid_raw_structure
matinvent_style_target12_tri_fixed_scaler_gpu,baseline,0020,online_evaluation,gen_13,data/structures/reward_guided/baseline/0020/generated/gen_13.cif,True,data/structures/reward_guided/baseline/0020/relaxed/gen_13_relaxed.cif,False,False,,,,False,False,,,,,,
matinvent_style_target12_tri_fixed_scaler_gpu,baseline,0020,online_evaluation,gen_14,data/structures/reward_guided/baseline/0020/generated/gen_14.cif,True,data/structures/reward_guided/baseline/0020/relaxed/gen_14_relaxed.cif,False,False,,,,False,False,,,,,,
matinvent_style_target12_tri_fixed_scaler_gpu,baseline,0020,online_evaluation,gen_15,data/structures/reward_guided/baseline/0020/generated/gen_15.cif,True,data/structures/reward_guided/baseline/0020/relaxed/gen_15_relaxed.cif,True,True,12.11632831111806,0.9983099,,True,False,,True,True,True,,
matinvent_style_target12_tri_fixed_scaler_gpu,baseline,0020,online_evaluation,gen_16,data/structures/reward_guided/baseline/0020/generated/gen_16.cif,True,data/structures/reward_guided/baseline/0020/relaxed/gen_16_relaxed.cif,False,False,,,,False,False,,,,,,
matinvent_style_target12_tri_fixed_scaler_gpu,baseline,0020,online_evaluation,gen_17,data/structures/reward_guided/baseline/0020/generated/gen_17.cif,True,data/structures/reward_guided/baseline/0020/relaxed/gen_17_relaxed.cif,False,False,,,,False,False,,,,,,
matinvent_style_target12_tri_fixed_scaler_gpu,baseline,0020,online_evaluation,gen_18,data/structures/reward_guided/baseline/0020/generated/gen_18.cif,True,data/structures/reward_guided/baseline/0020/relaxed/gen_18_relaxed.cif,False,False,,,,False,False,,,,,,
matinvent_style_target12_tri_fixed_scaler_gpu,baseline,0020,online_evaluation,gen_19,data/structures/reward_guided/baseline/0020/generated/gen_19.cif,True,data/structures/reward_guided/baseline/0020/relaxed/gen_19_relaxed.cif,False,False,,,,False,False,,,,,,
matinvent_style_target12_tri_fixed_scaler_gpu,baseline,0020,online_evaluation,gen_2,data/structures/reward_guided/baseline/0020/generated/gen_2.cif,True,data/structures/reward_guided/baseline/0020/relaxed/gen_2_relaxed.cif,False,False,,,,False,False,,,,,,
matinvent_style_target12_tri_fixed_scaler_gpu,baseline,0020,online_evaluation,gen_20,data/structures/reward_guided/baseline/0020/generated/gen_20.cif,True,data/structures/reward_guided/baseline/0020/relaxed/gen_20_relaxed.cif,False,False,,,,False,False,,,,,,
matinvent_style_target12_tri_fixed_scaler_gpu,baseline,0020,online_evaluation,gen_21,data/structures/reward_guided/baseline/0020/generated/gen_21.cif,True,data/structures/reward_guided/baseline/0020/relaxed/gen_21_relaxed.cif,False,False,,,,False,False,,,,,,
matinvent_style_target12_tri_fixed_scaler_gpu,baseline,0020,online_evaluation,gen_22,data/structures/reward_guided/baseline/0020/generated/gen_22.cif,True,data/structures/reward_guided/baseline/0020/relaxed/gen_22_relaxed.cif,True,True,14.00571183536683,0.60479844,,True,False,,True,True,True,,
matinvent_style_target12_tri_fixed_scaler_gpu,baseline,0020,online_evaluation,gen_23,data/structures/reward_guided/baseline/0020/generated/gen_23.cif,True,data/structures/reward_guided/baseline/0020/relaxed/gen_23_relaxed.cif,True,True,8.668384646498751,0.24970935,,False,False,,True,True,True,,
matinvent_style_target12_tri_fixed_scaler_gpu,baseline,0020,online_evaluation,gen_24,data/structures/reward_guided/baseline/0020/generated/gen_24.cif,True,data/structures/reward_guided/baseline/0020/relaxed/gen_24_relaxed.cif,False,False,,,,False,False,,,,,,
matinvent_style_target12_tri_fixed_scaler_gpu,baseline,0020,online_evaluation,gen_25,data/structures/reward_guided/baseline/0020/generated/gen_25.cif,True,data/structures/reward_guided/baseline/0020/relaxed/gen_25_relaxed.cif,False,False,,,,False,False,,,,,,
matinvent_style_target12_tri_fixed_scaler_gpu,baseline,0020,online_evaluation,gen_26,data/structures/reward_guided/baseline/0020/generated/gen_26.cif,True,data/structures/reward_guided/baseline/0020/relaxed/gen_26_relaxed.cif,False,False,,,,False,False,,,,,,
matinvent_style_target12_tri_fixed_scaler_gpu,baseline,0020,online_evaluation,gen_27,data/structures/reward_guided/baseline/0020/generated/gen_27.cif,,,False,False,,,,False,False,,,,,,invalid_raw_structure
matinvent_style_target12_tri_fixed_scaler_gpu,baseline,0020,online_evaluation,gen_28,data/structures/reward_guided/baseline/0020/generated/gen_28.cif,True,data/structures/reward_guided/baseline/0020/relaxed/gen_28_relaxed.cif,False,False,,,,False,False,,,,,,
matinvent_style_target12_tri_fixed_scaler_gpu,baseline,0020,online_evaluation,gen_29,data/structures/reward_guided/baseline/0020/generated/gen_29.cif,True,data/structures/reward_guided/baseline/0020/relaxed/gen_29_relaxed.cif,True,True,3.5255458892215814,0.00012627525,,False,False,,True,True,True,,
matinvent_style_target12_tri_fixed_scaler_gpu,baseline,0020,online_evaluation,gen_3,data/structures/reward_guided/baseline/0020/generated/gen_3.cif,True,data/structures/reward_guided/baseline/0020/relaxed/gen_3_relaxed.cif,False,False,,,,False,False,,,,,,
matinvent_style_target12_tri_fixed_scaler_gpu,baseline,0020,online_evaluation,gen_30,data/structures/reward_guided/baseline/0020/generated/gen_30.cif,,,False,False,,,,False,False,,,,,,invalid_raw_structure
matinvent_style_target12_tri_fixed_scaler_gpu,baseline,0020,online_evaluation,gen_31,data/structures/reward_guided/baseline/0020/generated/gen_31.cif,True,data/structures/reward_guided/baseline/0020/relaxed/gen_31_relaxed.cif,True,True,15.618102097772278,0.1946927,,False,False,,True,True,True,,
matinvent_style_target12_tri_fixed_scaler_gpu,baseline,0020,online_evaluation,gen_32,data/structures/reward_guided/baseline/0020/generated/gen_32.cif,True,data/structures/reward_guided/baseline/0020/relaxed/gen_32_relaxed.cif,False,False,,,,False,False,,,,,,
matinvent_style_target12_tri_fixed_scaler_gpu,baseline,0020,online_evaluation,gen_33,data/structures/reward_guided/baseline/0020/generated/gen_33.cif,True,data/structures/reward_guided/baseline/0020/relaxed/gen_33_relaxed.cif,False,False,,,,False,False,,,,,,
matinvent_style_target12_tri_fixed_scaler_gpu,baseline,0020,online_evaluation,gen_34,data/structures/reward_guided/baseline/0020/generated/gen_34.cif,True,data/structures/reward_guided/baseline/0020/relaxed/gen_34_relaxed.cif,False,False,,,,False,False,,,,,,
matinvent_style_target12_tri_fixed_scaler_gpu,baseline,0020,online_evaluation,gen_35,data/structures/reward_guided/baseline/0020/generated/gen_35.cif,True,data/structures/reward_guided/baseline/0020/relaxed/gen_35_relaxed.cif,True,True,11.560300789655429,0.97612274,,True,False,,True,True,True,,
matinvent_style_target12_tri_fixed_scaler_gpu,baseline,0020,online_evaluation,gen_36,data/structures/reward_guided/baseline/0020/generated/gen_36.cif,True,data/structures/reward_guided/baseline/0020/relaxed/gen_36_relaxed.cif,False,False,,,,False,False,,,,,,
matinvent_style_target12_tri_fixed_scaler_gpu,baseline,0020,online_evaluation,gen_37,data/structures/reward_guided/baseline/0020/generated/gen_37.cif,True,data/structures/reward_guided/baseline/0020/relaxed/gen_37_relaxed.cif,False,False,,,,False,False,,,,,,
matinvent_style_target12_tri_fixed_scaler_gpu,baseline,0020,online_evaluation,gen_38,data/structures/reward_guided/baseline/0020/generated/gen_38.cif,True,data/structures/reward_guided/baseline/0020/relaxed/gen_38_relaxed.cif,False,False,,,,False,False,,,,,,
matinvent_style_target12_tri_fixed_scaler_gpu,baseline,0020,online_evaluation,gen_39,data/structures/reward_guided/baseline/0020/generated/gen_39.cif,,,False,False,,,,False,False,,,,,,invalid_raw_structure
matinvent_style_target12_tri_fixed_scaler_gpu,baseline,0020,online_evaluation,gen_4,data/structures/reward_guided/baseline/0020/generated/gen_4.cif,True,data/structures/reward_guided/baseline/0020/relaxed/gen_4_relaxed.cif,False,False,,,,False,False,,,,,,
matinvent_style_target12_tri_fixed_scaler_gpu,baseline,0020,online_evaluation,gen_40,data/structures/reward_guided/baseline/0020/generated/gen_40.cif,,,False,False,,,,False,False,,,,,,invalid_raw_structure
matinvent_style_target12_tri_fixed_scaler_gpu,baseline,0020,online_evaluation,gen_41,data/structures/reward_guided/baseline/0020/generated/gen_41.cif,True,data/structures/reward_guided/baseline/0020/relaxed/gen_41_relaxed.cif,True,True,8.473500471493656,0.21128975,,False,False,,True,True,True,,
matinvent_style_target12_tri_fixed_scaler_gpu,baseline,0020,online_evaluation,gen_42,data/structures/reward_guided/baseline/0020/generated/gen_42.cif,True,data/structures/reward_guided/baseline/0020/relaxed/gen_42_relaxed.cif,False,False,,,,False,False,,,,,,
matinvent_style_target12_tri_fixed_scaler_gpu,baseline,0020,online_evaluation,gen_43,data/structures/reward_guided/baseline/0020/generated/gen_43.cif,True,data/structures/reward_guided/baseline/0020/relaxed/gen_43_relaxed.cif,False,False,,,,False,False,,,,,,
matinvent_style_target12_tri_fixed_scaler_gpu,baseline,0020,online_evaluation,gen_44,data/structures/reward_guided/baseline/0020/generated/gen_44.cif,True,data/structures/reward_guided/baseline/0020/relaxed/gen_44_relaxed.cif,False,False,,,,False,False,,,,,,
matinvent_style_target12_tri_fixed_scaler_gpu,baseline,0020,online_evaluation,gen_45,data/structures/reward_guided/baseline/0020/generated/gen_45.cif,True,data/structures/reward_guided/baseline/0020/relaxed/gen_45_relaxed.cif,True,True,12.919422916597291,0.89972395,,True,False,,True,True,True,,
matinvent_style_target12_tri_fixed_scaler_gpu,baseline,0020,online_evaluation,gen_46,data/structures/reward_guided/baseline/0020/generated/gen_46.cif,True,data/structures/reward_guided/baseline/0020/relaxed/gen_46_relaxed.cif,False,False,,,,False,False,,,,,,
matinvent_style_target12_tri_fixed_scaler_gpu,baseline,0020,online_evaluation,gen_47,data/structures/reward_guided/baseline/0020/generated/gen_47.cif,True,data/structures/reward_guided/baseline/0020/relaxed/gen_47_relaxed.cif,True,True,12.55727327126522,0.9619246,,True,False,,True,True,True,,
matinvent_style_target12_tri_fixed_scaler_gpu,baseline,0020,online_evaluation,gen_48,data/structures/reward_guided/baseline/0020/generated/gen_48.cif,True,data/structures/reward_guided/baseline/0020/relaxed/gen_48_relaxed.cif,True,True,12.994553924236437,0.88369596,,True,False,,True,True,True,,
matinvent_style_target12_tri_fixed_scaler_gpu,baseline,0020,online_evaluation,gen_49,data/structures/reward_guided/baseline/0020/generated/gen_49.cif,True,data/structures/reward_guided/baseline/0020/relaxed/gen_49_relaxed.cif,True,True,3.3734522874892217,9.122645e-05,,False,False,,True,True,True,,
matinvent_style_target12_tri_fixed_scaler_gpu,baseline,0020,online_evaluation,gen_5,data/structures/reward_guided/baseline/0020/generated/gen_5.cif,True,data/structures/reward_guided/baseline/0020/relaxed/gen_5_relaxed.cif,False,False,,,,False,False,,,,,,
matinvent_style_target12_tri_fixed_scaler_gpu,baseline,0020,online_evaluation,gen_50,data/structures/reward_guided/baseline/0020/generated/gen_50.cif,True,data/structures/reward_guided/baseline/0020/relaxed/gen_50_relaxed.cif,False,False,,,,False,False,,,,,,
matinvent_style_target12_tri_fixed_scaler_gpu,baseline,0020,online_evaluation,gen_51,data/structures/reward_guided/baseline/0020/generated/gen_51.cif,True,data/structures/reward_guided/baseline/0020/relaxed/gen_51_relaxed.cif,False,False,,,,False,False,,,,,,
matinvent_style_target12_tri_fixed_scaler_gpu,baseline,0020,online_evaluation,gen_52,data/structures/reward_guided/baseline/0020/generated/gen_52.cif,True,data/structures/reward_guided/baseline/0020/relaxed/gen_52_relaxed.cif,False,False,,,,False,False,,,,,,
matinvent_style_target12_tri_fixed_scaler_gpu,baseline,0020,online_evaluation,gen_53,data/structures/reward_guided/baseline/0020/generated/gen_53.cif,True,data/structures/reward_guided/baseline/0020/relaxed/gen_53_relaxed.cif,True,True,2.6180278606935268,1.665708e-05,,False,False,,True,True,True,,
matinvent_style_target12_tri_fixed_scaler_gpu,baseline,0020,online_evaluation,gen_54,data/structures/reward_guided/baseline/0020/generated/gen_54.cif,True,data/structures/reward_guided/baseline/0020/relaxed/gen_54_relaxed.cif,False,False,,,,False,False,,,,,,
matinvent_style_target12_tri_fixed_scaler_gpu,baseline,0020,online_evaluation,gen_55,data/structures/reward_guided/baseline/0020/generated/gen_55.cif,True,data/structures/reward_guided/baseline/0020/relaxed/gen_55_relaxed.cif,False,False,,,,False,False,,,,,,
matinvent_style_target12_tri_fixed_scaler_gpu,baseline,0020,online_evaluation,gen_56,data/structures/reward_guided/baseline/0020/generated/gen_56.cif,True,data/structures/reward_guided/baseline/0020/relaxed/gen_56_relaxed.cif,True,True,14.191362503651744,0.5486697,,True,False,,True,True,True,,
matinvent_style_target12_tri_fixed_scaler_gpu,baseline,0020,online_evaluation,gen_57,data/structures/reward_guided/baseline/0020/generated/gen_57.cif,True,data/structures/reward_guided/baseline/0020/relaxed/gen_57_relaxed.cif,False,False,,,,False,False,,,,,,
matinvent_style_target12_tri_fixed_scaler_gpu,baseline,0020,online_evaluation,gen_58,data/structures/reward_guided/baseline/0020/generated/gen_58.cif,True,data/structures/reward_guided/baseline/0020/relaxed/gen_58_relaxed.cif,False,False,,,,False,False,,,,,,
matinvent_style_target12_tri_fixed_scaler_gpu,baseline,0020,online_evaluation,gen_59,data/structures/reward_guided/baseline/0020/generated/gen_59.cif,True,data/structures/reward_guided/baseline/0020/relaxed/gen_59_relaxed.cif,False,False,,,,False,False,,,,,,
matinvent_style_target12_tri_fixed_scaler_gpu,baseline,0020,online_evaluation,gen_6,data/structures/reward_guided/baseline/0020/generated/gen_6.cif,True,data/structures/reward_guided/baseline/0020/relaxed/gen_6_relaxed.cif,False,False,,,,False,False,,,,,,
matinvent_style_target12_tri_fixed_scaler_gpu,baseline,0020,online_evaluation,gen_60,data/structures/reward_guided/baseline/0020/generated/gen_60.cif,,,False,False,,,,False,False,,,,,,invalid_raw_structure
matinvent_style_target12_tri_fixed_scaler_gpu,baseline,0020,online_evaluation,gen_61,data/structures/reward_guided/baseline/0020/generated/gen_61.cif,True,data/structures/reward_guided/baseline/0020/relaxed/gen_61_relaxed.cif,True,True,12.059366013889909,0.9995596,,True,False,,True,True,True,,
matinvent_style_target12_tri_fixed_scaler_gpu,baseline,0020,online_evaluation,gen_62,data/structures/reward_guided/baseline/0020/generated/gen_62.cif,True,data/structures/reward_guided/baseline/0020/relaxed/gen_62_relaxed.cif,True,True,14.56329440875993,0.43985516,,False,False,,True,True,True,,
matinvent_style_target12_tri_fixed_scaler_gpu,baseline,0020,online_evaluation,gen_63,data/structures/reward_guided/baseline/0020/generated/gen_63.cif,True,data/structures/reward_guided/baseline/0020/relaxed/gen_63_relaxed.cif,False,False,,,,False,False,,,,,,
matinvent_style_target12_tri_fixed_scaler_gpu,baseline,0020,online_evaluation,gen_7,data/structures/reward_guided/baseline/0020/generated/gen_7.cif,True,data/structures/reward_guided/baseline/0020/relaxed/gen_7_relaxed.cif,False,False,,,,False,False,,,,,,
matinvent_style_target12_tri_fixed_scaler_gpu,baseline,0020,online_evaluation,gen_8,data/structures/reward_guided/baseline/0020/generated/gen_8.cif,True,data/structures/reward_guided/baseline/0020/relaxed/gen_8_relaxed.cif,False,False,,,,False,False,,,,,,
matinvent_style_target12_tri_fixed_scaler_gpu,baseline,0020,online_evaluation,gen_9,data/structures/reward_guided/baseline/0020/generated/gen_9.cif,True,data/structures/reward_guided/baseline/0020/relaxed/gen_9_relaxed.cif,False,False,,,,False,False,,,,,,
matinvent_style_target12_tri_fixed_scaler_gpu,baseline,0021,online_evaluation,gen_0,data/structures/reward_guided/baseline/0021/generated/gen_0.cif,True,data/structures/reward_guided/baseline/0021/relaxed/gen_0_relaxed.cif,False,False,,,,False,False,,,,,,
matinvent_style_target12_tri_fixed_scaler_gpu,baseline,0021,online_evaluation,gen_1,data/structures/reward_guided/baseline/0021/generated/gen_1.cif,True,data/structures/reward_guided/baseline/0021/relaxed/gen_1_relaxed.cif,True,True,15.930804604198237,0.14494468,,True,False,,True,True,True,,
matinvent_style_target12_tri_fixed_scaler_gpu,baseline,0021,online_evaluation,gen_10,data/structures/reward_guided/baseline/0021/generated/gen_10.cif,True,data/structures/reward_guided/baseline/0021/relaxed/gen_10_relaxed.cif,False,False,,,,False,False,,,,,,
matinvent_style_target12_tri_fixed_scaler_gpu,baseline,0021,online_evaluation,gen_11,data/structures/reward_guided/baseline/0021/generated/gen_11.cif,True,data/structures/reward_guided/baseline/0021/relaxed/gen_11_relaxed.cif,False,False,,,,False,False,,,,,,
matinvent_style_target12_tri_fixed_scaler_gpu,baseline,0021,online_evaluation,gen_12,data/structures/reward_guided/baseline/0021/generated/gen_12.cif,True,data/structures/reward_guided/baseline/0021/relaxed/gen_12_relaxed.cif,False,False,,,,False,False,,,,,,
matinvent_style_target12_tri_fixed_scaler_gpu,baseline,0021,online_evaluation,gen_13,data/structures/reward_guided/baseline/0021/generated/gen_13.cif,True,data/structures/reward_guided/baseline/0021/relaxed/gen_13_relaxed.cif,False,False,,,,False,False,,,,,,
matinvent_style_target12_tri_fixed_scaler_gpu,baseline,0021,online_evaluation,gen_14,data/structures/reward_guided/baseline/0021/generated/gen_14.cif,True,data/structures/reward_guided/baseline/0021/relaxed/gen_14_relaxed.cif,True,True,3.398849399553401,9.635474e-05,,False,False,,True,True,True,,
matinvent_style_target12_tri_fixed_scaler_gpu,baseline,0021,online_evaluation,gen_15,data/structures/reward_guided/baseline/0021/generated/gen_15.cif,True,data/structures/reward_guided/baseline/0021/relaxed/gen_15_relaxed.cif,True,True,7.654722946647027,0.09440332,,False,False,,True,True,True,,
matinvent_style_target12_tri_fixed_scaler_gpu,baseline,0021,online_evaluation,gen_16,data/structures/reward_guided/baseline/0021/generated/gen_16.cif,True,data/structures/reward_guided/baseline/0021/relaxed/gen_16_relaxed.cif,False,False,,,,False,False,,,,,,
matinvent_style_target12_tri_fixed_scaler_gpu,baseline,0021,online_evaluation,gen_17,data/structures/reward_guided/baseline/0021/generated/gen_17.cif,True,data/structures/reward_guided/baseline/0021/relaxed/gen_17_relaxed.cif,True,True,12.016113017485578,0.9999676,,True,False,,True,True,True,,
matinvent_style_target12_tri_fixed_scaler_gpu,baseline,0021,online_evaluation,gen_18,data/structures/reward_guided/baseline/0021/generated/gen_18.cif,True,data/structures/reward_guided/baseline/0021/relaxed/gen_18_relaxed.cif,True,True,13.166452208658766,0.8436004,,True,False,,True,True,True,,
matinvent_style_target12_tri_fixed_scaler_gpu,baseline,0021,online_evaluation,gen_19,data/structures/reward_guided/baseline/0021/generated/gen_19.cif,True,data/structures/reward_guided/baseline/0021/relaxed/gen_19_relaxed.cif,False,False,,,,False,False,,,,,,
matinvent_style_target12_tri_fixed_scaler_gpu,baseline,0021,online_evaluation,gen_2,data/structures/reward_guided/baseline/0021/generated/gen_2.cif,True,data/structures/reward_guided/baseline/0021/relaxed/gen_2_relaxed.cif,False,False,,,,False,False,,,,,,
matinvent_style_target12_tri_fixed_scaler_gpu,baseline,0021,online_evaluation,gen_20,data/structures/reward_guided/baseline/0021/generated/gen_20.cif,True,data/structures/reward_guided/baseline/0021/relaxed/gen_20_relaxed.cif,True,True,3.06292590094116,4.6136247e-05,,False,False,,True,True,True,,
matinvent_style_target12_tri_fixed_scaler_gpu,baseline,0021,online_evaluation,gen_21,data/structures/reward_guided/baseline/0021/generated/gen_21.cif,,,False,False,,,,False,False,,,,,,invalid_raw_structure
matinvent_style_target12_tri_fixed_scaler_gpu,baseline,0021,online_evaluation,gen_22,data/structures/reward_guided/baseline/0021/generated/gen_22.cif,True,data/structures/reward_guided/baseline/0021/relaxed/gen_22_relaxed.cif,False,False,,,,False,False,,,,,,
matinvent_style_target12_tri_fixed_scaler_gpu,baseline,0021,online_evaluation,gen_23,data/structures/reward_guided/baseline/0021/generated/gen_23.cif,True,data/structures/reward_guided/baseline/0021/relaxed/gen_23_relaxed.cif,False,False,,,,False,False,,,,,,
matinvent_style_target12_tri_fixed_scaler_gpu,baseline,0021,online_evaluation,gen_24,data/structures/reward_guided/baseline/0021/generated/gen_24.cif,True,data/structures/reward_guided/baseline/0021/relaxed/gen_24_relaxed.cif,True,True,15.834036256764229,0.15921827,,True,False,,True,True,True,,
matinvent_style_target12_tri_fixed_scaler_gpu,baseline,0021,online_evaluation,gen_25,data/structures/reward_guided/baseline/0021/generated/gen_25.cif,True,data/structures/reward_guided/baseline/0021/relaxed/gen_25_relaxed.cif,True,True,4.498999046064775,0.000882169,,False,False,,True,True,True,,
matinvent_style_target12_tri_fixed_scaler_gpu,baseline,0021,online_evaluation,gen_26,data/structures/reward_guided/baseline/0021/generated/gen_26.cif,True,data/structures/reward_guided/baseline/0021/relaxed/gen_26_relaxed.cif,False,False,,,,False,False,,,,,,
matinvent_style_target12_tri_fixed_scaler_gpu,baseline,0021,online_evaluation,gen_27,data/structures/reward_guided/baseline/0021/generated/gen_27.cif,True,data/structures/reward_guided/baseline/0021/relaxed/gen_27_relaxed.cif,False,False,,,,False,False,,,,,,
matinvent_style_target12_tri_fixed_scaler_gpu,baseline,0021,online_evaluation,gen_28,data/structures/reward_guided/baseline/0021/generated/gen_28.cif,True,data/structures/reward_guided/baseline/0021/relaxed/gen_28_relaxed.cif,False,False,,,,False,False,,,,,,
matinvent_style_target12_tri_fixed_scaler_gpu,baseline,0021,online_evaluation,gen_29,data/structures/reward_guided/baseline/0021/generated/gen_29.cif,True,data/structures/reward_guided/baseline/0021/relaxed/gen_29_relaxed.cif,True,True,13.890584783195228,0.63967896,,True,False,,True,True,True,,
matinvent_style_target12_tri_fixed_scaler_gpu,baseline,0021,online_evaluation,gen_3,data/structures/reward_guided/baseline/0021/generated/gen_3.cif,True,data/structures/reward_guided/baseline/0021/relaxed/gen_3_relaxed.cif,True,True,27.29316912321922,2.010691e-13,,False,False,,True,True,True,,
matinvent_style_target12_tri_fixed_scaler_gpu,baseline,0021,online_evaluation,gen_30,data/structures/reward_guided/baseline/0021/generated/gen_30.cif,True,data/structures/reward_guided/baseline/0021/relaxed/gen_30_relaxed.cif,False,False,,,,False,False,,,,,,
matinvent_style_target12_tri_fixed_scaler_gpu,baseline,0021,online_evaluation,gen_31,data/structures/reward_guided/baseline/0021/generated/gen_31.cif,True,data/structures/reward_guided/baseline/0021/relaxed/gen_31_relaxed.cif,False,False,,,,False,False,,,,,,
matinvent_style_target12_tri_fixed_scaler_gpu,baseline,0021,online_evaluation,gen_32,data/structures/reward_guided/baseline/0021/generated/gen_32.cif,True,data/structures/reward_guided/baseline/0021/relaxed/gen_32_relaxed.cif,False,False,,,,False,False,,,,,,
matinvent_style_target12_tri_fixed_scaler_gpu,baseline,0021,online_evaluation,gen_33,data/structures/reward_guided/baseline/0021/generated/gen_33.cif,True,data/structures/reward_guided/baseline/0021/relaxed/gen_33_relaxed.cif,False,False,,,,False,False,,,,,,
matinvent_style_target12_tri_fixed_scaler_gpu,baseline,0021,online_evaluation,gen_34,data/structures/reward_guided/baseline/0021/generated/gen_34.cif,True,data/structures/reward_guided/baseline/0021/relaxed/gen_34_relaxed.cif,True,True,9.77892563243033,0.5397515,,True,False,,True,True,True,,
matinvent_style_target12_tri_fixed_scaler_gpu,baseline,0021,online_evaluation,gen_35,data/structures/reward_guided/baseline/0021/generated/gen_35.cif,,,False,False,,,,False,False,,,,,,invalid_raw_structure
matinvent_style_target12_tri_fixed_scaler_gpu,baseline,0021,online_evaluation,gen_36,data/structures/reward_guided/baseline/0021/generated/gen_36.cif,True,data/structures/reward_guided/baseline/0021/relaxed/gen_36_relaxed.cif,False,False,,,,False,False,,,,,,
matinvent_style_target12_tri_fixed_scaler_gpu,baseline,0021,online_evaluation,gen_37,data/structures/reward_guided/baseline/0021/generated/gen_37.cif,,,False,False,,,,False,False,,,,,,invalid_raw_structure
matinvent_style_target12_tri_fixed_scaler_gpu,baseline,0021,online_evaluation,gen_38,data/structures/reward_guided/baseline/0021/generated/gen_38.cif,True,data/structures/reward_guided/baseline/0021/relaxed/gen_38_relaxed.cif,True,True,14.030919813239697,0.5971545,,True,False,,True,True,True,,
matinvent_style_target12_tri_fixed_scaler_gpu,baseline,0021,online_evaluation,gen_39,data/structures/reward_guided/baseline/0021/generated/gen_39.cif,True,data/structures/reward_guided/baseline/0021/relaxed/gen_39_relaxed.cif,False,False,,,,False,False,,,,,,
matinvent_style_target12_tri_fixed_scaler_gpu,baseline,0021,online_evaluation,gen_4,data/structures/reward_guided/baseline/0021/generated/gen_4.cif,True,data/structures/reward_guided/baseline/0021/relaxed/gen_4_relaxed.cif,False,False,,,,False,False,,,,,,
matinvent_style_target12_tri_fixed_scaler_gpu,baseline,0021,online_evaluation,gen_40,data/structures/reward_guided/baseline/0021/generated/gen_40.cif,True,data/structures/reward_guided/baseline/0021/relaxed/gen_40_relaxed.cif,False,False,,,,False,False,,,,,,
matinvent_style_target12_tri_fixed_scaler_gpu,baseline,0021,online_evaluation,gen_41,data/structures/reward_guided/baseline/0021/generated/gen_41.cif,True,data/structures/reward_guided/baseline/0021/relaxed/gen_41_relaxed.cif,False,False,,,,False,False,,,,,,
matinvent_style_target12_tri_fixed_scaler_gpu,baseline,0021,online_evaluation,gen_42,data/structures/reward_guided/baseline/0021/generated/gen_42.cif,True,data/structures/reward_guided/baseline/0021/relaxed/gen_42_relaxed.cif,False,False,,,,False,False,,,,,,
matinvent_style_target12_tri_fixed_scaler_gpu,baseline,0021,online_evaluation,gen_43,data/structures/reward_guided/baseline/0021/generated/gen_43.cif,True,data/structures/reward_guided/baseline/0021/relaxed/gen_43_relaxed.cif,True,True,20.04599901466485,0.0003058969,,False,False,,True,True,True,,
matinvent_style_target12_tri_fixed_scaler_gpu,baseline,0021,online_evaluation,gen_44,data/structures/reward_guided/baseline/0021/generated/gen_44.cif,True,data/structures/reward_guided/baseline/0021/relaxed/gen_44_relaxed.cif,False,False,,,,False,False,,,,,,
matinvent_style_target12_tri_fixed_scaler_gpu,baseline,0021,online_evaluation,gen_45,data/structures/reward_guided/baseline/0021/generated/gen_45.cif,True,data/structures/reward_guided/baseline/0021/relaxed/gen_45_relaxed.cif,False,False,,,,False,False,,,,,,
matinvent_style_target12_tri_fixed_scaler_gpu,baseline,0021,online_evaluation,gen_46,data/structures/reward_guided/baseline/0021/generated/gen_46.cif,True,data/structures/reward_guided/baseline/0021/relaxed/gen_46_relaxed.cif,True,True,5.978290764948363,0.010752438,,False,False,,True,True,True,,
matinvent_style_target12_tri_fixed_scaler_gpu,baseline,0021,online_evaluation,gen_47,data/structures/reward_guided/baseline/0021/generated/gen_47.cif,True,data/structures/reward_guided/baseline/0021/relaxed/gen_47_relaxed.cif,False,False,,,,False,False,,,,,,
matinvent_style_target12_tri_fixed_scaler_gpu,baseline,0021,online_evaluation,gen_48,data/structures/reward_guided/baseline/0021/generated/gen_48.cif,True,data/structures/reward_guided/baseline/0021/relaxed/gen_48_relaxed.cif,False,False,,,,False,False,,,,,,
matinvent_style_target12_tri_fixed_scaler_gpu,baseline,0021,online_evaluation,gen_49,data/structures/reward_guided/baseline/0021/generated/gen_49.cif,,,False,False,,,,False,False,,,,,,invalid_raw_structure
matinvent_style_target12_tri_fixed_scaler_gpu,baseline,0021,online_evaluation,gen_5,data/structures/reward_guided/baseline/0021/generated/gen_5.cif,True,data/structures/reward_guided/baseline/0021/relaxed/gen_5_relaxed.cif,False,False,,,,False,False,,,,,,
matinvent_style_target12_tri_fixed_scaler_gpu,baseline,0021,online_evaluation,gen_50,data/structures/reward_guided/baseline/0021/generated/gen_50.cif,True,data/structures/reward_guided/baseline/0021/relaxed/gen_50_relaxed.cif,True,True,17.121166141326828,0.03769255,,False,False,,True,True,True,,
matinvent_style_target12_tri_fixed_scaler_gpu,baseline,0021,online_evaluation,gen_51,data/structures/reward_guided/baseline/0021/generated/gen_51.cif,True,data/structures/reward_guided/baseline/0021/relaxed/gen_51_relaxed.cif,True,True,12.721231538169164,0.93704695,,True,False,,True,True,True,,
matinvent_style_target12_tri_fixed_scaler_gpu,baseline,0021,online_evaluation,gen_52,data/structures/reward_guided/baseline/0021/generated/gen_52.cif,True,data/structures/reward_guided/baseline/0021/relaxed/gen_52_relaxed.cif,False,False,,,,False,False,,,,,,
matinvent_style_target12_tri_fixed_scaler_gpu,baseline,0021,online_evaluation,gen_53,data/structures/reward_guided/baseline/0021/generated/gen_53.cif,True,data/structures/reward_guided/baseline/0021/relaxed/gen_53_relaxed.cif,False,False,,,,False,False,,,,,,
matinvent_style_target12_tri_fixed_scaler_gpu,baseline,0021,online_evaluation,gen_54,data/structures/reward_guided/baseline/0021/generated/gen_54.cif,True,data/structures/reward_guided/baseline/0021/relaxed/gen_54_relaxed.cif,False,False,,,,False,False,,,,,,
matinvent_style_target12_tri_fixed_scaler_gpu,baseline,0021,online_evaluation,gen_55,data/structures/reward_guided/baseline/0021/generated/gen_55.cif,True,data/structures/reward_guided/baseline/0021/relaxed/gen_55_relaxed.cif,False,False,,,,False,False,,,,,,
matinvent_style_target12_tri_fixed_scaler_gpu,baseline,0021,online_evaluation,gen_56,data/structures/reward_guided/baseline/0021/generated/gen_56.cif,,,False,False,,,,False,False,,,,,,invalid_raw_structure
matinvent_style_target12_tri_fixed_scaler_gpu,baseline,0021,online_evaluation,gen_57,data/structures/reward_guided/baseline/0021/generated/gen_57.cif,True,data/structures/reward_guided/baseline/0021/relaxed/gen_57_relaxed.cif,False,False,,,,False,False,,,,,,
matinvent_style_target12_tri_fixed_scaler_gpu,baseline,0021,online_evaluation,gen_58,data/structures/reward_guided/baseline/0021/generated/gen_58.cif,True,data/structures/reward_guided/baseline/0021/relaxed/gen_58_relaxed.cif,False,False,,,,False,False,,,,,,
matinvent_style_target12_tri_fixed_scaler_gpu,baseline,0021,online_evaluation,gen_59,data/structures/reward_guided/baseline/0021/generated/gen_59.cif,True,data/structures/reward_guided/baseline/0021/relaxed/gen_59_relaxed.cif,False,False,,,,False,False,,,,,,
matinvent_style_target12_tri_fixed_scaler_gpu,baseline,0021,online_evaluation,gen_6,data/structures/reward_guided/baseline/0021/generated/gen_6.cif,True,data/structures/reward_guided/baseline/0021/relaxed/gen_6_relaxed.cif,False,False,,,,False,False,,,,,,
matinvent_style_target12_tri_fixed_scaler_gpu,baseline,0021,online_evaluation,gen_60,data/structures/reward_guided/baseline/0021/generated/gen_60.cif,,,False,False,,,,False,False,,,,,,invalid_raw_structure
matinvent_style_target12_tri_fixed_scaler_gpu,baseline,0021,online_evaluation,gen_61,data/structures/reward_guided/baseline/0021/generated/gen_61.cif,,,False,False,,,,False,False,,,,,,invalid_raw_structure
matinvent_style_target12_tri_fixed_scaler_gpu,baseline,0021,online_evaluation,gen_62,data/structures/reward_guided/baseline/0021/generated/gen_62.cif,True,data/structures/reward_guided/baseline/0021/relaxed/gen_62_relaxed.cif,False,False,,,,False,False,,,,,,
matinvent_style_target12_tri_fixed_scaler_gpu,baseline,0021,online_evaluation,gen_63,data/structures/reward_guided/baseline/0021/generated/gen_63.cif,True,data/structures/reward_guided/baseline/0021/relaxed/gen_63_relaxed.cif,False,False,,,,False,False,,,,,,
matinvent_style_target12_tri_fixed_scaler_gpu,baseline,0021,online_evaluation,gen_7,data/structures/reward_guided/baseline/0021/generated/gen_7.cif,True,data/structures/reward_guided/baseline/0021/relaxed/gen_7_relaxed.cif,False,False,,,,False,False,,,,,,
matinvent_style_target12_tri_fixed_scaler_gpu,baseline,0021,online_evaluation,gen_8,data/structures/reward_guided/baseline/0021/generated/gen_8.cif,True,data/structures/reward_guided/baseline/0021/relaxed/gen_8_relaxed.cif,False,False,,,,False,False,,,,,,
matinvent_style_target12_tri_fixed_scaler_gpu,baseline,0021,online_evaluation,gen_9,data/structures/reward_guided/baseline/0021/generated/gen_9.cif,True,data/structures/reward_guided/baseline/0021/relaxed/gen_9_relaxed.cif,False,False,,,,False,False,,,,,,
matinvent_style_target12_tri_fixed_scaler_gpu,baseline,0022,online_evaluation,gen_0,data/structures/reward_guided/baseline/0022/generated/gen_0.cif,True,data/structures/reward_guided/baseline/0022/relaxed/gen_0_relaxed.cif,False,False,,,,False,False,,,,,,
matinvent_style_target12_tri_fixed_scaler_gpu,baseline,0022,online_evaluation,gen_1,data/structures/reward_guided/baseline/0022/generated/gen_1.cif,,,False,False,,,,False,False,,,,,,invalid_raw_structure
matinvent_style_target12_tri_fixed_scaler_gpu,baseline,0022,online_evaluation,gen_10,data/structures/reward_guided/baseline/0022/generated/gen_10.cif,,,False,False,,,,False,False,,,,,,invalid_raw_structure
matinvent_style_target12_tri_fixed_scaler_gpu,baseline,0022,online_evaluation,gen_11,data/structures/reward_guided/baseline/0022/generated/gen_11.cif,True,data/structures/reward_guided/baseline/0022/relaxed/gen_11_relaxed.cif,False,False,,,,False,False,,,,,,
matinvent_style_target12_tri_fixed_scaler_gpu,baseline,0022,online_evaluation,gen_12,data/structures/reward_guided/baseline/0022/generated/gen_12.cif,True,data/structures/reward_guided/baseline/0022/relaxed/gen_12_relaxed.cif,False,False,,,,False,False,,,,,,
matinvent_style_target12_tri_fixed_scaler_gpu,baseline,0022,online_evaluation,gen_13,data/structures/reward_guided/baseline/0022/generated/gen_13.cif,True,data/structures/reward_guided/baseline/0022/relaxed/gen_13_relaxed.cif,False,False,,,,False,False,,,,,,
matinvent_style_target12_tri_fixed_scaler_gpu,baseline,0022,online_evaluation,gen_14,data/structures/reward_guided/baseline/0022/generated/gen_14.cif,True,data/structures/reward_guided/baseline/0022/relaxed/gen_14_relaxed.cif,False,False,,,,False,False,,,,,,
matinvent_style_target12_tri_fixed_scaler_gpu,baseline,0022,online_evaluation,gen_15,data/structures/reward_guided/baseline/0022/generated/gen_15.cif,True,data/structures/reward_guided/baseline/0022/relaxed/gen_15_relaxed.cif,False,False,,,,False,False,,,,,,
matinvent_style_target12_tri_fixed_scaler_gpu,baseline,0022,online_evaluation,gen_16,data/structures/reward_guided/baseline/0022/generated/gen_16.cif,True,data/structures/reward_guided/baseline/0022/relaxed/gen_16_relaxed.cif,True,True,3.590544267609893,0.00014484183,,False,False,,True,True,True,,
matinvent_style_target12_tri_fixed_scaler_gpu,baseline,0022,online_evaluation,gen_17,data/structures/reward_guided/baseline/0022/generated/gen_17.cif,True,data/structures/reward_guided/baseline/0022/relaxed/gen_17_relaxed.cif,False,False,,,,False,False,,,,,,
matinvent_style_target12_tri_fixed_scaler_gpu,baseline,0022,online_evaluation,gen_18,data/structures/reward_guided/baseline/0022/generated/gen_18.cif,,,False,False,,,,False,False,,,,,,invalid_raw_structure
matinvent_style_target12_tri_fixed_scaler_gpu,baseline,0022,online_evaluation,gen_19,data/structures/reward_guided/baseline/0022/generated/gen_19.cif,True,data/structures/reward_guided/baseline/0022/relaxed/gen_19_relaxed.cif,False,False,,,,False,False,,,,,,
matinvent_style_target12_tri_fixed_scaler_gpu,baseline,0022,online_evaluation,gen_2,data/structures/reward_guided/baseline/0022/generated/gen_2.cif,True,data/structures/reward_guided/baseline/0022/relaxed/gen_2_relaxed.cif,True,True,11.430362384483916,0.96025074,,True,False,,True,True,True,,
matinvent_style_target12_tri_fixed_scaler_gpu,baseline,0022,online_evaluation,gen_20,data/structures/reward_guided/baseline/0022/generated/gen_20.cif,True,data/structures/reward_guided/baseline/0022/relaxed/gen_20_relaxed.cif,False,False,,,,False,False,,,,,,
matinvent_style_target12_tri_fixed_scaler_gpu,baseline,0022,online_evaluation,gen_21,data/structures/reward_guided/baseline/0022/generated/gen_21.cif,True,data/structures/reward_guided/baseline/0022/relaxed/gen_21_relaxed.cif,True,True,6.39303692612078,0.019648498,,True,False,,True,True,True,,
matinvent_style_target12_tri_fixed_scaler_gpu,baseline,0022,online_evaluation,gen_22,data/structures/reward_guided/baseline/0022/generated/gen_22.cif,True,data/structures/reward_guided/baseline/0022/relaxed/gen_22_relaxed.cif,False,False,,,,False,False,,,,,,
matinvent_style_target12_tri_fixed_scaler_gpu,baseline,0022,online_evaluation,gen_23,data/structures/reward_guided/baseline/0022/generated/gen_23.cif,True,data/structures/reward_guided/baseline/0022/relaxed/gen_23_relaxed.cif,False,False,,,,False,False,,,,,,
matinvent_style_target12_tri_fixed_scaler_gpu,baseline,0022,online_evaluation,gen_24,data/structures/reward_guided/baseline/0022/generated/gen_24.cif,True,data/structures/reward_guided/baseline/0022/relaxed/gen_24_relaxed.cif,False,False,,,,False,False,,,,,,
matinvent_style_target12_tri_fixed_scaler_gpu,baseline,0022,online_evaluation,gen_25,data/structures/reward_guided/baseline/0022/generated/gen_25.cif,True,data/structures/reward_guided/baseline/0022/relaxed/gen_25_relaxed.cif,True,True,12.155076493308409,0.9969984,,True,False,,True,True,True,,
matinvent_style_target12_tri_fixed_scaler_gpu,baseline,0022,online_evaluation,gen_26,data/structures/reward_guided/baseline/0022/generated/gen_26.cif,True,data/structures/reward_guided/baseline/0022/relaxed/gen_26_relaxed.cif,False,False,,,,False,False,,,,,,
matinvent_style_target12_tri_fixed_scaler_gpu,baseline,0022,online_evaluation,gen_27,data/structures/reward_guided/baseline/0022/generated/gen_27.cif,True,data/structures/reward_guided/baseline/0022/relaxed/gen_27_relaxed.cif,False,False,,,,False,False,,,,,,
matinvent_style_target12_tri_fixed_scaler_gpu,baseline,0022,online_evaluation,gen_28,data/structures/reward_guided/baseline/0022/generated/gen_28.cif,True,data/structures/reward_guided/baseline/0022/relaxed/gen_28_relaxed.cif,False,False,,,,False,False,,,,,,
matinvent_style_target12_tri_fixed_scaler_gpu,baseline,0022,online_evaluation,gen_29,data/structures/reward_guided/baseline/0022/generated/gen_29.cif,True,data/structures/reward_guided/baseline/0022/relaxed/gen_29_relaxed.cif,False,False,,,,False,False,,,,,,
matinvent_style_target12_tri_fixed_scaler_gpu,baseline,0022,online_evaluation,gen_3,data/structures/reward_guided/baseline/0022/generated/gen_3.cif,True,data/structures/reward_guided/baseline/0022/relaxed/gen_3_relaxed.cif,False,False,,,,False,False,,,,,,
matinvent_style_target12_tri_fixed_scaler_gpu,baseline,0022,online_evaluation,gen_30,data/structures/reward_guided/baseline/0022/generated/gen_30.cif,True,data/structures/reward_guided/baseline/0022/relaxed/gen_30_relaxed.cif,True,True,17.662705382461578,0.01816463,,False,False,,True,True,True,,
matinvent_style_target12_tri_fixed_scaler_gpu,baseline,0022,online_evaluation,gen_31,data/structures/reward_guided/baseline/0022/generated/gen_31.cif,True,data/structures/reward_guided/baseline/0022/relaxed/gen_31_relaxed.cif,False,False,,,,False,False,,,,,,
matinvent_style_target12_tri_fixed_scaler_gpu,baseline,0022,online_evaluation,gen_32,data/structures/reward_guided/baseline/0022/generated/gen_32.cif,,,False,False,,,,False,False,,,,,,invalid_raw_structure
matinvent_style_target12_tri_fixed_scaler_gpu,baseline,0022,online_evaluation,gen_33,data/structures/reward_guided/baseline/0022/generated/gen_33.cif,True,data/structures/reward_guided/baseline/0022/relaxed/gen_33_relaxed.cif,False,False,,,,False,False,,,,,,
matinvent_style_target12_tri_fixed_scaler_gpu,baseline,0022,online_evaluation,gen_34,data/structures/reward_guided/baseline/0022/generated/gen_34.cif,True,data/structures/reward_guided/baseline/0022/relaxed/gen_34_relaxed.cif,False,False,,,,False,False,,,,,,
matinvent_style_target12_tri_fixed_scaler_gpu,baseline,0022,online_evaluation,gen_35,data/structures/reward_guided/baseline/0022/generated/gen_35.cif,True,data/structures/reward_guided/baseline/0022/relaxed/gen_35_relaxed.cif,False,False,,,,False,False,,,,,,
matinvent_style_target12_tri_fixed_scaler_gpu,baseline,0022,online_evaluation,gen_36,data/structures/reward_guided/baseline/0022/generated/gen_36.cif,True,data/structures/reward_guided/baseline/0022/relaxed/gen_36_relaxed.cif,False,False,,,,False,False,,,,,,
matinvent_style_target12_tri_fixed_scaler_gpu,baseline,0022,online_evaluation,gen_37,data/structures/reward_guided/baseline/0022/generated/gen_37.cif,True,data/structures/reward_guided/baseline/0022/relaxed/gen_37_relaxed.cif,False,False,,,,False,False,,,,,,
matinvent_style_target12_tri_fixed_scaler_gpu,baseline,0022,online_evaluation,gen_38,data/structures/reward_guided/baseline/0022/generated/gen_38.cif,True,data/structures/reward_guided/baseline/0022/relaxed/gen_38_relaxed.cif,True,True,15.7723384223522,0.16883774,,True,False,,True,True,True,,
matinvent_style_target12_tri_fixed_scaler_gpu,baseline,0022,online_evaluation,gen_39,data/structures/reward_guided/baseline/0022/generated/gen_39.cif,True,data/structures/reward_guided/baseline/0022/relaxed/gen_39_relaxed.cif,False,False,,,,False,False,,,,,,
matinvent_style_target12_tri_fixed_scaler_gpu,baseline,0022,online_evaluation,gen_4,data/structures/reward_guided/baseline/0022/generated/gen_4.cif,True,data/structures/reward_guided/baseline/0022/relaxed/gen_4_relaxed.cif,False,False,,,,False,False,,,,,,
matinvent_style_target12_tri_fixed_scaler_gpu,baseline,0022,online_evaluation,gen_40,data/structures/reward_guided/baseline/0022/generated/gen_40.cif,True,data/structures/reward_guided/baseline/0022/relaxed/gen_40_relaxed.cif,True,True,3.546934059023695,0.00013212125,,False,False,,True,True,True,,
matinvent_style_target12_tri_fixed_scaler_gpu,baseline,0022,online_evaluation,gen_41,data/structures/reward_guided/baseline/0022/generated/gen_41.cif,,,False,False,,,,False,False,,,,,,invalid_raw_structure
matinvent_style_target12_tri_fixed_scaler_gpu,baseline,0022,online_evaluation,gen_42,data/structures/reward_guided/baseline/0022/generated/gen_42.cif,True,data/structures/reward_guided/baseline/0022/relaxed/gen_42_relaxed.cif,False,False,,,,False,False,,,,,,
matinvent_style_target12_tri_fixed_scaler_gpu,baseline,0022,online_evaluation,gen_43,data/structures/reward_guided/baseline/0022/generated/gen_43.cif,True,data/structures/reward_guided/baseline/0022/relaxed/gen_43_relaxed.cif,True,True,12.051852032338015,0.99966395,,True,False,,True,True,True,,
matinvent_style_target12_tri_fixed_scaler_gpu,baseline,0022,online_evaluation,gen_44,data/structures/reward_guided/baseline/0022/generated/gen_44.cif,True,data/structures/reward_guided/baseline/0022/relaxed/gen_44_relaxed.cif,False,False,,,,False,False,,,,,,
matinvent_style_target12_tri_fixed_scaler_gpu,baseline,0022,online_evaluation,gen_45,data/structures/reward_guided/baseline/0022/generated/gen_45.cif,True,data/structures/reward_guided/baseline/0022/relaxed/gen_45_relaxed.cif,False,False,,,,False,False,,,,,,
matinvent_style_target12_tri_fixed_scaler_gpu,baseline,0022,online_evaluation,gen_46,data/structures/reward_guided/baseline/0022/generated/gen_46.cif,True,data/structures/reward_guided/baseline/0022/relaxed/gen_46_relaxed.cif,False,False,,,,False,False,,,,,,
matinvent_style_target12_tri_fixed_scaler_gpu,baseline,0022,online_evaluation,gen_47,data/structures/reward_guided/baseline/0022/generated/gen_47.cif,True,data/structures/reward_guided/baseline/0022/relaxed/gen_47_relaxed.cif,False,False,,,,False,False,,,,,,
matinvent_style_target12_tri_fixed_scaler_gpu,baseline,0022,online_evaluation,gen_48,data/structures/reward_guided/baseline/0022/generated/gen_48.cif,True,data/structures/reward_guided/baseline/0022/relaxed/gen_48_relaxed.cif,False,False,,,,False,False,,,,,,
matinvent_style_target12_tri_fixed_scaler_gpu,baseline,0022,online_evaluation,gen_49,data/structures/reward_guided/baseline/0022/generated/gen_49.cif,True,data/structures/reward_guided/baseline/0022/relaxed/gen_49_relaxed.cif,False,False,,,,False,False,,,,,,
matinvent_style_target12_tri_fixed_scaler_gpu,baseline,0022,online_evaluation,gen_5,data/structures/reward_guided/baseline/0022/generated/gen_5.cif,,,False,False,,,,False,False,,,,,,invalid_raw_structure
matinvent_style_target12_tri_fixed_scaler_gpu,baseline,0022,online_evaluation,gen_50,data/structures/reward_guided/baseline/0022/generated/gen_50.cif,,,False,False,,,,False,False,,,,,,invalid_raw_structure
matinvent_style_target12_tri_fixed_scaler_gpu,baseline,0022,online_evaluation,gen_51,data/structures/reward_guided/baseline/0022/generated/gen_51.cif,True,data/structures/reward_guided/baseline/0022/relaxed/gen_51_relaxed.cif,False,False,,,,False,False,,,,,,
matinvent_style_target12_tri_fixed_scaler_gpu,baseline,0022,online_evaluation,gen_52,data/structures/reward_guided/baseline/0022/generated/gen_52.cif,True,data/structures/reward_guided/baseline/0022/relaxed/gen_52_relaxed.cif,True,True,7.810596520172125,0.11148249,,True,False,,True,True,True,,
matinvent_style_target12_tri_fixed_scaler_gpu,baseline,0022,online_evaluation,gen_53,data/structures/reward_guided/baseline/0022/generated/gen_53.cif,True,data/structures/reward_guided/baseline/0022/relaxed/gen_53_relaxed.cif,False,False,,,,False,False,,,,,,
matinvent_style_target12_tri_fixed_scaler_gpu,baseline,0022,online_evaluation,gen_54,data/structures/reward_guided/baseline/0022/generated/gen_54.cif,True,data/structures/reward_guided/baseline/0022/relaxed/gen_54_relaxed.cif,True,True,40.79080346900815,1.0000000000000001e-45,,False,False,,True,True,True,,
matinvent_style_target12_tri_fixed_scaler_gpu,baseline,0022,online_evaluation,gen_55,data/structures/reward_guided/baseline/0022/generated/gen_55.cif,True,data/structures/reward_guided/baseline/0022/relaxed/gen_55_relaxed.cif,True,True,16.19431642897492,0.11090999,,True,False,,True,True,True,,
matinvent_style_target12_tri_fixed_scaler_gpu,baseline,0022,online_evaluation,gen_56,data/structures/reward_guided/baseline/0022/generated/gen_56.cif,True,data/structures/reward_guided/baseline/0022/relaxed/gen_56_relaxed.cif,True,True,18.66865914733541,0.0038531015,,False,False,,True,True,True,,
matinvent_style_target12_tri_fixed_scaler_gpu,baseline,0022,online_evaluation,gen_57,data/structures/reward_guided/baseline/0022/generated/gen_57.cif,True,data/structures/reward_guided/baseline/0022/relaxed/gen_57_relaxed.cif,False,False,,,,False,False,,,,,,
matinvent_style_target12_tri_fixed_scaler_gpu,baseline,0022,online_evaluation,gen_58,data/structures/reward_guided/baseline/0022/generated/gen_58.cif,True,data/structures/reward_guided/baseline/0022/relaxed/gen_58_relaxed.cif,False,False,,,,False,False,,,,,,
matinvent_style_target12_tri_fixed_scaler_gpu,baseline,0022,online_evaluation,gen_59,data/structures/reward_guided/baseline/0022/generated/gen_59.cif,True,data/structures/reward_guided/baseline/0022/relaxed/gen_59_relaxed.cif,False,False,,,,False,False,,,,,,
matinvent_style_target12_tri_fixed_scaler_gpu,baseline,0022,online_evaluation,gen_6,data/structures/reward_guided/baseline/0022/generated/gen_6.cif,True,data/structures/reward_guided/baseline/0022/relaxed/gen_6_relaxed.cif,False,False,,,,False,False,,,,,,
matinvent_style_target12_tri_fixed_scaler_gpu,baseline,0022,online_evaluation,gen_60,data/structures/reward_guided/baseline/0022/generated/gen_60.cif,,,False,False,,,,False,False,,,,,,invalid_raw_structure
matinvent_style_target12_tri_fixed_scaler_gpu,baseline,0022,online_evaluation,gen_61,data/structures/reward_guided/baseline/0022/generated/gen_61.cif,True,data/structures/reward_guided/baseline/0022/relaxed/gen_61_relaxed.cif,True,True,14.669412522324146,0.41036,,True,False,,True,True,True,,
matinvent_style_target12_tri_fixed_scaler_gpu,baseline,0022,online_evaluation,gen_62,data/structures/reward_guided/baseline/0022/generated/gen_62.cif,True,data/structures/reward_guided/baseline/0022/relaxed/gen_62_relaxed.cif,False,False,,,,False,False,,,,,,
matinvent_style_target12_tri_fixed_scaler_gpu,baseline,0022,online_evaluation,gen_63,data/structures/reward_guided/baseline/0022/generated/gen_63.cif,,,False,False,,,,False,False,,,,,,invalid_raw_structure
matinvent_style_target12_tri_fixed_scaler_gpu,baseline,0022,online_evaluation,gen_7,data/structures/reward_guided/baseline/0022/generated/gen_7.cif,True,data/structures/reward_guided/baseline/0022/relaxed/gen_7_relaxed.cif,True,True,6.1199639549754,0.013275262,,False,False,,True,True,True,,
matinvent_style_target12_tri_fixed_scaler_gpu,baseline,0022,online_evaluation,gen_8,data/structures/reward_guided/baseline/0022/generated/gen_8.cif,True,data/structures/reward_guided/baseline/0022/relaxed/gen_8_relaxed.cif,False,False,,,,False,False,,,,,,
matinvent_style_target12_tri_fixed_scaler_gpu,baseline,0022,online_evaluation,gen_9,data/structures/reward_guided/baseline/0022/generated/gen_9.cif,True,data/structures/reward_guided/baseline/0022/relaxed/gen_9_relaxed.cif,False,False,,,,False,False,,,,,,
matinvent_style_target12_tri_fixed_scaler_gpu,baseline,0023,online_evaluation,gen_0,data/structures/reward_guided/baseline/0023/generated/gen_0.cif,True,data/structures/reward_guided/baseline/0023/relaxed/gen_0_relaxed.cif,False,False,,,,False,False,,,,,,
matinvent_style_target12_tri_fixed_scaler_gpu,baseline,0023,online_evaluation,gen_1,data/structures/reward_guided/baseline/0023/generated/gen_1.cif,True,data/structures/reward_guided/baseline/0023/relaxed/gen_1_relaxed.cif,True,True,24.58211824956488,2.546076e-09,,False,False,,True,True,True,,
matinvent_style_target12_tri_fixed_scaler_gpu,baseline,0023,online_evaluation,gen_10,data/structures/reward_guided/baseline/0023/generated/gen_10.cif,True,data/structures/reward_guided/baseline/0023/relaxed/gen_10_relaxed.cif,True,True,12.674891160537872,0.9446557,,True,False,,True,True,True,,
matinvent_style_target12_tri_fixed_scaler_gpu,baseline,0023,online_evaluation,gen_11,data/structures/reward_guided/baseline/0023/generated/gen_11.cif,True,data/structures/reward_guided/baseline/0023/relaxed/gen_11_relaxed.cif,False,False,,,,False,False,,,,,,
matinvent_style_target12_tri_fixed_scaler_gpu,baseline,0023,online_evaluation,gen_12,data/structures/reward_guided/baseline/0023/generated/gen_12.cif,True,data/structures/reward_guided/baseline/0023/relaxed/gen_12_relaxed.cif,False,False,,,,False,False,,,,,,
matinvent_style_target12_tri_fixed_scaler_gpu,baseline,0023,online_evaluation,gen_13,data/structures/reward_guided/baseline/0023/generated/gen_13.cif,True,data/structures/reward_guided/baseline/0023/relaxed/gen_13_relaxed.cif,False,False,,,,False,False,,,,,,
matinvent_style_target12_tri_fixed_scaler_gpu,baseline,0023,online_evaluation,gen_14,data/structures/reward_guided/baseline/0023/generated/gen_14.cif,True,data/structures/reward_guided/baseline/0023/relaxed/gen_14_relaxed.cif,False,False,,,,False,False,,,,,,
matinvent_style_target12_tri_fixed_scaler_gpu,baseline,0023,online_evaluation,gen_15,data/structures/reward_guided/baseline/0023/generated/gen_15.cif,True,data/structures/reward_guided/baseline/0023/relaxed/gen_15_relaxed.cif,False,False,,,,False,False,,,,,,
matinvent_style_target12_tri_fixed_scaler_gpu,baseline,0023,online_evaluation,gen_16,data/structures/reward_guided/baseline/0023/generated/gen_16.cif,True,data/structures/reward_guided/baseline/0023/relaxed/gen_16_relaxed.cif,False,False,,,,False,False,,,,,,
matinvent_style_target12_tri_fixed_scaler_gpu,baseline,0023,online_evaluation,gen_17,data/structures/reward_guided/baseline/0023/generated/gen_17.cif,True,data/structures/reward_guided/baseline/0023/relaxed/gen_17_relaxed.cif,True,True,12.474933175019942,0.9721986,,True,False,,True,True,True,,
matinvent_style_target12_tri_fixed_scaler_gpu,baseline,0023,online_evaluation,gen_18,data/structures/reward_guided/baseline/0023/generated/gen_18.cif,True,data/structures/reward_guided/baseline/0023/relaxed/gen_18_relaxed.cif,False,False,,,,False,False,,,,,,
matinvent_style_target12_tri_fixed_scaler_gpu,baseline,0023,online_evaluation,gen_19,data/structures/reward_guided/baseline/0023/generated/gen_19.cif,True,data/structures/reward_guided/baseline/0023/relaxed/gen_19_relaxed.cif,True,True,24.447656231880668,3.8777213e-09,,False,False,,True,True,True,,
matinvent_style_target12_tri_fixed_scaler_gpu,baseline,0023,online_evaluation,gen_2,data/structures/reward_guided/baseline/0023/generated/gen_2.cif,True,data/structures/reward_guided/baseline/0023/relaxed/gen_2_relaxed.cif,True,True,12.97588241913586,0.88776934,,True,False,,True,True,True,,
matinvent_style_target12_tri_fixed_scaler_gpu,baseline,0023,online_evaluation,gen_20,data/structures/reward_guided/baseline/0023/generated/gen_20.cif,,,False,False,,,,False,False,,,,,,invalid_raw_structure
matinvent_style_target12_tri_fixed_scaler_gpu,baseline,0023,online_evaluation,gen_21,data/structures/reward_guided/baseline/0023/generated/gen_21.cif,True,data/structures/reward_guided/baseline/0023/relaxed/gen_21_relaxed.cif,True,True,18.78013099107399,0.0031946683,,False,False,,True,True,True,,
matinvent_style_target12_tri_fixed_scaler_gpu,baseline,0023,online_evaluation,gen_22,data/structures/reward_guided/baseline/0023/generated/gen_22.cif,True,data/structures/reward_guided/baseline/0023/relaxed/gen_22_relaxed.cif,False,False,,,,False,False,,,,,,
matinvent_style_target12_tri_fixed_scaler_gpu,baseline,0023,online_evaluation,gen_23,data/structures/reward_guided/baseline/0023/generated/gen_23.cif,True,data/structures/reward_guided/baseline/0023/relaxed/gen_23_relaxed.cif,True,True,7.695163581728603,0.09862287,,False,False,,True,True,True,,
matinvent_style_target12_tri_fixed_scaler_gpu,baseline,0023,online_evaluation,gen_24,data/structures/reward_guided/baseline/0023/generated/gen_24.cif,True,data/structures/reward_guided/baseline/0023/relaxed/gen_24_relaxed.cif,False,False,,,,False,False,,,,,,
matinvent_style_target12_tri_fixed_scaler_gpu,baseline,0023,online_evaluation,gen_25,data/structures/reward_guided/baseline/0023/generated/gen_25.cif,True,data/structures/reward_guided/baseline/0023/relaxed/gen_25_relaxed.cif,False,False,,,,False,False,,,,,,
matinvent_style_target12_tri_fixed_scaler_gpu,baseline,0023,online_evaluation,gen_26,data/structures/reward_guided/baseline/0023/generated/gen_26.cif,True,data/structures/reward_guided/baseline/0023/relaxed/gen_26_relaxed.cif,False,False,,,,False,False,,,,,,
matinvent_style_target12_tri_fixed_scaler_gpu,baseline,0023,online_evaluation,gen_27,data/structures/reward_guided/baseline/0023/generated/gen_27.cif,True,data/structures/reward_guided/baseline/0023/relaxed/gen_27_relaxed.cif,False,False,,,,False,False,,,,,,
matinvent_style_target12_tri_fixed_scaler_gpu,baseline,0023,online_evaluation,gen_28,data/structures/reward_guided/baseline/0023/generated/gen_28.cif,True,data/structures/reward_guided/baseline/0023/relaxed/gen_28_relaxed.cif,True,True,9.563318487201716,0.47607633,,True,False,,True,True,True,,
matinvent_style_target12_tri_fixed_scaler_gpu,baseline,0023,online_evaluation,gen_29,data/structures/reward_guided/baseline/0023/generated/gen_29.cif,True,data/structures/reward_guided/baseline/0023/relaxed/gen_29_relaxed.cif,False,False,,,,False,False,,,,,,
matinvent_style_target12_tri_fixed_scaler_gpu,baseline,0023,online_evaluation,gen_3,data/structures/reward_guided/baseline/0023/generated/gen_3.cif,True,data/structures/reward_guided/baseline/0023/relaxed/gen_3_relaxed.cif,False,False,,,,False,False,,,,,,
matinvent_style_target12_tri_fixed_scaler_gpu,baseline,0023,online_evaluation,gen_30,data/structures/reward_guided/baseline/0023/generated/gen_30.cif,True,data/structures/reward_guided/baseline/0023/relaxed/gen_30_relaxed.cif,False,False,,,,False,False,,,,,,
matinvent_style_target12_tri_fixed_scaler_gpu,baseline,0023,online_evaluation,gen_31,data/structures/reward_guided/baseline/0023/generated/gen_31.cif,True,data/structures/reward_guided/baseline/0023/relaxed/gen_31_relaxed.cif,False,False,,,,False,False,,,,,,
matinvent_style_target12_tri_fixed_scaler_gpu,baseline,0023,online_evaluation,gen_32,data/structures/reward_guided/baseline/0023/generated/gen_32.cif,True,data/structures/reward_guided/baseline/0023/relaxed/gen_32_relaxed.cif,False,False,,,,False,False,,,,,,
matinvent_style_target12_tri_fixed_scaler_gpu,baseline,0023,online_evaluation,gen_33,data/structures/reward_guided/baseline/0023/generated/gen_33.cif,True,data/structures/reward_guided/baseline/0023/relaxed/gen_33_relaxed.cif,False,False,,,,False,False,,,,,,
matinvent_style_target12_tri_fixed_scaler_gpu,baseline,0023,online_evaluation,gen_34,data/structures/reward_guided/baseline/0023/generated/gen_34.cif,True,data/structures/reward_guided/baseline/0023/relaxed/gen_34_relaxed.cif,False,False,,,,False,False,,,,,,
matinvent_style_target12_tri_fixed_scaler_gpu,baseline,0023,online_evaluation,gen_35,data/structures/reward_guided/baseline/0023/generated/gen_35.cif,True,data/structures/reward_guided/baseline/0023/relaxed/gen_35_relaxed.cif,False,False,,,,False,False,,,,,,
matinvent_style_target12_tri_fixed_scaler_gpu,baseline,0023,online_evaluation,gen_36,data/structures/reward_guided/baseline/0023/generated/gen_36.cif,True,data/structures/reward_guided/baseline/0023/relaxed/gen_36_relaxed.cif,False,False,,,,False,False,,,,,,
matinvent_style_target12_tri_fixed_scaler_gpu,baseline,0023,online_evaluation,gen_37,data/structures/reward_guided/baseline/0023/generated/gen_37.cif,True,data/structures/reward_guided/baseline/0023/relaxed/gen_37_relaxed.cif,False,False,,,,False,False,,,,,,
matinvent_style_target12_tri_fixed_scaler_gpu,baseline,0023,online_evaluation,gen_38,data/structures/reward_guided/baseline/0023/generated/gen_38.cif,True,data/structures/reward_guided/baseline/0023/relaxed/gen_38_relaxed.cif,True,True,3.969162919107981,0.00031536084,,False,False,,True,True,True,,
matinvent_style_target12_tri_fixed_scaler_gpu,baseline,0023,online_evaluation,gen_39,data/structures/reward_guided/baseline/0023/generated/gen_39.cif,True,data/structures/reward_guided/baseline/0023/relaxed/gen_39_relaxed.cif,False,False,,,,False,False,,,,,,
matinvent_style_target12_tri_fixed_scaler_gpu,baseline,0023,online_evaluation,gen_4,data/structures/reward_guided/baseline/0023/generated/gen_4.cif,True,data/structures/reward_guided/baseline/0023/relaxed/gen_4_relaxed.cif,True,True,8.859324296052804,0.2914227,,True,False,,True,True,True,,
matinvent_style_target12_tri_fixed_scaler_gpu,baseline,0023,online_evaluation,gen_40,data/structures/reward_guided/baseline/0023/generated/gen_40.cif,True,data/structures/reward_guided/baseline/0023/relaxed/gen_40_relaxed.cif,False,False,,,,False,False,,,,,,
matinvent_style_target12_tri_fixed_scaler_gpu,baseline,0023,online_evaluation,gen_41,data/structures/reward_guided/baseline/0023/generated/gen_41.cif,True,data/structures/reward_guided/baseline/0023/relaxed/gen_41_relaxed.cif,False,False,,,,False,False,,,,,,
matinvent_style_target12_tri_fixed_scaler_gpu,baseline,0023,online_evaluation,gen_42,data/structures/reward_guided/baseline/0023/generated/gen_42.cif,,,False,False,,,,False,False,,,,,,invalid_raw_structure
matinvent_style_target12_tri_fixed_scaler_gpu,baseline,0023,online_evaluation,gen_43,data/structures/reward_guided/baseline/0023/generated/gen_43.cif,True,data/structures/reward_guided/baseline/0023/relaxed/gen_43_relaxed.cif,False,False,,,,False,False,,,,,,
matinvent_style_target12_tri_fixed_scaler_gpu,baseline,0023,online_evaluation,gen_44,data/structures/reward_guided/baseline/0023/generated/gen_44.cif,True,data/structures/reward_guided/baseline/0023/relaxed/gen_44_relaxed.cif,True,True,9.01721156796309,0.3288583,,True,False,,True,True,True,,
matinvent_style_target12_tri_fixed_scaler_gpu,baseline,0023,online_evaluation,gen_45,data/structures/reward_guided/baseline/0023/generated/gen_45.cif,True,data/structures/reward_guided/baseline/0023/relaxed/gen_45_relaxed.cif,True,True,3.552350652403163,0.0001336418,,False,False,,True,True,True,,
matinvent_style_target12_tri_fixed_scaler_gpu,baseline,0023,online_evaluation,gen_46,data/structures/reward_guided/baseline/0023/generated/gen_46.cif,True,data/structures/reward_guided/baseline/0023/relaxed/gen_46_relaxed.cif,False,False,,,,False,False,,,,,,
matinvent_style_target12_tri_fixed_scaler_gpu,baseline,0023,online_evaluation,gen_47,data/structures/reward_guided/baseline/0023/generated/gen_47.cif,True,data/structures/reward_guided/baseline/0023/relaxed/gen_47_relaxed.cif,True,True,14.371298837780673,0.49515608,,True,False,,True,True,True,,
matinvent_style_target12_tri_fixed_scaler_gpu,baseline,0023,online_evaluation,gen_48,data/structures/reward_guided/baseline/0023/generated/gen_48.cif,True,data/structures/reward_guided/baseline/0023/relaxed/gen_48_relaxed.cif,False,False,,,,False,False,,,,,,
matinvent_style_target12_tri_fixed_scaler_gpu,baseline,0023,online_evaluation,gen_49,data/structures/reward_guided/baseline/0023/generated/gen_49.cif,True,data/structures/reward_guided/baseline/0023/relaxed/gen_49_relaxed.cif,True,True,17.651427235634177,0.018456684,,False,False,,True,True,True,,
matinvent_style_target12_tri_fixed_scaler_gpu,baseline,0023,online_evaluation,gen_5,data/structures/reward_guided/baseline/0023/generated/gen_5.cif,True,data/structures/reward_guided/baseline/0023/relaxed/gen_5_relaxed.cif,True,True,7.710704413341163,0.1002832,,False,False,,True,True,True,,
matinvent_style_target12_tri_fixed_scaler_gpu,baseline,0023,online_evaluation,gen_50,data/structures/reward_guided/baseline/0023/generated/gen_50.cif,True,data/structures/reward_guided/baseline/0023/relaxed/gen_50_relaxed.cif,False,False,,,,False,False,,,,,,
matinvent_style_target12_tri_fixed_scaler_gpu,baseline,0023,online_evaluation,gen_51,data/structures/reward_guided/baseline/0023/generated/gen_51.cif,True,data/structures/reward_guided/baseline/0023/relaxed/gen_51_relaxed.cif,False,False,,,,False,False,,,,,,
matinvent_style_target12_tri_fixed_scaler_gpu,baseline,0023,online_evaluation,gen_52,data/structures/reward_guided/baseline/0023/generated/gen_52.cif,True,data/structures/reward_guided/baseline/0023/relaxed/gen_52_relaxed.cif,False,False,,,,False,False,,,,,,
matinvent_style_target12_tri_fixed_scaler_gpu,baseline,0023,online_evaluation,gen_53,data/structures/reward_guided/baseline/0023/generated/gen_53.cif,,,False,False,,,,False,False,,,,,,invalid_raw_structure
matinvent_style_target12_tri_fixed_scaler_gpu,baseline,0023,online_evaluation,gen_54,data/structures/reward_guided/baseline/0023/generated/gen_54.cif,True,data/structures/reward_guided/baseline/0023/relaxed/gen_54_relaxed.cif,False,False,,,,False,False,,,,,,
matinvent_style_target12_tri_fixed_scaler_gpu,baseline,0023,online_evaluation,gen_55,data/structures/reward_guided/baseline/0023/generated/gen_55.cif,True,data/structures/reward_guided/baseline/0023/relaxed/gen_55_relaxed.cif,False,False,,,,False,False,,,,,,
matinvent_style_target12_tri_fixed_scaler_gpu,baseline,0023,online_evaluation,gen_56,data/structures/reward_guided/baseline/0023/generated/gen_56.cif,True,data/structures/reward_guided/baseline/0023/relaxed/gen_56_relaxed.cif,False,False,,,,False,False,,,,,,
matinvent_style_target12_tri_fixed_scaler_gpu,baseline,0023,online_evaluation,gen_57,data/structures/reward_guided/baseline/0023/generated/gen_57.cif,True,data/structures/reward_guided/baseline/0023/relaxed/gen_57_relaxed.cif,False,False,,,,False,False,,,,,,
matinvent_style_target12_tri_fixed_scaler_gpu,baseline,0023,online_evaluation,gen_58,data/structures/reward_guided/baseline/0023/generated/gen_58.cif,True,data/structures/reward_guided/baseline/0023/relaxed/gen_58_relaxed.cif,True,True,12.93756964776148,0.895942,,True,False,,True,True,True,,
matinvent_style_target12_tri_fixed_scaler_gpu,baseline,0023,online_evaluation,gen_59,data/structures/reward_guided/baseline/0023/generated/gen_59.cif,True,data/structures/reward_guided/baseline/0023/relaxed/gen_59_relaxed.cif,False,False,,,,False,False,,,,,,
matinvent_style_target12_tri_fixed_scaler_gpu,baseline,0023,online_evaluation,gen_6,data/structures/reward_guided/baseline/0023/generated/gen_6.cif,True,data/structures/reward_guided/baseline/0023/relaxed/gen_6_relaxed.cif,False,False,,,,False,False,,,,,,
matinvent_style_target12_tri_fixed_scaler_gpu,baseline,0023,online_evaluation,gen_60,data/structures/reward_guided/baseline/0023/generated/gen_60.cif,True,data/structures/reward_guided/baseline/0023/relaxed/gen_60_relaxed.cif,False,False,,,,False,False,,,,,,
matinvent_style_target12_tri_fixed_scaler_gpu,baseline,0023,online_evaluation,gen_61,data/structures/reward_guided/baseline/0023/generated/gen_61.cif,True,data/structures/reward_guided/baseline/0023/relaxed/gen_61_relaxed.cif,False,False,,,,False,False,,,,,,
matinvent_style_target12_tri_fixed_scaler_gpu,baseline,0023,online_evaluation,gen_62,data/structures/reward_guided/baseline/0023/generated/gen_62.cif,True,data/structures/reward_guided/baseline/0023/relaxed/gen_62_relaxed.cif,False,False,,,,False,False,,,,,,
matinvent_style_target12_tri_fixed_scaler_gpu,baseline,0023,online_evaluation,gen_63,data/structures/reward_guided/baseline/0023/generated/gen_63.cif,True,data/structures/reward_guided/baseline/0023/relaxed/gen_63_relaxed.cif,False,False,,,,False,False,,,,,,
matinvent_style_target12_tri_fixed_scaler_gpu,baseline,0023,online_evaluation,gen_7,data/structures/reward_guided/baseline/0023/generated/gen_7.cif,True,data/structures/reward_guided/baseline/0023/relaxed/gen_7_relaxed.cif,False,False,,,,False,False,,,,,,
matinvent_style_target12_tri_fixed_scaler_gpu,baseline,0023,online_evaluation,gen_8,data/structures/reward_guided/baseline/0023/generated/gen_8.cif,True,data/structures/reward_guided/baseline/0023/relaxed/gen_8_relaxed.cif,False,False,,,,False,False,,,,,,
matinvent_style_target12_tri_fixed_scaler_gpu,baseline,0023,online_evaluation,gen_9,data/structures/reward_guided/baseline/0023/generated/gen_9.cif,True,data/structures/reward_guided/baseline/0023/relaxed/gen_9_relaxed.cif,False,False,,,,False,False,,,,,,
matinvent_style_target12_eval24_topk025_from_loop0020,branch_a,0000,online_evaluation,gen_0,data/structures/reward_guided/branch_a/0000/generated/gen_0.cif,True,data/structures/reward_guided/branch_a/0000/relaxed/gen_0_relaxed.cif,False,False,,,,False,False,,,,,,
matinvent_style_target12_eval24_topk025_from_loop0020,branch_a,0000,online_evaluation,gen_1,data/structures/reward_guided/branch_a/0000/generated/gen_1.cif,True,data/structures/reward_guided/branch_a/0000/relaxed/gen_1_relaxed.cif,True,True,11.60327024467238,0.980518,,True,False,,True,True,True,,
matinvent_style_target12_eval24_topk025_from_loop0020,branch_a,0000,online_evaluation,gen_10,data/structures/reward_guided/branch_a/0000/generated/gen_10.cif,True,data/structures/reward_guided/branch_a/0000/relaxed/gen_10_relaxed.cif,False,False,,,,False,False,,,,,,
matinvent_style_target12_eval24_topk025_from_loop0020,branch_a,0000,online_evaluation,gen_11,data/structures/reward_guided/branch_a/0000/generated/gen_11.cif,True,data/structures/reward_guided/branch_a/0000/relaxed/gen_11_relaxed.cif,False,False,,,,False,False,,,,,,
matinvent_style_target12_eval24_topk025_from_loop0020,branch_a,0000,online_evaluation,gen_12,data/structures/reward_guided/branch_a/0000/generated/gen_12.cif,True,data/structures/reward_guided/branch_a/0000/relaxed/gen_12_relaxed.cif,False,False,,,,False,False,,,,,,
matinvent_style_target12_eval24_topk025_from_loop0020,branch_a,0000,online_evaluation,gen_13,data/structures/reward_guided/branch_a/0000/generated/gen_13.cif,True,data/structures/reward_guided/branch_a/0000/relaxed/gen_13_relaxed.cif,True,True,8.212507320801338,0.16643713,,False,False,,True,True,True,,
matinvent_style_target12_eval24_topk025_from_loop0020,branch_a,0000,online_evaluation,gen_14,data/structures/reward_guided/branch_a/0000/generated/gen_14.cif,True,data/structures/reward_guided/branch_a/0000/relaxed/gen_14_relaxed.cif,True,True,13.928527099274504,0.6281966,,True,False,,True,True,True,,
matinvent_style_target12_eval24_topk025_from_loop0020,branch_a,0000,online_evaluation,gen_15,data/structures/reward_guided/branch_a/0000/generated/gen_15.cif,True,data/structures/reward_guided/branch_a/0000/relaxed/gen_15_relaxed.cif,False,False,,,,False,False,,,,,,
matinvent_style_target12_eval24_topk025_from_loop0020,branch_a,0000,online_evaluation,gen_16,data/structures/reward_guided/branch_a/0000/generated/gen_16.cif,True,data/structures/reward_guided/branch_a/0000/relaxed/gen_16_relaxed.cif,False,False,,,,False,False,,,,,,
matinvent_style_target12_eval24_topk025_from_loop0020,branch_a,0000,online_evaluation,gen_17,data/structures/reward_guided/branch_a/0000/generated/gen_17.cif,True,data/structures/reward_guided/branch_a/0000/relaxed/gen_17_relaxed.cif,False,False,,,,False,False,,,,,,
matinvent_style_target12_eval24_topk025_from_loop0020,branch_a,0000,online_evaluation,gen_18,data/structures/reward_guided/branch_a/0000/generated/gen_18.cif,,,False,False,,,,False,False,,,,,,invalid_raw_structure
matinvent_style_target12_eval24_topk025_from_loop0020,branch_a,0000,online_evaluation,gen_19,data/structures/reward_guided/branch_a/0000/generated/gen_19.cif,,,False,False,,,,False,False,,,,,,invalid_raw_structure
matinvent_style_target12_eval24_topk025_from_loop0020,branch_a,0000,online_evaluation,gen_2,data/structures/reward_guided/branch_a/0000/generated/gen_2.cif,True,data/structures/reward_guided/branch_a/0000/relaxed/gen_2_relaxed.cif,False,False,,,,False,False,,,,,,
matinvent_style_target12_eval24_topk025_from_loop0020,branch_a,0000,online_evaluation,gen_20,data/structures/reward_guided/branch_a/0000/generated/gen_20.cif,True,data/structures/reward_guided/branch_a/0000/relaxed/gen_20_relaxed.cif,False,False,,,,False,False,,,,,,
matinvent_style_target12_eval24_topk025_from_loop0020,branch_a,0000,online_evaluation,gen_21,data/structures/reward_guided/branch_a/0000/generated/gen_21.cif,,,False,False,,,,False,False,,,,,,invalid_raw_structure
matinvent_style_target12_eval24_topk025_from_loop0020,branch_a,0000,online_evaluation,gen_22,data/structures/reward_guided/branch_a/0000/generated/gen_22.cif,True,data/structures/reward_guided/branch_a/0000/relaxed/gen_22_relaxed.cif,False,False,,,,False,False,,,,,,
matinvent_style_target12_eval24_topk025_from_loop0020,branch_a,0000,online_evaluation,gen_23,data/structures/reward_guided/branch_a/0000/generated/gen_23.cif,True,data/structures/reward_guided/branch_a/0000/relaxed/gen_23_relaxed.cif,True,True,4.759370533323978,0.0014253479,,False,False,,True,True,True,,
matinvent_style_target12_eval24_topk025_from_loop0020,branch_a,0000,online_evaluation,gen_24,data/structures/reward_guided/branch_a/0000/generated/gen_24.cif,True,data/structures/reward_guided/branch_a/0000/relaxed/gen_24_relaxed.cif,False,False,,,,False,False,,,,,,
matinvent_style_target12_eval24_topk025_from_loop0020,branch_a,0000,online_evaluation,gen_25,data/structures/reward_guided/branch_a/0000/generated/gen_25.cif,True,data/structures/reward_guided/branch_a/0000/relaxed/gen_25_relaxed.cif,True,True,2.416679877903732,1.0334703e-05,,False,False,,True,True,True,,
matinvent_style_target12_eval24_topk025_from_loop0020,branch_a,0000,online_evaluation,gen_26,data/structures/reward_guided/branch_a/0000/generated/gen_26.cif,True,data/structures/reward_guided/branch_a/0000/relaxed/gen_26_relaxed.cif,False,False,,,,False,False,,,,,,
matinvent_style_target12_eval24_topk025_from_loop0020,branch_a,0000,online_evaluation,gen_27,data/structures/reward_guided/branch_a/0000/generated/gen_27.cif,True,data/structures/reward_guided/branch_a/0000/relaxed/gen_27_relaxed.cif,True,True,14.778040756654,0.3811018,,True,False,,True,True,True,,
matinvent_style_target12_eval24_topk025_from_loop0020,branch_a,0000,online_evaluation,gen_28,data/structures/reward_guided/branch_a/0000/generated/gen_28.cif,True,data/structures/reward_guided/branch_a/0000/relaxed/gen_28_relaxed.cif,False,False,,,,False,False,,,,,,
matinvent_style_target12_eval24_topk025_from_loop0020,branch_a,0000,online_evaluation,gen_29,data/structures/reward_guided/branch_a/0000/generated/gen_29.cif,True,data/structures/reward_guided/branch_a/0000/relaxed/gen_29_relaxed.cif,False,False,,,,False,False,,,,,,
matinvent_style_target12_eval24_topk025_from_loop0020,branch_a,0000,online_evaluation,gen_3,data/structures/reward_guided/branch_a/0000/generated/gen_3.cif,True,data/structures/reward_guided/branch_a/0000/relaxed/gen_3_relaxed.cif,False,False,,,,False,False,,,,,,
matinvent_style_target12_eval24_topk025_from_loop0020,branch_a,0000,online_evaluation,gen_30,data/structures/reward_guided/branch_a/0000/generated/gen_30.cif,True,data/structures/reward_guided/branch_a/0000/relaxed/gen_30_relaxed.cif,False,False,,,,False,False,,,,,,
matinvent_style_target12_eval24_topk025_from_loop0020,branch_a,0000,online_evaluation,gen_31,data/structures/reward_guided/branch_a/0000/generated/gen_31.cif,True,data/structures/reward_guided/branch_a/0000/relaxed/gen_31_relaxed.cif,False,False,,,,False,False,,,,,,
matinvent_style_target12_eval24_topk025_from_loop0020,branch_a,0000,online_evaluation,gen_32,data/structures/reward_guided/branch_a/0000/generated/gen_32.cif,True,data/structures/reward_guided/branch_a/0000/relaxed/gen_32_relaxed.cif,True,True,11.948761382246287,0.9996719,,True,False,,True,True,True,,
matinvent_style_target12_eval24_topk025_from_loop0020,branch_a,0000,online_evaluation,gen_33,data/structures/reward_guided/branch_a/0000/generated/gen_33.cif,True,data/structures/reward_guided/branch_a/0000/relaxed/gen_33_relaxed.cif,False,False,,,,False,False,,,,,,
matinvent_style_target12_eval24_topk025_from_loop0020,branch_a,0000,online_evaluation,gen_34,data/structures/reward_guided/branch_a/0000/generated/gen_34.cif,True,data/structures/reward_guided/branch_a/0000/relaxed/gen_34_relaxed.cif,True,True,13.522067163559642,0.74857336,,True,False,,True,True,True,,
matinvent_style_target12_eval24_topk025_from_loop0020,branch_a,0000,online_evaluation,gen_35,data/structures/reward_guided/branch_a/0000/generated/gen_35.cif,True,data/structures/reward_guided/branch_a/0000/relaxed/gen_35_relaxed.cif,False,False,,,,False,False,,,,,,
matinvent_style_target12_eval24_topk025_from_loop0020,branch_a,0000,online_evaluation,gen_36,data/structures/reward_guided/branch_a/0000/generated/gen_36.cif,True,data/structures/reward_guided/branch_a/0000/relaxed/gen_36_relaxed.cif,False,False,,,,False,False,,,,,,
matinvent_style_target12_eval24_topk025_from_loop0020,branch_a,0000,online_evaluation,gen_37,data/structures/reward_guided/branch_a/0000/generated/gen_37.cif,True,data/structures/reward_guided/branch_a/0000/relaxed/gen_37_relaxed.cif,True,True,16.720661869275972,0.061693233,,False,False,,True,True,True,,
matinvent_style_target12_eval24_topk025_from_loop0020,branch_a,0000,online_evaluation,gen_38,data/structures/reward_guided/branch_a/0000/generated/gen_38.cif,True,data/structures/reward_guided/branch_a/0000/relaxed/gen_38_relaxed.cif,True,True,9.92774977978044,0.5846291,,True,False,,True,True,True,,
matinvent_style_target12_eval24_topk025_from_loop0020,branch_a,0000,online_evaluation,gen_39,data/structures/reward_guided/branch_a/0000/generated/gen_39.cif,,,False,False,,,,False,False,,,,,,invalid_raw_structure
matinvent_style_target12_eval24_topk025_from_loop0020,branch_a,0000,online_evaluation,gen_4,data/structures/reward_guided/branch_a/0000/generated/gen_4.cif,True,data/structures/reward_guided/branch_a/0000/relaxed/gen_4_relaxed.cif,True,True,24.389675084526903,4.6425312e-09,,False,False,,True,True,True,,
matinvent_style_target12_eval24_topk025_from_loop0020,branch_a,0000,online_evaluation,gen_40,data/structures/reward_guided/branch_a/0000/generated/gen_40.cif,True,data/structures/reward_guided/branch_a/0000/relaxed/gen_40_relaxed.cif,False,False,,,,False,False,,,,,,
matinvent_style_target12_eval24_topk025_from_loop0020,branch_a,0000,online_evaluation,gen_41,data/structures/reward_guided/branch_a/0000/generated/gen_41.cif,True,data/structures/reward_guided/branch_a/0000/relaxed/gen_41_relaxed.cif,False,False,,,,False,False,,,,,,
matinvent_style_target12_eval24_topk025_from_loop0020,branch_a,0000,online_evaluation,gen_42,data/structures/reward_guided/branch_a/0000/generated/gen_42.cif,,,False,False,,,,False,False,,,,,,invalid_raw_structure
matinvent_style_target12_eval24_topk025_from_loop0020,branch_a,0000,online_evaluation,gen_43,data/structures/reward_guided/branch_a/0000/generated/gen_43.cif,True,data/structures/reward_guided/branch_a/0000/relaxed/gen_43_relaxed.cif,False,False,,,,False,False,,,,,,
matinvent_style_target12_eval24_topk025_from_loop0020,branch_a,0000,online_evaluation,gen_44,data/structures/reward_guided/branch_a/0000/generated/gen_44.cif,True,data/structures/reward_guided/branch_a/0000/relaxed/gen_44_relaxed.cif,False,False,,,,False,False,,,,,,
matinvent_style_target12_eval24_topk025_from_loop0020,branch_a,0000,online_evaluation,gen_45,data/structures/reward_guided/branch_a/0000/generated/gen_45.cif,True,data/structures/reward_guided/branch_a/0000/relaxed/gen_45_relaxed.cif,False,False,,,,False,False,,,,,,
matinvent_style_target12_eval24_topk025_from_loop0020,branch_a,0000,online_evaluation,gen_46,data/structures/reward_guided/branch_a/0000/generated/gen_46.cif,True,data/structures/reward_guided/branch_a/0000/relaxed/gen_46_relaxed.cif,False,False,,,,False,False,,,,,,
matinvent_style_target12_eval24_topk025_from_loop0020,branch_a,0000,online_evaluation,gen_47,data/structures/reward_guided/branch_a/0000/generated/gen_47.cif,True,data/structures/reward_guided/branch_a/0000/relaxed/gen_47_relaxed.cif,False,False,,,,False,False,,,,,,
matinvent_style_target12_eval24_topk025_from_loop0020,branch_a,0000,online_evaluation,gen_48,data/structures/reward_guided/branch_a/0000/generated/gen_48.cif,True,data/structures/reward_guided/branch_a/0000/relaxed/gen_48_relaxed.cif,False,False,,,,False,False,,,,,,
matinvent_style_target12_eval24_topk025_from_loop0020,branch_a,0000,online_evaluation,gen_49,data/structures/reward_guided/branch_a/0000/generated/gen_49.cif,,,False,False,,,,False,False,,,,,,invalid_raw_structure
matinvent_style_target12_eval24_topk025_from_loop0020,branch_a,0000,online_evaluation,gen_5,data/structures/reward_guided/branch_a/0000/generated/gen_5.cif,True,data/structures/reward_guided/branch_a/0000/relaxed/gen_5_relaxed.cif,False,False,,,,False,False,,,,,,
matinvent_style_target12_eval24_topk025_from_loop0020,branch_a,0000,online_evaluation,gen_50,data/structures/reward_guided/branch_a/0000/generated/gen_50.cif,True,data/structures/reward_guided/branch_a/0000/relaxed/gen_50_relaxed.cif,False,False,,,,False,False,,,,,,
matinvent_style_target12_eval24_topk025_from_loop0020,branch_a,0000,online_evaluation,gen_51,data/structures/reward_guided/branch_a/0000/generated/gen_51.cif,True,data/structures/reward_guided/branch_a/0000/relaxed/gen_51_relaxed.cif,False,False,,,,False,False,,,,,,
matinvent_style_target12_eval24_topk025_from_loop0020,branch_a,0000,online_evaluation,gen_52,data/structures/reward_guided/branch_a/0000/generated/gen_52.cif,True,data/structures/reward_guided/branch_a/0000/relaxed/gen_52_relaxed.cif,False,False,,,,False,False,,,,,,
matinvent_style_target12_eval24_topk025_from_loop0020,branch_a,0000,online_evaluation,gen_53,data/structures/reward_guided/branch_a/0000/generated/gen_53.cif,True,data/structures/reward_guided/branch_a/0000/relaxed/gen_53_relaxed.cif,False,False,,,,False,False,,,,,,
matinvent_style_target12_eval24_topk025_from_loop0020,branch_a,0000,online_evaluation,gen_54,data/structures/reward_guided/branch_a/0000/generated/gen_54.cif,,,False,False,,,,False,False,,,,,,invalid_raw_structure
matinvent_style_target12_eval24_topk025_from_loop0020,branch_a,0000,online_evaluation,gen_55,data/structures/reward_guided/branch_a/0000/generated/gen_55.cif,True,data/structures/reward_guided/branch_a/0000/relaxed/gen_55_relaxed.cif,False,False,,,,False,False,,,,,,
matinvent_style_target12_eval24_topk025_from_loop0020,branch_a,0000,online_evaluation,gen_56,data/structures/reward_guided/branch_a/0000/generated/gen_56.cif,True,data/structures/reward_guided/branch_a/0000/relaxed/gen_56_relaxed.cif,True,True,21.72575620950597,7.3281185e-06,,False,False,,True,True,True,,
matinvent_style_target12_eval24_topk025_from_loop0020,branch_a,0000,online_evaluation,gen_57,data/structures/reward_guided/branch_a/0000/generated/gen_57.cif,True,data/structures/reward_guided/branch_a/0000/relaxed/gen_57_relaxed.cif,False,False,,,,False,False,,,,,,
matinvent_style_target12_eval24_topk025_from_loop0020,branch_a,0000,online_evaluation,gen_58,data/structures/reward_guided/branch_a/0000/generated/gen_58.cif,True,data/structures/reward_guided/branch_a/0000/relaxed/gen_58_relaxed.cif,False,False,,,,False,False,,,,,,
matinvent_style_target12_eval24_topk025_from_loop0020,branch_a,0000,online_evaluation,gen_59,data/structures/reward_guided/branch_a/0000/generated/gen_59.cif,True,data/structures/reward_guided/branch_a/0000/relaxed/gen_59_relaxed.cif,False,False,,,,False,False,,,,,,
matinvent_style_target12_eval24_topk025_from_loop0020,branch_a,0000,online_evaluation,gen_6,data/structures/reward_guided/branch_a/0000/generated/gen_6.cif,True,data/structures/reward_guided/branch_a/0000/relaxed/gen_6_relaxed.cif,False,False,,,,False,False,,,,,,
matinvent_style_target12_eval24_topk025_from_loop0020,branch_a,0000,online_evaluation,gen_60,data/structures/reward_guided/branch_a/0000/generated/gen_60.cif,True,data/structures/reward_guided/branch_a/0000/relaxed/gen_60_relaxed.cif,False,False,,,,False,False,,,,,,
matinvent_style_target12_eval24_topk025_from_loop0020,branch_a,0000,online_evaluation,gen_61,data/structures/reward_guided/branch_a/0000/generated/gen_61.cif,True,data/structures/reward_guided/branch_a/0000/relaxed/gen_61_relaxed.cif,False,False,,,,False,False,,,,,,
matinvent_style_target12_eval24_topk025_from_loop0020,branch_a,0000,online_evaluation,gen_62,data/structures/reward_guided/branch_a/0000/generated/gen_62.cif,True,data/structures/reward_guided/branch_a/0000/relaxed/gen_62_relaxed.cif,False,False,,,,False,False,,,,,,
matinvent_style_target12_eval24_topk025_from_loop0020,branch_a,0000,online_evaluation,gen_63,data/structures/reward_guided/branch_a/0000/generated/gen_63.cif,True,data/structures/reward_guided/branch_a/0000/relaxed/gen_63_relaxed.cif,True,True,15.668915301898044,0.18588679,,False,False,,True,True,True,,
matinvent_style_target12_eval24_topk025_from_loop0020,branch_a,0000,online_evaluation,gen_7,data/structures/reward_guided/branch_a/0000/generated/gen_7.cif,True,data/structures/reward_guided/branch_a/0000/relaxed/gen_7_relaxed.cif,False,False,,,,False,False,,,,,,
matinvent_style_target12_eval24_topk025_from_loop0020,branch_a,0000,online_evaluation,gen_8,data/structures/reward_guided/branch_a/0000/generated/gen_8.cif,True,data/structures/reward_guided/branch_a/0000/relaxed/gen_8_relaxed.cif,False,False,,,,False,False,,,,,,
matinvent_style_target12_eval24_topk025_from_loop0020,branch_a,0000,online_evaluation,gen_9,data/structures/reward_guided/branch_a/0000/generated/gen_9.cif,,,False,False,,,,False,False,,,,,,invalid_raw_structure
matinvent_style_target12_eval24_topk025_from_loop0020,branch_a,0001,online_evaluation,gen_0,data/structures/reward_guided/branch_a/0001/generated/gen_0.cif,True,data/structures/reward_guided/branch_a/0001/relaxed/gen_0_relaxed.cif,True,True,4.67268151605581,0.0012172032,,False,False,,True,True,True,,
matinvent_style_target12_eval24_topk025_from_loop0020,branch_a,0001,online_evaluation,gen_1,data/structures/reward_guided/branch_a/0001/generated/gen_1.cif,True,data/structures/reward_guided/branch_a/0001/relaxed/gen_1_relaxed.cif,True,True,3.0911244508790987,4.913161e-05,,False,False,,True,True,True,,
matinvent_style_target12_eval24_topk025_from_loop0020,branch_a,0001,online_evaluation,gen_10,data/structures/reward_guided/branch_a/0001/generated/gen_10.cif,True,data/structures/reward_guided/branch_a/0001/relaxed/gen_10_relaxed.cif,True,True,12.978261670786535,0.8872535,,True,False,,True,True,True,,
matinvent_style_target12_eval24_topk025_from_loop0020,branch_a,0001,online_evaluation,gen_11,data/structures/reward_guided/branch_a/0001/generated/gen_11.cif,,,False,False,,,,False,False,,,,,,invalid_raw_structure
matinvent_style_target12_eval24_topk025_from_loop0020,branch_a,0001,online_evaluation,gen_12,data/structures/reward_guided/branch_a/0001/generated/gen_12.cif,True,data/structures/reward_guided/branch_a/0001/relaxed/gen_12_relaxed.cif,False,False,,,,False,False,,,,,,
matinvent_style_target12_eval24_topk025_from_loop0020,branch_a,0001,online_evaluation,gen_13,data/structures/reward_guided/branch_a/0001/generated/gen_13.cif,True,data/structures/reward_guided/branch_a/0001/relaxed/gen_13_relaxed.cif,True,True,3.0744567732380683,4.7339512e-05,,False,False,,True,True,True,,
matinvent_style_target12_eval24_topk025_from_loop0020,branch_a,0001,online_evaluation,gen_14,data/structures/reward_guided/branch_a/0001/generated/gen_14.cif,True,data/structures/reward_guided/branch_a/0001/relaxed/gen_14_relaxed.cif,False,False,,,,False,False,,,,,,
matinvent_style_target12_eval24_topk025_from_loop0020,branch_a,0001,online_evaluation,gen_15,data/structures/reward_guided/branch_a/0001/generated/gen_15.cif,,,False,False,,,,False,False,,,,,,invalid_raw_structure
matinvent_style_target12_eval24_topk025_from_loop0020,branch_a,0001,online_evaluation,gen_16,data/structures/reward_guided/branch_a/0001/generated/gen_16.cif,True,data/structures/reward_guided/branch_a/0001/relaxed/gen_16_relaxed.cif,True,True,13.38843622550723,0.78586566,,False,False,,True,True,True,,
matinvent_style_target12_eval24_topk025_from_loop0020,branch_a,0001,online_evaluation,gen_17,data/structures/reward_guided/branch_a/0001/generated/gen_17.cif,True,data/structures/reward_guided/branch_a/0001/relaxed/gen_17_relaxed.cif,True,True,11.521067002729362,0.97173506,,True,False,,True,True,True,,
matinvent_style_target12_eval24_topk025_from_loop0020,branch_a,0001,online_evaluation,gen_18,data/structures/reward_guided/branch_a/0001/generated/gen_18.cif,True,data/structures/reward_guided/branch_a/0001/relaxed/gen_18_relaxed.cif,True,True,9.089703629925843,0.34689674,,False,False,,True,True,True,,
matinvent_style_target12_eval24_topk025_from_loop0020,branch_a,0001,online_evaluation,gen_19,data/structures/reward_guided/branch_a/0001/generated/gen_19.cif,True,data/structures/reward_guided/branch_a/0001/relaxed/gen_19_relaxed.cif,True,True,4.050326641667698,0.0003708684,,False,False,,True,True,True,,
matinvent_style_target12_eval24_topk025_from_loop0020,branch_a,0001,online_evaluation,gen_2,data/structures/reward_guided/branch_a/0001/generated/gen_2.cif,True,data/structures/reward_guided/branch_a/0001/relaxed/gen_2_relaxed.cif,False,False,,,,False,False,,,,,,
matinvent_style_target12_eval24_topk025_from_loop0020,branch_a,0001,online_evaluation,gen_20,data/structures/reward_guided/branch_a/0001/generated/gen_20.cif,True,data/structures/reward_guided/branch_a/0001/relaxed/gen_20_relaxed.cif,False,False,,,,False,False,,,,,,
matinvent_style_target12_eval24_topk025_from_loop0020,branch_a,0001,online_evaluation,gen_21,data/structures/reward_guided/branch_a/0001/generated/gen_21.cif,True,data/structures/reward_guided/branch_a/0001/relaxed/gen_21_relaxed.cif,False,False,,,,False,False,,,,,,
matinvent_style_target12_eval24_topk025_from_loop0020,branch_a,0001,online_evaluation,gen_22,data/structures/reward_guided/branch_a/0001/generated/gen_22.cif,True,data/structures/reward_guided/branch_a/0001/relaxed/gen_22_relaxed.cif,True,True,11.909757340403951,0.99898255,,True,False,,True,True,True,,
matinvent_style_target12_eval24_topk025_from_loop0020,branch_a,0001,online_evaluation,gen_23,data/structures/reward_guided/branch_a/0001/generated/gen_23.cif,True,data/structures/reward_guided/branch_a/0001/relaxed/gen_23_relaxed.cif,True,True,6.867122393909942,0.037130963,,False,False,,True,True,True,,
matinvent_style_target12_eval24_topk025_from_loop0020,branch_a,0001,online_evaluation,gen_24,data/structures/reward_guided/branch_a/0001/generated/gen_24.cif,True,data/structures/reward_guided/branch_a/0001/relaxed/gen_24_relaxed.cif,False,False,,,,False,False,,,,,,
matinvent_style_target12_eval24_topk025_from_loop0020,branch_a,0001,online_evaluation,gen_25,data/structures/reward_guided/branch_a/0001/generated/gen_25.cif,True,data/structures/reward_guided/branch_a/0001/relaxed/gen_25_relaxed.cif,False,False,,,,False,False,,,,,,
matinvent_style_target12_eval24_topk025_from_loop0020,branch_a,0001,online_evaluation,gen_26,data/structures/reward_guided/branch_a/0001/generated/gen_26.cif,True,data/structures/reward_guided/branch_a/0001/relaxed/gen_26_relaxed.cif,False,False,,,,False,False,,,,,,
matinvent_style_target12_eval24_topk025_from_loop0020,branch_a,0001,online_evaluation,gen_27,data/structures/reward_guided/branch_a/0001/generated/gen_27.cif,True,data/structures/reward_guided/branch_a/0001/relaxed/gen_27_relaxed.cif,False,False,,,,False,False,,,,,,
matinvent_style_target12_eval24_topk025_from_loop0020,branch_a,0001,online_evaluation,gen_28,data/structures/reward_guided/branch_a/0001/generated/gen_28.cif,True,data/structures/reward_guided/branch_a/0001/relaxed/gen_28_relaxed.cif,False,False,,,,False,False,,,,,,
matinvent_style_target12_eval24_topk025_from_loop0020,branch_a,0001,online_evaluation,gen_29,data/structures/reward_guided/branch_a/0001/generated/gen_29.cif,True,data/structures/reward_guided/branch_a/0001/relaxed/gen_29_relaxed.cif,False,False,,,,False,False,,,,,,
matinvent_style_target12_eval24_topk025_from_loop0020,branch_a,0001,online_evaluation,gen_3,data/structures/reward_guided/branch_a/0001/generated/gen_3.cif,True,data/structures/reward_guided/branch_a/0001/relaxed/gen_3_relaxed.cif,False,False,,,,False,False,,,,,,
matinvent_style_target12_eval24_topk025_from_loop0020,branch_a,0001,online_evaluation,gen_30,data/structures/reward_guided/branch_a/0001/generated/gen_30.cif,,,False,False,,,,False,False,,,,,,invalid_raw_structure
matinvent_style_target12_eval24_topk025_from_loop0020,branch_a,0001,online_evaluation,gen_31,data/structures/reward_guided/branch_a/0001/generated/gen_31.cif,True,data/structures/reward_guided/branch_a/0001/relaxed/gen_31_relaxed.cif,True,True,6.328565319106645,0.017941363,,False,False,,True,True,True,,
matinvent_style_target12_eval24_topk025_from_loop0020,branch_a,0001,online_evaluation,gen_32,data/structures/reward_guided/branch_a/0001/generated/gen_32.cif,True,data/structures/reward_guided/branch_a/0001/relaxed/gen_32_relaxed.cif,False,False,,,,False,False,,,,,,
matinvent_style_target12_eval24_topk025_from_loop0020,branch_a,0001,online_evaluation,gen_33,data/structures/reward_guided/branch_a/0001/generated/gen_33.cif,True,data/structures/reward_guided/branch_a/0001/relaxed/gen_33_relaxed.cif,True,True,13.423508189269162,0.77623737,,False,False,,True,True,True,,
matinvent_style_target12_eval24_topk025_from_loop0020,branch_a,0001,online_evaluation,gen_34,data/structures/reward_guided/branch_a/0001/generated/gen_34.cif,True,data/structures/reward_guided/branch_a/0001/relaxed/gen_34_relaxed.cif,False,False,,,,False,False,,,,,,
matinvent_style_target12_eval24_topk025_from_loop0020,branch_a,0001,online_evaluation,gen_35,data/structures/reward_guided/branch_a/0001/generated/gen_35.cif,True,data/structures/reward_guided/branch_a/0001/relaxed/gen_35_relaxed.cif,False,False,,,,False,False,,,,,,
matinvent_style_target12_eval24_topk025_from_loop0020,branch_a,0001,online_evaluation,gen_36,data/structures/reward_guided/branch_a/0001/generated/gen_36.cif,True,data/structures/reward_guided/branch_a/0001/relaxed/gen_36_relaxed.cif,False,False,,,,False,False,,,,,,
matinvent_style_target12_eval24_topk025_from_loop0020,branch_a,0001,online_evaluation,gen_37,data/structures/reward_guided/branch_a/0001/generated/gen_37.cif,True,data/structures/reward_guided/branch_a/0001/relaxed/gen_37_relaxed.cif,True,True,17.362816748323358,0.027461357,,False,False,,True,True,True,,
matinvent_style_target12_eval24_topk025_from_loop0020,branch_a,0001,online_evaluation,gen_38,data/structures/reward_guided/branch_a/0001/generated/gen_38.cif,True,data/structures/reward_guided/branch_a/0001/relaxed/gen_38_relaxed.cif,False,False,,,,False,False,,,,,,
matinvent_style_target12_eval24_topk025_from_loop0020,branch_a,0001,online_evaluation,gen_39,data/structures/reward_guided/branch_a/0001/generated/gen_39.cif,,,False,False,,,,False,False,,,,,,invalid_raw_structure
matinvent_style_target12_eval24_topk025_from_loop0020,branch_a,0001,online_evaluation,gen_4,data/structures/reward_guided/branch_a/0001/generated/gen_4.cif,True,data/structures/reward_guided/branch_a/0001/relaxed/gen_4_relaxed.cif,True,True,15.649990186764375,0.18913324,,False,False,,True,True,True,,
matinvent_style_target12_eval24_topk025_from_loop0020,branch_a,0001,online_evaluation,gen_40,data/structures/reward_guided/branch_a/0001/generated/gen_40.cif,True,data/structures/reward_guided/branch_a/0001/relaxed/gen_40_relaxed.cif,False,False,,,,False,False,,,,,,
matinvent_style_target12_eval24_topk025_from_loop0020,branch_a,0001,online_evaluation,gen_41,data/structures/reward_guided/branch_a/0001/generated/gen_41.cif,True,data/structures/reward_guided/branch_a/0001/relaxed/gen_41_relaxed.cif,True,True,4.105070704709461,0.0004133406,,False,False,,True,True,True,,
matinvent_style_target12_eval24_topk025_from_loop0020,branch_a,0001,online_evaluation,gen_42,data/structures/reward_guided/branch_a/0001/generated/gen_42.cif,True,data/structures/reward_guided/branch_a/0001/relaxed/gen_42_relaxed.cif,True,True,9.49330226640491,0.45591828,,False,False,,True,True,True,,
matinvent_style_target12_eval24_topk025_from_loop0020,branch_a,0001,online_evaluation,gen_43,data/structures/reward_guided/branch_a/0001/generated/gen_43.cif,True,data/structures/reward_guided/branch_a/0001/relaxed/gen_43_relaxed.cif,False,False,,,,False,False,,,,,,
matinvent_style_target12_eval24_topk025_from_loop0020,branch_a,0001,online_evaluation,gen_44,data/structures/reward_guided/branch_a/0001/generated/gen_44.cif,True,data/structures/reward_guided/branch_a/0001/relaxed/gen_44_relaxed.cif,False,False,,,,False,False,,,,,,
matinvent_style_target12_eval24_topk025_from_loop0020,branch_a,0001,online_evaluation,gen_45,data/structures/reward_guided/branch_a/0001/generated/gen_45.cif,True,data/structures/reward_guided/branch_a/0001/relaxed/gen_45_relaxed.cif,True,True,15.943855589016485,0.14309455,,False,False,,True,True,True,,
matinvent_style_target12_eval24_topk025_from_loop0020,branch_a,0001,online_evaluation,gen_46,data/structures/reward_guided/branch_a/0001/generated/gen_46.cif,True,data/structures/reward_guided/branch_a/0001/relaxed/gen_46_relaxed.cif,False,False,,,,False,False,,,,,,
matinvent_style_target12_eval24_topk025_from_loop0020,branch_a,0001,online_evaluation,gen_47,data/structures/reward_guided/branch_a/0001/generated/gen_47.cif,True,data/structures/reward_guided/branch_a/0001/relaxed/gen_47_relaxed.cif,True,True,11.210975292051522,0.92513096,,True,False,,True,True,True,,
matinvent_style_target12_eval24_topk025_from_loop0020,branch_a,0001,online_evaluation,gen_48,data/structures/reward_guided/branch_a/0001/generated/gen_48.cif,True,data/structures/reward_guided/branch_a/0001/relaxed/gen_48_relaxed.cif,False,False,,,,False,False,,,,,,
matinvent_style_target12_eval24_topk025_from_loop0020,branch_a,0001,online_evaluation,gen_49,data/structures/reward_guided/branch_a/0001/generated/gen_49.cif,True,data/structures/reward_guided/branch_a/0001/relaxed/gen_49_relaxed.cif,False,False,,,,False,False,,,,,,
matinvent_style_target12_eval24_topk025_from_loop0020,branch_a,0001,online_evaluation,gen_5,data/structures/reward_guided/branch_a/0001/generated/gen_5.cif,True,data/structures/reward_guided/branch_a/0001/relaxed/gen_5_relaxed.cif,False,False,,,,False,False,,,,,,
matinvent_style_target12_eval24_topk025_from_loop0020,branch_a,0001,online_evaluation,gen_50,data/structures/reward_guided/branch_a/0001/generated/gen_50.cif,True,data/structures/reward_guided/branch_a/0001/relaxed/gen_50_relaxed.cif,False,False,,,,False,False,,,,,,
matinvent_style_target12_eval24_topk025_from_loop0020,branch_a,0001,online_evaluation,gen_51,data/structures/reward_guided/branch_a/0001/generated/gen_51.cif,True,data/structures/reward_guided/branch_a/0001/relaxed/gen_51_relaxed.cif,False,False,,,,False,False,,,,,,
matinvent_style_target12_eval24_topk025_from_loop0020,branch_a,0001,online_evaluation,gen_52,data/structures/reward_guided/branch_a/0001/generated/gen_52.cif,True,data/structures/reward_guided/branch_a/0001/relaxed/gen_52_relaxed.cif,False,False,,,,False,False,,,,,,
matinvent_style_target12_eval24_topk025_from_loop0020,branch_a,0001,online_evaluation,gen_53,data/structures/reward_guided/branch_a/0001/generated/gen_53.cif,True,data/structures/reward_guided/branch_a/0001/relaxed/gen_53_relaxed.cif,False,False,,,,False,False,,,,,,
matinvent_style_target12_eval24_topk025_from_loop0020,branch_a,0001,online_evaluation,gen_54,data/structures/reward_guided/branch_a/0001/generated/gen_54.cif,True,data/structures/reward_guided/branch_a/0001/relaxed/gen_54_relaxed.cif,False,False,,,,False,False,,,,,,
matinvent_style_target12_eval24_topk025_from_loop0020,branch_a,0001,online_evaluation,gen_55,data/structures/reward_guided/branch_a/0001/generated/gen_55.cif,True,data/structures/reward_guided/branch_a/0001/relaxed/gen_55_relaxed.cif,False,False,,,,False,False,,,,,,
matinvent_style_target12_eval24_topk025_from_loop0020,branch_a,0001,online_evaluation,gen_56,data/structures/reward_guided/branch_a/0001/generated/gen_56.cif,,,False,False,,,,False,False,,,,,,invalid_raw_structure
matinvent_style_target12_eval24_topk025_from_loop0020,branch_a,0001,online_evaluation,gen_57,data/structures/reward_guided/branch_a/0001/generated/gen_57.cif,True,data/structures/reward_guided/branch_a/0001/relaxed/gen_57_relaxed.cif,True,True,27.490991934826862,9.3918044e-14,,False,False,,True,True,True,,
matinvent_style_target12_eval24_topk025_from_loop0020,branch_a,0001,online_evaluation,gen_58,data/structures/reward_guided/branch_a/0001/generated/gen_58.cif,True,data/structures/reward_guided/branch_a/0001/relaxed/gen_58_relaxed.cif,True,True,12.555939901747408,0.9621031,,True,False,,True,True,True,,
matinvent_style_target12_eval24_topk025_from_loop0020,branch_a,0001,online_evaluation,gen_59,data/structures/reward_guided/branch_a/0001/generated/gen_59.cif,True,data/structures/reward_guided/branch_a/0001/relaxed/gen_59_relaxed.cif,True,True,12.923277434541916,0.8989255,,True,False,,True,True,True,,
matinvent_style_target12_eval24_topk025_from_loop0020,branch_a,0001,online_evaluation,gen_6,data/structures/reward_guided/branch_a/0001/generated/gen_6.cif,True,data/structures/reward_guided/branch_a/0001/relaxed/gen_6_relaxed.cif,False,False,,,,False,False,,,,,,
matinvent_style_target12_eval24_topk025_from_loop0020,branch_a,0001,online_evaluation,gen_60,data/structures/reward_guided/branch_a/0001/generated/gen_60.cif,True,data/structures/reward_guided/branch_a/0001/relaxed/gen_60_relaxed.cif,False,False,,,,False,False,,,,,,
matinvent_style_target12_eval24_topk025_from_loop0020,branch_a,0001,online_evaluation,gen_61,data/structures/reward_guided/branch_a/0001/generated/gen_61.cif,True,data/structures/reward_guided/branch_a/0001/relaxed/gen_61_relaxed.cif,False,False,,,,False,False,,,,,,
matinvent_style_target12_eval24_topk025_from_loop0020,branch_a,0001,online_evaluation,gen_62,data/structures/reward_guided/branch_a/0001/generated/gen_62.cif,,,False,False,,,,False,False,,,,,,invalid_raw_structure
matinvent_style_target12_eval24_topk025_from_loop0020,branch_a,0001,online_evaluation,gen_63,data/structures/reward_guided/branch_a/0001/generated/gen_63.cif,True,data/structures/reward_guided/branch_a/0001/relaxed/gen_63_relaxed.cif,False,False,,,,False,False,,,,,,
matinvent_style_target12_eval24_topk025_from_loop0020,branch_a,0001,online_evaluation,gen_7,data/structures/reward_guided/branch_a/0001/generated/gen_7.cif,True,data/structures/reward_guided/branch_a/0001/relaxed/gen_7_relaxed.cif,True,True,17.781004839524453,0.01533677,,False,False,,True,True,True,,
matinvent_style_target12_eval24_topk025_from_loop0020,branch_a,0001,online_evaluation,gen_8,data/structures/reward_guided/branch_a/0001/generated/gen_8.cif,True,data/structures/reward_guided/branch_a/0001/relaxed/gen_8_relaxed.cif,True,True,9.758975907162633,0.53377885,,False,False,,True,True,True,,
matinvent_style_target12_eval24_topk025_from_loop0020,branch_a,0001,online_evaluation,gen_9,data/structures/reward_guided/branch_a/0001/generated/gen_9.cif,True,data/structures/reward_guided/branch_a/0001/relaxed/gen_9_relaxed.cif,True,True,9.610200996142233,0.48973423,,False,False,,True,True,True,,
matinvent_style_target12_eval24_topk025_from_loop0020,branch_a,0002,online_evaluation,gen_0,data/structures/reward_guided/branch_a/0002/generated/gen_0.cif,True,data/structures/reward_guided/branch_a/0002/relaxed/gen_0_relaxed.cif,True,True,7.075001477363288,0.04822145,,False,False,,True,True,True,,
matinvent_style_target12_eval24_topk025_from_loop0020,branch_a,0002,online_evaluation,gen_1,data/structures/reward_guided/branch_a/0002/generated/gen_1.cif,True,data/structures/reward_guided/branch_a/0002/relaxed/gen_1_relaxed.cif,False,False,,,,False,False,,,,,,
matinvent_style_target12_eval24_topk025_from_loop0020,branch_a,0002,online_evaluation,gen_10,data/structures/reward_guided/branch_a/0002/generated/gen_10.cif,True,data/structures/reward_guided/branch_a/0002/relaxed/gen_10_relaxed.cif,False,False,,,,False,False,,,,,,
matinvent_style_target12_eval24_topk025_from_loop0020,branch_a,0002,online_evaluation,gen_11,data/structures/reward_guided/branch_a/0002/generated/gen_11.cif,True,data/structures/reward_guided/branch_a/0002/relaxed/gen_11_relaxed.cif,False,False,,,,False,False,,,,,,
matinvent_style_target12_eval24_topk025_from_loop0020,branch_a,0002,online_evaluation,gen_12,data/structures/reward_guided/branch_a/0002/generated/gen_12.cif,True,data/structures/reward_guided/branch_a/0002/relaxed/gen_12_relaxed.cif,False,False,,,,False,False,,,,,,
matinvent_style_target12_eval24_topk025_from_loop0020,branch_a,0002,online_evaluation,gen_13,data/structures/reward_guided/branch_a/0002/generated/gen_13.cif,,,False,False,,,,False,False,,,,,,invalid_raw_structure
matinvent_style_target12_eval24_topk025_from_loop0020,branch_a,0002,online_evaluation,gen_14,data/structures/reward_guided/branch_a/0002/generated/gen_14.cif,True,data/structures/reward_guided/branch_a/0002/relaxed/gen_14_relaxed.cif,True,True,17.575797106822858,0.020523408,,False,False,,True,True,True,,
matinvent_style_target12_eval24_topk025_from_loop0020,branch_a,0002,online_evaluation,gen_15,data/structures/reward_guided/branch_a/0002/generated/gen_15.cif,True,data/structures/reward_guided/branch_a/0002/relaxed/gen_15_relaxed.cif,False,False,,,,False,False,,,,,,
matinvent_style_target12_eval24_topk025_from_loop0020,branch_a,0002,online_evaluation,gen_16,data/structures/reward_guided/branch_a/0002/generated/gen_16.cif,True,data/structures/reward_guided/branch_a/0002/relaxed/gen_16_relaxed.cif,False,False,,,,False,False,,,,,,
matinvent_style_target12_eval24_topk025_from_loop0020,branch_a,0002,online_evaluation,gen_17,data/structures/reward_guided/branch_a/0002/generated/gen_17.cif,True,data/structures/reward_guided/branch_a/0002/relaxed/gen_17_relaxed.cif,False,False,,,,False,False,,,,,,
matinvent_style_target12_eval24_topk025_from_loop0020,branch_a,0002,online_evaluation,gen_18,data/structures/reward_guided/branch_a/0002/generated/gen_18.cif,True,data/structures/reward_guided/branch_a/0002/relaxed/gen_18_relaxed.cif,False,False,,,,False,False,,,,,,
matinvent_style_target12_eval24_topk025_from_loop0020,branch_a,0002,online_evaluation,gen_19,data/structures/reward_guided/branch_a/0002/generated/gen_19.cif,True,data/structures/reward_guided/branch_a/0002/relaxed/gen_19_relaxed.cif,True,True,19.217189777676435,0.0014870239,,False,False,,True,True,True,,
matinvent_style_target12_eval24_topk025_from_loop0020,branch_a,0002,online_evaluation,gen_2,data/structures/reward_guided/branch_a/0002/generated/gen_2.cif,True,data/structures/reward_guided/branch_a/0002/relaxed/gen_2_relaxed.cif,True,True,22.38379781550624,1.4015845e-06,,False,False,,True,True,True,,
matinvent_style_target12_eval24_topk025_from_loop0020,branch_a,0002,online_evaluation,gen_20,data/structures/reward_guided/branch_a/0002/generated/gen_20.cif,True,data/structures/reward_guided/branch_a/0002/relaxed/gen_20_relaxed.cif,False,False,,,,False,False,,,,,,
matinvent_style_target12_eval24_topk025_from_loop0020,branch_a,0002,online_evaluation,gen_21,data/structures/reward_guided/branch_a/0002/generated/gen_21.cif,,,False,False,,,,False,False,,,,,,invalid_raw_structure
matinvent_style_target12_eval24_topk025_from_loop0020,branch_a,0002,online_evaluation,gen_22,data/structures/reward_guided/branch_a/0002/generated/gen_22.cif,True,data/structures/reward_guided/branch_a/0002/relaxed/gen_22_relaxed.cif,False,False,,,,False,False,,,,,,
matinvent_style_target12_eval24_topk025_from_loop0020,branch_a,0002,online_evaluation,gen_23,data/structures/reward_guided/branch_a/0002/generated/gen_23.cif,True,data/structures/reward_guided/branch_a/0002/relaxed/gen_23_relaxed.cif,False,False,,,,False,False,,,,,,
matinvent_style_target12_eval24_topk025_from_loop0020,branch_a,0002,online_evaluation,gen_24,data/structures/reward_guided/branch_a/0002/generated/gen_24.cif,True,data/structures/reward_guided/branch_a/0002/relaxed/gen_24_relaxed.cif,False,False,,,,False,False,,,,,,
matinvent_style_target12_eval24_topk025_from_loop0020,branch_a,0002,online_evaluation,gen_25,data/structures/reward_guided/branch_a/0002/generated/gen_25.cif,True,data/structures/reward_guided/branch_a/0002/relaxed/gen_25_relaxed.cif,True,True,13.641154217743894,0.714142,,False,False,,True,True,True,,
matinvent_style_target12_eval24_topk025_from_loop0020,branch_a,0002,online_evaluation,gen_26,data/structures/reward_guided/branch_a/0002/generated/gen_26.cif,True,data/structures/reward_guided/branch_a/0002/relaxed/gen_26_relaxed.cif,True,True,24.09489676186412,1.144382e-08,,False,False,,True,True,True,,
matinvent_style_target12_eval24_topk025_from_loop0020,branch_a,0002,online_evaluation,gen_27,data/structures/reward_guided/branch_a/0002/generated/gen_27.cif,True,data/structures/reward_guided/branch_a/0002/relaxed/gen_27_relaxed.cif,False,False,,,,False,False,,,,,,
matinvent_style_target12_eval24_topk025_from_loop0020,branch_a,0002,online_evaluation,gen_28,data/structures/reward_guided/branch_a/0002/generated/gen_28.cif,True,data/structures/reward_guided/branch_a/0002/relaxed/gen_28_relaxed.cif,False,False,,,,False,False,,,,,,
matinvent_style_target12_eval24_topk025_from_loop0020,branch_a,0002,online_evaluation,gen_29,data/structures/reward_guided/branch_a/0002/generated/gen_29.cif,True,data/structures/reward_guided/branch_a/0002/relaxed/gen_29_relaxed.cif,False,False,,,,False,False,,,,,,
matinvent_style_target12_eval24_topk025_from_loop0020,branch_a,0002,online_evaluation,gen_3,data/structures/reward_guided/branch_a/0002/generated/gen_3.cif,True,data/structures/reward_guided/branch_a/0002/relaxed/gen_3_relaxed.cif,True,True,7.74526337499626,0.10405372,,False,False,,True,True,True,,
matinvent_style_target12_eval24_topk025_from_loop0020,branch_a,0002,online_evaluation,gen_30,data/structures/reward_guided/branch_a/0002/generated/gen_30.cif,True,data/structures/reward_guided/branch_a/0002/relaxed/gen_30_relaxed.cif,False,False,,,,False,False,,,,,,
matinvent_style_target12_eval24_topk025_from_loop0020,branch_a,0002,online_evaluation,gen_31,data/structures/reward_guided/branch_a/0002/generated/gen_31.cif,True,data/structures/reward_guided/branch_a/0002/relaxed/gen_31_relaxed.cif,False,False,,,,False,False,,,,,,
matinvent_style_target12_eval24_topk025_from_loop0020,branch_a,0002,online_evaluation,gen_32,data/structures/reward_guided/branch_a/0002/generated/gen_32.cif,,,False,False,,,,False,False,,,,,,invalid_raw_structure
matinvent_style_target12_eval24_topk025_from_loop0020,branch_a,0002,online_evaluation,gen_33,data/structures/reward_guided/branch_a/0002/generated/gen_33.cif,True,data/structures/reward_guided/branch_a/0002/relaxed/gen_33_relaxed.cif,True,True,14.368697396023697,0.49591988,,False,False,,True,True,True,,
matinvent_style_target12_eval24_topk025_from_loop0020,branch_a,0002,online_evaluation,gen_34,data/structures/reward_guided/branch_a/0002/generated/gen_34.cif,True,data/structures/reward_guided/branch_a/0002/relaxed/gen_34_relaxed.cif,False,False,,,,False,False,,,,,,
matinvent_style_target12_eval24_topk025_from_loop0020,branch_a,0002,online_evaluation,gen_35,data/structures/reward_guided/branch_a/0002/generated/gen_35.cif,True,data/structures/reward_guided/branch_a/0002/relaxed/gen_35_relaxed.cif,False,False,,,,False,False,,,,,,
matinvent_style_target12_eval24_topk025_from_loop0020,branch_a,0002,online_evaluation,gen_36,data/structures/reward_guided/branch_a/0002/generated/gen_36.cif,True,data/structures/reward_guided/branch_a/0002/relaxed/gen_36_relaxed.cif,True,True,11.760614208101208,0.9928624,,True,False,,True,True,True,,
matinvent_style_target12_eval24_topk025_from_loop0020,branch_a,0002,online_evaluation,gen_37,data/structures/reward_guided/branch_a/0002/generated/gen_37.cif,True,data/structures/reward_guided/branch_a/0002/relaxed/gen_37_relaxed.cif,False,False,,,,False,False,,,,,,
matinvent_style_target12_eval24_topk025_from_loop0020,branch_a,0002,online_evaluation,gen_38,data/structures/reward_guided/branch_a/0002/generated/gen_38.cif,True,data/structures/reward_guided/branch_a/0002/relaxed/gen_38_relaxed.cif,True,True,9.655725724521009,0.50310683,,False,False,,True,True,True,,
matinvent_style_target12_eval24_topk025_from_loop0020,branch_a,0002,online_evaluation,gen_39,data/structures/reward_guided/branch_a/0002/generated/gen_39.cif,True,data/structures/reward_guided/branch_a/0002/relaxed/gen_39_relaxed.cif,False,False,,,,False,False,,,,,,
matinvent_style_target12_eval24_topk025_from_loop0020,branch_a,0002,online_evaluation,gen_4,data/structures/reward_guided/branch_a/0002/generated/gen_4.cif,True,data/structures/reward_guided/branch_a/0002/relaxed/gen_4_relaxed.cif,False,False,,,,False,False,,,,,,
matinvent_style_target12_eval24_topk025_from_loop0020,branch_a,0002,online_evaluation,gen_40,data/structures/reward_guided/branch_a/0002/generated/gen_40.cif,,,False,False,,,,False,False,,,,,,invalid_raw_structure
matinvent_style_target12_eval24_topk025_from_loop0020,branch_a,0002,online_evaluation,gen_41,data/structures/reward_guided/branch_a/0002/generated/gen_41.cif,True,data/structures/reward_guided/branch_a/0002/relaxed/gen_41_relaxed.cif,False,False,,,,False,False,,,,,,
matinvent_style_target12_eval24_topk025_from_loop0020,branch_a,0002,online_evaluation,gen_42,data/structures/reward_guided/branch_a/0002/generated/gen_42.cif,True,data/structures/reward_guided/branch_a/0002/relaxed/gen_42_relaxed.cif,False,False,,,,False,False,,,,,,
matinvent_style_target12_eval24_topk025_from_loop0020,branch_a,0002,online_evaluation,gen_43,data/structures/reward_guided/branch_a/0002/generated/gen_43.cif,,,False,False,,,,False,False,,,,,,invalid_raw_structure
matinvent_style_target12_eval24_topk025_from_loop0020,branch_a,0002,online_evaluation,gen_44,data/structures/reward_guided/branch_a/0002/generated/gen_44.cif,True,data/structures/reward_guided/branch_a/0002/relaxed/gen_44_relaxed.cif,False,False,,,,False,False,,,,,,
matinvent_style_target12_eval24_topk025_from_loop0020,branch_a,0002,online_evaluation,gen_45,data/structures/reward_guided/branch_a/0002/generated/gen_45.cif,True,data/structures/reward_guided/branch_a/0002/relaxed/gen_45_relaxed.cif,False,False,,,,False,False,,,,,,
matinvent_style_target12_eval24_topk025_from_loop0020,branch_a,0002,online_evaluation,gen_46,data/structures/reward_guided/branch_a/0002/generated/gen_46.cif,True,data/structures/reward_guided/branch_a/0002/relaxed/gen_46_relaxed.cif,False,False,,,,False,False,,,,,,
matinvent_style_target12_eval24_topk025_from_loop0020,branch_a,0002,online_evaluation,gen_47,data/structures/reward_guided/branch_a/0002/generated/gen_47.cif,True,data/structures/reward_guided/branch_a/0002/relaxed/gen_47_relaxed.cif,False,False,,,,False,False,,,,,,
matinvent_style_target12_eval24_topk025_from_loop0020,branch_a,0002,online_evaluation,gen_48,data/structures/reward_guided/branch_a/0002/generated/gen_48.cif,True,data/structures/reward_guided/branch_a/0002/relaxed/gen_48_relaxed.cif,False,False,,,,False,False,,,,,,
matinvent_style_target12_eval24_topk025_from_loop0020,branch_a,0002,online_evaluation,gen_49,data/structures/reward_guided/branch_a/0002/generated/gen_49.cif,True,data/structures/reward_guided/branch_a/0002/relaxed/gen_49_relaxed.cif,True,True,13.57369560286076,0.73376626,,False,False,,True,True,True,,
matinvent_style_target12_eval24_topk025_from_loop0020,branch_a,0002,online_evaluation,gen_5,data/structures/reward_guided/branch_a/0002/generated/gen_5.cif,True,data/structures/reward_guided/branch_a/0002/relaxed/gen_5_relaxed.cif,True,True,11.33481322980476,0.94619256,,True,False,,True,True,True,,
matinvent_style_target12_eval24_topk025_from_loop0020,branch_a,0002,online_evaluation,gen_50,data/structures/reward_guided/branch_a/0002/generated/gen_50.cif,True,data/structures/reward_guided/branch_a/0002/relaxed/gen_50_relaxed.cif,True,True,12.352480407122258,0.9845897,,True,False,,True,True,True,,
matinvent_style_target12_eval24_topk025_from_loop0020,branch_a,0002,online_evaluation,gen_51,data/structures/reward_guided/branch_a/0002/generated/gen_51.cif,,,False,False,,,,False,False,,,,,,invalid_raw_structure
matinvent_style_target12_eval24_topk025_from_loop0020,branch_a,0002,online_evaluation,gen_52,data/structures/reward_guided/branch_a/0002/generated/gen_52.cif,,,False,False,,,,False,False,,,,,,invalid_raw_structure
matinvent_style_target12_eval24_topk025_from_loop0020,branch_a,0002,online_evaluation,gen_53,data/structures/reward_guided/branch_a/0002/generated/gen_53.cif,True,data/structures/reward_guided/branch_a/0002/relaxed/gen_53_relaxed.cif,True,True,13.460324543796377,0.76600355,,False,False,,True,True,True,,
matinvent_style_target12_eval24_topk025_from_loop0020,branch_a,0002,online_evaluation,gen_54,data/structures/reward_guided/branch_a/0002/generated/gen_54.cif,,,False,False,,,,False,False,,,,,,invalid_raw_structure
matinvent_style_target12_eval24_topk025_from_loop0020,branch_a,0002,online_evaluation,gen_55,data/structures/reward_guided/branch_a/0002/generated/gen_55.cif,True,data/structures/reward_guided/branch_a/0002/relaxed/gen_55_relaxed.cif,False,False,,,,False,False,,,,,,
matinvent_style_target12_eval24_topk025_from_loop0020,branch_a,0002,online_evaluation,gen_56,data/structures/reward_guided/branch_a/0002/generated/gen_56.cif,True,data/structures/reward_guided/branch_a/0002/relaxed/gen_56_relaxed.cif,False,False,,,,False,False,,,,,,
matinvent_style_target12_eval24_topk025_from_loop0020,branch_a,0002,online_evaluation,gen_57,data/structures/reward_guided/branch_a/0002/generated/gen_57.cif,True,data/structures/reward_guided/branch_a/0002/relaxed/gen_57_relaxed.cif,True,True,11.507370780622702,0.9701201,,True,False,,True,True,True,,
matinvent_style_target12_eval24_topk025_from_loop0020,branch_a,0002,online_evaluation,gen_58,data/structures/reward_guided/branch_a/0002/generated/gen_58.cif,True,data/structures/reward_guided/branch_a/0002/relaxed/gen_58_relaxed.cif,False,False,,,,False,False,,,,,,
matinvent_style_target12_eval24_topk025_from_loop0020,branch_a,0002,online_evaluation,gen_59,data/structures/reward_guided/branch_a/0002/generated/gen_59.cif,True,data/structures/reward_guided/branch_a/0002/relaxed/gen_59_relaxed.cif,False,False,,,,False,False,,,,,,
matinvent_style_target12_eval24_topk025_from_loop0020,branch_a,0002,online_evaluation,gen_6,data/structures/reward_guided/branch_a/0002/generated/gen_6.cif,True,data/structures/reward_guided/branch_a/0002/relaxed/gen_6_relaxed.cif,False,False,,,,False,False,,,,,,
matinvent_style_target12_eval24_topk025_from_loop0020,branch_a,0002,online_evaluation,gen_60,data/structures/reward_guided/branch_a/0002/generated/gen_60.cif,True,data/structures/reward_guided/branch_a/0002/relaxed/gen_60_relaxed.cif,False,False,,,,False,False,,,,,,
matinvent_style_target12_eval24_topk025_from_loop0020,branch_a,0002,online_evaluation,gen_61,data/structures/reward_guided/branch_a/0002/generated/gen_61.cif,True,data/structures/reward_guided/branch_a/0002/relaxed/gen_61_relaxed.cif,False,False,,,,False,False,,,,,,
matinvent_style_target12_eval24_topk025_from_loop0020,branch_a,0002,online_evaluation,gen_62,data/structures/reward_guided/branch_a/0002/generated/gen_62.cif,True,data/structures/reward_guided/branch_a/0002/relaxed/gen_62_relaxed.cif,True,True,10.852274008352126,0.84818256,,True,False,,True,True,True,,
matinvent_style_target12_eval24_topk025_from_loop0020,branch_a,0002,online_evaluation,gen_63,data/structures/reward_guided/branch_a/0002/generated/gen_63.cif,True,data/structures/reward_guided/branch_a/0002/relaxed/gen_63_relaxed.cif,False,False,,,,False,False,,,,,,
matinvent_style_target12_eval24_topk025_from_loop0020,branch_a,0002,online_evaluation,gen_7,data/structures/reward_guided/branch_a/0002/generated/gen_7.cif,True,data/structures/reward_guided/branch_a/0002/relaxed/gen_7_relaxed.cif,True,True,12.121108911343306,0.99816823,,True,False,,True,True,True,,
matinvent_style_target12_eval24_topk025_from_loop0020,branch_a,0002,online_evaluation,gen_8,data/structures/reward_guided/branch_a/0002/generated/gen_8.cif,True,data/structures/reward_guided/branch_a/0002/relaxed/gen_8_relaxed.cif,True,True,3.896990168307027,0.00027264334,,False,False,,True,True,True,,
matinvent_style_target12_eval24_topk025_from_loop0020,branch_a,0002,online_evaluation,gen_9,data/structures/reward_guided/branch_a/0002/generated/gen_9.cif,True,data/structures/reward_guided/branch_a/0002/relaxed/gen_9_relaxed.cif,False,False,,,,False,False,,,,,,
matinvent_style_target12_eval24_topk025_from_loop0020,branch_a,0003,online_evaluation,gen_0,data/structures/reward_guided/branch_a/0003/generated/gen_0.cif,True,data/structures/reward_guided/branch_a/0003/relaxed/gen_0_relaxed.cif,False,False,,,,False,False,,,,,,
matinvent_style_target12_eval24_topk025_from_loop0020,branch_a,0003,online_evaluation,gen_1,data/structures/reward_guided/branch_a/0003/generated/gen_1.cif,,,False,False,,,,False,False,,,,,,invalid_raw_structure
matinvent_style_target12_eval24_topk025_from_loop0020,branch_a,0003,online_evaluation,gen_10,data/structures/reward_guided/branch_a/0003/generated/gen_10.cif,True,data/structures/reward_guided/branch_a/0003/relaxed/gen_10_relaxed.cif,False,False,,,,False,False,,,,,,
matinvent_style_target12_eval24_topk025_from_loop0020,branch_a,0003,online_evaluation,gen_11,data/structures/reward_guided/branch_a/0003/generated/gen_11.cif,True,data/structures/reward_guided/branch_a/0003/relaxed/gen_11_relaxed.cif,True,True,2.407299849270517,1.0104931e-05,,False,False,,True,True,True,,
matinvent_style_target12_eval24_topk025_from_loop0020,branch_a,0003,online_evaluation,gen_12,data/structures/reward_guided/branch_a/0003/generated/gen_12.cif,True,data/structures/reward_guided/branch_a/0003/relaxed/gen_12_relaxed.cif,False,False,,,,False,False,,,,,,
matinvent_style_target12_eval24_topk025_from_loop0020,branch_a,0003,online_evaluation,gen_13,data/structures/reward_guided/branch_a/0003/generated/gen_13.cif,True,data/structures/reward_guided/branch_a/0003/relaxed/gen_13_relaxed.cif,False,False,,,,False,False,,,,,,
matinvent_style_target12_eval24_topk025_from_loop0020,branch_a,0003,online_evaluation,gen_14,data/structures/reward_guided/branch_a/0003/generated/gen_14.cif,True,data/structures/reward_guided/branch_a/0003/relaxed/gen_14_relaxed.cif,False,False,,,,False,False,,,,,,
matinvent_style_target12_eval24_topk025_from_loop0020,branch_a,0003,online_evaluation,gen_15,data/structures/reward_guided/branch_a/0003/generated/gen_15.cif,True,data/structures/reward_guided/branch_a/0003/relaxed/gen_15_relaxed.cif,True,True,14.364845690942508,0.49705136,,False,False,,True,True,True,,
matinvent_style_target12_eval24_topk025_from_loop0020,branch_a,0003,online_evaluation,gen_16,data/structures/reward_guided/branch_a/0003/generated/gen_16.cif,True,data/structures/reward_guided/branch_a/0003/relaxed/gen_16_relaxed.cif,False,False,,,,False,False,,,,,,
matinvent_style_target12_eval24_topk025_from_loop0020,branch_a,0003,online_evaluation,gen_17,data/structures/reward_guided/branch_a/0003/generated/gen_17.cif,True,data/structures/reward_guided/branch_a/0003/relaxed/gen_17_relaxed.cif,True,True,13.808426124627823,0.6644467,,True,False,,True,True,True,,
matinvent_style_target12_eval24_topk025_from_loop0020,branch_a,0003,online_evaluation,gen_18,data/structures/reward_guided/branch_a/0003/generated/gen_18.cif,True,data/structures/reward_guided/branch_a/0003/relaxed/gen_18_relaxed.cif,False,False,,,,False,False,,,,,,
matinvent_style_target12_eval24_topk025_from_loop0020,branch_a,0003,online_evaluation,gen_19,data/structures/reward_guided/branch_a/0003/generated/gen_19.cif,True,data/structures/reward_guided/branch_a/0003/relaxed/gen_19_relaxed.cif,False,False,,,,False,False,,,,,,
matinvent_style_target12_eval24_topk025_from_loop0020,branch_a,0003,online_evaluation,gen_2,data/structures/reward_guided/branch_a/0003/generated/gen_2.cif,True,data/structures/reward_guided/branch_a/0003/relaxed/gen_2_relaxed.cif,False,False,,,,False,False,,,,,,
matinvent_style_target12_eval24_topk025_from_loop0020,branch_a,0003,online_evaluation,gen_20,data/structures/reward_guided/branch_a/0003/generated/gen_20.cif,True,data/structures/reward_guided/branch_a/0003/relaxed/gen_20_relaxed.cif,False,False,,,,False,False,,,,,,
matinvent_style_target12_eval24_topk025_from_loop0020,branch_a,0003,online_evaluation,gen_21,data/structures/reward_guided/branch_a/0003/generated/gen_21.cif,True,data/structures/reward_guided/branch_a/0003/relaxed/gen_21_relaxed.cif,False,False,,,,False,False,,,,,,
matinvent_style_target12_eval24_topk025_from_loop0020,branch_a,0003,online_evaluation,gen_22,data/structures/reward_guided/branch_a/0003/generated/gen_22.cif,True,data/structures/reward_guided/branch_a/0003/relaxed/gen_22_relaxed.cif,False,False,,,,False,False,,,,,,
matinvent_style_target12_eval24_topk025_from_loop0020,branch_a,0003,online_evaluation,gen_23,data/structures/reward_guided/branch_a/0003/generated/gen_23.cif,True,data/structures/reward_guided/branch_a/0003/relaxed/gen_23_relaxed.cif,False,False,,,,False,False,,,,,,
matinvent_style_target12_eval24_topk025_from_loop0020,branch_a,0003,online_evaluation,gen_24,data/structures/reward_guided/branch_a/0003/generated/gen_24.cif,True,data/structures/reward_guided/branch_a/0003/relaxed/gen_24_relaxed.cif,False,False,,,,False,False,,,,,,
matinvent_style_target12_eval24_topk025_from_loop0020,branch_a,0003,online_evaluation,gen_25,data/structures/reward_guided/branch_a/0003/generated/gen_25.cif,True,data/structures/reward_guided/branch_a/0003/relaxed/gen_25_relaxed.cif,True,True,8.55907879969599,0.22763944,,False,False,,True,True,True,,
matinvent_style_target12_eval24_topk025_from_loop0020,branch_a,0003,online_evaluation,gen_26,data/structures/reward_guided/branch_a/0003/generated/gen_26.cif,,,False,False,,,,False,False,,,,,,invalid_raw_structure
matinvent_style_target12_eval24_topk025_from_loop0020,branch_a,0003,online_evaluation,gen_27,data/structures/reward_guided/branch_a/0003/generated/gen_27.cif,True,data/structures/reward_guided/branch_a/0003/relaxed/gen_27_relaxed.cif,True,True,16.001064126668712,0.13519132,,False,False,,True,True,True,,
matinvent_style_target12_eval24_topk025_from_loop0020,branch_a,0003,online_evaluation,gen_28,data/structures/reward_guided/branch_a/0003/generated/gen_28.cif,True,data/structures/reward_guided/branch_a/0003/relaxed/gen_28_relaxed.cif,True,True,15.933872488395547,0.14450818,,False,False,,True,True,True,,
matinvent_style_target12_eval24_topk025_from_loop0020,branch_a,0003,online_evaluation,gen_29,data/structures/reward_guided/branch_a/0003/generated/gen_29.cif,True,data/structures/reward_guided/branch_a/0003/relaxed/gen_29_relaxed.cif,False,False,,,,False,False,,,,,,
matinvent_style_target12_eval24_topk025_from_loop0020,branch_a,0003,online_evaluation,gen_3,data/structures/reward_guided/branch_a/0003/generated/gen_3.cif,,,False,False,,,,False,False,,,,,,invalid_raw_structure
matinvent_style_target12_eval24_topk025_from_loop0020,branch_a,0003,online_evaluation,gen_30,data/structures/reward_guided/branch_a/0003/generated/gen_30.cif,True,data/structures/reward_guided/branch_a/0003/relaxed/gen_30_relaxed.cif,True,True,18.97876598241002,0.0022701784,,False,False,,True,True,True,,
matinvent_style_target12_eval24_topk025_from_loop0020,branch_a,0003,online_evaluation,gen_31,data/structures/reward_guided/branch_a/0003/generated/gen_31.cif,True,data/structures/reward_guided/branch_a/0003/relaxed/gen_31_relaxed.cif,False,False,,,,False,False,,,,,,
matinvent_style_target12_eval24_topk025_from_loop0020,branch_a,0003,online_evaluation,gen_32,data/structures/reward_guided/branch_a/0003/generated/gen_32.cif,True,data/structures/reward_guided/branch_a/0003/relaxed/gen_32_relaxed.cif,False,False,,,,False,False,,,,,,
matinvent_style_target12_eval24_topk025_from_loop0020,branch_a,0003,online_evaluation,gen_33,data/structures/reward_guided/branch_a/0003/generated/gen_33.cif,True,data/structures/reward_guided/branch_a/0003/relaxed/gen_33_relaxed.cif,False,False,,,,False,False,,,,,,
matinvent_style_target12_eval24_topk025_from_loop0020,branch_a,0003,online_evaluation,gen_34,data/structures/reward_guided/branch_a/0003/generated/gen_34.cif,True,data/structures/reward_guided/branch_a/0003/relaxed/gen_34_relaxed.cif,True,True,13.195709085691531,0.8363442,,True,False,,True,True,True,,
matinvent_style_target12_eval24_topk025_from_loop0020,branch_a,0003,online_evaluation,gen_35,data/structures/reward_guided/branch_a/0003/generated/gen_35.cif,True,data/structures/reward_guided/branch_a/0003/relaxed/gen_35_relaxed.cif,True,True,11.203793166114464,0.92381525,,True,False,,True,True,True,,
matinvent_style_target12_eval24_topk025_from_loop0020,branch_a,0003,online_evaluation,gen_36,data/structures/reward_guided/branch_a/0003/generated/gen_36.cif,True,data/structures/reward_guided/branch_a/0003/relaxed/gen_36_relaxed.cif,True,True,10.68708483439548,0.80616385,,True,False,,True,True,True,,
matinvent_style_target12_eval24_topk025_from_loop0020,branch_a,0003,online_evaluation,gen_37,data/structures/reward_guided/branch_a/0003/generated/gen_37.cif,True,data/structures/reward_guided/branch_a/0003/relaxed/gen_37_relaxed.cif,True,True,2.7464731634047843,2.2466846e-05,,False,False,,True,True,True,,
matinvent_style_target12_eval24_topk025_from_loop0020,branch_a,0003,online_evaluation,gen_38,data/structures/reward_guided/branch_a/0003/generated/gen_38.cif,True,data/structures/reward_guided/branch_a/0003/relaxed/gen_38_relaxed.cif,True,True,7.53867438516611,0.08308191,,False,False,,True,True,True,,
matinvent_style_target12_eval24_topk025_from_loop0020,branch_a,0003,online_evaluation,gen_39,data/structures/reward_guided/branch_a/0003/generated/gen_39.cif,True,data/structures/reward_guided/branch_a/0003/relaxed/gen_39_relaxed.cif,False,False,,,,False,False,,,,,,
matinvent_style_target12_eval24_topk025_from_loop0020,branch_a,0003,online_evaluation,gen_4,data/structures/reward_guided/branch_a/0003/generated/gen_4.cif,True,data/structures/reward_guided/branch_a/0003/relaxed/gen_4_relaxed.cif,True,True,7.584701008864617,0.08743513,,False,False,,True,True,True,,
matinvent_style_target12_eval24_topk025_from_loop0020,branch_a,0003,online_evaluation,gen_40,data/structures/reward_guided/branch_a/0003/generated/gen_40.cif,True,data/structures/reward_guided/branch_a/0003/relaxed/gen_40_relaxed.cif,False,False,,,,False,False,,,,,,
matinvent_style_target12_eval24_topk025_from_loop0020,branch_a,0003,online_evaluation,gen_41,data/structures/reward_guided/branch_a/0003/generated/gen_41.cif,True,data/structures/reward_guided/branch_a/0003/relaxed/gen_41_relaxed.cif,False,False,,,,False,False,,,,,,
matinvent_style_target12_eval24_topk025_from_loop0020,branch_a,0003,online_evaluation,gen_42,data/structures/reward_guided/branch_a/0003/generated/gen_42.cif,True,data/structures/reward_guided/branch_a/0003/relaxed/gen_42_relaxed.cif,True,True,14.6891953159491,0.4049582,,False,False,,True,True,True,,
matinvent_style_target12_eval24_topk025_from_loop0020,branch_a,0003,online_evaluation,gen_43,data/structures/reward_guided/branch_a/0003/generated/gen_43.cif,True,data/structures/reward_guided/branch_a/0003/relaxed/gen_43_relaxed.cif,False,False,,,,False,False,,,,,,
matinvent_style_target12_eval24_topk025_from_loop0020,branch_a,0003,online_evaluation,gen_44,data/structures/reward_guided/branch_a/0003/generated/gen_44.cif,,,False,False,,,,False,False,,,,,,invalid_raw_structure
matinvent_style_target12_eval24_topk025_from_loop0020,branch_a,0003,online_evaluation,gen_45,data/structures/reward_guided/branch_a/0003/generated/gen_45.cif,True,data/structures/reward_guided/branch_a/0003/relaxed/gen_45_relaxed.cif,False,False,,,,False,False,,,,,,
matinvent_style_target12_eval24_topk025_from_loop0020,branch_a,0003,online_evaluation,gen_46,data/structures/reward_guided/branch_a/0003/generated/gen_46.cif,True,data/structures/reward_guided/branch_a/0003/relaxed/gen_46_relaxed.cif,False,False,,,,False,False,,,,,,
matinvent_style_target12_eval24_topk025_from_loop0020,branch_a,0003,online_evaluation,gen_47,data/structures/reward_guided/branch_a/0003/generated/gen_47.cif,True,data/structures/reward_guided/branch_a/0003/relaxed/gen_47_relaxed.cif,True,True,19.456813492248795,0.00095814787,,False,False,,True,True,True,,
matinvent_style_target12_eval24_topk025_from_loop0020,branch_a,0003,online_evaluation,gen_48,data/structures/reward_guided/branch_a/0003/generated/gen_48.cif,True,data/structures/reward_guided/branch_a/0003/relaxed/gen_48_relaxed.cif,False,False,,,,False,False,,,,,,
matinvent_style_target12_eval24_topk025_from_loop0020,branch_a,0003,online_evaluation,gen_49,data/structures/reward_guided/branch_a/0003/generated/gen_49.cif,,,False,False,,,,False,False,,,,,,invalid_raw_structure
matinvent_style_target12_eval24_topk025_from_loop0020,branch_a,0003,online_evaluation,gen_5,data/structures/reward_guided/branch_a/0003/generated/gen_5.cif,True,data/structures/reward_guided/branch_a/0003/relaxed/gen_5_relaxed.cif,True,True,12.461605286414974,0.9737167,,True,False,,True,True,True,,
matinvent_style_target12_eval24_topk025_from_loop0020,branch_a,0003,online_evaluation,gen_50,data/structures/reward_guided/branch_a/0003/generated/gen_50.cif,True,data/structures/reward_guided/branch_a/0003/relaxed/gen_50_relaxed.cif,False,False,,,,False,False,,,,,,
matinvent_style_target12_eval24_topk025_from_loop0020,branch_a,0003,online_evaluation,gen_51,data/structures/reward_guided/branch_a/0003/generated/gen_51.cif,True,data/structures/reward_guided/branch_a/0003/relaxed/gen_51_relaxed.cif,True,True,2.501250345107371,1.2644596e-05,,False,False,,True,True,True,,
matinvent_style_target12_eval24_topk025_from_loop0020,branch_a,0003,online_evaluation,gen_52,data/structures/reward_guided/branch_a/0003/generated/gen_52.cif,True,data/structures/reward_guided/branch_a/0003/relaxed/gen_52_relaxed.cif,False,False,,,,False,False,,,,,,
matinvent_style_target12_eval24_topk025_from_loop0020,branch_a,0003,online_evaluation,gen_53,data/structures/reward_guided/branch_a/0003/generated/gen_53.cif,True,data/structures/reward_guided/branch_a/0003/relaxed/gen_53_relaxed.cif,True,True,13.37128538709098,0.790529,,True,False,,True,True,True,,
matinvent_style_target12_eval24_topk025_from_loop0020,branch_a,0003,online_evaluation,gen_54,data/structures/reward_guided/branch_a/0003/generated/gen_54.cif,True,data/structures/reward_guided/branch_a/0003/relaxed/gen_54_relaxed.cif,False,False,,,,False,False,,,,,,
matinvent_style_target12_eval24_topk025_from_loop0020,branch_a,0003,online_evaluation,gen_55,data/structures/reward_guided/branch_a/0003/generated/gen_55.cif,True,data/structures/reward_guided/branch_a/0003/relaxed/gen_55_relaxed.cif,False,False,,,,False,False,,,,,,
matinvent_style_target12_eval24_topk025_from_loop0020,branch_a,0003,online_evaluation,gen_56,data/structures/reward_guided/branch_a/0003/generated/gen_56.cif,True,data/structures/reward_guided/branch_a/0003/relaxed/gen_56_relaxed.cif,False,False,,,,False,False,,,,,,
matinvent_style_target12_eval24_topk025_from_loop0020,branch_a,0003,online_evaluation,gen_57,data/structures/reward_guided/branch_a/0003/generated/gen_57.cif,True,data/structures/reward_guided/branch_a/0003/relaxed/gen_57_relaxed.cif,False,False,,,,False,False,,,,,,
matinvent_style_target12_eval24_topk025_from_loop0020,branch_a,0003,online_evaluation,gen_58,data/structures/reward_guided/branch_a/0003/generated/gen_58.cif,True,data/structures/reward_guided/branch_a/0003/relaxed/gen_58_relaxed.cif,True,True,15.59486903663987,0.19881403,,False,False,,True,True,True,,
matinvent_style_target12_eval24_topk025_from_loop0020,branch_a,0003,online_evaluation,gen_59,data/structures/reward_guided/branch_a/0003/generated/gen_59.cif,True,data/structures/reward_guided/branch_a/0003/relaxed/gen_59_relaxed.cif,False,False,,,,False,False,,,,,,
matinvent_style_target12_eval24_topk025_from_loop0020,branch_a,0003,online_evaluation,gen_6,data/structures/reward_guided/branch_a/0003/generated/gen_6.cif,True,data/structures/reward_guided/branch_a/0003/relaxed/gen_6_relaxed.cif,False,False,,,,False,False,,,,,,
matinvent_style_target12_eval24_topk025_from_loop0020,branch_a,0003,online_evaluation,gen_60,data/structures/reward_guided/branch_a/0003/generated/gen_60.cif,True,data/structures/reward_guided/branch_a/0003/relaxed/gen_60_relaxed.cif,False,False,,,,False,False,,,,,,
matinvent_style_target12_eval24_topk025_from_loop0020,branch_a,0003,online_evaluation,gen_61,data/structures/reward_guided/branch_a/0003/generated/gen_61.cif,,,False,False,,,,False,False,,,,,,invalid_raw_structure
matinvent_style_target12_eval24_topk025_from_loop0020,branch_a,0003,online_evaluation,gen_62,data/structures/reward_guided/branch_a/0003/generated/gen_62.cif,True,data/structures/reward_guided/branch_a/0003/relaxed/gen_62_relaxed.cif,False,False,,,,False,False,,,,,,
matinvent_style_target12_eval24_topk025_from_loop0020,branch_a,0003,online_evaluation,gen_63,data/structures/reward_guided/branch_a/0003/generated/gen_63.cif,True,data/structures/reward_guided/branch_a/0003/relaxed/gen_63_relaxed.cif,False,False,,,,False,False,,,,,,
matinvent_style_target12_eval24_topk025_from_loop0020,branch_a,0003,online_evaluation,gen_7,data/structures/reward_guided/branch_a/0003/generated/gen_7.cif,,,False,False,,,,False,False,,,,,,invalid_raw_structure
matinvent_style_target12_eval24_topk025_from_loop0020,branch_a,0003,online_evaluation,gen_8,data/structures/reward_guided/branch_a/0003/generated/gen_8.cif,True,data/structures/reward_guided/branch_a/0003/relaxed/gen_8_relaxed.cif,False,False,,,,False,False,,,,,,
matinvent_style_target12_eval24_topk025_from_loop0020,branch_a,0003,online_evaluation,gen_9,data/structures/reward_guided/branch_a/0003/generated/gen_9.cif,True,data/structures/reward_guided/branch_a/0003/relaxed/gen_9_relaxed.cif,False,False,,,,False,False,,,,,,
matinvent_style_target12_eval24_topk025_from_loop0020,branch_a,0004,online_evaluation,gen_0,data/structures/reward_guided/branch_a/0004/generated/gen_0.cif,True,data/structures/reward_guided/branch_a/0004/relaxed/gen_0_relaxed.cif,False,False,,,,False,False,,,,,,
matinvent_style_target12_eval24_topk025_from_loop0020,branch_a,0004,online_evaluation,gen_1,data/structures/reward_guided/branch_a/0004/generated/gen_1.cif,True,data/structures/reward_guided/branch_a/0004/relaxed/gen_1_relaxed.cif,False,False,,,,False,False,,,,,,
matinvent_style_target12_eval24_topk025_from_loop0020,branch_a,0004,online_evaluation,gen_10,data/structures/reward_guided/branch_a/0004/generated/gen_10.cif,True,data/structures/reward_guided/branch_a/0004/relaxed/gen_10_relaxed.cif,False,False,,,,False,False,,,,,,
matinvent_style_target12_eval24_topk025_from_loop0020,branch_a,0004,online_evaluation,gen_11,data/structures/reward_guided/branch_a/0004/generated/gen_11.cif,True,data/structures/reward_guided/branch_a/0004/relaxed/gen_11_relaxed.cif,False,False,,,,False,False,,,,,,
matinvent_style_target12_eval24_topk025_from_loop0020,branch_a,0004,online_evaluation,gen_12,data/structures/reward_guided/branch_a/0004/generated/gen_12.cif,True,data/structures/reward_guided/branch_a/0004/relaxed/gen_12_relaxed.cif,False,False,,,,False,False,,,,,,
matinvent_style_target12_eval24_topk025_from_loop0020,branch_a,0004,online_evaluation,gen_13,data/structures/reward_guided/branch_a/0004/generated/gen_13.cif,True,data/structures/reward_guided/branch_a/0004/relaxed/gen_13_relaxed.cif,False,False,,,,False,False,,,,,,
matinvent_style_target12_eval24_topk025_from_loop0020,branch_a,0004,online_evaluation,gen_14,data/structures/reward_guided/branch_a/0004/generated/gen_14.cif,True,data/structures/reward_guided/branch_a/0004/relaxed/gen_14_relaxed.cif,False,False,,,,False,False,,,,,,
matinvent_style_target12_eval24_topk025_from_loop0020,branch_a,0004,online_evaluation,gen_15,data/structures/reward_guided/branch_a/0004/generated/gen_15.cif,True,data/structures/reward_guided/branch_a/0004/relaxed/gen_15_relaxed.cif,False,False,,,,False,False,,,,,,
matinvent_style_target12_eval24_topk025_from_loop0020,branch_a,0004,online_evaluation,gen_16,data/structures/reward_guided/branch_a/0004/generated/gen_16.cif,True,data/structures/reward_guided/branch_a/0004/relaxed/gen_16_relaxed.cif,False,False,,,,False,False,,,,,,
matinvent_style_target12_eval24_topk025_from_loop0020,branch_a,0004,online_evaluation,gen_17,data/structures/reward_guided/branch_a/0004/generated/gen_17.cif,True,data/structures/reward_guided/branch_a/0004/relaxed/gen_17_relaxed.cif,False,False,,,,False,False,,,,,,
matinvent_style_target12_eval24_topk025_from_loop0020,branch_a,0004,online_evaluation,gen_18,data/structures/reward_guided/branch_a/0004/generated/gen_18.cif,True,data/structures/reward_guided/branch_a/0004/relaxed/gen_18_relaxed.cif,True,True,20.111007546821654,0.00026825958,,False,False,,True,True,True,,
matinvent_style_target12_eval24_topk025_from_loop0020,branch_a,0004,online_evaluation,gen_19,data/structures/reward_guided/branch_a/0004/generated/gen_19.cif,True,data/structures/reward_guided/branch_a/0004/relaxed/gen_19_relaxed.cif,False,False,,,,False,False,,,,,,
matinvent_style_target12_eval24_topk025_from_loop0020,branch_a,0004,online_evaluation,gen_2,data/structures/reward_guided/branch_a/0004/generated/gen_2.cif,True,data/structures/reward_guided/branch_a/0004/relaxed/gen_2_relaxed.cif,False,False,,,,False,False,,,,,,
matinvent_style_target12_eval24_topk025_from_loop0020,branch_a,0004,online_evaluation,gen_20,data/structures/reward_guided/branch_a/0004/generated/gen_20.cif,True,data/structures/reward_guided/branch_a/0004/relaxed/gen_20_relaxed.cif,False,False,,,,False,False,,,,,,
matinvent_style_target12_eval24_topk025_from_loop0020,branch_a,0004,online_evaluation,gen_21,data/structures/reward_guided/branch_a/0004/generated/gen_21.cif,True,data/structures/reward_guided/branch_a/0004/relaxed/gen_21_relaxed.cif,False,False,,,,False,False,,,,,,
matinvent_style_target12_eval24_topk025_from_loop0020,branch_a,0004,online_evaluation,gen_22,data/structures/reward_guided/branch_a/0004/generated/gen_22.cif,,,False,False,,,,False,False,,,,,,invalid_raw_structure
matinvent_style_target12_eval24_topk025_from_loop0020,branch_a,0004,online_evaluation,gen_23,data/structures/reward_guided/branch_a/0004/generated/gen_23.cif,True,data/structures/reward_guided/branch_a/0004/relaxed/gen_23_relaxed.cif,False,False,,,,False,False,,,,,,
matinvent_style_target12_eval24_topk025_from_loop0020,branch_a,0004,online_evaluation,gen_24,data/structures/reward_guided/branch_a/0004/generated/gen_24.cif,True,data/structures/reward_guided/branch_a/0004/relaxed/gen_24_relaxed.cif,True,True,8.512463780805534,0.21863237,,False,False,,True,True,True,,
matinvent_style_target12_eval24_topk025_from_loop0020,branch_a,0004,online_evaluation,gen_25,data/structures/reward_guided/branch_a/0004/generated/gen_25.cif,True,data/structures/reward_guided/branch_a/0004/relaxed/gen_25_relaxed.cif,False,False,,,,False,False,,,,,,
matinvent_style_target12_eval24_topk025_from_loop0020,branch_a,0004,online_evaluation,gen_26,data/structures/reward_guided/branch_a/0004/generated/gen_26.cif,True,data/structures/reward_guided/branch_a/0004/relaxed/gen_26_relaxed.cif,False,False,,,,False,False,,,,,,
matinvent_style_target12_eval24_topk025_from_loop0020,branch_a,0004,online_evaluation,gen_27,data/structures/reward_guided/branch_a/0004/generated/gen_27.cif,True,data/structures/reward_guided/branch_a/0004/relaxed/gen_27_relaxed.cif,False,False,,,,False,False,,,,,,
matinvent_style_target12_eval24_topk025_from_loop0020,branch_a,0004,online_evaluation,gen_28,data/structures/reward_guided/branch_a/0004/generated/gen_28.cif,True,data/structures/reward_guided/branch_a/0004/relaxed/gen_28_relaxed.cif,False,False,,,,False,False,,,,,,
matinvent_style_target12_eval24_topk025_from_loop0020,branch_a,0004,online_evaluation,gen_29,data/structures/reward_guided/branch_a/0004/generated/gen_29.cif,True,data/structures/reward_guided/branch_a/0004/relaxed/gen_29_relaxed.cif,False,False,,,,False,False,,,,,,
matinvent_style_target12_eval24_topk025_from_loop0020,branch_a,0004,online_evaluation,gen_3,data/structures/reward_guided/branch_a/0004/generated/gen_3.cif,True,data/structures/reward_guided/branch_a/0004/relaxed/gen_3_relaxed.cif,False,False,,,,False,False,,,,,,
matinvent_style_target12_eval24_topk025_from_loop0020,branch_a,0004,online_evaluation,gen_30,data/structures/reward_guided/branch_a/0004/generated/gen_30.cif,True,data/structures/reward_guided/branch_a/0004/relaxed/gen_30_relaxed.cif,True,True,16.686685714770405,0.06420797,,False,False,,True,True,True,,
matinvent_style_target12_eval24_topk025_from_loop0020,branch_a,0004,online_evaluation,gen_31,data/structures/reward_guided/branch_a/0004/generated/gen_31.cif,True,data/structures/reward_guided/branch_a/0004/relaxed/gen_31_relaxed.cif,True,True,42.16594470460922,0.0,,False,False,,True,True,True,,
matinvent_style_target12_eval24_topk025_from_loop0020,branch_a,0004,online_evaluation,gen_32,data/structures/reward_guided/branch_a/0004/generated/gen_32.cif,True,data/structures/reward_guided/branch_a/0004/relaxed/gen_32_relaxed.cif,False,False,,,,False,False,,,,,,
matinvent_style_target12_eval24_topk025_from_loop0020,branch_a,0004,online_evaluation,gen_33,data/structures/reward_guided/branch_a/0004/generated/gen_33.cif,True,data/structures/reward_guided/branch_a/0004/relaxed/gen_33_relaxed.cif,False,False,,,,False,False,,,,,,
matinvent_style_target12_eval24_topk025_from_loop0020,branch_a,0004,online_evaluation,gen_34,data/structures/reward_guided/branch_a/0004/generated/gen_34.cif,True,data/structures/reward_guided/branch_a/0004/relaxed/gen_34_relaxed.cif,False,False,,,,False,False,,,,,,
matinvent_style_target12_eval24_topk025_from_loop0020,branch_a,0004,online_evaluation,gen_35,data/structures/reward_guided/branch_a/0004/generated/gen_35.cif,,,False,False,,,,False,False,,,,,,invalid_raw_structure
matinvent_style_target12_eval24_topk025_from_loop0020,branch_a,0004,online_evaluation,gen_36,data/structures/reward_guided/branch_a/0004/generated/gen_36.cif,True,data/structures/reward_guided/branch_a/0004/relaxed/gen_36_relaxed.cif,False,False,,,,False,False,,,,,,
matinvent_style_target12_eval24_topk025_from_loop0020,branch_a,0004,online_evaluation,gen_37,data/structures/reward_guided/branch_a/0004/generated/gen_37.cif,True,data/structures/reward_guided/branch_a/0004/relaxed/gen_37_relaxed.cif,False,False,,,,False,False,,,,,,
matinvent_style_target12_eval24_topk025_from_loop0020,branch_a,0004,online_evaluation,gen_38,data/structures/reward_guided/branch_a/0004/generated/gen_38.cif,True,data/structures/reward_guided/branch_a/0004/relaxed/gen_38_relaxed.cif,False,False,,,,False,False,,,,,,
matinvent_style_target12_eval24_topk025_from_loop0020,branch_a,0004,online_evaluation,gen_39,data/structures/reward_guided/branch_a/0004/generated/gen_39.cif,True,data/structures/reward_guided/branch_a/0004/relaxed/gen_39_relaxed.cif,False,False,,,,False,False,,,,,,
matinvent_style_target12_eval24_topk025_from_loop0020,branch_a,0004,online_evaluation,gen_4,data/structures/reward_guided/branch_a/0004/generated/gen_4.cif,True,data/structures/reward_guided/branch_a/0004/relaxed/gen_4_relaxed.cif,False,False,,,,False,False,,,,,,
matinvent_style_target12_eval24_topk025_from_loop0020,branch_a,0004,online_evaluation,gen_40,data/structures/reward_guided/branch_a/0004/generated/gen_40.cif,True,data/structures/reward_guided/branch_a/0004/relaxed/gen_40_relaxed.cif,True,True,12.73807386928119,0.9341725,,True,False,,True,True,True,,
matinvent_style_target12_eval24_topk025_from_loop0020,branch_a,0004,online_evaluation,gen_41,data/structures/reward_guided/branch_a/0004/generated/gen_41.cif,True,data/structures/reward_guided/branch_a/0004/relaxed/gen_41_relaxed.cif,True,True,10.773008028680358,0.82845837,,True,False,,True,True,True,,
matinvent_style_target12_eval24_topk025_from_loop0020,branch_a,0004,online_evaluation,gen_42,data/structures/reward_guided/branch_a/0004/generated/gen_42.cif,True,data/structures/reward_guided/branch_a/0004/relaxed/gen_42_relaxed.cif,False,False,,,,False,False,,,,,,
matinvent_style_target12_eval24_topk025_from_loop0020,branch_a,0004,online_evaluation,gen_43,data/structures/reward_guided/branch_a/0004/generated/gen_43.cif,True,data/structures/reward_guided/branch_a/0004/relaxed/gen_43_relaxed.cif,False,False,,,,False,False,,,,,,
matinvent_style_target12_eval24_topk025_from_loop0020,branch_a,0004,online_evaluation,gen_44,data/structures/reward_guided/branch_a/0004/generated/gen_44.cif,True,data/structures/reward_guided/branch_a/0004/relaxed/gen_44_relaxed.cif,False,False,,,,False,False,,,,,,
matinvent_style_target12_eval24_topk025_from_loop0020,branch_a,0004,online_evaluation,gen_45,data/structures/reward_guided/branch_a/0004/generated/gen_45.cif,True,data/structures/reward_guided/branch_a/0004/relaxed/gen_45_relaxed.cif,True,True,15.556944816384028,0.20567006,,False,False,,True,True,True,,
matinvent_style_target12_eval24_topk025_from_loop0020,branch_a,0004,online_evaluation,gen_46,data/structures/reward_guided/branch_a/0004/generated/gen_46.cif,True,data/structures/reward_guided/branch_a/0004/relaxed/gen_46_relaxed.cif,True,True,16.188738920706015,0.111560114,,False,False,,True,True,True,,
matinvent_style_target12_eval24_topk025_from_loop0020,branch_a,0004,online_evaluation,gen_47,data/structures/reward_guided/branch_a/0004/generated/gen_47.cif,,,False,False,,,,False,False,,,,,,invalid_raw_structure
matinvent_style_target12_eval24_topk025_from_loop0020,branch_a,0004,online_evaluation,gen_48,data/structures/reward_guided/branch_a/0004/generated/gen_48.cif,True,data/structures/reward_guided/branch_a/0004/relaxed/gen_48_relaxed.cif,False,False,,,,False,False,,,,,,
matinvent_style_target12_eval24_topk025_from_loop0020,branch_a,0004,online_evaluation,gen_49,data/structures/reward_guided/branch_a/0004/generated/gen_49.cif,True,data/structures/reward_guided/branch_a/0004/relaxed/gen_49_relaxed.cif,False,False,,,,False,False,,,,,,
matinvent_style_target12_eval24_topk025_from_loop0020,branch_a,0004,online_evaluation,gen_5,data/structures/reward_guided/branch_a/0004/generated/gen_5.cif,True,data/structures/reward_guided/branch_a/0004/relaxed/gen_5_relaxed.cif,True,True,14.363232497341867,0.49752548,,True,False,,True,True,True,,
matinvent_style_target12_eval24_topk025_from_loop0020,branch_a,0004,online_evaluation,gen_50,data/structures/reward_guided/branch_a/0004/generated/gen_50.cif,,,False,False,,,,False,False,,,,,,invalid_raw_structure
matinvent_style_target12_eval24_topk025_from_loop0020,branch_a,0004,online_evaluation,gen_51,data/structures/reward_guided/branch_a/0004/generated/gen_51.cif,True,data/structures/reward_guided/branch_a/0004/relaxed/gen_51_relaxed.cif,False,False,,,,False,False,,,,,,
matinvent_style_target12_eval24_topk025_from_loop0020,branch_a,0004,online_evaluation,gen_52,data/structures/reward_guided/branch_a/0004/generated/gen_52.cif,True,data/structures/reward_guided/branch_a/0004/relaxed/gen_52_relaxed.cif,False,False,,,,False,False,,,,,,
matinvent_style_target12_eval24_topk025_from_loop0020,branch_a,0004,online_evaluation,gen_53,data/structures/reward_guided/branch_a/0004/generated/gen_53.cif,True,data/structures/reward_guided/branch_a/0004/relaxed/gen_53_relaxed.cif,False,False,,,,False,False,,,,,,
matinvent_style_target12_eval24_topk025_from_loop0020,branch_a,0004,online_evaluation,gen_54,data/structures/reward_guided/branch_a/0004/generated/gen_54.cif,True,data/structures/reward_guided/branch_a/0004/relaxed/gen_54_relaxed.cif,False,False,,,,False,False,,,,,,
matinvent_style_target12_eval24_topk025_from_loop0020,branch_a,0004,online_evaluation,gen_55,data/structures/reward_guided/branch_a/0004/generated/gen_55.cif,True,data/structures/reward_guided/branch_a/0004/relaxed/gen_55_relaxed.cif,False,False,,,,False,False,,,,,,
matinvent_style_target12_eval24_topk025_from_loop0020,branch_a,0004,online_evaluation,gen_56,data/structures/reward_guided/branch_a/0004/generated/gen_56.cif,True,data/structures/reward_guided/branch_a/0004/relaxed/gen_56_relaxed.cif,True,True,10.716140959105038,0.81380314,,True,False,,True,True,True,,
matinvent_style_target12_eval24_topk025_from_loop0020,branch_a,0004,online_evaluation,gen_57,data/structures/reward_guided/branch_a/0004/generated/gen_57.cif,True,data/structures/reward_guided/branch_a/0004/relaxed/gen_57_relaxed.cif,True,True,4.125076306478003,0.00042996666,,False,False,,True,True,True,,
matinvent_style_target12_eval24_topk025_from_loop0020,branch_a,0004,online_evaluation,gen_58,data/structures/reward_guided/branch_a/0004/generated/gen_58.cif,True,data/structures/reward_guided/branch_a/0004/relaxed/gen_58_relaxed.cif,False,False,,,,False,False,,,,,,
matinvent_style_target12_eval24_topk025_from_loop0020,branch_a,0004,online_evaluation,gen_59,data/structures/reward_guided/branch_a/0004/generated/gen_59.cif,True,data/structures/reward_guided/branch_a/0004/relaxed/gen_59_relaxed.cif,True,True,13.746309041539948,0.6830417,,True,False,,True,True,True,,
matinvent_style_target12_eval24_topk025_from_loop0020,branch_a,0004,online_evaluation,gen_6,data/structures/reward_guided/branch_a/0004/generated/gen_6.cif,True,data/structures/reward_guided/branch_a/0004/relaxed/gen_6_relaxed.cif,True,True,6.513342407528647,0.023215702,,False,False,,True,True,True,,
matinvent_style_target12_eval24_topk025_from_loop0020,branch_a,0004,online_evaluation,gen_60,data/structures/reward_guided/branch_a/0004/generated/gen_60.cif,True,data/structures/reward_guided/branch_a/0004/relaxed/gen_60_relaxed.cif,False,False,,,,False,False,,,,,,
matinvent_style_target12_eval24_topk025_from_loop0020,branch_a,0004,online_evaluation,gen_61,data/structures/reward_guided/branch_a/0004/generated/gen_61.cif,True,data/structures/reward_guided/branch_a/0004/relaxed/gen_61_relaxed.cif,False,False,,,,False,False,,,,,,
matinvent_style_target12_eval24_topk025_from_loop0020,branch_a,0004,online_evaluation,gen_62,data/structures/reward_guided/branch_a/0004/generated/gen_62.cif,True,data/structures/reward_guided/branch_a/0004/relaxed/gen_62_relaxed.cif,True,True,10.974917502499196,0.87691146,,True,False,,True,True,True,,
matinvent_style_target12_eval24_topk025_from_loop0020,branch_a,0004,online_evaluation,gen_63,data/structures/reward_guided/branch_a/0004/generated/gen_63.cif,True,data/structures/reward_guided/branch_a/0004/relaxed/gen_63_relaxed.cif,False,False,,,,False,False,,,,,,
matinvent_style_target12_eval24_topk025_from_loop0020,branch_a,0004,online_evaluation,gen_7,data/structures/reward_guided/branch_a/0004/generated/gen_7.cif,True,data/structures/reward_guided/branch_a/0004/relaxed/gen_7_relaxed.cif,False,False,,,,False,False,,,,,,
matinvent_style_target12_eval24_topk025_from_loop0020,branch_a,0004,online_evaluation,gen_8,data/structures/reward_guided/branch_a/0004/generated/gen_8.cif,True,data/structures/reward_guided/branch_a/0004/relaxed/gen_8_relaxed.cif,False,False,,,,False,False,,,,,,
matinvent_style_target12_eval24_topk025_from_loop0020,branch_a,0004,online_evaluation,gen_9,data/structures/reward_guided/branch_a/0004/generated/gen_9.cif,True,data/structures/reward_guided/branch_a/0004/relaxed/gen_9_relaxed.cif,False,False,,,,False,False,,,,,,
matinvent_style_target12_eval24_topk025_from_loop0020,branch_a,0005,online_evaluation,gen_0,data/structures/reward_guided/branch_a/0005/generated/gen_0.cif,True,data/structures/reward_guided/branch_a/0005/relaxed/gen_0_relaxed.cif,False,False,,,,False,False,,,,,,
matinvent_style_target12_eval24_topk025_from_loop0020,branch_a,0005,online_evaluation,gen_1,data/structures/reward_guided/branch_a/0005/generated/gen_1.cif,,,False,False,,,,False,False,,,,,,invalid_raw_structure
matinvent_style_target12_eval24_topk025_from_loop0020,branch_a,0005,online_evaluation,gen_10,data/structures/reward_guided/branch_a/0005/generated/gen_10.cif,True,data/structures/reward_guided/branch_a/0005/relaxed/gen_10_relaxed.cif,False,False,,,,False,False,,,,,,
matinvent_style_target12_eval24_topk025_from_loop0020,branch_a,0005,online_evaluation,gen_11,data/structures/reward_guided/branch_a/0005/generated/gen_11.cif,True,data/structures/reward_guided/branch_a/0005/relaxed/gen_11_relaxed.cif,True,True,12.947974741206204,0.89374745,,True,False,,True,True,True,,
matinvent_style_target12_eval24_topk025_from_loop0020,branch_a,0005,online_evaluation,gen_12,data/structures/reward_guided/branch_a/0005/generated/gen_12.cif,True,data/structures/reward_guided/branch_a/0005/relaxed/gen_12_relaxed.cif,True,True,13.823571514667114,0.65989363,,True,False,,True,True,True,,
matinvent_style_target12_eval24_topk025_from_loop0020,branch_a,0005,online_evaluation,gen_13,data/structures/reward_guided/branch_a/0005/generated/gen_13.cif,True,data/structures/reward_guided/branch_a/0005/relaxed/gen_13_relaxed.cif,False,False,,,,False,False,,,,,,
matinvent_style_target12_eval24_topk025_from_loop0020,branch_a,0005,online_evaluation,gen_14,data/structures/reward_guided/branch_a/0005/generated/gen_14.cif,True,data/structures/reward_guided/branch_a/0005/relaxed/gen_14_relaxed.cif,True,True,17.55297764347495,0.021185355,,False,False,,True,True,True,,
matinvent_style_target12_eval24_topk025_from_loop0020,branch_a,0005,online_evaluation,gen_15,data/structures/reward_guided/branch_a/0005/generated/gen_15.cif,True,data/structures/reward_guided/branch_a/0005/relaxed/gen_15_relaxed.cif,False,False,,,,False,False,,,,,,
matinvent_style_target12_eval24_topk025_from_loop0020,branch_a,0005,online_evaluation,gen_16,data/structures/reward_guided/branch_a/0005/generated/gen_16.cif,True,data/structures/reward_guided/branch_a/0005/relaxed/gen_16_relaxed.cif,False,False,,,,False,False,,,,,,
matinvent_style_target12_eval24_topk025_from_loop0020,branch_a,0005,online_evaluation,gen_17,data/structures/reward_guided/branch_a/0005/generated/gen_17.cif,True,data/structures/reward_guided/branch_a/0005/relaxed/gen_17_relaxed.cif,False,False,,,,False,False,,,,,,
matinvent_style_target12_eval24_topk025_from_loop0020,branch_a,0005,online_evaluation,gen_18,data/structures/reward_guided/branch_a/0005/generated/gen_18.cif,True,data/structures/reward_guided/branch_a/0005/relaxed/gen_18_relaxed.cif,False,False,,,,False,False,,,,,,
matinvent_style_target12_eval24_topk025_from_loop0020,branch_a,0005,online_evaluation,gen_19,data/structures/reward_guided/branch_a/0005/generated/gen_19.cif,True,data/structures/reward_guided/branch_a/0005/relaxed/gen_19_relaxed.cif,True,True,9.640775363461126,0.49870396,,False,False,,True,True,True,,
matinvent_style_target12_eval24_topk025_from_loop0020,branch_a,0005,online_evaluation,gen_2,data/structures/reward_guided/branch_a/0005/generated/gen_2.cif,True,data/structures/reward_guided/branch_a/0005/relaxed/gen_2_relaxed.cif,False,False,,,,False,False,,,,,,
matinvent_style_target12_eval24_topk025_from_loop0020,branch_a,0005,online_evaluation,gen_20,data/structures/reward_guided/branch_a/0005/generated/gen_20.cif,True,data/structures/reward_guided/branch_a/0005/relaxed/gen_20_relaxed.cif,False,False,,,,False,False,,,,,,
matinvent_style_target12_eval24_topk025_from_loop0020,branch_a,0005,online_evaluation,gen_21,data/structures/reward_guided/branch_a/0005/generated/gen_21.cif,True,data/structures/reward_guided/branch_a/0005/relaxed/gen_21_relaxed.cif,False,False,,,,False,False,,,,,,
matinvent_style_target12_eval24_topk025_from_loop0020,branch_a,0005,online_evaluation,gen_22,data/structures/reward_guided/branch_a/0005/generated/gen_22.cif,True,data/structures/reward_guided/branch_a/0005/relaxed/gen_22_relaxed.cif,True,True,5.737294798039721,0.007426619,,False,False,,True,True,True,,
matinvent_style_target12_eval24_topk025_from_loop0020,branch_a,0005,online_evaluation,gen_23,data/structures/reward_guided/branch_a/0005/generated/gen_23.cif,True,data/structures/reward_guided/branch_a/0005/relaxed/gen_23_relaxed.cif,False,False,,,,False,False,,,,,,
matinvent_style_target12_eval24_topk025_from_loop0020,branch_a,0005,online_evaluation,gen_24,data/structures/reward_guided/branch_a/0005/generated/gen_24.cif,True,data/structures/reward_guided/branch_a/0005/relaxed/gen_24_relaxed.cif,False,False,,,,False,False,,,,,,
matinvent_style_target12_eval24_topk025_from_loop0020,branch_a,0005,online_evaluation,gen_25,data/structures/reward_guided/branch_a/0005/generated/gen_25.cif,,,False,False,,,,False,False,,,,,,invalid_raw_structure
matinvent_style_target12_eval24_topk025_from_loop0020,branch_a,0005,online_evaluation,gen_26,data/structures/reward_guided/branch_a/0005/generated/gen_26.cif,True,data/structures/reward_guided/branch_a/0005/relaxed/gen_26_relaxed.cif,False,False,,,,False,False,,,,,,
matinvent_style_target12_eval24_topk025_from_loop0020,branch_a,0005,online_evaluation,gen_27,data/structures/reward_guided/branch_a/0005/generated/gen_27.cif,,,False,False,,,,False,False,,,,,,invalid_raw_structure
matinvent_style_target12_eval24_topk025_from_loop0020,branch_a,0005,online_evaluation,gen_28,data/structures/reward_guided/branch_a/0005/generated/gen_28.cif,,,False,False,,,,False,False,,,,,,invalid_raw_structure
matinvent_style_target12_eval24_topk025_from_loop0020,branch_a,0005,online_evaluation,gen_29,data/structures/reward_guided/branch_a/0005/generated/gen_29.cif,True,data/structures/reward_guided/branch_a/0005/relaxed/gen_29_relaxed.cif,False,False,,,,False,False,,,,,,
matinvent_style_target12_eval24_topk025_from_loop0020,branch_a,0005,online_evaluation,gen_3,data/structures/reward_guided/branch_a/0005/generated/gen_3.cif,True,data/structures/reward_guided/branch_a/0005/relaxed/gen_3_relaxed.cif,False,False,,,,False,False,,,,,,
matinvent_style_target12_eval24_topk025_from_loop0020,branch_a,0005,online_evaluation,gen_30,data/structures/reward_guided/branch_a/0005/generated/gen_30.cif,True,data/structures/reward_guided/branch_a/0005/relaxed/gen_30_relaxed.cif,False,False,,,,False,False,,,,,,
matinvent_style_target12_eval24_topk025_from_loop0020,branch_a,0005,online_evaluation,gen_31,data/structures/reward_guided/branch_a/0005/generated/gen_31.cif,True,data/structures/reward_guided/branch_a/0005/relaxed/gen_31_relaxed.cif,False,False,,,,False,False,,,,,,
matinvent_style_target12_eval24_topk025_from_loop0020,branch_a,0005,online_evaluation,gen_32,data/structures/reward_guided/branch_a/0005/generated/gen_32.cif,True,data/structures/reward_guided/branch_a/0005/relaxed/gen_32_relaxed.cif,True,True,11.486002645411013,0.9675152,,True,False,,True,True,True,,
matinvent_style_target12_eval24_topk025_from_loop0020,branch_a,0005,online_evaluation,gen_33,data/structures/reward_guided/branch_a/0005/generated/gen_33.cif,True,data/structures/reward_guided/branch_a/0005/relaxed/gen_33_relaxed.cif,False,False,,,,False,False,,,,,,
matinvent_style_target12_eval24_topk025_from_loop0020,branch_a,0005,online_evaluation,gen_34,data/structures/reward_guided/branch_a/0005/generated/gen_34.cif,True,data/structures/reward_guided/branch_a/0005/relaxed/gen_34_relaxed.cif,False,False,,,,False,False,,,,,,
matinvent_style_target12_eval24_topk025_from_loop0020,branch_a,0005,online_evaluation,gen_35,data/structures/reward_guided/branch_a/0005/generated/gen_35.cif,True,data/structures/reward_guided/branch_a/0005/relaxed/gen_35_relaxed.cif,True,True,16.123181635943507,0.11942361,,False,False,,True,True,True,,
matinvent_style_target12_eval24_topk025_from_loop0020,branch_a,0005,online_evaluation,gen_36,data/structures/reward_guided/branch_a/0005/generated/gen_36.cif,True,data/structures/reward_guided/branch_a/0005/relaxed/gen_36_relaxed.cif,False,False,,,,False,False,,,,,,
matinvent_style_target12_eval24_topk025_from_loop0020,branch_a,0005,online_evaluation,gen_37,data/structures/reward_guided/branch_a/0005/generated/gen_37.cif,True,data/structures/reward_guided/branch_a/0005/relaxed/gen_37_relaxed.cif,False,False,,,,False,False,,,,,,
matinvent_style_target12_eval24_topk025_from_loop0020,branch_a,0005,online_evaluation,gen_38,data/structures/reward_guided/branch_a/0005/generated/gen_38.cif,True,data/structures/reward_guided/branch_a/0005/relaxed/gen_38_relaxed.cif,True,True,13.122694716024888,0.85422945,,True,False,,True,True,True,,
matinvent_style_target12_eval24_topk025_from_loop0020,branch_a,0005,online_evaluation,gen_39,data/structures/reward_guided/branch_a/0005/generated/gen_39.cif,,,False,False,,,,False,False,,,,,,invalid_raw_structure
matinvent_style_target12_eval24_topk025_from_loop0020,branch_a,0005,online_evaluation,gen_4,data/structures/reward_guided/branch_a/0005/generated/gen_4.cif,True,data/structures/reward_guided/branch_a/0005/relaxed/gen_4_relaxed.cif,False,False,,,,False,False,,,,,,
matinvent_style_target12_eval24_topk025_from_loop0020,branch_a,0005,online_evaluation,gen_40,data/structures/reward_guided/branch_a/0005/generated/gen_40.cif,True,data/structures/reward_guided/branch_a/0005/relaxed/gen_40_relaxed.cif,False,False,,,,False,False,,,,,,
matinvent_style_target12_eval24_topk025_from_loop0020,branch_a,0005,online_evaluation,gen_41,data/structures/reward_guided/branch_a/0005/generated/gen_41.cif,True,data/structures/reward_guided/branch_a/0005/relaxed/gen_41_relaxed.cif,False,False,,,,False,False,,,,,,
matinvent_style_target12_eval24_topk025_from_loop0020,branch_a,0005,online_evaluation,gen_42,data/structures/reward_guided/branch_a/0005/generated/gen_42.cif,True,data/structures/reward_guided/branch_a/0005/relaxed/gen_42_relaxed.cif,True,True,16.6995034323167,0.063249595,,False,False,,True,True,True,,
matinvent_style_target12_eval24_topk025_from_loop0020,branch_a,0005,online_evaluation,gen_43,data/structures/reward_guided/branch_a/0005/generated/gen_43.cif,True,data/structures/reward_guided/branch_a/0005/relaxed/gen_43_relaxed.cif,False,False,,,,False,False,,,,,,
matinvent_style_target12_eval24_topk025_from_loop0020,branch_a,0005,online_evaluation,gen_44,data/structures/reward_guided/branch_a/0005/generated/gen_44.cif,,,False,False,,,,False,False,,,,,,invalid_raw_structure
matinvent_style_target12_eval24_topk025_from_loop0020,branch_a,0005,online_evaluation,gen_45,data/structures/reward_guided/branch_a/0005/generated/gen_45.cif,True,data/structures/reward_guided/branch_a/0005/relaxed/gen_45_relaxed.cif,False,False,,,,False,False,,,,,,
matinvent_style_target12_eval24_topk025_from_loop0020,branch_a,0005,online_evaluation,gen_46,data/structures/reward_guided/branch_a/0005/generated/gen_46.cif,True,data/structures/reward_guided/branch_a/0005/relaxed/gen_46_relaxed.cif,True,True,21.61857466645002,9.496167e-06,,False,False,,True,True,True,,
matinvent_style_target12_eval24_topk025_from_loop0020,branch_a,0005,online_evaluation,gen_47,data/structures/reward_guided/branch_a/0005/generated/gen_47.cif,True,data/structures/reward_guided/branch_a/0005/relaxed/gen_47_relaxed.cif,False,False,,,,False,False,,,,,,
matinvent_style_target12_eval24_topk025_from_loop0020,branch_a,0005,online_evaluation,gen_48,data/structures/reward_guided/branch_a/0005/generated/gen_48.cif,True,data/structures/reward_guided/branch_a/0005/relaxed/gen_48_relaxed.cif,False,False,,,,False,False,,,,,,
matinvent_style_target12_eval24_topk025_from_loop0020,branch_a,0005,online_evaluation,gen_49,data/structures/reward_guided/branch_a/0005/generated/gen_49.cif,True,data/structures/reward_guided/branch_a/0005/relaxed/gen_49_relaxed.cif,False,False,,,,False,False,,,,,,
matinvent_style_target12_eval24_topk025_from_loop0020,branch_a,0005,online_evaluation,gen_5,data/structures/reward_guided/branch_a/0005/generated/gen_5.cif,True,data/structures/reward_guided/branch_a/0005/relaxed/gen_5_relaxed.cif,False,False,,,,False,False,,,,,,
matinvent_style_target12_eval24_topk025_from_loop0020,branch_a,0005,online_evaluation,gen_50,data/structures/reward_guided/branch_a/0005/generated/gen_50.cif,True,data/structures/reward_guided/branch_a/0005/relaxed/gen_50_relaxed.cif,False,False,,,,False,False,,,,,,
matinvent_style_target12_eval24_topk025_from_loop0020,branch_a,0005,online_evaluation,gen_51,data/structures/reward_guided/branch_a/0005/generated/gen_51.cif,True,data/structures/reward_guided/branch_a/0005/relaxed/gen_51_relaxed.cif,False,False,,,,False,False,,,,,,
matinvent_style_target12_eval24_topk025_from_loop0020,branch_a,0005,online_evaluation,gen_52,data/structures/reward_guided/branch_a/0005/generated/gen_52.cif,True,data/structures/reward_guided/branch_a/0005/relaxed/gen_52_relaxed.cif,False,False,,,,False,False,,,,,,
matinvent_style_target12_eval24_topk025_from_loop0020,branch_a,0005,online_evaluation,gen_53,data/structures/reward_guided/branch_a/0005/generated/gen_53.cif,True,data/structures/reward_guided/branch_a/0005/relaxed/gen_53_relaxed.cif,False,False,,,,False,False,,,,,,
matinvent_style_target12_eval24_topk025_from_loop0020,branch_a,0005,online_evaluation,gen_54,data/structures/reward_guided/branch_a/0005/generated/gen_54.cif,True,data/structures/reward_guided/branch_a/0005/relaxed/gen_54_relaxed.cif,False,False,,,,False,False,,,,,,
matinvent_style_target12_eval24_topk025_from_loop0020,branch_a,0005,online_evaluation,gen_55,data/structures/reward_guided/branch_a/0005/generated/gen_55.cif,True,data/structures/reward_guided/branch_a/0005/relaxed/gen_55_relaxed.cif,False,False,,,,False,False,,,,,,
matinvent_style_target12_eval24_topk025_from_loop0020,branch_a,0005,online_evaluation,gen_56,data/structures/reward_guided/branch_a/0005/generated/gen_56.cif,True,data/structures/reward_guided/branch_a/0005/relaxed/gen_56_relaxed.cif,False,False,,,,False,False,,,,,,
matinvent_style_target12_eval24_topk025_from_loop0020,branch_a,0005,online_evaluation,gen_57,data/structures/reward_guided/branch_a/0005/generated/gen_57.cif,True,data/structures/reward_guided/branch_a/0005/relaxed/gen_57_relaxed.cif,True,True,7.575017540423064,0.08650451,,False,False,,True,True,True,,
matinvent_style_target12_eval24_topk025_from_loop0020,branch_a,0005,online_evaluation,gen_58,data/structures/reward_guided/branch_a/0005/generated/gen_58.cif,True,data/structures/reward_guided/branch_a/0005/relaxed/gen_58_relaxed.cif,True,True,12.604457907754258,0.95535606,,True,False,,True,True,True,,
matinvent_style_target12_eval24_topk025_from_loop0020,branch_a,0005,online_evaluation,gen_59,data/structures/reward_guided/branch_a/0005/generated/gen_59.cif,True,data/structures/reward_guided/branch_a/0005/relaxed/gen_59_relaxed.cif,False,False,,,,False,False,,,,,,
matinvent_style_target12_eval24_topk025_from_loop0020,branch_a,0005,online_evaluation,gen_6,data/structures/reward_guided/branch_a/0005/generated/gen_6.cif,True,data/structures/reward_guided/branch_a/0005/relaxed/gen_6_relaxed.cif,True,True,10.055902603385674,0.62347955,,True,False,,True,True,True,,
matinvent_style_target12_eval24_topk025_from_loop0020,branch_a,0005,online_evaluation,gen_60,data/structures/reward_guided/branch_a/0005/generated/gen_60.cif,True,data/structures/reward_guided/branch_a/0005/relaxed/gen_60_relaxed.cif,False,False,,,,False,False,,,,,,
matinvent_style_target12_eval24_topk025_from_loop0020,branch_a,0005,online_evaluation,gen_61,data/structures/reward_guided/branch_a/0005/generated/gen_61.cif,True,data/structures/reward_guided/branch_a/0005/relaxed/gen_61_relaxed.cif,False,False,,,,False,False,,,,,,
matinvent_style_target12_eval24_topk025_from_loop0020,branch_a,0005,online_evaluation,gen_62,data/structures/reward_guided/branch_a/0005/generated/gen_62.cif,True,data/structures/reward_guided/branch_a/0005/relaxed/gen_62_relaxed.cif,False,False,,,,False,False,,,,,,
matinvent_style_target12_eval24_topk025_from_loop0020,branch_a,0005,online_evaluation,gen_63,data/structures/reward_guided/branch_a/0005/generated/gen_63.cif,,,False,False,,,,False,False,,,,,,invalid_raw_structure
matinvent_style_target12_eval24_topk025_from_loop0020,branch_a,0005,online_evaluation,gen_7,data/structures/reward_guided/branch_a/0005/generated/gen_7.cif,True,data/structures/reward_guided/branch_a/0005/relaxed/gen_7_relaxed.cif,False,False,,,,False,False,,,,,,
matinvent_style_target12_eval24_topk025_from_loop0020,branch_a,0005,online_evaluation,gen_8,data/structures/reward_guided/branch_a/0005/generated/gen_8.cif,True,data/structures/reward_guided/branch_a/0005/relaxed/gen_8_relaxed.cif,False,False,,,,False,False,,,,,,
matinvent_style_target12_eval24_topk025_from_loop0020,branch_a,0005,online_evaluation,gen_9,data/structures/reward_guided/branch_a/0005/generated/gen_9.cif,True,data/structures/reward_guided/branch_a/0005/relaxed/gen_9_relaxed.cif,True,True,16.119494734069477,0.119878136,,False,False,,True,True,True,,
matinvent_style_target12_eval24_topk025_from_loop0020,branch_a,0006,online_evaluation,gen_0,data/structures/reward_guided/branch_a/0006/generated/gen_0.cif,True,data/structures/reward_guided/branch_a/0006/relaxed/gen_0_relaxed.cif,False,False,,,,False,False,,,,,,
matinvent_style_target12_eval24_topk025_from_loop0020,branch_a,0006,online_evaluation,gen_1,data/structures/reward_guided/branch_a/0006/generated/gen_1.cif,True,data/structures/reward_guided/branch_a/0006/relaxed/gen_1_relaxed.cif,True,True,12.259397528422753,0.9916244,,True,False,,True,True,True,,
matinvent_style_target12_eval24_topk025_from_loop0020,branch_a,0006,online_evaluation,gen_10,data/structures/reward_guided/branch_a/0006/generated/gen_10.cif,True,data/structures/reward_guided/branch_a/0006/relaxed/gen_10_relaxed.cif,False,False,,,,False,False,,,,,,
matinvent_style_target12_eval24_topk025_from_loop0020,branch_a,0006,online_evaluation,gen_11,data/structures/reward_guided/branch_a/0006/generated/gen_11.cif,True,data/structures/reward_guided/branch_a/0006/relaxed/gen_11_relaxed.cif,False,False,,,,False,False,,,,,,
matinvent_style_target12_eval24_topk025_from_loop0020,branch_a,0006,online_evaluation,gen_12,data/structures/reward_guided/branch_a/0006/generated/gen_12.cif,,,False,False,,,,False,False,,,,,,invalid_raw_structure
matinvent_style_target12_eval24_topk025_from_loop0020,branch_a,0006,online_evaluation,gen_13,data/structures/reward_guided/branch_a/0006/generated/gen_13.cif,True,data/structures/reward_guided/branch_a/0006/relaxed/gen_13_relaxed.cif,True,True,3.951745081295995,0.00030451175,,False,False,,True,True,True,,
matinvent_style_target12_eval24_topk025_from_loop0020,branch_a,0006,online_evaluation,gen_14,data/structures/reward_guided/branch_a/0006/generated/gen_14.cif,True,data/structures/reward_guided/branch_a/0006/relaxed/gen_14_relaxed.cif,False,False,,,,False,False,,,,,,
matinvent_style_target12_eval24_topk025_from_loop0020,branch_a,0006,online_evaluation,gen_15,data/structures/reward_guided/branch_a/0006/generated/gen_15.cif,True,data/structures/reward_guided/branch_a/0006/relaxed/gen_15_relaxed.cif,False,False,,,,False,False,,,,,,
matinvent_style_target12_eval24_topk025_from_loop0020,branch_a,0006,online_evaluation,gen_16,data/structures/reward_guided/branch_a/0006/generated/gen_16.cif,True,data/structures/reward_guided/branch_a/0006/relaxed/gen_16_relaxed.cif,False,False,,,,False,False,,,,,,
matinvent_style_target12_eval24_topk025_from_loop0020,branch_a,0006,online_evaluation,gen_17,data/structures/reward_guided/branch_a/0006/generated/gen_17.cif,True,data/structures/reward_guided/branch_a/0006/relaxed/gen_17_relaxed.cif,False,False,,,,False,False,,,,,,
matinvent_style_target12_eval24_topk025_from_loop0020,branch_a,0006,online_evaluation,gen_18,data/structures/reward_guided/branch_a/0006/generated/gen_18.cif,True,data/structures/reward_guided/branch_a/0006/relaxed/gen_18_relaxed.cif,False,False,,,,False,False,,,,,,
matinvent_style_target12_eval24_topk025_from_loop0020,branch_a,0006,online_evaluation,gen_19,data/structures/reward_guided/branch_a/0006/generated/gen_19.cif,True,data/structures/reward_guided/branch_a/0006/relaxed/gen_19_relaxed.cif,False,False,,,,False,False,,,,,,
matinvent_style_target12_eval24_topk025_from_loop0020,branch_a,0006,online_evaluation,gen_2,data/structures/reward_guided/branch_a/0006/generated/gen_2.cif,True,data/structures/reward_guided/branch_a/0006/relaxed/gen_2_relaxed.cif,True,True,4.200514050921639,0.0004984548,,False,False,,True,True,True,,
matinvent_style_target12_eval24_topk025_from_loop0020,branch_a,0006,online_evaluation,gen_20,data/structures/reward_guided/branch_a/0006/generated/gen_20.cif,,,False,False,,,,False,False,,,,,,invalid_raw_structure
matinvent_style_target12_eval24_topk025_from_loop0020,branch_a,0006,online_evaluation,gen_21,data/structures/reward_guided/branch_a/0006/generated/gen_21.cif,True,data/structures/reward_guided/branch_a/0006/relaxed/gen_21_relaxed.cif,False,False,,,,False,False,,,,,,
matinvent_style_target12_eval24_topk025_from_loop0020,branch_a,0006,online_evaluation,gen_22,data/structures/reward_guided/branch_a/0006/generated/gen_22.cif,,,False,False,,,,False,False,,,,,,invalid_raw_structure
matinvent_style_target12_eval24_topk025_from_loop0020,branch_a,0006,online_evaluation,gen_23,data/structures/reward_guided/branch_a/0006/generated/gen_23.cif,True,data/structures/reward_guided/branch_a/0006/relaxed/gen_23_relaxed.cif,False,False,,,,False,False,,,,,,
matinvent_style_target12_eval24_topk025_from_loop0020,branch_a,0006,online_evaluation,gen_24,data/structures/reward_guided/branch_a/0006/generated/gen_24.cif,True,data/structures/reward_guided/branch_a/0006/relaxed/gen_24_relaxed.cif,False,False,,,,False,False,,,,,,
matinvent_style_target12_eval24_topk025_from_loop0020,branch_a,0006,online_evaluation,gen_25,data/structures/reward_guided/branch_a/0006/generated/gen_25.cif,True,data/structures/reward_guided/branch_a/0006/relaxed/gen_25_relaxed.cif,True,True,16.716576160504548,0.061991293,,False,False,,True,True,True,,
matinvent_style_target12_eval24_topk025_from_loop0020,branch_a,0006,online_evaluation,gen_26,data/structures/reward_guided/branch_a/0006/generated/gen_26.cif,True,data/structures/reward_guided/branch_a/0006/relaxed/gen_26_relaxed.cif,False,False,,,,False,False,,,,,,
matinvent_style_target12_eval24_topk025_from_loop0020,branch_a,0006,online_evaluation,gen_27,data/structures/reward_guided/branch_a/0006/generated/gen_27.cif,True,data/structures/reward_guided/branch_a/0006/relaxed/gen_27_relaxed.cif,False,False,,,,False,False,,,,,,
matinvent_style_target12_eval24_topk025_from_loop0020,branch_a,0006,online_evaluation,gen_28,data/structures/reward_guided/branch_a/0006/generated/gen_28.cif,True,data/structures/reward_guided/branch_a/0006/relaxed/gen_28_relaxed.cif,False,False,,,,False,False,,,,,,
matinvent_style_target12_eval24_topk025_from_loop0020,branch_a,0006,online_evaluation,gen_29,data/structures/reward_guided/branch_a/0006/generated/gen_29.cif,,,False,False,,,,False,False,,,,,,invalid_raw_structure
matinvent_style_target12_eval24_topk025_from_loop0020,branch_a,0006,online_evaluation,gen_3,data/structures/reward_guided/branch_a/0006/generated/gen_3.cif,True,data/structures/reward_guided/branch_a/0006/relaxed/gen_3_relaxed.cif,False,False,,,,False,False,,,,,,
matinvent_style_target12_eval24_topk025_from_loop0020,branch_a,0006,online_evaluation,gen_30,data/structures/reward_guided/branch_a/0006/generated/gen_30.cif,True,data/structures/reward_guided/branch_a/0006/relaxed/gen_30_relaxed.cif,False,False,,,,False,False,,,,,,
matinvent_style_target12_eval24_topk025_from_loop0020,branch_a,0006,online_evaluation,gen_31,data/structures/reward_guided/branch_a/0006/generated/gen_31.cif,True,data/structures/reward_guided/branch_a/0006/relaxed/gen_31_relaxed.cif,True,True,8.685321841406896,0.25324792,,False,False,,True,True,True,,
matinvent_style_target12_eval24_topk025_from_loop0020,branch_a,0006,online_evaluation,gen_32,data/structures/reward_guided/branch_a/0006/generated/gen_32.cif,True,data/structures/reward_guided/branch_a/0006/relaxed/gen_32_relaxed.cif,False,False,,,,False,False,,,,,,
matinvent_style_target12_eval24_topk025_from_loop0020,branch_a,0006,online_evaluation,gen_33,data/structures/reward_guided/branch_a/0006/generated/gen_33.cif,True,data/structures/reward_guided/branch_a/0006/relaxed/gen_33_relaxed.cif,False,False,,,,False,False,,,,,,
matinvent_style_target12_eval24_topk025_from_loop0020,branch_a,0006,online_evaluation,gen_34,data/structures/reward_guided/branch_a/0006/generated/gen_34.cif,,,False,False,,,,False,False,,,,,,invalid_raw_structure
matinvent_style_target12_eval24_topk025_from_loop0020,branch_a,0006,online_evaluation,gen_35,data/structures/reward_guided/branch_a/0006/generated/gen_35.cif,True,data/structures/reward_guided/branch_a/0006/relaxed/gen_35_relaxed.cif,False,False,,,,False,False,,,,,,
matinvent_style_target12_eval24_topk025_from_loop0020,branch_a,0006,online_evaluation,gen_36,data/structures/reward_guided/branch_a/0006/generated/gen_36.cif,True,data/structures/reward_guided/branch_a/0006/relaxed/gen_36_relaxed.cif,False,False,,,,False,False,,,,,,
matinvent_style_target12_eval24_topk025_from_loop0020,branch_a,0006,online_evaluation,gen_37,data/structures/reward_guided/branch_a/0006/generated/gen_37.cif,True,data/structures/reward_guided/branch_a/0006/relaxed/gen_37_relaxed.cif,False,False,,,,False,False,,,,,,
matinvent_style_target12_eval24_topk025_from_loop0020,branch_a,0006,online_evaluation,gen_38,data/structures/reward_guided/branch_a/0006/generated/gen_38.cif,True,data/structures/reward_guided/branch_a/0006/relaxed/gen_38_relaxed.cif,False,False,,,,False,False,,,,,,
matinvent_style_target12_eval24_topk025_from_loop0020,branch_a,0006,online_evaluation,gen_39,data/structures/reward_guided/branch_a/0006/generated/gen_39.cif,True,data/structures/reward_guided/branch_a/0006/relaxed/gen_39_relaxed.cif,False,False,,,,False,False,,,,,,
matinvent_style_target12_eval24_topk025_from_loop0020,branch_a,0006,online_evaluation,gen_4,data/structures/reward_guided/branch_a/0006/generated/gen_4.cif,True,data/structures/reward_guided/branch_a/0006/relaxed/gen_4_relaxed.cif,False,False,,,,False,False,,,,,,
matinvent_style_target12_eval24_topk025_from_loop0020,branch_a,0006,online_evaluation,gen_40,data/structures/reward_guided/branch_a/0006/generated/gen_40.cif,True,data/structures/reward_guided/branch_a/0006/relaxed/gen_40_relaxed.cif,True,True,14.713083982580542,0.39847797,,False,False,,True,True,True,,
matinvent_style_target12_eval24_topk025_from_loop0020,branch_a,0006,online_evaluation,gen_41,data/structures/reward_guided/branch_a/0006/generated/gen_41.cif,True,data/structures/reward_guided/branch_a/0006/relaxed/gen_41_relaxed.cif,True,True,12.997273099325032,0.8830979,,True,False,,True,True,True,,
matinvent_style_target12_eval24_topk025_from_loop0020,branch_a,0006,online_evaluation,gen_42,data/structures/reward_guided/branch_a/0006/generated/gen_42.cif,,,False,False,,,,False,False,,,,,,invalid_raw_structure
matinvent_style_target12_eval24_topk025_from_loop0020,branch_a,0006,online_evaluation,gen_43,data/structures/reward_guided/branch_a/0006/generated/gen_43.cif,True,data/structures/reward_guided/branch_a/0006/relaxed/gen_43_relaxed.cif,False,False,,,,False,False,,,,,,
matinvent_style_target12_eval24_topk025_from_loop0020,branch_a,0006,online_evaluation,gen_44,data/structures/reward_guided/branch_a/0006/generated/gen_44.cif,True,data/structures/reward_guided/branch_a/0006/relaxed/gen_44_relaxed.cif,False,False,,,,False,False,,,,,,
matinvent_style_target12_eval24_topk025_from_loop0020,branch_a,0006,online_evaluation,gen_45,data/structures/reward_guided/branch_a/0006/generated/gen_45.cif,True,data/structures/reward_guided/branch_a/0006/relaxed/gen_45_relaxed.cif,True,True,13.550122705588905,0.74055153,,True,False,,True,True,True,,
matinvent_style_target12_eval24_topk025_from_loop0020,branch_a,0006,online_evaluation,gen_46,data/structures/reward_guided/branch_a/0006/generated/gen_46.cif,True,data/structures/reward_guided/branch_a/0006/relaxed/gen_46_relaxed.cif,True,True,6.166114575566637,0.01420335,,False,False,,True,True,True,,
matinvent_style_target12_eval24_topk025_from_loop0020,branch_a,0006,online_evaluation,gen_47,data/structures/reward_guided/branch_a/0006/generated/gen_47.cif,,,False,False,,,,False,False,,,,,,invalid_raw_structure
matinvent_style_target12_eval24_topk025_from_loop0020,branch_a,0006,online_evaluation,gen_48,data/structures/reward_guided/branch_a/0006/generated/gen_48.cif,True,data/structures/reward_guided/branch_a/0006/relaxed/gen_48_relaxed.cif,False,False,,,,False,False,,,,,,
matinvent_style_target12_eval24_topk025_from_loop0020,branch_a,0006,online_evaluation,gen_49,data/structures/reward_guided/branch_a/0006/generated/gen_49.cif,True,data/structures/reward_guided/branch_a/0006/relaxed/gen_49_relaxed.cif,True,True,3.560729812392516,0.00013602659,,False,False,,True,True,True,,
matinvent_style_target12_eval24_topk025_from_loop0020,branch_a,0006,online_evaluation,gen_5,data/structures/reward_guided/branch_a/0006/generated/gen_5.cif,True,data/structures/reward_guided/branch_a/0006/relaxed/gen_5_relaxed.cif,True,True,6.380666947280779,0.01931037,,False,False,,True,True,True,,
matinvent_style_target12_eval24_topk025_from_loop0020,branch_a,0006,online_evaluation,gen_50,data/structures/reward_guided/branch_a/0006/generated/gen_50.cif,True,data/structures/reward_guided/branch_a/0006/relaxed/gen_50_relaxed.cif,False,False,,,,False,False,,,,,,
matinvent_style_target12_eval24_topk025_from_loop0020,branch_a,0006,online_evaluation,gen_51,data/structures/reward_guided/branch_a/0006/generated/gen_51.cif,,,False,False,,,,False,False,,,,,,invalid_raw_structure
matinvent_style_target12_eval24_topk025_from_loop0020,branch_a,0006,online_evaluation,gen_52,data/structures/reward_guided/branch_a/0006/generated/gen_52.cif,True,data/structures/reward_guided/branch_a/0006/relaxed/gen_52_relaxed.cif,True,True,4.494983529493212,0.00087554933,,False,False,,True,True,True,,
matinvent_style_target12_eval24_topk025_from_loop0020,branch_a,0006,online_evaluation,gen_53,data/structures/reward_guided/branch_a/0006/generated/gen_53.cif,True,data/structures/reward_guided/branch_a/0006/relaxed/gen_53_relaxed.cif,True,True,14.284243560074431,0.52088755,,True,False,,True,True,True,,
matinvent_style_target12_eval24_topk025_from_loop0020,branch_a,0006,online_evaluation,gen_54,data/structures/reward_guided/branch_a/0006/generated/gen_54.cif,True,data/structures/reward_guided/branch_a/0006/relaxed/gen_54_relaxed.cif,False,False,,,,False,False,,,,,,
matinvent_style_target12_eval24_topk025_from_loop0020,branch_a,0006,online_evaluation,gen_55,data/structures/reward_guided/branch_a/0006/generated/gen_55.cif,True,data/structures/reward_guided/branch_a/0006/relaxed/gen_55_relaxed.cif,False,False,,,,False,False,,,,,,
matinvent_style_target12_eval24_topk025_from_loop0020,branch_a,0006,online_evaluation,gen_56,data/structures/reward_guided/branch_a/0006/generated/gen_56.cif,True,data/structures/reward_guided/branch_a/0006/relaxed/gen_56_relaxed.cif,False,False,,,,False,False,,,,,,
matinvent_style_target12_eval24_topk025_from_loop0020,branch_a,0006,online_evaluation,gen_57,data/structures/reward_guided/branch_a/0006/generated/gen_57.cif,True,data/structures/reward_guided/branch_a/0006/relaxed/gen_57_relaxed.cif,False,False,,,,False,False,,,,,,
matinvent_style_target12_eval24_topk025_from_loop0020,branch_a,0006,online_evaluation,gen_58,data/structures/reward_guided/branch_a/0006/generated/gen_58.cif,True,data/structures/reward_guided/branch_a/0006/relaxed/gen_58_relaxed.cif,True,True,5.620526944761608,0.0061752275,,False,False,,True,True,True,,
matinvent_style_target12_eval24_topk025_from_loop0020,branch_a,0006,online_evaluation,gen_59,data/structures/reward_guided/branch_a/0006/generated/gen_59.cif,True,data/structures/reward_guided/branch_a/0006/relaxed/gen_59_relaxed.cif,False,False,,,,False,False,,,,,,
matinvent_style_target12_eval24_topk025_from_loop0020,branch_a,0006,online_evaluation,gen_6,data/structures/reward_guided/branch_a/0006/generated/gen_6.cif,True,data/structures/reward_guided/branch_a/0006/relaxed/gen_6_relaxed.cif,True,True,22.188889747803,2.3136497e-06,,False,False,,True,True,True,,
matinvent_style_target12_eval24_topk025_from_loop0020,branch_a,0006,online_evaluation,gen_60,data/structures/reward_guided/branch_a/0006/generated/gen_60.cif,True,data/structures/reward_guided/branch_a/0006/relaxed/gen_60_relaxed.cif,False,False,,,,False,False,,,,,,
matinvent_style_target12_eval24_topk025_from_loop0020,branch_a,0006,online_evaluation,gen_61,data/structures/reward_guided/branch_a/0006/generated/gen_61.cif,True,data/structures/reward_guided/branch_a/0006/relaxed/gen_61_relaxed.cif,False,False,,,,False,False,,,,,,
matinvent_style_target12_eval24_topk025_from_loop0020,branch_a,0006,online_evaluation,gen_62,data/structures/reward_guided/branch_a/0006/generated/gen_62.cif,True,data/structures/reward_guided/branch_a/0006/relaxed/gen_62_relaxed.cif,True,True,13.351241087342004,0.7959399,,True,False,,True,True,True,,
matinvent_style_target12_eval24_topk025_from_loop0020,branch_a,0006,online_evaluation,gen_63,data/structures/reward_guided/branch_a/0006/generated/gen_63.cif,True,data/structures/reward_guided/branch_a/0006/relaxed/gen_63_relaxed.cif,True,True,15.199832735110933,0.2780745,,False,False,,True,True,True,,
matinvent_style_target12_eval24_topk025_from_loop0020,branch_a,0006,online_evaluation,gen_7,data/structures/reward_guided/branch_a/0006/generated/gen_7.cif,,,False,False,,,,False,False,,,,,,invalid_raw_structure
matinvent_style_target12_eval24_topk025_from_loop0020,branch_a,0006,online_evaluation,gen_8,data/structures/reward_guided/branch_a/0006/generated/gen_8.cif,True,data/structures/reward_guided/branch_a/0006/relaxed/gen_8_relaxed.cif,True,True,13.89785060883527,0.63748175,,True,False,,True,True,True,,
matinvent_style_target12_eval24_topk025_from_loop0020,branch_a,0006,online_evaluation,gen_9,data/structures/reward_guided/branch_a/0006/generated/gen_9.cif,True,data/structures/reward_guided/branch_a/0006/relaxed/gen_9_relaxed.cif,False,False,,,,False,False,,,,,,
matinvent_style_target12_eval24_topk025_from_loop0020,branch_a,0007,online_evaluation,gen_0,data/structures/reward_guided/branch_a/0007/generated/gen_0.cif,True,data/structures/reward_guided/branch_a/0007/relaxed/gen_0_relaxed.cif,False,False,,,,False,False,,,,,,
matinvent_style_target12_eval24_topk025_from_loop0020,branch_a,0007,online_evaluation,gen_1,data/structures/reward_guided/branch_a/0007/generated/gen_1.cif,,,False,False,,,,False,False,,,,,,invalid_raw_structure
matinvent_style_target12_eval24_topk025_from_loop0020,branch_a,0007,online_evaluation,gen_10,data/structures/reward_guided/branch_a/0007/generated/gen_10.cif,True,data/structures/reward_guided/branch_a/0007/relaxed/gen_10_relaxed.cif,False,False,,,,False,False,,,,,,
matinvent_style_target12_eval24_topk025_from_loop0020,branch_a,0007,online_evaluation,gen_11,data/structures/reward_guided/branch_a/0007/generated/gen_11.cif,True,data/structures/reward_guided/branch_a/0007/relaxed/gen_11_relaxed.cif,False,False,,,,False,False,,,,,,
matinvent_style_target12_eval24_topk025_from_loop0020,branch_a,0007,online_evaluation,gen_12,data/structures/reward_guided/branch_a/0007/generated/gen_12.cif,True,data/structures/reward_guided/branch_a/0007/relaxed/gen_12_relaxed.cif,False,False,,,,False,False,,,,,,
matinvent_style_target12_eval24_topk025_from_loop0020,branch_a,0007,online_evaluation,gen_13,data/structures/reward_guided/branch_a/0007/generated/gen_13.cif,True,data/structures/reward_guided/branch_a/0007/relaxed/gen_13_relaxed.cif,False,False,,,,False,False,,,,,,
matinvent_style_target12_eval24_topk025_from_loop0020,branch_a,0007,online_evaluation,gen_14,data/structures/reward_guided/branch_a/0007/generated/gen_14.cif,,,False,False,,,,False,False,,,,,,invalid_raw_structure
matinvent_style_target12_eval24_topk025_from_loop0020,branch_a,0007,online_evaluation,gen_15,data/structures/reward_guided/branch_a/0007/generated/gen_15.cif,True,data/structures/reward_guided/branch_a/0007/relaxed/gen_15_relaxed.cif,False,False,,,,False,False,,,,,,
matinvent_style_target12_eval24_topk025_from_loop0020,branch_a,0007,online_evaluation,gen_16,data/structures/reward_guided/branch_a/0007/generated/gen_16.cif,True,data/structures/reward_guided/branch_a/0007/relaxed/gen_16_relaxed.cif,False,False,,,,False,False,,,,,,
matinvent_style_target12_eval24_topk025_from_loop0020,branch_a,0007,online_evaluation,gen_17,data/structures/reward_guided/branch_a/0007/generated/gen_17.cif,True,data/structures/reward_guided/branch_a/0007/relaxed/gen_17_relaxed.cif,False,False,,,,False,False,,,,,,
matinvent_style_target12_eval24_topk025_from_loop0020,branch_a,0007,online_evaluation,gen_18,data/structures/reward_guided/branch_a/0007/generated/gen_18.cif,True,data/structures/reward_guided/branch_a/0007/relaxed/gen_18_relaxed.cif,False,False,,,,False,False,,,,,,
matinvent_style_target12_eval24_topk025_from_loop0020,branch_a,0007,online_evaluation,gen_19,data/structures/reward_guided/branch_a/0007/generated/gen_19.cif,,,False,False,,,,False,False,,,,,,invalid_raw_structure
matinvent_style_target12_eval24_topk025_from_loop0020,branch_a,0007,online_evaluation,gen_2,data/structures/reward_guided/branch_a/0007/generated/gen_2.cif,True,data/structures/reward_guided/branch_a/0007/relaxed/gen_2_relaxed.cif,False,False,,,,False,False,,,,,,
matinvent_style_target12_eval24_topk025_from_loop0020,branch_a,0007,online_evaluation,gen_20,data/structures/reward_guided/branch_a/0007/generated/gen_20.cif,,,False,False,,,,False,False,,,,,,invalid_raw_structure
matinvent_style_target12_eval24_topk025_from_loop0020,branch_a,0007,online_evaluation,gen_21,data/structures/reward_guided/branch_a/0007/generated/gen_21.cif,True,data/structures/reward_guided/branch_a/0007/relaxed/gen_21_relaxed.cif,False,False,,,,False,False,,,,,,
matinvent_style_target12_eval24_topk025_from_loop0020,branch_a,0007,online_evaluation,gen_22,data/structures/reward_guided/branch_a/0007/generated/gen_22.cif,True,data/structures/reward_guided/branch_a/0007/relaxed/gen_22_relaxed.cif,False,False,,,,False,False,,,,,,
matinvent_style_target12_eval24_topk025_from_loop0020,branch_a,0007,online_evaluation,gen_23,data/structures/reward_guided/branch_a/0007/generated/gen_23.cif,True,data/structures/reward_guided/branch_a/0007/relaxed/gen_23_relaxed.cif,False,False,,,,False,False,,,,,,
matinvent_style_target12_eval24_topk025_from_loop0020,branch_a,0007,online_evaluation,gen_24,data/structures/reward_guided/branch_a/0007/generated/gen_24.cif,True,data/structures/reward_guided/branch_a/0007/relaxed/gen_24_relaxed.cif,False,False,,,,False,False,,,,,,
matinvent_style_target12_eval24_topk025_from_loop0020,branch_a,0007,online_evaluation,gen_25,data/structures/reward_guided/branch_a/0007/generated/gen_25.cif,True,data/structures/reward_guided/branch_a/0007/relaxed/gen_25_relaxed.cif,False,False,,,,False,False,,,,,,
matinvent_style_target12_eval24_topk025_from_loop0020,branch_a,0007,online_evaluation,gen_26,data/structures/reward_guided/branch_a/0007/generated/gen_26.cif,True,data/structures/reward_guided/branch_a/0007/relaxed/gen_26_relaxed.cif,True,True,12.14989222641752,0.9971955,,True,False,,True,True,True,,
matinvent_style_target12_eval24_topk025_from_loop0020,branch_a,0007,online_evaluation,gen_27,data/structures/reward_guided/branch_a/0007/generated/gen_27.cif,True,data/structures/reward_guided/branch_a/0007/relaxed/gen_27_relaxed.cif,False,False,,,,False,False,,,,,,
matinvent_style_target12_eval24_topk025_from_loop0020,branch_a,0007,online_evaluation,gen_28,data/structures/reward_guided/branch_a/0007/generated/gen_28.cif,True,data/structures/reward_guided/branch_a/0007/relaxed/gen_28_relaxed.cif,False,False,,,,False,False,,,,,,
matinvent_style_target12_eval24_topk025_from_loop0020,branch_a,0007,online_evaluation,gen_29,data/structures/reward_guided/branch_a/0007/generated/gen_29.cif,True,data/structures/reward_guided/branch_a/0007/relaxed/gen_29_relaxed.cif,False,False,,,,False,False,,,,,,
matinvent_style_target12_eval24_topk025_from_loop0020,branch_a,0007,online_evaluation,gen_3,data/structures/reward_guided/branch_a/0007/generated/gen_3.cif,True,data/structures/reward_guided/branch_a/0007/relaxed/gen_3_relaxed.cif,False,False,,,,False,False,,,,,,
matinvent_style_target12_eval24_topk025_from_loop0020,branch_a,0007,online_evaluation,gen_30,data/structures/reward_guided/branch_a/0007/generated/gen_30.cif,True,data/structures/reward_guided/branch_a/0007/relaxed/gen_30_relaxed.cif,False,False,,,,False,False,,,,,,
matinvent_style_target12_eval24_topk025_from_loop0020,branch_a,0007,online_evaluation,gen_31,data/structures/reward_guided/branch_a/0007/generated/gen_31.cif,True,data/structures/reward_guided/branch_a/0007/relaxed/gen_31_relaxed.cif,False,False,,,,False,False,,,,,,
matinvent_style_target12_eval24_topk025_from_loop0020,branch_a,0007,online_evaluation,gen_32,data/structures/reward_guided/branch_a/0007/generated/gen_32.cif,True,data/structures/reward_guided/branch_a/0007/relaxed/gen_32_relaxed.cif,False,False,,,,False,False,,,,,,
matinvent_style_target12_eval24_topk025_from_loop0020,branch_a,0007,online_evaluation,gen_33,data/structures/reward_guided/branch_a/0007/generated/gen_33.cif,True,data/structures/reward_guided/branch_a/0007/relaxed/gen_33_relaxed.cif,False,False,,,,False,False,,,,,,
matinvent_style_target12_eval24_topk025_from_loop0020,branch_a,0007,online_evaluation,gen_34,data/structures/reward_guided/branch_a/0007/generated/gen_34.cif,True,data/structures/reward_guided/branch_a/0007/relaxed/gen_34_relaxed.cif,False,False,,,,False,False,,,,,,
matinvent_style_target12_eval24_topk025_from_loop0020,branch_a,0007,online_evaluation,gen_35,data/structures/reward_guided/branch_a/0007/generated/gen_35.cif,True,data/structures/reward_guided/branch_a/0007/relaxed/gen_35_relaxed.cif,False,False,,,,False,False,,,,,,
matinvent_style_target12_eval24_topk025_from_loop0020,branch_a,0007,online_evaluation,gen_36,data/structures/reward_guided/branch_a/0007/generated/gen_36.cif,True,data/structures/reward_guided/branch_a/0007/relaxed/gen_36_relaxed.cif,False,False,,,,False,False,,,,,,
matinvent_style_target12_eval24_topk025_from_loop0020,branch_a,0007,online_evaluation,gen_37,data/structures/reward_guided/branch_a/0007/generated/gen_37.cif,True,data/structures/reward_guided/branch_a/0007/relaxed/gen_37_relaxed.cif,False,False,,,,False,False,,,,,,
matinvent_style_target12_eval24_topk025_from_loop0020,branch_a,0007,online_evaluation,gen_38,data/structures/reward_guided/branch_a/0007/generated/gen_38.cif,True,data/structures/reward_guided/branch_a/0007/relaxed/gen_38_relaxed.cif,False,False,,,,False,False,,,,,,
matinvent_style_target12_eval24_topk025_from_loop0020,branch_a,0007,online_evaluation,gen_39,data/structures/reward_guided/branch_a/0007/generated/gen_39.cif,True,data/structures/reward_guided/branch_a/0007/relaxed/gen_39_relaxed.cif,False,False,,,,False,False,,,,,,
matinvent_style_target12_eval24_topk025_from_loop0020,branch_a,0007,online_evaluation,gen_4,data/structures/reward_guided/branch_a/0007/generated/gen_4.cif,True,data/structures/reward_guided/branch_a/0007/relaxed/gen_4_relaxed.cif,False,False,,,,False,False,,,,,,
matinvent_style_target12_eval24_topk025_from_loop0020,branch_a,0007,online_evaluation,gen_40,data/structures/reward_guided/branch_a/0007/generated/gen_40.cif,True,data/structures/reward_guided/branch_a/0007/relaxed/gen_40_relaxed.cif,False,False,,,,False,False,,,,,,
matinvent_style_target12_eval24_topk025_from_loop0020,branch_a,0007,online_evaluation,gen_41,data/structures/reward_guided/branch_a/0007/generated/gen_41.cif,True,data/structures/reward_guided/branch_a/0007/relaxed/gen_41_relaxed.cif,False,False,,,,False,False,,,,,,
matinvent_style_target12_eval24_topk025_from_loop0020,branch_a,0007,online_evaluation,gen_42,data/structures/reward_guided/branch_a/0007/generated/gen_42.cif,True,data/structures/reward_guided/branch_a/0007/relaxed/gen_42_relaxed.cif,True,True,12.257853826104244,0.99172336,,True,False,,True,True,True,,
matinvent_style_target12_eval24_topk025_from_loop0020,branch_a,0007,online_evaluation,gen_43,data/structures/reward_guided/branch_a/0007/generated/gen_43.cif,True,data/structures/reward_guided/branch_a/0007/relaxed/gen_43_relaxed.cif,False,False,,,,False,False,,,,,,
matinvent_style_target12_eval24_topk025_from_loop0020,branch_a,0007,online_evaluation,gen_44,data/structures/reward_guided/branch_a/0007/generated/gen_44.cif,True,data/structures/reward_guided/branch_a/0007/relaxed/gen_44_relaxed.cif,False,False,,,,False,False,,,,,,
matinvent_style_target12_eval24_topk025_from_loop0020,branch_a,0007,online_evaluation,gen_45,data/structures/reward_guided/branch_a/0007/generated/gen_45.cif,True,data/structures/reward_guided/branch_a/0007/relaxed/gen_45_relaxed.cif,False,False,,,,False,False,,,,,,
matinvent_style_target12_eval24_topk025_from_loop0020,branch_a,0007,online_evaluation,gen_46,data/structures/reward_guided/branch_a/0007/generated/gen_46.cif,True,data/structures/reward_guided/branch_a/0007/relaxed/gen_46_relaxed.cif,True,True,12.02503975236812,0.9999216,,True,False,,True,True,True,,
matinvent_style_target12_eval24_topk025_from_loop0020,branch_a,0007,online_evaluation,gen_47,data/structures/reward_guided/branch_a/0007/generated/gen_47.cif,True,data/structures/reward_guided/branch_a/0007/relaxed/gen_47_relaxed.cif,False,False,,,,False,False,,,,,,
matinvent_style_target12_eval24_topk025_from_loop0020,branch_a,0007,online_evaluation,gen_48,data/structures/reward_guided/branch_a/0007/generated/gen_48.cif,True,data/structures/reward_guided/branch_a/0007/relaxed/gen_48_relaxed.cif,False,False,,,,False,False,,,,,,
matinvent_style_target12_eval24_topk025_from_loop0020,branch_a,0007,online_evaluation,gen_49,data/structures/reward_guided/branch_a/0007/generated/gen_49.cif,True,data/structures/reward_guided/branch_a/0007/relaxed/gen_49_relaxed.cif,False,False,,,,False,False,,,,,,
matinvent_style_target12_eval24_topk025_from_loop0020,branch_a,0007,online_evaluation,gen_5,data/structures/reward_guided/branch_a/0007/generated/gen_5.cif,True,data/structures/reward_guided/branch_a/0007/relaxed/gen_5_relaxed.cif,False,False,,,,False,False,,,,,,
matinvent_style_target12_eval24_topk025_from_loop0020,branch_a,0007,online_evaluation,gen_50,data/structures/reward_guided/branch_a/0007/generated/gen_50.cif,True,data/structures/reward_guided/branch_a/0007/relaxed/gen_50_relaxed.cif,False,False,,,,False,False,,,,,,
matinvent_style_target12_eval24_topk025_from_loop0020,branch_a,0007,online_evaluation,gen_51,data/structures/reward_guided/branch_a/0007/generated/gen_51.cif,True,data/structures/reward_guided/branch_a/0007/relaxed/gen_51_relaxed.cif,False,False,,,,False,False,,,,,,
matinvent_style_target12_eval24_topk025_from_loop0020,branch_a,0007,online_evaluation,gen_52,data/structures/reward_guided/branch_a/0007/generated/gen_52.cif,True,data/structures/reward_guided/branch_a/0007/relaxed/gen_52_relaxed.cif,False,False,,,,False,False,,,,,,
matinvent_style_target12_eval24_topk025_from_loop0020,branch_a,0007,online_evaluation,gen_53,data/structures/reward_guided/branch_a/0007/generated/gen_53.cif,True,data/structures/reward_guided/branch_a/0007/relaxed/gen_53_relaxed.cif,True,True,11.116246420931466,0.90698665,,True,False,,True,True,True,,
matinvent_style_target12_eval24_topk025_from_loop0020,branch_a,0007,online_evaluation,gen_54,data/structures/reward_guided/branch_a/0007/generated/gen_54.cif,True,data/structures/reward_guided/branch_a/0007/relaxed/gen_54_relaxed.cif,False,False,,,,False,False,,,,,,
matinvent_style_target12_eval24_topk025_from_loop0020,branch_a,0007,online_evaluation,gen_55,data/structures/reward_guided/branch_a/0007/generated/gen_55.cif,True,data/structures/reward_guided/branch_a/0007/relaxed/gen_55_relaxed.cif,False,False,,,,False,False,,,,,,
matinvent_style_target12_eval24_topk025_from_loop0020,branch_a,0007,online_evaluation,gen_56,data/structures/reward_guided/branch_a/0007/generated/gen_56.cif,True,data/structures/reward_guided/branch_a/0007/relaxed/gen_56_relaxed.cif,False,False,,,,False,False,,,,,,
matinvent_style_target12_eval24_topk025_from_loop0020,branch_a,0007,online_evaluation,gen_57,data/structures/reward_guided/branch_a/0007/generated/gen_57.cif,True,data/structures/reward_guided/branch_a/0007/relaxed/gen_57_relaxed.cif,True,True,2.349774741161007,8.799146e-06,,False,False,,True,True,True,,
matinvent_style_target12_eval24_topk025_from_loop0020,branch_a,0007,online_evaluation,gen_58,data/structures/reward_guided/branch_a/0007/generated/gen_58.cif,True,data/structures/reward_guided/branch_a/0007/relaxed/gen_58_relaxed.cif,False,False,,,,False,False,,,,,,
matinvent_style_target12_eval24_topk025_from_loop0020,branch_a,0007,online_evaluation,gen_59,data/structures/reward_guided/branch_a/0007/generated/gen_59.cif,True,data/structures/reward_guided/branch_a/0007/relaxed/gen_59_relaxed.cif,False,False,,,,False,False,,,,,,
matinvent_style_target12_eval24_topk025_from_loop0020,branch_a,0007,online_evaluation,gen_6,data/structures/reward_guided/branch_a/0007/generated/gen_6.cif,True,data/structures/reward_guided/branch_a/0007/relaxed/gen_6_relaxed.cif,False,False,,,,False,False,,,,,,
matinvent_style_target12_eval24_topk025_from_loop0020,branch_a,0007,online_evaluation,gen_60,data/structures/reward_guided/branch_a/0007/generated/gen_60.cif,True,data/structures/reward_guided/branch_a/0007/relaxed/gen_60_relaxed.cif,False,False,,,,False,False,,,,,,
matinvent_style_target12_eval24_topk025_from_loop0020,branch_a,0007,online_evaluation,gen_61,data/structures/reward_guided/branch_a/0007/generated/gen_61.cif,True,data/structures/reward_guided/branch_a/0007/relaxed/gen_61_relaxed.cif,False,False,,,,False,False,,,,,,
matinvent_style_target12_eval24_topk025_from_loop0020,branch_a,0007,online_evaluation,gen_62,data/structures/reward_guided/branch_a/0007/generated/gen_62.cif,True,data/structures/reward_guided/branch_a/0007/relaxed/gen_62_relaxed.cif,True,True,14.812747088024006,0.37196955,,False,False,,True,True,True,,
matinvent_style_target12_eval24_topk025_from_loop0020,branch_a,0007,online_evaluation,gen_63,data/structures/reward_guided/branch_a/0007/generated/gen_63.cif,True,data/structures/reward_guided/branch_a/0007/relaxed/gen_63_relaxed.cif,True,True,10.248361809258297,0.6814519,,False,False,,True,True,True,,
matinvent_style_target12_eval24_topk025_from_loop0020,branch_a,0007,online_evaluation,gen_7,data/structures/reward_guided/branch_a/0007/generated/gen_7.cif,True,data/structures/reward_guided/branch_a/0007/relaxed/gen_7_relaxed.cif,True,True,11.037570291043345,0.8906677,,True,False,,True,True,True,,
matinvent_style_target12_eval24_topk025_from_loop0020,branch_a,0007,online_evaluation,gen_8,data/structures/reward_guided/branch_a/0007/generated/gen_8.cif,True,data/structures/reward_guided/branch_a/0007/relaxed/gen_8_relaxed.cif,False,False,,,,False,False,,,,,,
matinvent_style_target12_eval24_topk025_from_loop0020,branch_a,0007,online_evaluation,gen_9,data/structures/reward_guided/branch_a/0007/generated/gen_9.cif,True,data/structures/reward_guided/branch_a/0007/relaxed/gen_9_relaxed.cif,True,True,10.31274737867429,0.7005758,,True,False,,True,True,True,,
matinvent_style_target12_eval24_topk025_from_loop0020,branch_a,0008,online_evaluation,gen_0,data/structures/reward_guided/branch_a/0008/generated/gen_0.cif,True,data/structures/reward_guided/branch_a/0008/relaxed/gen_0_relaxed.cif,False,False,,,,False,False,,,,,,
matinvent_style_target12_eval24_topk025_from_loop0020,branch_a,0008,online_evaluation,gen_1,data/structures/reward_guided/branch_a/0008/generated/gen_1.cif,True,data/structures/reward_guided/branch_a/0008/relaxed/gen_1_relaxed.cif,False,False,,,,False,False,,,,,,
matinvent_style_target12_eval24_topk025_from_loop0020,branch_a,0008,online_evaluation,gen_10,data/structures/reward_guided/branch_a/0008/generated/gen_10.cif,True,data/structures/reward_guided/branch_a/0008/relaxed/gen_10_relaxed.cif,False,False,,,,False,False,,,,,,
matinvent_style_target12_eval24_topk025_from_loop0020,branch_a,0008,online_evaluation,gen_11,data/structures/reward_guided/branch_a/0008/generated/gen_11.cif,True,data/structures/reward_guided/branch_a/0008/relaxed/gen_11_relaxed.cif,False,False,,,,False,False,,,,,,
matinvent_style_target12_eval24_topk025_from_loop0020,branch_a,0008,online_evaluation,gen_12,data/structures/reward_guided/branch_a/0008/generated/gen_12.cif,True,data/structures/reward_guided/branch_a/0008/relaxed/gen_12_relaxed.cif,False,False,,,,False,False,,,,,,
matinvent_style_target12_eval24_topk025_from_loop0020,branch_a,0008,online_evaluation,gen_13,data/structures/reward_guided/branch_a/0008/generated/gen_13.cif,,,False,False,,,,False,False,,,,,,invalid_raw_structure
matinvent_style_target12_eval24_topk025_from_loop0020,branch_a,0008,online_evaluation,gen_14,data/structures/reward_guided/branch_a/0008/generated/gen_14.cif,True,data/structures/reward_guided/branch_a/0008/relaxed/gen_14_relaxed.cif,True,True,10.879293249017737,0.8547058,,True,False,,True,True,True,,
matinvent_style_target12_eval24_topk025_from_loop0020,branch_a,0008,online_evaluation,gen_15,data/structures/reward_guided/branch_a/0008/generated/gen_15.cif,True,data/structures/reward_guided/branch_a/0008/relaxed/gen_15_relaxed.cif,False,False,,,,False,False,,,,,,
matinvent_style_target12_eval24_topk025_from_loop0020,branch_a,0008,online_evaluation,gen_16,data/structures/reward_guided/branch_a/0008/generated/gen_16.cif,True,data/structures/reward_guided/branch_a/0008/relaxed/gen_16_relaxed.cif,False,False,,,,False,False,,,,,,
matinvent_style_target12_eval24_topk025_from_loop0020,branch_a,0008,online_evaluation,gen_17,data/structures/reward_guided/branch_a/0008/generated/gen_17.cif,True,data/structures/reward_guided/branch_a/0008/relaxed/gen_17_relaxed.cif,False,False,,,,False,False,,,,,,
matinvent_style_target12_eval24_topk025_from_loop0020,branch_a,0008,online_evaluation,gen_18,data/structures/reward_guided/branch_a/0008/generated/gen_18.cif,True,data/structures/reward_guided/branch_a/0008/relaxed/gen_18_relaxed.cif,False,False,,,,False,False,,,,,,
matinvent_style_target12_eval24_topk025_from_loop0020,branch_a,0008,online_evaluation,gen_19,data/structures/reward_guided/branch_a/0008/generated/gen_19.cif,True,data/structures/reward_guided/branch_a/0008/relaxed/gen_19_relaxed.cif,False,False,,,,False,False,,,,,,
matinvent_style_target12_eval24_topk025_from_loop0020,branch_a,0008,online_evaluation,gen_2,data/structures/reward_guided/branch_a/0008/generated/gen_2.cif,True,data/structures/reward_guided/branch_a/0008/relaxed/gen_2_relaxed.cif,False,False,,,,False,False,,,,,,
matinvent_style_target12_eval24_topk025_from_loop0020,branch_a,0008,online_evaluation,gen_20,data/structures/reward_guided/branch_a/0008/generated/gen_20.cif,True,data/structures/reward_guided/branch_a/0008/relaxed/gen_20_relaxed.cif,True,True,16.624108059130545,0.069058806,,False,False,,True,True,True,,
matinvent_style_target12_eval24_topk025_from_loop0020,branch_a,0008,online_evaluation,gen_21,data/structures/reward_guided/branch_a/0008/generated/gen_21.cif,True,data/structures/reward_guided/branch_a/0008/relaxed/gen_21_relaxed.cif,False,False,,,,False,False,,,,,,
matinvent_style_target12_eval24_topk025_from_loop0020,branch_a,0008,online_evaluation,gen_22,data/structures/reward_guided/branch_a/0008/generated/gen_22.cif,,,False,False,,,,False,False,,,,,,invalid_raw_structure
matinvent_style_target12_eval24_topk025_from_loop0020,branch_a,0008,online_evaluation,gen_23,data/structures/reward_guided/branch_a/0008/generated/gen_23.cif,True,data/structures/reward_guided/branch_a/0008/relaxed/gen_23_relaxed.cif,False,False,,,,False,False,,,,,,
matinvent_style_target12_eval24_topk025_from_loop0020,branch_a,0008,online_evaluation,gen_24,data/structures/reward_guided/branch_a/0008/generated/gen_24.cif,True,data/structures/reward_guided/branch_a/0008/relaxed/gen_24_relaxed.cif,False,False,,,,False,False,,,,,,
matinvent_style_target12_eval24_topk025_from_loop0020,branch_a,0008,online_evaluation,gen_25,data/structures/reward_guided/branch_a/0008/generated/gen_25.cif,True,data/structures/reward_guided/branch_a/0008/relaxed/gen_25_relaxed.cif,True,True,13.176702929969784,0.8410714,,True,False,,True,True,True,,
matinvent_style_target12_eval24_topk025_from_loop0020,branch_a,0008,online_evaluation,gen_26,data/structures/reward_guided/branch_a/0008/generated/gen_26.cif,True,data/structures/reward_guided/branch_a/0008/relaxed/gen_26_relaxed.cif,False,False,,,,False,False,,,,,,
matinvent_style_target12_eval24_topk025_from_loop0020,branch_a,0008,online_evaluation,gen_27,data/structures/reward_guided/branch_a/0008/generated/gen_27.cif,True,data/structures/reward_guided/branch_a/0008/relaxed/gen_27_relaxed.cif,True,True,19.867865238487795,0.00043598056,,False,False,,True,True,True,,
matinvent_style_target12_eval24_topk025_from_loop0020,branch_a,0008,online_evaluation,gen_28,data/structures/reward_guided/branch_a/0008/generated/gen_28.cif,True,data/structures/reward_guided/branch_a/0008/relaxed/gen_28_relaxed.cif,False,False,,,,False,False,,,,,,
matinvent_style_target12_eval24_topk025_from_loop0020,branch_a,0008,online_evaluation,gen_29,data/structures/reward_guided/branch_a/0008/generated/gen_29.cif,True,data/structures/reward_guided/branch_a/0008/relaxed/gen_29_relaxed.cif,False,False,,,,False,False,,,,,,
matinvent_style_target12_eval24_topk025_from_loop0020,branch_a,0008,online_evaluation,gen_3,data/structures/reward_guided/branch_a/0008/generated/gen_3.cif,True,data/structures/reward_guided/branch_a/0008/relaxed/gen_3_relaxed.cif,False,False,,,,False,False,,,,,,
matinvent_style_target12_eval24_topk025_from_loop0020,branch_a,0008,online_evaluation,gen_30,data/structures/reward_guided/branch_a/0008/generated/gen_30.cif,True,data/structures/reward_guided/branch_a/0008/relaxed/gen_30_relaxed.cif,False,False,,,,False,False,,,,,,
matinvent_style_target12_eval24_topk025_from_loop0020,branch_a,0008,online_evaluation,gen_31,data/structures/reward_guided/branch_a/0008/generated/gen_31.cif,True,data/structures/reward_guided/branch_a/0008/relaxed/gen_31_relaxed.cif,False,False,,,,False,False,,,,,,
matinvent_style_target12_eval24_topk025_from_loop0020,branch_a,0008,online_evaluation,gen_32,data/structures/reward_guided/branch_a/0008/generated/gen_32.cif,True,data/structures/reward_guided/branch_a/0008/relaxed/gen_32_relaxed.cif,False,False,,,,False,False,,,,,,
matinvent_style_target12_eval24_topk025_from_loop0020,branch_a,0008,online_evaluation,gen_33,data/structures/reward_guided/branch_a/0008/generated/gen_33.cif,,,False,False,,,,False,False,,,,,,invalid_raw_structure
matinvent_style_target12_eval24_topk025_from_loop0020,branch_a,0008,online_evaluation,gen_34,data/structures/reward_guided/branch_a/0008/generated/gen_34.cif,True,data/structures/reward_guided/branch_a/0008/relaxed/gen_34_relaxed.cif,False,False,,,,False,False,,,,,,
matinvent_style_target12_eval24_topk025_from_loop0020,branch_a,0008,online_evaluation,gen_35,data/structures/reward_guided/branch_a/0008/generated/gen_35.cif,True,data/structures/reward_guided/branch_a/0008/relaxed/gen_35_relaxed.cif,False,False,,,,False,False,,,,,,
matinvent_style_target12_eval24_topk025_from_loop0020,branch_a,0008,online_evaluation,gen_36,data/structures/reward_guided/branch_a/0008/generated/gen_36.cif,True,data/structures/reward_guided/branch_a/0008/relaxed/gen_36_relaxed.cif,False,False,,,,False,False,,,,,,
matinvent_style_target12_eval24_topk025_from_loop0020,branch_a,0008,online_evaluation,gen_37,data/structures/reward_guided/branch_a/0008/generated/gen_37.cif,True,data/structures/reward_guided/branch_a/0008/relaxed/gen_37_relaxed.cif,True,True,17.161709189847315,0.035778604,,False,False,,True,True,True,,
matinvent_style_target12_eval24_topk025_from_loop0020,branch_a,0008,online_evaluation,gen_38,data/structures/reward_guided/branch_a/0008/generated/gen_38.cif,True,data/structures/reward_guided/branch_a/0008/relaxed/gen_38_relaxed.cif,False,False,,,,False,False,,,,,,
matinvent_style_target12_eval24_topk025_from_loop0020,branch_a,0008,online_evaluation,gen_39,data/structures/reward_guided/branch_a/0008/generated/gen_39.cif,True,data/structures/reward_guided/branch_a/0008/relaxed/gen_39_relaxed.cif,True,True,17.169312890372016,0.035429005,,False,False,,True,True,True,,
matinvent_style_target12_eval24_topk025_from_loop0020,branch_a,0008,online_evaluation,gen_4,data/structures/reward_guided/branch_a/0008/generated/gen_4.cif,True,data/structures/reward_guided/branch_a/0008/relaxed/gen_4_relaxed.cif,False,False,,,,False,False,,,,,,
matinvent_style_target12_eval24_topk025_from_loop0020,branch_a,0008,online_evaluation,gen_40,data/structures/reward_guided/branch_a/0008/generated/gen_40.cif,True,data/structures/reward_guided/branch_a/0008/relaxed/gen_40_relaxed.cif,True,True,30.1588091855907,1.2570124e-18,,False,False,,True,True,True,,
matinvent_style_target12_eval24_topk025_from_loop0020,branch_a,0008,online_evaluation,gen_41,data/structures/reward_guided/branch_a/0008/generated/gen_41.cif,True,data/structures/reward_guided/branch_a/0008/relaxed/gen_41_relaxed.cif,False,False,,,,False,False,,,,,,
matinvent_style_target12_eval24_topk025_from_loop0020,branch_a,0008,online_evaluation,gen_42,data/structures/reward_guided/branch_a/0008/generated/gen_42.cif,,,False,False,,,,False,False,,,,,,invalid_raw_structure
matinvent_style_target12_eval24_topk025_from_loop0020,branch_a,0008,online_evaluation,gen_43,data/structures/reward_guided/branch_a/0008/generated/gen_43.cif,True,data/structures/reward_guided/branch_a/0008/relaxed/gen_43_relaxed.cif,False,False,,,,False,False,,,,,,
matinvent_style_target12_eval24_topk025_from_loop0020,branch_a,0008,online_evaluation,gen_44,data/structures/reward_guided/branch_a/0008/generated/gen_44.cif,True,data/structures/reward_guided/branch_a/0008/relaxed/gen_44_relaxed.cif,False,False,,,,False,False,,,,,,
matinvent_style_target12_eval24_topk025_from_loop0020,branch_a,0008,online_evaluation,gen_45,data/structures/reward_guided/branch_a/0008/generated/gen_45.cif,True,data/structures/reward_guided/branch_a/0008/relaxed/gen_45_relaxed.cif,False,False,,,,False,False,,,,,,
matinvent_style_target12_eval24_topk025_from_loop0020,branch_a,0008,online_evaluation,gen_46,data/structures/reward_guided/branch_a/0008/generated/gen_46.cif,True,data/structures/reward_guided/branch_a/0008/relaxed/gen_46_relaxed.cif,False,False,,,,False,False,,,,,,
matinvent_style_target12_eval24_topk025_from_loop0020,branch_a,0008,online_evaluation,gen_47,data/structures/reward_guided/branch_a/0008/generated/gen_47.cif,True,data/structures/reward_guided/branch_a/0008/relaxed/gen_47_relaxed.cif,False,False,,,,False,False,,,,,,
matinvent_style_target12_eval24_topk025_from_loop0020,branch_a,0008,online_evaluation,gen_48,data/structures/reward_guided/branch_a/0008/generated/gen_48.cif,True,data/structures/reward_guided/branch_a/0008/relaxed/gen_48_relaxed.cif,True,True,12.426002957273123,0.97757053,,True,False,,True,True,True,,
matinvent_style_target12_eval24_topk025_from_loop0020,branch_a,0008,online_evaluation,gen_49,data/structures/reward_guided/branch_a/0008/generated/gen_49.cif,True,data/structures/reward_guided/branch_a/0008/relaxed/gen_49_relaxed.cif,False,False,,,,False,False,,,,,,
matinvent_style_target12_eval24_topk025_from_loop0020,branch_a,0008,online_evaluation,gen_5,data/structures/reward_guided/branch_a/0008/generated/gen_5.cif,True,data/structures/reward_guided/branch_a/0008/relaxed/gen_5_relaxed.cif,False,False,,,,False,False,,,,,,
matinvent_style_target12_eval24_topk025_from_loop0020,branch_a,0008,online_evaluation,gen_50,data/structures/reward_guided/branch_a/0008/generated/gen_50.cif,True,data/structures/reward_guided/branch_a/0008/relaxed/gen_50_relaxed.cif,False,False,,,,False,False,,,,,,
matinvent_style_target12_eval24_topk025_from_loop0020,branch_a,0008,online_evaluation,gen_51,data/structures/reward_guided/branch_a/0008/generated/gen_51.cif,True,data/structures/reward_guided/branch_a/0008/relaxed/gen_51_relaxed.cif,True,True,12.709022104713112,0.9390946,,True,False,,True,True,True,,
matinvent_style_target12_eval24_topk025_from_loop0020,branch_a,0008,online_evaluation,gen_52,data/structures/reward_guided/branch_a/0008/generated/gen_52.cif,True,data/structures/reward_guided/branch_a/0008/relaxed/gen_52_relaxed.cif,False,False,,,,False,False,,,,,,
matinvent_style_target12_eval24_topk025_from_loop0020,branch_a,0008,online_evaluation,gen_53,data/structures/reward_guided/branch_a/0008/generated/gen_53.cif,True,data/structures/reward_guided/branch_a/0008/relaxed/gen_53_relaxed.cif,True,True,13.72042731229021,0.69074553,,False,False,,True,True,True,,
matinvent_style_target12_eval24_topk025_from_loop0020,branch_a,0008,online_evaluation,gen_54,data/structures/reward_guided/branch_a/0008/generated/gen_54.cif,True,data/structures/reward_guided/branch_a/0008/relaxed/gen_54_relaxed.cif,False,False,,,,False,False,,,,,,
matinvent_style_target12_eval24_topk025_from_loop0020,branch_a,0008,online_evaluation,gen_55,data/structures/reward_guided/branch_a/0008/generated/gen_55.cif,True,data/structures/reward_guided/branch_a/0008/relaxed/gen_55_relaxed.cif,False,False,,,,False,False,,,,,,
matinvent_style_target12_eval24_topk025_from_loop0020,branch_a,0008,online_evaluation,gen_56,data/structures/reward_guided/branch_a/0008/generated/gen_56.cif,True,data/structures/reward_guided/branch_a/0008/relaxed/gen_56_relaxed.cif,True,True,2.3618473221910734,9.059031e-06,,False,False,,True,True,True,,
matinvent_style_target12_eval24_topk025_from_loop0020,branch_a,0008,online_evaluation,gen_57,data/structures/reward_guided/branch_a/0008/generated/gen_57.cif,True,data/structures/reward_guided/branch_a/0008/relaxed/gen_57_relaxed.cif,False,False,,,,False,False,,,,,,
matinvent_style_target12_eval24_topk025_from_loop0020,branch_a,0008,online_evaluation,gen_58,data/structures/reward_guided/branch_a/0008/generated/gen_58.cif,True,data/structures/reward_guided/branch_a/0008/relaxed/gen_58_relaxed.cif,False,False,,,,False,False,,,,,,
matinvent_style_target12_eval24_topk025_from_loop0020,branch_a,0008,online_evaluation,gen_59,data/structures/reward_guided/branch_a/0008/generated/gen_59.cif,True,data/structures/reward_guided/branch_a/0008/relaxed/gen_59_relaxed.cif,False,False,,,,False,False,,,,,,
matinvent_style_target12_eval24_topk025_from_loop0020,branch_a,0008,online_evaluation,gen_6,data/structures/reward_guided/branch_a/0008/generated/gen_6.cif,True,data/structures/reward_guided/branch_a/0008/relaxed/gen_6_relaxed.cif,False,False,,,,False,False,,,,,,
matinvent_style_target12_eval24_topk025_from_loop0020,branch_a,0008,online_evaluation,gen_60,data/structures/reward_guided/branch_a/0008/generated/gen_60.cif,True,data/structures/reward_guided/branch_a/0008/relaxed/gen_60_relaxed.cif,True,True,11.440904931767912,0.9616801,,True,False,,True,True,True,,
matinvent_style_target12_eval24_topk025_from_loop0020,branch_a,0008,online_evaluation,gen_61,data/structures/reward_guided/branch_a/0008/generated/gen_61.cif,True,data/structures/reward_guided/branch_a/0008/relaxed/gen_61_relaxed.cif,False,False,,,,False,False,,,,,,
matinvent_style_target12_eval24_topk025_from_loop0020,branch_a,0008,online_evaluation,gen_62,data/structures/reward_guided/branch_a/0008/generated/gen_62.cif,True,data/structures/reward_guided/branch_a/0008/relaxed/gen_62_relaxed.cif,True,True,23.54667793015857,5.7832125e-08,,False,False,,True,True,True,,
matinvent_style_target12_eval24_topk025_from_loop0020,branch_a,0008,online_evaluation,gen_63,data/structures/reward_guided/branch_a/0008/generated/gen_63.cif,True,data/structures/reward_guided/branch_a/0008/relaxed/gen_63_relaxed.cif,False,False,,,,False,False,,,,,,
matinvent_style_target12_eval24_topk025_from_loop0020,branch_a,0008,online_evaluation,gen_7,data/structures/reward_guided/branch_a/0008/generated/gen_7.cif,True,data/structures/reward_guided/branch_a/0008/relaxed/gen_7_relaxed.cif,False,False,,,,False,False,,,,,,
matinvent_style_target12_eval24_topk025_from_loop0020,branch_a,0008,online_evaluation,gen_8,data/structures/reward_guided/branch_a/0008/generated/gen_8.cif,True,data/structures/reward_guided/branch_a/0008/relaxed/gen_8_relaxed.cif,True,True,13.563311843288806,0.7367601,,True,False,,True,True,True,,
matinvent_style_target12_eval24_topk025_from_loop0020,branch_a,0008,online_evaluation,gen_9,data/structures/reward_guided/branch_a/0008/generated/gen_9.cif,True,data/structures/reward_guided/branch_a/0008/relaxed/gen_9_relaxed.cif,False,False,,,,False,False,,,,,,
matinvent_style_target12_eval24_topk025_from_loop0020,branch_a,0009,online_evaluation,gen_0,data/structures/reward_guided/branch_a/0009/generated/gen_0.cif,True,data/structures/reward_guided/branch_a/0009/relaxed/gen_0_relaxed.cif,False,False,,,,False,False,,,,,,
matinvent_style_target12_eval24_topk025_from_loop0020,branch_a,0009,online_evaluation,gen_1,data/structures/reward_guided/branch_a/0009/generated/gen_1.cif,True,data/structures/reward_guided/branch_a/0009/relaxed/gen_1_relaxed.cif,True,True,8.529750689597217,0.22194432,,False,False,,True,True,True,,
matinvent_style_target12_eval24_topk025_from_loop0020,branch_a,0009,online_evaluation,gen_10,data/structures/reward_guided/branch_a/0009/generated/gen_10.cif,True,data/structures/reward_guided/branch_a/0009/relaxed/gen_10_relaxed.cif,False,False,,,,False,False,,,,,,
matinvent_style_target12_eval24_topk025_from_loop0020,branch_a,0009,online_evaluation,gen_11,data/structures/reward_guided/branch_a/0009/generated/gen_11.cif,True,data/structures/reward_guided/branch_a/0009/relaxed/gen_11_relaxed.cif,True,True,14.905230842147118,0.34817648,,False,False,,True,True,True,,
matinvent_style_target12_eval24_topk025_from_loop0020,branch_a,0009,online_evaluation,gen_12,data/structures/reward_guided/branch_a/0009/generated/gen_12.cif,True,data/structures/reward_guided/branch_a/0009/relaxed/gen_12_relaxed.cif,True,True,8.559466189568758,0.2277153,,False,False,,True,True,True,,
matinvent_style_target12_eval24_topk025_from_loop0020,branch_a,0009,online_evaluation,gen_13,data/structures/reward_guided/branch_a/0009/generated/gen_13.cif,True,data/structures/reward_guided/branch_a/0009/relaxed/gen_13_relaxed.cif,True,True,18.85763867618787,0.0027992576,,False,False,,True,True,True,,
matinvent_style_target12_eval24_topk025_from_loop0020,branch_a,0009,online_evaluation,gen_14,data/structures/reward_guided/branch_a/0009/generated/gen_14.cif,True,data/structures/reward_guided/branch_a/0009/relaxed/gen_14_relaxed.cif,False,False,,,,False,False,,,,,,
matinvent_style_target12_eval24_topk025_from_loop0020,branch_a,0009,online_evaluation,gen_15,data/structures/reward_guided/branch_a/0009/generated/gen_15.cif,,,False,False,,,,False,False,,,,,,invalid_raw_structure
matinvent_style_target12_eval24_topk025_from_loop0020,branch_a,0009,online_evaluation,gen_16,data/structures/reward_guided/branch_a/0009/generated/gen_16.cif,True,data/structures/reward_guided/branch_a/0009/relaxed/gen_16_relaxed.cif,False,False,,,,False,False,,,,,,
matinvent_style_target12_eval24_topk025_from_loop0020,branch_a,0009,online_evaluation,gen_17,data/structures/reward_guided/branch_a/0009/generated/gen_17.cif,True,data/structures/reward_guided/branch_a/0009/relaxed/gen_17_relaxed.cif,False,False,,,,False,False,,,,,,
matinvent_style_target12_eval24_topk025_from_loop0020,branch_a,0009,online_evaluation,gen_18,data/structures/reward_guided/branch_a/0009/generated/gen_18.cif,True,data/structures/reward_guided/branch_a/0009/relaxed/gen_18_relaxed.cif,False,False,,,,False,False,,,,,,
matinvent_style_target12_eval24_topk025_from_loop0020,branch_a,0009,online_evaluation,gen_19,data/structures/reward_guided/branch_a/0009/generated/gen_19.cif,True,data/structures/reward_guided/branch_a/0009/relaxed/gen_19_relaxed.cif,False,False,,,,False,False,,,,,,
matinvent_style_target12_eval24_topk025_from_loop0020,branch_a,0009,online_evaluation,gen_2,data/structures/reward_guided/branch_a/0009/generated/gen_2.cif,True,data/structures/reward_guided/branch_a/0009/relaxed/gen_2_relaxed.cif,False,False,,,,False,False,,,,,,
matinvent_style_target12_eval24_topk025_from_loop0020,branch_a,0009,online_evaluation,gen_20,data/structures/reward_guided/branch_a/0009/generated/gen_20.cif,True,data/structures/reward_guided/branch_a/0009/relaxed/gen_20_relaxed.cif,False,False,,,,False,False,,,,,,
matinvent_style_target12_eval24_topk025_from_loop0020,branch_a,0009,online_evaluation,gen_21,data/structures/reward_guided/branch_a/0009/generated/gen_21.cif,True,data/structures/reward_guided/branch_a/0009/relaxed/gen_21_relaxed.cif,True,True,13.261230833313585,0.8196828,,False,False,,True,True,True,,
matinvent_style_target12_eval24_topk025_from_loop0020,branch_a,0009,online_evaluation,gen_22,data/structures/reward_guided/branch_a/0009/generated/gen_22.cif,True,data/structures/reward_guided/branch_a/0009/relaxed/gen_22_relaxed.cif,False,False,,,,False,False,,,,,,
matinvent_style_target12_eval24_topk025_from_loop0020,branch_a,0009,online_evaluation,gen_23,data/structures/reward_guided/branch_a/0009/generated/gen_23.cif,True,data/structures/reward_guided/branch_a/0009/relaxed/gen_23_relaxed.cif,False,False,,,,False,False,,,,,,
matinvent_style_target12_eval24_topk025_from_loop0020,branch_a,0009,online_evaluation,gen_24,data/structures/reward_guided/branch_a/0009/generated/gen_24.cif,True,data/structures/reward_guided/branch_a/0009/relaxed/gen_24_relaxed.cif,False,False,,,,False,False,,,,,,
matinvent_style_target12_eval24_topk025_from_loop0020,branch_a,0009,online_evaluation,gen_25,data/structures/reward_guided/branch_a/0009/generated/gen_25.cif,True,data/structures/reward_guided/branch_a/0009/relaxed/gen_25_relaxed.cif,False,False,,,,False,False,,,,,,
matinvent_style_target12_eval24_topk025_from_loop0020,branch_a,0009,online_evaluation,gen_26,data/structures/reward_guided/branch_a/0009/generated/gen_26.cif,True,data/structures/reward_guided/branch_a/0009/relaxed/gen_26_relaxed.cif,False,False,,,,False,False,,,,,,
matinvent_style_target12_eval24_topk025_from_loop0020,branch_a,0009,online_evaluation,gen_27,data/structures/reward_guided/branch_a/0009/generated/gen_27.cif,True,data/structures/reward_guided/branch_a/0009/relaxed/gen_27_relaxed.cif,True,True,12.889356312428568,0.9058611,,True,False,,True,True,True,,
matinvent_style_target12_eval24_topk025_from_loop0020,branch_a,0009,online_evaluation,gen_28,data/structures/reward_guided/branch_a/0009/generated/gen_28.cif,,,False,False,,,,False,False,,,,,,invalid_raw_structure
matinvent_style_target12_eval24_topk025_from_loop0020,branch_a,0009,online_evaluation,gen_29,data/structures/reward_guided/branch_a/0009/generated/gen_29.cif,True,data/structures/reward_guided/branch_a/0009/relaxed/gen_29_relaxed.cif,False,False,,,,False,False,,,,,,
matinvent_style_target12_eval24_topk025_from_loop0020,branch_a,0009,online_evaluation,gen_3,data/structures/reward_guided/branch_a/0009/generated/gen_3.cif,True,data/structures/reward_guided/branch_a/0009/relaxed/gen_3_relaxed.cif,False,False,,,,False,False,,,,,,
matinvent_style_target12_eval24_topk025_from_loop0020,branch_a,0009,online_evaluation,gen_30,data/structures/reward_guided/branch_a/0009/generated/gen_30.cif,True,data/structures/reward_guided/branch_a/0009/relaxed/gen_30_relaxed.cif,False,False,,,,False,False,,,,,,
matinvent_style_target12_eval24_topk025_from_loop0020,branch_a,0009,online_evaluation,gen_31,data/structures/reward_guided/branch_a/0009/generated/gen_31.cif,True,data/structures/reward_guided/branch_a/0009/relaxed/gen_31_relaxed.cif,False,False,,,,False,False,,,,,,
matinvent_style_target12_eval24_topk025_from_loop0020,branch_a,0009,online_evaluation,gen_32,data/structures/reward_guided/branch_a/0009/generated/gen_32.cif,True,data/structures/reward_guided/branch_a/0009/relaxed/gen_32_relaxed.cif,True,True,10.885131488891636,0.8561014,,True,False,,True,True,True,,
matinvent_style_target12_eval24_topk025_from_loop0020,branch_a,0009,online_evaluation,gen_33,data/structures/reward_guided/branch_a/0009/generated/gen_33.cif,True,data/structures/reward_guided/branch_a/0009/relaxed/gen_33_relaxed.cif,False,False,,,,False,False,,,,,,
matinvent_style_target12_eval24_topk025_from_loop0020,branch_a,0009,online_evaluation,gen_34,data/structures/reward_guided/branch_a/0009/generated/gen_34.cif,True,data/structures/reward_guided/branch_a/0009/relaxed/gen_34_relaxed.cif,False,False,,,,False,False,,,,,,
matinvent_style_target12_eval24_topk025_from_loop0020,branch_a,0009,online_evaluation,gen_35,data/structures/reward_guided/branch_a/0009/generated/gen_35.cif,,,False,False,,,,False,False,,,,,,invalid_raw_structure
matinvent_style_target12_eval24_topk025_from_loop0020,branch_a,0009,online_evaluation,gen_36,data/structures/reward_guided/branch_a/0009/generated/gen_36.cif,True,data/structures/reward_guided/branch_a/0009/relaxed/gen_36_relaxed.cif,False,False,,,,False,False,,,,,,
matinvent_style_target12_eval24_topk025_from_loop0020,branch_a,0009,online_evaluation,gen_37,data/structures/reward_guided/branch_a/0009/generated/gen_37.cif,,,False,False,,,,False,False,,,,,,invalid_raw_structure
matinvent_style_target12_eval24_topk025_from_loop0020,branch_a,0009,online_evaluation,gen_38,data/structures/reward_guided/branch_a/0009/generated/gen_38.cif,True,data/structures/reward_guided/branch_a/0009/relaxed/gen_38_relaxed.cif,True,True,7.4152916589699664,0.07226294,,False,False,,True,True,True,,
matinvent_style_target12_eval24_topk025_from_loop0020,branch_a,0009,online_evaluation,gen_39,data/structures/reward_guided/branch_a/0009/generated/gen_39.cif,True,data/structures/reward_guided/branch_a/0009/relaxed/gen_39_relaxed.cif,True,True,7.597258518013763,0.08865378,,False,False,,True,True,True,,
matinvent_style_target12_eval24_topk025_from_loop0020,branch_a,0009,online_evaluation,gen_4,data/structures/reward_guided/branch_a/0009/generated/gen_4.cif,True,data/structures/reward_guided/branch_a/0009/relaxed/gen_4_relaxed.cif,False,False,,,,False,False,,,,,,
matinvent_style_target12_eval24_topk025_from_loop0020,branch_a,0009,online_evaluation,gen_40,data/structures/reward_guided/branch_a/0009/generated/gen_40.cif,True,data/structures/reward_guided/branch_a/0009/relaxed/gen_40_relaxed.cif,True,True,9.46065030722842,0.4466245,,False,False,,True,True,True,,
matinvent_style_target12_eval24_topk025_from_loop0020,branch_a,0009,online_evaluation,gen_41,data/structures/reward_guided/branch_a/0009/generated/gen_41.cif,True,data/structures/reward_guided/branch_a/0009/relaxed/gen_41_relaxed.cif,False,False,,,,False,False,,,,,,
matinvent_style_target12_eval24_topk025_from_loop0020,branch_a,0009,online_evaluation,gen_42,data/structures/reward_guided/branch_a/0009/generated/gen_42.cif,True,data/structures/reward_guided/branch_a/0009/relaxed/gen_42_relaxed.cif,False,False,,,,False,False,,,,,,
matinvent_style_target12_eval24_topk025_from_loop0020,branch_a,0009,online_evaluation,gen_43,data/structures/reward_guided/branch_a/0009/generated/gen_43.cif,True,data/structures/reward_guided/branch_a/0009/relaxed/gen_43_relaxed.cif,True,True,21.26337021484457,2.1960757e-05,,False,False,,True,True,True,,
matinvent_style_target12_eval24_topk025_from_loop0020,branch_a,0009,online_evaluation,gen_44,data/structures/reward_guided/branch_a/0009/generated/gen_44.cif,True,data/structures/reward_guided/branch_a/0009/relaxed/gen_44_relaxed.cif,True,True,8.109911886424191,0.15083057,,False,False,,True,True,True,,
matinvent_style_target12_eval24_topk025_from_loop0020,branch_a,0009,online_evaluation,gen_45,data/structures/reward_guided/branch_a/0009/generated/gen_45.cif,True,data/structures/reward_guided/branch_a/0009/relaxed/gen_45_relaxed.cif,True,True,6.69499974109582,0.029662298,,False,False,,True,True,True,,
matinvent_style_target12_eval24_topk025_from_loop0020,branch_a,0009,online_evaluation,gen_46,data/structures/reward_guided/branch_a/0009/generated/gen_46.cif,True,data/structures/reward_guided/branch_a/0009/relaxed/gen_46_relaxed.cif,False,False,,,,False,False,,,,,,
matinvent_style_target12_eval24_topk025_from_loop0020,branch_a,0009,online_evaluation,gen_47,data/structures/reward_guided/branch_a/0009/generated/gen_47.cif,True,data/structures/reward_guided/branch_a/0009/relaxed/gen_47_relaxed.cif,False,False,,,,False,False,,,,,,
matinvent_style_target12_eval24_topk025_from_loop0020,branch_a,0009,online_evaluation,gen_48,data/structures/reward_guided/branch_a/0009/generated/gen_48.cif,True,data/structures/reward_guided/branch_a/0009/relaxed/gen_48_relaxed.cif,False,False,,,,False,False,,,,,,
matinvent_style_target12_eval24_topk025_from_loop0020,branch_a,0009,online_evaluation,gen_49,data/structures/reward_guided/branch_a/0009/generated/gen_49.cif,True,data/structures/reward_guided/branch_a/0009/relaxed/gen_49_relaxed.cif,True,True,13.247850441907062,0.82312983,,True,False,,True,True,True,,
matinvent_style_target12_eval24_topk025_from_loop0020,branch_a,0009,online_evaluation,gen_5,data/structures/reward_guided/branch_a/0009/generated/gen_5.cif,,,False,False,,,,False,False,,,,,,invalid_raw_structure
matinvent_style_target12_eval24_topk025_from_loop0020,branch_a,0009,online_evaluation,gen_50,data/structures/reward_guided/branch_a/0009/generated/gen_50.cif,True,data/structures/reward_guided/branch_a/0009/relaxed/gen_50_relaxed.cif,False,False,,,,False,False,,,,,,
matinvent_style_target12_eval24_topk025_from_loop0020,branch_a,0009,online_evaluation,gen_51,data/structures/reward_guided/branch_a/0009/generated/gen_51.cif,True,data/structures/reward_guided/branch_a/0009/relaxed/gen_51_relaxed.cif,False,False,,,,False,False,,,,,,
matinvent_style_target12_eval24_topk025_from_loop0020,branch_a,0009,online_evaluation,gen_52,data/structures/reward_guided/branch_a/0009/generated/gen_52.cif,True,data/structures/reward_guided/branch_a/0009/relaxed/gen_52_relaxed.cif,False,False,,,,False,False,,,,,,
matinvent_style_target12_eval24_topk025_from_loop0020,branch_a,0009,online_evaluation,gen_53,data/structures/reward_guided/branch_a/0009/generated/gen_53.cif,True,data/structures/reward_guided/branch_a/0009/relaxed/gen_53_relaxed.cif,False,False,,,,False,False,,,,,,
matinvent_style_target12_eval24_topk025_from_loop0020,branch_a,0009,online_evaluation,gen_54,data/structures/reward_guided/branch_a/0009/generated/gen_54.cif,True,data/structures/reward_guided/branch_a/0009/relaxed/gen_54_relaxed.cif,False,False,,,,False,False,,,,,,
matinvent_style_target12_eval24_topk025_from_loop0020,branch_a,0009,online_evaluation,gen_55,data/structures/reward_guided/branch_a/0009/generated/gen_55.cif,True,data/structures/reward_guided/branch_a/0009/relaxed/gen_55_relaxed.cif,False,False,,,,False,False,,,,,,
matinvent_style_target12_eval24_topk025_from_loop0020,branch_a,0009,online_evaluation,gen_56,data/structures/reward_guided/branch_a/0009/generated/gen_56.cif,True,data/structures/reward_guided/branch_a/0009/relaxed/gen_56_relaxed.cif,False,False,,,,False,False,,,,,,
matinvent_style_target12_eval24_topk025_from_loop0020,branch_a,0009,online_evaluation,gen_57,data/structures/reward_guided/branch_a/0009/generated/gen_57.cif,True,data/structures/reward_guided/branch_a/0009/relaxed/gen_57_relaxed.cif,False,False,,,,False,False,,,,,,
matinvent_style_target12_eval24_topk025_from_loop0020,branch_a,0009,online_evaluation,gen_58,data/structures/reward_guided/branch_a/0009/generated/gen_58.cif,,,False,False,,,,False,False,,,,,,invalid_raw_structure
matinvent_style_target12_eval24_topk025_from_loop0020,branch_a,0009,online_evaluation,gen_59,data/structures/reward_guided/branch_a/0009/generated/gen_59.cif,True,data/structures/reward_guided/branch_a/0009/relaxed/gen_59_relaxed.cif,True,True,11.66264608204053,0.9858748,,True,False,,True,True,True,,
matinvent_style_target12_eval24_topk025_from_loop0020,branch_a,0009,online_evaluation,gen_6,data/structures/reward_guided/branch_a/0009/generated/gen_6.cif,True,data/structures/reward_guided/branch_a/0009/relaxed/gen_6_relaxed.cif,False,False,,,,False,False,,,,,,
matinvent_style_target12_eval24_topk025_from_loop0020,branch_a,0009,online_evaluation,gen_60,data/structures/reward_guided/branch_a/0009/generated/gen_60.cif,True,data/structures/reward_guided/branch_a/0009/relaxed/gen_60_relaxed.cif,True,True,15.703945635288646,0.17998143,,False,False,,True,True,True,,
matinvent_style_target12_eval24_topk025_from_loop0020,branch_a,0009,online_evaluation,gen_61,data/structures/reward_guided/branch_a/0009/generated/gen_61.cif,True,data/structures/reward_guided/branch_a/0009/relaxed/gen_61_relaxed.cif,True,True,20.355540741770863,0.0001621672,,False,False,,True,True,True,,
matinvent_style_target12_eval24_topk025_from_loop0020,branch_a,0009,online_evaluation,gen_62,data/structures/reward_guided/branch_a/0009/generated/gen_62.cif,,,False,False,,,,False,False,,,,,,invalid_raw_structure
matinvent_style_target12_eval24_topk025_from_loop0020,branch_a,0009,online_evaluation,gen_63,data/structures/reward_guided/branch_a/0009/generated/gen_63.cif,True,data/structures/reward_guided/branch_a/0009/relaxed/gen_63_relaxed.cif,True,True,12.934007714098865,0.8966889,,True,False,,True,True,True,,
matinvent_style_target12_eval24_topk025_from_loop0020,branch_a,0009,online_evaluation,gen_7,data/structures/reward_guided/branch_a/0009/generated/gen_7.cif,True,data/structures/reward_guided/branch_a/0009/relaxed/gen_7_relaxed.cif,False,False,,,,False,False,,,,,,
matinvent_style_target12_eval24_topk025_from_loop0020,branch_a,0009,online_evaluation,gen_8,data/structures/reward_guided/branch_a/0009/generated/gen_8.cif,True,data/structures/reward_guided/branch_a/0009/relaxed/gen_8_relaxed.cif,True,True,11.880817871290644,0.99822605,,True,False,,True,True,True,,
matinvent_style_target12_eval24_topk025_from_loop0020,branch_a,0009,online_evaluation,gen_9,data/structures/reward_guided/branch_a/0009/generated/gen_9.cif,,,False,False,,,,False,False,,,,,,invalid_raw_structure
matinvent_style_target12_eval24_topk025_from_loop0020,branch_a,0010,online_evaluation,gen_0,data/structures/reward_guided/branch_a/0010/generated/gen_0.cif,True,data/structures/reward_guided/branch_a/0010/relaxed/gen_0_relaxed.cif,False,False,,,,False,False,,,,,,
matinvent_style_target12_eval24_topk025_from_loop0020,branch_a,0010,online_evaluation,gen_1,data/structures/reward_guided/branch_a/0010/generated/gen_1.cif,True,data/structures/reward_guided/branch_a/0010/relaxed/gen_1_relaxed.cif,False,False,,,,False,False,,,,,,
matinvent_style_target12_eval24_topk025_from_loop0020,branch_a,0010,online_evaluation,gen_10,data/structures/reward_guided/branch_a/0010/generated/gen_10.cif,True,data/structures/reward_guided/branch_a/0010/relaxed/gen_10_relaxed.cif,False,False,,,,False,False,,,,,,
matinvent_style_target12_eval24_topk025_from_loop0020,branch_a,0010,online_evaluation,gen_11,data/structures/reward_guided/branch_a/0010/generated/gen_11.cif,,,False,False,,,,False,False,,,,,,invalid_raw_structure
matinvent_style_target12_eval24_topk025_from_loop0020,branch_a,0010,online_evaluation,gen_12,data/structures/reward_guided/branch_a/0010/generated/gen_12.cif,True,data/structures/reward_guided/branch_a/0010/relaxed/gen_12_relaxed.cif,False,False,,,,False,False,,,,,,
matinvent_style_target12_eval24_topk025_from_loop0020,branch_a,0010,online_evaluation,gen_13,data/structures/reward_guided/branch_a/0010/generated/gen_13.cif,True,data/structures/reward_guided/branch_a/0010/relaxed/gen_13_relaxed.cif,False,False,,,,False,False,,,,,,
matinvent_style_target12_eval24_topk025_from_loop0020,branch_a,0010,online_evaluation,gen_14,data/structures/reward_guided/branch_a/0010/generated/gen_14.cif,True,data/structures/reward_guided/branch_a/0010/relaxed/gen_14_relaxed.cif,False,False,,,,False,False,,,,,,
matinvent_style_target12_eval24_topk025_from_loop0020,branch_a,0010,online_evaluation,gen_15,data/structures/reward_guided/branch_a/0010/generated/gen_15.cif,True,data/structures/reward_guided/branch_a/0010/relaxed/gen_15_relaxed.cif,False,False,,,,False,False,,,,,,
matinvent_style_target12_eval24_topk025_from_loop0020,branch_a,0010,online_evaluation,gen_16,data/structures/reward_guided/branch_a/0010/generated/gen_16.cif,True,data/structures/reward_guided/branch_a/0010/relaxed/gen_16_relaxed.cif,False,False,,,,False,False,,,,,,
matinvent_style_target12_eval24_topk025_from_loop0020,branch_a,0010,online_evaluation,gen_17,data/structures/reward_guided/branch_a/0010/generated/gen_17.cif,True,data/structures/reward_guided/branch_a/0010/relaxed/gen_17_relaxed.cif,True,True,18.377440434570712,0.0061952756,,False,False,,True,True,True,,
matinvent_style_target12_eval24_topk025_from_loop0020,branch_a,0010,online_evaluation,gen_18,data/structures/reward_guided/branch_a/0010/generated/gen_18.cif,True,data/structures/reward_guided/branch_a/0010/relaxed/gen_18_relaxed.cif,True,True,21.535653857715385,1.1581671e-05,,False,False,,True,True,True,,
matinvent_style_target12_eval24_topk025_from_loop0020,branch_a,0010,online_evaluation,gen_19,data/structures/reward_guided/branch_a/0010/generated/gen_19.cif,True,data/structures/reward_guided/branch_a/0010/relaxed/gen_19_relaxed.cif,False,False,,,,False,False,,,,,,
matinvent_style_target12_eval24_topk025_from_loop0020,branch_a,0010,online_evaluation,gen_2,data/structures/reward_guided/branch_a/0010/generated/gen_2.cif,True,data/structures/reward_guided/branch_a/0010/relaxed/gen_2_relaxed.cif,False,False,,,,False,False,,,,,,
matinvent_style_target12_eval24_topk025_from_loop0020,branch_a,0010,online_evaluation,gen_20,data/structures/reward_guided/branch_a/0010/generated/gen_20.cif,True,data/structures/reward_guided/branch_a/0010/relaxed/gen_20_relaxed.cif,False,False,,,,False,False,,,,,,
matinvent_style_target12_eval24_topk025_from_loop0020,branch_a,0010,online_evaluation,gen_21,data/structures/reward_guided/branch_a/0010/generated/gen_21.cif,True,data/structures/reward_guided/branch_a/0010/relaxed/gen_21_relaxed.cif,False,False,,,,False,False,,,,,,
matinvent_style_target12_eval24_topk025_from_loop0020,branch_a,0010,online_evaluation,gen_22,data/structures/reward_guided/branch_a/0010/generated/gen_22.cif,True,data/structures/reward_guided/branch_a/0010/relaxed/gen_22_relaxed.cif,True,True,16.39185716577218,0.089720935,,True,False,,True,True,True,,
matinvent_style_target12_eval24_topk025_from_loop0020,branch_a,0010,online_evaluation,gen_23,data/structures/reward_guided/branch_a/0010/generated/gen_23.cif,True,data/structures/reward_guided/branch_a/0010/relaxed/gen_23_relaxed.cif,False,False,,,,False,False,,,,,,
matinvent_style_target12_eval24_topk025_from_loop0020,branch_a,0010,online_evaluation,gen_24,data/structures/reward_guided/branch_a/0010/generated/gen_24.cif,True,data/structures/reward_guided/branch_a/0010/relaxed/gen_24_relaxed.cif,False,False,,,,False,False,,,,,,
matinvent_style_target12_eval24_topk025_from_loop0020,branch_a,0010,online_evaluation,gen_25,data/structures/reward_guided/branch_a/0010/generated/gen_25.cif,True,data/structures/reward_guided/branch_a/0010/relaxed/gen_25_relaxed.cif,False,False,,,,False,False,,,,,,
matinvent_style_target12_eval24_topk025_from_loop0020,branch_a,0010,online_evaluation,gen_26,data/structures/reward_guided/branch_a/0010/generated/gen_26.cif,,,False,False,,,,False,False,,,,,,invalid_raw_structure
matinvent_style_target12_eval24_topk025_from_loop0020,branch_a,0010,online_evaluation,gen_27,data/structures/reward_guided/branch_a/0010/generated/gen_27.cif,,,False,False,,,,False,False,,,,,,invalid_raw_structure
matinvent_style_target12_eval24_topk025_from_loop0020,branch_a,0010,online_evaluation,gen_28,data/structures/reward_guided/branch_a/0010/generated/gen_28.cif,True,data/structures/reward_guided/branch_a/0010/relaxed/gen_28_relaxed.cif,True,True,16.555271374948983,0.0747346,,False,False,,True,True,True,,
matinvent_style_target12_eval24_topk025_from_loop0020,branch_a,0010,online_evaluation,gen_29,data/structures/reward_guided/branch_a/0010/generated/gen_29.cif,True,data/structures/reward_guided/branch_a/0010/relaxed/gen_29_relaxed.cif,False,False,,,,False,False,,,,,,
matinvent_style_target12_eval24_topk025_from_loop0020,branch_a,0010,online_evaluation,gen_3,data/structures/reward_guided/branch_a/0010/generated/gen_3.cif,True,data/structures/reward_guided/branch_a/0010/relaxed/gen_3_relaxed.cif,False,False,,,,False,False,,,,,,
matinvent_style_target12_eval24_topk025_from_loop0020,branch_a,0010,online_evaluation,gen_30,data/structures/reward_guided/branch_a/0010/generated/gen_30.cif,True,data/structures/reward_guided/branch_a/0010/relaxed/gen_30_relaxed.cif,True,True,8.649086788420652,0.24571636,,True,False,,True,True,True,,
matinvent_style_target12_eval24_topk025_from_loop0020,branch_a,0010,online_evaluation,gen_31,data/structures/reward_guided/branch_a/0010/generated/gen_31.cif,True,data/structures/reward_guided/branch_a/0010/relaxed/gen_31_relaxed.cif,False,False,,,,False,False,,,,,,
matinvent_style_target12_eval24_topk025_from_loop0020,branch_a,0010,online_evaluation,gen_32,data/structures/reward_guided/branch_a/0010/generated/gen_32.cif,True,data/structures/reward_guided/branch_a/0010/relaxed/gen_32_relaxed.cif,False,False,,,,False,False,,,,,,
matinvent_style_target12_eval24_topk025_from_loop0020,branch_a,0010,online_evaluation,gen_33,data/structures/reward_guided/branch_a/0010/generated/gen_33.cif,True,data/structures/reward_guided/branch_a/0010/relaxed/gen_33_relaxed.cif,False,False,,,,False,False,,,,,,
matinvent_style_target12_eval24_topk025_from_loop0020,branch_a,0010,online_evaluation,gen_34,data/structures/reward_guided/branch_a/0010/generated/gen_34.cif,True,data/structures/reward_guided/branch_a/0010/relaxed/gen_34_relaxed.cif,True,True,12.188348711832925,0.9955754,,True,False,,True,True,True,,
matinvent_style_target12_eval24_topk025_from_loop0020,branch_a,0010,online_evaluation,gen_35,data/structures/reward_guided/branch_a/0010/generated/gen_35.cif,True,data/structures/reward_guided/branch_a/0010/relaxed/gen_35_relaxed.cif,False,False,,,,False,False,,,,,,
matinvent_style_target12_eval24_topk025_from_loop0020,branch_a,0010,online_evaluation,gen_36,data/structures/reward_guided/branch_a/0010/generated/gen_36.cif,True,data/structures/reward_guided/branch_a/0010/relaxed/gen_36_relaxed.cif,False,False,,,,False,False,,,,,,
matinvent_style_target12_eval24_topk025_from_loop0020,branch_a,0010,online_evaluation,gen_37,data/structures/reward_guided/branch_a/0010/generated/gen_37.cif,True,data/structures/reward_guided/branch_a/0010/relaxed/gen_37_relaxed.cif,False,False,,,,False,False,,,,,,
matinvent_style_target12_eval24_topk025_from_loop0020,branch_a,0010,online_evaluation,gen_38,data/structures/reward_guided/branch_a/0010/generated/gen_38.cif,True,data/structures/reward_guided/branch_a/0010/relaxed/gen_38_relaxed.cif,False,False,,,,False,False,,,,,,
matinvent_style_target12_eval24_topk025_from_loop0020,branch_a,0010,online_evaluation,gen_39,data/structures/reward_guided/branch_a/0010/generated/gen_39.cif,,,False,False,,,,False,False,,,,,,invalid_raw_structure
matinvent_style_target12_eval24_topk025_from_loop0020,branch_a,0010,online_evaluation,gen_4,data/structures/reward_guided/branch_a/0010/generated/gen_4.cif,True,data/structures/reward_guided/branch_a/0010/relaxed/gen_4_relaxed.cif,False,False,,,,False,False,,,,,,
matinvent_style_target12_eval24_topk025_from_loop0020,branch_a,0010,online_evaluation,gen_40,data/structures/reward_guided/branch_a/0010/generated/gen_40.cif,True,data/structures/reward_guided/branch_a/0010/relaxed/gen_40_relaxed.cif,True,True,4.238726885905378,0.0005369154,,False,False,,True,True,True,,
matinvent_style_target12_eval24_topk025_from_loop0020,branch_a,0010,online_evaluation,gen_41,data/structures/reward_guided/branch_a/0010/generated/gen_41.cif,,,False,False,,,,False,False,,,,,,invalid_raw_structure
matinvent_style_target12_eval24_topk025_from_loop0020,branch_a,0010,online_evaluation,gen_42,data/structures/reward_guided/branch_a/0010/generated/gen_42.cif,True,data/structures/reward_guided/branch_a/0010/relaxed/gen_42_relaxed.cif,False,False,,,,False,False,,,,,,
matinvent_style_target12_eval24_topk025_from_loop0020,branch_a,0010,online_evaluation,gen_43,data/structures/reward_guided/branch_a/0010/generated/gen_43.cif,True,data/structures/reward_guided/branch_a/0010/relaxed/gen_43_relaxed.cif,False,False,,,,False,False,,,,,,
matinvent_style_target12_eval24_topk025_from_loop0020,branch_a,0010,online_evaluation,gen_44,data/structures/reward_guided/branch_a/0010/generated/gen_44.cif,True,data/structures/reward_guided/branch_a/0010/relaxed/gen_44_relaxed.cif,False,False,,,,False,False,,,,,,
matinvent_style_target12_eval24_topk025_from_loop0020,branch_a,0010,online_evaluation,gen_45,data/structures/reward_guided/branch_a/0010/generated/gen_45.cif,True,data/structures/reward_guided/branch_a/0010/relaxed/gen_45_relaxed.cif,False,False,,,,False,False,,,,,,
matinvent_style_target12_eval24_topk025_from_loop0020,branch_a,0010,online_evaluation,gen_46,data/structures/reward_guided/branch_a/0010/generated/gen_46.cif,True,data/structures/reward_guided/branch_a/0010/relaxed/gen_46_relaxed.cif,True,True,11.536745717218617,0.97353107,,True,False,,True,True,True,,
matinvent_style_target12_eval24_topk025_from_loop0020,branch_a,0010,online_evaluation,gen_47,data/structures/reward_guided/branch_a/0010/generated/gen_47.cif,True,data/structures/reward_guided/branch_a/0010/relaxed/gen_47_relaxed.cif,False,False,,,,False,False,,,,,,
matinvent_style_target12_eval24_topk025_from_loop0020,branch_a,0010,online_evaluation,gen_48,data/structures/reward_guided/branch_a/0010/generated/gen_48.cif,True,data/structures/reward_guided/branch_a/0010/relaxed/gen_48_relaxed.cif,True,True,4.27630326993713,0.00057742244,,False,False,,True,True,True,,
matinvent_style_target12_eval24_topk025_from_loop0020,branch_a,0010,online_evaluation,gen_49,data/structures/reward_guided/branch_a/0010/generated/gen_49.cif,True,data/structures/reward_guided/branch_a/0010/relaxed/gen_49_relaxed.cif,False,False,,,,False,False,,,,,,
matinvent_style_target12_eval24_topk025_from_loop0020,branch_a,0010,online_evaluation,gen_5,data/structures/reward_guided/branch_a/0010/generated/gen_5.cif,True,data/structures/reward_guided/branch_a/0010/relaxed/gen_5_relaxed.cif,False,False,,,,False,False,,,,,,
matinvent_style_target12_eval24_topk025_from_loop0020,branch_a,0010,online_evaluation,gen_50,data/structures/reward_guided/branch_a/0010/generated/gen_50.cif,True,data/structures/reward_guided/branch_a/0010/relaxed/gen_50_relaxed.cif,False,False,,,,False,False,,,,,,
matinvent_style_target12_eval24_topk025_from_loop0020,branch_a,0010,online_evaluation,gen_51,data/structures/reward_guided/branch_a/0010/generated/gen_51.cif,True,data/structures/reward_guided/branch_a/0010/relaxed/gen_51_relaxed.cif,False,False,,,,False,False,,,,,,
matinvent_style_target12_eval24_topk025_from_loop0020,branch_a,0010,online_evaluation,gen_52,data/structures/reward_guided/branch_a/0010/generated/gen_52.cif,,,False,False,,,,False,False,,,,,,invalid_raw_structure
matinvent_style_target12_eval24_topk025_from_loop0020,branch_a,0010,online_evaluation,gen_53,data/structures/reward_guided/branch_a/0010/generated/gen_53.cif,True,data/structures/reward_guided/branch_a/0010/relaxed/gen_53_relaxed.cif,False,False,,,,False,False,,,,,,
matinvent_style_target12_eval24_topk025_from_loop0020,branch_a,0010,online_evaluation,gen_54,data/structures/reward_guided/branch_a/0010/generated/gen_54.cif,True,data/structures/reward_guided/branch_a/0010/relaxed/gen_54_relaxed.cif,False,False,,,,False,False,,,,,,
matinvent_style_target12_eval24_topk025_from_loop0020,branch_a,0010,online_evaluation,gen_55,data/structures/reward_guided/branch_a/0010/generated/gen_55.cif,True,data/structures/reward_guided/branch_a/0010/relaxed/gen_55_relaxed.cif,True,True,15.101083378422311,0.30056545,,True,False,,True,True,True,,
matinvent_style_target12_eval24_topk025_from_loop0020,branch_a,0010,online_evaluation,gen_56,data/structures/reward_guided/branch_a/0010/generated/gen_56.cif,True,data/structures/reward_guided/branch_a/0010/relaxed/gen_56_relaxed.cif,False,False,,,,False,False,,,,,,
matinvent_style_target12_eval24_topk025_from_loop0020,branch_a,0010,online_evaluation,gen_57,data/structures/reward_guided/branch_a/0010/generated/gen_57.cif,True,data/structures/reward_guided/branch_a/0010/relaxed/gen_57_relaxed.cif,False,False,,,,False,False,,,,,,
matinvent_style_target12_eval24_topk025_from_loop0020,branch_a,0010,online_evaluation,gen_58,data/structures/reward_guided/branch_a/0010/generated/gen_58.cif,True,data/structures/reward_guided/branch_a/0010/relaxed/gen_58_relaxed.cif,False,False,,,,False,False,,,,,,
matinvent_style_target12_eval24_topk025_from_loop0020,branch_a,0010,online_evaluation,gen_59,data/structures/reward_guided/branch_a/0010/generated/gen_59.cif,,,False,False,,,,False,False,,,,,,invalid_raw_structure
matinvent_style_target12_eval24_topk025_from_loop0020,branch_a,0010,online_evaluation,gen_6,data/structures/reward_guided/branch_a/0010/generated/gen_6.cif,True,data/structures/reward_guided/branch_a/0010/relaxed/gen_6_relaxed.cif,False,False,,,,False,False,,,,,,
matinvent_style_target12_eval24_topk025_from_loop0020,branch_a,0010,online_evaluation,gen_60,data/structures/reward_guided/branch_a/0010/generated/gen_60.cif,True,data/structures/reward_guided/branch_a/0010/relaxed/gen_60_relaxed.cif,True,True,22.64278903156303,7.095607e-07,,False,False,,True,True,True,,
matinvent_style_target12_eval24_topk025_from_loop0020,branch_a,0010,online_evaluation,gen_61,data/structures/reward_guided/branch_a/0010/generated/gen_61.cif,True,data/structures/reward_guided/branch_a/0010/relaxed/gen_61_relaxed.cif,False,False,,,,False,False,,,,,,
matinvent_style_target12_eval24_topk025_from_loop0020,branch_a,0010,online_evaluation,gen_62,data/structures/reward_guided/branch_a/0010/generated/gen_62.cif,True,data/structures/reward_guided/branch_a/0010/relaxed/gen_62_relaxed.cif,False,False,,,,False,False,,,,,,
matinvent_style_target12_eval24_topk025_from_loop0020,branch_a,0010,online_evaluation,gen_63,data/structures/reward_guided/branch_a/0010/generated/gen_63.cif,True,data/structures/reward_guided/branch_a/0010/relaxed/gen_63_relaxed.cif,True,True,12.248659037566616,0.99230087,,True,False,,True,True,True,,
matinvent_style_target12_eval24_topk025_from_loop0020,branch_a,0010,online_evaluation,gen_7,data/structures/reward_guided/branch_a/0010/generated/gen_7.cif,,,False,False,,,,False,False,,,,,,invalid_raw_structure
matinvent_style_target12_eval24_topk025_from_loop0020,branch_a,0010,online_evaluation,gen_8,data/structures/reward_guided/branch_a/0010/generated/gen_8.cif,True,data/structures/reward_guided/branch_a/0010/relaxed/gen_8_relaxed.cif,False,False,,,,False,False,,,,,,
matinvent_style_target12_eval24_topk025_from_loop0020,branch_a,0010,online_evaluation,gen_9,data/structures/reward_guided/branch_a/0010/generated/gen_9.cif,True,data/structures/reward_guided/branch_a/0010/relaxed/gen_9_relaxed.cif,False,False,,,,False,False,,,,,,
matinvent_style_target12_eval32_topk025_loop0009_e1_replay4_cut03_gpu_20260731,branch_b,0010,online_evaluation,gen_0,data/structures/reward_guided/branch_b/0010/generated/gen_0.cif,True,data/structures/reward_guided/branch_b/0010/relaxed/gen_0_relaxed.cif,False,False,,,,False,False,,,,,,
matinvent_style_target12_eval32_topk025_loop0009_e1_replay4_cut03_gpu_20260731,branch_b,0010,online_evaluation,gen_1,data/structures/reward_guided/branch_b/0010/generated/gen_1.cif,,,False,False,,,,False,False,,,,,,invalid_raw_structure
matinvent_style_target12_eval32_topk025_loop0009_e1_replay4_cut03_gpu_20260731,branch_b,0010,online_evaluation,gen_10,data/structures/reward_guided/branch_b/0010/generated/gen_10.cif,,,False,False,,,,False,False,,,,,,invalid_raw_structure
matinvent_style_target12_eval32_topk025_loop0009_e1_replay4_cut03_gpu_20260731,branch_b,0010,online_evaluation,gen_11,data/structures/reward_guided/branch_b/0010/generated/gen_11.cif,True,data/structures/reward_guided/branch_b/0010/relaxed/gen_11_relaxed.cif,False,False,,,,False,False,,,,,,
matinvent_style_target12_eval32_topk025_loop0009_e1_replay4_cut03_gpu_20260731,branch_b,0010,online_evaluation,gen_12,data/structures/reward_guided/branch_b/0010/generated/gen_12.cif,True,data/structures/reward_guided/branch_b/0010/relaxed/gen_12_relaxed.cif,False,False,,,,False,False,,,,,,
matinvent_style_target12_eval32_topk025_loop0009_e1_replay4_cut03_gpu_20260731,branch_b,0010,online_evaluation,gen_13,data/structures/reward_guided/branch_b/0010/generated/gen_13.cif,True,data/structures/reward_guided/branch_b/0010/relaxed/gen_13_relaxed.cif,False,False,,,,False,False,,,,,,
matinvent_style_target12_eval32_topk025_loop0009_e1_replay4_cut03_gpu_20260731,branch_b,0010,online_evaluation,gen_14,data/structures/reward_guided/branch_b/0010/generated/gen_14.cif,True,data/structures/reward_guided/branch_b/0010/relaxed/gen_14_relaxed.cif,False,False,,,,False,False,,,,,,
matinvent_style_target12_eval32_topk025_loop0009_e1_replay4_cut03_gpu_20260731,branch_b,0010,online_evaluation,gen_15,data/structures/reward_guided/branch_b/0010/generated/gen_15.cif,True,data/structures/reward_guided/branch_b/0010/relaxed/gen_15_relaxed.cif,False,False,,,,False,False,,,,,,
matinvent_style_target12_eval32_topk025_loop0009_e1_replay4_cut03_gpu_20260731,branch_b,0010,online_evaluation,gen_16,data/structures/reward_guided/branch_b/0010/generated/gen_16.cif,True,data/structures/reward_guided/branch_b/0010/relaxed/gen_16_relaxed.cif,False,False,,,,False,False,,,,,,
matinvent_style_target12_eval32_topk025_loop0009_e1_replay4_cut03_gpu_20260731,branch_b,0010,online_evaluation,gen_17,data/structures/reward_guided/branch_b/0010/generated/gen_17.cif,True,data/structures/reward_guided/branch_b/0010/relaxed/gen_17_relaxed.cif,False,False,,,,False,False,,,,,,
matinvent_style_target12_eval32_topk025_loop0009_e1_replay4_cut03_gpu_20260731,branch_b,0010,online_evaluation,gen_18,data/structures/reward_guided/branch_b/0010/generated/gen_18.cif,True,data/structures/reward_guided/branch_b/0010/relaxed/gen_18_relaxed.cif,False,False,,,,False,False,,,,,,
matinvent_style_target12_eval32_topk025_loop0009_e1_replay4_cut03_gpu_20260731,branch_b,0010,online_evaluation,gen_19,data/structures/reward_guided/branch_b/0010/generated/gen_19.cif,True,data/structures/reward_guided/branch_b/0010/relaxed/gen_19_relaxed.cif,False,False,,,,False,False,,,,,,
matinvent_style_target12_eval32_topk025_loop0009_e1_replay4_cut03_gpu_20260731,branch_b,0010,online_evaluation,gen_2,data/structures/reward_guided/branch_b/0010/generated/gen_2.cif,True,data/structures/reward_guided/branch_b/0010/relaxed/gen_2_relaxed.cif,False,False,,,,False,False,,,,,,
matinvent_style_target12_eval32_topk025_loop0009_e1_replay4_cut03_gpu_20260731,branch_b,0010,online_evaluation,gen_20,data/structures/reward_guided/branch_b/0010/generated/gen_20.cif,True,data/structures/reward_guided/branch_b/0010/relaxed/gen_20_relaxed.cif,False,False,,,,False,False,,,,,,
matinvent_style_target12_eval32_topk025_loop0009_e1_replay4_cut03_gpu_20260731,branch_b,0010,online_evaluation,gen_21,data/structures/reward_guided/branch_b/0010/generated/gen_21.cif,True,data/structures/reward_guided/branch_b/0010/relaxed/gen_21_relaxed.cif,True,True,17.656125661052844,0.01833452,,False,False,,True,True,True,,
matinvent_style_target12_eval32_topk025_loop0009_e1_replay4_cut03_gpu_20260731,branch_b,0010,online_evaluation,gen_22,data/structures/reward_guided/branch_b/0010/generated/gen_22.cif,True,data/structures/reward_guided/branch_b/0010/relaxed/gen_22_relaxed.cif,False,False,,,,False,False,,,,,,
matinvent_style_target12_eval32_topk025_loop0009_e1_replay4_cut03_gpu_20260731,branch_b,0010,online_evaluation,gen_23,data/structures/reward_guided/branch_b/0010/generated/gen_23.cif,True,data/structures/reward_guided/branch_b/0010/relaxed/gen_23_relaxed.cif,True,True,2.6168897727138583,1.6612674e-05,,False,False,,True,True,True,,
matinvent_style_target12_eval32_topk025_loop0009_e1_replay4_cut03_gpu_20260731,branch_b,0010,online_evaluation,gen_24,data/structures/reward_guided/branch_b/0010/generated/gen_24.cif,True,data/structures/reward_guided/branch_b/0010/relaxed/gen_24_relaxed.cif,False,False,,,,False,False,,,,,,
matinvent_style_target12_eval32_topk025_loop0009_e1_replay4_cut03_gpu_20260731,branch_b,0010,online_evaluation,gen_25,data/structures/reward_guided/branch_b/0010/generated/gen_25.cif,True,data/structures/reward_guided/branch_b/0010/relaxed/gen_25_relaxed.cif,True,True,3.4945922501359434,0.00011824579,,False,False,,True,True,True,,
matinvent_style_target12_eval32_topk025_loop0009_e1_replay4_cut03_gpu_20260731,branch_b,0010,online_evaluation,gen_26,data/structures/reward_guided/branch_b/0010/generated/gen_26.cif,True,data/structures/reward_guided/branch_b/0010/relaxed/gen_26_relaxed.cif,True,True,16.436164385241216,0.08543971,,True,False,,True,True,True,,
matinvent_style_target12_eval32_topk025_loop0009_e1_replay4_cut03_gpu_20260731,branch_b,0010,online_evaluation,gen_27,data/structures/reward_guided/branch_b/0010/generated/gen_27.cif,True,data/structures/reward_guided/branch_b/0010/relaxed/gen_27_relaxed.cif,True,True,11.644949993912029,0.98436594,,True,False,,True,True,True,,
matinvent_style_target12_eval32_topk025_loop0009_e1_replay4_cut03_gpu_20260731,branch_b,0010,online_evaluation,gen_28,data/structures/reward_guided/branch_b/0010/generated/gen_28.cif,True,data/structures/reward_guided/branch_b/0010/relaxed/gen_28_relaxed.cif,True,True,4.217919143547631,0.000515642,,False,False,,True,True,True,,
matinvent_style_target12_eval32_topk025_loop0009_e1_replay4_cut03_gpu_20260731,branch_b,0010,online_evaluation,gen_29,data/structures/reward_guided/branch_b/0010/generated/gen_29.cif,True,data/structures/reward_guided/branch_b/0010/relaxed/gen_29_relaxed.cif,False,False,,,,False,False,,,,,,
matinvent_style_target12_eval32_topk025_loop0009_e1_replay4_cut03_gpu_20260731,branch_b,0010,online_evaluation,gen_3,data/structures/reward_guided/branch_b/0010/generated/gen_3.cif,True,data/structures/reward_guided/branch_b/0010/relaxed/gen_3_relaxed.cif,False,False,,,,False,False,,,,,,
matinvent_style_target12_eval32_topk025_loop0009_e1_replay4_cut03_gpu_20260731,branch_b,0010,online_evaluation,gen_30,data/structures/reward_guided/branch_b/0010/generated/gen_30.cif,True,data/structures/reward_guided/branch_b/0010/relaxed/gen_30_relaxed.cif,False,False,,,,False,False,,,,,,
matinvent_style_target12_eval32_topk025_loop0009_e1_replay4_cut03_gpu_20260731,branch_b,0010,online_evaluation,gen_31,data/structures/reward_guided/branch_b/0010/generated/gen_31.cif,True,data/structures/reward_guided/branch_b/0010/relaxed/gen_31_relaxed.cif,False,False,,,,False,False,,,,,,
matinvent_style_target12_eval32_topk025_loop0009_e1_replay4_cut03_gpu_20260731,branch_b,0010,online_evaluation,gen_32,data/structures/reward_guided/branch_b/0010/generated/gen_32.cif,True,data/structures/reward_guided/branch_b/0010/relaxed/gen_32_relaxed.cif,False,False,,,,False,False,,,,,,
matinvent_style_target12_eval32_topk025_loop0009_e1_replay4_cut03_gpu_20260731,branch_b,0010,online_evaluation,gen_33,data/structures/reward_guided/branch_b/0010/generated/gen_33.cif,True,data/structures/reward_guided/branch_b/0010/relaxed/gen_33_relaxed.cif,False,False,,,,False,False,,,,,,
matinvent_style_target12_eval32_topk025_loop0009_e1_replay4_cut03_gpu_20260731,branch_b,0010,online_evaluation,gen_34,data/structures/reward_guided/branch_b/0010/generated/gen_34.cif,True,data/structures/reward_guided/branch_b/0010/relaxed/gen_34_relaxed.cif,False,False,,,,False,False,,,,,,
matinvent_style_target12_eval32_topk025_loop0009_e1_replay4_cut03_gpu_20260731,branch_b,0010,online_evaluation,gen_35,data/structures/reward_guided/branch_b/0010/generated/gen_35.cif,True,data/structures/reward_guided/branch_b/0010/relaxed/gen_35_relaxed.cif,False,False,,,,False,False,,,,,,
matinvent_style_target12_eval32_topk025_loop0009_e1_replay4_cut03_gpu_20260731,branch_b,0010,online_evaluation,gen_36,data/structures/reward_guided/branch_b/0010/generated/gen_36.cif,True,data/structures/reward_guided/branch_b/0010/relaxed/gen_36_relaxed.cif,False,False,,,,False,False,,,,,,
matinvent_style_target12_eval32_topk025_loop0009_e1_replay4_cut03_gpu_20260731,branch_b,0010,online_evaluation,gen_37,data/structures/reward_guided/branch_b/0010/generated/gen_37.cif,True,data/structures/reward_guided/branch_b/0010/relaxed/gen_37_relaxed.cif,True,True,8.590580224825295,0.23386344,,True,False,,True,True,True,,
matinvent_style_target12_eval32_topk025_loop0009_e1_replay4_cut03_gpu_20260731,branch_b,0010,online_evaluation,gen_38,data/structures/reward_guided/branch_b/0010/generated/gen_38.cif,True,data/structures/reward_guided/branch_b/0010/relaxed/gen_38_relaxed.cif,False,False,,,,False,False,,,,,,
matinvent_style_target12_eval32_topk025_loop0009_e1_replay4_cut03_gpu_20260731,branch_b,0010,online_evaluation,gen_39,data/structures/reward_guided/branch_b/0010/generated/gen_39.cif,,,False,False,,,,False,False,,,,,,invalid_raw_structure
matinvent_style_target12_eval32_topk025_loop0009_e1_replay4_cut03_gpu_20260731,branch_b,0010,online_evaluation,gen_4,data/structures/reward_guided/branch_b/0010/generated/gen_4.cif,,,False,False,,,,False,False,,,,,,invalid_raw_structure
matinvent_style_target12_eval32_topk025_loop0009_e1_replay4_cut03_gpu_20260731,branch_b,0010,online_evaluation,gen_40,data/structures/reward_guided/branch_b/0010/generated/gen_40.cif,True,data/structures/reward_guided/branch_b/0010/relaxed/gen_40_relaxed.cif,False,False,,,,False,False,,,,,,
matinvent_style_target12_eval32_topk025_loop0009_e1_replay4_cut03_gpu_20260731,branch_b,0010,online_evaluation,gen_41,data/structures/reward_guided/branch_b/0010/generated/gen_41.cif,True,data/structures/reward_guided/branch_b/0010/relaxed/gen_41_relaxed.cif,True,True,2.3800965801158696,9.465872e-06,,False,False,,True,True,True,,
matinvent_style_target12_eval32_topk025_loop0009_e1_replay4_cut03_gpu_20260731,branch_b,0010,online_evaluation,gen_42,data/structures/reward_guided/branch_b/0010/generated/gen_42.cif,True,data/structures/reward_guided/branch_b/0010/relaxed/gen_42_relaxed.cif,False,False,,,,False,False,,,,,,
matinvent_style_target12_eval32_topk025_loop0009_e1_replay4_cut03_gpu_20260731,branch_b,0010,online_evaluation,gen_43,data/structures/reward_guided/branch_b/0010/generated/gen_43.cif,True,data/structures/reward_guided/branch_b/0010/relaxed/gen_43_relaxed.cif,True,True,19.07411846377002,0.0019200693,,False,False,,True,True,True,,
matinvent_style_target12_eval32_topk025_loop0009_e1_replay4_cut03_gpu_20260731,branch_b,0010,online_evaluation,gen_44,data/structures/reward_guided/branch_b/0010/generated/gen_44.cif,True,data/structures/reward_guided/branch_b/0010/relaxed/gen_44_relaxed.cif,False,False,,,,False,False,,,,,,
matinvent_style_target12_eval32_topk025_loop0009_e1_replay4_cut03_gpu_20260731,branch_b,0010,online_evaluation,gen_45,data/structures/reward_guided/branch_b/0010/generated/gen_45.cif,True,data/structures/reward_guided/branch_b/0010/relaxed/gen_45_relaxed.cif,False,False,,,,False,False,,,,,,
matinvent_style_target12_eval32_topk025_loop0009_e1_replay4_cut03_gpu_20260731,branch_b,0010,online_evaluation,gen_46,data/structures/reward_guided/branch_b/0010/generated/gen_46.cif,True,data/structures/reward_guided/branch_b/0010/relaxed/gen_46_relaxed.cif,True,True,12.247601224146708,0.992366,,True,False,,True,True,True,,
matinvent_style_target12_eval32_topk025_loop0009_e1_replay4_cut03_gpu_20260731,branch_b,0010,online_evaluation,gen_47,data/structures/reward_guided/branch_b/0010/generated/gen_47.cif,True,data/structures/reward_guided/branch_b/0010/relaxed/gen_47_relaxed.cif,False,False,,,,False,False,,,,,,
matinvent_style_target12_eval32_topk025_loop0009_e1_replay4_cut03_gpu_20260731,branch_b,0010,online_evaluation,gen_48,data/structures/reward_guided/branch_b/0010/generated/gen_48.cif,True,data/structures/reward_guided/branch_b/0010/relaxed/gen_48_relaxed.cif,False,False,,,,False,False,,,,,,
matinvent_style_target12_eval32_topk025_loop0009_e1_replay4_cut03_gpu_20260731,branch_b,0010,online_evaluation,gen_49,data/structures/reward_guided/branch_b/0010/generated/gen_49.cif,True,data/structures/reward_guided/branch_b/0010/relaxed/gen_49_relaxed.cif,True,True,11.368700049541994,0.9514031,,True,False,,True,True,True,,
matinvent_style_target12_eval32_topk025_loop0009_e1_replay4_cut03_gpu_20260731,branch_b,0010,online_evaluation,gen_5,data/structures/reward_guided/branch_b/0010/generated/gen_5.cif,True,data/structures/reward_guided/branch_b/0010/relaxed/gen_5_relaxed.cif,False,False,,,,False,False,,,,,,
matinvent_style_target12_eval32_topk025_loop0009_e1_replay4_cut03_gpu_20260731,branch_b,0010,online_evaluation,gen_50,data/structures/reward_guided/branch_b/0010/generated/gen_50.cif,,,False,False,,,,False,False,,,,,,invalid_raw_structure
matinvent_style_target12_eval32_topk025_loop0009_e1_replay4_cut03_gpu_20260731,branch_b,0010,online_evaluation,gen_51,data/structures/reward_guided/branch_b/0010/generated/gen_51.cif,True,data/structures/reward_guided/branch_b/0010/relaxed/gen_51_relaxed.cif,False,False,,,,False,False,,,,,,
matinvent_style_target12_eval32_topk025_loop0009_e1_replay4_cut03_gpu_20260731,branch_b,0010,online_evaluation,gen_52,data/structures/reward_guided/branch_b/0010/generated/gen_52.cif,,,False,False,,,,False,False,,,,,,invalid_raw_structure
matinvent_style_target12_eval32_topk025_loop0009_e1_replay4_cut03_gpu_20260731,branch_b,0010,online_evaluation,gen_53,data/structures/reward_guided/branch_b/0010/generated/gen_53.cif,,,False,False,,,,False,False,,,,,,invalid_raw_structure
matinvent_style_target12_eval32_topk025_loop0009_e1_replay4_cut03_gpu_20260731,branch_b,0010,online_evaluation,gen_54,data/structures/reward_guided/branch_b/0010/generated/gen_54.cif,True,data/structures/reward_guided/branch_b/0010/relaxed/gen_54_relaxed.cif,True,True,7.328210225941494,0.06533663,,True,False,,True,True,True,,
matinvent_style_target12_eval32_topk025_loop0009_e1_replay4_cut03_gpu_20260731,branch_b,0010,online_evaluation,gen_55,data/structures/reward_guided/branch_b/0010/generated/gen_55.cif,True,data/structures/reward_guided/branch_b/0010/relaxed/gen_55_relaxed.cif,False,False,,,,False,False,,,,,,
matinvent_style_target12_eval32_topk025_loop0009_e1_replay4_cut03_gpu_20260731,branch_b,0010,online_evaluation,gen_56,data/structures/reward_guided/branch_b/0010/generated/gen_56.cif,True,data/structures/reward_guided/branch_b/0010/relaxed/gen_56_relaxed.cif,False,False,,,,False,False,,,,,,
matinvent_style_target12_eval32_topk025_loop0009_e1_replay4_cut03_gpu_20260731,branch_b,0010,online_evaluation,gen_57,data/structures/reward_guided/branch_b/0010/generated/gen_57.cif,True,data/structures/reward_guided/branch_b/0010/relaxed/gen_57_relaxed.cif,False,False,,,,False,False,,,,,,
matinvent_style_target12_eval32_topk025_loop0009_e1_replay4_cut03_gpu_20260731,branch_b,0010,online_evaluation,gen_58,data/structures/reward_guided/branch_b/0010/generated/gen_58.cif,True,data/structures/reward_guided/branch_b/0010/relaxed/gen_58_relaxed.cif,True,True,12.096269710479485,0.9988422,,True,False,,True,True,True,,
matinvent_style_target12_eval32_topk025_loop0009_e1_replay4_cut03_gpu_20260731,branch_b,0010,online_evaluation,gen_59,data/structures/reward_guided/branch_b/0010/generated/gen_59.cif,True,data/structures/reward_guided/branch_b/0010/relaxed/gen_59_relaxed.cif,False,False,,,,False,False,,,,,,
matinvent_style_target12_eval32_topk025_loop0009_e1_replay4_cut03_gpu_20260731,branch_b,0010,online_evaluation,gen_6,data/structures/reward_guided/branch_b/0010/generated/gen_6.cif,True,data/structures/reward_guided/branch_b/0010/relaxed/gen_6_relaxed.cif,False,False,,,,False,False,,,,,,
matinvent_style_target12_eval32_topk025_loop0009_e1_replay4_cut03_gpu_20260731,branch_b,0010,online_evaluation,gen_60,data/structures/reward_guided/branch_b/0010/generated/gen_60.cif,,,False,False,,,,False,False,,,,,,invalid_raw_structure
matinvent_style_target12_eval32_topk025_loop0009_e1_replay4_cut03_gpu_20260731,branch_b,0010,online_evaluation,gen_61,data/structures/reward_guided/branch_b/0010/generated/gen_61.cif,True,data/structures/reward_guided/branch_b/0010/relaxed/gen_61_relaxed.cif,False,False,,,,False,False,,,,,,
matinvent_style_target12_eval32_topk025_loop0009_e1_replay4_cut03_gpu_20260731,branch_b,0010,online_evaluation,gen_62,data/structures/reward_guided/branch_b/0010/generated/gen_62.cif,True,data/structures/reward_guided/branch_b/0010/relaxed/gen_62_relaxed.cif,False,False,,,,False,False,,,,,,
matinvent_style_target12_eval32_topk025_loop0009_e1_replay4_cut03_gpu_20260731,branch_b,0010,online_evaluation,gen_63,data/structures/reward_guided/branch_b/0010/generated/gen_63.cif,True,data/structures/reward_guided/branch_b/0010/relaxed/gen_63_relaxed.cif,False,False,,,,False,False,,,,,,
matinvent_style_target12_eval32_topk025_loop0009_e1_replay4_cut03_gpu_20260731,branch_b,0010,online_evaluation,gen_7,data/structures/reward_guided/branch_b/0010/generated/gen_7.cif,True,data/structures/reward_guided/branch_b/0010/relaxed/gen_7_relaxed.cif,False,False,,,,False,False,,,,,,
matinvent_style_target12_eval32_topk025_loop0009_e1_replay4_cut03_gpu_20260731,branch_b,0010,online_evaluation,gen_8,data/structures/reward_guided/branch_b/0010/generated/gen_8.cif,True,data/structures/reward_guided/branch_b/0010/relaxed/gen_8_relaxed.cif,True,True,14.148653767484731,0.56153053,,True,False,,True,True,True,,
matinvent_style_target12_eval32_topk025_loop0009_e1_replay4_cut03_gpu_20260731,branch_b,0010,online_evaluation,gen_9,data/structures/reward_guided/branch_b/0010/generated/gen_9.cif,True,data/structures/reward_guided/branch_b/0010/relaxed/gen_9_relaxed.cif,False,False,,,,False,False,,,,,,
matinvent_style_target12_eval32_topk025_loop0009_e1_replay4_cut03_gpu_20260731,branch_b,0011,online_evaluation,gen_0,data/structures/reward_guided/branch_b/0011/generated/gen_0.cif,True,data/structures/reward_guided/branch_b/0011/relaxed/gen_0_relaxed.cif,True,True,18.428300812038863,0.005710884,,False,False,,True,True,True,,
matinvent_style_target12_eval32_topk025_loop0009_e1_replay4_cut03_gpu_20260731,branch_b,0011,online_evaluation,gen_1,data/structures/reward_guided/branch_b/0011/generated/gen_1.cif,True,data/structures/reward_guided/branch_b/0011/relaxed/gen_1_relaxed.cif,False,False,,,,False,False,,,,,,
matinvent_style_target12_eval32_topk025_loop0009_e1_replay4_cut03_gpu_20260731,branch_b,0011,online_evaluation,gen_10,data/structures/reward_guided/branch_b/0011/generated/gen_10.cif,True,data/structures/reward_guided/branch_b/0011/relaxed/gen_10_relaxed.cif,False,False,,,,False,False,,,,,,
matinvent_style_target12_eval32_topk025_loop0009_e1_replay4_cut03_gpu_20260731,branch_b,0011,online_evaluation,gen_11,data/structures/reward_guided/branch_b/0011/generated/gen_11.cif,True,data/structures/reward_guided/branch_b/0011/relaxed/gen_11_relaxed.cif,False,False,,,,False,False,,,,,,
matinvent_style_target12_eval32_topk025_loop0009_e1_replay4_cut03_gpu_20260731,branch_b,0011,online_evaluation,gen_12,data/structures/reward_guided/branch_b/0011/generated/gen_12.cif,True,data/structures/reward_guided/branch_b/0011/relaxed/gen_12_relaxed.cif,True,True,13.959614529040708,0.6187765,,True,False,,True,True,True,,
matinvent_style_target12_eval32_topk025_loop0009_e1_replay4_cut03_gpu_20260731,branch_b,0011,online_evaluation,gen_13,data/structures/reward_guided/branch_b/0011/generated/gen_13.cif,,,False,False,,,,False,False,,,,,,invalid_raw_structure
matinvent_style_target12_eval32_topk025_loop0009_e1_replay4_cut03_gpu_20260731,branch_b,0011,online_evaluation,gen_14,data/structures/reward_guided/branch_b/0011/generated/gen_14.cif,True,data/structures/reward_guided/branch_b/0011/relaxed/gen_14_relaxed.cif,False,False,,,,False,False,,,,,,
matinvent_style_target12_eval32_topk025_loop0009_e1_replay4_cut03_gpu_20260731,branch_b,0011,online_evaluation,gen_15,data/structures/reward_guided/branch_b/0011/generated/gen_15.cif,True,data/structures/reward_guided/branch_b/0011/relaxed/gen_15_relaxed.cif,True,True,15.322582351014018,0.2515926,,False,False,,True,True,True,,
matinvent_style_target12_eval32_topk025_loop0009_e1_replay4_cut03_gpu_20260731,branch_b,0011,online_evaluation,gen_16,data/structures/reward_guided/branch_b/0011/generated/gen_16.cif,,,False,False,,,,False,False,,,,,,invalid_raw_structure
matinvent_style_target12_eval32_topk025_loop0009_e1_replay4_cut03_gpu_20260731,branch_b,0011,online_evaluation,gen_17,data/structures/reward_guided/branch_b/0011/generated/gen_17.cif,True,data/structures/reward_guided/branch_b/0011/relaxed/gen_17_relaxed.cif,False,False,,,,False,False,,,,,,
matinvent_style_target12_eval32_topk025_loop0009_e1_replay4_cut03_gpu_20260731,branch_b,0011,online_evaluation,gen_18,data/structures/reward_guided/branch_b/0011/generated/gen_18.cif,True,data/structures/reward_guided/branch_b/0011/relaxed/gen_18_relaxed.cif,False,False,,,,False,False,,,,,,
matinvent_style_target12_eval32_topk025_loop0009_e1_replay4_cut03_gpu_20260731,branch_b,0011,online_evaluation,gen_19,data/structures/reward_guided/branch_b/0011/generated/gen_19.cif,True,data/structures/reward_guided/branch_b/0011/relaxed/gen_19_relaxed.cif,False,False,,,,False,False,,,,,,
matinvent_style_target12_eval32_topk025_loop0009_e1_replay4_cut03_gpu_20260731,branch_b,0011,online_evaluation,gen_2,data/structures/reward_guided/branch_b/0011/generated/gen_2.cif,True,data/structures/reward_guided/branch_b/0011/relaxed/gen_2_relaxed.cif,False,False,,,,False,False,,,,,,
matinvent_style_target12_eval32_topk025_loop0009_e1_replay4_cut03_gpu_20260731,branch_b,0011,online_evaluation,gen_20,data/structures/reward_guided/branch_b/0011/generated/gen_20.cif,,,False,False,,,,False,False,,,,,,invalid_raw_structure
matinvent_style_target12_eval32_topk025_loop0009_e1_replay4_cut03_gpu_20260731,branch_b,0011,online_evaluation,gen_21,data/structures/reward_guided/branch_b/0011/generated/gen_21.cif,,,False,False,,,,False,False,,,,,,invalid_raw_structure
matinvent_style_target12_eval32_topk025_loop0009_e1_replay4_cut03_gpu_20260731,branch_b,0011,online_evaluation,gen_22,data/structures/reward_guided/branch_b/0011/generated/gen_22.cif,,,False,False,,,,False,False,,,,,,invalid_raw_structure
matinvent_style_target12_eval32_topk025_loop0009_e1_replay4_cut03_gpu_20260731,branch_b,0011,online_evaluation,gen_23,data/structures/reward_guided/branch_b/0011/generated/gen_23.cif,True,data/structures/reward_guided/branch_b/0011/relaxed/gen_23_relaxed.cif,False,False,,,,False,False,,,,,,
matinvent_style_target12_eval32_topk025_loop0009_e1_replay4_cut03_gpu_20260731,branch_b,0011,online_evaluation,gen_24,data/structures/reward_guided/branch_b/0011/generated/gen_24.cif,True,data/structures/reward_guided/branch_b/0011/relaxed/gen_24_relaxed.cif,True,True,15.119196956214443,0.29636198,,False,False,,True,True,True,,
matinvent_style_target12_eval32_topk025_loop0009_e1_replay4_cut03_gpu_20260731,branch_b,0011,online_evaluation,gen_25,data/structures/reward_guided/branch_b/0011/generated/gen_25.cif,True,data/structures/reward_guided/branch_b/0011/relaxed/gen_25_relaxed.cif,False,False,,,,False,False,,,,,,
matinvent_style_target12_eval32_topk025_loop0009_e1_replay4_cut03_gpu_20260731,branch_b,0011,online_evaluation,gen_26,data/structures/reward_guided/branch_b/0011/generated/gen_26.cif,True,data/structures/reward_guided/branch_b/0011/relaxed/gen_26_relaxed.cif,True,True,22.06105728597909,3.1976026e-06,,False,False,,True,True,True,,
matinvent_style_target12_eval32_topk025_loop0009_e1_replay4_cut03_gpu_20260731,branch_b,0011,online_evaluation,gen_27,data/structures/reward_guided/branch_b/0011/generated/gen_27.cif,True,data/structures/reward_guided/branch_b/0011/relaxed/gen_27_relaxed.cif,False,False,,,,False,False,,,,,,
matinvent_style_target12_eval32_topk025_loop0009_e1_replay4_cut03_gpu_20260731,branch_b,0011,online_evaluation,gen_28,data/structures/reward_guided/branch_b/0011/generated/gen_28.cif,True,data/structures/reward_guided/branch_b/0011/relaxed/gen_28_relaxed.cif,False,False,,,,False,False,,,,,,
matinvent_style_target12_eval32_topk025_loop0009_e1_replay4_cut03_gpu_20260731,branch_b,0011,online_evaluation,gen_29,data/structures/reward_guided/branch_b/0011/generated/gen_29.cif,True,data/structures/reward_guided/branch_b/0011/relaxed/gen_29_relaxed.cif,False,False,,,,False,False,,,,,,
matinvent_style_target12_eval32_topk025_loop0009_e1_replay4_cut03_gpu_20260731,branch_b,0011,online_evaluation,gen_3,data/structures/reward_guided/branch_b/0011/generated/gen_3.cif,,,False,False,,,,False,False,,,,,,invalid_raw_structure
matinvent_style_target12_eval32_topk025_loop0009_e1_replay4_cut03_gpu_20260731,branch_b,0011,online_evaluation,gen_30,data/structures/reward_guided/branch_b/0011/generated/gen_30.cif,True,data/structures/reward_guided/branch_b/0011/relaxed/gen_30_relaxed.cif,True,True,24.49099255311953,3.3877092e-09,,False,False,,True,True,True,,
matinvent_style_target12_eval32_topk025_loop0009_e1_replay4_cut03_gpu_20260731,branch_b,0011,online_evaluation,gen_31,data/structures/reward_guided/branch_b/0011/generated/gen_31.cif,True,data/structures/reward_guided/branch_b/0011/relaxed/gen_31_relaxed.cif,False,False,,,,False,False,,,,,,
matinvent_style_target12_eval32_topk025_loop0009_e1_replay4_cut03_gpu_20260731,branch_b,0011,online_evaluation,gen_32,data/structures/reward_guided/branch_b/0011/generated/gen_32.cif,True,data/structures/reward_guided/branch_b/0011/relaxed/gen_32_relaxed.cif,True,True,17.812323717195824,0.01465625,,False,False,,True,True,True,,
matinvent_style_target12_eval32_topk025_loop0009_e1_replay4_cut03_gpu_20260731,branch_b,0011,online_evaluation,gen_33,data/structures/reward_guided/branch_b/0011/generated/gen_33.cif,True,data/structures/reward_guided/branch_b/0011/relaxed/gen_33_relaxed.cif,True,True,12.669088690392192,0.945577,,True,False,,True,True,True,,
matinvent_style_target12_eval32_topk025_loop0009_e1_replay4_cut03_gpu_20260731,branch_b,0011,online_evaluation,gen_34,data/structures/reward_guided/branch_b/0011/generated/gen_34.cif,True,data/structures/reward_guided/branch_b/0011/relaxed/gen_34_relaxed.cif,False,False,,,,False,False,,,,,,
matinvent_style_target12_eval32_topk025_loop0009_e1_replay4_cut03_gpu_20260731,branch_b,0011,online_evaluation,gen_35,data/structures/reward_guided/branch_b/0011/generated/gen_35.cif,,,False,False,,,,False,False,,,,,,invalid_raw_structure
matinvent_style_target12_eval32_topk025_loop0009_e1_replay4_cut03_gpu_20260731,branch_b,0011,online_evaluation,gen_36,data/structures/reward_guided/branch_b/0011/generated/gen_36.cif,True,data/structures/reward_guided/branch_b/0011/relaxed/gen_36_relaxed.cif,False,False,,,,False,False,,,,,,
matinvent_style_target12_eval32_topk025_loop0009_e1_replay4_cut03_gpu_20260731,branch_b,0011,online_evaluation,gen_37,data/structures/reward_guided/branch_b/0011/generated/gen_37.cif,True,data/structures/reward_guided/branch_b/0011/relaxed/gen_37_relaxed.cif,False,False,,,,False,False,,,,,,
matinvent_style_target12_eval32_topk025_loop0009_e1_replay4_cut03_gpu_20260731,branch_b,0011,online_evaluation,gen_38,data/structures/reward_guided/branch_b/0011/generated/gen_38.cif,True,data/structures/reward_guided/branch_b/0011/relaxed/gen_38_relaxed.cif,True,True,12.6391466268741,0.95021826,,True,False,,True,True,True,,
matinvent_style_target12_eval32_topk025_loop0009_e1_replay4_cut03_gpu_20260731,branch_b,0011,online_evaluation,gen_39,data/structures/reward_guided/branch_b/0011/generated/gen_39.cif,True,data/structures/reward_guided/branch_b/0011/relaxed/gen_39_relaxed.cif,True,True,16.054081508971333,0.12816368,,False,False,,True,True,True,,
matinvent_style_target12_eval32_topk025_loop0009_e1_replay4_cut03_gpu_20260731,branch_b,0011,online_evaluation,gen_4,data/structures/reward_guided/branch_b/0011/generated/gen_4.cif,,,False,False,,,,False,False,,,,,,invalid_raw_structure
matinvent_style_target12_eval32_topk025_loop0009_e1_replay4_cut03_gpu_20260731,branch_b,0011,online_evaluation,gen_40,data/structures/reward_guided/branch_b/0011/generated/gen_40.cif,True,data/structures/reward_guided/branch_b/0011/relaxed/gen_40_relaxed.cif,False,False,,,,False,False,,,,,,
matinvent_style_target12_eval32_topk025_loop0009_e1_replay4_cut03_gpu_20260731,branch_b,0011,online_evaluation,gen_41,data/structures/reward_guided/branch_b/0011/generated/gen_41.cif,True,data/structures/reward_guided/branch_b/0011/relaxed/gen_41_relaxed.cif,True,True,2.6069865866051285,1.6230999e-05,,False,False,,True,True,True,,
matinvent_style_target12_eval32_topk025_loop0009_e1_replay4_cut03_gpu_20260731,branch_b,0011,online_evaluation,gen_42,data/structures/reward_guided/branch_b/0011/generated/gen_42.cif,True,data/structures/reward_guided/branch_b/0011/relaxed/gen_42_relaxed.cif,False,False,,,,False,False,,,,,,
matinvent_style_target12_eval32_topk025_loop0009_e1_replay4_cut03_gpu_20260731,branch_b,0011,online_evaluation,gen_43,data/structures/reward_guided/branch_b/0011/generated/gen_43.cif,True,data/structures/reward_guided/branch_b/0011/relaxed/gen_43_relaxed.cif,True,True,13.627325587990848,0.7181882,,True,False,,True,True,True,,
matinvent_style_target12_eval32_topk025_loop0009_e1_replay4_cut03_gpu_20260731,branch_b,0011,online_evaluation,gen_44,data/structures/reward_guided/branch_b/0011/generated/gen_44.cif,True,data/structures/reward_guided/branch_b/0011/relaxed/gen_44_relaxed.cif,False,False,,,,False,False,,,,,,
matinvent_style_target12_eval32_topk025_loop0009_e1_replay4_cut03_gpu_20260731,branch_b,0011,online_evaluation,gen_45,data/structures/reward_guided/branch_b/0011/generated/gen_45.cif,True,data/structures/reward_guided/branch_b/0011/relaxed/gen_45_relaxed.cif,True,True,15.008210409138792,0.32265675,,False,False,,True,True,True,,
matinvent_style_target12_eval32_topk025_loop0009_e1_replay4_cut03_gpu_20260731,branch_b,0011,online_evaluation,gen_46,data/structures/reward_guided/branch_b/0011/generated/gen_46.cif,True,data/structures/reward_guided/branch_b/0011/relaxed/gen_46_relaxed.cif,True,True,13.386684473567987,0.7863434,,True,False,,True,True,True,,
matinvent_style_target12_eval32_topk025_loop0009_e1_replay4_cut03_gpu_20260731,branch_b,0011,online_evaluation,gen_47,data/structures/reward_guided/branch_b/0011/generated/gen_47.cif,True,data/structures/reward_guided/branch_b/0011/relaxed/gen_47_relaxed.cif,False,False,,,,False,False,,,,,,
matinvent_style_target12_eval32_topk025_loop0009_e1_replay4_cut03_gpu_20260731,branch_b,0011,online_evaluation,gen_48,data/structures/reward_guided/branch_b/0011/generated/gen_48.cif,True,data/structures/reward_guided/branch_b/0011/relaxed/gen_48_relaxed.cif,True,True,15.351427336226052,0.24561055,,False,False,,True,True,True,,
matinvent_style_target12_eval32_topk025_loop0009_e1_replay4_cut03_gpu_20260731,branch_b,0011,online_evaluation,gen_49,data/structures/reward_guided/branch_b/0011/generated/gen_49.cif,True,data/structures/reward_guided/branch_b/0011/relaxed/gen_49_relaxed.cif,False,False,,,,False,False,,,,,,
matinvent_style_target12_eval32_topk025_loop0009_e1_replay4_cut03_gpu_20260731,branch_b,0011,online_evaluation,gen_5,data/structures/reward_guided/branch_b/0011/generated/gen_5.cif,True,data/structures/reward_guided/branch_b/0011/relaxed/gen_5_relaxed.cif,False,False,,,,False,False,,,,,,
matinvent_style_target12_eval32_topk025_loop0009_e1_replay4_cut03_gpu_20260731,branch_b,0011,online_evaluation,gen_50,data/structures/reward_guided/branch_b/0011/generated/gen_50.cif,True,data/structures/reward_guided/branch_b/0011/relaxed/gen_50_relaxed.cif,False,False,,,,False,False,,,,,,
matinvent_style_target12_eval32_topk025_loop0009_e1_replay4_cut03_gpu_20260731,branch_b,0011,online_evaluation,gen_51,data/structures/reward_guided/branch_b/0011/generated/gen_51.cif,True,data/structures/reward_guided/branch_b/0011/relaxed/gen_51_relaxed.cif,False,False,,,,False,False,,,,,,
matinvent_style_target12_eval32_topk025_loop0009_e1_replay4_cut03_gpu_20260731,branch_b,0011,online_evaluation,gen_52,data/structures/reward_guided/branch_b/0011/generated/gen_52.cif,True,data/structures/reward_guided/branch_b/0011/relaxed/gen_52_relaxed.cif,False,False,,,,False,False,,,,,,
matinvent_style_target12_eval32_topk025_loop0009_e1_replay4_cut03_gpu_20260731,branch_b,0011,online_evaluation,gen_53,data/structures/reward_guided/branch_b/0011/generated/gen_53.cif,,,False,False,,,,False,False,,,,,,invalid_raw_structure
matinvent_style_target12_eval32_topk025_loop0009_e1_replay4_cut03_gpu_20260731,branch_b,0011,online_evaluation,gen_54,data/structures/reward_guided/branch_b/0011/generated/gen_54.cif,True,data/structures/reward_guided/branch_b/0011/relaxed/gen_54_relaxed.cif,False,False,,,,False,False,,,,,,
matinvent_style_target12_eval32_topk025_loop0009_e1_replay4_cut03_gpu_20260731,branch_b,0011,online_evaluation,gen_55,data/structures/reward_guided/branch_b/0011/generated/gen_55.cif,True,data/structures/reward_guided/branch_b/0011/relaxed/gen_55_relaxed.cif,False,False,,,,False,False,,,,,,
matinvent_style_target12_eval32_topk025_loop0009_e1_replay4_cut03_gpu_20260731,branch_b,0011,online_evaluation,gen_56,data/structures/reward_guided/branch_b/0011/generated/gen_56.cif,True,data/structures/reward_guided/branch_b/0011/relaxed/gen_56_relaxed.cif,False,False,,,,False,False,,,,,,
matinvent_style_target12_eval32_topk025_loop0009_e1_replay4_cut03_gpu_20260731,branch_b,0011,online_evaluation,gen_57,data/structures/reward_guided/branch_b/0011/generated/gen_57.cif,True,data/structures/reward_guided/branch_b/0011/relaxed/gen_57_relaxed.cif,False,False,,,,False,False,,,,,,
matinvent_style_target12_eval32_topk025_loop0009_e1_replay4_cut03_gpu_20260731,branch_b,0011,online_evaluation,gen_58,data/structures/reward_guided/branch_b/0011/generated/gen_58.cif,True,data/structures/reward_guided/branch_b/0011/relaxed/gen_58_relaxed.cif,True,True,13.899214592959323,0.63706917,,True,False,,True,True,True,,
matinvent_style_target12_eval32_topk025_loop0009_e1_replay4_cut03_gpu_20260731,branch_b,0011,online_evaluation,gen_59,data/structures/reward_guided/branch_b/0011/generated/gen_59.cif,True,data/structures/reward_guided/branch_b/0011/relaxed/gen_59_relaxed.cif,True,True,11.470071013382148,0.9655059,,True,False,,True,True,True,,
matinvent_style_target12_eval32_topk025_loop0009_e1_replay4_cut03_gpu_20260731,branch_b,0011,online_evaluation,gen_6,data/structures/reward_guided/branch_b/0011/generated/gen_6.cif,True,data/structures/reward_guided/branch_b/0011/relaxed/gen_6_relaxed.cif,True,True,14.989036481791343,0.32732806,,True,False,,True,True,True,,
matinvent_style_target12_eval32_topk025_loop0009_e1_replay4_cut03_gpu_20260731,branch_b,0011,online_evaluation,gen_60,data/structures/reward_guided/branch_b/0011/generated/gen_60.cif,True,data/structures/reward_guided/branch_b/0011/relaxed/gen_60_relaxed.cif,False,False,,,,False,False,,,,,,
matinvent_style_target12_eval32_topk025_loop0009_e1_replay4_cut03_gpu_20260731,branch_b,0011,online_evaluation,gen_61,data/structures/reward_guided/branch_b/0011/generated/gen_61.cif,True,data/structures/reward_guided/branch_b/0011/relaxed/gen_61_relaxed.cif,False,False,,,,False,False,,,,,,
matinvent_style_target12_eval32_topk025_loop0009_e1_replay4_cut03_gpu_20260731,branch_b,0011,online_evaluation,gen_62,data/structures/reward_guided/branch_b/0011/generated/gen_62.cif,True,data/structures/reward_guided/branch_b/0011/relaxed/gen_62_relaxed.cif,False,False,,,,False,False,,,,,,
matinvent_style_target12_eval32_topk025_loop0009_e1_replay4_cut03_gpu_20260731,branch_b,0011,online_evaluation,gen_63,data/structures/reward_guided/branch_b/0011/generated/gen_63.cif,True,data/structures/reward_guided/branch_b/0011/relaxed/gen_63_relaxed.cif,False,False,,,,False,False,,,,,,
matinvent_style_target12_eval32_topk025_loop0009_e1_replay4_cut03_gpu_20260731,branch_b,0011,online_evaluation,gen_7,data/structures/reward_guided/branch_b/0011/generated/gen_7.cif,True,data/structures/reward_guided/branch_b/0011/relaxed/gen_7_relaxed.cif,False,False,,,,False,False,,,,,,
matinvent_style_target12_eval32_topk025_loop0009_e1_replay4_cut03_gpu_20260731,branch_b,0011,online_evaluation,gen_8,data/structures/reward_guided/branch_b/0011/generated/gen_8.cif,True,data/structures/reward_guided/branch_b/0011/relaxed/gen_8_relaxed.cif,False,False,,,,False,False,,,,,,
matinvent_style_target12_eval32_topk025_loop0009_e1_replay4_cut03_gpu_20260731,branch_b,0011,online_evaluation,gen_9,data/structures/reward_guided/branch_b/0011/generated/gen_9.cif,True,data/structures/reward_guided/branch_b/0011/relaxed/gen_9_relaxed.cif,False,False,,,,False,False,,,,,,
matinvent_style_target12_eval32_topk025_loop0009_e1_replay4_cut03_gpu_20260731,branch_b,0012,online_evaluation,gen_0,data/structures/reward_guided/branch_b/0012/generated/gen_0.cif,True,data/structures/reward_guided/branch_b/0012/relaxed/gen_0_relaxed.cif,False,False,,,,False,False,,,,,,
matinvent_style_target12_eval32_topk025_loop0009_e1_replay4_cut03_gpu_20260731,branch_b,0012,online_evaluation,gen_1,data/structures/reward_guided/branch_b/0012/generated/gen_1.cif,True,data/structures/reward_guided/branch_b/0012/relaxed/gen_1_relaxed.cif,True,True,6.991037875924598,0.043447033,,False,False,,True,True,True,,
matinvent_style_target12_eval32_topk025_loop0009_e1_replay4_cut03_gpu_20260731,branch_b,0012,online_evaluation,gen_10,data/structures/reward_guided/branch_b/0012/generated/gen_10.cif,True,data/structures/reward_guided/branch_b/0012/relaxed/gen_10_relaxed.cif,False,False,,,,False,False,,,,,,
matinvent_style_target12_eval32_topk025_loop0009_e1_replay4_cut03_gpu_20260731,branch_b,0012,online_evaluation,gen_11,data/structures/reward_guided/branch_b/0012/generated/gen_11.cif,True,data/structures/reward_guided/branch_b/0012/relaxed/gen_11_relaxed.cif,True,True,12.850260090978477,0.91359514,,True,False,,True,True,True,,
matinvent_style_target12_eval32_topk025_loop0009_e1_replay4_cut03_gpu_20260731,branch_b,0012,online_evaluation,gen_12,data/structures/reward_guided/branch_b/0012/generated/gen_12.cif,True,data/structures/reward_guided/branch_b/0012/relaxed/gen_12_relaxed.cif,True,True,26.691568072464825,1.9169772e-12,,False,False,,True,True,True,,
matinvent_style_target12_eval32_topk025_loop0009_e1_replay4_cut03_gpu_20260731,branch_b,0012,online_evaluation,gen_13,data/structures/reward_guided/branch_b/0012/generated/gen_13.cif,True,data/structures/reward_guided/branch_b/0012/relaxed/gen_13_relaxed.cif,False,False,,,,False,False,,,,,,
matinvent_style_target12_eval32_topk025_loop0009_e1_replay4_cut03_gpu_20260731,branch_b,0012,online_evaluation,gen_14,data/structures/reward_guided/branch_b/0012/generated/gen_14.cif,True,data/structures/reward_guided/branch_b/0012/relaxed/gen_14_relaxed.cif,True,True,12.819636852704033,0.91945374,,True,False,,True,True,True,,
matinvent_style_target12_eval32_topk025_loop0009_e1_replay4_cut03_gpu_20260731,branch_b,0012,online_evaluation,gen_15,data/structures/reward_guided/branch_b/0012/generated/gen_15.cif,True,data/structures/reward_guided/branch_b/0012/relaxed/gen_15_relaxed.cif,False,False,,,,False,False,,,,,,
matinvent_style_target12_eval32_topk025_loop0009_e1_replay4_cut03_gpu_20260731,branch_b,0012,online_evaluation,gen_16,data/structures/reward_guided/branch_b/0012/generated/gen_16.cif,True,data/structures/reward_guided/branch_b/0012/relaxed/gen_16_relaxed.cif,False,False,,,,False,False,,,,,,
matinvent_style_target12_eval32_topk025_loop0009_e1_replay4_cut03_gpu_20260731,branch_b,0012,online_evaluation,gen_17,data/structures/reward_guided/branch_b/0012/generated/gen_17.cif,True,data/structures/reward_guided/branch_b/0012/relaxed/gen_17_relaxed.cif,True,True,2.7050929802788466,2.04115e-05,,False,False,,True,True,True,,
matinvent_style_target12_eval32_topk025_loop0009_e1_replay4_cut03_gpu_20260731,branch_b,0012,online_evaluation,gen_18,data/structures/reward_guided/branch_b/0012/generated/gen_18.cif,,,False,False,,,,False,False,,,,,,invalid_raw_structure
matinvent_style_target12_eval32_topk025_loop0009_e1_replay4_cut03_gpu_20260731,branch_b,0012,online_evaluation,gen_19,data/structures/reward_guided/branch_b/0012/generated/gen_19.cif,True,data/structures/reward_guided/branch_b/0012/relaxed/gen_19_relaxed.cif,False,False,,,,False,False,,,,,,
matinvent_style_target12_eval32_topk025_loop0009_e1_replay4_cut03_gpu_20260731,branch_b,0012,online_evaluation,gen_2,data/structures/reward_guided/branch_b/0012/generated/gen_2.cif,True,data/structures/reward_guided/branch_b/0012/relaxed/gen_2_relaxed.cif,False,False,,,,False,False,,,,,,
matinvent_style_target12_eval32_topk025_loop0009_e1_replay4_cut03_gpu_20260731,branch_b,0012,online_evaluation,gen_20,data/structures/reward_guided/branch_b/0012/generated/gen_20.cif,True,data/structures/reward_guided/branch_b/0012/relaxed/gen_20_relaxed.cif,False,False,,,,False,False,,,,,,
matinvent_style_target12_eval32_topk025_loop0009_e1_replay4_cut03_gpu_20260731,branch_b,0012,online_evaluation,gen_21,data/structures/reward_guided/branch_b/0012/generated/gen_21.cif,True,data/structures/reward_guided/branch_b/0012/relaxed/gen_21_relaxed.cif,False,False,,,,False,False,,,,,,
matinvent_style_target12_eval32_topk025_loop0009_e1_replay4_cut03_gpu_20260731,branch_b,0012,online_evaluation,gen_22,data/structures/reward_guided/branch_b/0012/generated/gen_22.cif,True,data/structures/reward_guided/branch_b/0012/relaxed/gen_22_relaxed.cif,True,True,12.141732601560271,0.99749213,,True,False,,True,True,True,,
matinvent_style_target12_eval32_topk025_loop0009_e1_replay4_cut03_gpu_20260731,branch_b,0012,online_evaluation,gen_23,data/structures/reward_guided/branch_b/0012/generated/gen_23.cif,True,data/structures/reward_guided/branch_b/0012/relaxed/gen_23_relaxed.cif,True,True,20.979650473679428,4.1940217e-05,,False,False,,True,True,True,,
matinvent_style_target12_eval32_topk025_loop0009_e1_replay4_cut03_gpu_20260731,branch_b,0012,online_evaluation,gen_24,data/structures/reward_guided/branch_b/0012/generated/gen_24.cif,True,data/structures/reward_guided/branch_b/0012/relaxed/gen_24_relaxed.cif,False,False,,,,False,False,,,,,,
matinvent_style_target12_eval32_topk025_loop0009_e1_replay4_cut03_gpu_20260731,branch_b,0012,online_evaluation,gen_25,data/structures/reward_guided/branch_b/0012/generated/gen_25.cif,True,data/structures/reward_guided/branch_b/0012/relaxed/gen_25_relaxed.cif,False,False,,,,False,False,,,,,,
matinvent_style_target12_eval32_topk025_loop0009_e1_replay4_cut03_gpu_20260731,branch_b,0012,online_evaluation,gen_26,data/structures/reward_guided/branch_b/0012/generated/gen_26.cif,,,False,False,,,,False,False,,,,,,invalid_raw_structure
matinvent_style_target12_eval32_topk025_loop0009_e1_replay4_cut03_gpu_20260731,branch_b,0012,online_evaluation,gen_27,data/structures/reward_guided/branch_b/0012/generated/gen_27.cif,True,data/structures/reward_guided/branch_b/0012/relaxed/gen_27_relaxed.cif,True,True,3.623680525144625,0.00015527062,,False,False,,True,True,True,,
matinvent_style_target12_eval32_topk025_loop0009_e1_replay4_cut03_gpu_20260731,branch_b,0012,online_evaluation,gen_28,data/structures/reward_guided/branch_b/0012/generated/gen_28.cif,True,data/structures/reward_guided/branch_b/0012/relaxed/gen_28_relaxed.cif,True,True,11.660501138729336,0.98569584,,True,False,,True,True,True,,
matinvent_style_target12_eval32_topk025_loop0009_e1_replay4_cut03_gpu_20260731,branch_b,0012,online_evaluation,gen_29,data/structures/reward_guided/branch_b/0012/generated/gen_29.cif,True,data/structures/reward_guided/branch_b/0012/relaxed/gen_29_relaxed.cif,True,True,18.21484342265376,0.008002232,,False,False,,True,True,True,,
matinvent_style_target12_eval32_topk025_loop0009_e1_replay4_cut03_gpu_20260731,branch_b,0012,online_evaluation,gen_3,data/structures/reward_guided/branch_b/0012/generated/gen_3.cif,True,data/structures/reward_guided/branch_b/0012/relaxed/gen_3_relaxed.cif,False,False,,,,False,False,,,,,,
matinvent_style_target12_eval32_topk025_loop0009_e1_replay4_cut03_gpu_20260731,branch_b,0012,online_evaluation,gen_30,data/structures/reward_guided/branch_b/0012/generated/gen_30.cif,,,False,False,,,,False,False,,,,,,invalid_raw_structure
matinvent_style_target12_eval32_topk025_loop0009_e1_replay4_cut03_gpu_20260731,branch_b,0012,online_evaluation,gen_31,data/structures/reward_guided/branch_b/0012/generated/gen_31.cif,True,data/structures/reward_guided/branch_b/0012/relaxed/gen_31_relaxed.cif,True,True,34.68638466664615,1.1484078e-28,,False,False,,True,True,True,,
matinvent_style_target12_eval32_topk025_loop0009_e1_replay4_cut03_gpu_20260731,branch_b,0012,online_evaluation,gen_32,data/structures/reward_guided/branch_b/0012/generated/gen_32.cif,True,data/structures/reward_guided/branch_b/0012/relaxed/gen_32_relaxed.cif,False,False,,,,False,False,,,,,,
matinvent_style_target12_eval32_topk025_loop0009_e1_replay4_cut03_gpu_20260731,branch_b,0012,online_evaluation,gen_33,data/structures/reward_guided/branch_b/0012/generated/gen_33.cif,True,data/structures/reward_guided/branch_b/0012/relaxed/gen_33_relaxed.cif,False,False,,,,False,False,,,,,,
matinvent_style_target12_eval32_topk025_loop0009_e1_replay4_cut03_gpu_20260731,branch_b,0012,online_evaluation,gen_34,data/structures/reward_guided/branch_b/0012/generated/gen_34.cif,True,data/structures/reward_guided/branch_b/0012/relaxed/gen_34_relaxed.cif,False,False,,,,False,False,,,,,,
matinvent_style_target12_eval32_topk025_loop0009_e1_replay4_cut03_gpu_20260731,branch_b,0012,online_evaluation,gen_35,data/structures/reward_guided/branch_b/0012/generated/gen_35.cif,True,data/structures/reward_guided/branch_b/0012/relaxed/gen_35_relaxed.cif,False,False,,,,False,False,,,,,,
matinvent_style_target12_eval32_topk025_loop0009_e1_replay4_cut03_gpu_20260731,branch_b,0012,online_evaluation,gen_36,data/structures/reward_guided/branch_b/0012/generated/gen_36.cif,,,False,False,,,,False,False,,,,,,invalid_raw_structure
matinvent_style_target12_eval32_topk025_loop0009_e1_replay4_cut03_gpu_20260731,branch_b,0012,online_evaluation,gen_37,data/structures/reward_guided/branch_b/0012/generated/gen_37.cif,True,data/structures/reward_guided/branch_b/0012/relaxed/gen_37_relaxed.cif,True,True,4.586200846611587,0.0010379037,,False,False,,True,True,True,,
matinvent_style_target12_eval32_topk025_loop0009_e1_replay4_cut03_gpu_20260731,branch_b,0012,online_evaluation,gen_38,data/structures/reward_guided/branch_b/0012/generated/gen_38.cif,True,data/structures/reward_guided/branch_b/0012/relaxed/gen_38_relaxed.cif,False,False,,,,False,False,,,,,,
matinvent_style_target12_eval32_topk025_loop0009_e1_replay4_cut03_gpu_20260731,branch_b,0012,online_evaluation,gen_39,data/structures/reward_guided/branch_b/0012/generated/gen_39.cif,True,data/structures/reward_guided/branch_b/0012/relaxed/gen_39_relaxed.cif,False,False,,,,False,False,,,,,,
matinvent_style_target12_eval32_topk025_loop0009_e1_replay4_cut03_gpu_20260731,branch_b,0012,online_evaluation,gen_4,data/structures/reward_guided/branch_b/0012/generated/gen_4.cif,True,data/structures/reward_guided/branch_b/0012/relaxed/gen_4_relaxed.cif,True,True,14.397188818898163,0.48757347,,False,False,,True,True,True,,
matinvent_style_target12_eval32_topk025_loop0009_e1_replay4_cut03_gpu_20260731,branch_b,0012,online_evaluation,gen_40,data/structures/reward_guided/branch_b/0012/generated/gen_40.cif,True,data/structures/reward_guided/branch_b/0012/relaxed/gen_40_relaxed.cif,False,False,,,,False,False,,,,,,
matinvent_style_target12_eval32_topk025_loop0009_e1_replay4_cut03_gpu_20260731,branch_b,0012,online_evaluation,gen_41,data/structures/reward_guided/branch_b/0012/generated/gen_41.cif,True,data/structures/reward_guided/branch_b/0012/relaxed/gen_41_relaxed.cif,False,False,,,,False,False,,,,,,
matinvent_style_target12_eval32_topk025_loop0009_e1_replay4_cut03_gpu_20260731,branch_b,0012,online_evaluation,gen_42,data/structures/reward_guided/branch_b/0012/generated/gen_42.cif,True,data/structures/reward_guided/branch_b/0012/relaxed/gen_42_relaxed.cif,False,False,,,,False,False,,,,,,
matinvent_style_target12_eval32_topk025_loop0009_e1_replay4_cut03_gpu_20260731,branch_b,0012,online_evaluation,gen_43,data/structures/reward_guided/branch_b/0012/generated/gen_43.cif,True,data/structures/reward_guided/branch_b/0012/relaxed/gen_43_relaxed.cif,False,False,,,,False,False,,,,,,
matinvent_style_target12_eval32_topk025_loop0009_e1_replay4_cut03_gpu_20260731,branch_b,0012,online_evaluation,gen_44,data/structures/reward_guided/branch_b/0012/generated/gen_44.cif,True,data/structures/reward_guided/branch_b/0012/relaxed/gen_44_relaxed.cif,False,False,,,,False,False,,,,,,
matinvent_style_target12_eval32_topk025_loop0009_e1_replay4_cut03_gpu_20260731,branch_b,0012,online_evaluation,gen_45,data/structures/reward_guided/branch_b/0012/generated/gen_45.cif,True,data/structures/reward_guided/branch_b/0012/relaxed/gen_45_relaxed.cif,True,True,12.28422149540526,0.9899531,,True,False,,True,True,True,,
matinvent_style_target12_eval32_topk025_loop0009_e1_replay4_cut03_gpu_20260731,branch_b,0012,online_evaluation,gen_46,data/structures/reward_guided/branch_b/0012/generated/gen_46.cif,,,False,False,,,,False,False,,,,,,invalid_raw_structure
matinvent_style_target12_eval32_topk025_loop0009_e1_replay4_cut03_gpu_20260731,branch_b,0012,online_evaluation,gen_47,data/structures/reward_guided/branch_b/0012/generated/gen_47.cif,True,data/structures/reward_guided/branch_b/0012/relaxed/gen_47_relaxed.cif,True,True,26.32764936747517,7.176624e-12,,False,False,,True,True,True,,
matinvent_style_target12_eval32_topk025_loop0009_e1_replay4_cut03_gpu_20260731,branch_b,0012,online_evaluation,gen_48,data/structures/reward_guided/branch_b/0012/generated/gen_48.cif,True,data/structures/reward_guided/branch_b/0012/relaxed/gen_48_relaxed.cif,False,False,,,,False,False,,,,,,
matinvent_style_target12_eval32_topk025_loop0009_e1_replay4_cut03_gpu_20260731,branch_b,0012,online_evaluation,gen_49,data/structures/reward_guided/branch_b/0012/generated/gen_49.cif,True,data/structures/reward_guided/branch_b/0012/relaxed/gen_49_relaxed.cif,False,False,,,,False,False,,,,,,
matinvent_style_target12_eval32_topk025_loop0009_e1_replay4_cut03_gpu_20260731,branch_b,0012,online_evaluation,gen_5,data/structures/reward_guided/branch_b/0012/generated/gen_5.cif,,,False,False,,,,False,False,,,,,,invalid_raw_structure
matinvent_style_target12_eval32_topk025_loop0009_e1_replay4_cut03_gpu_20260731,branch_b,0012,online_evaluation,gen_50,data/structures/reward_guided/branch_b/0012/generated/gen_50.cif,True,data/structures/reward_guided/branch_b/0012/relaxed/gen_50_relaxed.cif,False,False,,,,False,False,,,,,,
matinvent_style_target12_eval32_topk025_loop0009_e1_replay4_cut03_gpu_20260731,branch_b,0012,online_evaluation,gen_51,data/structures/reward_guided/branch_b/0012/generated/gen_51.cif,True,data/structures/reward_guided/branch_b/0012/relaxed/gen_51_relaxed.cif,True,True,14.431525153685106,0.4775725,,False,False,,True,True,True,,
matinvent_style_target12_eval32_topk025_loop0009_e1_replay4_cut03_gpu_20260731,branch_b,0012,online_evaluation,gen_52,data/structures/reward_guided/branch_b/0012/generated/gen_52.cif,True,data/structures/reward_guided/branch_b/0012/relaxed/gen_52_relaxed.cif,True,True,7.830092295347817,0.11377684,,False,False,,True,True,True,,
matinvent_style_target12_eval32_topk025_loop0009_e1_replay4_cut03_gpu_20260731,branch_b,0012,online_evaluation,gen_53,data/structures/reward_guided/branch_b/0012/generated/gen_53.cif,True,data/structures/reward_guided/branch_b/0012/relaxed/gen_53_relaxed.cif,False,False,,,,False,False,,,,,,
matinvent_style_target12_eval32_topk025_loop0009_e1_replay4_cut03_gpu_20260731,branch_b,0012,online_evaluation,gen_54,data/structures/reward_guided/branch_b/0012/generated/gen_54.cif,True,data/structures/reward_guided/branch_b/0012/relaxed/gen_54_relaxed.cif,True,True,17.28250908928152,0.030558487,,False,False,,True,True,True,,
matinvent_style_target12_eval32_topk025_loop0009_e1_replay4_cut03_gpu_20260731,branch_b,0012,online_evaluation,gen_55,data/structures/reward_guided/branch_b/0012/generated/gen_55.cif,True,data/structures/reward_guided/branch_b/0012/relaxed/gen_55_relaxed.cif,True,True,9.720918037688728,0.52242345,,True,False,,True,True,True,,
matinvent_style_target12_eval32_topk025_loop0009_e1_replay4_cut03_gpu_20260731,branch_b,0012,online_evaluation,gen_56,data/structures/reward_guided/branch_b/0012/generated/gen_56.cif,True,data/structures/reward_guided/branch_b/0012/relaxed/gen_56_relaxed.cif,False,False,,,,False,False,,,,,,
matinvent_style_target12_eval32_topk025_loop0009_e1_replay4_cut03_gpu_20260731,branch_b,0012,online_evaluation,gen_57,data/structures/reward_guided/branch_b/0012/generated/gen_57.cif,True,data/structures/reward_guided/branch_b/0012/relaxed/gen_57_relaxed.cif,False,False,,,,False,False,,,,,,
matinvent_style_target12_eval32_topk025_loop0009_e1_replay4_cut03_gpu_20260731,branch_b,0012,online_evaluation,gen_58,data/structures/reward_guided/branch_b/0012/generated/gen_58.cif,True,data/structures/reward_guided/branch_b/0012/relaxed/gen_58_relaxed.cif,False,False,,,,False,False,,,,,,
matinvent_style_target12_eval32_topk025_loop0009_e1_replay4_cut03_gpu_20260731,branch_b,0012,online_evaluation,gen_59,data/structures/reward_guided/branch_b/0012/generated/gen_59.cif,True,data/structures/reward_guided/branch_b/0012/relaxed/gen_59_relaxed.cif,True,True,12.333965024392905,0.98615515,,True,False,,True,True,True,,
matinvent_style_target12_eval32_topk025_loop0009_e1_replay4_cut03_gpu_20260731,branch_b,0012,online_evaluation,gen_6,data/structures/reward_guided/branch_b/0012/generated/gen_6.cif,,,False,False,,,,False,False,,,,,,invalid_raw_structure
matinvent_style_target12_eval32_topk025_loop0009_e1_replay4_cut03_gpu_20260731,branch_b,0012,online_evaluation,gen_60,data/structures/reward_guided/branch_b/0012/generated/gen_60.cif,True,data/structures/reward_guided/branch_b/0012/relaxed/gen_60_relaxed.cif,False,False,,,,False,False,,,,,,
matinvent_style_target12_eval32_topk025_loop0009_e1_replay4_cut03_gpu_20260731,branch_b,0012,online_evaluation,gen_61,data/structures/reward_guided/branch_b/0012/generated/gen_61.cif,True,data/structures/reward_guided/branch_b/0012/relaxed/gen_61_relaxed.cif,True,True,14.224467007253276,0.5387349,,True,False,,True,True,True,,
matinvent_style_target12_eval32_topk025_loop0009_e1_replay4_cut03_gpu_20260731,branch_b,0012,online_evaluation,gen_62,data/structures/reward_guided/branch_b/0012/generated/gen_62.cif,True,data/structures/reward_guided/branch_b/0012/relaxed/gen_62_relaxed.cif,False,False,,,,False,False,,,,,,
matinvent_style_target12_eval32_topk025_loop0009_e1_replay4_cut03_gpu_20260731,branch_b,0012,online_evaluation,gen_63,data/structures/reward_guided/branch_b/0012/generated/gen_63.cif,True,data/structures/reward_guided/branch_b/0012/relaxed/gen_63_relaxed.cif,False,False,,,,False,False,,,,,,
matinvent_style_target12_eval32_topk025_loop0009_e1_replay4_cut03_gpu_20260731,branch_b,0012,online_evaluation,gen_7,data/structures/reward_guided/branch_b/0012/generated/gen_7.cif,True,data/structures/reward_guided/branch_b/0012/relaxed/gen_7_relaxed.cif,False,False,,,,False,False,,,,,,
matinvent_style_target12_eval32_topk025_loop0009_e1_replay4_cut03_gpu_20260731,branch_b,0012,online_evaluation,gen_8,data/structures/reward_guided/branch_b/0012/generated/gen_8.cif,True,data/structures/reward_guided/branch_b/0012/relaxed/gen_8_relaxed.cif,False,False,,,,False,False,,,,,,
matinvent_style_target12_eval32_topk025_loop0009_e1_replay4_cut03_gpu_20260731,branch_b,0012,online_evaluation,gen_9,data/structures/reward_guided/branch_b/0012/generated/gen_9.cif,True,data/structures/reward_guided/branch_b/0012/relaxed/gen_9_relaxed.cif,False,False,,,,False,False,,,,,,
matinvent_style_target12_eval32_topk025_loop0009_e1_replay4_cut03_gpu_20260731,branch_b,0013,online_evaluation,gen_0,data/structures/reward_guided/branch_b/0013/generated/gen_0.cif,True,data/structures/reward_guided/branch_b/0013/relaxed/gen_0_relaxed.cif,False,False,,,,False,False,,,,,,
matinvent_style_target12_eval32_topk025_loop0009_e1_replay4_cut03_gpu_20260731,branch_b,0013,online_evaluation,gen_1,data/structures/reward_guided/branch_b/0013/generated/gen_1.cif,True,data/structures/reward_guided/branch_b/0013/relaxed/gen_1_relaxed.cif,True,True,17.12705949089741,0.03740906,,True,False,,True,True,True,,
matinvent_style_target12_eval32_topk025_loop0009_e1_replay4_cut03_gpu_20260731,branch_b,0013,online_evaluation,gen_10,data/structures/reward_guided/branch_b/0013/generated/gen_10.cif,True,data/structures/reward_guided/branch_b/0013/relaxed/gen_10_relaxed.cif,True,True,13.592959459287302,0.7281924,,True,False,,True,True,True,,
matinvent_style_target12_eval32_topk025_loop0009_e1_replay4_cut03_gpu_20260731,branch_b,0013,online_evaluation,gen_11,data/structures/reward_guided/branch_b/0013/generated/gen_11.cif,True,data/structures/reward_guided/branch_b/0013/relaxed/gen_11_relaxed.cif,False,False,,,,False,False,,,,,,
matinvent_style_target12_eval32_topk025_loop0009_e1_replay4_cut03_gpu_20260731,branch_b,0013,online_evaluation,gen_12,data/structures/reward_guided/branch_b/0013/generated/gen_12.cif,True,data/structures/reward_guided/branch_b/0013/relaxed/gen_12_relaxed.cif,True,True,18.045867939436903,0.01036765,,True,False,,True,True,True,,
matinvent_style_target12_eval32_topk025_loop0009_e1_replay4_cut03_gpu_20260731,branch_b,0013,online_evaluation,gen_13,data/structures/reward_guided/branch_b/0013/generated/gen_13.cif,True,data/structures/reward_guided/branch_b/0013/relaxed/gen_13_relaxed.cif,False,False,,,,False,False,,,,,,
matinvent_style_target12_eval32_topk025_loop0009_e1_replay4_cut03_gpu_20260731,branch_b,0013,online_evaluation,gen_14,data/structures/reward_guided/branch_b/0013/generated/gen_14.cif,True,data/structures/reward_guided/branch_b/0013/relaxed/gen_14_relaxed.cif,False,False,,,,False,False,,,,,,
matinvent_style_target12_eval32_topk025_loop0009_e1_replay4_cut03_gpu_20260731,branch_b,0013,online_evaluation,gen_15,data/structures/reward_guided/branch_b/0013/generated/gen_15.cif,True,data/structures/reward_guided/branch_b/0013/relaxed/gen_15_relaxed.cif,False,False,,,,False,False,,,,,,
matinvent_style_target12_eval32_topk025_loop0009_e1_replay4_cut03_gpu_20260731,branch_b,0013,online_evaluation,gen_16,data/structures/reward_guided/branch_b/0013/generated/gen_16.cif,True,data/structures/reward_guided/branch_b/0013/relaxed/gen_16_relaxed.cif,False,False,,,,False,False,,,,,,
matinvent_style_target12_eval32_topk025_loop0009_e1_replay4_cut03_gpu_20260731,branch_b,0013,online_evaluation,gen_17,data/structures/reward_guided/branch_b/0013/generated/gen_17.cif,True,data/structures/reward_guided/branch_b/0013/relaxed/gen_17_relaxed.cif,False,False,,,,False,False,,,,,,
matinvent_style_target12_eval32_topk025_loop0009_e1_replay4_cut03_gpu_20260731,branch_b,0013,online_evaluation,gen_18,data/structures/reward_guided/branch_b/0013/generated/gen_18.cif,True,data/structures/reward_guided/branch_b/0013/relaxed/gen_18_relaxed.cif,False,False,,,,False,False,,,,,,
matinvent_style_target12_eval32_topk025_loop0009_e1_replay4_cut03_gpu_20260731,branch_b,0013,online_evaluation,gen_19,data/structures/reward_guided/branch_b/0013/generated/gen_19.cif,True,data/structures/reward_guided/branch_b/0013/relaxed/gen_19_relaxed.cif,True,True,20.971593285981257,4.2705375e-05,,False,False,,True,True,True,,
matinvent_style_target12_eval32_topk025_loop0009_e1_replay4_cut03_gpu_20260731,branch_b,0013,online_evaluation,gen_2,data/structures/reward_guided/branch_b/0013/generated/gen_2.cif,True,data/structures/reward_guided/branch_b/0013/relaxed/gen_2_relaxed.cif,False,False,,,,False,False,,,,,,
matinvent_style_target12_eval32_topk025_loop0009_e1_replay4_cut03_gpu_20260731,branch_b,0013,online_evaluation,gen_20,data/structures/reward_guided/branch_b/0013/generated/gen_20.cif,True,data/structures/reward_guided/branch_b/0013/relaxed/gen_20_relaxed.cif,False,False,,,,False,False,,,,,,
matinvent_style_target12_eval32_topk025_loop0009_e1_replay4_cut03_gpu_20260731,branch_b,0013,online_evaluation,gen_21,data/structures/reward_guided/branch_b/0013/generated/gen_21.cif,True,data/structures/reward_guided/branch_b/0013/relaxed/gen_21_relaxed.cif,False,False,,,,False,False,,,,,,
matinvent_style_target12_eval32_topk025_loop0009_e1_replay4_cut03_gpu_20260731,branch_b,0013,online_evaluation,gen_22,data/structures/reward_guided/branch_b/0013/generated/gen_22.cif,True,data/structures/reward_guided/branch_b/0013/relaxed/gen_22_relaxed.cif,False,False,,,,False,False,,,,,,
matinvent_style_target12_eval32_topk025_loop0009_e1_replay4_cut03_gpu_20260731,branch_b,0013,online_evaluation,gen_23,data/structures/reward_guided/branch_b/0013/generated/gen_23.cif,True,data/structures/reward_guided/branch_b/0013/relaxed/gen_23_relaxed.cif,False,False,,,,False,False,,,,,,
matinvent_style_target12_eval32_topk025_loop0009_e1_replay4_cut03_gpu_20260731,branch_b,0013,online_evaluation,gen_24,data/structures/reward_guided/branch_b/0013/generated/gen_24.cif,True,data/structures/reward_guided/branch_b/0013/relaxed/gen_24_relaxed.cif,True,True,2.586452120893856,1.5466094e-05,,False,False,,True,True,True,,
matinvent_style_target12_eval32_topk025_loop0009_e1_replay4_cut03_gpu_20260731,branch_b,0013,online_evaluation,gen_25,data/structures/reward_guided/branch_b/0013/generated/gen_25.cif,True,data/structures/reward_guided/branch_b/0013/relaxed/gen_25_relaxed.cif,False,False,,,,False,False,,,,,,
matinvent_style_target12_eval32_topk025_loop0009_e1_replay4_cut03_gpu_20260731,branch_b,0013,online_evaluation,gen_26,data/structures/reward_guided/branch_b/0013/generated/gen_26.cif,True,data/structures/reward_guided/branch_b/0013/relaxed/gen_26_relaxed.cif,False,False,,,,False,False,,,,,,
matinvent_style_target12_eval32_topk025_loop0009_e1_replay4_cut03_gpu_20260731,branch_b,0013,online_evaluation,gen_27,data/structures/reward_guided/branch_b/0013/generated/gen_27.cif,True,data/structures/reward_guided/branch_b/0013/relaxed/gen_27_relaxed.cif,False,False,,,,False,False,,,,,,
matinvent_style_target12_eval32_topk025_loop0009_e1_replay4_cut03_gpu_20260731,branch_b,0013,online_evaluation,gen_28,data/structures/reward_guided/branch_b/0013/generated/gen_28.cif,,,False,False,,,,False,False,,,,,,invalid_raw_structure
matinvent_style_target12_eval32_topk025_loop0009_e1_replay4_cut03_gpu_20260731,branch_b,0013,online_evaluation,gen_29,data/structures/reward_guided/branch_b/0013/generated/gen_29.cif,True,data/structures/reward_guided/branch_b/0013/relaxed/gen_29_relaxed.cif,False,False,,,,False,False,,,,,,
matinvent_style_target12_eval32_topk025_loop0009_e1_replay4_cut03_gpu_20260731,branch_b,0013,online_evaluation,gen_3,data/structures/reward_guided/branch_b/0013/generated/gen_3.cif,True,data/structures/reward_guided/branch_b/0013/relaxed/gen_3_relaxed.cif,False,False,,,,False,False,,,,,,
matinvent_style_target12_eval32_topk025_loop0009_e1_replay4_cut03_gpu_20260731,branch_b,0013,online_evaluation,gen_30,data/structures/reward_guided/branch_b/0013/generated/gen_30.cif,True,data/structures/reward_guided/branch_b/0013/relaxed/gen_30_relaxed.cif,False,False,,,,False,False,,,,,,
matinvent_style_target12_eval32_topk025_loop0009_e1_replay4_cut03_gpu_20260731,branch_b,0013,online_evaluation,gen_31,data/structures/reward_guided/branch_b/0013/generated/gen_31.cif,True,data/structures/reward_guided/branch_b/0013/relaxed/gen_31_relaxed.cif,False,False,,,,False,False,,,,,,
matinvent_style_target12_eval32_topk025_loop0009_e1_replay4_cut03_gpu_20260731,branch_b,0013,online_evaluation,gen_32,data/structures/reward_guided/branch_b/0013/generated/gen_32.cif,True,data/structures/reward_guided/branch_b/0013/relaxed/gen_32_relaxed.cif,False,False,,,,False,False,,,,,,
matinvent_style_target12_eval32_topk025_loop0009_e1_replay4_cut03_gpu_20260731,branch_b,0013,online_evaluation,gen_33,data/structures/reward_guided/branch_b/0013/generated/gen_33.cif,True,data/structures/reward_guided/branch_b/0013/relaxed/gen_33_relaxed.cif,True,True,13.384984033231754,0.78680676,,True,False,,True,True,True,,
matinvent_style_target12_eval32_topk025_loop0009_e1_replay4_cut03_gpu_20260731,branch_b,0013,online_evaluation,gen_34,data/structures/reward_guided/branch_b/0013/generated/gen_34.cif,True,data/structures/reward_guided/branch_b/0013/relaxed/gen_34_relaxed.cif,False,False,,,,False,False,,,,,,
matinvent_style_target12_eval32_topk025_loop0009_e1_replay4_cut03_gpu_20260731,branch_b,0013,online_evaluation,gen_35,data/structures/reward_guided/branch_b/0013/generated/gen_35.cif,True,data/structures/reward_guided/branch_b/0013/relaxed/gen_35_relaxed.cif,False,False,,,,False,False,,,,,,
matinvent_style_target12_eval32_topk025_loop0009_e1_replay4_cut03_gpu_20260731,branch_b,0013,online_evaluation,gen_36,data/structures/reward_guided/branch_b/0013/generated/gen_36.cif,True,data/structures/reward_guided/branch_b/0013/relaxed/gen_36_relaxed.cif,False,False,,,,False,False,,,,,,
matinvent_style_target12_eval32_topk025_loop0009_e1_replay4_cut03_gpu_20260731,branch_b,0013,online_evaluation,gen_37,data/structures/reward_guided/branch_b/0013/generated/gen_37.cif,,,False,False,,,,False,False,,,,,,invalid_raw_structure
matinvent_style_target12_eval32_topk025_loop0009_e1_replay4_cut03_gpu_20260731,branch_b,0013,online_evaluation,gen_38,data/structures/reward_guided/branch_b/0013/generated/gen_38.cif,True,data/structures/reward_guided/branch_b/0013/relaxed/gen_38_relaxed.cif,False,False,,,,False,False,,,,,,
matinvent_style_target12_eval32_topk025_loop0009_e1_replay4_cut03_gpu_20260731,branch_b,0013,online_evaluation,gen_39,data/structures/reward_guided/branch_b/0013/generated/gen_39.cif,True,data/structures/reward_guided/branch_b/0013/relaxed/gen_39_relaxed.cif,False,False,,,,False,False,,,,,,
matinvent_style_target12_eval32_topk025_loop0009_e1_replay4_cut03_gpu_20260731,branch_b,0013,online_evaluation,gen_4,data/structures/reward_guided/branch_b/0013/generated/gen_4.cif,,,False,False,,,,False,False,,,,,,invalid_raw_structure
matinvent_style_target12_eval32_topk025_loop0009_e1_replay4_cut03_gpu_20260731,branch_b,0013,online_evaluation,gen_40,data/structures/reward_guided/branch_b/0013/generated/gen_40.cif,True,data/structures/reward_guided/branch_b/0013/relaxed/gen_40_relaxed.cif,False,False,,,,False,False,,,,,,
matinvent_style_target12_eval32_topk025_loop0009_e1_replay4_cut03_gpu_20260731,branch_b,0013,online_evaluation,gen_41,data/structures/reward_guided/branch_b/0013/generated/gen_41.cif,True,data/structures/reward_guided/branch_b/0013/relaxed/gen_41_relaxed.cif,True,True,12.341213694192774,0.985552,,True,False,,True,True,True,,
matinvent_style_target12_eval32_topk025_loop0009_e1_replay4_cut03_gpu_20260731,branch_b,0013,online_evaluation,gen_42,data/structures/reward_guided/branch_b/0013/generated/gen_42.cif,True,data/structures/reward_guided/branch_b/0013/relaxed/gen_42_relaxed.cif,False,False,,,,False,False,,,,,,
matinvent_style_target12_eval32_topk025_loop0009_e1_replay4_cut03_gpu_20260731,branch_b,0013,online_evaluation,gen_43,data/structures/reward_guided/branch_b/0013/generated/gen_43.cif,True,data/structures/reward_guided/branch_b/0013/relaxed/gen_43_relaxed.cif,False,False,,,,False,False,,,,,,
matinvent_style_target12_eval32_topk025_loop0009_e1_replay4_cut03_gpu_20260731,branch_b,0013,online_evaluation,gen_44,data/structures/reward_guided/branch_b/0013/generated/gen_44.cif,True,data/structures/reward_guided/branch_b/0013/relaxed/gen_44_relaxed.cif,False,False,,,,False,False,,,,,,
matinvent_style_target12_eval32_topk025_loop0009_e1_replay4_cut03_gpu_20260731,branch_b,0013,online_evaluation,gen_45,data/structures/reward_guided/branch_b/0013/generated/gen_45.cif,,,False,False,,,,False,False,,,,,,invalid_raw_structure
matinvent_style_target12_eval32_topk025_loop0009_e1_replay4_cut03_gpu_20260731,branch_b,0013,online_evaluation,gen_46,data/structures/reward_guided/branch_b/0013/generated/gen_46.cif,True,data/structures/reward_guided/branch_b/0013/relaxed/gen_46_relaxed.cif,False,False,,,,False,False,,,,,,
matinvent_style_target12_eval32_topk025_loop0009_e1_replay4_cut03_gpu_20260731,branch_b,0013,online_evaluation,gen_47,data/structures/reward_guided/branch_b/0013/generated/gen_47.cif,True,data/structures/reward_guided/branch_b/0013/relaxed/gen_47_relaxed.cif,False,False,,,,False,False,,,,,,
matinvent_style_target12_eval32_topk025_loop0009_e1_replay4_cut03_gpu_20260731,branch_b,0013,online_evaluation,gen_48,data/structures/reward_guided/branch_b/0013/generated/gen_48.cif,True,data/structures/reward_guided/branch_b/0013/relaxed/gen_48_relaxed.cif,False,False,,,,False,False,,,,,,
matinvent_style_target12_eval32_topk025_loop0009_e1_replay4_cut03_gpu_20260731,branch_b,0013,online_evaluation,gen_49,data/structures/reward_guided/branch_b/0013/generated/gen_49.cif,True,data/structures/reward_guided/branch_b/0013/relaxed/gen_49_relaxed.cif,False,False,,,,False,False,,,,,,
matinvent_style_target12_eval32_topk025_loop0009_e1_replay4_cut03_gpu_20260731,branch_b,0013,online_evaluation,gen_5,data/structures/reward_guided/branch_b/0013/generated/gen_5.cif,True,data/structures/reward_guided/branch_b/0013/relaxed/gen_5_relaxed.cif,False,False,,,,False,False,,,,,,
matinvent_style_target12_eval32_topk025_loop0009_e1_replay4_cut03_gpu_20260731,branch_b,0013,online_evaluation,gen_50,data/structures/reward_guided/branch_b/0013/generated/gen_50.cif,True,data/structures/reward_guided/branch_b/0013/relaxed/gen_50_relaxed.cif,False,False,,,,False,False,,,,,,
matinvent_style_target12_eval32_topk025_loop0009_e1_replay4_cut03_gpu_20260731,branch_b,0013,online_evaluation,gen_51,data/structures/reward_guided/branch_b/0013/generated/gen_51.cif,True,data/structures/reward_guided/branch_b/0013/relaxed/gen_51_relaxed.cif,False,False,,,,False,False,,,,,,
matinvent_style_target12_eval32_topk025_loop0009_e1_replay4_cut03_gpu_20260731,branch_b,0013,online_evaluation,gen_52,data/structures/reward_guided/branch_b/0013/generated/gen_52.cif,True,data/structures/reward_guided/branch_b/0013/relaxed/gen_52_relaxed.cif,True,True,15.933783800453762,0.14452079,,True,False,,True,True,True,,
matinvent_style_target12_eval32_topk025_loop0009_e1_replay4_cut03_gpu_20260731,branch_b,0013,online_evaluation,gen_53,data/structures/reward_guided/branch_b/0013/generated/gen_53.cif,True,data/structures/reward_guided/branch_b/0013/relaxed/gen_53_relaxed.cif,False,False,,,,False,False,,,,,,
matinvent_style_target12_eval32_topk025_loop0009_e1_replay4_cut03_gpu_20260731,branch_b,0013,online_evaluation,gen_54,data/structures/reward_guided/branch_b/0013/generated/gen_54.cif,True,data/structures/reward_guided/branch_b/0013/relaxed/gen_54_relaxed.cif,False,False,,,,False,False,,,,,,
matinvent_style_target12_eval32_topk025_loop0009_e1_replay4_cut03_gpu_20260731,branch_b,0013,online_evaluation,gen_55,data/structures/reward_guided/branch_b/0013/generated/gen_55.cif,True,data/structures/reward_guided/branch_b/0013/relaxed/gen_55_relaxed.cif,False,False,,,,False,False,,,,,,
matinvent_style_target12_eval32_topk025_loop0009_e1_replay4_cut03_gpu_20260731,branch_b,0013,online_evaluation,gen_56,data/structures/reward_guided/branch_b/0013/generated/gen_56.cif,True,data/structures/reward_guided/branch_b/0013/relaxed/gen_56_relaxed.cif,False,False,,,,False,False,,,,,,
matinvent_style_target12_eval32_topk025_loop0009_e1_replay4_cut03_gpu_20260731,branch_b,0013,online_evaluation,gen_57,data/structures/reward_guided/branch_b/0013/generated/gen_57.cif,True,data/structures/reward_guided/branch_b/0013/relaxed/gen_57_relaxed.cif,False,False,,,,False,False,,,,,,
matinvent_style_target12_eval32_topk025_loop0009_e1_replay4_cut03_gpu_20260731,branch_b,0013,online_evaluation,gen_58,data/structures/reward_guided/branch_b/0013/generated/gen_58.cif,True,data/structures/reward_guided/branch_b/0013/relaxed/gen_58_relaxed.cif,False,False,,,,False,False,,,,,,
matinvent_style_target12_eval32_topk025_loop0009_e1_replay4_cut03_gpu_20260731,branch_b,0013,online_evaluation,gen_59,data/structures/reward_guided/branch_b/0013/generated/gen_59.cif,True,data/structures/reward_guided/branch_b/0013/relaxed/gen_59_relaxed.cif,False,False,,,,False,False,,,,,,
matinvent_style_target12_eval32_topk025_loop0009_e1_replay4_cut03_gpu_20260731,branch_b,0013,online_evaluation,gen_6,data/structures/reward_guided/branch_b/0013/generated/gen_6.cif,True,data/structures/reward_guided/branch_b/0013/relaxed/gen_6_relaxed.cif,False,False,,,,False,False,,,,,,
matinvent_style_target12_eval32_topk025_loop0009_e1_replay4_cut03_gpu_20260731,branch_b,0013,online_evaluation,gen_60,data/structures/reward_guided/branch_b/0013/generated/gen_60.cif,True,data/structures/reward_guided/branch_b/0013/relaxed/gen_60_relaxed.cif,False,False,,,,False,False,,,,,,
matinvent_style_target12_eval32_topk025_loop0009_e1_replay4_cut03_gpu_20260731,branch_b,0013,online_evaluation,gen_61,data/structures/reward_guided/branch_b/0013/generated/gen_61.cif,True,data/structures/reward_guided/branch_b/0013/relaxed/gen_61_relaxed.cif,False,False,,,,False,False,,,,,,
matinvent_style_target12_eval32_topk025_loop0009_e1_replay4_cut03_gpu_20260731,branch_b,0013,online_evaluation,gen_62,data/structures/reward_guided/branch_b/0013/generated/gen_62.cif,,,False,False,,,,False,False,,,,,,invalid_raw_structure
matinvent_style_target12_eval32_topk025_loop0009_e1_replay4_cut03_gpu_20260731,branch_b,0013,online_evaluation,gen_63,data/structures/reward_guided/branch_b/0013/generated/gen_63.cif,True,data/structures/reward_guided/branch_b/0013/relaxed/gen_63_relaxed.cif,True,True,11.458054510568791,0.96395266,,True,False,,True,True,True,,
matinvent_style_target12_eval32_topk025_loop0009_e1_replay4_cut03_gpu_20260731,branch_b,0013,online_evaluation,gen_7,data/structures/reward_guided/branch_b/0013/generated/gen_7.cif,True,data/structures/reward_guided/branch_b/0013/relaxed/gen_7_relaxed.cif,True,True,15.892056972867302,0.15054196,,True,False,,True,True,True,,
matinvent_style_target12_eval32_topk025_loop0009_e1_replay4_cut03_gpu_20260731,branch_b,0013,online_evaluation,gen_8,data/structures/reward_guided/branch_b/0013/generated/gen_8.cif,True,data/structures/reward_guided/branch_b/0013/relaxed/gen_8_relaxed.cif,False,False,,,,False,False,,,,,,
matinvent_style_target12_eval32_topk025_loop0009_e1_replay4_cut03_gpu_20260731,branch_b,0013,online_evaluation,gen_9,data/structures/reward_guided/branch_b/0013/generated/gen_9.cif,True,data/structures/reward_guided/branch_b/0013/relaxed/gen_9_relaxed.cif,False,False,,,,False,False,,,,,,
matinvent_style_target12_eval32_topk025_loop0009_e1_replay4_cut03_gpu_20260731,branch_b,0014,online_evaluation,gen_0,data/structures/reward_guided/branch_b/0014/generated/gen_0.cif,True,data/structures/reward_guided/branch_b/0014/relaxed/gen_0_relaxed.cif,True,True,10.406613448419508,0.72806853,,True,False,,True,True,True,,
matinvent_style_target12_eval32_topk025_loop0009_e1_replay4_cut03_gpu_20260731,branch_b,0014,online_evaluation,gen_1,data/structures/reward_guided/branch_b/0014/generated/gen_1.cif,True,data/structures/reward_guided/branch_b/0014/relaxed/gen_1_relaxed.cif,True,True,12.668477260419074,0.94567364,,True,False,,True,True,True,,
matinvent_style_target12_eval32_topk025_loop0009_e1_replay4_cut03_gpu_20260731,branch_b,0014,online_evaluation,gen_10,data/structures/reward_guided/branch_b/0014/generated/gen_10.cif,True,data/structures/reward_guided/branch_b/0014/relaxed/gen_10_relaxed.cif,False,False,,,,False,False,,,,,,
matinvent_style_target12_eval32_topk025_loop0009_e1_replay4_cut03_gpu_20260731,branch_b,0014,online_evaluation,gen_11,data/structures/reward_guided/branch_b/0014/generated/gen_11.cif,True,data/structures/reward_guided/branch_b/0014/relaxed/gen_11_relaxed.cif,False,False,,,,False,False,,,,,,
matinvent_style_target12_eval32_topk025_loop0009_e1_replay4_cut03_gpu_20260731,branch_b,0014,online_evaluation,gen_12,data/structures/reward_guided/branch_b/0014/generated/gen_12.cif,True,data/structures/reward_guided/branch_b/0014/relaxed/gen_12_relaxed.cif,True,True,14.60082835659892,0.4293261,,False,False,,True,True,True,,
matinvent_style_target12_eval32_topk025_loop0009_e1_replay4_cut03_gpu_20260731,branch_b,0014,online_evaluation,gen_13,data/structures/reward_guided/branch_b/0014/generated/gen_13.cif,True,data/structures/reward_guided/branch_b/0014/relaxed/gen_13_relaxed.cif,False,False,,,,False,False,,,,,,
matinvent_style_target12_eval32_topk025_loop0009_e1_replay4_cut03_gpu_20260731,branch_b,0014,online_evaluation,gen_14,data/structures/reward_guided/branch_b/0014/generated/gen_14.cif,True,data/structures/reward_guided/branch_b/0014/relaxed/gen_14_relaxed.cif,False,False,,,,False,False,,,,,,
matinvent_style_target12_eval32_topk025_loop0009_e1_replay4_cut03_gpu_20260731,branch_b,0014,online_evaluation,gen_15,data/structures/reward_guided/branch_b/0014/generated/gen_15.cif,True,data/structures/reward_guided/branch_b/0014/relaxed/gen_15_relaxed.cif,False,False,,,,False,False,,,,,,
matinvent_style_target12_eval32_topk025_loop0009_e1_replay4_cut03_gpu_20260731,branch_b,0014,online_evaluation,gen_16,data/structures/reward_guided/branch_b/0014/generated/gen_16.cif,,,False,False,,,,False,False,,,,,,invalid_raw_structure
matinvent_style_target12_eval32_topk025_loop0009_e1_replay4_cut03_gpu_20260731,branch_b,0014,online_evaluation,gen_17,data/structures/reward_guided/branch_b/0014/generated/gen_17.cif,True,data/structures/reward_guided/branch_b/0014/relaxed/gen_17_relaxed.cif,False,False,,,,False,False,,,,,,
matinvent_style_target12_eval32_topk025_loop0009_e1_replay4_cut03_gpu_20260731,branch_b,0014,online_evaluation,gen_18,data/structures/reward_guided/branch_b/0014/generated/gen_18.cif,True,data/structures/reward_guided/branch_b/0014/relaxed/gen_18_relaxed.cif,True,True,2.950316417647705,3.5816687e-05,,False,False,,True,True,True,,
matinvent_style_target12_eval32_topk025_loop0009_e1_replay4_cut03_gpu_20260731,branch_b,0014,online_evaluation,gen_19,data/structures/reward_guided/branch_b/0014/generated/gen_19.cif,True,data/structures/reward_guided/branch_b/0014/relaxed/gen_19_relaxed.cif,True,True,13.67079177885512,0.70543325,,False,False,,True,True,True,,
matinvent_style_target12_eval32_topk025_loop0009_e1_replay4_cut03_gpu_20260731,branch_b,0014,online_evaluation,gen_2,data/structures/reward_guided/branch_b/0014/generated/gen_2.cif,True,data/structures/reward_guided/branch_b/0014/relaxed/gen_2_relaxed.cif,False,False,,,,False,False,,,,,,
matinvent_style_target12_eval32_topk025_loop0009_e1_replay4_cut03_gpu_20260731,branch_b,0014,online_evaluation,gen_20,data/structures/reward_guided/branch_b/0014/generated/gen_20.cif,True,data/structures/reward_guided/branch_b/0014/relaxed/gen_20_relaxed.cif,False,False,,,,False,False,,,,,,
matinvent_style_target12_eval32_topk025_loop0009_e1_replay4_cut03_gpu_20260731,branch_b,0014,online_evaluation,gen_21,data/structures/reward_guided/branch_b/0014/generated/gen_21.cif,True,data/structures/reward_guided/branch_b/0014/relaxed/gen_21_relaxed.cif,False,False,,,,False,False,,,,,,
matinvent_style_target12_eval32_topk025_loop0009_e1_replay4_cut03_gpu_20260731,branch_b,0014,online_evaluation,gen_22,data/structures/reward_guided/branch_b/0014/generated/gen_22.cif,True,data/structures/reward_guided/branch_b/0014/relaxed/gen_22_relaxed.cif,False,False,,,,False,False,,,,,,
matinvent_style_target12_eval32_topk025_loop0009_e1_replay4_cut03_gpu_20260731,branch_b,0014,online_evaluation,gen_23,data/structures/reward_guided/branch_b/0014/generated/gen_23.cif,True,data/structures/reward_guided/branch_b/0014/relaxed/gen_23_relaxed.cif,False,False,,,,False,False,,,,,,
matinvent_style_target12_eval32_topk025_loop0009_e1_replay4_cut03_gpu_20260731,branch_b,0014,online_evaluation,gen_24,data/structures/reward_guided/branch_b/0014/generated/gen_24.cif,True,data/structures/reward_guided/branch_b/0014/relaxed/gen_24_relaxed.cif,True,True,22.55942198906608,8.850036e-07,,False,False,,True,True,True,,
matinvent_style_target12_eval32_topk025_loop0009_e1_replay4_cut03_gpu_20260731,branch_b,0014,online_evaluation,gen_25,data/structures/reward_guided/branch_b/0014/generated/gen_25.cif,True,data/structures/reward_guided/branch_b/0014/relaxed/gen_25_relaxed.cif,True,True,21.45138810034217,1.41458095e-05,,False,False,,True,True,True,,
matinvent_style_target12_eval32_topk025_loop0009_e1_replay4_cut03_gpu_20260731,branch_b,0014,online_evaluation,gen_26,data/structures/reward_guided/branch_b/0014/generated/gen_26.cif,True,data/structures/reward_guided/branch_b/0014/relaxed/gen_26_relaxed.cif,True,True,13.254641745532131,0.821383,,True,False,,True,True,True,,
matinvent_style_target12_eval32_topk025_loop0009_e1_replay4_cut03_gpu_20260731,branch_b,0014,online_evaluation,gen_27,data/structures/reward_guided/branch_b/0014/generated/gen_27.cif,True,data/structures/reward_guided/branch_b/0014/relaxed/gen_27_relaxed.cif,True,True,12.027876072126842,0.99990284,,True,False,,True,True,True,,
matinvent_style_target12_eval32_topk025_loop0009_e1_replay4_cut03_gpu_20260731,branch_b,0014,online_evaluation,gen_28,data/structures/reward_guided/branch_b/0014/generated/gen_28.cif,True,data/structures/reward_guided/branch_b/0014/relaxed/gen_28_relaxed.cif,False,False,,,,False,False,,,,,,
matinvent_style_target12_eval32_topk025_loop0009_e1_replay4_cut03_gpu_20260731,branch_b,0014,online_evaluation,gen_29,data/structures/reward_guided/branch_b/0014/generated/gen_29.cif,True,data/structures/reward_guided/branch_b/0014/relaxed/gen_29_relaxed.cif,True,True,15.088700403979798,0.303459,,False,False,,True,True,True,,
matinvent_style_target12_eval32_topk025_loop0009_e1_replay4_cut03_gpu_20260731,branch_b,0014,online_evaluation,gen_3,data/structures/reward_guided/branch_b/0014/generated/gen_3.cif,True,data/structures/reward_guided/branch_b/0014/relaxed/gen_3_relaxed.cif,False,False,,,,False,False,,,,,,
matinvent_style_target12_eval32_topk025_loop0009_e1_replay4_cut03_gpu_20260731,branch_b,0014,online_evaluation,gen_30,data/structures/reward_guided/branch_b/0014/generated/gen_30.cif,,,False,False,,,,False,False,,,,,,invalid_raw_structure
matinvent_style_target12_eval32_topk025_loop0009_e1_replay4_cut03_gpu_20260731,branch_b,0014,online_evaluation,gen_31,data/structures/reward_guided/branch_b/0014/generated/gen_31.cif,True,data/structures/reward_guided/branch_b/0014/relaxed/gen_31_relaxed.cif,False,False,,,,False,False,,,,,,
matinvent_style_target12_eval32_topk025_loop0009_e1_replay4_cut03_gpu_20260731,branch_b,0014,online_evaluation,gen_32,data/structures/reward_guided/branch_b/0014/generated/gen_32.cif,True,data/structures/reward_guided/branch_b/0014/relaxed/gen_32_relaxed.cif,False,False,,,,False,False,,,,,,
matinvent_style_target12_eval32_topk025_loop0009_e1_replay4_cut03_gpu_20260731,branch_b,0014,online_evaluation,gen_33,data/structures/reward_guided/branch_b/0014/generated/gen_33.cif,True,data/structures/reward_guided/branch_b/0014/relaxed/gen_33_relaxed.cif,True,True,46.64628308593408,0.0,,False,False,,True,True,True,,
matinvent_style_target12_eval32_topk025_loop0009_e1_replay4_cut03_gpu_20260731,branch_b,0014,online_evaluation,gen_34,data/structures/reward_guided/branch_b/0014/generated/gen_34.cif,True,data/structures/reward_guided/branch_b/0014/relaxed/gen_34_relaxed.cif,False,False,,,,False,False,,,,,,
matinvent_style_target12_eval32_topk025_loop0009_e1_replay4_cut03_gpu_20260731,branch_b,0014,online_evaluation,gen_35,data/structures/reward_guided/branch_b/0014/generated/gen_35.cif,True,data/structures/reward_guided/branch_b/0014/relaxed/gen_35_relaxed.cif,False,False,,,,False,False,,,,,,
matinvent_style_target12_eval32_topk025_loop0009_e1_replay4_cut03_gpu_20260731,branch_b,0014,online_evaluation,gen_36,data/structures/reward_guided/branch_b/0014/generated/gen_36.cif,True,data/structures/reward_guided/branch_b/0014/relaxed/gen_36_relaxed.cif,True,True,10.045589655998516,0.620354,,False,False,,True,True,True,,
matinvent_style_target12_eval32_topk025_loop0009_e1_replay4_cut03_gpu_20260731,branch_b,0014,online_evaluation,gen_37,data/structures/reward_guided/branch_b/0014/generated/gen_37.cif,True,data/structures/reward_guided/branch_b/0014/relaxed/gen_37_relaxed.cif,False,False,,,,False,False,,,,,,
matinvent_style_target12_eval32_topk025_loop0009_e1_replay4_cut03_gpu_20260731,branch_b,0014,online_evaluation,gen_38,data/structures/reward_guided/branch_b/0014/generated/gen_38.cif,True,data/structures/reward_guided/branch_b/0014/relaxed/gen_38_relaxed.cif,False,False,,,,False,False,,,,,,
matinvent_style_target12_eval32_topk025_loop0009_e1_replay4_cut03_gpu_20260731,branch_b,0014,online_evaluation,gen_39,data/structures/reward_guided/branch_b/0014/generated/gen_39.cif,,,False,False,,,,False,False,,,,,,invalid_raw_structure
matinvent_style_target12_eval32_topk025_loop0009_e1_replay4_cut03_gpu_20260731,branch_b,0014,online_evaluation,gen_4,data/structures/reward_guided/branch_b/0014/generated/gen_4.cif,,,False,False,,,,False,False,,,,,,invalid_raw_structure
matinvent_style_target12_eval32_topk025_loop0009_e1_replay4_cut03_gpu_20260731,branch_b,0014,online_evaluation,gen_40,data/structures/reward_guided/branch_b/0014/generated/gen_40.cif,,,False,False,,,,False,False,,,,,,invalid_raw_structure
matinvent_style_target12_eval32_topk025_loop0009_e1_replay4_cut03_gpu_20260731,branch_b,0014,online_evaluation,gen_41,data/structures/reward_guided/branch_b/0014/generated/gen_41.cif,True,data/structures/reward_guided/branch_b/0014/relaxed/gen_41_relaxed.cif,False,False,,,,False,False,,,,,,
matinvent_style_target12_eval32_topk025_loop0009_e1_replay4_cut03_gpu_20260731,branch_b,0014,online_evaluation,gen_42,data/structures/reward_guided/branch_b/0014/generated/gen_42.cif,True,data/structures/reward_guided/branch_b/0014/relaxed/gen_42_relaxed.cif,False,False,,,,False,False,,,,,,
matinvent_style_target12_eval32_topk025_loop0009_e1_replay4_cut03_gpu_20260731,branch_b,0014,online_evaluation,gen_43,data/structures/reward_guided/branch_b/0014/generated/gen_43.cif,True,data/structures/reward_guided/branch_b/0014/relaxed/gen_43_relaxed.cif,False,False,,,,False,False,,,,,,
matinvent_style_target12_eval32_topk025_loop0009_e1_replay4_cut03_gpu_20260731,branch_b,0014,online_evaluation,gen_44,data/structures/reward_guided/branch_b/0014/generated/gen_44.cif,True,data/structures/reward_guided/branch_b/0014/relaxed/gen_44_relaxed.cif,True,True,14.254634485422097,0.52971184,,False,False,,True,True,True,,
matinvent_style_target12_eval32_topk025_loop0009_e1_replay4_cut03_gpu_20260731,branch_b,0014,online_evaluation,gen_45,data/structures/reward_guided/branch_b/0014/generated/gen_45.cif,True,data/structures/reward_guided/branch_b/0014/relaxed/gen_45_relaxed.cif,False,False,,,,False,False,,,,,,
matinvent_style_target12_eval32_topk025_loop0009_e1_replay4_cut03_gpu_20260731,branch_b,0014,online_evaluation,gen_46,data/structures/reward_guided/branch_b/0014/generated/gen_46.cif,True,data/structures/reward_guided/branch_b/0014/relaxed/gen_46_relaxed.cif,True,True,5.9142179397196655,0.009758731,,False,False,,True,True,True,,
matinvent_style_target12_eval32_topk025_loop0009_e1_replay4_cut03_gpu_20260731,branch_b,0014,online_evaluation,gen_47,data/structures/reward_guided/branch_b/0014/generated/gen_47.cif,True,data/structures/reward_guided/branch_b/0014/relaxed/gen_47_relaxed.cif,True,True,19.67747416149417,0.00063116,,False,False,,True,True,True,,
matinvent_style_target12_eval32_topk025_loop0009_e1_replay4_cut03_gpu_20260731,branch_b,0014,online_evaluation,gen_48,data/structures/reward_guided/branch_b/0014/generated/gen_48.cif,True,data/structures/reward_guided/branch_b/0014/relaxed/gen_48_relaxed.cif,True,True,25.267563932812905,2.7796343e-10,,False,False,,True,True,True,,
matinvent_style_target12_eval32_topk025_loop0009_e1_replay4_cut03_gpu_20260731,branch_b,0014,online_evaluation,gen_49,data/structures/reward_guided/branch_b/0014/generated/gen_49.cif,True,data/structures/reward_guided/branch_b/0014/relaxed/gen_49_relaxed.cif,False,False,,,,False,False,,,,,,
matinvent_style_target12_eval32_topk025_loop0009_e1_replay4_cut03_gpu_20260731,branch_b,0014,online_evaluation,gen_5,data/structures/reward_guided/branch_b/0014/generated/gen_5.cif,True,data/structures/reward_guided/branch_b/0014/relaxed/gen_5_relaxed.cif,False,False,,,,False,False,,,,,,
matinvent_style_target12_eval32_topk025_loop0009_e1_replay4_cut03_gpu_20260731,branch_b,0014,online_evaluation,gen_50,data/structures/reward_guided/branch_b/0014/generated/gen_50.cif,True,data/structures/reward_guided/branch_b/0014/relaxed/gen_50_relaxed.cif,True,True,9.710086394334036,0.5192016,,False,False,,True,True,True,,
matinvent_style_target12_eval32_topk025_loop0009_e1_replay4_cut03_gpu_20260731,branch_b,0014,online_evaluation,gen_51,data/structures/reward_guided/branch_b/0014/generated/gen_51.cif,True,data/structures/reward_guided/branch_b/0014/relaxed/gen_51_relaxed.cif,True,True,21.71409986842885,7.538653e-06,,False,False,,True,True,True,,
matinvent_style_target12_eval32_topk025_loop0009_e1_replay4_cut03_gpu_20260731,branch_b,0014,online_evaluation,gen_52,data/structures/reward_guided/branch_b/0014/generated/gen_52.cif,True,data/structures/reward_guided/branch_b/0014/relaxed/gen_52_relaxed.cif,False,False,,,,False,False,,,,,,
matinvent_style_target12_eval32_topk025_loop0009_e1_replay4_cut03_gpu_20260731,branch_b,0014,online_evaluation,gen_53,data/structures/reward_guided/branch_b/0014/generated/gen_53.cif,True,data/structures/reward_guided/branch_b/0014/relaxed/gen_53_relaxed.cif,False,False,,,,False,False,,,,,,
matinvent_style_target12_eval32_topk025_loop0009_e1_replay4_cut03_gpu_20260731,branch_b,0014,online_evaluation,gen_54,data/structures/reward_guided/branch_b/0014/generated/gen_54.cif,True,data/structures/reward_guided/branch_b/0014/relaxed/gen_54_relaxed.cif,True,True,12.401021894310247,0.98009837,,True,False,,True,True,True,,
matinvent_style_target12_eval32_topk025_loop0009_e1_replay4_cut03_gpu_20260731,branch_b,0014,online_evaluation,gen_55,data/structures/reward_guided/branch_b/0014/generated/gen_55.cif,True,data/structures/reward_guided/branch_b/0014/relaxed/gen_55_relaxed.cif,True,True,12.817090326848378,0.9199329,,True,False,,True,True,True,,
matinvent_style_target12_eval32_topk025_loop0009_e1_replay4_cut03_gpu_20260731,branch_b,0014,online_evaluation,gen_56,data/structures/reward_guided/branch_b/0014/generated/gen_56.cif,True,data/structures/reward_guided/branch_b/0014/relaxed/gen_56_relaxed.cif,False,False,,,,False,False,,,,,,
matinvent_style_target12_eval32_topk025_loop0009_e1_replay4_cut03_gpu_20260731,branch_b,0014,online_evaluation,gen_57,data/structures/reward_guided/branch_b/0014/generated/gen_57.cif,True,data/structures/reward_guided/branch_b/0014/relaxed/gen_57_relaxed.cif,False,False,,,,False,False,,,,,,
matinvent_style_target12_eval32_topk025_loop0009_e1_replay4_cut03_gpu_20260731,branch_b,0014,online_evaluation,gen_58,data/structures/reward_guided/branch_b/0014/generated/gen_58.cif,True,data/structures/reward_guided/branch_b/0014/relaxed/gen_58_relaxed.cif,True,True,13.016751785945736,0.878778,,True,False,,True,True,True,,
matinvent_style_target12_eval32_topk025_loop0009_e1_replay4_cut03_gpu_20260731,branch_b,0014,online_evaluation,gen_59,data/structures/reward_guided/branch_b/0014/generated/gen_59.cif,True,data/structures/reward_guided/branch_b/0014/relaxed/gen_59_relaxed.cif,False,False,,,,False,False,,,,,,
matinvent_style_target12_eval32_topk025_loop0009_e1_replay4_cut03_gpu_20260731,branch_b,0014,online_evaluation,gen_6,data/structures/reward_guided/branch_b/0014/generated/gen_6.cif,True,data/structures/reward_guided/branch_b/0014/relaxed/gen_6_relaxed.cif,False,False,,,,False,False,,,,,,
matinvent_style_target12_eval32_topk025_loop0009_e1_replay4_cut03_gpu_20260731,branch_b,0014,online_evaluation,gen_60,data/structures/reward_guided/branch_b/0014/generated/gen_60.cif,True,data/structures/reward_guided/branch_b/0014/relaxed/gen_60_relaxed.cif,False,False,,,,False,False,,,,,,
matinvent_style_target12_eval32_topk025_loop0009_e1_replay4_cut03_gpu_20260731,branch_b,0014,online_evaluation,gen_61,data/structures/reward_guided/branch_b/0014/generated/gen_61.cif,True,data/structures/reward_guided/branch_b/0014/relaxed/gen_61_relaxed.cif,True,True,11.992990716237385,0.99999386,,True,False,,True,True,True,,
matinvent_style_target12_eval32_topk025_loop0009_e1_replay4_cut03_gpu_20260731,branch_b,0014,online_evaluation,gen_62,data/structures/reward_guided/branch_b/0014/generated/gen_62.cif,True,data/structures/reward_guided/branch_b/0014/relaxed/gen_62_relaxed.cif,False,False,,,,False,False,,,,,,
matinvent_style_target12_eval32_topk025_loop0009_e1_replay4_cut03_gpu_20260731,branch_b,0014,online_evaluation,gen_63,data/structures/reward_guided/branch_b/0014/generated/gen_63.cif,True,data/structures/reward_guided/branch_b/0014/relaxed/gen_63_relaxed.cif,False,False,,,,False,False,,,,,,
matinvent_style_target12_eval32_topk025_loop0009_e1_replay4_cut03_gpu_20260731,branch_b,0014,online_evaluation,gen_7,data/structures/reward_guided/branch_b/0014/generated/gen_7.cif,True,data/structures/reward_guided/branch_b/0014/relaxed/gen_7_relaxed.cif,False,False,,,,False,False,,,,,,
matinvent_style_target12_eval32_topk025_loop0009_e1_replay4_cut03_gpu_20260731,branch_b,0014,online_evaluation,gen_8,data/structures/reward_guided/branch_b/0014/generated/gen_8.cif,True,data/structures/reward_guided/branch_b/0014/relaxed/gen_8_relaxed.cif,False,False,,,,False,False,,,,,,
matinvent_style_target12_eval32_topk025_loop0009_e1_replay4_cut03_gpu_20260731,branch_b,0014,online_evaluation,gen_9,data/structures/reward_guided/branch_b/0014/generated/gen_9.cif,True,data/structures/reward_guided/branch_b/0014/relaxed/gen_9_relaxed.cif,False,False,,,,False,False,,,,,,
matinvent_style_target12_eval32_topk025_loop0009_e1_replay4_cut03_gpu_20260731,branch_b,0015,online_evaluation,gen_0,data/structures/reward_guided/branch_b/0015/generated/gen_0.cif,True,data/structures/reward_guided/branch_b/0015/relaxed/gen_0_relaxed.cif,True,True,13.148592137094084,0.84797174,,True,False,,True,True,True,,
matinvent_style_target12_eval32_topk025_loop0009_e1_replay4_cut03_gpu_20260731,branch_b,0015,online_evaluation,gen_1,data/structures/reward_guided/branch_b/0015/generated/gen_1.cif,True,data/structures/reward_guided/branch_b/0015/relaxed/gen_1_relaxed.cif,True,True,15.792463211276536,0.16565514,,False,False,,True,True,True,,
matinvent_style_target12_eval32_topk025_loop0009_e1_replay4_cut03_gpu_20260731,branch_b,0015,online_evaluation,gen_10,data/structures/reward_guided/branch_b/0015/generated/gen_10.cif,True,data/structures/reward_guided/branch_b/0015/relaxed/gen_10_relaxed.cif,False,False,,,,False,False,,,,,,
matinvent_style_target12_eval32_topk025_loop0009_e1_replay4_cut03_gpu_20260731,branch_b,0015,online_evaluation,gen_11,data/structures/reward_guided/branch_b/0015/generated/gen_11.cif,,,False,False,,,,False,False,,,,,,invalid_raw_structure
matinvent_style_target12_eval32_topk025_loop0009_e1_replay4_cut03_gpu_20260731,branch_b,0015,online_evaluation,gen_12,data/structures/reward_guided/branch_b/0015/generated/gen_12.cif,True,data/structures/reward_guided/branch_b/0015/relaxed/gen_12_relaxed.cif,True,True,20.25114003696282,0.00020141079,,False,False,,True,True,True,,
matinvent_style_target12_eval32_topk025_loop0009_e1_replay4_cut03_gpu_20260731,branch_b,0015,online_evaluation,gen_13,data/structures/reward_guided/branch_b/0015/generated/gen_13.cif,True,data/structures/reward_guided/branch_b/0015/relaxed/gen_13_relaxed.cif,False,False,,,,False,False,,,,,,
matinvent_style_target12_eval32_topk025_loop0009_e1_replay4_cut03_gpu_20260731,branch_b,0015,online_evaluation,gen_14,data/structures/reward_guided/branch_b/0015/generated/gen_14.cif,True,data/structures/reward_guided/branch_b/0015/relaxed/gen_14_relaxed.cif,True,True,1.932342527945779,3.1449397e-06,,False,False,,True,True,True,,
matinvent_style_target12_eval32_topk025_loop0009_e1_replay4_cut03_gpu_20260731,branch_b,0015,online_evaluation,gen_15,data/structures/reward_guided/branch_b/0015/generated/gen_15.cif,True,data/structures/reward_guided/branch_b/0015/relaxed/gen_15_relaxed.cif,True,True,10.91946151192525,0.8642049,,True,False,,True,True,True,,
matinvent_style_target12_eval32_topk025_loop0009_e1_replay4_cut03_gpu_20260731,branch_b,0015,online_evaluation,gen_16,data/structures/reward_guided/branch_b/0015/generated/gen_16.cif,True,data/structures/reward_guided/branch_b/0015/relaxed/gen_16_relaxed.cif,True,True,13.142666513753255,0.8494121,,True,False,,True,True,True,,
matinvent_style_target12_eval32_topk025_loop0009_e1_replay4_cut03_gpu_20260731,branch_b,0015,online_evaluation,gen_17,data/structures/reward_guided/branch_b/0015/generated/gen_17.cif,True,data/structures/reward_guided/branch_b/0015/relaxed/gen_17_relaxed.cif,False,False,,,,False,False,,,,,,
matinvent_style_target12_eval32_topk025_loop0009_e1_replay4_cut03_gpu_20260731,branch_b,0015,online_evaluation,gen_18,data/structures/reward_guided/branch_b/0015/generated/gen_18.cif,True,data/structures/reward_guided/branch_b/0015/relaxed/gen_18_relaxed.cif,True,True,25.33722026917881,2.204874e-10,,False,False,,True,True,True,,
matinvent_style_target12_eval32_topk025_loop0009_e1_replay4_cut03_gpu_20260731,branch_b,0015,online_evaluation,gen_19,data/structures/reward_guided/branch_b/0015/generated/gen_19.cif,,,False,False,,,,False,False,,,,,,invalid_raw_structure
matinvent_style_target12_eval32_topk025_loop0009_e1_replay4_cut03_gpu_20260731,branch_b,0015,online_evaluation,gen_2,data/structures/reward_guided/branch_b/0015/generated/gen_2.cif,True,data/structures/reward_guided/branch_b/0015/relaxed/gen_2_relaxed.cif,False,False,,,,False,False,,,,,,
matinvent_style_target12_eval32_topk025_loop0009_e1_replay4_cut03_gpu_20260731,branch_b,0015,online_evaluation,gen_20,data/structures/reward_guided/branch_b/0015/generated/gen_20.cif,True,data/structures/reward_guided/branch_b/0015/relaxed/gen_20_relaxed.cif,False,False,,,,False,False,,,,,,
matinvent_style_target12_eval32_topk025_loop0009_e1_replay4_cut03_gpu_20260731,branch_b,0015,online_evaluation,gen_21,data/structures/reward_guided/branch_b/0015/generated/gen_21.cif,True,data/structures/reward_guided/branch_b/0015/relaxed/gen_21_relaxed.cif,False,False,,,,False,False,,,,,,
matinvent_style_target12_eval32_topk025_loop0009_e1_replay4_cut03_gpu_20260731,branch_b,0015,online_evaluation,gen_22,data/structures/reward_guided/branch_b/0015/generated/gen_22.cif,,,False,False,,,,False,False,,,,,,invalid_raw_structure
matinvent_style_target12_eval32_topk025_loop0009_e1_replay4_cut03_gpu_20260731,branch_b,0015,online_evaluation,gen_23,data/structures/reward_guided/branch_b/0015/generated/gen_23.cif,True,data/structures/reward_guided/branch_b/0015/relaxed/gen_23_relaxed.cif,False,False,,,,False,False,,,,,,
matinvent_style_target12_eval32_topk025_loop0009_e1_replay4_cut03_gpu_20260731,branch_b,0015,online_evaluation,gen_24,data/structures/reward_guided/branch_b/0015/generated/gen_24.cif,True,data/structures/reward_guided/branch_b/0015/relaxed/gen_24_relaxed.cif,False,False,,,,False,False,,,,,,
matinvent_style_target12_eval32_topk025_loop0009_e1_replay4_cut03_gpu_20260731,branch_b,0015,online_evaluation,gen_25,data/structures/reward_guided/branch_b/0015/generated/gen_25.cif,,,False,False,,,,False,False,,,,,,invalid_raw_structure
matinvent_style_target12_eval32_topk025_loop0009_e1_replay4_cut03_gpu_20260731,branch_b,0015,online_evaluation,gen_26,data/structures/reward_guided/branch_b/0015/generated/gen_26.cif,True,data/structures/reward_guided/branch_b/0015/relaxed/gen_26_relaxed.cif,True,True,14.956201045485017,0.3354137,,False,False,,True,True,True,,
matinvent_style_target12_eval32_topk025_loop0009_e1_replay4_cut03_gpu_20260731,branch_b,0015,online_evaluation,gen_27,data/structures/reward_guided/branch_b/0015/generated/gen_27.cif,True,data/structures/reward_guided/branch_b/0015/relaxed/gen_27_relaxed.cif,False,False,,,,False,False,,,,,,
matinvent_style_target12_eval32_topk025_loop0009_e1_replay4_cut03_gpu_20260731,branch_b,0015,online_evaluation,gen_28,data/structures/reward_guided/branch_b/0015/generated/gen_28.cif,True,data/structures/reward_guided/branch_b/0015/relaxed/gen_28_relaxed.cif,False,False,,,,False,False,,,,,,
matinvent_style_target12_eval32_topk025_loop0009_e1_replay4_cut03_gpu_20260731,branch_b,0015,online_evaluation,gen_29,data/structures/reward_guided/branch_b/0015/generated/gen_29.cif,True,data/structures/reward_guided/branch_b/0015/relaxed/gen_29_relaxed.cif,True,True,14.414953435042667,0.48239115,,False,False,,True,True,True,,
matinvent_style_target12_eval32_topk025_loop0009_e1_replay4_cut03_gpu_20260731,branch_b,0015,online_evaluation,gen_3,data/structures/reward_guided/branch_b/0015/generated/gen_3.cif,True,data/structures/reward_guided/branch_b/0015/relaxed/gen_3_relaxed.cif,True,True,19.013487384245067,0.0021364158,,False,False,,True,True,True,,
matinvent_style_target12_eval32_topk025_loop0009_e1_replay4_cut03_gpu_20260731,branch_b,0015,online_evaluation,gen_30,data/structures/reward_guided/branch_b/0015/generated/gen_30.cif,True,data/structures/reward_guided/branch_b/0015/relaxed/gen_30_relaxed.cif,True,True,13.855242395909642,0.65035266,,True,False,,True,True,True,,
matinvent_style_target12_eval32_topk025_loop0009_e1_replay4_cut03_gpu_20260731,branch_b,0015,online_evaluation,gen_31,data/structures/reward_guided/branch_b/0015/generated/gen_31.cif,True,data/structures/reward_guided/branch_b/0015/relaxed/gen_31_relaxed.cif,True,True,18.6144398925578,0.00421607,,False,False,,True,True,True,,
matinvent_style_target12_eval32_topk025_loop0009_e1_replay4_cut03_gpu_20260731,branch_b,0015,online_evaluation,gen_32,data/structures/reward_guided/branch_b/0015/generated/gen_32.cif,,,False,False,,,,False,False,,,,,,invalid_raw_structure
matinvent_style_target12_eval32_topk025_loop0009_e1_replay4_cut03_gpu_20260731,branch_b,0015,online_evaluation,gen_33,data/structures/reward_guided/branch_b/0015/generated/gen_33.cif,True,data/structures/reward_guided/branch_b/0015/relaxed/gen_33_relaxed.cif,False,False,,,,False,False,,,,,,
matinvent_style_target12_eval32_topk025_loop0009_e1_replay4_cut03_gpu_20260731,branch_b,0015,online_evaluation,gen_34,data/structures/reward_guided/branch_b/0015/generated/gen_34.cif,True,data/structures/reward_guided/branch_b/0015/relaxed/gen_34_relaxed.cif,False,False,,,,False,False,,,,,,
matinvent_style_target12_eval32_topk025_loop0009_e1_replay4_cut03_gpu_20260731,branch_b,0015,online_evaluation,gen_35,data/structures/reward_guided/branch_b/0015/generated/gen_35.cif,True,data/structures/reward_guided/branch_b/0015/relaxed/gen_35_relaxed.cif,False,False,,,,False,False,,,,,,
matinvent_style_target12_eval32_topk025_loop0009_e1_replay4_cut03_gpu_20260731,branch_b,0015,online_evaluation,gen_36,data/structures/reward_guided/branch_b/0015/generated/gen_36.cif,True,data/structures/reward_guided/branch_b/0015/relaxed/gen_36_relaxed.cif,False,False,,,,False,False,,,,,,
matinvent_style_target12_eval32_topk025_loop0009_e1_replay4_cut03_gpu_20260731,branch_b,0015,online_evaluation,gen_37,data/structures/reward_guided/branch_b/0015/generated/gen_37.cif,True,data/structures/reward_guided/branch_b/0015/relaxed/gen_37_relaxed.cif,False,False,,,,False,False,,,,,,
matinvent_style_target12_eval32_topk025_loop0009_e1_replay4_cut03_gpu_20260731,branch_b,0015,online_evaluation,gen_38,data/structures/reward_guided/branch_b/0015/generated/gen_38.cif,True,data/structures/reward_guided/branch_b/0015/relaxed/gen_38_relaxed.cif,False,False,,,,False,False,,,,,,
matinvent_style_target12_eval32_topk025_loop0009_e1_replay4_cut03_gpu_20260731,branch_b,0015,online_evaluation,gen_39,data/structures/reward_guided/branch_b/0015/generated/gen_39.cif,True,data/structures/reward_guided/branch_b/0015/relaxed/gen_39_relaxed.cif,False,False,,,,False,False,,,,,,
matinvent_style_target12_eval32_topk025_loop0009_e1_replay4_cut03_gpu_20260731,branch_b,0015,online_evaluation,gen_4,data/structures/reward_guided/branch_b/0015/generated/gen_4.cif,True,data/structures/reward_guided/branch_b/0015/relaxed/gen_4_relaxed.cif,True,True,8.93519321893416,0.30908775,,False,False,,True,True,True,,
matinvent_style_target12_eval32_topk025_loop0009_e1_replay4_cut03_gpu_20260731,branch_b,0015,online_evaluation,gen_40,data/structures/reward_guided/branch_b/0015/generated/gen_40.cif,True,data/structures/reward_guided/branch_b/0015/relaxed/gen_40_relaxed.cif,True,True,10.493477794783402,0.7529917,,True,False,,True,True,True,,
matinvent_style_target12_eval32_topk025_loop0009_e1_replay4_cut03_gpu_20260731,branch_b,0015,online_evaluation,gen_41,data/structures/reward_guided/branch_b/0015/generated/gen_41.cif,True,data/structures/reward_guided/branch_b/0015/relaxed/gen_41_relaxed.cif,False,False,,,,False,False,,,,,,
matinvent_style_target12_eval32_topk025_loop0009_e1_replay4_cut03_gpu_20260731,branch_b,0015,online_evaluation,gen_42,data/structures/reward_guided/branch_b/0015/generated/gen_42.cif,True,data/structures/reward_guided/branch_b/0015/relaxed/gen_42_relaxed.cif,False,False,,,,False,False,,,,,,
matinvent_style_target12_eval32_topk025_loop0009_e1_replay4_cut03_gpu_20260731,branch_b,0015,online_evaluation,gen_43,data/structures/reward_guided/branch_b/0015/generated/gen_43.cif,True,data/structures/reward_guided/branch_b/0015/relaxed/gen_43_relaxed.cif,True,True,4.756036945779452,0.0014167707,,False,False,,True,True,True,,
matinvent_style_target12_eval32_topk025_loop0009_e1_replay4_cut03_gpu_20260731,branch_b,0015,online_evaluation,gen_44,data/structures/reward_guided/branch_b/0015/generated/gen_44.cif,,,False,False,,,,False,False,,,,,,invalid_raw_structure
matinvent_style_target12_eval32_topk025_loop0009_e1_replay4_cut03_gpu_20260731,branch_b,0015,online_evaluation,gen_45,data/structures/reward_guided/branch_b/0015/generated/gen_45.cif,True,data/structures/reward_guided/branch_b/0015/relaxed/gen_45_relaxed.cif,False,False,,,,False,False,,,,,,
matinvent_style_target12_eval32_topk025_loop0009_e1_replay4_cut03_gpu_20260731,branch_b,0015,online_evaluation,gen_46,data/structures/reward_guided/branch_b/0015/generated/gen_46.cif,,,False,False,,,,False,False,,,,,,invalid_raw_structure
matinvent_style_target12_eval32_topk025_loop0009_e1_replay4_cut03_gpu_20260731,branch_b,0015,online_evaluation,gen_47,data/structures/reward_guided/branch_b/0015/generated/gen_47.cif,True,data/structures/reward_guided/branch_b/0015/relaxed/gen_47_relaxed.cif,False,False,,,,False,False,,,,,,
matinvent_style_target12_eval32_topk025_loop0009_e1_replay4_cut03_gpu_20260731,branch_b,0015,online_evaluation,gen_48,data/structures/reward_guided/branch_b/0015/generated/gen_48.cif,True,data/structures/reward_guided/branch_b/0015/relaxed/gen_48_relaxed.cif,False,False,,,,False,False,,,,,,
matinvent_style_target12_eval32_topk025_loop0009_e1_replay4_cut03_gpu_20260731,branch_b,0015,online_evaluation,gen_49,data/structures/reward_guided/branch_b/0015/generated/gen_49.cif,True,data/structures/reward_guided/branch_b/0015/relaxed/gen_49_relaxed.cif,False,False,,,,False,False,,,,,,
matinvent_style_target12_eval32_topk025_loop0009_e1_replay4_cut03_gpu_20260731,branch_b,0015,online_evaluation,gen_5,data/structures/reward_guided/branch_b/0015/generated/gen_5.cif,True,data/structures/reward_guided/branch_b/0015/relaxed/gen_5_relaxed.cif,False,False,,,,False,False,,,,,,
matinvent_style_target12_eval32_topk025_loop0009_e1_replay4_cut03_gpu_20260731,branch_b,0015,online_evaluation,gen_50,data/structures/reward_guided/branch_b/0015/generated/gen_50.cif,,,False,False,,,,False,False,,,,,,invalid_raw_structure
matinvent_style_target12_eval32_topk025_loop0009_e1_replay4_cut03_gpu_20260731,branch_b,0015,online_evaluation,gen_51,data/structures/reward_guided/branch_b/0015/generated/gen_51.cif,True,data/structures/reward_guided/branch_b/0015/relaxed/gen_51_relaxed.cif,True,True,18.612629501448367,0.004228709,,False,False,,True,True,True,,
matinvent_style_target12_eval32_topk025_loop0009_e1_replay4_cut03_gpu_20260731,branch_b,0015,online_evaluation,gen_52,data/structures/reward_guided/branch_b/0015/generated/gen_52.cif,True,data/structures/reward_guided/branch_b/0015/relaxed/gen_52_relaxed.cif,False,False,,,,False,False,,,,,,
matinvent_style_target12_eval32_topk025_loop0009_e1_replay4_cut03_gpu_20260731,branch_b,0015,online_evaluation,gen_53,data/structures/reward_guided/branch_b/0015/generated/gen_53.cif,True,data/structures/reward_guided/branch_b/0015/relaxed/gen_53_relaxed.cif,False,False,,,,False,False,,,,,,
matinvent_style_target12_eval32_topk025_loop0009_e1_replay4_cut03_gpu_20260731,branch_b,0015,online_evaluation,gen_54,data/structures/reward_guided/branch_b/0015/generated/gen_54.cif,True,data/structures/reward_guided/branch_b/0015/relaxed/gen_54_relaxed.cif,False,False,,,,False,False,,,,,,
matinvent_style_target12_eval32_topk025_loop0009_e1_replay4_cut03_gpu_20260731,branch_b,0015,online_evaluation,gen_55,data/structures/reward_guided/branch_b/0015/generated/gen_55.cif,True,data/structures/reward_guided/branch_b/0015/relaxed/gen_55_relaxed.cif,True,True,3.446930598473117,0.000106819025,,False,False,,True,True,True,,
matinvent_style_target12_eval32_topk025_loop0009_e1_replay4_cut03_gpu_20260731,branch_b,0015,online_evaluation,gen_56,data/structures/reward_guided/branch_b/0015/generated/gen_56.cif,True,data/structures/reward_guided/branch_b/0015/relaxed/gen_56_relaxed.cif,False,False,,,,False,False,,,,,,
matinvent_style_target12_eval32_topk025_loop0009_e1_replay4_cut03_gpu_20260731,branch_b,0015,online_evaluation,gen_57,data/structures/reward_guided/branch_b/0015/generated/gen_57.cif,True,data/structures/reward_guided/branch_b/0015/relaxed/gen_57_relaxed.cif,False,False,,,,False,False,,,,,,
matinvent_style_target12_eval32_topk025_loop0009_e1_replay4_cut03_gpu_20260731,branch_b,0015,online_evaluation,gen_58,data/structures/reward_guided/branch_b/0015/generated/gen_58.cif,True,data/structures/reward_guided/branch_b/0015/relaxed/gen_58_relaxed.cif,False,False,,,,False,False,,,,,,
matinvent_style_target12_eval32_topk025_loop0009_e1_replay4_cut03_gpu_20260731,branch_b,0015,online_evaluation,gen_59,data/structures/reward_guided/branch_b/0015/generated/gen_59.cif,True,data/structures/reward_guided/branch_b/0015/relaxed/gen_59_relaxed.cif,True,True,13.192719278914767,0.8370911,,True,False,,True,True,True,,
matinvent_style_target12_eval32_topk025_loop0009_e1_replay4_cut03_gpu_20260731,branch_b,0015,online_evaluation,gen_6,data/structures/reward_guided/branch_b/0015/generated/gen_6.cif,True,data/structures/reward_guided/branch_b/0015/relaxed/gen_6_relaxed.cif,False,False,,,,False,False,,,,,,
matinvent_style_target12_eval32_topk025_loop0009_e1_replay4_cut03_gpu_20260731,branch_b,0015,online_evaluation,gen_60,data/structures/reward_guided/branch_b/0015/generated/gen_60.cif,True,data/structures/reward_guided/branch_b/0015/relaxed/gen_60_relaxed.cif,True,True,24.217274759086564,7.889561e-09,,False,False,,True,True,True,,
matinvent_style_target12_eval32_topk025_loop0009_e1_replay4_cut03_gpu_20260731,branch_b,0015,online_evaluation,gen_61,data/structures/reward_guided/branch_b/0015/generated/gen_61.cif,True,data/structures/reward_guided/branch_b/0015/relaxed/gen_61_relaxed.cif,False,False,,,,False,False,,,,,,
matinvent_style_target12_eval32_topk025_loop0009_e1_replay4_cut03_gpu_20260731,branch_b,0015,online_evaluation,gen_62,data/structures/reward_guided/branch_b/0015/generated/gen_62.cif,True,data/structures/reward_guided/branch_b/0015/relaxed/gen_62_relaxed.cif,True,True,11.081745978436189,0.8999655,,True,False,,True,True,True,,
matinvent_style_target12_eval32_topk025_loop0009_e1_replay4_cut03_gpu_20260731,branch_b,0015,online_evaluation,gen_63,data/structures/reward_guided/branch_b/0015/generated/gen_63.cif,True,data/structures/reward_guided/branch_b/0015/relaxed/gen_63_relaxed.cif,True,True,12.208928668391836,0.99455845,,True,False,,True,True,True,,
matinvent_style_target12_eval32_topk025_loop0009_e1_replay4_cut03_gpu_20260731,branch_b,0015,online_evaluation,gen_7,data/structures/reward_guided/branch_b/0015/generated/gen_7.cif,True,data/structures/reward_guided/branch_b/0015/relaxed/gen_7_relaxed.cif,False,False,,,,False,False,,,,,,
matinvent_style_target12_eval32_topk025_loop0009_e1_replay4_cut03_gpu_20260731,branch_b,0015,online_evaluation,gen_8,data/structures/reward_guided/branch_b/0015/generated/gen_8.cif,True,data/structures/reward_guided/branch_b/0015/relaxed/gen_8_relaxed.cif,False,False,,,,False,False,,,,,,
matinvent_style_target12_eval32_topk025_loop0009_e1_replay4_cut03_gpu_20260731,branch_b,0015,online_evaluation,gen_9,data/structures/reward_guided/branch_b/0015/generated/gen_9.cif,True,data/structures/reward_guided/branch_b/0015/relaxed/gen_9_relaxed.cif,True,True,6.915253276177379,0.03948513,,False,False,,True,True,True,,
eval_loop0010_repeat02_20260730_gpu,independent_repeat,loop0010_repeat,independent_repeat,gen_13,data/structures/reward_guided/independent_repeat/loop0010_repeat/generated/gen_13.cif,True,data/structures/reward_guided/independent_repeat/loop0010_repeat/relaxed/gen_13_relaxed.cif,True,True,23.0439802984685,2.391469538941181e-07,,False,False,,True,True,True,,
eval_loop0010_repeat02_20260730_gpu,independent_repeat,loop0010_repeat,independent_repeat,gen_14,data/structures/reward_guided/independent_repeat/loop0010_repeat/generated/gen_14.cif,True,data/structures/reward_guided/independent_repeat/loop0010_repeat/relaxed/gen_14_relaxed.cif,True,True,11.380939330858451,0.9532248023462792,,False,False,,True,True,True,,
eval_loop0010_repeat02_20260730_gpu,independent_repeat,loop0010_repeat,independent_repeat,gen_16,data/structures/reward_guided/independent_repeat/loop0010_repeat/generated/gen_16.cif,True,data/structures/reward_guided/independent_repeat/loop0010_repeat/relaxed/gen_16_relaxed.cif,True,True,16.10359748925411,0.1218531016927632,,False,False,,True,True,True,,
eval_loop0010_repeat02_20260730_gpu,independent_repeat,loop0010_repeat,independent_repeat,gen_17,data/structures/reward_guided/independent_repeat/loop0010_repeat/generated/gen_17.cif,True,data/structures/reward_guided/independent_repeat/loop0010_repeat/relaxed/gen_17_relaxed.cif,True,True,18.28646841683835,0.0071548799507356,,False,False,,True,True,True,,
eval_loop0010_repeat02_20260730_gpu,independent_repeat,loop0010_repeat,independent_repeat,gen_19,data/structures/reward_guided/independent_repeat/loop0010_repeat/generated/gen_19.cif,True,data/structures/reward_guided/independent_repeat/loop0010_repeat/relaxed/gen_19_relaxed.cif,True,True,4.072522339875596,0.0003875705130858,,False,False,,True,True,True,,
eval_loop0010_repeat02_20260730_gpu,independent_repeat,loop0010_repeat,independent_repeat,gen_25,data/structures/reward_guided/independent_repeat/loop0010_repeat/generated/gen_25.cif,True,data/structures/reward_guided/independent_repeat/loop0010_repeat/relaxed/gen_25_relaxed.cif,True,True,4.913749064013875,0.0018792753267029,,False,False,,True,True,True,,
eval_loop0010_repeat02_20260730_gpu,independent_repeat,loop0010_repeat,independent_repeat,gen_30,data/structures/reward_guided/independent_repeat/loop0010_repeat/generated/gen_30.cif,True,data/structures/reward_guided/independent_repeat/loop0010_repeat/relaxed/gen_30_relaxed.cif,True,True,13.557670801368907,0.7383832422862159,,False,False,,True,True,True,,
eval_loop0010_repeat02_20260730_gpu,independent_repeat,loop0010_repeat,independent_repeat,gen_34,data/structures/reward_guided/independent_repeat/loop0010_repeat/generated/gen_34.cif,True,data/structures/reward_guided/independent_repeat/loop0010_repeat/relaxed/gen_34_relaxed.cif,True,True,4.921078558720706,0.0019038234048358,,False,False,,True,True,True,,
eval_loop0010_repeat02_20260730_gpu,independent_repeat,loop0010_repeat,independent_repeat,gen_38,data/structures/reward_guided/independent_repeat/loop0010_repeat/generated/gen_38.cif,True,data/structures/reward_guided/independent_repeat/loop0010_repeat/relaxed/gen_38_relaxed.cif,True,True,15.33034473571685,0.249973714826986,,False,False,,True,True,True,,
eval_loop0010_repeat02_20260730_gpu,independent_repeat,loop0010_repeat,independent_repeat,gen_4,data/structures/reward_guided/independent_repeat/loop0010_repeat/generated/gen_4.cif,True,data/structures/reward_guided/independent_repeat/loop0010_repeat/relaxed/gen_4_relaxed.cif,True,True,19.21901261463161,0.0014821405904211,,False,False,,True,True,True,,
eval_loop0010_repeat02_20260730_gpu,independent_repeat,loop0010_repeat,independent_repeat,gen_40,data/structures/reward_guided/independent_repeat/loop0010_repeat/generated/gen_40.cif,True,data/structures/reward_guided/independent_repeat/loop0010_repeat/relaxed/gen_40_relaxed.cif,True,True,11.07721931465788,0.8990285170518395,,False,False,,True,True,True,,
eval_loop0010_repeat02_20260730_gpu,independent_repeat,loop0010_repeat,independent_repeat,gen_42,data/structures/reward_guided/independent_repeat/loop0010_repeat/generated/gen_42.cif,True,data/structures/reward_guided/independent_repeat/loop0010_repeat/relaxed/gen_42_relaxed.cif,True,True,11.0330503083947,0.8896973206453194,,False,False,,True,True,True,,
eval_loop0010_repeat02_20260730_gpu,independent_repeat,loop0010_repeat,independent_repeat,gen_47,data/structures/reward_guided/independent_repeat/loop0010_repeat/generated/gen_47.cif,True,data/structures/reward_guided/independent_repeat/loop0010_repeat/relaxed/gen_47_relaxed.cif,True,True,4.04299094157076,0.000365498221585,,False,False,,True,True,True,,
eval_loop0010_repeat02_20260730_gpu,independent_repeat,loop0010_repeat,independent_repeat,gen_48,data/structures/reward_guided/independent_repeat/loop0010_repeat/generated/gen_48.cif,True,data/structures/reward_guided/independent_repeat/loop0010_repeat/relaxed/gen_48_relaxed.cif,True,True,12.996022731892864,0.8833730739488485,,False,False,,True,True,True,,
eval_loop0010_repeat02_20260730_gpu,independent_repeat,loop0010_repeat,independent_repeat,gen_54,data/structures/reward_guided/independent_repeat/loop0010_repeat/generated/gen_54.cif,True,data/structures/reward_guided/independent_repeat/loop0010_repeat/relaxed/gen_54_relaxed.cif,True,True,14.126348717036455,0.5682636142648544,,False,False,,True,True,True,,
eval_loop0010_repeat02_20260730_gpu,independent_repeat,loop0010_repeat,independent_repeat,gen_56,data/structures/reward_guided/independent_repeat/loop0010_repeat/generated/gen_56.cif,True,data/structures/reward_guided/independent_repeat/loop0010_repeat/relaxed/gen_56_relaxed.cif,True,True,8.79293818842094,0.2764692480277665,,False,False,,True,True,True,,
eval_loop0010_repeat02_20260730_gpu,independent_repeat,loop0010_repeat,independent_repeat,gen_60,data/structures/reward_guided/independent_repeat/loop0010_repeat/generated/gen_60.cif,True,data/structures/reward_guided/independent_repeat/loop0010_repeat/relaxed/gen_60_relaxed.cif,True,True,17.34154151162048,0.0282543397125155,,False,False,,True,True,True,,
eval_loop0010_repeat02_20260730_gpu,independent_repeat,loop0010_repeat,independent_repeat,gen_63,data/structures/reward_guided/independent_repeat/loop0010_repeat/generated/gen_63.cif,True,data/structures/reward_guided/independent_repeat/loop0010_repeat/relaxed/gen_63_relaxed.cif,True,True,21.13686503273336,2.937731358390593e-05,,False,False,,True,True,True,,
eval_loop0010_repeat02_20260730_gpu,independent_repeat,loop0010_repeat,independent_repeat,gen_9,data/structures/reward_guided/independent_repeat/loop0010_repeat/generated/gen_9.cif,True,data/structures/reward_guided/independent_repeat/loop0010_repeat/relaxed/gen_9_relaxed.cif,True,True,17.315959685710407,0.029233837488726,,False,False,,True,True,True,,
eval_loop0015_repeat01_20260731_gpu,independent_repeat,loop0015_repeat,independent_repeat,gen_0,data/structures/reward_guided/independent_repeat/loop0015_repeat/generated/gen_0.cif,True,data/structures/reward_guided/independent_repeat/loop0015_repeat/relaxed/gen_0_relaxed.cif,True,True,22.00920953216688,3.6417929374499872e-06,,False,False,,True,True,True,,
eval_loop0015_repeat01_20260731_gpu,independent_repeat,loop0015_repeat,independent_repeat,gen_13,data/structures/reward_guided/independent_repeat/loop0015_repeat/generated/gen_13.cif,True,data/structures/reward_guided/independent_repeat/loop0015_repeat/relaxed/gen_13_relaxed.cif,True,True,15.848251589577524,0.1570595828412885,,False,False,,True,True,True,,
eval_loop0015_repeat01_20260731_gpu,independent_repeat,loop0015_repeat,independent_repeat,gen_14,data/structures/reward_guided/independent_repeat/loop0015_repeat/generated/gen_14.cif,True,data/structures/reward_guided/independent_repeat/loop0015_repeat/relaxed/gen_14_relaxed.cif,True,True,14.597765846160156,0.4301813461640904,,False,False,,True,True,True,,
eval_loop0015_repeat01_20260731_gpu,independent_repeat,loop0015_repeat,independent_repeat,gen_17,data/structures/reward_guided/independent_repeat/loop0015_repeat/generated/gen_17.cif,True,data/structures/reward_guided/independent_repeat/loop0015_repeat/relaxed/gen_17_relaxed.cif,True,True,3.0856670511148487,4.853785784205063e-05,,False,False,,True,True,True,,
eval_loop0015_repeat01_20260731_gpu,independent_repeat,loop0015_repeat,independent_repeat,gen_25,data/structures/reward_guided/independent_repeat/loop0015_repeat/generated/gen_25.cif,True,data/structures/reward_guided/independent_repeat/loop0015_repeat/relaxed/gen_25_relaxed.cif,True,True,16.480724748478874,0.0812997950002343,,False,False,,True,True,True,,
eval_loop0015_repeat01_20260731_gpu,independent_repeat,loop0015_repeat,independent_repeat,gen_26,data/structures/reward_guided/independent_repeat/loop0015_repeat/generated/gen_26.cif,True,data/structures/reward_guided/independent_repeat/loop0015_repeat/relaxed/gen_26_relaxed.cif,True,True,1.8734689180920023,2.7106313787876373e-06,,False,False,,True,True,True,,
eval_loop0015_repeat01_20260731_gpu,independent_repeat,loop0015_repeat,independent_repeat,gen_3,data/structures/reward_guided/independent_repeat/loop0015_repeat/generated/gen_3.cif,True,data/structures/reward_guided/independent_repeat/loop0015_repeat/relaxed/gen_3_relaxed.cif,True,True,20.22556648035941,0.0002123036513586,,False,False,,True,True,True,,
eval_loop0015_repeat01_20260731_gpu,independent_repeat,loop0015_repeat,independent_repeat,gen_33,data/structures/reward_guided/independent_repeat/loop0015_repeat/generated/gen_33.cif,True,data/structures/reward_guided/independent_repeat/loop0015_repeat/relaxed/gen_33_relaxed.cif,True,True,11.466885333698173,0.9650972496047888,,False,False,,True,True,True,,
eval_loop0015_repeat01_20260731_gpu,independent_repeat,loop0015_repeat,independent_repeat,gen_38,data/structures/reward_guided/independent_repeat/loop0015_repeat/generated/gen_38.cif,True,data/structures/reward_guided/independent_repeat/loop0015_repeat/relaxed/gen_38_relaxed.cif,True,True,11.475958381586636,0.9662550504587925,,False,False,,True,True,True,,
eval_loop0015_repeat01_20260731_gpu,independent_repeat,loop0015_repeat,independent_repeat,gen_4,data/structures/reward_guided/independent_repeat/loop0015_repeat/generated/gen_4.cif,True,data/structures/reward_guided/independent_repeat/loop0015_repeat/relaxed/gen_4_relaxed.cif,True,True,16.449916544006264,0.0841445053752255,,False,False,,True,True,True,,
eval_loop0015_repeat01_20260731_gpu,independent_repeat,loop0015_repeat,independent_repeat,gen_45,data/structures/reward_guided/independent_repeat/loop0015_repeat/generated/gen_45.cif,True,data/structures/reward_guided/independent_repeat/loop0015_repeat/relaxed/gen_45_relaxed.cif,True,True,31.88674071629936,3.3924928536291613e-22,,False,False,,True,True,True,,
eval_loop0015_repeat01_20260731_gpu,independent_repeat,loop0015_repeat,independent_repeat,gen_5,data/structures/reward_guided/independent_repeat/loop0015_repeat/generated/gen_5.cif,True,data/structures/reward_guided/independent_repeat/loop0015_repeat/relaxed/gen_5_relaxed.cif,True,True,13.684602713352463,0.7013587263121068,,False,False,,True,True,True,,
eval_loop0015_repeat01_20260731_gpu,independent_repeat,loop0015_repeat,independent_repeat,gen_50,data/structures/reward_guided/independent_repeat/loop0015_repeat/generated/gen_50.cif,True,data/structures/reward_guided/independent_repeat/loop0015_repeat/relaxed/gen_50_relaxed.cif,True,True,14.878604123551042,0.3549440127471913,,False,False,,True,True,True,,
eval_loop0015_repeat01_20260731_gpu,independent_repeat,loop0015_repeat,independent_repeat,gen_53,data/structures/reward_guided/independent_repeat/loop0015_repeat/generated/gen_53.cif,True,data/structures/reward_guided/independent_repeat/loop0015_repeat/relaxed/gen_53_relaxed.cif,True,True,11.16013581374279,0.9156038542116992,,False,False,,True,True,True,,
eval_loop0015_repeat01_20260731_gpu,independent_repeat,loop0015_repeat,independent_repeat,gen_59,data/structures/reward_guided/independent_repeat/loop0015_repeat/generated/gen_59.cif,True,data/structures/reward_guided/independent_repeat/loop0015_repeat/relaxed/gen_59_relaxed.cif,True,True,3.749050846932333,0.0002014901137989,,False,False,,True,True,True,,
eval_loop0015_repeat01_20260731_gpu,independent_repeat,loop0015_repeat,independent_repeat,gen_60,data/structures/reward_guided/independent_repeat/loop0015_repeat/generated/gen_60.cif,True,data/structures/reward_guided/independent_repeat/loop0015_repeat/relaxed/gen_60_relaxed.cif,True,True,14.216481738202145,0.5411282799022459,,False,False,,True,True,True,,
eval_loop0015_repeat01_20260731_gpu,independent_repeat,loop0015_repeat,independent_repeat,gen_9,data/structures/reward_guided/independent_repeat/loop0015_repeat/generated/gen_9.cif,True,data/structures/reward_guided/independent_repeat/loop0015_repeat/relaxed/gen_9_relaxed.cif,True,True,19.630483316963264,0.0006905415201902,,False,False,,True,True,True,,
